family,case,tier,fixture_bytes,fixture_files,fixture_profile,seed,sample_count,timer,elapsed_ns,status,verification,target_ns,target_status,preparation_wall_ns,command_wall_ns,create_ns,exec_ns,sdk_edit_ns,commit_ns,visibility_ns,end_ns,host_peak_rss_bytes,container_peak_bytes,host_cpu_ns,host_cpu_scope,container_cpu_ns,verification_wall_seconds,apply_ns,git_first_status_ns,git_diff_ns,git_add_ns,git_cached_check_ns,git_commit_ns,git_final_status_ns,previous_elapsed_ns,difference_ns,difference_percent,resource_status,cleanup_status,cleanup_wall_ns,source_identity,product_identity,harness_identity,input_identity,image,proof_evidence,evidence,comparison_eligibility,comparison_reason,historical_checkpoint
payload_create_read,payload-create-1m-compact-v2,1,0,0,compact-low-tier-v2,1,1,pure_call_sum_ns,45630085,PASS,PASS,15000000000,PASS,570964583,449626292,16867292,16366250,,9726167,73167,2597209,13697024,14950400,34275583,host process after-product minus before counters,25553000,2.0661106250045123,,,,,,,,28837459,16792626,58.23198916381641,PASS,PASS,373814000,3b4b7771ba61326b08af2ea18bffdc012e5417706fd050c7e03e80bbc32b2d1e,891067915b4152dd42e7510ef374a3d8a8827ead03a597051335c933d0485958,c2cb953968812a9e401ea362c4aa6cdeea9e03453fbdcaa651cfb01734914405,122de31ccfd88aac955041f739339cbdcd50f39cc0c176223db48df7b6c139cb,sha256:42eb806fcfe9db1dc28098eb423340de3e4eaf81fd487389128305e65606d347,verification/payload_create_read/payload-create-1m-compact-v2/verification.json,performance/payload_create_read/payload-create-1m-compact-v2/perf.jsonl,directly-comparable,"Identical family, fixture generator, schedule, operation and timer source at v0.1.3 and candidate; runtime recipe/content and timer validation required. Optional endurance unexecuted historically.",9f5a641d223606c45e5e6aa8a20094c12f9139a1
payload_create_read,payload-create-10m-compact-v2,10,0,0,compact-low-tier-v2,1,1,pure_call_sum_ns,94835585,PASS,PASS,15000000000,PASS,539148458,454353417,9535125,36482209,,46081625,82292,2654334,28082176,10080256,86589209,host process after-product minus before counters,32378000,2.2710442089883145,,,,,,,,91556041,3279544,3.582007221129188,PASS,PASS,378969042,3b4b7771ba61326b08af2ea18bffdc012e5417706fd050c7e03e80bbc32b2d1e,891067915b4152dd42e7510ef374a3d8a8827ead03a597051335c933d0485958,c2cb953968812a9e401ea362c4aa6cdeea9e03453fbdcaa651cfb01734914405,6d19b50e144bfdd7e34421591810378bcea312dff066da65fa2659e4e367c463,sha256:42eb806fcfe9db1dc28098eb423340de3e4eaf81fd487389128305e65606d347,verification/payload_create_read/payload-create-10m-compact-v2/verification.json,performance/payload_create_read/payload-create-10m-compact-v2/perf.jsonl,directly-comparable,"Identical family, fixture generator, schedule, operation and timer source at v0.1.3 and candidate; runtime recipe/content and timer validation required. Optional endurance unexecuted historically.",9f5a641d223606c45e5e6aa8a20094c12f9139a1
payload_create_read,payload-create-100m,100,0,0,registered-fixture,1,1,pure_call_sum_ns,606224249,PASS,PASS,15000000000,PASS,634647000,1079613166,8318583,246764958,,342203500,88250,8848958,55836672,12902400,549746917,host process after-product minus before counters,116647000,3.9080524159944616,,,,,,,,682771167,-76546918,-11.211211266629249,PASS,PASS,431780917,3b4b7771ba61326b08af2ea18bffdc012e5417706fd050c7e03e80bbc32b2d1e,891067915b4152dd42e7510ef374a3d8a8827ead03a597051335c933d0485958,c2cb953968812a9e401ea362c4aa6cdeea9e03453fbdcaa651cfb01734914405,1b65e0d0288d6ad832eabd7cd98089279963e4788b8d02d492309fb57dcfa817,sha256:42eb806fcfe9db1dc28098eb423340de3e4eaf81fd487389128305e65606d347,verification/payload_create_read/payload-create-100m/verification.json,performance/payload_create_read/payload-create-100m/perf.jsonl,directly-comparable,"Identical family, fixture generator, schedule, operation and timer source at v0.1.3 and candidate; runtime recipe/content and timer validation required. Optional endurance unexecuted historically.",9f5a641d223606c45e5e6aa8a20094c12f9139a1
payload_create_read,payload-create-500m,500,0,0,registered-fixture,1,1,pure_call_sum_ns,2758558875,PASS,PASS,15000000000,PASS,652015500,3490758042,8546625,1222249166,,1519110875,132417,8519792,58327040,12914688,2460162707,host process after-product minus before counters,465058000,10.621387791994493,,,,,,,,3068249542,-309690667,-10.093398948187637,PASS,PASS,412397375,3b4b7771ba61326b08af2ea18bffdc012e5417706fd050c7e03e80bbc32b2d1e,891067915b4152dd42e7510ef374a3d8a8827ead03a597051335c933d0485958,c2cb953968812a9e401ea362c4aa6cdeea9e03453fbdcaa651cfb01734914405,e1bb2a7f8900735b34665ead34d202ff78307224df90eb0a9c6aceab825ea147,sha256:42eb806fcfe9db1dc28098eb423340de3e4eaf81fd487389128305e65606d347,verification/payload_create_read/payload-create-500m/verification.json,performance/payload_create_read/payload-create-500m/perf.jsonl,directly-comparable,"Identical family, fixture generator, schedule, operation and timer source at v0.1.3 and candidate; runtime recipe/content and timer validation required. Optional endurance unexecuted historically.",9f5a641d223606c45e5e6aa8a20094c12f9139a1
payload_create_read,payload-random-read-1-compact-v2,1,1048576,1,compact-low-tier-v2,1,1,pure_call_sum_ns,14895957,PASS,PASS,15000000000,PASS,631345500,341237000,7654750,3410250,,1516625,72541,2241791,7929856,5419008,18885333,host process after-product minus before counters,18204000,2.1843634160031797,,,,,,,,14584500,311457,2.1355343001131337,PASS,PASS,375178083,3b4b7771ba61326b08af2ea18bffdc012e5417706fd050c7e03e80bbc32b2d1e,891067915b4152dd42e7510ef374a3d8a8827ead03a597051335c933d0485958,c2cb953968812a9e401ea362c4aa6cdeea9e03453fbdcaa651cfb01734914405,b8749fa6a44e35b3ff0c357469bcb83b3b9746d5454b125d554abb58615e9a6d,sha256:42eb806fcfe9db1dc28098eb423340de3e4eaf81fd487389128305e65606d347,verification/payload_create_read/payload-random-read-1-compact-v2/verification.json,performance/payload_create_read/payload-random-read-1-compact-v2/perf.jsonl,directly-comparable,"Identical family, fixture generator, schedule, operation and timer source at v0.1.3 and candidate; runtime recipe/content and timer validation required. Optional endurance unexecuted historically.",9f5a641d223606c45e5e6aa8a20094c12f9139a1
payload_create_read,payload-random-read-10-compact-v2,10,10485760,1,compact-low-tier-v2,1,1,pure_call_sum_ns,21713292,PASS,PASS,15000000000,PASS,789424792,424489375,8988167,8424875,,1728792,79875,2491583,9846784,5062656,27322667,host process after-product minus before counters,22265000,2.480012625004747,,,,,,,,17420292,4293000,24.643674170329636,PASS,PASS,386207459,3b4b7771ba61326b08af2ea18bffdc012e5417706fd050c7e03e80bbc32b2d1e,891067915b4152dd42e7510ef374a3d8a8827ead03a597051335c933d0485958,c2cb953968812a9e401ea362c4aa6cdeea9e03453fbdcaa651cfb01734914405,096c078769bc58b6d9a52a3e0055ab3a36b16ce3267852801cab45f55f5f7644,sha256:42eb806fcfe9db1dc28098eb423340de3e4eaf81fd487389128305e65606d347,verification/payload_create_read/payload-random-read-10-compact-v2/verification.json,performance/payload_create_read/payload-random-read-10-compact-v2/perf.jsonl,directly-comparable,"Identical family, fixture generator, schedule, operation and timer source at v0.1.3 and candidate; runtime recipe/content and timer validation required. Optional endurance unexecuted historically.",9f5a641d223606c45e5e6aa8a20094c12f9139a1
payload_create_read,payload-random-read-100,100,524288000,1,registered-fixture,1,1,pure_call_sum_ns,81285082,PASS,PASS,15000000000,PASS,8072931875,500548916,10753416,65586500,,2119750,95333,2730083,30965760,5664768,85007625,host process after-product minus before counters,32017000,16.458901249992778,,,,,,,,56396250,24888832,44.132069064875765,PASS,PASS,722520667,3b4b7771ba61326b08af2ea18bffdc012e5417706fd050c7e03e80bbc32b2d1e,891067915b4152dd42e7510ef374a3d8a8827ead03a597051335c933d0485958,c2cb953968812a9e401ea362c4aa6cdeea9e03453fbdcaa651cfb01734914405,9994d4b3e48213b33569221691096f9e9ac0a049bfbc7378b68c84a7b6eb1e37,sha256:42eb806fcfe9db1dc28098eb423340de3e4eaf81fd487389128305e65606d347,verification/payload_create_read/payload-random-read-100/verification.json,performance/payload_create_read/payload-random-read-100/perf.jsonl,directly-comparable,"Identical family, fixture generator, schedule, operation and timer source at v0.1.3 and candidate; runtime recipe/content and timer validation required. Optional endurance unexecuted historically.",9f5a641d223606c45e5e6aa8a20094c12f9139a1
payload_create_read,payload-random-read-500,500,524288000,1,registered-fixture,1,1,pure_call_sum_ns,249821001,PASS,PASS,15000000000,PASS,2296513375,675053750,9463292,235645292,,2184042,70375,2458000,45154304,12320768,148807000,host process after-product minus before counters,66812000,10.040636916004587,,,,,,,,219687084,30133917,13.71674494983055,PASS,PASS,731815875,3b4b7771ba61326b08af2ea18bffdc012e5417706fd050c7e03e80bbc32b2d1e,891067915b4152dd42e7510ef374a3d8a8827ead03a597051335c933d0485958,c2cb953968812a9e401ea362c4aa6cdeea9e03453fbdcaa651cfb01734914405,93ee0ebb0d5235b323a6233dc903ca3c8e5a6bd9ee8aad69e347d493d0625489,sha256:42eb806fcfe9db1dc28098eb423340de3e4eaf81fd487389128305e65606d347,verification/payload_create_read/payload-random-read-500/verification.json,performance/payload_create_read/payload-random-read-500/perf.jsonl,directly-comparable,"Identical family, fixture generator, schedule, operation and timer source at v0.1.3 and candidate; runtime recipe/content and timer validation required. Optional endurance unexecuted historically.",9f5a641d223606c45e5e6aa8a20094c12f9139a1
dedup_workspace_reuse,dedup-workspace-exact-1-compact-v2,1,1048576,1,compact-low-tier-v2,1,1,pure_call_sum_ns,35442499,PASS,PASS,15000000000,PASS,582954250,393782500,12246458,11752583,,8565625,83916,2793917,12926976,7540736,31457250,host process after-product minus before counters,24364000,2.8756942089967197,,,,,,,,31563458,3879041,12.289657869552823,PASS,PASS,366243250,3b4b7771ba61326b08af2ea18bffdc012e5417706fd050c7e03e80bbc32b2d1e,891067915b4152dd42e7510ef374a3d8a8827ead03a597051335c933d0485958,c2cb953968812a9e401ea362c4aa6cdeea9e03453fbdcaa651cfb01734914405,65150b245b3e748a593c6c419584b6eb21dd830bd72b85981124f6ef3676968a,sha256:42eb806fcfe9db1dc28098eb423340de3e4eaf81fd487389128305e65606d347,verification/dedup_workspace_reuse/dedup-workspace-exact-1-compact-v2/verification.json,performance/dedup_workspace_reuse/dedup-workspace-exact-1-compact-v2/perf.jsonl,directly-comparable,"Identical family, fixture generator, schedule, operation and timer source at v0.1.3 and candidate; runtime recipe/content and timer validation required. Optional endurance unexecuted historically.",9f5a641d223606c45e5e6aa8a20094c12f9139a1
dedup_workspace_reuse,dedup-workspace-exact-10-compact-v2,10,10485760,10,compact-low-tier-v2,1,1,pure_call_sum_ns,91428625,PASS,PASS,15000000000,PASS,735343666,501599584,8605125,47912417,,32024958,66250,2819875,26869760,11587584,84768750,host process after-product minus before counters,35486000,2.4923743330000434,,,,,,,,109324875,-17896250,-16.369787754159336,PASS,PASS,378529958,3b4b7771ba61326b08af2ea18bffdc012e5417706fd050c7e03e80bbc32b2d1e,891067915b4152dd42e7510ef374a3d8a8827ead03a597051335c933d0485958,c2cb953968812a9e401ea362c4aa6cdeea9e03453fbdcaa651cfb01734914405,bcac210f7416841d85b585d06a3fca8c42abd5bc099501f5dd1ee9b0ef22bb85,sha256:42eb806fcfe9db1dc28098eb423340de3e4eaf81fd487389128305e65606d347,verification/dedup_workspace_reuse/dedup-workspace-exact-10-compact-v2/verification.json,performance/dedup_workspace_reuse/dedup-workspace-exact-10-compact-v2/perf.jsonl,directly-comparable,"Identical family, fixture generator, schedule, operation and timer source at v0.1.3 and candidate; runtime recipe/content and timer validation required. Optional endurance unexecuted historically.",9f5a641d223606c45e5e6aa8a20094c12f9139a1
dedup_workspace_reuse,dedup-workspace-exact-100,100,134217728,128,registered-fixture,1,1,pure_call_sum_ns,663691000,PASS,PASS,15000000000,PASS,2512003708,1087914708,9474417,389225500,,261581875,76541,3332667,57360384,12845056,564819167,host process after-product minus before counters,146067000,8.444085499999346,,,,,,,,840527750,-176836750,-21.0387759357142,PASS,PASS,468474541,3b4b7771ba61326b08af2ea18bffdc012e5417706fd050c7e03e80bbc32b2d1e,891067915b4152dd42e7510ef374a3d8a8827ead03a597051335c933d0485958,c2cb953968812a9e401ea362c4aa6cdeea9e03453fbdcaa651cfb01734914405,e4de7e36eb60596dd3aac923c4170d696a137c7294635620acdbf027f13dd63c,sha256:42eb806fcfe9db1dc28098eb423340de3e4eaf81fd487389128305e65606d347,verification/dedup_workspace_reuse/dedup-workspace-exact-100/verification.json,performance/dedup_workspace_reuse/dedup-workspace-exact-100/perf.jsonl,directly-comparable,"Identical family, fixture generator, schedule, operation and timer source at v0.1.3 and candidate; runtime recipe/content and timer validation required. Optional endurance unexecuted historically.",9f5a641d223606c45e5e6aa8a20094c12f9139a1
dedup_workspace_reuse,dedup-workspace-exact-500,500,134217728,128,registered-fixture,1,1,pure_call_sum_ns,3928646626,PASS,PASS,15000000000,PASS,937266625,4321825250,9587958,2396725584,,1510914250,109542,11309292,58556416,13815808,2849792999,host process after-product minus before counters,687721000,16.583594708004966,,,,,,,,4296598375,-367951749,-8.563792025360062,PASS,PASS,524889333,3b4b7771ba61326b08af2ea18bffdc012e5417706fd050c7e03e80bbc32b2d1e,891067915b4152dd42e7510ef374a3d8a8827ead03a597051335c933d0485958,c2cb953968812a9e401ea362c4aa6cdeea9e03453fbdcaa651cfb01734914405,d0d526fbc7c1da1fea047f90e020d23c89601ed944c471b9eecc103997a4cb32,sha256:42eb806fcfe9db1dc28098eb423340de3e4eaf81fd487389128305e65606d347,verification/dedup_workspace_reuse/dedup-workspace-exact-500/verification.json,performance/dedup_workspace_reuse/dedup-workspace-exact-500/perf.jsonl,directly-comparable,"Identical family, fixture generator, schedule, operation and timer source at v0.1.3 and candidate; runtime recipe/content and timer validation required. Optional endurance unexecuted historically.",9f5a641d223606c45e5e6aa8a20094c12f9139a1
dedup_workspace_reuse,dedup-workspace-local-1-compact-v2,1,1048576,1,compact-low-tier-v2,1,1,pure_call_sum_ns,34221333,PASS,PASS,15000000000,PASS,597807500,421165833,9516375,12647833,,8978125,70459,3008541,12517376,7446528,34577541,host process after-product minus before counters,24383000,1.964981249999255,,,,,,,,30610293,3611040,11.796816188593818,PASS,PASS,369939250,3b4b7771ba61326b08af2ea18bffdc012e5417706fd050c7e03e80bbc32b2d1e,891067915b4152dd42e7510ef374a3d8a8827ead03a597051335c933d0485958,c2cb953968812a9e401ea362c4aa6cdeea9e03453fbdcaa651cfb01734914405,03ca4e7d39823d7e12346719fb7cb8816079dce9e6ca0ea57b2de69a9136330f,sha256:42eb806fcfe9db1dc28098eb423340de3e4eaf81fd487389128305e65606d347,verification/dedup_workspace_reuse/dedup-workspace-local-1-compact-v2/verification.json,performance/dedup_workspace_reuse/dedup-workspace-local-1-compact-v2/perf.jsonl,directly-comparable,"Identical family, fixture generator, schedule, operation and timer source at v0.1.3 and candidate; runtime recipe/content and timer validation required. Optional endurance unexecuted historically.",9f5a641d223606c45e5e6aa8a20094c12f9139a1
dedup_workspace_reuse,dedup-workspace-local-10-compact-v2,10,10485760,10,compact-low-tier-v2,1,1,pure_call_sum_ns,98344584,PASS,PASS,15000000000,PASS,637754208,499586750,8455125,52595167,,34154917,74125,3065250,27262976,12427264,89503542,host process after-product minus before counters,37635000,2.466854209007579,,,,,,,,103153458,-4808874,-4.661864074396808,PASS,PASS,400185458,3b4b7771ba61326b08af2ea18bffdc012e5417706fd050c7e03e80bbc32b2d1e,891067915b4152dd42e7510ef374a3d8a8827ead03a597051335c933d0485958,c2cb953968812a9e401ea362c4aa6cdeea9e03453fbdcaa651cfb01734914405,e01c1c4153f47b9e496869276e3eb28e7a085249cad122d0f29f4ee7fa367526,sha256:42eb806fcfe9db1dc28098eb423340de3e4eaf81fd487389128305e65606d347,verification/dedup_workspace_reuse/dedup-workspace-local-10-compact-v2/verification.json,performance/dedup_workspace_reuse/dedup-workspace-local-10-compact-v2/perf.jsonl,directly-comparable,"Identical family, fixture generator, schedule, operation and timer source at v0.1.3 and candidate; runtime recipe/content and timer validation required. Optional endurance unexecuted historically.",9f5a641d223606c45e5e6aa8a20094c12f9139a1
dedup_workspace_reuse,dedup-workspace-local-100,100,134217728,128,registered-fixture,1,1,pure_call_sum_ns,694966042,PASS,PASS,15000000000,PASS,1019782625,1100747000,10386167,418173666,,257549709,83125,8773375,60817408,13234176,565000207,host process after-product minus before counters,156333000,6.975492667013896,,,,,,,,808387126,-113421084,-14.030540610069043,PASS,PASS,466823584,3b4b7771ba61326b08af2ea18bffdc012e5417706fd050c7e03e80bbc32b2d1e,891067915b4152dd42e7510ef374a3d8a8827ead03a597051335c933d0485958,c2cb953968812a9e401ea362c4aa6cdeea9e03453fbdcaa651cfb01734914405,222ef23cc41e0191fcce21261f98de833ce4f34d8b2b304fa4f5490608eeff8d,sha256:42eb806fcfe9db1dc28098eb423340de3e4eaf81fd487389128305e65606d347,verification/dedup_workspace_reuse/dedup-workspace-local-100/verification.json,performance/dedup_workspace_reuse/dedup-workspace-local-100/perf.jsonl,directly-comparable,"Identical family, fixture generator, schedule, operation and timer source at v0.1.3 and candidate; runtime recipe/content and timer validation required. Optional endurance unexecuted historically.",9f5a641d223606c45e5e6aa8a20094c12f9139a1
dedup_workspace_reuse,dedup-workspace-local-500,500,134217728,128,registered-fixture,1,1,pure_call_sum_ns,3699742623,PASS,PASS,15000000000,PASS,1005876166,4155231833,10824958,2462359916,,1217622375,93541,8841833,62636032,13664256,2822428459,host process after-product minus before counters,701015000,16.870509791988297,,,,,,,,4307360416,-607617793,-14.106499905207839,PASS,PASS,518099959,3b4b7771ba61326b08af2ea18bffdc012e5417706fd050c7e03e80bbc32b2d1e,891067915b4152dd42e7510ef374a3d8a8827ead03a597051335c933d0485958,c2cb953968812a9e401ea362c4aa6cdeea9e03453fbdcaa651cfb01734914405,b23006d4da157608a8b4152e2665331785bc2f0f9c52d7cbec08abe5d68a73ee,sha256:42eb806fcfe9db1dc28098eb423340de3e4eaf81fd487389128305e65606d347,verification/dedup_workspace_reuse/dedup-workspace-local-500/verification.json,performance/dedup_workspace_reuse/dedup-workspace-local-500/perf.jsonl,directly-comparable,"Identical family, fixture generator, schedule, operation and timer source at v0.1.3 and candidate; runtime recipe/content and timer validation required. Optional endurance unexecuted historically.",9f5a641d223606c45e5e6aa8a20094c12f9139a1
dedup_workspace_reuse,dedup-workspace-unique-1-compact-v2,1,1048576,1,compact-low-tier-v2,1,1,pure_call_sum_ns,33818291,PASS,PASS,15000000000,PASS,643431750,392125750,10201042,10871291,,9651250,84125,3010583,13828096,7520256,32108459,host process after-product minus before counters,22658000,1.91426591698837,,,,,,,,27475043,6343248,23.087308725959044,PASS,PASS,366594791,3b4b7771ba61326b08af2ea18bffdc012e5417706fd050c7e03e80bbc32b2d1e,891067915b4152dd42e7510ef374a3d8a8827ead03a597051335c933d0485958,c2cb953968812a9e401ea362c4aa6cdeea9e03453fbdcaa651cfb01734914405,302fe3bd6505a4ccc879e3b1938d1de785802438cd8baa355f8d431a5dd91466,sha256:42eb806fcfe9db1dc28098eb423340de3e4eaf81fd487389128305e65606d347,verification/dedup_workspace_reuse/dedup-workspace-unique-1-compact-v2/verification.json,performance/dedup_workspace_reuse/dedup-workspace-unique-1-compact-v2/perf.jsonl,directly-comparable,"Identical family, fixture generator, schedule, operation and timer source at v0.1.3 and candidate; runtime recipe/content and timer validation required. Optional endurance unexecuted historically.",9f5a641d223606c45e5e6aa8a20094c12f9139a1
dedup_workspace_reuse,dedup-workspace-unique-10-compact-v2,10,10485760,10,compact-low-tier-v2,1,1,pure_call_sum_ns,104696999,PASS,PASS,15000000000,PASS,676723208,516242083,9298542,51003583,,41147916,71625,3175333,33849344,10649600,93502416,host process after-product minus before counters,36119000,2.324615375007852,,,,,,,,95669332,9027667,9.43632281241391,PASS,PASS,372607208,3b4b7771ba61326b08af2ea18bffdc012e5417706fd050c7e03e80bbc32b2d1e,891067915b4152dd42e7510ef374a3d8a8827ead03a597051335c933d0485958,c2cb953968812a9e401ea362c4aa6cdeea9e03453fbdcaa651cfb01734914405,a9b96f7288610be5e5bbddef24fe8d43d1d59ae3c7224c462e6c33b3dc12216a,sha256:42eb806fcfe9db1dc28098eb423340de3e4eaf81fd487389128305e65606d347,verification/dedup_workspace_reuse/dedup-workspace-unique-10-compact-v2/verification.json,performance/dedup_workspace_reuse/dedup-workspace-unique-10-compact-v2/perf.jsonl,directly-comparable,"Identical family, fixture generator, schedule, operation and timer source at v0.1.3 and candidate; runtime recipe/content and timer validation required. Optional endurance unexecuted historically.",9f5a641d223606c45e5e6aa8a20094c12f9139a1
dedup_workspace_reuse,dedup-workspace-unique-100,100,134217728,128,registered-fixture,1,1,pure_call_sum_ns,772098708,PASS,PASS,15000000000,PASS,915805667,1194633417,9651250,421707458,,331809250,94750,8836000,60817408,12767232,571271166,host process after-product minus before counters,168489000,6.895459208011744,,,,,,,,768004167,4094541,0.5331404666714523,PASS,PASS,460597875,3b4b7771ba61326b08af2ea18bffdc012e5417706fd050c7e03e80bbc32b2d1e,891067915b4152dd42e7510ef374a3d8a8827ead03a597051335c933d0485958,c2cb953968812a9e401ea362c4aa6cdeea9e03453fbdcaa651cfb01734914405,07b90a8b5477180553860f45529a8d1b581747cb8a03a694ae499a4215f0b1a9,sha256:42eb806fcfe9db1dc28098eb423340de3e4eaf81fd487389128305e65606d347,verification/dedup_workspace_reuse/dedup-workspace-unique-100/verification.json,performance/dedup_workspace_reuse/dedup-workspace-unique-100/perf.jsonl,directly-comparable,"Identical family, fixture generator, schedule, operation and timer source at v0.1.3 and candidate; runtime recipe/content and timer validation required. Optional endurance unexecuted historically.",9f5a641d223606c45e5e6aa8a20094c12f9139a1
dedup_workspace_reuse,dedup-workspace-unique-500,500,134217728,128,registered-fixture,1,1,pure_call_sum_ns,3772128208,PASS,PASS,15000000000,PASS,983000333,4254131666,8993584,2387209541,,1364341542,93500,11490041,64667648,13488128,2936226792,host process after-product minus before counters,688283000,16.97904458300036,,,,,,,,4319934208,-547806000,-12.680887569665506,PASS,PASS,518799625,3b4b7771ba61326b08af2ea18bffdc012e5417706fd050c7e03e80bbc32b2d1e,891067915b4152dd42e7510ef374a3d8a8827ead03a597051335c933d0485958,c2cb953968812a9e401ea362c4aa6cdeea9e03453fbdcaa651cfb01734914405,58a526a8b9ee452ae80c540c467548591fad4689565531dcb90b6ecaa960c44b,sha256:42eb806fcfe9db1dc28098eb423340de3e4eaf81fd487389128305e65606d347,verification/dedup_workspace_reuse/dedup-workspace-unique-500/verification.json,performance/dedup_workspace_reuse/dedup-workspace-unique-500/perf.jsonl,directly-comparable,"Identical family, fixture generator, schedule, operation and timer source at v0.1.3 and candidate; runtime recipe/content and timer validation required. Optional endurance unexecuted historically.",9f5a641d223606c45e5e6aa8a20094c12f9139a1
dedup_workspace_reuse,dedup-workspace-unique-1-base128-v3,1,134217728,128,registered-fixture,1,1,pure_call_sum_ns,37367291,PASS,PASS,15000000000,PASS,994551167,453181041,9977500,13472416,,11077792,83208,2756375,18087936,7569408,51377749,host process after-product minus before counters,25940000,4.60807516699424,,,,,,,,33382084,3985207,11.938161200481073,PASS,PASS,471843542,3b4b7771ba61326b08af2ea18bffdc012e5417706fd050c7e03e80bbc32b2d1e,891067915b4152dd42e7510ef374a3d8a8827ead03a597051335c933d0485958,c2cb953968812a9e401ea362c4aa6cdeea9e03453fbdcaa651cfb01734914405,1369eb380f29cb39f52b9e878195a7c44a9453c3b7020a7736b7969cccbc7437,sha256:42eb806fcfe9db1dc28098eb423340de3e4eaf81fd487389128305e65606d347,verification/dedup_workspace_reuse/dedup-workspace-unique-1-base128-v3/verification.json,performance/dedup_workspace_reuse/dedup-workspace-unique-1-base128-v3/perf.jsonl,directly-comparable,"Identical family, fixture generator, schedule, operation and timer source at v0.1.3 and candidate; runtime recipe/content and timer validation required. Optional endurance unexecuted historically.",9f5a641d223606c45e5e6aa8a20094c12f9139a1
dedup_workspace_reuse,dedup-workspace-unique-10-base128-v3,10,134217728,128,registered-fixture,1,1,pure_call_sum_ns,107518667,PASS,PASS,15000000000,PASS,1009310584,489177458,10029500,50011458,,44238792,76250,3162667,36569088,10567680,112115458,host process after-product minus before counters,35626000,4.692411832991638,,,,,,,,103006542,4512125,4.380425662672959,PASS,PASS,443779375,3b4b7771ba61326b08af2ea18bffdc012e5417706fd050c7e03e80bbc32b2d1e,891067915b4152dd42e7510ef374a3d8a8827ead03a597051335c933d0485958,c2cb953968812a9e401ea362c4aa6cdeea9e03453fbdcaa651cfb01734914405,b5583489949ed3f489e3033285a7b9e5fa44b3032e90ea98c82a3aa5f4118e5f,sha256:42eb806fcfe9db1dc28098eb423340de3e4eaf81fd487389128305e65606d347,verification/dedup_workspace_reuse/dedup-workspace-unique-10-base128-v3/verification.json,performance/dedup_workspace_reuse/dedup-workspace-unique-10-base128-v3/perf.jsonl,directly-comparable,"Identical family, fixture generator, schedule, operation and timer source at v0.1.3 and candidate; runtime recipe/content and timer validation required. Optional endurance unexecuted historically.",9f5a641d223606c45e5e6aa8a20094c12f9139a1
dedup_cross_file,dedup-cross-file-anchor-1,1,1048576,1,registered-fixture,1,1,pure_call_sum_ns,6356000,PASS,PASS,15000000000,PASS,527413000,345329208,,,,,,,14843904,5918720,,unavailable: no host CPU counter in this route receipt,13864000,1.7911808750068303,,,,,,,,3808291,2547709,66.89901060606975,PASS,PASS,356798125,3b4b7771ba61326b08af2ea18bffdc012e5417706fd050c7e03e80bbc32b2d1e,891067915b4152dd42e7510ef374a3d8a8827ead03a597051335c933d0485958,c2cb953968812a9e401ea362c4aa6cdeea9e03453fbdcaa651cfb01734914405,08a6ae7b868af20c2b50ae1bbf751ffa02ac1637cf96c3534f592be9c9341025,sha256:42eb806fcfe9db1dc28098eb423340de3e4eaf81fd487389128305e65606d347,verification/dedup_cross_file/dedup-cross-file-anchor-1/verification.json,performance/dedup_cross_file/dedup-cross-file-anchor-1/perf.jsonl,directly-comparable,"Identical family, fixture generator, schedule, operation and timer source at v0.1.3 and candidate; runtime recipe/content and timer validation required. Optional endurance unexecuted historically.",9f5a641d223606c45e5e6aa8a20094c12f9139a1
dedup_cross_file,dedup-cross-file-unique-10,10,10485760,10,registered-fixture,1,1,pure_call_sum_ns,33418125,PASS,PASS,15000000000,PASS,710846625,396314875,,,,,,,31162368,5681152,,unavailable: no host CPU counter in this route receipt,13500000,2.3687785410002107,,,,,,,,22389542,11028583,49.257742744358055,PASS,PASS,350521625,3b4b7771ba61326b08af2ea18bffdc012e5417706fd050c7e03e80bbc32b2d1e,891067915b4152dd42e7510ef374a3d8a8827ead03a597051335c933d0485958,c2cb953968812a9e401ea362c4aa6cdeea9e03453fbdcaa651cfb01734914405,64ec08977d5a3eee46ef3fabf72238c40d60e9a20e1b5bd1b72be8b47acdf56c,sha256:42eb806fcfe9db1dc28098eb423340de3e4eaf81fd487389128305e65606d347,verification/dedup_cross_file/dedup-cross-file-unique-10/verification.json,performance/dedup_cross_file/dedup-cross-file-unique-10/perf.jsonl,directly-comparable,"Identical family, fixture generator, schedule, operation and timer source at v0.1.3 and candidate; runtime recipe/content and timer validation required. Optional endurance unexecuted historically.",9f5a641d223606c45e5e6aa8a20094c12f9139a1
dedup_cross_file,dedup-cross-file-unique-100,100,104857600,100,registered-fixture,1,1,pure_call_sum_ns,283365458,PASS,PASS,15000000000,PASS,1562206542,630075000,,,,,,,63062016,5689344,,unavailable: no host CPU counter in this route receipt,16107000,4.690569708996918,,,,,,,,93266750,190098708,203.82259272463122,PASS,PASS,359520250,3b4b7771ba61326b08af2ea18bffdc012e5417706fd050c7e03e80bbc32b2d1e,891067915b4152dd42e7510ef374a3d8a8827ead03a597051335c933d0485958,c2cb953968812a9e401ea362c4aa6cdeea9e03453fbdcaa651cfb01734914405,4ce2bc5af7a2c78061ee6f7006106fc9be76a97c89cca966074e249f1d3faaab,sha256:42eb806fcfe9db1dc28098eb423340de3e4eaf81fd487389128305e65606d347,verification/dedup_cross_file/dedup-cross-file-unique-100/verification.json,performance/dedup_cross_file/dedup-cross-file-unique-100/perf.jsonl,directly-comparable,"Identical family, fixture generator, schedule, operation and timer source at v0.1.3 and candidate; runtime recipe/content and timer validation required. Optional endurance unexecuted historically.",9f5a641d223606c45e5e6aa8a20094c12f9139a1
dedup_cross_file,dedup-cross-file-unique-500,500,524288000,500,registered-fixture,1,1,pure_call_sum_ns,1221996333,PASS,PASS,15000000000,PASS,5292276958,1623111500,,,,,,,63455232,5668864,,unavailable: no host CPU counter in this route receipt,15033000,16.084914292005124,,,,,,,,444949333,777047000,174.63718728622075,PASS,PASS,391415708,3b4b7771ba61326b08af2ea18bffdc012e5417706fd050c7e03e80bbc32b2d1e,891067915b4152dd42e7510ef374a3d8a8827ead03a597051335c933d0485958,c2cb953968812a9e401ea362c4aa6cdeea9e03453fbdcaa651cfb01734914405,29afe858b0599a6c53cbfee9e58ba65f7e125e640837b861997700fb810f4b2c,sha256:42eb806fcfe9db1dc28098eb423340de3e4eaf81fd487389128305e65606d347,verification/dedup_cross_file/dedup-cross-file-unique-500/verification.json,performance/dedup_cross_file/dedup-cross-file-unique-500/perf.jsonl,directly-comparable,"Identical family, fixture generator, schedule, operation and timer source at v0.1.3 and candidate; runtime recipe/content and timer validation required. Optional endurance unexecuted historically.",9f5a641d223606c45e5e6aa8a20094c12f9139a1
dedup_cross_file,dedup-cross-file-identical-10,10,10485760,10,registered-fixture,1,1,pure_call_sum_ns,18011625,PASS,PASS,15000000000,PASS,744903917,407940167,,,,,,,18579456,5627904,,unavailable: no host CPU counter in this route receipt,14171000,2.1718290410062764,,,,,,,,18395375,-383750,-2.0861221910398675,PASS,PASS,318879167,3b4b7771ba61326b08af2ea18bffdc012e5417706fd050c7e03e80bbc32b2d1e,891067915b4152dd42e7510ef374a3d8a8827ead03a597051335c933d0485958,c2cb953968812a9e401ea362c4aa6cdeea9e03453fbdcaa651cfb01734914405,6fa339e4e4e7497294c2c3b69f01c8c2a84a5c1732f26106438bc10caa9c72e0,sha256:42eb806fcfe9db1dc28098eb423340de3e4eaf81fd487389128305e65606d347,verification/dedup_cross_file/dedup-cross-file-identical-10/verification.json,performance/dedup_cross_file/dedup-cross-file-identical-10/perf.jsonl,directly-comparable,"Identical family, fixture generator, schedule, operation and timer source at v0.1.3 and candidate; runtime recipe/content and timer validation required. Optional endurance unexecuted historically.",9f5a641d223606c45e5e6aa8a20094c12f9139a1
dedup_cross_file,dedup-cross-file-identical-100,100,104857600,100,registered-fixture,1,1,pure_call_sum_ns,36682750,PASS,PASS,15000000000,PASS,1531003000,408814208,,,,,,,22085632,5931008,,unavailable: no host CPU counter in this route receipt,14290000,3.725331791007193,,,,,,,,28959584,7723166,26.668773971338815,PASS,PASS,313360542,3b4b7771ba61326b08af2ea18bffdc012e5417706fd050c7e03e80bbc32b2d1e,891067915b4152dd42e7510ef374a3d8a8827ead03a597051335c933d0485958,c2cb953968812a9e401ea362c4aa6cdeea9e03453fbdcaa651cfb01734914405,622c6b318720d46aa67cc95f5b1c2692b64f858de44d9e815d47f28cd2b042c8,sha256:42eb806fcfe9db1dc28098eb423340de3e4eaf81fd487389128305e65606d347,verification/dedup_cross_file/dedup-cross-file-identical-100/verification.json,performance/dedup_cross_file/dedup-cross-file-identical-100/perf.jsonl,directly-comparable,"Identical family, fixture generator, schedule, operation and timer source at v0.1.3 and candidate; runtime recipe/content and timer validation required. Optional endurance unexecuted historically.",9f5a641d223606c45e5e6aa8a20094c12f9139a1
dedup_cross_file,dedup-cross-file-identical-500,500,524288000,500,registered-fixture,1,1,pure_call_sum_ns,117390292,PASS,PASS,15000000000,PASS,5475357375,524359083,,,,,,,24166400,5918720,,unavailable: no host CPU counter in this route receipt,16008000,10.972235833003651,,,,,,,,110630125,6760167,6.110602333677197,PASS,PASS,358433042,3b4b7771ba61326b08af2ea18bffdc012e5417706fd050c7e03e80bbc32b2d1e,891067915b4152dd42e7510ef374a3d8a8827ead03a597051335c933d0485958,c2cb953968812a9e401ea362c4aa6cdeea9e03453fbdcaa651cfb01734914405,70b9ec039b9a59b94a63b27d3eca4c64eb4c1e467dd5ed7d05b634d622cc2865,sha256:42eb806fcfe9db1dc28098eb423340de3e4eaf81fd487389128305e65606d347,verification/dedup_cross_file/dedup-cross-file-identical-500/verification.json,performance/dedup_cross_file/dedup-cross-file-identical-500/perf.jsonl,directly-comparable,"Identical family, fixture generator, schedule, operation and timer source at v0.1.3 and candidate; runtime recipe/content and timer validation required. Optional endurance unexecuted historically.",9f5a641d223606c45e5e6aa8a20094c12f9139a1
dedup_cross_file,dedup-cross-file-mixed-10,10,10485760,10,registered-fixture,1,1,pure_call_sum_ns,29416417,PASS,PASS,15000000000,PASS,733899750,403459500,,,,,,,30769152,5926912,,unavailable: no host CPU counter in this route receipt,14310000,2.225937832990894,,,,,,,,24046375,5370042,22.33202301802247,PASS,PASS,370679250,3b4b7771ba61326b08af2ea18bffdc012e5417706fd050c7e03e80bbc32b2d1e,891067915b4152dd42e7510ef374a3d8a8827ead03a597051335c933d0485958,c2cb953968812a9e401ea362c4aa6cdeea9e03453fbdcaa651cfb01734914405,572a0caa24fce2d569b1d4204107224c1769992232fd43276560b195680eb6ed,sha256:42eb806fcfe9db1dc28098eb423340de3e4eaf81fd487389128305e65606d347,verification/dedup_cross_file/dedup-cross-file-mixed-10/verification.json,performance/dedup_cross_file/dedup-cross-file-mixed-10/perf.jsonl,directly-comparable,"Identical family, fixture generator, schedule, operation and timer source at v0.1.3 and candidate; runtime recipe/content and timer validation required. Optional endurance unexecuted historically.",9f5a641d223606c45e5e6aa8a20094c12f9139a1
dedup_cross_file,dedup-cross-file-mixed-100,100,104857600,100,registered-fixture,1,1,pure_call_sum_ns,259897792,PASS,PASS,15000000000,PASS,1521061291,635969958,,,,,,,61702144,5660672,,unavailable: no host CPU counter in this route receipt,19947000,4.624195999989752,,,,,,,,113943625,145954167,128.09331544436998,PASS,PASS,365620834,3b4b7771ba61326b08af2ea18bffdc012e5417706fd050c7e03e80bbc32b2d1e,891067915b4152dd42e7510ef374a3d8a8827ead03a597051335c933d0485958,c2cb953968812a9e401ea362c4aa6cdeea9e03453fbdcaa651cfb01734914405,ce7f8cc31cb13af79a24099c6edefc76c14a0534bf784dd3c8530cef6a28b78c,sha256:42eb806fcfe9db1dc28098eb423340de3e4eaf81fd487389128305e65606d347,verification/dedup_cross_file/dedup-cross-file-mixed-100/verification.json,performance/dedup_cross_file/dedup-cross-file-mixed-100/perf.jsonl,directly-comparable,"Identical family, fixture generator, schedule, operation and timer source at v0.1.3 and candidate; runtime recipe/content and timer validation required. Optional endurance unexecuted historically.",9f5a641d223606c45e5e6aa8a20094c12f9139a1
dedup_cross_file,dedup-cross-file-mixed-500,500,524288000,500,registered-fixture,1,1,pure_call_sum_ns,1148376916,PASS,PASS,15000000000,PASS,5446399041,1565461750,,,,,,,66404352,5677056,,unavailable: no host CPU counter in this route receipt,15357000,15.363397541004815,,,,,,,,541992375,606384541,111.88064057174236,PASS,PASS,359680250,3b4b7771ba61326b08af2ea18bffdc012e5417706fd050c7e03e80bbc32b2d1e,891067915b4152dd42e7510ef374a3d8a8827ead03a597051335c933d0485958,c2cb953968812a9e401ea362c4aa6cdeea9e03453fbdcaa651cfb01734914405,0a7a5ee6becb67fc849b332385ce510108b29504432bd257fdfe1de090f50f4b,sha256:42eb806fcfe9db1dc28098eb423340de3e4eaf81fd487389128305e65606d347,verification/dedup_cross_file/dedup-cross-file-mixed-500/verification.json,performance/dedup_cross_file/dedup-cross-file-mixed-500/perf.jsonl,directly-comparable,"Identical family, fixture generator, schedule, operation and timer source at v0.1.3 and candidate; runtime recipe/content and timer validation required. Optional endurance unexecuted historically.",9f5a641d223606c45e5e6aa8a20094c12f9139a1
dedup_cdc_locality,dedup-cdc-overwrite-1,1,2097152,2,registered-fixture,1,1,pure_call_sum_ns,6975625,PASS,PASS,15000000000,PASS,580638417,406427959,,,,,,,15450112,5660672,,unavailable: no host CPU counter in this route receipt,15613000,2.1046082499960903,,,,,,,,4002292,2973333,74.29075639658475,PASS,PASS,374714417,3b4b7771ba61326b08af2ea18bffdc012e5417706fd050c7e03e80bbc32b2d1e,891067915b4152dd42e7510ef374a3d8a8827ead03a597051335c933d0485958,c2cb953968812a9e401ea362c4aa6cdeea9e03453fbdcaa651cfb01734914405,a1249cc353d1cafe7ef08decd59b6033f728c5786bbcd06febdfbd3cb9c4467b,sha256:42eb806fcfe9db1dc28098eb423340de3e4eaf81fd487389128305e65606d347,verification/dedup_cdc_locality/dedup-cdc-overwrite-1/verification.json,performance/dedup_cdc_locality/dedup-cdc-overwrite-1/perf.jsonl,directly-comparable,"Identical family, fixture generator, schedule, operation and timer source at v0.1.3 and candidate; runtime recipe/content and timer validation required. Optional endurance unexecuted historically.",9f5a641d223606c45e5e6aa8a20094c12f9139a1
dedup_cdc_locality,dedup-cdc-overwrite-10,10,11534336,11,registered-fixture,1,1,pure_call_sum_ns,17761208,PASS,PASS,15000000000,PASS,812472083,417550042,,,,,,,19513344,5394432,,unavailable: no host CPU counter in this route receipt,14808000,2.37502691699774,,,,,,,,20448459,-2687251,-13.141581964684967,PASS,PASS,370151041,3b4b7771ba61326b08af2ea18bffdc012e5417706fd050c7e03e80bbc32b2d1e,891067915b4152dd42e7510ef374a3d8a8827ead03a597051335c933d0485958,c2cb953968812a9e401ea362c4aa6cdeea9e03453fbdcaa651cfb01734914405,9fbb643cf0d1624995c2fc732ad0f591aae4e06162f70b21117d5a52eae3848e,sha256:42eb806fcfe9db1dc28098eb423340de3e4eaf81fd487389128305e65606d347,verification/dedup_cdc_locality/dedup-cdc-overwrite-10/verification.json,performance/dedup_cdc_locality/dedup-cdc-overwrite-10/perf.jsonl,directly-comparable,"Identical family, fixture generator, schedule, operation and timer source at v0.1.3 and candidate; runtime recipe/content and timer validation required. Optional endurance unexecuted historically.",9f5a641d223606c45e5e6aa8a20094c12f9139a1
dedup_cdc_locality,dedup-cdc-overwrite-100,100,105906176,101,registered-fixture,1,1,pure_call_sum_ns,42643042,PASS,PASS,15000000000,PASS,2019335791,401632500,,,,,,,29163520,5656576,,unavailable: no host CPU counter in this route receipt,14856000,5.372537167000701,,,,,,,,30952625,11690417,37.768741746459305,PASS,PASS,363618167,3b4b7771ba61326b08af2ea18bffdc012e5417706fd050c7e03e80bbc32b2d1e,891067915b4152dd42e7510ef374a3d8a8827ead03a597051335c933d0485958,c2cb953968812a9e401ea362c4aa6cdeea9e03453fbdcaa651cfb01734914405,c569687c223c8b647df2e38e33ae04a0f33e05dabfbd49740425f4466ec30602,sha256:42eb806fcfe9db1dc28098eb423340de3e4eaf81fd487389128305e65606d347,verification/dedup_cdc_locality/dedup-cdc-overwrite-100/verification.json,performance/dedup_cdc_locality/dedup-cdc-overwrite-100/perf.jsonl,directly-comparable,"Identical family, fixture generator, schedule, operation and timer source at v0.1.3 and candidate; runtime recipe/content and timer validation required. Optional endurance unexecuted historically.",9f5a641d223606c45e5e6aa8a20094c12f9139a1
dedup_cdc_locality,dedup-cdc-overwrite-500,500,525336576,501,registered-fixture,1,1,pure_call_sum_ns,156606083,PASS,PASS,15000000000,PASS,7961014708,556097416,,,,,,,39436288,5701632,,unavailable: no host CPU counter in this route receipt,15276000,18.959001625000383,,,,,,,,122035083,34571000,28.32873887585261,PASS,PASS,351053792,3b4b7771ba61326b08af2ea18bffdc012e5417706fd050c7e03e80bbc32b2d1e,891067915b4152dd42e7510ef374a3d8a8827ead03a597051335c933d0485958,c2cb953968812a9e401ea362c4aa6cdeea9e03453fbdcaa651cfb01734914405,d48fb05327d4c91c94c4039730d6f3dfb6e2c30630a12cdc0a03e713fb603116,sha256:42eb806fcfe9db1dc28098eb423340de3e4eaf81fd487389128305e65606d347,verification/dedup_cdc_locality/dedup-cdc-overwrite-500/verification.json,performance/dedup_cdc_locality/dedup-cdc-overwrite-500/perf.jsonl,directly-comparable,"Identical family, fixture generator, schedule, operation and timer source at v0.1.3 and candidate; runtime recipe/content and timer validation required. Optional endurance unexecuted historically.",9f5a641d223606c45e5e6aa8a20094c12f9139a1
dedup_cdc_locality,dedup-cdc-insert-1,1,2101248,2,registered-fixture,1,1,pure_call_sum_ns,6172541,PASS,PASS,15000000000,PASS,587935791,345532000,,,,,,,16121856,5656576,,unavailable: no host CPU counter in this route receipt,12891000,2.052114874997642,,,,,,,,3897167,2275374,58.38533478293335,PASS,PASS,302022000,3b4b7771ba61326b08af2ea18bffdc012e5417706fd050c7e03e80bbc32b2d1e,891067915b4152dd42e7510ef374a3d8a8827ead03a597051335c933d0485958,c2cb953968812a9e401ea362c4aa6cdeea9e03453fbdcaa651cfb01734914405,03ae317fe0f322f04b0f08489acabdafcd75847148bf53ec14ce02f986d04bb4,sha256:42eb806fcfe9db1dc28098eb423340de3e4eaf81fd487389128305e65606d347,verification/dedup_cdc_locality/dedup-cdc-insert-1/verification.json,performance/dedup_cdc_locality/dedup-cdc-insert-1/perf.jsonl,directly-comparable,"Identical family, fixture generator, schedule, operation and timer source at v0.1.3 and candidate; runtime recipe/content and timer validation required. Optional endurance unexecuted historically.",9f5a641d223606c45e5e6aa8a20094c12f9139a1
dedup_cdc_locality,dedup-cdc-insert-10,10,11575296,11,registered-fixture,1,1,pure_call_sum_ns,16420208,PASS,PASS,15000000000,PASS,680374750,358812208,,,,,,,20545536,5656576,,unavailable: no host CPU counter in this route receipt,14023000,2.430975708004553,,,,,,,,18057833,-1637625,-9.068779182972841,PASS,PASS,372093542,3b4b7771ba61326b08af2ea18bffdc012e5417706fd050c7e03e80bbc32b2d1e,891067915b4152dd42e7510ef374a3d8a8827ead03a597051335c933d0485958,c2cb953968812a9e401ea362c4aa6cdeea9e03453fbdcaa651cfb01734914405,1d10ba26e303c075af8c19bac7343ff314cebeee386345015b9269fa05764f01,sha256:42eb806fcfe9db1dc28098eb423340de3e4eaf81fd487389128305e65606d347,verification/dedup_cdc_locality/dedup-cdc-insert-10/verification.json,performance/dedup_cdc_locality/dedup-cdc-insert-10/perf.jsonl,directly-comparable,"Identical family, fixture generator, schedule, operation and timer source at v0.1.3 and candidate; runtime recipe/content and timer validation required. Optional endurance unexecuted historically.",9f5a641d223606c45e5e6aa8a20094c12f9139a1
dedup_cdc_locality,dedup-cdc-insert-100,100,106315776,101,registered-fixture,1,1,pure_call_sum_ns,46772042,PASS,PASS,15000000000,PASS,1998852833,403346167,,,,,,,32718848,6217728,,unavailable: no host CPU counter in this route receipt,13437000,5.339854457997717,,,,,,,,34183250,12588792,36.82737013010758,PASS,PASS,372873375,3b4b7771ba61326b08af2ea18bffdc012e5417706fd050c7e03e80bbc32b2d1e,891067915b4152dd42e7510ef374a3d8a8827ead03a597051335c933d0485958,c2cb953968812a9e401ea362c4aa6cdeea9e03453fbdcaa651cfb01734914405,bd2db8221c224ae8090c89abc5f966a1b5eb6b22b008e2e36f8341f4339aba48,sha256:42eb806fcfe9db1dc28098eb423340de3e4eaf81fd487389128305e65606d347,verification/dedup_cdc_locality/dedup-cdc-insert-100/verification.json,performance/dedup_cdc_locality/dedup-cdc-insert-100/perf.jsonl,directly-comparable,"Identical family, fixture generator, schedule, operation and timer source at v0.1.3 and candidate; runtime recipe/content and timer validation required. Optional endurance unexecuted historically.",9f5a641d223606c45e5e6aa8a20094c12f9139a1
dedup_cdc_locality,dedup-cdc-insert-500,500,527384576,501,registered-fixture,1,1,pure_call_sum_ns,178864250,PASS,PASS,15000000000,PASS,7802116084,566437167,,,,,,,45088768,5697536,,unavailable: no host CPU counter in this route receipt,15109000,19.363061374999234,,,,,,,,136775833,42088417,30.771822826332194,PASS,PASS,366483958,3b4b7771ba61326b08af2ea18bffdc012e5417706fd050c7e03e80bbc32b2d1e,891067915b4152dd42e7510ef374a3d8a8827ead03a597051335c933d0485958,c2cb953968812a9e401ea362c4aa6cdeea9e03453fbdcaa651cfb01734914405,1c7205ae2bc2e6a472741786619ccf3652c61e42f0edb59fd470b16cacdff58a,sha256:42eb806fcfe9db1dc28098eb423340de3e4eaf81fd487389128305e65606d347,verification/dedup_cdc_locality/dedup-cdc-insert-500/verification.json,performance/dedup_cdc_locality/dedup-cdc-insert-500/perf.jsonl,directly-comparable,"Identical family, fixture generator, schedule, operation and timer source at v0.1.3 and candidate; runtime recipe/content and timer validation required. Optional endurance unexecuted historically.",9f5a641d223606c45e5e6aa8a20094c12f9139a1
dedup_cdc_locality,dedup-cdc-delete-1,1,2093056,2,registered-fixture,1,1,pure_call_sum_ns,6564875,PASS,PASS,15000000000,PASS,612230958,398544708,,,,,,,17006592,5693440,,unavailable: no host CPU counter in this route receipt,14617000,1.9351969169947552,,,,,,,,4411750,2153125,48.804329347764494,PASS,PASS,413385125,3b4b7771ba61326b08af2ea18bffdc012e5417706fd050c7e03e80bbc32b2d1e,891067915b4152dd42e7510ef374a3d8a8827ead03a597051335c933d0485958,c2cb953968812a9e401ea362c4aa6cdeea9e03453fbdcaa651cfb01734914405,81c7830218a65bee85052245e46912bd264f149cfadf5b25c032fbd1e4be5a30,sha256:42eb806fcfe9db1dc28098eb423340de3e4eaf81fd487389128305e65606d347,verification/dedup_cdc_locality/dedup-cdc-delete-1/verification.json,performance/dedup_cdc_locality/dedup-cdc-delete-1/perf.jsonl,directly-comparable,"Identical family, fixture generator, schedule, operation and timer source at v0.1.3 and candidate; runtime recipe/content and timer validation required. Optional endurance unexecuted historically.",9f5a641d223606c45e5e6aa8a20094c12f9139a1
dedup_cdc_locality,dedup-cdc-delete-10,10,11493376,11,registered-fixture,1,1,pure_call_sum_ns,19332750,PASS,PASS,15000000000,PASS,768255291,400599417,,,,,,,20905984,5136384,,unavailable: no host CPU counter in this route receipt,14167000,2.209537292001187,,,,,,,,18224917,1107833,6.078672402184329,PASS,PASS,361394667,3b4b7771ba61326b08af2ea18bffdc012e5417706fd050c7e03e80bbc32b2d1e,891067915b4152dd42e7510ef374a3d8a8827ead03a597051335c933d0485958,c2cb953968812a9e401ea362c4aa6cdeea9e03453fbdcaa651cfb01734914405,77017f68f9a17bfd7de1ea9a055f9a9488b06998f246ea67278bb75071961775,sha256:42eb806fcfe9db1dc28098eb423340de3e4eaf81fd487389128305e65606d347,verification/dedup_cdc_locality/dedup-cdc-delete-10/verification.json,performance/dedup_cdc_locality/dedup-cdc-delete-10/perf.jsonl,directly-comparable,"Identical family, fixture generator, schedule, operation and timer source at v0.1.3 and candidate; runtime recipe/content and timer validation required. Optional endurance unexecuted historically.",9f5a641d223606c45e5e6aa8a20094c12f9139a1
dedup_cdc_locality,dedup-cdc-delete-100,100,105496576,101,registered-fixture,1,1,pure_call_sum_ns,47801000,PASS,PASS,15000000000,PASS,2047447125,458455292,,,,,,,30474240,5660672,,unavailable: no host CPU counter in this route receipt,16064000,5.437095207991661,,,,,,,,33165583,14635417,44.128327248159636,PASS,PASS,371811292,3b4b7771ba61326b08af2ea18bffdc012e5417706fd050c7e03e80bbc32b2d1e,891067915b4152dd42e7510ef374a3d8a8827ead03a597051335c933d0485958,c2cb953968812a9e401ea362c4aa6cdeea9e03453fbdcaa651cfb01734914405,e4d238c9db6fe5656896ca288e290d6d41ce46734809732ef65adb9c271a907e,sha256:42eb806fcfe9db1dc28098eb423340de3e4eaf81fd487389128305e65606d347,verification/dedup_cdc_locality/dedup-cdc-delete-100/verification.json,performance/dedup_cdc_locality/dedup-cdc-delete-100/perf.jsonl,directly-comparable,"Identical family, fixture generator, schedule, operation and timer source at v0.1.3 and candidate; runtime recipe/content and timer validation required. Optional endurance unexecuted historically.",9f5a641d223606c45e5e6aa8a20094c12f9139a1
dedup_cdc_locality,dedup-cdc-delete-500,500,523288576,501,registered-fixture,1,1,pure_call_sum_ns,179825041,PASS,PASS,15000000000,PASS,8345644750,566927583,,,,,,,43253760,5660672,,unavailable: no host CPU counter in this route receipt,13786000,20.24868587500532,,,,,,,,130863875,48961166,37.41381339961085,PASS,PASS,352809459,3b4b7771ba61326b08af2ea18bffdc012e5417706fd050c7e03e80bbc32b2d1e,891067915b4152dd42e7510ef374a3d8a8827ead03a597051335c933d0485958,c2cb953968812a9e401ea362c4aa6cdeea9e03453fbdcaa651cfb01734914405,f74afb3fbc5ec05fc0482cc741e8085948e4a60eda2aae47cdf8036d1fc81b14,sha256:42eb806fcfe9db1dc28098eb423340de3e4eaf81fd487389128305e65606d347,verification/dedup_cdc_locality/dedup-cdc-delete-500/verification.json,performance/dedup_cdc_locality/dedup-cdc-delete-500/perf.jsonl,directly-comparable,"Identical family, fixture generator, schedule, operation and timer source at v0.1.3 and candidate; runtime recipe/content and timer validation required. Optional endurance unexecuted historically.",9f5a641d223606c45e5e6aa8a20094c12f9139a1
dedup_cdc_locality,dedup-cdc-common-body-1,1,2097152,2,registered-fixture,1,1,pure_call_sum_ns,6505667,PASS,PASS,15000000000,PASS,619740333,394339292,,,,,,,17825792,5656576,,unavailable: no host CPU counter in this route receipt,14732000,1.9217778329912107,,,,,,,,4125125,2380542,57.70836035271658,PASS,PASS,365147459,3b4b7771ba61326b08af2ea18bffdc012e5417706fd050c7e03e80bbc32b2d1e,891067915b4152dd42e7510ef374a3d8a8827ead03a597051335c933d0485958,c2cb953968812a9e401ea362c4aa6cdeea9e03453fbdcaa651cfb01734914405,3b4a03ed364c287ca5427374cf266dba5475372bbd795ae99aeadb2ce036f06e,sha256:42eb806fcfe9db1dc28098eb423340de3e4eaf81fd487389128305e65606d347,verification/dedup_cdc_locality/dedup-cdc-common-body-1/verification.json,performance/dedup_cdc_locality/dedup-cdc-common-body-1/perf.jsonl,directly-comparable,"Identical family, fixture generator, schedule, operation and timer source at v0.1.3 and candidate; runtime recipe/content and timer validation required. Optional endurance unexecuted historically.",9f5a641d223606c45e5e6aa8a20094c12f9139a1
dedup_cdc_locality,dedup-cdc-common-body-10,10,11534336,11,registered-fixture,1,1,pure_call_sum_ns,22009333,PASS,PASS,15000000000,PASS,787607417,408876041,,,,,,,22806528,5677056,,unavailable: no host CPU counter in this route receipt,14291000,2.4165505829878384,,,,,,,,20395333,1614000,7.91357513015355,PASS,PASS,356136209,3b4b7771ba61326b08af2ea18bffdc012e5417706fd050c7e03e80bbc32b2d1e,891067915b4152dd42e7510ef374a3d8a8827ead03a597051335c933d0485958,c2cb953968812a9e401ea362c4aa6cdeea9e03453fbdcaa651cfb01734914405,89e29cfa5e441507718aad3e01fde39c00f8cbbe3c75f63e1ab661c5e4fe0d2a,sha256:42eb806fcfe9db1dc28098eb423340de3e4eaf81fd487389128305e65606d347,verification/dedup_cdc_locality/dedup-cdc-common-body-10/verification.json,performance/dedup_cdc_locality/dedup-cdc-common-body-10/perf.jsonl,directly-comparable,"Identical family, fixture generator, schedule, operation and timer source at v0.1.3 and candidate; runtime recipe/content and timer validation required. Optional endurance unexecuted historically.",9f5a641d223606c45e5e6aa8a20094c12f9139a1
dedup_cdc_locality,dedup-cdc-common-body-100,100,105906176,101,registered-fixture,1,1,pure_call_sum_ns,114210167,PASS,PASS,15000000000,PASS,2014906417,474046875,,,,,,,61210624,5664768,,unavailable: no host CPU counter in this route receipt,16304000,5.500373625007342,,,,,,,,58208209,56001958,96.20972533272756,PASS,PASS,359267500,3b4b7771ba61326b08af2ea18bffdc012e5417706fd050c7e03e80bbc32b2d1e,891067915b4152dd42e7510ef374a3d8a8827ead03a597051335c933d0485958,c2cb953968812a9e401ea362c4aa6cdeea9e03453fbdcaa651cfb01734914405,19cde26dc8cc20b4e273b43e2168c54aac1534a6df74ca6f6dc8311ef7c6caaf,sha256:42eb806fcfe9db1dc28098eb423340de3e4eaf81fd487389128305e65606d347,verification/dedup_cdc_locality/dedup-cdc-common-body-100/verification.json,performance/dedup_cdc_locality/dedup-cdc-common-body-100/perf.jsonl,directly-comparable,"Identical family, fixture generator, schedule, operation and timer source at v0.1.3 and candidate; runtime recipe/content and timer validation required. Optional endurance unexecuted historically.",9f5a641d223606c45e5e6aa8a20094c12f9139a1
dedup_cdc_locality,dedup-cdc-common-body-500,500,525336576,501,registered-fixture,1,1,pure_call_sum_ns,516630625,PASS,PASS,15000000000,PASS,7688880208,917242958,,,,,,,65732608,5926912,,unavailable: no host CPU counter in this route receipt,13840000,19.95130241700099,,,,,,,,244350083,272280542,111.43050931560354,PASS,PASS,367043750,3b4b7771ba61326b08af2ea18bffdc012e5417706fd050c7e03e80bbc32b2d1e,891067915b4152dd42e7510ef374a3d8a8827ead03a597051335c933d0485958,c2cb953968812a9e401ea362c4aa6cdeea9e03453fbdcaa651cfb01734914405,520894ee5998cc398ab9db79d63f700f609d2e49ef80eda5137b606a36483c3f,sha256:42eb806fcfe9db1dc28098eb423340de3e4eaf81fd487389128305e65606d347,verification/dedup_cdc_locality/dedup-cdc-common-body-500/verification.json,performance/dedup_cdc_locality/dedup-cdc-common-body-500/perf.jsonl,directly-comparable,"Identical family, fixture generator, schedule, operation and timer source at v0.1.3 and candidate; runtime recipe/content and timer validation required. Optional endurance unexecuted historically.",9f5a641d223606c45e5e6aa8a20094c12f9139a1
dedup_cdc_locality,dedup-cdc-scattered-1,1,2097152,2,registered-fixture,1,1,pure_call_sum_ns,9010417,PASS,PASS,15000000000,PASS,656025375,415333750,,,,,,,19726336,5922816,,unavailable: no host CPU counter in this route receipt,14363000,2.007998040993698,,,,,,,,4647500,4362917,93.87664335664336,PASS,PASS,365898083,3b4b7771ba61326b08af2ea18bffdc012e5417706fd050c7e03e80bbc32b2d1e,891067915b4152dd42e7510ef374a3d8a8827ead03a597051335c933d0485958,c2cb953968812a9e401ea362c4aa6cdeea9e03453fbdcaa651cfb01734914405,f63c6a4c2c6a89dc0a7f1af1cb7e4bf9976e884cd675674b8e1d2b7b47bd19a5,sha256:42eb806fcfe9db1dc28098eb423340de3e4eaf81fd487389128305e65606d347,verification/dedup_cdc_locality/dedup-cdc-scattered-1/verification.json,performance/dedup_cdc_locality/dedup-cdc-scattered-1/perf.jsonl,directly-comparable,"Identical family, fixture generator, schedule, operation and timer source at v0.1.3 and candidate; runtime recipe/content and timer validation required. Optional endurance unexecuted historically.",9f5a641d223606c45e5e6aa8a20094c12f9139a1
dedup_cdc_locality,dedup-cdc-scattered-10,10,11534336,11,registered-fixture,1,1,pure_call_sum_ns,46854834,PASS,PASS,15000000000,PASS,848493041,415640708,,,,,,,34422784,5664768,,unavailable: no host CPU counter in this route receipt,16051000,2.4047428329940885,,,,,,,,23469041,23385793,99.64528588961092,PASS,PASS,365111125,3b4b7771ba61326b08af2ea18bffdc012e5417706fd050c7e03e80bbc32b2d1e,891067915b4152dd42e7510ef374a3d8a8827ead03a597051335c933d0485958,c2cb953968812a9e401ea362c4aa6cdeea9e03453fbdcaa651cfb01734914405,b83d6e43171de25722e492f4dd4cec1a1821b281dd13d9e6b12713214131b608,sha256:42eb806fcfe9db1dc28098eb423340de3e4eaf81fd487389128305e65606d347,verification/dedup_cdc_locality/dedup-cdc-scattered-10/verification.json,performance/dedup_cdc_locality/dedup-cdc-scattered-10/perf.jsonl,directly-comparable,"Identical family, fixture generator, schedule, operation and timer source at v0.1.3 and candidate; runtime recipe/content and timer validation required. Optional endurance unexecuted historically.",9f5a641d223606c45e5e6aa8a20094c12f9139a1
dedup_cdc_locality,dedup-cdc-scattered-100,100,105906176,101,registered-fixture,1,1,pure_call_sum_ns,284405709,PASS,PASS,15000000000,PASS,2283555000,678516791,,,,,,,63143936,5685248,,unavailable: no host CPU counter in this route receipt,15559000,6.215991292003309,,,,,,,,89368333,195037376,218.23991726465346,PASS,PASS,370219792,3b4b7771ba61326b08af2ea18bffdc012e5417706fd050c7e03e80bbc32b2d1e,891067915b4152dd42e7510ef374a3d8a8827ead03a597051335c933d0485958,c2cb953968812a9e401ea362c4aa6cdeea9e03453fbdcaa651cfb01734914405,657bfff29c1f5d5c3f94166ad65ecf6483a74b4ebab340cc7923638a704d437e,sha256:42eb806fcfe9db1dc28098eb423340de3e4eaf81fd487389128305e65606d347,verification/dedup_cdc_locality/dedup-cdc-scattered-100/verification.json,performance/dedup_cdc_locality/dedup-cdc-scattered-100/perf.jsonl,directly-comparable,"Identical family, fixture generator, schedule, operation and timer source at v0.1.3 and candidate; runtime recipe/content and timer validation required. Optional endurance unexecuted historically.",9f5a641d223606c45e5e6aa8a20094c12f9139a1
dedup_cdc_locality,dedup-cdc-scattered-500,500,525336576,501,registered-fixture,1,1,pure_call_sum_ns,1462484167,PASS,PASS,15000000000,PASS,8552101500,1876834791,,,,,,,63684608,5660672,,unavailable: no host CPU counter in this route receipt,12548000,22.645258749995264,,,,,,,,483006833,979477334,202.7874694683667,PASS,PASS,388344542,3b4b7771ba61326b08af2ea18bffdc012e5417706fd050c7e03e80bbc32b2d1e,891067915b4152dd42e7510ef374a3d8a8827ead03a597051335c933d0485958,c2cb953968812a9e401ea362c4aa6cdeea9e03453fbdcaa651cfb01734914405,1c5a03a3faaf287143d38110c61245f3ce67069480c906c9cfef360cf2698969,sha256:42eb806fcfe9db1dc28098eb423340de3e4eaf81fd487389128305e65606d347,verification/dedup_cdc_locality/dedup-cdc-scattered-500/verification.json,performance/dedup_cdc_locality/dedup-cdc-scattered-500/perf.jsonl,directly-comparable,"Identical family, fixture generator, schedule, operation and timer source at v0.1.3 and candidate; runtime recipe/content and timer validation required. Optional endurance unexecuted historically.",9f5a641d223606c45e5e6aa8a20094c12f9139a1
edit_length_preserving,overwrite-head-4k-on-1mib-ops-1,1,1048576,1,registered-fixture,1,1,edit_commit_ns,9136166,PASS,PASS,15000000000,PASS,950443666,446956417,10210083,,2221708,6914458,144375,3647334,30883840,5951488,,unavailable: no host CPU counter in this route receipt,51587000,1.9889155420096358,,,,,,,,5777000,3359166,58.147239051410764,PASS,PASS,364658417,3b4b7771ba61326b08af2ea18bffdc012e5417706fd050c7e03e80bbc32b2d1e,891067915b4152dd42e7510ef374a3d8a8827ead03a597051335c933d0485958,c2cb953968812a9e401ea362c4aa6cdeea9e03453fbdcaa651cfb01734914405,557e8186815062444063a33baadf4fefc18547907ab204682c137f0f47807674,sha256:42eb806fcfe9db1dc28098eb423340de3e4eaf81fd487389128305e65606d347,verification/edit_length_preserving/overwrite-head-4k-on-1mib-ops-1/verification.json,performance/edit_length_preserving/overwrite-head-4k-on-1mib-ops-1/perf.jsonl,directly-comparable,"Identical family, fixture generator, schedule, operation and timer source at v0.1.3 and candidate; runtime recipe/content and timer validation required. Optional endurance unexecuted historically.",9f5a641d223606c45e5e6aa8a20094c12f9139a1
edit_length_preserving,overwrite-head-4k-on-10mib-ops-1,10,10485760,1,registered-fixture,1,1,edit_commit_ns,12844542,PASS,PASS,15000000000,PASS,989813250,421868041,9465917,,2512834,10331708,110083,3176292,31113216,5664768,,unavailable: no host CPU counter in this route receipt,53697000,2.1149111249978887,,,,,,,,6154125,6690417,108.7143501310097,PASS,PASS,379499292,3b4b7771ba61326b08af2ea18bffdc012e5417706fd050c7e03e80bbc32b2d1e,891067915b4152dd42e7510ef374a3d8a8827ead03a597051335c933d0485958,c2cb953968812a9e401ea362c4aa6cdeea9e03453fbdcaa651cfb01734914405,652d49227c71d49c6f296ecc6f3f6073cca5e03ef0fa58a047fef93ed7fad29b,sha256:42eb806fcfe9db1dc28098eb423340de3e4eaf81fd487389128305e65606d347,verification/edit_length_preserving/overwrite-head-4k-on-10mib-ops-1/verification.json,performance/edit_length_preserving/overwrite-head-4k-on-10mib-ops-1/perf.jsonl,directly-comparable,"Identical family, fixture generator, schedule, operation and timer source at v0.1.3 and candidate; runtime recipe/content and timer validation required. Optional endurance unexecuted historically.",9f5a641d223606c45e5e6aa8a20094c12f9139a1
edit_length_preserving,overwrite-head-4k-on-100mib-ops-1,100,104857600,1,registered-fixture,1,1,edit_commit_ns,11561875,PASS,PASS,15000000000,PASS,2484232542,400776000,9831959,,2919500,8642375,128959,3223083,30556160,5668864,,unavailable: no host CPU counter in this route receipt,53089000,3.69077129199286,,,,,,,,6651583,4910292,73.82140461902077,PASS,PASS,437493041,3b4b7771ba61326b08af2ea18bffdc012e5417706fd050c7e03e80bbc32b2d1e,891067915b4152dd42e7510ef374a3d8a8827ead03a597051335c933d0485958,c2cb953968812a9e401ea362c4aa6cdeea9e03453fbdcaa651cfb01734914405,b3ecba3cdb8511db05f9bcd86fde3eadf291a3af6806fd5923bc85de050b4983,sha256:42eb806fcfe9db1dc28098eb423340de3e4eaf81fd487389128305e65606d347,verification/edit_length_preserving/overwrite-head-4k-on-100mib-ops-1/verification.json,performance/edit_length_preserving/overwrite-head-4k-on-100mib-ops-1/perf.jsonl,directly-comparable,"Identical family, fixture generator, schedule, operation and timer source at v0.1.3 and candidate; runtime recipe/content and timer validation required. Optional endurance unexecuted historically.",9f5a641d223606c45e5e6aa8a20094c12f9139a1
edit_length_preserving,overwrite-head-4k-on-500mib-ops-1,500,524288000,1,registered-fixture,1,1,edit_commit_ns,11164250,PASS,PASS,15000000000,PASS,8530128959,627569666,9280958,,2793750,8370500,104375,3494500,30818304,5660672,,unavailable: no host CPU counter in this route receipt,52699000,10.313966874993639,,,,,,,,8411084,2753166,32.73259427679001,PASS,PASS,710790709,3b4b7771ba61326b08af2ea18bffdc012e5417706fd050c7e03e80bbc32b2d1e,891067915b4152dd42e7510ef374a3d8a8827ead03a597051335c933d0485958,c2cb953968812a9e401ea362c4aa6cdeea9e03453fbdcaa651cfb01734914405,532a94eb4d93e54b70d4006017bab4916a4fbbdf5a4a0d1e9a27abd8d0327f9b,sha256:42eb806fcfe9db1dc28098eb423340de3e4eaf81fd487389128305e65606d347,verification/edit_length_preserving/overwrite-head-4k-on-500mib-ops-1/verification.json,performance/edit_length_preserving/overwrite-head-4k-on-500mib-ops-1/perf.jsonl,directly-comparable,"Identical family, fixture generator, schedule, operation and timer source at v0.1.3 and candidate; runtime recipe/content and timer validation required. Optional endurance unexecuted historically.",9f5a641d223606c45e5e6aa8a20094c12f9139a1
edit_length_preserving,overwrite-middle-4k-on-1mib-ops-1,1,1048576,1,registered-fixture,1,1,edit_commit_ns,7754708,PASS,PASS,15000000000,PASS,627558916,406039792,10590083,,2120125,5634583,117167,2984667,30867456,5390336,,unavailable: no host CPU counter in this route receipt,43653000,1.921190667009796,,,,,,,,6138666,1616042,26.32562188592766,PASS,PASS,371010125,3b4b7771ba61326b08af2ea18bffdc012e5417706fd050c7e03e80bbc32b2d1e,891067915b4152dd42e7510ef374a3d8a8827ead03a597051335c933d0485958,c2cb953968812a9e401ea362c4aa6cdeea9e03453fbdcaa651cfb01734914405,32e9756a4e6c07f69e3688fa1dcf3a5b44da19a3cc976888487372fbfb4dbb30,sha256:42eb806fcfe9db1dc28098eb423340de3e4eaf81fd487389128305e65606d347,verification/edit_length_preserving/overwrite-middle-4k-on-1mib-ops-1/verification.json,performance/edit_length_preserving/overwrite-middle-4k-on-1mib-ops-1/perf.jsonl,directly-comparable,"Identical family, fixture generator, schedule, operation and timer source at v0.1.3 and candidate; runtime recipe/content and timer validation required. Optional endurance unexecuted historically.",9f5a641d223606c45e5e6aa8a20094c12f9139a1
edit_length_preserving,overwrite-middle-4k-on-10mib-ops-1,10,10485760,1,registered-fixture,1,1,edit_commit_ns,9631208,PASS,PASS,15000000000,PASS,683139541,399872375,12584959,,2322208,7309000,109042,3055042,30900224,5971968,,unavailable: no host CPU counter in this route receipt,46593000,1.8445099580130773,,,,,,,,5924958,3706250,62.553186031023344,PASS,PASS,390355583,3b4b7771ba61326b08af2ea18bffdc012e5417706fd050c7e03e80bbc32b2d1e,891067915b4152dd42e7510ef374a3d8a8827ead03a597051335c933d0485958,c2cb953968812a9e401ea362c4aa6cdeea9e03453fbdcaa651cfb01734914405,20f0c535fb3e65f47e03836821cb6c8aa9011913c7de566a68954bded911bb90,sha256:42eb806fcfe9db1dc28098eb423340de3e4eaf81fd487389128305e65606d347,verification/edit_length_preserving/overwrite-middle-4k-on-10mib-ops-1/verification.json,performance/edit_length_preserving/overwrite-middle-4k-on-10mib-ops-1/perf.jsonl,directly-comparable,"Identical family, fixture generator, schedule, operation and timer source at v0.1.3 and candidate; runtime recipe/content and timer validation required. Optional endurance unexecuted historically.",9f5a641d223606c45e5e6aa8a20094c12f9139a1
edit_length_preserving,overwrite-middle-4k-on-100mib-ops-1,100,104857600,1,registered-fixture,1,1,edit_commit_ns,10646459,PASS,PASS,15000000000,PASS,924613500,390951917,11574083,,2853959,7792500,97583,3086541,30687232,5689344,,unavailable: no host CPU counter in this route receipt,49438000,2.3135864170035347,,,,,,,,6188333,4458126,72.04082262541463,PASS,PASS,438266875,3b4b7771ba61326b08af2ea18bffdc012e5417706fd050c7e03e80bbc32b2d1e,891067915b4152dd42e7510ef374a3d8a8827ead03a597051335c933d0485958,c2cb953968812a9e401ea362c4aa6cdeea9e03453fbdcaa651cfb01734914405,a913c73da7d2920a9e41d9add3f472fdea118f56661fd77eb4dfe8a2278b6701,sha256:42eb806fcfe9db1dc28098eb423340de3e4eaf81fd487389128305e65606d347,verification/edit_length_preserving/overwrite-middle-4k-on-100mib-ops-1/verification.json,performance/edit_length_preserving/overwrite-middle-4k-on-100mib-ops-1/perf.jsonl,directly-comparable,"Identical family, fixture generator, schedule, operation and timer source at v0.1.3 and candidate; runtime recipe/content and timer validation required. Optional endurance unexecuted historically.",9f5a641d223606c45e5e6aa8a20094c12f9139a1
edit_length_preserving,overwrite-middle-4k-on-500mib-ops-1,500,524288000,1,registered-fixture,1,1,edit_commit_ns,11008709,PASS,PASS,15000000000,PASS,2321432458,448153875,9957583,,2620292,8388417,99125,3510416,30932992,5652480,,unavailable: no host CPU counter in this route receipt,51210000,4.071662040994852,,,,,,,,7174000,3834709,53.45287148034569,PASS,PASS,723833500,3b4b7771ba61326b08af2ea18bffdc012e5417706fd050c7e03e80bbc32b2d1e,891067915b4152dd42e7510ef374a3d8a8827ead03a597051335c933d0485958,c2cb953968812a9e401ea362c4aa6cdeea9e03453fbdcaa651cfb01734914405,0a344f3a386fe2d3c3c8caa8f52d5b88a9fd97cd203230a943cac4c591a4a73f,sha256:42eb806fcfe9db1dc28098eb423340de3e4eaf81fd487389128305e65606d347,verification/edit_length_preserving/overwrite-middle-4k-on-500mib-ops-1/verification.json,performance/edit_length_preserving/overwrite-middle-4k-on-500mib-ops-1/perf.jsonl,directly-comparable,"Identical family, fixture generator, schedule, operation and timer source at v0.1.3 and candidate; runtime recipe/content and timer validation required. Optional endurance unexecuted historically.",9f5a641d223606c45e5e6aa8a20094c12f9139a1
edit_length_preserving,overwrite-tail-4k-on-1mib-ops-1,1,1048576,1,registered-fixture,1,1,edit_commit_ns,7579333,PASS,PASS,15000000000,PASS,528002625,408847750,8311500,,2120583,5458750,95875,2951000,30769152,5660672,,unavailable: no host CPU counter in this route receipt,42373000,1.7406364579946967,,,,,,,,6112375,1466958,23.99980367696681,PASS,PASS,311868250,3b4b7771ba61326b08af2ea18bffdc012e5417706fd050c7e03e80bbc32b2d1e,891067915b4152dd42e7510ef374a3d8a8827ead03a597051335c933d0485958,c2cb953968812a9e401ea362c4aa6cdeea9e03453fbdcaa651cfb01734914405,8ab86cbacdd6c882673853a68eb79063b6e2cde2054cbe3d52cc48d058126906,sha256:42eb806fcfe9db1dc28098eb423340de3e4eaf81fd487389128305e65606d347,verification/edit_length_preserving/overwrite-tail-4k-on-1mib-ops-1/verification.json,performance/edit_length_preserving/overwrite-tail-4k-on-1mib-ops-1/perf.jsonl,directly-comparable,"Identical family, fixture generator, schedule, operation and timer source at v0.1.3 and candidate; runtime recipe/content and timer validation required. Optional endurance unexecuted historically.",9f5a641d223606c45e5e6aa8a20094c12f9139a1
edit_length_preserving,overwrite-tail-4k-on-10mib-ops-1,10,10485760,1,registered-fixture,1,1,edit_commit_ns,8989333,PASS,PASS,15000000000,PASS,549536042,361582083,8737084,,2458750,6530583,108042,2914709,30785536,5140480,,unavailable: no host CPU counter in this route receipt,45548000,1.7816687500016997,,,,,,,,7265084,1724249,23.733366331345927,PASS,PASS,367769833,3b4b7771ba61326b08af2ea18bffdc012e5417706fd050c7e03e80bbc32b2d1e,891067915b4152dd42e7510ef374a3d8a8827ead03a597051335c933d0485958,c2cb953968812a9e401ea362c4aa6cdeea9e03453fbdcaa651cfb01734914405,488bc94303f341de6d3c5552186514eb45f31ab7d1cc94e912ac0ac9f867b2cc,sha256:42eb806fcfe9db1dc28098eb423340de3e4eaf81fd487389128305e65606d347,verification/edit_length_preserving/overwrite-tail-4k-on-10mib-ops-1/verification.json,performance/edit_length_preserving/overwrite-tail-4k-on-10mib-ops-1/perf.jsonl,directly-comparable,"Identical family, fixture generator, schedule, operation and timer source at v0.1.3 and candidate; runtime recipe/content and timer validation required. Optional endurance unexecuted historically.",9f5a641d223606c45e5e6aa8a20094c12f9139a1
edit_length_preserving,overwrite-tail-4k-on-100mib-ops-1,100,104857600,1,registered-fixture,1,1,edit_commit_ns,8792916,PASS,PASS,15000000000,PASS,910098417,404343541,7974042,,2562666,6230250,102000,3030959,31047680,5668864,,unavailable: no host CPU counter in this route receipt,44977000,2.1760630830103764,,,,,,,,7631041,1161875,15.225642215786811,PASS,PASS,432378292,3b4b7771ba61326b08af2ea18bffdc012e5417706fd050c7e03e80bbc32b2d1e,891067915b4152dd42e7510ef374a3d8a8827ead03a597051335c933d0485958,c2cb953968812a9e401ea362c4aa6cdeea9e03453fbdcaa651cfb01734914405,627dbf7d6e72670deab5744baa7f53e5df9c9d9a53b73b33b0d26ce42cd3784f,sha256:42eb806fcfe9db1dc28098eb423340de3e4eaf81fd487389128305e65606d347,verification/edit_length_preserving/overwrite-tail-4k-on-100mib-ops-1/verification.json,performance/edit_length_preserving/overwrite-tail-4k-on-100mib-ops-1/perf.jsonl,directly-comparable,"Identical family, fixture generator, schedule, operation and timer source at v0.1.3 and candidate; runtime recipe/content and timer validation required. Optional endurance unexecuted historically.",9f5a641d223606c45e5e6aa8a20094c12f9139a1
edit_length_preserving,overwrite-tail-4k-on-500mib-ops-1,500,524288000,1,registered-fixture,1,1,edit_commit_ns,10586458,PASS,PASS,15000000000,PASS,2321371500,467257209,8688916,,2589000,7997458,116083,2827708,30310400,5914624,,unavailable: no host CPU counter in this route receipt,48905000,3.9704103749973,,,,,,,,9377875,1208583,12.887599802727165,PASS,PASS,804741959,3b4b7771ba61326b08af2ea18bffdc012e5417706fd050c7e03e80bbc32b2d1e,891067915b4152dd42e7510ef374a3d8a8827ead03a597051335c933d0485958,c2cb953968812a9e401ea362c4aa6cdeea9e03453fbdcaa651cfb01734914405,b028641fb9b8cde095217b70efd00483878fb5d54094c0dcbf72ba500cff7374,sha256:42eb806fcfe9db1dc28098eb423340de3e4eaf81fd487389128305e65606d347,verification/edit_length_preserving/overwrite-tail-4k-on-500mib-ops-1/verification.json,performance/edit_length_preserving/overwrite-tail-4k-on-500mib-ops-1/perf.jsonl,directly-comparable,"Identical family, fixture generator, schedule, operation and timer source at v0.1.3 and candidate; runtime recipe/content and timer validation required. Optional endurance unexecuted historically.",9f5a641d223606c45e5e6aa8a20094c12f9139a1
edit_length_changing,insert-middle-4k-on-1mib-ops-1,1,1048576,1,registered-fixture,1,1,edit_commit_ns,9872542,PASS,PASS,15000000000,PASS,583473958,404478209,11262583,,2583375,7289167,141041,3597792,30752768,5664768,,unavailable: no host CPU counter in this route receipt,49798000,1.7321632499952102,,,,,,,,5589750,4282792,76.61866809785768,PASS,PASS,357726084,3b4b7771ba61326b08af2ea18bffdc012e5417706fd050c7e03e80bbc32b2d1e,891067915b4152dd42e7510ef374a3d8a8827ead03a597051335c933d0485958,c2cb953968812a9e401ea362c4aa6cdeea9e03453fbdcaa651cfb01734914405,22da81b7f17e0973a763145d6ca21c92ebbbd028a14248bb1feeebf4dcc47109,sha256:42eb806fcfe9db1dc28098eb423340de3e4eaf81fd487389128305e65606d347,verification/edit_length_changing/insert-middle-4k-on-1mib-ops-1/verification.json,performance/edit_length_changing/insert-middle-4k-on-1mib-ops-1/perf.jsonl,directly-comparable,"Identical family, fixture generator, schedule, operation and timer source at v0.1.3 and candidate; runtime recipe/content and timer validation required. Optional endurance unexecuted historically.",9f5a641d223606c45e5e6aa8a20094c12f9139a1
edit_length_changing,insert-middle-4k-on-10mib-ops-1,10,10485760,1,registered-fixture,1,1,edit_commit_ns,9978833,PASS,PASS,15000000000,PASS,638362209,409062125,10277500,,2433708,7545125,163083,3392500,30801920,5697536,,unavailable: no host CPU counter in this route receipt,48692000,1.784605749999173,,,,,,,,7396250,2582583,34.917464931553155,PASS,PASS,369861875,3b4b7771ba61326b08af2ea18bffdc012e5417706fd050c7e03e80bbc32b2d1e,891067915b4152dd42e7510ef374a3d8a8827ead03a597051335c933d0485958,c2cb953968812a9e401ea362c4aa6cdeea9e03453fbdcaa651cfb01734914405,94d6d4a75bcc4cbb76e2bed8dc1610a405dc4d77e7093d30f8b7b06fd77c2897,sha256:42eb806fcfe9db1dc28098eb423340de3e4eaf81fd487389128305e65606d347,verification/edit_length_changing/insert-middle-4k-on-10mib-ops-1/verification.json,performance/edit_length_changing/insert-middle-4k-on-10mib-ops-1/perf.jsonl,directly-comparable,"Identical family, fixture generator, schedule, operation and timer source at v0.1.3 and candidate; runtime recipe/content and timer validation required. Optional endurance unexecuted historically.",9f5a641d223606c45e5e6aa8a20094c12f9139a1
edit_length_changing,insert-middle-4k-on-100mib-ops-1,100,104857600,1,registered-fixture,1,1,edit_commit_ns,9870875,PASS,PASS,15000000000,PASS,863947875,405303917,11344125,,2195834,7675041,150708,3323417,30261248,5668864,,unavailable: no host CPU counter in this route receipt,49798000,2.1116380830062553,,,,,,,,12439416,-2568541,-20.648405037664148,PASS,PASS,453042125,3b4b7771ba61326b08af2ea18bffdc012e5417706fd050c7e03e80bbc32b2d1e,891067915b4152dd42e7510ef374a3d8a8827ead03a597051335c933d0485958,c2cb953968812a9e401ea362c4aa6cdeea9e03453fbdcaa651cfb01734914405,22007eee74543e6ca084d54567fc3367d22113fa92e0393592358ada99e42cbd,sha256:42eb806fcfe9db1dc28098eb423340de3e4eaf81fd487389128305e65606d347,verification/edit_length_changing/insert-middle-4k-on-100mib-ops-1/verification.json,performance/edit_length_changing/insert-middle-4k-on-100mib-ops-1/perf.jsonl,directly-comparable,"Identical family, fixture generator, schedule, operation and timer source at v0.1.3 and candidate; runtime recipe/content and timer validation required. Optional endurance unexecuted historically.",9f5a641d223606c45e5e6aa8a20094c12f9139a1
edit_length_changing,insert-middle-4k-on-500mib-result-capped-v2-ops-1,500,524283904,1,registered-fixture,1,1,edit_commit_ns,12186833,PASS,PASS,15000000000,PASS,8446474791,441989625,9169833,,3019000,9167833,118583,3545917,30851072,5672960,,unavailable: no host CPU counter in this route receipt,53558000,10.4973911660054,,,,,,,,18010583,-5823750,-32.335155391693874,PASS,PASS,758925459,3b4b7771ba61326b08af2ea18bffdc012e5417706fd050c7e03e80bbc32b2d1e,891067915b4152dd42e7510ef374a3d8a8827ead03a597051335c933d0485958,c2cb953968812a9e401ea362c4aa6cdeea9e03453fbdcaa651cfb01734914405,9be4c77aba73620bbb631915a9651ddf1e932956923d7e783eef71fcc08ad616,sha256:42eb806fcfe9db1dc28098eb423340de3e4eaf81fd487389128305e65606d347,verification/edit_length_changing/insert-middle-4k-on-500mib-result-capped-v2-ops-1/verification.json,performance/edit_length_changing/insert-middle-4k-on-500mib-result-capped-v2-ops-1/perf.jsonl,directly-comparable,"Identical family, fixture generator, schedule, operation and timer source at v0.1.3 and candidate; runtime recipe/content and timer validation required. Optional endurance unexecuted historically.",9f5a641d223606c45e5e6aa8a20094c12f9139a1
edit_length_changing,delete-middle-4k-on-1mib-ops-1,1,1048576,1,registered-fixture,1,1,edit_commit_ns,8083875,PASS,PASS,15000000000,PASS,586306584,403549667,9521083,,2482792,5601083,120250,3202250,30801920,5918720,,unavailable: no host CPU counter in this route receipt,46373000,1.769700125005329,,,,,,,,5290000,2793875,52.81427221172023,PASS,PASS,370781541,3b4b7771ba61326b08af2ea18bffdc012e5417706fd050c7e03e80bbc32b2d1e,891067915b4152dd42e7510ef374a3d8a8827ead03a597051335c933d0485958,c2cb953968812a9e401ea362c4aa6cdeea9e03453fbdcaa651cfb01734914405,2923e4ccca948ce70311209bcfbb4a4407a342ac040d913ad4b39ca198510200,sha256:42eb806fcfe9db1dc28098eb423340de3e4eaf81fd487389128305e65606d347,verification/edit_length_changing/delete-middle-4k-on-1mib-ops-1/verification.json,performance/edit_length_changing/delete-middle-4k-on-1mib-ops-1/perf.jsonl,directly-comparable,"Identical family, fixture generator, schedule, operation and timer source at v0.1.3 and candidate; runtime recipe/content and timer validation required. Optional endurance unexecuted historically.",9f5a641d223606c45e5e6aa8a20094c12f9139a1
edit_length_changing,delete-middle-4k-on-10mib-ops-1,10,10485760,1,registered-fixture,1,1,edit_commit_ns,9307542,PASS,PASS,15000000000,PASS,563066916,389798417,8798416,,2418542,6889000,120791,2980625,30212096,5926912,,unavailable: no host CPU counter in this route receipt,45243000,1.723852374998387,,,,,,,,6569875,2737667,41.6700013318366,PASS,PASS,366880750,3b4b7771ba61326b08af2ea18bffdc012e5417706fd050c7e03e80bbc32b2d1e,891067915b4152dd42e7510ef374a3d8a8827ead03a597051335c933d0485958,c2cb953968812a9e401ea362c4aa6cdeea9e03453fbdcaa651cfb01734914405,9ac423899aec3877770004f5b678cbd6b010e4fc7c51b85dc113e4d64faabc71,sha256:42eb806fcfe9db1dc28098eb423340de3e4eaf81fd487389128305e65606d347,verification/edit_length_changing/delete-middle-4k-on-10mib-ops-1/verification.json,performance/edit_length_changing/delete-middle-4k-on-10mib-ops-1/perf.jsonl,directly-comparable,"Identical family, fixture generator, schedule, operation and timer source at v0.1.3 and candidate; runtime recipe/content and timer validation required. Optional endurance unexecuted historically.",9f5a641d223606c45e5e6aa8a20094c12f9139a1
edit_length_changing,delete-middle-4k-on-100mib-ops-1,100,104857600,1,registered-fixture,1,1,edit_commit_ns,10370167,PASS,PASS,15000000000,PASS,850940291,416443834,9216000,,3000208,7369959,125583,3020000,30605312,5398528,,unavailable: no host CPU counter in this route receipt,48678000,2.1740779590036254,,,,,,,,6758000,3612167,53.450236756436816,PASS,PASS,447471042,3b4b7771ba61326b08af2ea18bffdc012e5417706fd050c7e03e80bbc32b2d1e,891067915b4152dd42e7510ef374a3d8a8827ead03a597051335c933d0485958,c2cb953968812a9e401ea362c4aa6cdeea9e03453fbdcaa651cfb01734914405,862d39862801af30c503a1f645d623a871ae8bcd6c7a1437a5fe440ce2952f11,sha256:42eb806fcfe9db1dc28098eb423340de3e4eaf81fd487389128305e65606d347,verification/edit_length_changing/delete-middle-4k-on-100mib-ops-1/verification.json,performance/edit_length_changing/delete-middle-4k-on-100mib-ops-1/perf.jsonl,directly-comparable,"Identical family, fixture generator, schedule, operation and timer source at v0.1.3 and candidate; runtime recipe/content and timer validation required. Optional endurance unexecuted historically.",9f5a641d223606c45e5e6aa8a20094c12f9139a1
edit_length_changing,delete-middle-4k-on-500mib-ops-1,500,524288000,1,registered-fixture,1,1,edit_commit_ns,12893416,PASS,PASS,15000000000,PASS,2228446291,472734417,17347625,,3573583,9319833,140042,3341584,30916608,5681152,,unavailable: no host CPU counter in this route receipt,60096000,4.050583834003191,,,,,,,,7488083,5405333,72.18580509858131,PASS,PASS,665161417,3b4b7771ba61326b08af2ea18bffdc012e5417706fd050c7e03e80bbc32b2d1e,891067915b4152dd42e7510ef374a3d8a8827ead03a597051335c933d0485958,c2cb953968812a9e401ea362c4aa6cdeea9e03453fbdcaa651cfb01734914405,7898f84103eaa0b23ec0bbd3298947fbff7f224d602710aeb3707e594e53b75a,sha256:42eb806fcfe9db1dc28098eb423340de3e4eaf81fd487389128305e65606d347,verification/edit_length_changing/delete-middle-4k-on-500mib-ops-1/verification.json,performance/edit_length_changing/delete-middle-4k-on-500mib-ops-1/perf.jsonl,directly-comparable,"Identical family, fixture generator, schedule, operation and timer source at v0.1.3 and candidate; runtime recipe/content and timer validation required. Optional endurance unexecuted historically.",9f5a641d223606c45e5e6aa8a20094c12f9139a1
edit_length_changing,append-tail-4k-on-1mib-ops-1,1,1048576,1,registered-fixture,1,1,edit_commit_ns,9517500,PASS,PASS,15000000000,PASS,521770292,407645584,9802375,,2637584,6879916,144834,2995334,30867456,5926912,,unavailable: no host CPU counter in this route receipt,49198000,1.6256160420016386,,,,,,,,6261125,3256375,52.00942322665655,PASS,PASS,366148792,3b4b7771ba61326b08af2ea18bffdc012e5417706fd050c7e03e80bbc32b2d1e,891067915b4152dd42e7510ef374a3d8a8827ead03a597051335c933d0485958,c2cb953968812a9e401ea362c4aa6cdeea9e03453fbdcaa651cfb01734914405,98f9931f6dc080d3b555615a17abfcbc41bd1feb18c3963f738e7e969bb059ab,sha256:42eb806fcfe9db1dc28098eb423340de3e4eaf81fd487389128305e65606d347,verification/edit_length_changing/append-tail-4k-on-1mib-ops-1/verification.json,performance/edit_length_changing/append-tail-4k-on-1mib-ops-1/perf.jsonl,directly-comparable,"Identical family, fixture generator, schedule, operation and timer source at v0.1.3 and candidate; runtime recipe/content and timer validation required. Optional endurance unexecuted historically.",9f5a641d223606c45e5e6aa8a20094c12f9139a1
edit_length_changing,append-tail-4k-on-10mib-ops-1,10,10485760,1,registered-fixture,1,1,edit_commit_ns,7851292,PASS,PASS,15000000000,PASS,561749416,395930792,8980334,,2304083,5547209,96750,2538041,31096832,5398528,,unavailable: no host CPU counter in this route receipt,43842000,1.8584780410019448,,,,,,,,5905416,1945876,32.95070152551488,PASS,PASS,374749125,3b4b7771ba61326b08af2ea18bffdc012e5417706fd050c7e03e80bbc32b2d1e,891067915b4152dd42e7510ef374a3d8a8827ead03a597051335c933d0485958,c2cb953968812a9e401ea362c4aa6cdeea9e03453fbdcaa651cfb01734914405,0f8023ff9bf455b429e2a68b6299b2da45a98a8032396cce5d5e4e1d9c98f326,sha256:42eb806fcfe9db1dc28098eb423340de3e4eaf81fd487389128305e65606d347,verification/edit_length_changing/append-tail-4k-on-10mib-ops-1/verification.json,performance/edit_length_changing/append-tail-4k-on-10mib-ops-1/perf.jsonl,directly-comparable,"Identical family, fixture generator, schedule, operation and timer source at v0.1.3 and candidate; runtime recipe/content and timer validation required. Optional endurance unexecuted historically.",9f5a641d223606c45e5e6aa8a20094c12f9139a1
edit_length_changing,append-tail-4k-on-100mib-ops-1,100,104857600,1,registered-fixture,1,1,edit_commit_ns,9157208,PASS,PASS,15000000000,PASS,939361042,415305833,9014750,,2758250,6398958,103333,3103292,30736384,5402624,,unavailable: no host CPU counter in this route receipt,47732000,2.266644165996695,,,,,,,,6254875,2902333,46.401135114610604,PASS,PASS,444989500,3b4b7771ba61326b08af2ea18bffdc012e5417706fd050c7e03e80bbc32b2d1e,891067915b4152dd42e7510ef374a3d8a8827ead03a597051335c933d0485958,c2cb953968812a9e401ea362c4aa6cdeea9e03453fbdcaa651cfb01734914405,084fdc92eccb1d6e9dd168781d69982e2a0f0a269f59dea29c9f7f856c871aec,sha256:42eb806fcfe9db1dc28098eb423340de3e4eaf81fd487389128305e65606d347,verification/edit_length_changing/append-tail-4k-on-100mib-ops-1/verification.json,performance/edit_length_changing/append-tail-4k-on-100mib-ops-1/perf.jsonl,directly-comparable,"Identical family, fixture generator, schedule, operation and timer source at v0.1.3 and candidate; runtime recipe/content and timer validation required. Optional endurance unexecuted historically.",9f5a641d223606c45e5e6aa8a20094c12f9139a1
edit_length_changing,append-tail-4k-on-500mib-result-capped-v2-ops-1,500,524283904,1,registered-fixture,1,1,edit_commit_ns,9450834,PASS,PASS,15000000000,PASS,2251428042,464621792,10686542,,2385542,7065292,131334,2751750,30932992,5668864,,unavailable: no host CPU counter in this route receipt,48106000,4.19201095799508,,,,,,,,6686041,2764793,41.35172069689671,PASS,PASS,761169000,3b4b7771ba61326b08af2ea18bffdc012e5417706fd050c7e03e80bbc32b2d1e,891067915b4152dd42e7510ef374a3d8a8827ead03a597051335c933d0485958,c2cb953968812a9e401ea362c4aa6cdeea9e03453fbdcaa651cfb01734914405,eda0806cb97c81ccddb6bad132d6b26fda6df2f54d3a7fa5696af14d763ffba9,sha256:42eb806fcfe9db1dc28098eb423340de3e4eaf81fd487389128305e65606d347,verification/edit_length_changing/append-tail-4k-on-500mib-result-capped-v2-ops-1/verification.json,performance/edit_length_changing/append-tail-4k-on-500mib-result-capped-v2-ops-1/perf.jsonl,directly-comparable,"Identical family, fixture generator, schedule, operation and timer source at v0.1.3 and candidate; runtime recipe/content and timer validation required. Optional endurance unexecuted historically.",9f5a641d223606c45e5e6aa8a20094c12f9139a1
edit_length_changing,prepend-head-4k-on-1mib-ops-1,1,1048576,1,registered-fixture,1,1,edit_commit_ns,8614875,PASS,PASS,15000000000,PASS,580440250,415214333,8932958,,2670625,5944250,139209,3173542,31047680,5926912,,unavailable: no host CPU counter in this route receipt,45926000,1.737096000011661,,,,,,,,5905500,2709375,45.87884175768352,PASS,PASS,368124459,3b4b7771ba61326b08af2ea18bffdc012e5417706fd050c7e03e80bbc32b2d1e,891067915b4152dd42e7510ef374a3d8a8827ead03a597051335c933d0485958,c2cb953968812a9e401ea362c4aa6cdeea9e03453fbdcaa651cfb01734914405,d19c0ea2a9fe12cb8f7dee824ba7aeb4097db0405e190490bae9ae530709ebcb,sha256:42eb806fcfe9db1dc28098eb423340de3e4eaf81fd487389128305e65606d347,verification/edit_length_changing/prepend-head-4k-on-1mib-ops-1/verification.json,performance/edit_length_changing/prepend-head-4k-on-1mib-ops-1/perf.jsonl,directly-comparable,"Identical family, fixture generator, schedule, operation and timer source at v0.1.3 and candidate; runtime recipe/content and timer validation required. Optional endurance unexecuted historically.",9f5a641d223606c45e5e6aa8a20094c12f9139a1
edit_length_changing,prepend-head-4k-on-10mib-ops-1,10,10485760,1,registered-fixture,1,1,edit_commit_ns,9615167,PASS,PASS,15000000000,PASS,563614625,410552916,10568833,,2496417,7118750,132125,4658667,30851072,5931008,,unavailable: no host CPU counter in this route receipt,52719000,1.8967466659960337,,,,,,,,5671583,3943584,69.53233338910847,PASS,PASS,388205917,3b4b7771ba61326b08af2ea18bffdc012e5417706fd050c7e03e80bbc32b2d1e,891067915b4152dd42e7510ef374a3d8a8827ead03a597051335c933d0485958,c2cb953968812a9e401ea362c4aa6cdeea9e03453fbdcaa651cfb01734914405,8f155de229cead000cb6e0d1a55c99f9703065af73f5d1b623edc9d7a2be8638,sha256:42eb806fcfe9db1dc28098eb423340de3e4eaf81fd487389128305e65606d347,verification/edit_length_changing/prepend-head-4k-on-10mib-ops-1/verification.json,performance/edit_length_changing/prepend-head-4k-on-10mib-ops-1/perf.jsonl,directly-comparable,"Identical family, fixture generator, schedule, operation and timer source at v0.1.3 and candidate; runtime recipe/content and timer validation required. Optional endurance unexecuted historically.",9f5a641d223606c45e5e6aa8a20094c12f9139a1
edit_length_changing,prepend-head-4k-on-100mib-ops-1,100,104857600,1,registered-fixture,1,1,edit_commit_ns,9099666,PASS,PASS,15000000000,PASS,881086834,468381333,10540083,,2662166,6437500,124916,4007292,30720000,5402624,,unavailable: no host CPU counter in this route receipt,50929000,2.169129375004559,,,,,,,,6269458,2830208,45.14278586761407,PASS,PASS,498232084,3b4b7771ba61326b08af2ea18bffdc012e5417706fd050c7e03e80bbc32b2d1e,891067915b4152dd42e7510ef374a3d8a8827ead03a597051335c933d0485958,c2cb953968812a9e401ea362c4aa6cdeea9e03453fbdcaa651cfb01734914405,cf12f83fd0a31c12bc52b82521fe1334e1c9bc8f47c9dc96b6fd8658b1874f2c,sha256:42eb806fcfe9db1dc28098eb423340de3e4eaf81fd487389128305e65606d347,verification/edit_length_changing/prepend-head-4k-on-100mib-ops-1/verification.json,performance/edit_length_changing/prepend-head-4k-on-100mib-ops-1/perf.jsonl,directly-comparable,"Identical family, fixture generator, schedule, operation and timer source at v0.1.3 and candidate; runtime recipe/content and timer validation required. Optional endurance unexecuted historically.",9f5a641d223606c45e5e6aa8a20094c12f9139a1
edit_length_changing,prepend-head-4k-on-500mib-result-capped-v2-ops-1,500,524283904,1,registered-fixture,1,1,edit_commit_ns,9979417,PASS,PASS,15000000000,PASS,2245977000,451373209,8960125,,2408500,7570917,110542,3287042,30687232,5398528,,unavailable: no host CPU counter in this route receipt,49445000,4.167636957994546,,,,,,,,7098667,2880750,40.58156270747733,PASS,PASS,713480667,3b4b7771ba61326b08af2ea18bffdc012e5417706fd050c7e03e80bbc32b2d1e,891067915b4152dd42e7510ef374a3d8a8827ead03a597051335c933d0485958,c2cb953968812a9e401ea362c4aa6cdeea9e03453fbdcaa651cfb01734914405,9349360dd6387230d3440d4a83d3b4bb59e9303a1d24d8a05f14276d8089621c,sha256:42eb806fcfe9db1dc28098eb423340de3e4eaf81fd487389128305e65606d347,verification/edit_length_changing/prepend-head-4k-on-500mib-result-capped-v2-ops-1/verification.json,performance/edit_length_changing/prepend-head-4k-on-500mib-result-capped-v2-ops-1/perf.jsonl,directly-comparable,"Identical family, fixture generator, schedule, operation and timer source at v0.1.3 and candidate; runtime recipe/content and timer validation required. Optional endurance unexecuted historically.",9f5a641d223606c45e5e6aa8a20094c12f9139a1
edit_length_changing,replace-grow-middle-2k-to-4k-on-1mib-ops-1,1,1048576,1,registered-fixture,1,1,edit_commit_ns,8421791,PASS,PASS,15000000000,PASS,539449500,392832750,9416250,,2051625,6370166,125917,3267084,30851072,5394432,,unavailable: no host CPU counter in this route receipt,46354000,1.740251499999431,,,,,,,,5744083,2677708,46.61680550228818,PASS,PASS,366989333,3b4b7771ba61326b08af2ea18bffdc012e5417706fd050c7e03e80bbc32b2d1e,891067915b4152dd42e7510ef374a3d8a8827ead03a597051335c933d0485958,c2cb953968812a9e401ea362c4aa6cdeea9e03453fbdcaa651cfb01734914405,40067ea4b8f870585f49e1c4155c1b5bfaf50d7dcdecd54348b0a302d610fe47,sha256:42eb806fcfe9db1dc28098eb423340de3e4eaf81fd487389128305e65606d347,verification/edit_length_changing/replace-grow-middle-2k-to-4k-on-1mib-ops-1/verification.json,performance/edit_length_changing/replace-grow-middle-2k-to-4k-on-1mib-ops-1/perf.jsonl,directly-comparable,"Identical family, fixture generator, schedule, operation and timer source at v0.1.3 and candidate; runtime recipe/content and timer validation required. Optional endurance unexecuted historically.",9f5a641d223606c45e5e6aa8a20094c12f9139a1
edit_length_changing,replace-grow-middle-2k-to-4k-on-10mib-ops-1,10,10485760,1,registered-fixture,1,1,edit_commit_ns,9059208,PASS,PASS,15000000000,PASS,573703125,399403791,7635583,,2387375,6671833,96334,3065375,31145984,5668864,,unavailable: no host CPU counter in this route receipt,45340000,1.8938217499962775,,,,,,,,6462958,2596250,40.17123428622003,PASS,PASS,384684292,3b4b7771ba61326b08af2ea18bffdc012e5417706fd050c7e03e80bbc32b2d1e,891067915b4152dd42e7510ef374a3d8a8827ead03a597051335c933d0485958,c2cb953968812a9e401ea362c4aa6cdeea9e03453fbdcaa651cfb01734914405,d0ad2a0e7405fa1ade13440125018656b2e737ab1e0ea80352628a05967ca4db,sha256:42eb806fcfe9db1dc28098eb423340de3e4eaf81fd487389128305e65606d347,verification/edit_length_changing/replace-grow-middle-2k-to-4k-on-10mib-ops-1/verification.json,performance/edit_length_changing/replace-grow-middle-2k-to-4k-on-10mib-ops-1/perf.jsonl,directly-comparable,"Identical family, fixture generator, schedule, operation and timer source at v0.1.3 and candidate; runtime recipe/content and timer validation required. Optional endurance unexecuted historically.",9f5a641d223606c45e5e6aa8a20094c12f9139a1
edit_length_changing,replace-grow-middle-2k-to-4k-on-100mib-ops-1,100,104857600,1,registered-fixture,1,1,edit_commit_ns,10347000,PASS,PASS,15000000000,PASS,858861375,458089708,8895833,,2530333,7816667,147292,3206542,30834688,5427200,,unavailable: no host CPU counter in this route receipt,51341000,2.1146369999914896,,,,,,,,6381708,3965292,62.13527789112256,PASS,PASS,436681167,3b4b7771ba61326b08af2ea18bffdc012e5417706fd050c7e03e80bbc32b2d1e,891067915b4152dd42e7510ef374a3d8a8827ead03a597051335c933d0485958,c2cb953968812a9e401ea362c4aa6cdeea9e03453fbdcaa651cfb01734914405,f21feda4751fa75d647c7e02fccb1a3214510fb522cd9b6ab93ca23eb6500ee7,sha256:42eb806fcfe9db1dc28098eb423340de3e4eaf81fd487389128305e65606d347,verification/edit_length_changing/replace-grow-middle-2k-to-4k-on-100mib-ops-1/verification.json,performance/edit_length_changing/replace-grow-middle-2k-to-4k-on-100mib-ops-1/perf.jsonl,directly-comparable,"Identical family, fixture generator, schedule, operation and timer source at v0.1.3 and candidate; runtime recipe/content and timer validation required. Optional endurance unexecuted historically.",9f5a641d223606c45e5e6aa8a20094c12f9139a1
edit_length_changing,replace-grow-middle-2k-to-4k-on-500mib-result-capped-v2-ops-1,500,524285952,1,registered-fixture,1,1,edit_commit_ns,11584959,PASS,PASS,15000000000,PASS,8128938375,467926833,11475208,,2481792,9103167,139083,3530875,31129600,5926912,,unavailable: no host CPU counter in this route receipt,54364000,9.766164125001524,,,,,,,,7921917,3663042,46.2393382813781,PASS,PASS,763118917,3b4b7771ba61326b08af2ea18bffdc012e5417706fd050c7e03e80bbc32b2d1e,891067915b4152dd42e7510ef374a3d8a8827ead03a597051335c933d0485958,c2cb953968812a9e401ea362c4aa6cdeea9e03453fbdcaa651cfb01734914405,2537e7f950dfe7ebb19dcaf13f2efe882aa67dd4255b034248c493752b0225c6,sha256:42eb806fcfe9db1dc28098eb423340de3e4eaf81fd487389128305e65606d347,verification/edit_length_changing/replace-grow-middle-2k-to-4k-on-500mib-result-capped-v2-ops-1/verification.json,performance/edit_length_changing/replace-grow-middle-2k-to-4k-on-500mib-result-capped-v2-ops-1/perf.jsonl,directly-comparable,"Identical family, fixture generator, schedule, operation and timer source at v0.1.3 and candidate; runtime recipe/content and timer validation required. Optional endurance unexecuted historically.",9f5a641d223606c45e5e6aa8a20094c12f9139a1
edit_length_changing,replace-shrink-middle-4k-to-2k-on-1mib-ops-1,1,1048576,1,registered-fixture,1,1,edit_commit_ns,9896083,PASS,PASS,15000000000,PASS,536620250,393074333,8030375,,3048083,6848000,129125,3101917,31031296,5918720,,unavailable: no host CPU counter in this route receipt,49350000,1.8521834169951035,,,,,,,,5880000,4016083,68.300731292517,PASS,PASS,370000541,3b4b7771ba61326b08af2ea18bffdc012e5417706fd050c7e03e80bbc32b2d1e,891067915b4152dd42e7510ef374a3d8a8827ead03a597051335c933d0485958,c2cb953968812a9e401ea362c4aa6cdeea9e03453fbdcaa651cfb01734914405,5756940bb597998b2f93f6392d919087667be6c3e8900e60d0dd6bf05308465c,sha256:42eb806fcfe9db1dc28098eb423340de3e4eaf81fd487389128305e65606d347,verification/edit_length_changing/replace-shrink-middle-4k-to-2k-on-1mib-ops-1/verification.json,performance/edit_length_changing/replace-shrink-middle-4k-to-2k-on-1mib-ops-1/perf.jsonl,directly-comparable,"Identical family, fixture generator, schedule, operation and timer source at v0.1.3 and candidate; runtime recipe/content and timer validation required. Optional endurance unexecuted historically.",9f5a641d223606c45e5e6aa8a20094c12f9139a1
edit_length_changing,replace-shrink-middle-4k-to-2k-on-10mib-ops-1,10,10485760,1,registered-fixture,1,1,edit_commit_ns,9247916,PASS,PASS,15000000000,PASS,626697042,397808584,8894166,,2445416,6802500,213667,3128042,30818304,5066752,,unavailable: no host CPU counter in this route receipt,46607000,1.9533598339912714,,,,,,,,5769750,3478166,60.28278521599723,PASS,PASS,331106750,3b4b7771ba61326b08af2ea18bffdc012e5417706fd050c7e03e80bbc32b2d1e,891067915b4152dd42e7510ef374a3d8a8827ead03a597051335c933d0485958,c2cb953968812a9e401ea362c4aa6cdeea9e03453fbdcaa651cfb01734914405,be0011ccb087c120739869ba02208f26ca1fa93f1fd62d2f43f2f33edfb7fd4d,sha256:42eb806fcfe9db1dc28098eb423340de3e4eaf81fd487389128305e65606d347,verification/edit_length_changing/replace-shrink-middle-4k-to-2k-on-10mib-ops-1/verification.json,performance/edit_length_changing/replace-shrink-middle-4k-to-2k-on-10mib-ops-1/perf.jsonl,directly-comparable,"Identical family, fixture generator, schedule, operation and timer source at v0.1.3 and candidate; runtime recipe/content and timer validation required. Optional endurance unexecuted historically.",9f5a641d223606c45e5e6aa8a20094c12f9139a1
edit_length_changing,replace-shrink-middle-4k-to-2k-on-100mib-ops-1,100,104857600,1,registered-fixture,1,1,edit_commit_ns,9705333,PASS,PASS,15000000000,PASS,909321292,467915417,9892834,,2481208,7224125,111916,3039125,31113216,5926912,,unavailable: no host CPU counter in this route receipt,49603000,2.145099041008507,,,,,,,,7007625,2697708,38.496751752555255,PASS,PASS,447484458,3b4b7771ba61326b08af2ea18bffdc012e5417706fd050c7e03e80bbc32b2d1e,891067915b4152dd42e7510ef374a3d8a8827ead03a597051335c933d0485958,c2cb953968812a9e401ea362c4aa6cdeea9e03453fbdcaa651cfb01734914405,d9b3dcf813b589a58233ca4e285ad907edf456c8039ab396dfa2f1b0e4c9c6a2,sha256:42eb806fcfe9db1dc28098eb423340de3e4eaf81fd487389128305e65606d347,verification/edit_length_changing/replace-shrink-middle-4k-to-2k-on-100mib-ops-1/verification.json,performance/edit_length_changing/replace-shrink-middle-4k-to-2k-on-100mib-ops-1/perf.jsonl,directly-comparable,"Identical family, fixture generator, schedule, operation and timer source at v0.1.3 and candidate; runtime recipe/content and timer validation required. Optional endurance unexecuted historically.",9f5a641d223606c45e5e6aa8a20094c12f9139a1
edit_length_changing,replace-shrink-middle-4k-to-2k-on-500mib-ops-1,500,524288000,1,registered-fixture,1,1,edit_commit_ns,11142333,PASS,PASS,15000000000,PASS,2220844083,456816042,8034959,,2365875,8776458,104000,3554792,31047680,5619712,,unavailable: no host CPU counter in this route receipt,57126000,4.209020333990338,,,,,,,,6996750,4145583,59.250123271518916,PASS,PASS,735335750,3b4b7771ba61326b08af2ea18bffdc012e5417706fd050c7e03e80bbc32b2d1e,891067915b4152dd42e7510ef374a3d8a8827ead03a597051335c933d0485958,c2cb953968812a9e401ea362c4aa6cdeea9e03453fbdcaa651cfb01734914405,a4a190d67c82fafdd83d3df34152444dee6b7c0e85e27f1d2079210e794b5274,sha256:42eb806fcfe9db1dc28098eb423340de3e4eaf81fd487389128305e65606d347,verification/edit_length_changing/replace-shrink-middle-4k-to-2k-on-500mib-ops-1/verification.json,performance/edit_length_changing/replace-shrink-middle-4k-to-2k-on-500mib-ops-1/perf.jsonl,directly-comparable,"Identical family, fixture generator, schedule, operation and timer source at v0.1.3 and candidate; runtime recipe/content and timer validation required. Optional endurance unexecuted historically.",9f5a641d223606c45e5e6aa8a20094c12f9139a1
edit_length_changing,truncate-tail-4k-on-1mib-ops-1,1,1048576,1,registered-fixture,1,1,edit_commit_ns,8636666,PASS,PASS,15000000000,PASS,601444667,408113625,10630792,,3138166,5498500,117791,3340209,30785536,5947392,,unavailable: no host CPU counter in this route receipt,46778000,1.9223084580007708,,,,,,,,5293459,3343207,63.15732302828831,PASS,PASS,372907042,3b4b7771ba61326b08af2ea18bffdc012e5417706fd050c7e03e80bbc32b2d1e,891067915b4152dd42e7510ef374a3d8a8827ead03a597051335c933d0485958,c2cb953968812a9e401ea362c4aa6cdeea9e03453fbdcaa651cfb01734914405,0c76bc52f65e852fb8cc7213d05f086058e5ce5892d8122254c0f849abdeb3b5,sha256:42eb806fcfe9db1dc28098eb423340de3e4eaf81fd487389128305e65606d347,verification/edit_length_changing/truncate-tail-4k-on-1mib-ops-1/verification.json,performance/edit_length_changing/truncate-tail-4k-on-1mib-ops-1/perf.jsonl,directly-comparable,"Identical family, fixture generator, schedule, operation and timer source at v0.1.3 and candidate; runtime recipe/content and timer validation required. Optional endurance unexecuted historically.",9f5a641d223606c45e5e6aa8a20094c12f9139a1
edit_length_changing,truncate-tail-4k-on-10mib-ops-1,10,10485760,1,registered-fixture,1,1,edit_commit_ns,7609958,PASS,PASS,15000000000,PASS,610005875,410119500,9366583,,2060916,5549042,116583,3091958,30703616,6213632,,unavailable: no host CPU counter in this route receipt,42198000,1.979087375002564,,,,,,,,15641333,-8031375,-51.34712623278336,PASS,PASS,378908208,3b4b7771ba61326b08af2ea18bffdc012e5417706fd050c7e03e80bbc32b2d1e,891067915b4152dd42e7510ef374a3d8a8827ead03a597051335c933d0485958,c2cb953968812a9e401ea362c4aa6cdeea9e03453fbdcaa651cfb01734914405,c6175a0bae618387b5e502a7e07f5fb08a8bfed3e9ff65693b92086617ef5fb3,sha256:42eb806fcfe9db1dc28098eb423340de3e4eaf81fd487389128305e65606d347,verification/edit_length_changing/truncate-tail-4k-on-10mib-ops-1/verification.json,performance/edit_length_changing/truncate-tail-4k-on-10mib-ops-1/perf.jsonl,directly-comparable,"Identical family, fixture generator, schedule, operation and timer source at v0.1.3 and candidate; runtime recipe/content and timer validation required. Optional endurance unexecuted historically.",9f5a641d223606c45e5e6aa8a20094c12f9139a1
edit_length_changing,truncate-tail-4k-on-100mib-ops-1,100,104857600,1,registered-fixture,1,1,edit_commit_ns,8849583,PASS,PASS,15000000000,PASS,924554916,455444000,9722917,,2699542,6150041,119375,3185917,29851648,5660672,,unavailable: no host CPU counter in this route receipt,46424000,2.2716656669945223,,,,,,,,6527834,2321749,35.56691239391198,PASS,PASS,430538375,3b4b7771ba61326b08af2ea18bffdc012e5417706fd050c7e03e80bbc32b2d1e,891067915b4152dd42e7510ef374a3d8a8827ead03a597051335c933d0485958,c2cb953968812a9e401ea362c4aa6cdeea9e03453fbdcaa651cfb01734914405,2f744d535c747feb254288fd457c30cc725fbfa5c4aa6a187a3ec2aa858159f3,sha256:42eb806fcfe9db1dc28098eb423340de3e4eaf81fd487389128305e65606d347,verification/edit_length_changing/truncate-tail-4k-on-100mib-ops-1/verification.json,performance/edit_length_changing/truncate-tail-4k-on-100mib-ops-1/perf.jsonl,directly-comparable,"Identical family, fixture generator, schedule, operation and timer source at v0.1.3 and candidate; runtime recipe/content and timer validation required. Optional endurance unexecuted historically.",9f5a641d223606c45e5e6aa8a20094c12f9139a1
edit_length_changing,truncate-tail-4k-on-500mib-ops-1,500,524288000,1,registered-fixture,1,1,edit_commit_ns,10314958,PASS,PASS,15000000000,PASS,2286462208,458412833,9038917,,2990333,7324625,100792,3077125,31178752,5918720,,unavailable: no host CPU counter in this route receipt,47575000,4.001222499995492,,,,,,,,6895459,3419499,49.59059288148911,PASS,PASS,717671000,3b4b7771ba61326b08af2ea18bffdc012e5417706fd050c7e03e80bbc32b2d1e,891067915b4152dd42e7510ef374a3d8a8827ead03a597051335c933d0485958,c2cb953968812a9e401ea362c4aa6cdeea9e03453fbdcaa651cfb01734914405,1e3d19dff4a1f3f88e7986376f7652d477fe03900ec5726ac3ddaca399a698e8,sha256:42eb806fcfe9db1dc28098eb423340de3e4eaf81fd487389128305e65606d347,verification/edit_length_changing/truncate-tail-4k-on-500mib-ops-1/verification.json,performance/edit_length_changing/truncate-tail-4k-on-500mib-ops-1/perf.jsonl,directly-comparable,"Identical family, fixture generator, schedule, operation and timer source at v0.1.3 and candidate; runtime recipe/content and timer validation required. Optional endurance unexecuted historically.",9f5a641d223606c45e5e6aa8a20094c12f9139a1
edit_length_changing,zero-extend-tail-4k-on-1mib-ops-1,1,1048576,1,registered-fixture,1,1,edit_commit_ns,8598583,PASS,PASS,15000000000,PASS,549708458,410691709,8434625,,2418791,6179792,120958,3306583,31064064,5664768,,unavailable: no host CPU counter in this route receipt,46041000,1.8705641249980545,,,,,,,,5633000,2965583,52.646600390555655,PASS,PASS,360873584,3b4b7771ba61326b08af2ea18bffdc012e5417706fd050c7e03e80bbc32b2d1e,891067915b4152dd42e7510ef374a3d8a8827ead03a597051335c933d0485958,c2cb953968812a9e401ea362c4aa6cdeea9e03453fbdcaa651cfb01734914405,e2708a7dbdb5a5c271bffefc9408e8a5b49a5ab4d8c1aaa7da7fe4bc010b754c,sha256:42eb806fcfe9db1dc28098eb423340de3e4eaf81fd487389128305e65606d347,verification/edit_length_changing/zero-extend-tail-4k-on-1mib-ops-1/verification.json,performance/edit_length_changing/zero-extend-tail-4k-on-1mib-ops-1/perf.jsonl,directly-comparable,"Identical family, fixture generator, schedule, operation and timer source at v0.1.3 and candidate; runtime recipe/content and timer validation required. Optional endurance unexecuted historically.",9f5a641d223606c45e5e6aa8a20094c12f9139a1
edit_length_changing,zero-extend-tail-4k-on-10mib-ops-1,10,10485760,1,registered-fixture,1,1,edit_commit_ns,8377916,PASS,PASS,15000000000,PASS,626373833,406952333,8004083,,2341041,6036875,100542,3051167,30785536,5918720,,unavailable: no host CPU counter in this route receipt,45586000,1.920857499993872,,,,,,,,5637917,2739999,48.59949162075284,PASS,PASS,384099667,3b4b7771ba61326b08af2ea18bffdc012e5417706fd050c7e03e80bbc32b2d1e,891067915b4152dd42e7510ef374a3d8a8827ead03a597051335c933d0485958,c2cb953968812a9e401ea362c4aa6cdeea9e03453fbdcaa651cfb01734914405,4ab5319b605d6312c1297c09b272bc2a6b91621d4c48a3ef797843ed25937211,sha256:42eb806fcfe9db1dc28098eb423340de3e4eaf81fd487389128305e65606d347,verification/edit_length_changing/zero-extend-tail-4k-on-10mib-ops-1/verification.json,performance/edit_length_changing/zero-extend-tail-4k-on-10mib-ops-1/perf.jsonl,directly-comparable,"Identical family, fixture generator, schedule, operation and timer source at v0.1.3 and candidate; runtime recipe/content and timer validation required. Optional endurance unexecuted historically.",9f5a641d223606c45e5e6aa8a20094c12f9139a1
edit_length_changing,zero-extend-tail-4k-on-100mib-ops-1,100,104857600,1,registered-fixture,1,1,edit_commit_ns,9285083,PASS,PASS,15000000000,PASS,837346041,403284083,10075542,,2719083,6566000,112375,3597333,30769152,5140480,,unavailable: no host CPU counter in this route receipt,54216000,2.2463247499981662,,,,,,,,6403792,2881291,44.99351321841809,PASS,PASS,456161500,3b4b7771ba61326b08af2ea18bffdc012e5417706fd050c7e03e80bbc32b2d1e,891067915b4152dd42e7510ef374a3d8a8827ead03a597051335c933d0485958,c2cb953968812a9e401ea362c4aa6cdeea9e03453fbdcaa651cfb01734914405,17098251596578f69f60f2fbba087686af4a3d464cf7e010086450ca478fa8f1,sha256:42eb806fcfe9db1dc28098eb423340de3e4eaf81fd487389128305e65606d347,verification/edit_length_changing/zero-extend-tail-4k-on-100mib-ops-1/verification.json,performance/edit_length_changing/zero-extend-tail-4k-on-100mib-ops-1/perf.jsonl,directly-comparable,"Identical family, fixture generator, schedule, operation and timer source at v0.1.3 and candidate; runtime recipe/content and timer validation required. Optional endurance unexecuted historically.",9f5a641d223606c45e5e6aa8a20094c12f9139a1
edit_length_changing,zero-extend-tail-4k-on-500mib-result-capped-v2-ops-1,500,524283904,1,registered-fixture,1,1,edit_commit_ns,9520000,PASS,PASS,15000000000,PASS,2179093042,453191875,8829000,,2486708,7033292,108416,2956833,30769152,5656576,,unavailable: no host CPU counter in this route receipt,47106000,3.952335124995443,,,,,,,,6663791,2856209,42.861623361236866,PASS,PASS,709501875,3b4b7771ba61326b08af2ea18bffdc012e5417706fd050c7e03e80bbc32b2d1e,891067915b4152dd42e7510ef374a3d8a8827ead03a597051335c933d0485958,c2cb953968812a9e401ea362c4aa6cdeea9e03453fbdcaa651cfb01734914405,bbf4106471d36465cd7e24128cdeb3597bd80a2321df54f1db1e59ca0652a093,sha256:42eb806fcfe9db1dc28098eb423340de3e4eaf81fd487389128305e65606d347,verification/edit_length_changing/zero-extend-tail-4k-on-500mib-result-capped-v2-ops-1/verification.json,performance/edit_length_changing/zero-extend-tail-4k-on-500mib-result-capped-v2-ops-1/perf.jsonl,directly-comparable,"Identical family, fixture generator, schedule, operation and timer source at v0.1.3 and candidate; runtime recipe/content and timer validation required. Optional endurance unexecuted historically.",9f5a641d223606c45e5e6aa8a20094c12f9139a1
edit_canonical_chunk_count,overwrite-fixed-64k-chunk-count-preserve-on-1mib-ops-1,1,1048576,1,registered-fixture,1,1,edit_commit_ns,11623875,PASS,PASS,15000000000,PASS,528609875,392608750,9538000,,2681834,8942041,121667,3489875,30900224,5963776,,unavailable: no host CPU counter in this route receipt,51741000,1.9333829579991288,,,,,,,,6854625,4769250,69.57711034520489,PASS,PASS,364205458,3b4b7771ba61326b08af2ea18bffdc012e5417706fd050c7e03e80bbc32b2d1e,891067915b4152dd42e7510ef374a3d8a8827ead03a597051335c933d0485958,c2cb953968812a9e401ea362c4aa6cdeea9e03453fbdcaa651cfb01734914405,02d3ab9d8a7110b7b7378ee4abbc225351d0f97ba36b8e6f9f6d41686695debb,sha256:42eb806fcfe9db1dc28098eb423340de3e4eaf81fd487389128305e65606d347,verification/edit_canonical_chunk_count/overwrite-fixed-64k-chunk-count-preserve-on-1mib-ops-1/verification.json,performance/edit_canonical_chunk_count/overwrite-fixed-64k-chunk-count-preserve-on-1mib-ops-1/perf.jsonl,directly-comparable,"Identical family, fixture generator, schedule, operation and timer source at v0.1.3 and candidate; runtime recipe/content and timer validation required. Optional endurance unexecuted historically.",9f5a641d223606c45e5e6aa8a20094c12f9139a1
edit_canonical_chunk_count,overwrite-fixed-64k-chunk-count-preserve-on-10mib-ops-1,10,10485760,1,registered-fixture,1,1,edit_commit_ns,10646875,PASS,PASS,15000000000,PASS,563947167,399506209,9649125,,2532625,8114250,102708,3550541,30949376,5693440,,unavailable: no host CPU counter in this route receipt,51620000,1.7565126250119647,,,,,,,,8506500,2140375,25.161641097983896,PASS,PASS,383115083,3b4b7771ba61326b08af2ea18bffdc012e5417706fd050c7e03e80bbc32b2d1e,891067915b4152dd42e7510ef374a3d8a8827ead03a597051335c933d0485958,c2cb953968812a9e401ea362c4aa6cdeea9e03453fbdcaa651cfb01734914405,e2c984a5717870681d24e564f948e45f18f7599c12703b6c9927ca5866f3bb06,sha256:42eb806fcfe9db1dc28098eb423340de3e4eaf81fd487389128305e65606d347,verification/edit_canonical_chunk_count/overwrite-fixed-64k-chunk-count-preserve-on-10mib-ops-1/verification.json,performance/edit_canonical_chunk_count/overwrite-fixed-64k-chunk-count-preserve-on-10mib-ops-1/perf.jsonl,directly-comparable,"Identical family, fixture generator, schedule, operation and timer source at v0.1.3 and candidate; runtime recipe/content and timer validation required. Optional endurance unexecuted historically.",9f5a641d223606c45e5e6aa8a20094c12f9139a1
edit_canonical_chunk_count,overwrite-fixed-64k-chunk-count-preserve-on-100mib-ops-1,100,104857600,1,registered-fixture,1,1,edit_commit_ns,11843250,PASS,PASS,15000000000,PASS,823131708,388685666,8774250,,2999459,8843791,107000,3283250,30752768,5935104,,unavailable: no host CPU counter in this route receipt,53002000,2.1540921660052845,,,,,,,,7335375,4507875,61.453913399110476,PASS,PASS,385611959,3b4b7771ba61326b08af2ea18bffdc012e5417706fd050c7e03e80bbc32b2d1e,891067915b4152dd42e7510ef374a3d8a8827ead03a597051335c933d0485958,c2cb953968812a9e401ea362c4aa6cdeea9e03453fbdcaa651cfb01734914405,c0f402a566b08fabb07e329f2922be6ffb9d17a5e479bb24e1bebee31c5c3828,sha256:42eb806fcfe9db1dc28098eb423340de3e4eaf81fd487389128305e65606d347,verification/edit_canonical_chunk_count/overwrite-fixed-64k-chunk-count-preserve-on-100mib-ops-1/verification.json,performance/edit_canonical_chunk_count/overwrite-fixed-64k-chunk-count-preserve-on-100mib-ops-1/perf.jsonl,directly-comparable,"Identical family, fixture generator, schedule, operation and timer source at v0.1.3 and candidate; runtime recipe/content and timer validation required. Optional endurance unexecuted historically.",9f5a641d223606c45e5e6aa8a20094c12f9139a1
edit_canonical_chunk_count,overwrite-fixed-64k-chunk-count-preserve-on-500mib-ops-1,500,524288000,1,registered-fixture,1,1,edit_commit_ns,12830666,PASS,PASS,15000000000,PASS,2164720333,424059541,8285959,,2859000,9971666,135000,3120459,30982144,5136384,,unavailable: no host CPU counter in this route receipt,54924000,4.029381750005996,,,,,,,,8269583,4561083,55.15493344706741,PASS,PASS,751996625,3b4b7771ba61326b08af2ea18bffdc012e5417706fd050c7e03e80bbc32b2d1e,891067915b4152dd42e7510ef374a3d8a8827ead03a597051335c933d0485958,c2cb953968812a9e401ea362c4aa6cdeea9e03453fbdcaa651cfb01734914405,03509abe5c886cebce1b5c7edf20b9ba68e8c79ffb306ca42c58809e42137cd2,sha256:42eb806fcfe9db1dc28098eb423340de3e4eaf81fd487389128305e65606d347,verification/edit_canonical_chunk_count/overwrite-fixed-64k-chunk-count-preserve-on-500mib-ops-1/verification.json,performance/edit_canonical_chunk_count/overwrite-fixed-64k-chunk-count-preserve-on-500mib-ops-1/perf.jsonl,directly-comparable,"Identical family, fixture generator, schedule, operation and timer source at v0.1.3 and candidate; runtime recipe/content and timer validation required. Optional endurance unexecuted historically.",9f5a641d223606c45e5e6aa8a20094c12f9139a1
edit_canonical_chunk_count,overwrite-fixed-64k-chunk-count-increase-on-1mib-ops-1,1,1048576,1,registered-fixture,1,1,edit_commit_ns,10788917,PASS,PASS,15000000000,PASS,588516750,410144792,9189666,,3320958,7467959,122125,3269541,30720000,5668864,,unavailable: no host CPU counter in this route receipt,51235000,1.735956457996508,,,,,,,,7852416,2936501,37.3961466127113,PASS,PASS,379707250,3b4b7771ba61326b08af2ea18bffdc012e5417706fd050c7e03e80bbc32b2d1e,891067915b4152dd42e7510ef374a3d8a8827ead03a597051335c933d0485958,c2cb953968812a9e401ea362c4aa6cdeea9e03453fbdcaa651cfb01734914405,6fdd87374d9e6365ea15117a929f8bad1702674a294096c5fd604f53b07e1c06,sha256:42eb806fcfe9db1dc28098eb423340de3e4eaf81fd487389128305e65606d347,verification/edit_canonical_chunk_count/overwrite-fixed-64k-chunk-count-increase-on-1mib-ops-1/verification.json,performance/edit_canonical_chunk_count/overwrite-fixed-64k-chunk-count-increase-on-1mib-ops-1/perf.jsonl,directly-comparable,"Identical family, fixture generator, schedule, operation and timer source at v0.1.3 and candidate; runtime recipe/content and timer validation required. Optional endurance unexecuted historically.",9f5a641d223606c45e5e6aa8a20094c12f9139a1
edit_canonical_chunk_count,overwrite-fixed-64k-chunk-count-increase-on-10mib-ops-1,10,10485760,1,registered-fixture,1,1,edit_commit_ns,11734500,PASS,PASS,15000000000,PASS,745700416,403310500,8397250,,3024917,8709583,100459,3356833,30949376,5398528,,unavailable: no host CPU counter in this route receipt,54612000,1.941958750001504,,,,,,,,7515667,4218833,56.13384680295175,PASS,PASS,382542292,3b4b7771ba61326b08af2ea18bffdc012e5417706fd050c7e03e80bbc32b2d1e,891067915b4152dd42e7510ef374a3d8a8827ead03a597051335c933d0485958,c2cb953968812a9e401ea362c4aa6cdeea9e03453fbdcaa651cfb01734914405,c54dff84f020082eed25b60eaa9585b43aad682d76cf787e5eeaa7b5636df002,sha256:42eb806fcfe9db1dc28098eb423340de3e4eaf81fd487389128305e65606d347,verification/edit_canonical_chunk_count/overwrite-fixed-64k-chunk-count-increase-on-10mib-ops-1/verification.json,performance/edit_canonical_chunk_count/overwrite-fixed-64k-chunk-count-increase-on-10mib-ops-1/perf.jsonl,directly-comparable,"Identical family, fixture generator, schedule, operation and timer source at v0.1.3 and candidate; runtime recipe/content and timer validation required. Optional endurance unexecuted historically.",9f5a641d223606c45e5e6aa8a20094c12f9139a1
edit_canonical_chunk_count,overwrite-fixed-64k-chunk-count-increase-on-100mib-ops-1,100,104857600,1,registered-fixture,1,1,edit_commit_ns,12887292,PASS,PASS,15000000000,PASS,858174916,400452250,10960833,,3067167,9820125,130583,3019542,30048256,5935104,,unavailable: no host CPU counter in this route receipt,53582000,2.2458325839979807,,,,,,,,7869709,5017583,63.758177081261834,PASS,PASS,387461500,3b4b7771ba61326b08af2ea18bffdc012e5417706fd050c7e03e80bbc32b2d1e,891067915b4152dd42e7510ef374a3d8a8827ead03a597051335c933d0485958,c2cb953968812a9e401ea362c4aa6cdeea9e03453fbdcaa651cfb01734914405,85fba243ed4c551c15d8411cf48c0947ac28938c1e2ed83b062658db30bb7d58,sha256:42eb806fcfe9db1dc28098eb423340de3e4eaf81fd487389128305e65606d347,verification/edit_canonical_chunk_count/overwrite-fixed-64k-chunk-count-increase-on-100mib-ops-1/verification.json,performance/edit_canonical_chunk_count/overwrite-fixed-64k-chunk-count-increase-on-100mib-ops-1/perf.jsonl,directly-comparable,"Identical family, fixture generator, schedule, operation and timer source at v0.1.3 and candidate; runtime recipe/content and timer validation required. Optional endurance unexecuted historically.",9f5a641d223606c45e5e6aa8a20094c12f9139a1
edit_canonical_chunk_count,overwrite-fixed-64k-chunk-count-increase-on-500mib-ops-1,500,524288000,1,registered-fixture,1,1,edit_commit_ns,12639208,PASS,PASS,15000000000,PASS,2231789208,449258375,9092834,,3434000,9205208,127000,3175458,30621696,5431296,,unavailable: no host CPU counter in this route receipt,54758000,4.076577375002671,,,,,,,,8466250,4172958,49.28933116787243,PASS,PASS,720244166,3b4b7771ba61326b08af2ea18bffdc012e5417706fd050c7e03e80bbc32b2d1e,891067915b4152dd42e7510ef374a3d8a8827ead03a597051335c933d0485958,c2cb953968812a9e401ea362c4aa6cdeea9e03453fbdcaa651cfb01734914405,e5ab8ddfc7510b41f658a99537139ef2d001ef5c8d95b47de511e80f5caed177,sha256:42eb806fcfe9db1dc28098eb423340de3e4eaf81fd487389128305e65606d347,verification/edit_canonical_chunk_count/overwrite-fixed-64k-chunk-count-increase-on-500mib-ops-1/verification.json,performance/edit_canonical_chunk_count/overwrite-fixed-64k-chunk-count-increase-on-500mib-ops-1/perf.jsonl,directly-comparable,"Identical family, fixture generator, schedule, operation and timer source at v0.1.3 and candidate; runtime recipe/content and timer validation required. Optional endurance unexecuted historically.",9f5a641d223606c45e5e6aa8a20094c12f9139a1
edit_canonical_chunk_count,overwrite-fixed-64k-chunk-count-decrease-on-1mib-ops-1,1,1048576,1,registered-fixture,1,1,edit_commit_ns,8817709,PASS,PASS,15000000000,PASS,591284666,401485000,9607000,,2400750,6416959,103625,3288833,31064064,5664768,,unavailable: no host CPU counter in this route receipt,46035000,1.7376706670038402,,,,,,,,7175375,1642334,22.888476212044665,PASS,PASS,366799334,3b4b7771ba61326b08af2ea18bffdc012e5417706fd050c7e03e80bbc32b2d1e,891067915b4152dd42e7510ef374a3d8a8827ead03a597051335c933d0485958,c2cb953968812a9e401ea362c4aa6cdeea9e03453fbdcaa651cfb01734914405,f3dfb783a587dcf7fb04b573817668c49e4c800278641dac7389d322d35b9eb8,sha256:42eb806fcfe9db1dc28098eb423340de3e4eaf81fd487389128305e65606d347,verification/edit_canonical_chunk_count/overwrite-fixed-64k-chunk-count-decrease-on-1mib-ops-1/verification.json,performance/edit_canonical_chunk_count/overwrite-fixed-64k-chunk-count-decrease-on-1mib-ops-1/perf.jsonl,directly-comparable,"Identical family, fixture generator, schedule, operation and timer source at v0.1.3 and candidate; runtime recipe/content and timer validation required. Optional endurance unexecuted historically.",9f5a641d223606c45e5e6aa8a20094c12f9139a1
edit_canonical_chunk_count,overwrite-fixed-64k-chunk-count-decrease-on-10mib-ops-1,10,10485760,1,registered-fixture,1,1,edit_commit_ns,9287667,PASS,PASS,15000000000,PASS,546633375,403996709,8825125,,2406833,6880834,103083,3175750,30900224,5083136,,unavailable: no host CPU counter in this route receipt,46632000,1.9473004590108758,,,,,,,,7013292,2274375,32.42949245518367,PASS,PASS,330992208,3b4b7771ba61326b08af2ea18bffdc012e5417706fd050c7e03e80bbc32b2d1e,891067915b4152dd42e7510ef374a3d8a8827ead03a597051335c933d0485958,c2cb953968812a9e401ea362c4aa6cdeea9e03453fbdcaa651cfb01734914405,3b378ffa9e387f38c767d00239bb055e8268c0d16b1d0b25d27e9db811576b01,sha256:42eb806fcfe9db1dc28098eb423340de3e4eaf81fd487389128305e65606d347,verification/edit_canonical_chunk_count/overwrite-fixed-64k-chunk-count-decrease-on-10mib-ops-1/verification.json,performance/edit_canonical_chunk_count/overwrite-fixed-64k-chunk-count-decrease-on-10mib-ops-1/perf.jsonl,directly-comparable,"Identical family, fixture generator, schedule, operation and timer source at v0.1.3 and candidate; runtime recipe/content and timer validation required. Optional endurance unexecuted historically.",9f5a641d223606c45e5e6aa8a20094c12f9139a1
edit_canonical_chunk_count,overwrite-fixed-64k-chunk-count-decrease-on-100mib-ops-1,100,104857600,1,registered-fixture,1,1,edit_commit_ns,10804084,PASS,PASS,15000000000,PASS,863881708,396257125,8237333,,2906417,7897667,111042,3396083,30916608,5681152,,unavailable: no host CPU counter in this route receipt,50477000,2.1870470419962658,,,,,,,,7582042,3222042,42.49570234509384,PASS,PASS,391133083,3b4b7771ba61326b08af2ea18bffdc012e5417706fd050c7e03e80bbc32b2d1e,891067915b4152dd42e7510ef374a3d8a8827ead03a597051335c933d0485958,c2cb953968812a9e401ea362c4aa6cdeea9e03453fbdcaa651cfb01734914405,1ab667cdaba56f6244fed49f55fb2a8cff303f0f0a099cc7f05040f566644a9e,sha256:42eb806fcfe9db1dc28098eb423340de3e4eaf81fd487389128305e65606d347,verification/edit_canonical_chunk_count/overwrite-fixed-64k-chunk-count-decrease-on-100mib-ops-1/verification.json,performance/edit_canonical_chunk_count/overwrite-fixed-64k-chunk-count-decrease-on-100mib-ops-1/perf.jsonl,directly-comparable,"Identical family, fixture generator, schedule, operation and timer source at v0.1.3 and candidate; runtime recipe/content and timer validation required. Optional endurance unexecuted historically.",9f5a641d223606c45e5e6aa8a20094c12f9139a1
edit_canonical_chunk_count,overwrite-fixed-64k-chunk-count-decrease-on-500mib-ops-1,500,524288000,1,registered-fixture,1,1,edit_commit_ns,11534250,PASS,PASS,15000000000,PASS,2161254291,449981459,9251958,,2629291,8904959,114875,3154791,31031296,5402624,,unavailable: no host CPU counter in this route receipt,50381000,4.135455041003297,,,,,,,,8095500,3438750,42.47730220492866,PASS,PASS,725727750,3b4b7771ba61326b08af2ea18bffdc012e5417706fd050c7e03e80bbc32b2d1e,891067915b4152dd42e7510ef374a3d8a8827ead03a597051335c933d0485958,c2cb953968812a9e401ea362c4aa6cdeea9e03453fbdcaa651cfb01734914405,1d89947ddb3756902bda4d2636bd8a724d3f7b58c2ace3d9fcf3fe12d7b27f10,sha256:42eb806fcfe9db1dc28098eb423340de3e4eaf81fd487389128305e65606d347,verification/edit_canonical_chunk_count/overwrite-fixed-64k-chunk-count-decrease-on-500mib-ops-1/verification.json,performance/edit_canonical_chunk_count/overwrite-fixed-64k-chunk-count-decrease-on-500mib-ops-1/perf.jsonl,directly-comparable,"Identical family, fixture generator, schedule, operation and timer source at v0.1.3 and candidate; runtime recipe/content and timer validation required. Optional endurance unexecuted historically.",9f5a641d223606c45e5e6aa8a20094c12f9139a1
init_namespace,namespace-100-compact-v3,100,5000000,100,compact-low-tier-v2,1,1,layerstack_init_ns,19965250,PASS,PASS,15000000000,PASS,722203625,395022333,,,,,,,25804800,5656576,35107708,native initialization phase,13443000,2.015213207996567,,,,,,,,8901875,11063375,124.28140139015657,PASS,PASS,356697042,3b4b7771ba61326b08af2ea18bffdc012e5417706fd050c7e03e80bbc32b2d1e,891067915b4152dd42e7510ef374a3d8a8827ead03a597051335c933d0485958,c2cb953968812a9e401ea362c4aa6cdeea9e03453fbdcaa651cfb01734914405,7efdb188fb1e1f09fc92ab81241f75490710191c6906b79ec1b4416c92aa9d11,sha256:42eb806fcfe9db1dc28098eb423340de3e4eaf81fd487389128305e65606d347,verification/init_namespace/namespace-100-compact-v3/verification.json,performance/init_namespace/namespace-100-compact-v3/perf.jsonl,directly-comparable,"Identical family, fixture generator, schedule, operation and timer source at v0.1.3 and candidate; runtime recipe/content and timer validation required. Optional endurance unexecuted historically.",9f5a641d223606c45e5e6aa8a20094c12f9139a1
init_namespace,namespace-1000-compact-v3,1000,20000000,1000,compact-low-tier-v2,1,1,layerstack_init_ns,81724000,PASS,PASS,15000000000,PASS,887548375,420352500,,,,,,,50348032,5672960,176070417,native initialization phase,15042000,2.3026790829899255,,,,,,,,38077083,43646917,114.62778543198806,PASS,PASS,374230500,3b4b7771ba61326b08af2ea18bffdc012e5417706fd050c7e03e80bbc32b2d1e,891067915b4152dd42e7510ef374a3d8a8827ead03a597051335c933d0485958,c2cb953968812a9e401ea362c4aa6cdeea9e03453fbdcaa651cfb01734914405,81b2f78e434743c2effdbdb4d8966a48dcdef5e4ed568e52f567a3203773c027,sha256:42eb806fcfe9db1dc28098eb423340de3e4eaf81fd487389128305e65606d347,verification/init_namespace/namespace-1000-compact-v3/verification.json,performance/init_namespace/namespace-1000-compact-v3/perf.jsonl,directly-comparable,"Identical family, fixture generator, schedule, operation and timer source at v0.1.3 and candidate; runtime recipe/content and timer validation required. Optional endurance unexecuted historically.",9f5a641d223606c45e5e6aa8a20094c12f9139a1
init_namespace,namespace-10000,10000,300000000,10000,registered-fixture,1,1,layerstack_init_ns,939235917,PASS,PASS,15000000000,PASS,4351038625,1331639584,,,,,,,70615040,5410816,1797417167,native initialization phase,18945000,6.950492541989661,,,,,,,,403467916,535768001,132.79073248540536,PASS,PASS,329683000,3b4b7771ba61326b08af2ea18bffdc012e5417706fd050c7e03e80bbc32b2d1e,891067915b4152dd42e7510ef374a3d8a8827ead03a597051335c933d0485958,c2cb953968812a9e401ea362c4aa6cdeea9e03453fbdcaa651cfb01734914405,8fc449b332250669cc0f828ed976348e9919b1e1cb8abf3469dba830c6b0082a,sha256:42eb806fcfe9db1dc28098eb423340de3e4eaf81fd487389128305e65606d347,verification/init_namespace/namespace-10000/verification.json,performance/init_namespace/namespace-10000/perf.jsonl,directly-comparable,"Identical family, fixture generator, schedule, operation and timer source at v0.1.3 and candidate; runtime recipe/content and timer validation required. Optional endurance unexecuted historically.",9f5a641d223606c45e5e6aa8a20094c12f9139a1
init_namespace,namespace-100000,100000,500000000,100000,registered-fixture,1,1,layerstack_init_ns,3862514250,PASS,PASS,15000000000,PASS,28812898708,4241471333,,,,,,,94683136,5922816,9959215084,native initialization phase,14858000,6.930421791999834,,,,,,,,2603162083,1259352167,48.37778543350118,PASS,PASS,375210917,3b4b7771ba61326b08af2ea18bffdc012e5417706fd050c7e03e80bbc32b2d1e,891067915b4152dd42e7510ef374a3d8a8827ead03a597051335c933d0485958,c2cb953968812a9e401ea362c4aa6cdeea9e03453fbdcaa651cfb01734914405,01fbbaf6bd9b30d90cbf122cf0e0f576e7e3166b667bed34c90e3f593a244ebd,sha256:42eb806fcfe9db1dc28098eb423340de3e4eaf81fd487389128305e65606d347,verification/init_namespace/namespace-100000/verification.json,performance/init_namespace/namespace-100000/perf.jsonl,directly-comparable,"Identical family, fixture generator, schedule, operation and timer source at v0.1.3 and candidate; runtime recipe/content and timer validation required. Optional endurance unexecuted historically.",9f5a641d223606c45e5e6aa8a20094c12f9139a1
store_footprint,store-footprint-unique-100000,100000,500000000,100000,registered-fixture,1,1,product_call_sum_ns,3949144583,PASS,PASS,15000000000,PASS,28272333000,4531474583,,,,,,,98516992,5931008,10237348167,host process cumulative at observation,64481000,7.155711375002284,,,,,,,,2982459252,966685331,32.41235669361628,PASS,PASS,328940208,3b4b7771ba61326b08af2ea18bffdc012e5417706fd050c7e03e80bbc32b2d1e,891067915b4152dd42e7510ef374a3d8a8827ead03a597051335c933d0485958,c2cb953968812a9e401ea362c4aa6cdeea9e03453fbdcaa651cfb01734914405,3678ace5308ebe9938fa7287c7d151cf6e86c0270d59552e73336c787d35da72,sha256:42eb806fcfe9db1dc28098eb423340de3e4eaf81fd487389128305e65606d347,verification/store_footprint/store-footprint-unique-100000/verification.json,performance/store_footprint/store-footprint-unique-100000/perf.jsonl,directly-comparable,"Identical family, fixture generator, schedule, operation and timer source at v0.1.3 and candidate; runtime recipe/content and timer validation required. Optional endurance unexecuted historically.",9f5a641d223606c45e5e6aa8a20094c12f9139a1
store_footprint,store-footprint-metadata-cardinality-100000,100000,500000000,100000,registered-fixture,1,1,product_call_sum_ns,6910795001,PASS,PASS,15000000000,PASS,29495427959,7514228916,,,,,,,110592000,5672960,13001627041,host process cumulative at observation,57671000,11.056133375008358,,,,,,,,4570429959,2340365042,51.206671210252324,PASS,PASS,383095083,3b4b7771ba61326b08af2ea18bffdc012e5417706fd050c7e03e80bbc32b2d1e,891067915b4152dd42e7510ef374a3d8a8827ead03a597051335c933d0485958,c2cb953968812a9e401ea362c4aa6cdeea9e03453fbdcaa651cfb01734914405,28449244c7794fb5f336451685f470a4b6933c4d5165912a84f47f010a4551f7,sha256:42eb806fcfe9db1dc28098eb423340de3e4eaf81fd487389128305e65606d347,verification/store_footprint/store-footprint-metadata-cardinality-100000/verification.json,performance/store_footprint/store-footprint-metadata-cardinality-100000/perf.jsonl,directly-comparable,"Identical family, fixture generator, schedule, operation and timer source at v0.1.3 and candidate; runtime recipe/content and timer validation required. Optional endurance unexecuted historically.",9f5a641d223606c45e5e6aa8a20094c12f9139a1
store_footprint,store-footprint-large-object-500m,100000,500000000,100,registered-fixture,1,1,product_call_sum_ns,1258095084,PASS,PASS,15000000000,PASS,3649680917,1860387666,,,,,,,65306624,5599232,2033749166,host process cumulative at observation,52689000,6.377733834000537,,,,,,,,491905625,766189459,155.75944247435675,PASS,PASS,380538250,3b4b7771ba61326b08af2ea18bffdc012e5417706fd050c7e03e80bbc32b2d1e,891067915b4152dd42e7510ef374a3d8a8827ead03a597051335c933d0485958,c2cb953968812a9e401ea362c4aa6cdeea9e03453fbdcaa651cfb01734914405,2cd69ce038c424bc661cd1d8bbf725662e26b991c40907f93af20b45aa97a184,sha256:42eb806fcfe9db1dc28098eb423340de3e4eaf81fd487389128305e65606d347,verification/store_footprint/store-footprint-large-object-500m/verification.json,performance/store_footprint/store-footprint-large-object-500m/perf.jsonl,directly-comparable,"Identical family, fixture generator, schedule, operation and timer source at v0.1.3 and candidate; runtime recipe/content and timer validation required. Optional endurance unexecuted historically.",9f5a641d223606c45e5e6aa8a20094c12f9139a1
store_footprint,store-footprint-unique-100-low-v1,100,5000000,100,compact-low-tier-v2,1,1,product_call_sum_ns,48545916,PASS,PASS,15000000000,PASS,1002679417,584535709,,,,,,,28606464,5652480,69900750,host process cumulative at observation,48725000,2.339970125001855,,,,,,,,31947543,16598373,51.95508462106147,PASS,PASS,360553875,3b4b7771ba61326b08af2ea18bffdc012e5417706fd050c7e03e80bbc32b2d1e,891067915b4152dd42e7510ef374a3d8a8827ead03a597051335c933d0485958,c2cb953968812a9e401ea362c4aa6cdeea9e03453fbdcaa651cfb01734914405,bdc4bd1a77be6404f40fb753457b909fb08cb42b4f3f26cda452b6b89f076df0,sha256:42eb806fcfe9db1dc28098eb423340de3e4eaf81fd487389128305e65606d347,verification/store_footprint/store-footprint-unique-100-low-v1/verification.json,performance/store_footprint/store-footprint-unique-100-low-v1/perf.jsonl,directly-comparable,"Identical family, fixture generator, schedule, operation and timer source at v0.1.3 and candidate; runtime recipe/content and timer validation required. Optional endurance unexecuted historically.",9f5a641d223606c45e5e6aa8a20094c12f9139a1
store_footprint,store-footprint-metadata-cardinality-100-low-v1,100,5000000,100,compact-low-tier-v2,1,1,product_call_sum_ns,54943582,PASS,PASS,15000000000,PASS,838846791,570178917,,,,,,,29605888,6221824,72306041,host process cumulative at observation,50174000,2.3100787910079816,,,,,,,,35869626,19073956,53.1757872245448,PASS,PASS,361914334,3b4b7771ba61326b08af2ea18bffdc012e5417706fd050c7e03e80bbc32b2d1e,891067915b4152dd42e7510ef374a3d8a8827ead03a597051335c933d0485958,c2cb953968812a9e401ea362c4aa6cdeea9e03453fbdcaa651cfb01734914405,6ce07733336eb207cd67ecb2c2ad090f84b1a7f3ec0e3ac02da73f89c254f869,sha256:42eb806fcfe9db1dc28098eb423340de3e4eaf81fd487389128305e65606d347,verification/store_footprint/store-footprint-metadata-cardinality-100-low-v1/verification.json,performance/store_footprint/store-footprint-metadata-cardinality-100-low-v1/perf.jsonl,directly-comparable,"Identical family, fixture generator, schedule, operation and timer source at v0.1.3 and candidate; runtime recipe/content and timer validation required. Optional endurance unexecuted historically.",9f5a641d223606c45e5e6aa8a20094c12f9139a1
store_footprint,store-footprint-large-object-10m-low-v1,10,10000000,10,compact-low-tier-v2,1,1,product_call_sum_ns,51825541,PASS,PASS,15000000000,PASS,1084553709,569959666,,,,,,,32178176,5656576,70590083,host process cumulative at observation,45985000,2.4389339170011226,,,,,,,,43893543,7931998,18.07099053270774,PASS,PASS,365760916,3b4b7771ba61326b08af2ea18bffdc012e5417706fd050c7e03e80bbc32b2d1e,891067915b4152dd42e7510ef374a3d8a8827ead03a597051335c933d0485958,c2cb953968812a9e401ea362c4aa6cdeea9e03453fbdcaa651cfb01734914405,f9fe95179388b8dc34759f62f0265f07884bf1a9ba2e3ebbf2796fc0e7eefbd4,sha256:42eb806fcfe9db1dc28098eb423340de3e4eaf81fd487389128305e65606d347,verification/store_footprint/store-footprint-large-object-10m-low-v1/verification.json,performance/store_footprint/store-footprint-large-object-10m-low-v1/perf.jsonl,directly-comparable,"Identical family, fixture generator, schedule, operation and timer source at v0.1.3 and candidate; runtime recipe/content and timer validation required. Optional endurance unexecuted historically.",9f5a641d223606c45e5e6aa8a20094c12f9139a1
tiny_file_churn,tiny-create-1-compact-v2,1,1048576,50,compact-low-tier-v2,1,1,pure_call_sum_ns,22765835,PASS,PASS,15000000000,PASS,1668345625,405124125,8167792,6647584,,4466417,72209,3411833,9158656,5922816,25952625,host process after-product minus before counters,22384000,3.132369207989541,,,,,,,,19053709,3712126,19.48243252796608,PASS,PASS,375476125,3b4b7771ba61326b08af2ea18bffdc012e5417706fd050c7e03e80bbc32b2d1e,891067915b4152dd42e7510ef374a3d8a8827ead03a597051335c933d0485958,c2cb953968812a9e401ea362c4aa6cdeea9e03453fbdcaa651cfb01734914405,19c99dc324ba7b62cf4ca77a8707e99c21f3b136f2c9fe37d38474ed0964d63c,sha256:42eb806fcfe9db1dc28098eb423340de3e4eaf81fd487389128305e65606d347,verification/tiny_file_churn/tiny-create-1-compact-v2/verification.json,performance/tiny_file_churn/tiny-create-1-compact-v2/perf.jsonl,directly-comparable,"Identical family, fixture generator, schedule, operation and timer source at v0.1.3 and candidate; runtime recipe/content and timer validation required. Optional endurance unexecuted historically.",9f5a641d223606c45e5e6aa8a20094c12f9139a1
tiny_file_churn,tiny-create-10-compact-v2,10,10485760,500,compact-low-tier-v2,1,1,pure_call_sum_ns,31788209,PASS,PASS,15000000000,PASS,9162736417,399202250,8402375,12353750,,8039875,75250,2916959,11124736,5918720,34712625,host process after-product minus before counters,23902000,10.56521333398996,,,,,,,,26711667,5076542,19.004961390092202,PASS,PASS,382637541,3b4b7771ba61326b08af2ea18bffdc012e5417706fd050c7e03e80bbc32b2d1e,891067915b4152dd42e7510ef374a3d8a8827ead03a597051335c933d0485958,c2cb953968812a9e401ea362c4aa6cdeea9e03453fbdcaa651cfb01734914405,47ea7d6fc6f48b8cce4ede1cada601ebd2b07e5e24f378c2c39f999b6363fda0,sha256:42eb806fcfe9db1dc28098eb423340de3e4eaf81fd487389128305e65606d347,verification/tiny_file_churn/tiny-create-10-compact-v2/verification.json,performance/tiny_file_churn/tiny-create-10-compact-v2/perf.jsonl,directly-comparable,"Identical family, fixture generator, schedule, operation and timer source at v0.1.3 and candidate; runtime recipe/content and timer validation required. Optional endurance unexecuted historically.",9f5a641d223606c45e5e6aa8a20094c12f9139a1
tiny_file_churn,tiny-create-100-mixed-v4,100,104857600,2000,workspace-mixed-v4,1,1,pure_call_sum_ns,68317583,PASS,PASS,15000000000,PASS,9511522625,460664667,9431291,37417208,,17958500,72709,3437875,15630336,5660672,54694875,host process after-product minus before counters,39811000,11.153519166997285,,,,,,,,53616291,14701292,27.419449808641183,PASS,PASS,423522041,3b4b7771ba61326b08af2ea18bffdc012e5417706fd050c7e03e80bbc32b2d1e,891067915b4152dd42e7510ef374a3d8a8827ead03a597051335c933d0485958,c2cb953968812a9e401ea362c4aa6cdeea9e03453fbdcaa651cfb01734914405,f843b14ef0a22b37f0936d281f2e2f1c5c6ff2140164ba93680a5c278abb8862,sha256:42eb806fcfe9db1dc28098eb423340de3e4eaf81fd487389128305e65606d347,verification/tiny_file_churn/tiny-create-100-mixed-v4/verification.json,performance/tiny_file_churn/tiny-create-100-mixed-v4/perf.jsonl,directly-comparable,"Identical family, fixture generator, schedule, operation and timer source at v0.1.3 and candidate; runtime recipe/content and timer validation required. Optional endurance unexecuted historically.",9f5a641d223606c45e5e6aa8a20094c12f9139a1
tiny_file_churn,tiny-create-500-mixed-v4,500,524288000,5000,workspace-mixed-v4,1,1,pure_call_sum_ns,224958292,PASS,PASS,15000000000,PASS,15487421750,708244916,9507917,159159125,,51700750,84542,4505958,33996800,7053312,135415834,host process after-product minus before counters,109993000,18.120117583006504,,,,,,,,201739625,23218667,11.50922482382923,PASS,PASS,735575542,3b4b7771ba61326b08af2ea18bffdc012e5417706fd050c7e03e80bbc32b2d1e,891067915b4152dd42e7510ef374a3d8a8827ead03a597051335c933d0485958,c2cb953968812a9e401ea362c4aa6cdeea9e03453fbdcaa651cfb01734914405,3ab972f87008c768ccc771378ebe6bae0d8c238e77f153904773350f76ad1b36,sha256:42eb806fcfe9db1dc28098eb423340de3e4eaf81fd487389128305e65606d347,verification/tiny_file_churn/tiny-create-500-mixed-v4/verification.json,performance/tiny_file_churn/tiny-create-500-mixed-v4/perf.jsonl,directly-comparable,"Identical family, fixture generator, schedule, operation and timer source at v0.1.3 and candidate; runtime recipe/content and timer validation required. Optional endurance unexecuted historically.",9f5a641d223606c45e5e6aa8a20094c12f9139a1
tiny_file_churn,tiny-stat-1-compact-v2,1,1048576,51,compact-low-tier-v2,1,1,pure_call_sum_ns,19672375,PASS,PASS,15000000000,PASS,851189958,417488500,9856958,5467084,,1591125,81000,2676208,8142848,5668864,26542125,host process after-product minus before counters,21889000,1.9675744580017636,,,,,,,,15833917,3838458,24.241998994942314,PASS,PASS,369669375,3b4b7771ba61326b08af2ea18bffdc012e5417706fd050c7e03e80bbc32b2d1e,891067915b4152dd42e7510ef374a3d8a8827ead03a597051335c933d0485958,c2cb953968812a9e401ea362c4aa6cdeea9e03453fbdcaa651cfb01734914405,6d0ec466c35412d938c53659e91902cb6dbaedcdaa7eee7d337302eb244d95cc,sha256:42eb806fcfe9db1dc28098eb423340de3e4eaf81fd487389128305e65606d347,verification/tiny_file_churn/tiny-stat-1-compact-v2/verification.json,performance/tiny_file_churn/tiny-stat-1-compact-v2/perf.jsonl,directly-comparable,"Identical family, fixture generator, schedule, operation and timer source at v0.1.3 and candidate; runtime recipe/content and timer validation required. Optional endurance unexecuted historically.",9f5a641d223606c45e5e6aa8a20094c12f9139a1
tiny_file_churn,tiny-stat-10-compact-v2,10,10502249,510,compact-low-tier-v2,1,1,pure_call_sum_ns,25059791,PASS,PASS,15000000000,PASS,961896792,408953416,9653708,10662375,,2108333,81417,2553958,8962048,5660672,29266417,host process after-product minus before counters,22341000,2.20772304199636,,,,,,,,21194250,3865541,18.238630760701607,PASS,PASS,362490792,3b4b7771ba61326b08af2ea18bffdc012e5417706fd050c7e03e80bbc32b2d1e,891067915b4152dd42e7510ef374a3d8a8827ead03a597051335c933d0485958,c2cb953968812a9e401ea362c4aa6cdeea9e03453fbdcaa651cfb01734914405,0bc775b9ed72ada6ad8c7fb6996b600e62af8a580e7f693d416c1f9e3d30d43a,sha256:42eb806fcfe9db1dc28098eb423340de3e4eaf81fd487389128305e65606d347,verification/tiny_file_churn/tiny-stat-10-compact-v2/verification.json,performance/tiny_file_churn/tiny-stat-10-compact-v2/perf.jsonl,directly-comparable,"Identical family, fixture generator, schedule, operation and timer source at v0.1.3 and candidate; runtime recipe/content and timer validation required. Optional endurance unexecuted historically.",9f5a641d223606c45e5e6aa8a20094c12f9139a1
tiny_file_churn,tiny-stat-100-mixed-v4,100,105682050,2500,workspace-mixed-v4,1,1,pure_call_sum_ns,61444875,PASS,PASS,15000000000,PASS,2753045542,507543291,10522125,44936083,,2705709,90541,3190417,16515072,5951488,63607126,host process after-product minus before counters,28669000,4.0711047500080895,,,,,,,,37810208,23634667,62.50869341951253,PASS,PASS,459010500,3b4b7771ba61326b08af2ea18bffdc012e5417706fd050c7e03e80bbc32b2d1e,891067915b4152dd42e7510ef374a3d8a8827ead03a597051335c933d0485958,c2cb953968812a9e401ea362c4aa6cdeea9e03453fbdcaa651cfb01734914405,dc6e1c455bdb00a6367d5ecbf70f9f95b48e5eed756cb7adc6f0764463c303ce,sha256:42eb806fcfe9db1dc28098eb423340de3e4eaf81fd487389128305e65606d347,verification/tiny_file_churn/tiny-stat-100-mixed-v4/verification.json,performance/tiny_file_churn/tiny-stat-100-mixed-v4/perf.jsonl,directly-comparable,"Identical family, fixture generator, schedule, operation and timer source at v0.1.3 and candidate; runtime recipe/content and timer validation required. Optional endurance unexecuted historically.",9f5a641d223606c45e5e6aa8a20094c12f9139a1
tiny_file_churn,tiny-stat-500-mixed-v4,500,525112450,5500,workspace-mixed-v4,1,1,pure_call_sum_ns,84687875,PASS,PASS,15000000000,PASS,9277233542,535432417,10375417,68043208,,2563250,81250,3624750,26329088,6406144,106770416,host process after-product minus before counters,42225000,11.444778457997018,,,,,,,,55349375,29338500,53.00601858647907,PASS,PASS,777734583,3b4b7771ba61326b08af2ea18bffdc012e5417706fd050c7e03e80bbc32b2d1e,891067915b4152dd42e7510ef374a3d8a8827ead03a597051335c933d0485958,c2cb953968812a9e401ea362c4aa6cdeea9e03453fbdcaa651cfb01734914405,b0954eac1daa0c1297e0b1a0f0bda5dc9834781b91e3c5efe07f9f833b384e06,sha256:42eb806fcfe9db1dc28098eb423340de3e4eaf81fd487389128305e65606d347,verification/tiny_file_churn/tiny-stat-500-mixed-v4/verification.json,performance/tiny_file_churn/tiny-stat-500-mixed-v4/perf.jsonl,directly-comparable,"Identical family, fixture generator, schedule, operation and timer source at v0.1.3 and candidate; runtime recipe/content and timer validation required. Optional endurance unexecuted historically.",9f5a641d223606c45e5e6aa8a20094c12f9139a1
tiny_file_churn,tiny-unlink-1-compact-v2,1,1048576,51,compact-low-tier-v2,1,1,pure_call_sum_ns,23583375,PASS,PASS,15000000000,PASS,602908625,400909000,9453000,6867000,,4291583,73000,2898792,9060352,5402624,28360041,host process after-product minus before counters,22108000,1.8468005830072798,,,,,,,,17634874,5948501,33.731463009035394,PASS,PASS,357520375,3b4b7771ba61326b08af2ea18bffdc012e5417706fd050c7e03e80bbc32b2d1e,891067915b4152dd42e7510ef374a3d8a8827ead03a597051335c933d0485958,c2cb953968812a9e401ea362c4aa6cdeea9e03453fbdcaa651cfb01734914405,a3711efac337c1393c6f72b13384d8f35ad62f3c3bae373b9c6585781002c97e,sha256:42eb806fcfe9db1dc28098eb423340de3e4eaf81fd487389128305e65606d347,verification/tiny_file_churn/tiny-unlink-1-compact-v2/verification.json,performance/tiny_file_churn/tiny-unlink-1-compact-v2/perf.jsonl,directly-comparable,"Identical family, fixture generator, schedule, operation and timer source at v0.1.3 and candidate; runtime recipe/content and timer validation required. Optional endurance unexecuted historically.",9f5a641d223606c45e5e6aa8a20094c12f9139a1
tiny_file_churn,tiny-unlink-10-compact-v2,10,10502249,510,compact-low-tier-v2,1,1,pure_call_sum_ns,33431833,PASS,PASS,15000000000,PASS,690908375,461055291,9126334,14830250,,6489125,68666,2917458,10289152,5345280,33283001,host process after-product minus before counters,24736000,1.7412303330056602,,,,,,,,25205291,8226542,32.63815521907682,PASS,PASS,379167917,3b4b7771ba61326b08af2ea18bffdc012e5417706fd050c7e03e80bbc32b2d1e,891067915b4152dd42e7510ef374a3d8a8827ead03a597051335c933d0485958,c2cb953968812a9e401ea362c4aa6cdeea9e03453fbdcaa651cfb01734914405,3c2c618d46d9b31d4f4822c15657d992c6665f0b5f86828f5abb2c4dfb108348,sha256:42eb806fcfe9db1dc28098eb423340de3e4eaf81fd487389128305e65606d347,verification/tiny_file_churn/tiny-unlink-10-compact-v2/verification.json,performance/tiny_file_churn/tiny-unlink-10-compact-v2/perf.jsonl,directly-comparable,"Identical family, fixture generator, schedule, operation and timer source at v0.1.3 and candidate; runtime recipe/content and timer validation required. Optional endurance unexecuted historically.",9f5a641d223606c45e5e6aa8a20094c12f9139a1
tiny_file_churn,tiny-unlink-100-mixed-v4,100,105682050,2500,workspace-mixed-v4,1,1,pure_call_sum_ns,82582623,PASS,PASS,15000000000,PASS,1021375541,529795167,10282500,56510458,,11724958,80666,3984041,17793024,5410816,71280500,host process after-product minus before counters,37435000,2.4365394999913406,,,,,,,,50918082,31664541,62.187222605910414,PASS,PASS,462809375,3b4b7771ba61326b08af2ea18bffdc012e5417706fd050c7e03e80bbc32b2d1e,891067915b4152dd42e7510ef374a3d8a8827ead03a597051335c933d0485958,c2cb953968812a9e401ea362c4aa6cdeea9e03453fbdcaa651cfb01734914405,9eb467f6f082bdef9ea39035077de3ab19be44e33a5152d847b5ed63d55a25f1,sha256:42eb806fcfe9db1dc28098eb423340de3e4eaf81fd487389128305e65606d347,verification/tiny_file_churn/tiny-unlink-100-mixed-v4/verification.json,performance/tiny_file_churn/tiny-unlink-100-mixed-v4/perf.jsonl,directly-comparable,"Identical family, fixture generator, schedule, operation and timer source at v0.1.3 and candidate; runtime recipe/content and timer validation required. Optional endurance unexecuted historically.",9f5a641d223606c45e5e6aa8a20094c12f9139a1
tiny_file_churn,tiny-unlink-500-mixed-v4,500,525112450,5500,workspace-mixed-v4,1,1,pure_call_sum_ns,141657042,PASS,PASS,15000000000,PASS,2203031208,622626875,8713917,109557375,,20189417,77666,3118667,29065216,5931008,121034916,host process after-product minus before counters,64815000,4.201960417005466,,,,,,,,114278709,27378333,23.957509880515012,PASS,PASS,710448083,3b4b7771ba61326b08af2ea18bffdc012e5417706fd050c7e03e80bbc32b2d1e,891067915b4152dd42e7510ef374a3d8a8827ead03a597051335c933d0485958,c2cb953968812a9e401ea362c4aa6cdeea9e03453fbdcaa651cfb01734914405,23cf8b0e1dfc5d335fd64df814194bfd5824f5fadbbfd1268d2a59fd7d1ac516,sha256:42eb806fcfe9db1dc28098eb423340de3e4eaf81fd487389128305e65606d347,verification/tiny_file_churn/tiny-unlink-500-mixed-v4/verification.json,performance/tiny_file_churn/tiny-unlink-500-mixed-v4/perf.jsonl,directly-comparable,"Identical family, fixture generator, schedule, operation and timer source at v0.1.3 and candidate; runtime recipe/content and timer validation required. Optional endurance unexecuted historically.",9f5a641d223606c45e5e6aa8a20094c12f9139a1
tiny_file_churn,tiny-bulk-create-1-compact-v2,1,1048576,50,compact-low-tier-v2,1,1,pure_call_sum_ns,73224750,PASS,PASS,15000000000,PASS,676705542,400881916,7052625,48267375,,15043917,118750,2742083,14811136,7471104,44230084,host process after-product minus before counters,50438000,2.073710042008315,,,,,,,,96728291,-23503541,-24.2985177935171,PASS,PASS,368062875,3b4b7771ba61326b08af2ea18bffdc012e5417706fd050c7e03e80bbc32b2d1e,891067915b4152dd42e7510ef374a3d8a8827ead03a597051335c933d0485958,c2cb953968812a9e401ea362c4aa6cdeea9e03453fbdcaa651cfb01734914405,7149157c2bb5187ddef969a127fe77b6dbe03fed99f2d45bc1060b50c5a279ba,sha256:42eb806fcfe9db1dc28098eb423340de3e4eaf81fd487389128305e65606d347,verification/tiny_file_churn/tiny-bulk-create-1-compact-v2/verification.json,performance/tiny_file_churn/tiny-bulk-create-1-compact-v2/perf.jsonl,directly-comparable,"Identical family, fixture generator, schedule, operation and timer source at v0.1.3 and candidate; runtime recipe/content and timer validation required. Optional endurance unexecuted historically.",9f5a641d223606c45e5e6aa8a20094c12f9139a1
tiny_file_churn,tiny-bulk-create-10-compact-v2,10,1048576,50,compact-low-tier-v2,1,1,pure_call_sum_ns,329992126,PASS,PASS,15000000000,PASS,533916125,707178209,8909500,243248417,,73693083,80084,4061042,35766272,9728000,139446625,host process after-product minus before counters,149030000,2.163083124993136,,,,,,,,295897791,34094335,11.522335089010516,PASS,PASS,374240292,3b4b7771ba61326b08af2ea18bffdc012e5417706fd050c7e03e80bbc32b2d1e,891067915b4152dd42e7510ef374a3d8a8827ead03a597051335c933d0485958,c2cb953968812a9e401ea362c4aa6cdeea9e03453fbdcaa651cfb01734914405,bc4759690b6e9cc33cbd6eb6d1a537cde6b901c71bef77316788a09db37933df,sha256:42eb806fcfe9db1dc28098eb423340de3e4eaf81fd487389128305e65606d347,verification/tiny_file_churn/tiny-bulk-create-10-compact-v2/verification.json,performance/tiny_file_churn/tiny-bulk-create-10-compact-v2/perf.jsonl,directly-comparable,"Identical family, fixture generator, schedule, operation and timer source at v0.1.3 and candidate; runtime recipe/content and timer validation required. Optional endurance unexecuted historically.",9f5a641d223606c45e5e6aa8a20094c12f9139a1
tiny_file_churn,tiny-bulk-create-100-mixed-v3,100,1048576,200,tiny-bulk-mixed-v3,1,1,pure_call_sum_ns,1056366915,PASS,PASS,15000000000,PASS,1208771333,1462454708,10101833,669784041,,365266958,99750,11114333,68583424,14786560,691249416,host process after-product minus before counters,325558000,3.6124156250007218,,,,,,,,989887791,66479124,6.715824218100696,PASS,PASS,370668209,3b4b7771ba61326b08af2ea18bffdc012e5417706fd050c7e03e80bbc32b2d1e,891067915b4152dd42e7510ef374a3d8a8827ead03a597051335c933d0485958,c2cb953968812a9e401ea362c4aa6cdeea9e03453fbdcaa651cfb01734914405,215f604fde983de220937f0498b1ce16f052399260ef6c37e70d0648736b026a,sha256:42eb806fcfe9db1dc28098eb423340de3e4eaf81fd487389128305e65606d347,verification/tiny_file_churn/tiny-bulk-create-100-mixed-v3/verification.json,performance/tiny_file_churn/tiny-bulk-create-100-mixed-v3/perf.jsonl,directly-comparable,"Identical family, fixture generator, schedule, operation and timer source at v0.1.3 and candidate; runtime recipe/content and timer validation required. Optional endurance unexecuted historically.",9f5a641d223606c45e5e6aa8a20094c12f9139a1
tiny_file_churn,tiny-bulk-create-500-mixed-v3,500,1048576,200,tiny-bulk-mixed-v3,1,1,pure_call_sum_ns,5049878582,PASS,PASS,15000000000,PASS,3059693959,5634058958,10564375,3172384041,,1846728125,110041,20092000,80609280,25554944,2946160083,host process after-product minus before counters,1482468000,9.58175475000462,,,,,,,,5054054042,-4175460,-0.08261605367297732,PASS,PASS,426757042,3b4b7771ba61326b08af2ea18bffdc012e5417706fd050c7e03e80bbc32b2d1e,891067915b4152dd42e7510ef374a3d8a8827ead03a597051335c933d0485958,c2cb953968812a9e401ea362c4aa6cdeea9e03453fbdcaa651cfb01734914405,eb2ea66b3cb798b2a72b176b458040558a104b3224752e87be08eb435dd9f962,sha256:42eb806fcfe9db1dc28098eb423340de3e4eaf81fd487389128305e65606d347,verification/tiny_file_churn/tiny-bulk-create-500-mixed-v3/verification.json,performance/tiny_file_churn/tiny-bulk-create-500-mixed-v3/perf.jsonl,directly-comparable,"Identical family, fixture generator, schedule, operation and timer source at v0.1.3 and candidate; runtime recipe/content and timer validation required. Optional endurance unexecuted historically.",9f5a641d223606c45e5e6aa8a20094c12f9139a1
tiny_file_churn,tiny-bulk-delete-1-compact-v2,1,2097152,100,compact-low-tier-v2,1,1,pure_call_sum_ns,106834332,PASS,PASS,15000000000,PASS,993453083,527528083,10913041,88248750,,4823167,79791,2769583,10092544,5931008,49266625,host process after-product minus before counters,48276000,2.034599917009473,,,,,,,,93346584,13487748,14.449107211036239,PASS,PASS,369140209,3b4b7771ba61326b08af2ea18bffdc012e5417706fd050c7e03e80bbc32b2d1e,891067915b4152dd42e7510ef374a3d8a8827ead03a597051335c933d0485958,c2cb953968812a9e401ea362c4aa6cdeea9e03453fbdcaa651cfb01734914405,e647ffd53c269a7380a9d8b5c5a5aee69929fad17b53be2c18dda1ef0294d53b,sha256:42eb806fcfe9db1dc28098eb423340de3e4eaf81fd487389128305e65606d347,verification/tiny_file_churn/tiny-bulk-delete-1-compact-v2/verification.json,performance/tiny_file_churn/tiny-bulk-delete-1-compact-v2/perf.jsonl,directly-comparable,"Identical family, fixture generator, schedule, operation and timer source at v0.1.3 and candidate; runtime recipe/content and timer validation required. Optional endurance unexecuted historically.",9f5a641d223606c45e5e6aa8a20094c12f9139a1
tiny_file_churn,tiny-bulk-delete-10-compact-v2,10,11534336,550,compact-low-tier-v2,1,1,pure_call_sum_ns,169562500,PASS,PASS,15000000000,PASS,1039018958,567558625,9232458,151044625,,6243375,83333,2958709,11812864,6201344,56114709,host process after-product minus before counters,83394000,2.398205124991364,,,,,,,,168254959,1307541,0.7771188485446067,PASS,PASS,375106416,3b4b7771ba61326b08af2ea18bffdc012e5417706fd050c7e03e80bbc32b2d1e,891067915b4152dd42e7510ef374a3d8a8827ead03a597051335c933d0485958,c2cb953968812a9e401ea362c4aa6cdeea9e03453fbdcaa651cfb01734914405,ec02d9b66b659048cc016a374970feae3803c611afad93bf7e7c5fd621a5f6ce,sha256:42eb806fcfe9db1dc28098eb423340de3e4eaf81fd487389128305e65606d347,verification/tiny_file_churn/tiny-bulk-delete-10-compact-v2/verification.json,performance/tiny_file_churn/tiny-bulk-delete-10-compact-v2/perf.jsonl,directly-comparable,"Identical family, fixture generator, schedule, operation and timer source at v0.1.3 and candidate; runtime recipe/content and timer validation required. Optional endurance unexecuted historically.",9f5a641d223606c45e5e6aa8a20094c12f9139a1
tiny_file_churn,tiny-bulk-delete-100-mixed-v3,100,105906176,1200,tiny-bulk-mixed-v3,1,1,pure_call_sum_ns,298070500,PASS,PASS,15000000000,PASS,3098243833,715302167,10525042,276647416,,7457000,73125,3367917,19988480,8810496,110141583,host process after-product minus before counters,131214000,4.598356374990544,,,,,,,,259278875,38791625,14.961351941996817,PASS,PASS,440818959,3b4b7771ba61326b08af2ea18bffdc012e5417706fd050c7e03e80bbc32b2d1e,891067915b4152dd42e7510ef374a3d8a8827ead03a597051335c933d0485958,c2cb953968812a9e401ea362c4aa6cdeea9e03453fbdcaa651cfb01734914405,8a970af7fc3f1626bbb58e7412ff2926afebe8d46dc831075946f3ba1b3f339e,sha256:42eb806fcfe9db1dc28098eb423340de3e4eaf81fd487389128305e65606d347,verification/tiny_file_churn/tiny-bulk-delete-100-mixed-v3/verification.json,performance/tiny_file_churn/tiny-bulk-delete-100-mixed-v3/perf.jsonl,directly-comparable,"Identical family, fixture generator, schedule, operation and timer source at v0.1.3 and candidate; runtime recipe/content and timer validation required. Optional endurance unexecuted historically.",9f5a641d223606c45e5e6aa8a20094c12f9139a1
tiny_file_churn,tiny-bulk-delete-500-mixed-v3,500,525336576,5200,tiny-bulk-mixed-v3,1,1,pure_call_sum_ns,1092636126,PASS,PASS,15000000000,PASS,12189310500,1548012917,9037167,1052758959,,26339209,96208,4404583,53657600,25796608,408391792,host process after-product minus before counters,450560000,14.589990542008309,,,,,,,,933000457,159635669,17.109923987957917,PASS,PASS,720445625,3b4b7771ba61326b08af2ea18bffdc012e5417706fd050c7e03e80bbc32b2d1e,891067915b4152dd42e7510ef374a3d8a8827ead03a597051335c933d0485958,c2cb953968812a9e401ea362c4aa6cdeea9e03453fbdcaa651cfb01734914405,d3aeb9524622eda66d6ad9d506dd91c6982e52cddd296330dfad354351468ac9,sha256:42eb806fcfe9db1dc28098eb423340de3e4eaf81fd487389128305e65606d347,verification/tiny_file_churn/tiny-bulk-delete-500-mixed-v3/verification.json,performance/tiny_file_churn/tiny-bulk-delete-500-mixed-v3/perf.jsonl,directly-comparable,"Identical family, fixture generator, schedule, operation and timer source at v0.1.3 and candidate; runtime recipe/content and timer validation required. Optional endurance unexecuted historically.",9f5a641d223606c45e5e6aa8a20094c12f9139a1
namespace_mutation,namespace-subtree-relocate-delete-1-compact-v2,1,551200,250,compact-low-tier-v2,1,1,pure_call_sum_ns,29181790,PASS,PASS,15000000000,PASS,690721209,402962417,9906708,11266791,,5077000,78625,2852666,9633792,8019968,30304000,host process after-product minus before counters,22121000,2.193120958007057,,,,,,,,21310793,7870997,36.93432243464614,PASS,PASS,378756041,3b4b7771ba61326b08af2ea18bffdc012e5417706fd050c7e03e80bbc32b2d1e,891067915b4152dd42e7510ef374a3d8a8827ead03a597051335c933d0485958,c2cb953968812a9e401ea362c4aa6cdeea9e03453fbdcaa651cfb01734914405,be660182d470c3e1f87f49563e4d528e9deec15f852917779e206f27295b9a43,sha256:42eb806fcfe9db1dc28098eb423340de3e4eaf81fd487389128305e65606d347,verification/namespace_mutation/namespace-subtree-relocate-delete-1-compact-v2/verification.json,performance/namespace_mutation/namespace-subtree-relocate-delete-1-compact-v2/perf.jsonl,directly-comparable,"Identical family, fixture generator, schedule, operation and timer source at v0.1.3 and candidate; runtime recipe/content and timer validation required. Optional endurance unexecuted historically.",9f5a641d223606c45e5e6aa8a20094c12f9139a1
namespace_mutation,namespace-subtree-relocate-delete-10-compact-v2,10,1012000,700,compact-low-tier-v2,1,1,pure_call_sum_ns,70781126,PASS,PASS,15000000000,PASS,801944792,481968750,10710042,51034125,,5765667,77375,3193917,11108352,5435392,44814333,host process after-product minus before counters,39274000,2.303691791006713,,,,,,,,59144541,11636585,19.67482510346982,PASS,PASS,359928542,3b4b7771ba61326b08af2ea18bffdc012e5417706fd050c7e03e80bbc32b2d1e,891067915b4152dd42e7510ef374a3d8a8827ead03a597051335c933d0485958,c2cb953968812a9e401ea362c4aa6cdeea9e03453fbdcaa651cfb01734914405,5e72666bb8886b2908b0b044fb64217314d85d9fb71b091ca39bdd4752ef85e7,sha256:42eb806fcfe9db1dc28098eb423340de3e4eaf81fd487389128305e65606d347,verification/namespace_mutation/namespace-subtree-relocate-delete-10-compact-v2/verification.json,performance/namespace_mutation/namespace-subtree-relocate-delete-10-compact-v2/perf.jsonl,directly-comparable,"Identical family, fixture generator, schedule, operation and timer source at v0.1.3 and candidate; runtime recipe/content and timer validation required. Optional endurance unexecuted historically.",9f5a641d223606c45e5e6aa8a20094c12f9139a1
namespace_mutation,namespace-subtree-relocate-delete-100-mixed-v4,100,105267200,2400,workspace-mixed-v4,1,1,pure_call_sum_ns,77176833,PASS,PASS,15000000000,PASS,2817418708,456938584,9162417,51621084,,12640666,78541,3674125,14909440,5660672,55241792,host process after-product minus before counters,42040000,4.159794833001797,,,,,,,,51018082,26158751,51.27348966195946,PASS,PASS,442596375,3b4b7771ba61326b08af2ea18bffdc012e5417706fd050c7e03e80bbc32b2d1e,891067915b4152dd42e7510ef374a3d8a8827ead03a597051335c933d0485958,c2cb953968812a9e401ea362c4aa6cdeea9e03453fbdcaa651cfb01734914405,39779a9a695df2cdaf5a5d65cd8a41e2bf004d6f5c2284c31dac5944afa48f10,sha256:42eb806fcfe9db1dc28098eb423340de3e4eaf81fd487389128305e65606d347,verification/namespace_mutation/namespace-subtree-relocate-delete-100-mixed-v4/verification.json,performance/namespace_mutation/namespace-subtree-relocate-delete-100-mixed-v4/perf.jsonl,directly-comparable,"Identical family, fixture generator, schedule, operation and timer source at v0.1.3 and candidate; runtime recipe/content and timer validation required. Optional endurance unexecuted historically.",9f5a641d223606c45e5e6aa8a20094c12f9139a1
namespace_mutation,namespace-subtree-relocate-delete-500-mixed-v4,500,526336000,7000,workspace-mixed-v4,1,1,pure_call_sum_ns,252642333,PASS,PASS,15000000000,PASS,9675362208,708691209,9860333,203968333,,30672625,351458,7789584,30015488,5881856,165336001,host process after-product minus before counters,104424000,11.961564708006335,,,,,,,,182893833,69748500,38.136058967062056,PASS,PASS,729296291,3b4b7771ba61326b08af2ea18bffdc012e5417706fd050c7e03e80bbc32b2d1e,891067915b4152dd42e7510ef374a3d8a8827ead03a597051335c933d0485958,c2cb953968812a9e401ea362c4aa6cdeea9e03453fbdcaa651cfb01734914405,2c40f83435e995b84fe56739b36e45b9848c24b9b6ddcc00dcae1589149bbea9,sha256:42eb806fcfe9db1dc28098eb423340de3e4eaf81fd487389128305e65606d347,verification/namespace_mutation/namespace-subtree-relocate-delete-500-mixed-v4/verification.json,performance/namespace_mutation/namespace-subtree-relocate-delete-500-mixed-v4/perf.jsonl,directly-comparable,"Identical family, fixture generator, schedule, operation and timer source at v0.1.3 and candidate; runtime recipe/content and timer validation required. Optional endurance unexecuted historically.",9f5a641d223606c45e5e6aa8a20094c12f9139a1
directory_construction_traversal,directory-construct-1-compact-v2,1,1048576,50,compact-low-tier-v2,1,1,pure_call_sum_ns,23119459,PASS,PASS,15000000000,PASS,682122292,408945000,9355667,6422542,,4217625,74834,3048791,9011200,5668864,28626166,host process after-product minus before counters,21926000,2.030667250000988,,,,,,,,17022374,6097085,35.81806509479818,PASS,PASS,375034083,3b4b7771ba61326b08af2ea18bffdc012e5417706fd050c7e03e80bbc32b2d1e,891067915b4152dd42e7510ef374a3d8a8827ead03a597051335c933d0485958,c2cb953968812a9e401ea362c4aa6cdeea9e03453fbdcaa651cfb01734914405,d4101f06cdaa6a62bdea5d08d722117c26fc61296b8c58387e642f4feebb8f48,sha256:42eb806fcfe9db1dc28098eb423340de3e4eaf81fd487389128305e65606d347,verification/directory_construction_traversal/directory-construct-1-compact-v2/verification.json,performance/directory_construction_traversal/directory-construct-1-compact-v2/perf.jsonl,directly-comparable,"Identical family, fixture generator, schedule, operation and timer source at v0.1.3 and candidate; runtime recipe/content and timer validation required. Optional endurance unexecuted historically.",9f5a641d223606c45e5e6aa8a20094c12f9139a1
directory_construction_traversal,directory-construct-10-compact-v2,10,10485760,500,compact-low-tier-v2,1,1,pure_call_sum_ns,46970000,PASS,PASS,15000000000,PASS,917808250,464586458,11085708,24152834,,8623125,74208,3034125,10502144,5578752,33128542,host process after-product minus before counters,30684000,2.827168290998088,,,,,,,,39346916,7623084,19.374031753848257,PASS,PASS,371834416,3b4b7771ba61326b08af2ea18bffdc012e5417706fd050c7e03e80bbc32b2d1e,891067915b4152dd42e7510ef374a3d8a8827ead03a597051335c933d0485958,c2cb953968812a9e401ea362c4aa6cdeea9e03453fbdcaa651cfb01734914405,63ef5cf1d6a4cf8381e7a8710c863e49898c10938b2f1f820b1711ff269e5ffc,sha256:42eb806fcfe9db1dc28098eb423340de3e4eaf81fd487389128305e65606d347,verification/directory_construction_traversal/directory-construct-10-compact-v2/verification.json,performance/directory_construction_traversal/directory-construct-10-compact-v2/perf.jsonl,directly-comparable,"Identical family, fixture generator, schedule, operation and timer source at v0.1.3 and candidate; runtime recipe/content and timer validation required. Optional endurance unexecuted historically.",9f5a641d223606c45e5e6aa8a20094c12f9139a1
directory_construction_traversal,directory-construct-100-mixed-v4,100,104857600,2000,workspace-mixed-v4,1,1,pure_call_sum_ns,228078626,PASS,PASS,15000000000,PASS,2626444542,642623541,9020542,188213459,,26538292,88000,4218333,17416192,5660672,61653958,host process after-product minus before counters,122680000,4.409443750002538,,,,,,,,216059959,12018667,5.5626535595149305,PASS,PASS,456842500,3b4b7771ba61326b08af2ea18bffdc012e5417706fd050c7e03e80bbc32b2d1e,891067915b4152dd42e7510ef374a3d8a8827ead03a597051335c933d0485958,c2cb953968812a9e401ea362c4aa6cdeea9e03453fbdcaa651cfb01734914405,c63729ca1f2c51a95108873ad2725a5d821f80b7c901ff4b5974755672f8c5b3,sha256:42eb806fcfe9db1dc28098eb423340de3e4eaf81fd487389128305e65606d347,verification/directory_construction_traversal/directory-construct-100-mixed-v4/verification.json,performance/directory_construction_traversal/directory-construct-100-mixed-v4/perf.jsonl,directly-comparable,"Identical family, fixture generator, schedule, operation and timer source at v0.1.3 and candidate; runtime recipe/content and timer validation required. Optional endurance unexecuted historically.",9f5a641d223606c45e5e6aa8a20094c12f9139a1
directory_construction_traversal,directory-construct-500-mixed-v4,500,524288000,5000,workspace-mixed-v4,1,1,pure_call_sum_ns,1084095374,PASS,PASS,15000000000,PASS,9469314625,1525023208,9770625,943410792,,124434083,96958,6382916,37928960,11849728,211018667,host process after-product minus before counters,537690000,12.434295792001649,,,,,,,,1030580667,53514707,5.192675228012986,PASS,PASS,723057792,3b4b7771ba61326b08af2ea18bffdc012e5417706fd050c7e03e80bbc32b2d1e,891067915b4152dd42e7510ef374a3d8a8827ead03a597051335c933d0485958,c2cb953968812a9e401ea362c4aa6cdeea9e03453fbdcaa651cfb01734914405,b9a2c1225d12d3846a7c529d8435a289ff0e9fb30acc3abc6d9e71fe71006028,sha256:42eb806fcfe9db1dc28098eb423340de3e4eaf81fd487389128305e65606d347,verification/directory_construction_traversal/directory-construct-500-mixed-v4/verification.json,performance/directory_construction_traversal/directory-construct-500-mixed-v4/perf.jsonl,directly-comparable,"Identical family, fixture generator, schedule, operation and timer source at v0.1.3 and candidate; runtime recipe/content and timer validation required. Optional endurance unexecuted historically.",9f5a641d223606c45e5e6aa8a20094c12f9139a1
directory_construction_traversal,directory-metadata-scan-1-compact-v2,1,1048576,50,compact-low-tier-v2,1,1,pure_call_sum_ns,84228208,PASS,PASS,15000000000,PASS,637610625,509161708,9496125,69935167,,1841042,80166,2875708,8650752,5656576,41415292,host process after-product minus before counters,39783000,2.2674223750072997,,,,,,,,70526833,13701375,19.4271802903726,PASS,PASS,370463542,3b4b7771ba61326b08af2ea18bffdc012e5417706fd050c7e03e80bbc32b2d1e,891067915b4152dd42e7510ef374a3d8a8827ead03a597051335c933d0485958,c2cb953968812a9e401ea362c4aa6cdeea9e03453fbdcaa651cfb01734914405,d3501230c83903c04255504104099fb89f2fef73a20cd4686a302739728638f7,sha256:42eb806fcfe9db1dc28098eb423340de3e4eaf81fd487389128305e65606d347,verification/directory_construction_traversal/directory-metadata-scan-1-compact-v2/verification.json,performance/directory_construction_traversal/directory-metadata-scan-1-compact-v2/perf.jsonl,directly-comparable,"Identical family, fixture generator, schedule, operation and timer source at v0.1.3 and candidate; runtime recipe/content and timer validation required. Optional endurance unexecuted historically.",9f5a641d223606c45e5e6aa8a20094c12f9139a1
directory_construction_traversal,directory-metadata-scan-10-compact-v2,10,10485760,500,compact-low-tier-v2,1,1,pure_call_sum_ns,112909958,PASS,PASS,15000000000,PASS,930305917,503899875,9164333,98262375,,2136167,69875,3277208,11468800,5623808,49167542,host process after-product minus before counters,52220000,2.849100459003239,,,,,,,,100738749,12171209,12.081953687949808,PASS,PASS,370321459,3b4b7771ba61326b08af2ea18bffdc012e5417706fd050c7e03e80bbc32b2d1e,891067915b4152dd42e7510ef374a3d8a8827ead03a597051335c933d0485958,c2cb953968812a9e401ea362c4aa6cdeea9e03453fbdcaa651cfb01734914405,154a7935be859d566e9fdbd26d18588e5fe4591c603e6afa7b5202ed97caa9a2,sha256:42eb806fcfe9db1dc28098eb423340de3e4eaf81fd487389128305e65606d347,verification/directory_construction_traversal/directory-metadata-scan-10-compact-v2/verification.json,performance/directory_construction_traversal/directory-metadata-scan-10-compact-v2/perf.jsonl,directly-comparable,"Identical family, fixture generator, schedule, operation and timer source at v0.1.3 and candidate; runtime recipe/content and timer validation required. Optional endurance unexecuted historically.",9f5a641d223606c45e5e6aa8a20094c12f9139a1
directory_construction_traversal,directory-metadata-scan-100-mixed-v4,100,104857600,2000,workspace-mixed-v4,1,1,pure_call_sum_ns,304099083,PASS,PASS,15000000000,PASS,2643140625,751845875,9297458,285854459,,3452666,71583,5422917,25493504,17334272,152015667,host process after-product minus before counters,111421000,4.346459749998758,,,,,,,,244238709,59860374,24.508962664063212,PASS,PASS,453592834,3b4b7771ba61326b08af2ea18bffdc012e5417706fd050c7e03e80bbc32b2d1e,891067915b4152dd42e7510ef374a3d8a8827ead03a597051335c933d0485958,c2cb953968812a9e401ea362c4aa6cdeea9e03453fbdcaa651cfb01734914405,cba17f9c71f7d886e2d7c186158b92de3118b8a633113f269ad61558a886c834,sha256:42eb806fcfe9db1dc28098eb423340de3e4eaf81fd487389128305e65606d347,verification/directory_construction_traversal/directory-metadata-scan-100-mixed-v4/verification.json,performance/directory_construction_traversal/directory-metadata-scan-100-mixed-v4/perf.jsonl,directly-comparable,"Identical family, fixture generator, schedule, operation and timer source at v0.1.3 and candidate; runtime recipe/content and timer validation required. Optional endurance unexecuted historically.",9f5a641d223606c45e5e6aa8a20094c12f9139a1
directory_construction_traversal,directory-metadata-scan-500-mixed-v4,500,524288000,5000,workspace-mixed-v4,1,1,pure_call_sum_ns,640297917,PASS,PASS,15000000000,PASS,9393656208,1141455416,9872833,614353041,,6176084,92709,9803250,51249152,34902016,362963792,host process after-product minus before counters,217615000,11.889083041998674,,,,,,,,504932250,135365667,26.808679184187582,PASS,PASS,749643375,3b4b7771ba61326b08af2ea18bffdc012e5417706fd050c7e03e80bbc32b2d1e,891067915b4152dd42e7510ef374a3d8a8827ead03a597051335c933d0485958,c2cb953968812a9e401ea362c4aa6cdeea9e03453fbdcaa651cfb01734914405,476d65fe92c2875bdd31547d60dbe88f72191d2820e46aa9004e27151fbdfa75,sha256:42eb806fcfe9db1dc28098eb423340de3e4eaf81fd487389128305e65606d347,verification/directory_construction_traversal/directory-metadata-scan-500-mixed-v4/verification.json,performance/directory_construction_traversal/directory-metadata-scan-500-mixed-v4/perf.jsonl,directly-comparable,"Identical family, fixture generator, schedule, operation and timer source at v0.1.3 and candidate; runtime recipe/content and timer validation required. Optional endurance unexecuted historically.",9f5a641d223606c45e5e6aa8a20094c12f9139a1
directory_construction_traversal,directory-content-scan-1-compact-v2,1,1048576,50,compact-low-tier-v2,1,1,pure_call_sum_ns,119579708,PASS,PASS,15000000000,PASS,668297583,530970209,11200541,102762000,,2290625,78709,3247833,10354688,7892992,51858749,host process after-product minus before counters,49252000,2.0612841670081252,,,,,,,,84759585,34820123,41.08104469836656,PASS,PASS,386721833,3b4b7771ba61326b08af2ea18bffdc012e5417706fd050c7e03e80bbc32b2d1e,891067915b4152dd42e7510ef374a3d8a8827ead03a597051335c933d0485958,c2cb953968812a9e401ea362c4aa6cdeea9e03453fbdcaa651cfb01734914405,427995ae4c7409d46d9bd57b42967b40fcc74faffa4c355cdde43db248fa8146,sha256:42eb806fcfe9db1dc28098eb423340de3e4eaf81fd487389128305e65606d347,verification/directory_construction_traversal/directory-content-scan-1-compact-v2/verification.json,performance/directory_construction_traversal/directory-content-scan-1-compact-v2/perf.jsonl,directly-comparable,"Identical family, fixture generator, schedule, operation and timer source at v0.1.3 and candidate; runtime recipe/content and timer validation required. Optional endurance unexecuted historically.",9f5a641d223606c45e5e6aa8a20094c12f9139a1
directory_construction_traversal,directory-content-scan-10-compact-v2,10,10485760,500,compact-low-tier-v2,1,1,pure_call_sum_ns,390458874,PASS,PASS,15000000000,PASS,754576291,781256000,9921041,373354458,,3156125,91750,3935500,21151744,30117888,123315375,host process after-product minus before counters,127627000,2.7872155840013875,,,,,,,,308870416,81588458,26.415109305903872,PASS,PASS,440229000,3b4b7771ba61326b08af2ea18bffdc012e5417706fd050c7e03e80bbc32b2d1e,891067915b4152dd42e7510ef374a3d8a8827ead03a597051335c933d0485958,c2cb953968812a9e401ea362c4aa6cdeea9e03453fbdcaa651cfb01734914405,51ee365433063c337f065a5aae112e3dd4ecb18a9a8dd418e858aa75d6504b80,sha256:42eb806fcfe9db1dc28098eb423340de3e4eaf81fd487389128305e65606d347,verification/directory_construction_traversal/directory-content-scan-10-compact-v2/verification.json,performance/directory_construction_traversal/directory-content-scan-10-compact-v2/perf.jsonl,directly-comparable,"Identical family, fixture generator, schedule, operation and timer source at v0.1.3 and candidate; runtime recipe/content and timer validation required. Optional endurance unexecuted historically.",9f5a641d223606c45e5e6aa8a20094c12f9139a1
directory_construction_traversal,directory-content-scan-100-mixed-v4,100,104857600,2000,workspace-mixed-v4,1,1,pure_call_sum_ns,1424410335,PASS,PASS,15000000000,PASS,918904500,1853061625,9277584,1396732959,,7941208,645042,9813542,49053696,159698944,567881958,host process after-product minus before counters,473081000,3.6952264169958653,,,,,,,,1105140625,319269710,28.88950987572283,PASS,PASS,457725291,3b4b7771ba61326b08af2ea18bffdc012e5417706fd050c7e03e80bbc32b2d1e,891067915b4152dd42e7510ef374a3d8a8827ead03a597051335c933d0485958,c2cb953968812a9e401ea362c4aa6cdeea9e03453fbdcaa651cfb01734914405,9c1831f4dfa3570fe1efcdb13cac73ed4b3dbb2bfb346768478b1c66ec13df3a,sha256:42eb806fcfe9db1dc28098eb423340de3e4eaf81fd487389128305e65606d347,verification/directory_construction_traversal/directory-content-scan-100-mixed-v4/verification.json,performance/directory_construction_traversal/directory-content-scan-100-mixed-v4/perf.jsonl,directly-comparable,"Identical family, fixture generator, schedule, operation and timer source at v0.1.3 and candidate; runtime recipe/content and timer validation required. Optional endurance unexecuted historically.",9f5a641d223606c45e5e6aa8a20094c12f9139a1
directory_construction_traversal,directory-content-scan-500-mixed-v4,500,524288000,5000,workspace-mixed-v4,1,1,pure_call_sum_ns,5252405458,PASS,PASS,15000000000,PASS,2389305166,5717647041,10474500,5202263583,,24999167,216458,14451750,55132160,622649344,2364849584,host process after-product minus before counters,1654016000,9.279710457994952,,,,,,,,3906595000,1345810458,34.4497051268432,PASS,PASS,797031042,3b4b7771ba61326b08af2ea18bffdc012e5417706fd050c7e03e80bbc32b2d1e,891067915b4152dd42e7510ef374a3d8a8827ead03a597051335c933d0485958,c2cb953968812a9e401ea362c4aa6cdeea9e03453fbdcaa651cfb01734914405,f9e813e542b8e77b22debd1580cb2b07441f2121b933008d1a6799a291f4edbd,sha256:42eb806fcfe9db1dc28098eb423340de3e4eaf81fd487389128305e65606d347,verification/directory_construction_traversal/directory-content-scan-500-mixed-v4/verification.json,performance/directory_construction_traversal/directory-content-scan-500-mixed-v4/perf.jsonl,directly-comparable,"Identical family, fixture generator, schedule, operation and timer source at v0.1.3 and candidate; runtime recipe/content and timer validation required. Optional endurance unexecuted historically.",9f5a641d223606c45e5e6aa8a20094c12f9139a1
workspace_change_locality,workspace-clean-commit-1-compact-v2,1,1048576,50,compact-low-tier-v2,1,1,pure_call_sum_ns,13870999,PASS,PASS,15000000000,PASS,663541792,401330333,9662791,,,1708083,97250,2402875,7815168,5660672,25713417,host process after-product minus before counters,17779000,2.0557716249895748,,,,,,,,11315960,2555039,22.579074157208048,PASS,PASS,376852125,3b4b7771ba61326b08af2ea18bffdc012e5417706fd050c7e03e80bbc32b2d1e,891067915b4152dd42e7510ef374a3d8a8827ead03a597051335c933d0485958,c2cb953968812a9e401ea362c4aa6cdeea9e03453fbdcaa651cfb01734914405,c0e50ca987e5551bdc6d468fcfc1ae32c67c1baa1f98e94e96d987e81b798ee8,sha256:42eb806fcfe9db1dc28098eb423340de3e4eaf81fd487389128305e65606d347,verification/workspace_change_locality/workspace-clean-commit-1-compact-v2/verification.json,performance/workspace_change_locality/workspace-clean-commit-1-compact-v2/perf.jsonl,directly-comparable,"Identical family, fixture generator, schedule, operation and timer source at v0.1.3 and candidate; runtime recipe/content and timer validation required. Optional endurance unexecuted historically.",9f5a641d223606c45e5e6aa8a20094c12f9139a1
workspace_change_locality,workspace-clean-commit-10-compact-v2,10,10485760,500,compact-low-tier-v2,1,1,pure_call_sum_ns,16208376,PASS,PASS,15000000000,PASS,579421791,404263833,12216292,,,1569042,74375,2348667,8110080,5869568,25853541,host process after-product minus before counters,18542000,2.393616250003106,,,,,,,,10872708,5335668,49.07395655249824,PASS,PASS,387280583,3b4b7771ba61326b08af2ea18bffdc012e5417706fd050c7e03e80bbc32b2d1e,891067915b4152dd42e7510ef374a3d8a8827ead03a597051335c933d0485958,c2cb953968812a9e401ea362c4aa6cdeea9e03453fbdcaa651cfb01734914405,1312fbea9865a51075c1d62f823f8feecdca9f4c36186968815e0325b685e3a1,sha256:42eb806fcfe9db1dc28098eb423340de3e4eaf81fd487389128305e65606d347,verification/workspace_change_locality/workspace-clean-commit-10-compact-v2/verification.json,performance/workspace_change_locality/workspace-clean-commit-10-compact-v2/perf.jsonl,directly-comparable,"Identical family, fixture generator, schedule, operation and timer source at v0.1.3 and candidate; runtime recipe/content and timer validation required. Optional endurance unexecuted historically.",9f5a641d223606c45e5e6aa8a20094c12f9139a1
workspace_change_locality,workspace-clean-commit-100-mixed-v4,100,104857600,2000,workspace-mixed-v4,1,1,pure_call_sum_ns,13168335,PASS,PASS,15000000000,PASS,952206833,408147667,9305833,,,1617084,71084,2174334,10698752,5390336,31414625,host process after-product minus before counters,16390000,2.269748624996282,,,,,,,,11559208,1609127,13.920737476131583,PASS,PASS,449080666,3b4b7771ba61326b08af2ea18bffdc012e5417706fd050c7e03e80bbc32b2d1e,891067915b4152dd42e7510ef374a3d8a8827ead03a597051335c933d0485958,c2cb953968812a9e401ea362c4aa6cdeea9e03453fbdcaa651cfb01734914405,829071275409077a208d55cf9d13df8811488cab9744eff1465fd6efd6341129,sha256:42eb806fcfe9db1dc28098eb423340de3e4eaf81fd487389128305e65606d347,verification/workspace_change_locality/workspace-clean-commit-100-mixed-v4/verification.json,performance/workspace_change_locality/workspace-clean-commit-100-mixed-v4/perf.jsonl,directly-comparable,"Identical family, fixture generator, schedule, operation and timer source at v0.1.3 and candidate; runtime recipe/content and timer validation required. Optional endurance unexecuted historically.",9f5a641d223606c45e5e6aa8a20094c12f9139a1
workspace_change_locality,workspace-clean-commit-500-mixed-v4,500,524288000,5000,workspace-mixed-v4,1,1,pure_call_sum_ns,13493957,PASS,PASS,15000000000,PASS,2272533625,465846666,9508250,,,1638541,78291,2268875,19562496,5402624,68451250,host process after-product minus before counters,18440000,4.186553416991956,,,,,,,,11866166,1627791,13.71791866050079,PASS,PASS,751351125,3b4b7771ba61326b08af2ea18bffdc012e5417706fd050c7e03e80bbc32b2d1e,891067915b4152dd42e7510ef374a3d8a8827ead03a597051335c933d0485958,c2cb953968812a9e401ea362c4aa6cdeea9e03453fbdcaa651cfb01734914405,108fe41f4b5e913888dc844434f0a60cf1e9fbec66a18599ff57a3fd5be6c2a7,sha256:42eb806fcfe9db1dc28098eb423340de3e4eaf81fd487389128305e65606d347,verification/workspace_change_locality/workspace-clean-commit-500-mixed-v4/verification.json,performance/workspace_change_locality/workspace-clean-commit-500-mixed-v4/perf.jsonl,directly-comparable,"Identical family, fixture generator, schedule, operation and timer source at v0.1.3 and candidate; runtime recipe/content and timer validation required. Optional endurance unexecuted historically.",9f5a641d223606c45e5e6aa8a20094c12f9139a1
workspace_change_locality,workspace-fixed-move-1-compact-v2,1,1048576,50,compact-low-tier-v2,1,1,pure_call_sum_ns,22847667,PASS,PASS,15000000000,PASS,644583458,402510250,8769167,6756583,,4555834,71333,2694750,9289728,5656576,25945126,host process after-product minus before counters,20850000,2.0942718339938438,,,,,,,,19708292,3139375,15.92920888324569,PASS,PASS,375556000,3b4b7771ba61326b08af2ea18bffdc012e5417706fd050c7e03e80bbc32b2d1e,891067915b4152dd42e7510ef374a3d8a8827ead03a597051335c933d0485958,c2cb953968812a9e401ea362c4aa6cdeea9e03453fbdcaa651cfb01734914405,30e91b58900ff59376622aa13a5511685d1aa65d6624bd9649483140c313e47c,sha256:42eb806fcfe9db1dc28098eb423340de3e4eaf81fd487389128305e65606d347,verification/workspace_change_locality/workspace-fixed-move-1-compact-v2/verification.json,performance/workspace_change_locality/workspace-fixed-move-1-compact-v2/perf.jsonl,directly-comparable,"Identical family, fixture generator, schedule, operation and timer source at v0.1.3 and candidate; runtime recipe/content and timer validation required. Optional endurance unexecuted historically.",9f5a641d223606c45e5e6aa8a20094c12f9139a1
workspace_change_locality,workspace-fixed-move-10-compact-v2,10,10485760,500,compact-low-tier-v2,1,1,pure_call_sum_ns,24470250,PASS,PASS,15000000000,PASS,558314042,402401500,9656458,7215459,,4681916,69958,2846459,10305536,5652480,28326792,host process after-product minus before counters,20050000,2.573408041993389,,,,,,,,21320084,3150166,14.775579683457158,PASS,PASS,396655833,3b4b7771ba61326b08af2ea18bffdc012e5417706fd050c7e03e80bbc32b2d1e,891067915b4152dd42e7510ef374a3d8a8827ead03a597051335c933d0485958,c2cb953968812a9e401ea362c4aa6cdeea9e03453fbdcaa651cfb01734914405,9122226ab3b5752e58dc7cc446413947fa2279850a0ee83301a523e285ec051e,sha256:42eb806fcfe9db1dc28098eb423340de3e4eaf81fd487389128305e65606d347,verification/workspace_change_locality/workspace-fixed-move-10-compact-v2/verification.json,performance/workspace_change_locality/workspace-fixed-move-10-compact-v2/perf.jsonl,directly-comparable,"Identical family, fixture generator, schedule, operation and timer source at v0.1.3 and candidate; runtime recipe/content and timer validation required. Optional endurance unexecuted historically.",9f5a641d223606c45e5e6aa8a20094c12f9139a1
workspace_change_locality,workspace-fixed-move-100-mixed-v4,100,104857600,2000,workspace-mixed-v4,1,1,pure_call_sum_ns,37965416,PASS,PASS,15000000000,PASS,883283500,456395125,8760041,19853084,,5877292,79833,3395166,15646720,5984256,47256958,host process after-product minus before counters,24261000,2.4391035000007832,,,,,,,,28352083,9613333,33.906972549424324,PASS,PASS,432793209,3b4b7771ba61326b08af2ea18bffdc012e5417706fd050c7e03e80bbc32b2d1e,891067915b4152dd42e7510ef374a3d8a8827ead03a597051335c933d0485958,c2cb953968812a9e401ea362c4aa6cdeea9e03453fbdcaa651cfb01734914405,820fc22ec764e28dd3dc6e51139ad4ec5442cb9b96b2661b7bc821a1da3edfae,sha256:42eb806fcfe9db1dc28098eb423340de3e4eaf81fd487389128305e65606d347,verification/workspace_change_locality/workspace-fixed-move-100-mixed-v4/verification.json,performance/workspace_change_locality/workspace-fixed-move-100-mixed-v4/perf.jsonl,directly-comparable,"Identical family, fixture generator, schedule, operation and timer source at v0.1.3 and candidate; runtime recipe/content and timer validation required. Optional endurance unexecuted historically.",9f5a641d223606c45e5e6aa8a20094c12f9139a1
workspace_change_locality,workspace-fixed-move-500-mixed-v4,500,524288000,5000,workspace-mixed-v4,1,1,pure_call_sum_ns,39344419,PASS,PASS,15000000000,PASS,2238187834,534737542,11273709,19690000,,5436792,63709,2880209,25460736,5398528,88417958,host process after-product minus before counters,22582000,4.1186322910070885,,,,,,,,27589207,11755212,42.60800971916301,PASS,PASS,725492625,3b4b7771ba61326b08af2ea18bffdc012e5417706fd050c7e03e80bbc32b2d1e,891067915b4152dd42e7510ef374a3d8a8827ead03a597051335c933d0485958,c2cb953968812a9e401ea362c4aa6cdeea9e03453fbdcaa651cfb01734914405,a87bc6dbc9551d413869058e55b8b71d4a198b351b5534e1da94187ec588bcd8,sha256:42eb806fcfe9db1dc28098eb423340de3e4eaf81fd487389128305e65606d347,verification/workspace_change_locality/workspace-fixed-move-500-mixed-v4/verification.json,performance/workspace_change_locality/workspace-fixed-move-500-mixed-v4/perf.jsonl,directly-comparable,"Identical family, fixture generator, schedule, operation and timer source at v0.1.3 and candidate; runtime recipe/content and timer validation required. Optional endurance unexecuted historically.",9f5a641d223606c45e5e6aa8a20094c12f9139a1
workspace_change_locality,workspace-distributed-sdk-edit-1-compact-v2,1,1048576,50,compact-low-tier-v2,1,1,pure_call_sum_ns,20263208,PASS,PASS,15000000000,PASS,613477084,464592042,8622833,,3454167,5098083,67375,3020750,10289152,5394432,28691208,host process after-product minus before counters,19051000,1.9779700000071898,,,,,,,,16937333,3325875,19.636355971745964,PASS,PASS,377028417,3b4b7771ba61326b08af2ea18bffdc012e5417706fd050c7e03e80bbc32b2d1e,891067915b4152dd42e7510ef374a3d8a8827ead03a597051335c933d0485958,c2cb953968812a9e401ea362c4aa6cdeea9e03453fbdcaa651cfb01734914405,81b2ae90403fba3e86654d04262862af40cc65cc847e86a889178f19d38cb35f,sha256:42eb806fcfe9db1dc28098eb423340de3e4eaf81fd487389128305e65606d347,verification/workspace_change_locality/workspace-distributed-sdk-edit-1-compact-v2/verification.json,performance/workspace_change_locality/workspace-distributed-sdk-edit-1-compact-v2/perf.jsonl,directly-comparable,"Identical family, fixture generator, schedule, operation and timer source at v0.1.3 and candidate; runtime recipe/content and timer validation required. Optional endurance unexecuted historically.",9f5a641d223606c45e5e6aa8a20094c12f9139a1
workspace_change_locality,workspace-distributed-sdk-edit-10-compact-v2,10,10485760,500,compact-low-tier-v2,1,1,pure_call_sum_ns,44329957,PASS,PASS,15000000000,PASS,636831042,463101875,8561333,,24552874,8292875,74500,2848375,13516800,5656576,38746709,host process after-product minus before counters,22344000,2.5811313340091147,,,,,,,,39179873,5150084,13.144718462972047,PASS,PASS,376427250,3b4b7771ba61326b08af2ea18bffdc012e5417706fd050c7e03e80bbc32b2d1e,891067915b4152dd42e7510ef374a3d8a8827ead03a597051335c933d0485958,c2cb953968812a9e401ea362c4aa6cdeea9e03453fbdcaa651cfb01734914405,a0133733ecabc531d3c77c83049adb9919644a9b4f8ad290cc2148647fdc2089,sha256:42eb806fcfe9db1dc28098eb423340de3e4eaf81fd487389128305e65606d347,verification/workspace_change_locality/workspace-distributed-sdk-edit-10-compact-v2/verification.json,performance/workspace_change_locality/workspace-distributed-sdk-edit-10-compact-v2/perf.jsonl,directly-comparable,"Identical family, fixture generator, schedule, operation and timer source at v0.1.3 and candidate; runtime recipe/content and timer validation required. Optional endurance unexecuted historically.",9f5a641d223606c45e5e6aa8a20094c12f9139a1
workspace_change_locality,workspace-distributed-sdk-edit-100-mixed-v4,100,104857600,2000,workspace-mixed-v4,1,1,pure_call_sum_ns,412086915,PASS,PASS,15000000000,PASS,1074199167,844231792,10686750,,370927665,27953125,78125,2441250,34865152,13520896,227281957,host process after-product minus before counters,65928000,2.738734291997389,,,,,,,,336399086,75687829,22.499415768329406,PASS,PASS,479722042,3b4b7771ba61326b08af2ea18bffdc012e5417706fd050c7e03e80bbc32b2d1e,891067915b4152dd42e7510ef374a3d8a8827ead03a597051335c933d0485958,c2cb953968812a9e401ea362c4aa6cdeea9e03453fbdcaa651cfb01734914405,b9468cac92ddea49eaaa79cbe66f2552847bb082114f8ad69cbb918f27a2e6d3,sha256:42eb806fcfe9db1dc28098eb423340de3e4eaf81fd487389128305e65606d347,verification/workspace_change_locality/workspace-distributed-sdk-edit-100-mixed-v4/verification.json,performance/workspace_change_locality/workspace-distributed-sdk-edit-100-mixed-v4/perf.jsonl,directly-comparable,"Identical family, fixture generator, schedule, operation and timer source at v0.1.3 and candidate; runtime recipe/content and timer validation required. Optional endurance unexecuted historically.",9f5a641d223606c45e5e6aa8a20094c12f9139a1
workspace_change_locality,workspace-distributed-sdk-edit-500-mixed-v4,500,524288000,5000,workspace-mixed-v4,1,1,pure_call_sum_ns,2947457329,PASS,PASS,15000000000,PASS,2283973834,3442758750,9505250,,2843672163,91383500,82375,2814041,68616192,30887936,1184374167,host process after-product minus before counters,462526000,7.486676457992871,,,,,,,,2849182039,98275290,3.4492457363128843,PASS,PASS,793781458,3b4b7771ba61326b08af2ea18bffdc012e5417706fd050c7e03e80bbc32b2d1e,891067915b4152dd42e7510ef374a3d8a8827ead03a597051335c933d0485958,c2cb953968812a9e401ea362c4aa6cdeea9e03453fbdcaa651cfb01734914405,fbca8eb9b323c2edc31471a23906ce303573e98f7d659bc8284043e43a16d707,sha256:42eb806fcfe9db1dc28098eb423340de3e4eaf81fd487389128305e65606d347,verification/workspace_change_locality/workspace-distributed-sdk-edit-500-mixed-v4/verification.json,performance/workspace_change_locality/workspace-distributed-sdk-edit-500-mixed-v4/perf.jsonl,directly-comparable,"Identical family, fixture generator, schedule, operation and timer source at v0.1.3 and candidate; runtime recipe/content and timer validation required. Optional endurance unexecuted historically.",9f5a641d223606c45e5e6aa8a20094c12f9139a1
workspace_change_locality,workspace-dense-rewrite-1-compact-v2,1,1048576,50,compact-low-tier-v2,1,1,pure_call_sum_ns,117866250,PASS,PASS,15000000000,PASS,578673208,531659083,9105542,80395250,,23939541,74542,4351375,16039936,8167424,64577333,host process after-product minus before counters,45252000,2.117191500001354,,,,,,,,84118125,33748125,40.11992064730401,PASS,PASS,374349709,3b4b7771ba61326b08af2ea18bffdc012e5417706fd050c7e03e80bbc32b2d1e,891067915b4152dd42e7510ef374a3d8a8827ead03a597051335c933d0485958,c2cb953968812a9e401ea362c4aa6cdeea9e03453fbdcaa651cfb01734914405,379899af603fee95e3a176f2ec2a85f9dccc07b4a788d6538233ef2fc14674fc,sha256:42eb806fcfe9db1dc28098eb423340de3e4eaf81fd487389128305e65606d347,verification/workspace_change_locality/workspace-dense-rewrite-1-compact-v2/verification.json,performance/workspace_change_locality/workspace-dense-rewrite-1-compact-v2/perf.jsonl,directly-comparable,"Identical family, fixture generator, schedule, operation and timer source at v0.1.3 and candidate; runtime recipe/content and timer validation required. Optional endurance unexecuted historically.",9f5a641d223606c45e5e6aa8a20094c12f9139a1
workspace_change_locality,workspace-dense-rewrite-10-compact-v2,10,10485760,500,compact-low-tier-v2,1,1,pure_call_sum_ns,393220209,PASS,PASS,15000000000,PASS,690661042,804868041,9899125,249225333,,130089792,74125,3931834,44859392,21635072,239373000,host process after-product minus before counters,131753000,2.7665708330023335,,,,,,,,316616500,76603709,24.194477862019195,PASS,PASS,373011917,3b4b7771ba61326b08af2ea18bffdc012e5417706fd050c7e03e80bbc32b2d1e,891067915b4152dd42e7510ef374a3d8a8827ead03a597051335c933d0485958,c2cb953968812a9e401ea362c4aa6cdeea9e03453fbdcaa651cfb01734914405,d982399b2eef58cde71f8355bc695609dc05ab137cf47705cbbdd090c4e1e56a,sha256:42eb806fcfe9db1dc28098eb423340de3e4eaf81fd487389128305e65606d347,verification/workspace_change_locality/workspace-dense-rewrite-10-compact-v2/verification.json,performance/workspace_change_locality/workspace-dense-rewrite-10-compact-v2/perf.jsonl,directly-comparable,"Identical family, fixture generator, schedule, operation and timer source at v0.1.3 and candidate; runtime recipe/content and timer validation required. Optional endurance unexecuted historically.",9f5a641d223606c45e5e6aa8a20094c12f9139a1
workspace_change_locality,workspace-dense-rewrite-100-mixed-v4,100,104857600,2000,workspace-mixed-v4,1,1,pure_call_sum_ns,1935727208,PASS,PASS,15000000000,PASS,1012590750,2355827834,9705458,1087237834,,832400916,81750,6301250,69042176,130711552,1362442166,host process after-product minus before counters,483908000,4.3269604579982115,,,,,,,,1497618208,438109000,29.25371751356271,PASS,PASS,479968875,3b4b7771ba61326b08af2ea18bffdc012e5417706fd050c7e03e80bbc32b2d1e,891067915b4152dd42e7510ef374a3d8a8827ead03a597051335c933d0485958,c2cb953968812a9e401ea362c4aa6cdeea9e03453fbdcaa651cfb01734914405,1dc06c374d1469c762af90c31de70817fec87ec54c8bd505d50ecdb436d6dd29,sha256:42eb806fcfe9db1dc28098eb423340de3e4eaf81fd487389128305e65606d347,verification/workspace_change_locality/workspace-dense-rewrite-100-mixed-v4/verification.json,performance/workspace_change_locality/workspace-dense-rewrite-100-mixed-v4/perf.jsonl,directly-comparable,"Identical family, fixture generator, schedule, operation and timer source at v0.1.3 and candidate; runtime recipe/content and timer validation required. Optional endurance unexecuted historically.",9f5a641d223606c45e5e6aa8a20094c12f9139a1
workspace_change_locality,workspace-dense-rewrite-500-mixed-v4,500,524288000,5000,workspace-mixed-v4,1,1,pure_call_sum_ns,7188546293,PASS,PASS,15000000000,PASS,2213770708,7719713083,10000250,3896624959,,3261297542,193167,20430375,86933504,572043264,4700069375,host process after-product minus before counters,1923880000,11.73110999999335,,,,,,,,5688591958,1499954335,26.36776105712028,PASS,PASS,708941792,3b4b7771ba61326b08af2ea18bffdc012e5417706fd050c7e03e80bbc32b2d1e,891067915b4152dd42e7510ef374a3d8a8827ead03a597051335c933d0485958,c2cb953968812a9e401ea362c4aa6cdeea9e03453fbdcaa651cfb01734914405,a03e00d48c6df71674b052ae39f7c4c49a2c7d0fbab4f1e7b67275ed0d322802,sha256:42eb806fcfe9db1dc28098eb423340de3e4eaf81fd487389128305e65606d347,verification/workspace_change_locality/workspace-dense-rewrite-500-mixed-v4/verification.json,performance/workspace_change_locality/workspace-dense-rewrite-500-mixed-v4/perf.jsonl,directly-comparable,"Identical family, fixture generator, schedule, operation and timer source at v0.1.3 and candidate; runtime recipe/content and timer validation required. Optional endurance unexecuted historically.",9f5a641d223606c45e5e6aa8a20094c12f9139a1
dedup_branch_history,dedup-history-distributed-1,1,1048576,200,registered-fixture,1,1,pure_call_sum_ns,35024335,PASS,PASS,15000000000,PASS,705191209,434396084,11163000,,11909417,7429834,109959,4412125,13238272,5660672,38113124,host process after-product minus before counters,22146000,2.4345885000075214,,,,,,,,22163084,12861251,58.03006025695702,PASS,PASS,347082500,3b4b7771ba61326b08af2ea18bffdc012e5417706fd050c7e03e80bbc32b2d1e,891067915b4152dd42e7510ef374a3d8a8827ead03a597051335c933d0485958,c2cb953968812a9e401ea362c4aa6cdeea9e03453fbdcaa651cfb01734914405,6f817344f2581d3eb5fd13c776b10809f83ac3d49795a98c9095af5921699ef3,sha256:42eb806fcfe9db1dc28098eb423340de3e4eaf81fd487389128305e65606d347,verification/dedup_branch_history/dedup-history-distributed-1/verification.json,performance/dedup_branch_history/dedup-history-distributed-1/perf.jsonl,directly-comparable,"Identical family, fixture generator, schedule, operation and timer source at v0.1.3 and candidate; runtime recipe/content and timer validation required. Optional endurance unexecuted historically.",9f5a641d223606c45e5e6aa8a20094c12f9139a1
dedup_branch_history,dedup-history-distributed-10,10,1048576,200,registered-fixture,1,1,pure_call_sum_ns,97468253,PASS,PASS,15000000000,PASS,629764167,546555666,9817083,,38500751,46190043,67917,2892459,14237696,5668864,81159125,host process after-product minus before counters,31530000,4.996775374995195,,,,,,,,82265877,15202376,18.479564741040807,PASS,PASS,355161250,3b4b7771ba61326b08af2ea18bffdc012e5417706fd050c7e03e80bbc32b2d1e,891067915b4152dd42e7510ef374a3d8a8827ead03a597051335c933d0485958,c2cb953968812a9e401ea362c4aa6cdeea9e03453fbdcaa651cfb01734914405,308893a4ed707985c1d5d2457586086fbe6cf369ab4337825b1c3bd38b744f0e,sha256:42eb806fcfe9db1dc28098eb423340de3e4eaf81fd487389128305e65606d347,verification/dedup_branch_history/dedup-history-distributed-10/verification.json,performance/dedup_branch_history/dedup-history-distributed-10/perf.jsonl,directly-comparable,"Identical family, fixture generator, schedule, operation and timer source at v0.1.3 and candidate; runtime recipe/content and timer validation required. Optional endurance unexecuted historically.",9f5a641d223606c45e5e6aa8a20094c12f9139a1
dedup_branch_history,dedup-history-distributed-100,100,1048576,200,registered-fixture,1,1,pure_call_sum_ns,679296126,PASS,PASS,15000000000,PASS,675402792,1275229792,9395500,,264785204,402152339,75958,2887125,17645568,11714560,452906541,host process after-product minus before counters,112691000,5.045695957989665,,,,,,,,586404579,92891547,15.840863173068776,PASS,PASS,407844209,3b4b7771ba61326b08af2ea18bffdc012e5417706fd050c7e03e80bbc32b2d1e,891067915b4152dd42e7510ef374a3d8a8827ead03a597051335c933d0485958,c2cb953968812a9e401ea362c4aa6cdeea9e03453fbdcaa651cfb01734914405,c2ea0bb4102e31e8557cee1b511bb22db44e3428ef11cca75a1df357b87bd47a,sha256:42eb806fcfe9db1dc28098eb423340de3e4eaf81fd487389128305e65606d347,verification/dedup_branch_history/dedup-history-distributed-100/verification.json,performance/dedup_branch_history/dedup-history-distributed-100/perf.jsonl,directly-comparable,"Identical family, fixture generator, schedule, operation and timer source at v0.1.3 and candidate; runtime recipe/content and timer validation required. Optional endurance unexecuted historically.",9f5a641d223606c45e5e6aa8a20094c12f9139a1
dedup_branch_history,dedup-history-distributed-500,500,1048576,200,registered-fixture,1,1,pure_call_sum_ns,3404998260,PASS,PASS,15000000000,PASS,618749209,4824578333,10317167,,1382116786,2009676723,73625,2813959,28246016,44072960,2209774958,host process after-product minus before counters,508255000,10.22451075000572,,,,,,,,2925218405,479779855,16.40150541169592,PASS,PASS,402646584,3b4b7771ba61326b08af2ea18bffdc012e5417706fd050c7e03e80bbc32b2d1e,891067915b4152dd42e7510ef374a3d8a8827ead03a597051335c933d0485958,c2cb953968812a9e401ea362c4aa6cdeea9e03453fbdcaa651cfb01734914405,53bb09288b1e63327c40204869a917bc23411a2160944f68adb348268f329f0b,sha256:42eb806fcfe9db1dc28098eb423340de3e4eaf81fd487389128305e65606d347,verification/dedup_branch_history/dedup-history-distributed-500/verification.json,performance/dedup_branch_history/dedup-history-distributed-500/perf.jsonl,directly-comparable,"Identical family, fixture generator, schedule, operation and timer source at v0.1.3 and candidate; runtime recipe/content and timer validation required. Optional endurance unexecuted historically.",9f5a641d223606c45e5e6aa8a20094c12f9139a1
dedup_branch_history,dedup-history-hotset-1,1,1048576,200,registered-fixture,1,1,pure_call_sum_ns,32682709,PASS,PASS,15000000000,PASS,676757625,438046917,11308000,,11339458,6742042,69459,3223750,12877824,5668864,37733667,host process after-product minus before counters,22322000,2.4700768330076244,,,,,,,,23580083,9102626,38.60302781801065,PASS,PASS,363654292,3b4b7771ba61326b08af2ea18bffdc012e5417706fd050c7e03e80bbc32b2d1e,891067915b4152dd42e7510ef374a3d8a8827ead03a597051335c933d0485958,c2cb953968812a9e401ea362c4aa6cdeea9e03453fbdcaa651cfb01734914405,bde670c19f0c0cd5685b0194689d0eec9bb5e8c494af8e301842198f98e0943e,sha256:42eb806fcfe9db1dc28098eb423340de3e4eaf81fd487389128305e65606d347,verification/dedup_branch_history/dedup-history-hotset-1/verification.json,performance/dedup_branch_history/dedup-history-hotset-1/perf.jsonl,directly-comparable,"Identical family, fixture generator, schedule, operation and timer source at v0.1.3 and candidate; runtime recipe/content and timer validation required. Optional endurance unexecuted historically.",9f5a641d223606c45e5e6aa8a20094c12f9139a1
dedup_branch_history,dedup-history-hotset-10,10,1048576,200,registered-fixture,1,1,pure_call_sum_ns,135254167,PASS,PASS,15000000000,PASS,678970625,550742583,9221666,,79518960,43488041,69834,2955666,14024704,5341184,90738375,host process after-product minus before counters,33152000,5.114452624999103,,,,,,,,118461251,16792916,14.175872581321972,PASS,PASS,358603541,3b4b7771ba61326b08af2ea18bffdc012e5417706fd050c7e03e80bbc32b2d1e,891067915b4152dd42e7510ef374a3d8a8827ead03a597051335c933d0485958,c2cb953968812a9e401ea362c4aa6cdeea9e03453fbdcaa651cfb01734914405,7f3ba617750981a348f8086079db70e8eb46fd4175e0a2d4c35cb75d00adde61,sha256:42eb806fcfe9db1dc28098eb423340de3e4eaf81fd487389128305e65606d347,verification/dedup_branch_history/dedup-history-hotset-10/verification.json,performance/dedup_branch_history/dedup-history-hotset-10/perf.jsonl,directly-comparable,"Identical family, fixture generator, schedule, operation and timer source at v0.1.3 and candidate; runtime recipe/content and timer validation required. Optional endurance unexecuted historically.",9f5a641d223606c45e5e6aa8a20094c12f9139a1
dedup_branch_history,dedup-history-hotset-100,100,1048576,200,registered-fixture,1,1,pure_call_sum_ns,926891873,PASS,PASS,15000000000,PASS,668411084,1486305750,8968916,,558685459,356779206,68208,2390084,19218432,13119488,527954042,host process after-product minus before counters,164278000,5.253779959006351,,,,,,,,799500410,127391463,15.933883386001016,PASS,PASS,346835292,3b4b7771ba61326b08af2ea18bffdc012e5417706fd050c7e03e80bbc32b2d1e,891067915b4152dd42e7510ef374a3d8a8827ead03a597051335c933d0485958,c2cb953968812a9e401ea362c4aa6cdeea9e03453fbdcaa651cfb01734914405,c52ffddefd051d9c82ac3d0f1fa4a9c6fe6ebc70b9af232c44ad7d27c3431ad5,sha256:42eb806fcfe9db1dc28098eb423340de3e4eaf81fd487389128305e65606d347,verification/dedup_branch_history/dedup-history-hotset-100/verification.json,performance/dedup_branch_history/dedup-history-hotset-100/perf.jsonl,directly-comparable,"Identical family, fixture generator, schedule, operation and timer source at v0.1.3 and candidate; runtime recipe/content and timer validation required. Optional endurance unexecuted historically.",9f5a641d223606c45e5e6aa8a20094c12f9139a1
dedup_branch_history,dedup-history-hotset-500,500,1048576,200,registered-fixture,1,1,pure_call_sum_ns,3844577641,PASS,PASS,15000000000,PASS,612478791,5078339625,9614750,,2313975470,1518286838,89083,2611500,27557888,47575040,2351848083,host process after-product minus before counters,620994000,9.474370542011457,,,,,,,,3683754881,160822760,4.365729132236472,PASS,PASS,405979125,3b4b7771ba61326b08af2ea18bffdc012e5417706fd050c7e03e80bbc32b2d1e,891067915b4152dd42e7510ef374a3d8a8827ead03a597051335c933d0485958,c2cb953968812a9e401ea362c4aa6cdeea9e03453fbdcaa651cfb01734914405,7b6a125ccf7160fde3215d3826529aa36f0b530f5e5a43903a45c62b2decd8ca,sha256:42eb806fcfe9db1dc28098eb423340de3e4eaf81fd487389128305e65606d347,verification/dedup_branch_history/dedup-history-hotset-500/verification.json,performance/dedup_branch_history/dedup-history-hotset-500/perf.jsonl,directly-comparable,"Identical family, fixture generator, schedule, operation and timer source at v0.1.3 and candidate; runtime recipe/content and timer validation required. Optional endurance unexecuted historically.",9f5a641d223606c45e5e6aa8a20094c12f9139a1
dedup_branch_history,dedup-history-recurring-1,1,1048576,200,registered-fixture,1,1,pure_call_sum_ns,29095749,PASS,PASS,15000000000,PASS,669908875,431116834,8173625,,10828291,7257083,70875,2765875,13434880,5427200,36963709,host process after-product minus before counters,21232000,2.323114832994179,,,,,,,,21456208,7639541,35.60527097798455,PASS,PASS,353570208,3b4b7771ba61326b08af2ea18bffdc012e5417706fd050c7e03e80bbc32b2d1e,891067915b4152dd42e7510ef374a3d8a8827ead03a597051335c933d0485958,c2cb953968812a9e401ea362c4aa6cdeea9e03453fbdcaa651cfb01734914405,0ef4ac7bf40eae5422b80b3a2dd208de4d8f0364b9564c02b4194ba8a95c7a58,sha256:42eb806fcfe9db1dc28098eb423340de3e4eaf81fd487389128305e65606d347,verification/dedup_branch_history/dedup-history-recurring-1/verification.json,performance/dedup_branch_history/dedup-history-recurring-1/perf.jsonl,directly-comparable,"Identical family, fixture generator, schedule, operation and timer source at v0.1.3 and candidate; runtime recipe/content and timer validation required. Optional endurance unexecuted historically.",9f5a641d223606c45e5e6aa8a20094c12f9139a1
dedup_branch_history,dedup-history-recurring-10,10,1048576,200,registered-fixture,1,1,pure_call_sum_ns,89001498,PASS,PASS,15000000000,PASS,622747500,541907458,10465583,,31117540,44601751,70083,2746541,14368768,5668864,72757750,host process after-product minus before counters,29317000,5.131405583000742,,,,,,,,62918081,26083417,41.4561547101222,PASS,PASS,408182250,3b4b7771ba61326b08af2ea18bffdc012e5417706fd050c7e03e80bbc32b2d1e,891067915b4152dd42e7510ef374a3d8a8827ead03a597051335c933d0485958,c2cb953968812a9e401ea362c4aa6cdeea9e03453fbdcaa651cfb01734914405,d704e30e1cbe33cc1e2da8ee63aba335bda247cb092e97b9ce50e3488c1ae775,sha256:42eb806fcfe9db1dc28098eb423340de3e4eaf81fd487389128305e65606d347,verification/dedup_branch_history/dedup-history-recurring-10/verification.json,performance/dedup_branch_history/dedup-history-recurring-10/perf.jsonl,directly-comparable,"Identical family, fixture generator, schedule, operation and timer source at v0.1.3 and candidate; runtime recipe/content and timer validation required. Optional endurance unexecuted historically.",9f5a641d223606c45e5e6aa8a20094c12f9139a1
dedup_branch_history,dedup-history-recurring-100,100,1048576,200,registered-fixture,1,1,pure_call_sum_ns,600232794,PASS,PASS,15000000000,PASS,731218666,1156569167,7975167,,200503877,389258625,70542,2424583,15745024,5672960,404741875,host process after-product minus before counters,94919000,4.304030083003454,,,,,,,,462840955,137391839,29.684460183520276,PASS,PASS,410428833,3b4b7771ba61326b08af2ea18bffdc012e5417706fd050c7e03e80bbc32b2d1e,891067915b4152dd42e7510ef374a3d8a8827ead03a597051335c933d0485958,c2cb953968812a9e401ea362c4aa6cdeea9e03453fbdcaa651cfb01734914405,abab6b9d4155e1617c00a6df2adb596876ea33b3d8bc83ca8d8a472ad9ccde6e,sha256:42eb806fcfe9db1dc28098eb423340de3e4eaf81fd487389128305e65606d347,verification/dedup_branch_history/dedup-history-recurring-100/verification.json,performance/dedup_branch_history/dedup-history-recurring-100/perf.jsonl,directly-comparable,"Identical family, fixture generator, schedule, operation and timer source at v0.1.3 and candidate; runtime recipe/content and timer validation required. Optional endurance unexecuted historically.",9f5a641d223606c45e5e6aa8a20094c12f9139a1
dedup_branch_history,dedup-history-recurring-500,500,1048576,200,registered-fixture,1,1,pure_call_sum_ns,2878276010,PASS,PASS,15000000000,PASS,679323667,4190949583,10188459,,948341994,1916713765,76250,2955542,18972672,5496832,1898568875,host process after-product minus before counters,414390000,8.13784987499821,,,,,,,,2145416191,732859819,34.15933104608513,PASS,PASS,408833583,3b4b7771ba61326b08af2ea18bffdc012e5417706fd050c7e03e80bbc32b2d1e,891067915b4152dd42e7510ef374a3d8a8827ead03a597051335c933d0485958,c2cb953968812a9e401ea362c4aa6cdeea9e03453fbdcaa651cfb01734914405,43e98f2d957dbc186b9faf1c7223b8618109e926cd8cdec843c6e64d69e66384,sha256:42eb806fcfe9db1dc28098eb423340de3e4eaf81fd487389128305e65606d347,verification/dedup_branch_history/dedup-history-recurring-500/verification.json,performance/dedup_branch_history/dedup-history-recurring-500/perf.jsonl,directly-comparable,"Identical family, fixture generator, schedule, operation and timer source at v0.1.3 and candidate; runtime recipe/content and timer validation required. Optional endurance unexecuted historically.",9f5a641d223606c45e5e6aa8a20094c12f9139a1
dedup_branch_history,dedup-history-metadata-1,1,1048576,200,registered-fixture,1,1,pure_call_sum_ns,30096791,PASS,PASS,15000000000,PASS,689210291,445823791,9848083,11054708,,5633875,125000,3435125,9928704,5427200,33941000,host process after-product minus before counters,23977000,2.3430075000069337,,,,,,,,20652541,9444250,45.729239806375396,PASS,PASS,358395125,3b4b7771ba61326b08af2ea18bffdc012e5417706fd050c7e03e80bbc32b2d1e,891067915b4152dd42e7510ef374a3d8a8827ead03a597051335c933d0485958,c2cb953968812a9e401ea362c4aa6cdeea9e03453fbdcaa651cfb01734914405,07af4c9fd3261621d7dbd2a5c16d0ee4af57b6d20f9e170df53c8e9ba24658f6,sha256:42eb806fcfe9db1dc28098eb423340de3e4eaf81fd487389128305e65606d347,verification/dedup_branch_history/dedup-history-metadata-1/verification.json,performance/dedup_branch_history/dedup-history-metadata-1/perf.jsonl,directly-comparable,"Identical family, fixture generator, schedule, operation and timer source at v0.1.3 and candidate; runtime recipe/content and timer validation required. Optional endurance unexecuted historically.",9f5a641d223606c45e5e6aa8a20094c12f9139a1
dedup_branch_history,dedup-history-metadata-10,10,1048576,200,registered-fixture,1,1,pure_call_sum_ns,97801000,PASS,PASS,15000000000,PASS,673650833,540212333,9428958,52331500,,32748458,70917,3221167,10256384,5955584,60359791,host process after-product minus before counters,51089000,4.883590125013143,,,,,,,,76473917,21327083,27.888048417867754,PASS,PASS,350743500,3b4b7771ba61326b08af2ea18bffdc012e5417706fd050c7e03e80bbc32b2d1e,891067915b4152dd42e7510ef374a3d8a8827ead03a597051335c933d0485958,c2cb953968812a9e401ea362c4aa6cdeea9e03453fbdcaa651cfb01734914405,bd55c899dfad1b07c3348ccc04b02db59127d4f4c9bfde4c64f1ab78c5b934e9,sha256:42eb806fcfe9db1dc28098eb423340de3e4eaf81fd487389128305e65606d347,verification/dedup_branch_history/dedup-history-metadata-10/verification.json,performance/dedup_branch_history/dedup-history-metadata-10/perf.jsonl,directly-comparable,"Identical family, fixture generator, schedule, operation and timer source at v0.1.3 and candidate; runtime recipe/content and timer validation required. Optional endurance unexecuted historically.",9f5a641d223606c45e5e6aa8a20094c12f9139a1
dedup_branch_history,dedup-history-metadata-100,100,1048576,200,registered-fixture,1,1,pure_call_sum_ns,751687921,PASS,PASS,15000000000,PASS,728555708,1243696458,10000416,433526004,,305436502,80416,2644583,12795904,5664768,334428707,host process after-product minus before counters,303577000,4.68033358300454,,,,,,,,649605248,102082673,15.714570243127099,PASS,PASS,408266208,3b4b7771ba61326b08af2ea18bffdc012e5417706fd050c7e03e80bbc32b2d1e,891067915b4152dd42e7510ef374a3d8a8827ead03a597051335c933d0485958,c2cb953968812a9e401ea362c4aa6cdeea9e03453fbdcaa651cfb01734914405,6b87534d5a7403cc6b2ead7ecf05d5aad2f37dc9b9def79936e3085af74f4003,sha256:42eb806fcfe9db1dc28098eb423340de3e4eaf81fd487389128305e65606d347,verification/dedup_branch_history/dedup-history-metadata-100/verification.json,performance/dedup_branch_history/dedup-history-metadata-100/perf.jsonl,directly-comparable,"Identical family, fixture generator, schedule, operation and timer source at v0.1.3 and candidate; runtime recipe/content and timer validation required. Optional endurance unexecuted historically.",9f5a641d223606c45e5e6aa8a20094c12f9139a1
dedup_branch_history,dedup-history-metadata-500,500,1048576,200,registered-fixture,1,1,pure_call_sum_ns,3481994586,PASS,PASS,15000000000,PASS,513211250,4436231167,9745708,2069774091,,1399955455,76791,2442541,15745024,5660672,1532461458,host process after-product minus before counters,1413460000,8.01812829200935,,,,,,,,3231966647,250027939,7.736092797618527,PASS,PASS,406995917,3b4b7771ba61326b08af2ea18bffdc012e5417706fd050c7e03e80bbc32b2d1e,891067915b4152dd42e7510ef374a3d8a8827ead03a597051335c933d0485958,c2cb953968812a9e401ea362c4aa6cdeea9e03453fbdcaa651cfb01734914405,70dafa15ada434235ffbc3ddf235f5090f6b33a8e6e65f5b94e297afeffa3eed,sha256:42eb806fcfe9db1dc28098eb423340de3e4eaf81fd487389128305e65606d347,verification/dedup_branch_history/dedup-history-metadata-500/verification.json,performance/dedup_branch_history/dedup-history-metadata-500/perf.jsonl,directly-comparable,"Identical family, fixture generator, schedule, operation and timer source at v0.1.3 and candidate; runtime recipe/content and timer validation required. Optional endurance unexecuted historically.",9f5a641d223606c45e5e6aa8a20094c12f9139a1
dedup_branch_history,dedup-history-unrelated-1,1,1048576,200,registered-fixture,1,1,pure_call_sum_ns,1033286499,PASS,PASS,15000000000,PASS,510219791,1458168833,8811000,978183833,,43062083,113583,3116000,19660800,8404992,374585292,host process after-product minus before counters,215497000,3.532346249994589,,,,,,,,880163541,153122958,17.39710302315283,PASS,PASS,398098916,3b4b7771ba61326b08af2ea18bffdc012e5417706fd050c7e03e80bbc32b2d1e,891067915b4152dd42e7510ef374a3d8a8827ead03a597051335c933d0485958,c2cb953968812a9e401ea362c4aa6cdeea9e03453fbdcaa651cfb01734914405,5142e2dbe01ac786383000bb5bb222f22be866d6a7cc05f9dd324aea240db9b0,sha256:42eb806fcfe9db1dc28098eb423340de3e4eaf81fd487389128305e65606d347,verification/dedup_branch_history/dedup-history-unrelated-1/verification.json,performance/dedup_branch_history/dedup-history-unrelated-1/perf.jsonl,directly-comparable,"Identical family, fixture generator, schedule, operation and timer source at v0.1.3 and candidate; runtime recipe/content and timer validation required. Optional endurance unexecuted historically.",9f5a641d223606c45e5e6aa8a20094c12f9139a1
dedup_branch_history,dedup-history-unrelated-10,10,1048576,200,registered-fixture,1,1,pure_call_sum_ns,9477130040,PASS,PASS,15000000000,PASS,680941667,9913737000,8465584,8997933122,,467561376,71833,3098125,36536320,13770752,3263529584,host process after-product minus before counters,1856060000,14.114522499992745,,,,,,,,9543474916,-66344876,-0.6951857324921584,PASS,PASS,412920917,3b4b7771ba61326b08af2ea18bffdc012e5417706fd050c7e03e80bbc32b2d1e,891067915b4152dd42e7510ef374a3d8a8827ead03a597051335c933d0485958,c2cb953968812a9e401ea362c4aa6cdeea9e03453fbdcaa651cfb01734914405,ffd082f4b5db1d496887297f4cf7b1274b3be4c6f7bd19a9f377064f0f8b4401,sha256:42eb806fcfe9db1dc28098eb423340de3e4eaf81fd487389128305e65606d347,verification/dedup_branch_history/dedup-history-unrelated-10/verification.json,performance/dedup_branch_history/dedup-history-unrelated-10/perf.jsonl,directly-comparable,"Identical family, fixture generator, schedule, operation and timer source at v0.1.3 and candidate; runtime recipe/content and timer validation required. Optional endurance unexecuted historically.",9f5a641d223606c45e5e6aa8a20094c12f9139a1
dedup_branch_history,dedup-history-unrelated-100-mixed-v2,100,1048576,10,history-unrelated-mixed-v2,1,1,pure_call_sum_ns,4575335001,PASS,PASS,15000000000,PASS,556012875,5075373458,10754875,2919923460,,1642001540,66084,2589042,59080704,8826880,2250586584,host process after-product minus before counters,881548000,6.67249745799927,,,,,,,,3549609120,1025725881,28.896868537457443,PASS,PASS,355619875,3b4b7771ba61326b08af2ea18bffdc012e5417706fd050c7e03e80bbc32b2d1e,891067915b4152dd42e7510ef374a3d8a8827ead03a597051335c933d0485958,c2cb953968812a9e401ea362c4aa6cdeea9e03453fbdcaa651cfb01734914405,644d5b1897bfae293ac12b50c63b7fe47c8f22b47e3ddfe586ebbeeb8a42afa8,sha256:42eb806fcfe9db1dc28098eb423340de3e4eaf81fd487389128305e65606d347,verification/dedup_branch_history/dedup-history-unrelated-100-mixed-v2/verification.json,performance/dedup_branch_history/dedup-history-unrelated-100-mixed-v2/perf.jsonl,directly-comparable,"Identical family, fixture generator, schedule, operation and timer source at v0.1.3 and candidate; runtime recipe/content and timer validation required. Optional endurance unexecuted historically.",9f5a641d223606c45e5e6aa8a20094c12f9139a1
dedup_branch_history,dedup-history-unrelated-500-mixed-v2,500,1048576,10,history-unrelated-mixed-v2,1,1,pure_call_sum_ns,23656609333,PASS,PASS,15000000000,TARGET_MISS,506600917,24732035375,12990375,14911358928,,8728658113,71875,3530042,67207168,10022912,11685972333,host process after-product minus before counters,4400853000,26.727194959006738,,,,,,,,18163888871,5492720462,30.23978235613155,PASS,PASS,370989417,3b4b7771ba61326b08af2ea18bffdc012e5417706fd050c7e03e80bbc32b2d1e,891067915b4152dd42e7510ef374a3d8a8827ead03a597051335c933d0485958,c2cb953968812a9e401ea362c4aa6cdeea9e03453fbdcaa651cfb01734914405,341f724ca0f9734b73b162c9eb8d439a9af8e64aade91f0d1518f577e84218de,sha256:42eb806fcfe9db1dc28098eb423340de3e4eaf81fd487389128305e65606d347,verification/dedup_branch_history/dedup-history-unrelated-500-mixed-v2/verification.json,performance/dedup_branch_history/dedup-history-unrelated-500-mixed-v2/perf.jsonl,directly-comparable,"Identical family, fixture generator, schedule, operation and timer source at v0.1.3 and candidate; runtime recipe/content and timer validation required. Optional endurance unexecuted historically.",9f5a641d223606c45e5e6aa8a20094c12f9139a1
git_tool_workflow,git-tool-1-compact-v2,1,1051076,51,compact-low-tier-v2,1,1,pure_call_sum_ns,359824667,PASS,PASS,15000000000,PASS,2953737625,752536375,11811709,335503333,,8702250,72000,3735375,14172160,12337152,87412709,host process after-product minus before counters,171110000,5.52728224999737,5117333,137458834,98094459,36239458,4735084,14642375,30591292,,,,PASS,PASS,462376167,3b4b7771ba61326b08af2ea18bffdc012e5417706fd050c7e03e80bbc32b2d1e,891067915b4152dd42e7510ef374a3d8a8827ead03a597051335c933d0485958,c2cb953968812a9e401ea362c4aa6cdeea9e03453fbdcaa651cfb01734914405,97afb8087390d8b8582fb7f9e65c4e7f477ff004bb0f1208d75cf56e583eb1ef,sha256:42eb806fcfe9db1dc28098eb423340de3e4eaf81fd487389128305e65606d347,verification/git_tool_workflow/git-tool-1-compact-v2/verification.json,performance/git_tool_workflow/git-tool-1-compact-v2/perf.jsonl,incompatible-contract,prepared fixture content differs,9f5a641d223606c45e5e6aa8a20094c12f9139a1
git_tool_workflow,git-tool-10-compact-v2,10,4211804,207,compact-low-tier-v2,1,1,pure_call_sum_ns,692451000,PASS,PASS,15000000000,PASS,3795288958,1112145625,12306375,658161250,,17408125,95167,4480083,21921792,28073984,187626917,host process after-product minus before counters,289683000,7.435840625010314,10894875,219667625,310698000,49363208,6010500,19528125,30391834,,,,PASS,PASS,507894167,3b4b7771ba61326b08af2ea18bffdc012e5417706fd050c7e03e80bbc32b2d1e,891067915b4152dd42e7510ef374a3d8a8827ead03a597051335c933d0485958,c2cb953968812a9e401ea362c4aa6cdeea9e03453fbdcaa651cfb01734914405,047648d4e6ad4806332e38bda859a001a4480dbb9b38a607e68eaae624b6aa22,sha256:42eb806fcfe9db1dc28098eb423340de3e4eaf81fd487389128305e65606d347,verification/git_tool_workflow/git-tool-10-compact-v2/verification.json,performance/git_tool_workflow/git-tool-10-compact-v2/perf.jsonl,incompatible-contract,prepared fixture content differs,9f5a641d223606c45e5e6aa8a20094c12f9139a1
git_tool_workflow,git-tool-100-mixed-v4,100,61491723,2351,workspace-mixed-v4-git,1,1,pure_call_sum_ns,2320389625,PASS,PASS,500000000,TARGET_MISS,10816306875,2767134292,14900417,2237249875,,54969125,82917,13187291,48775168,73834496,647589042,host process after-product minus before counters,1209697000,21.15165512500971,122575791,604161667,1288580417,101520042,16322459,40168375,35463584,,,,PASS,PASS,986418084,3b4b7771ba61326b08af2ea18bffdc012e5417706fd050c7e03e80bbc32b2d1e,891067915b4152dd42e7510ef374a3d8a8827ead03a597051335c933d0485958,c2cb953968812a9e401ea362c4aa6cdeea9e03453fbdcaa651cfb01734914405,49e4ef4a21b06e14930c8abc3517caa4c47006e84dfe08d5e029fdf095b0ce69,sha256:42eb806fcfe9db1dc28098eb423340de3e4eaf81fd487389128305e65606d347,verification/git_tool_workflow/git-tool-100-mixed-v4/verification.json,performance/git_tool_workflow/git-tool-100-mixed-v4/perf.jsonl,incompatible-contract,prepared fixture content differs,9f5a641d223606c45e5e6aa8a20094c12f9139a1
git_tool_workflow,git-tool-500-mixed-v4,500,73779723,5351,workspace-mixed-v4-git,1,1,pure_call_sum_ns,5504487585,PASS,PASS,1000000000,TARGET_MISS,18301113042,5955866375,16149084,5315382209,,147195083,89917,25671292,74350592,145825792,1429759542,host process after-product minus before counters,3038141000,37.7411789589969,563110542,1436366168,2572952209,416349875,64705708,130968125,55911583,,,,PASS,PASS,1656526958,3b4b7771ba61326b08af2ea18bffdc012e5417706fd050c7e03e80bbc32b2d1e,891067915b4152dd42e7510ef374a3d8a8827ead03a597051335c933d0485958,c2cb953968812a9e401ea362c4aa6cdeea9e03453fbdcaa651cfb01734914405,51fb2ef8046a67dcd6614645788d711ed7300fb848d04cf7c6f6c110403e64d4,sha256:42eb806fcfe9db1dc28098eb423340de3e4eaf81fd487389128305e65606d347,verification/git_tool_workflow/git-tool-500-mixed-v4/verification.json,performance/git_tool_workflow/git-tool-500-mixed-v4/perf.jsonl,incompatible-contract,prepared fixture content differs,9f5a641d223606c45e5e6aa8a20094c12f9139a1
mixed_load_bearing,agent-episodes-1-compact-v2,1,1081344,54,compact-low-tier-v2,1,1,pure_call_sum_ns,32437875,PASS,PASS,15000000000,PASS,835517417,432069834,8016625,14622709,,6716250,69666,3012625,10502144,5390336,32604416,host process after-product minus before counters,24432000,2.316462583010434,,,,,,,,26241042,6196833,23.61504165878779,PASS,PASS,355674917,3b4b7771ba61326b08af2ea18bffdc012e5417706fd050c7e03e80bbc32b2d1e,891067915b4152dd42e7510ef374a3d8a8827ead03a597051335c933d0485958,c2cb953968812a9e401ea362c4aa6cdeea9e03453fbdcaa651cfb01734914405,6cb29a3b199dacbd78f56124c7cace27f41707043ee444f3dd31bc7fc69c4e72,sha256:42eb806fcfe9db1dc28098eb423340de3e4eaf81fd487389128305e65606d347,verification/mixed_load_bearing/agent-episodes-1-compact-v2/verification.json,performance/mixed_load_bearing/agent-episodes-1-compact-v2/perf.jsonl,directly-comparable,"Identical family, fixture generator, schedule, operation and timer source at v0.1.3 and candidate; runtime recipe/content and timer validation required. Optional endurance unexecuted historically.",9f5a641d223606c45e5e6aa8a20094c12f9139a1
mixed_load_bearing,agent-episodes-10-compact-v2,10,10813440,540,compact-low-tier-v2,1,1,pure_call_sum_ns,115521376,PASS,PASS,15000000000,PASS,1138634333,542062208,10494542,89477084,,12490708,105333,2953709,12746752,5689344,53851584,host process after-product minus before counters,51488000,3.10039254098956,,,,,,,,89910918,25610458,28.484258163174353,PASS,PASS,351597334,3b4b7771ba61326b08af2ea18bffdc012e5417706fd050c7e03e80bbc32b2d1e,891067915b4152dd42e7510ef374a3d8a8827ead03a597051335c933d0485958,c2cb953968812a9e401ea362c4aa6cdeea9e03453fbdcaa651cfb01734914405,7ca20a2ea96d4f778aee53bd277903b15ffdbaac758f7c4aece694f08d9ff0b6,sha256:42eb806fcfe9db1dc28098eb423340de3e4eaf81fd487389128305e65606d347,verification/mixed_load_bearing/agent-episodes-10-compact-v2/verification.json,performance/mixed_load_bearing/agent-episodes-10-compact-v2/perf.jsonl,directly-comparable,"Identical family, fixture generator, schedule, operation and timer source at v0.1.3 and candidate; runtime recipe/content and timer validation required. Optional endurance unexecuted historically.",9f5a641d223606c45e5e6aa8a20094c12f9139a1
mixed_load_bearing,agent-episodes-100,100,83492864,14800,registered-fixture,1,1,pure_call_sum_ns,996743334,PASS,PASS,15000000000,PASS,6644476625,1421620375,9868833,894843542,,87810250,77750,4142959,41926656,12947456,347762000,host process after-product minus before counters,323054000,20.82550320799055,,,,,,,,908411042,88332292,9.72382411881779,PASS,PASS,417358291,3b4b7771ba61326b08af2ea18bffdc012e5417706fd050c7e03e80bbc32b2d1e,891067915b4152dd42e7510ef374a3d8a8827ead03a597051335c933d0485958,c2cb953968812a9e401ea362c4aa6cdeea9e03453fbdcaa651cfb01734914405,db8512576316d9c1e3704b81686934457b9db1097404cde66835f0cd31c391ef,sha256:42eb806fcfe9db1dc28098eb423340de3e4eaf81fd487389128305e65606d347,verification/mixed_load_bearing/agent-episodes-100/verification.json,performance/mixed_load_bearing/agent-episodes-100/perf.jsonl,directly-comparable,"Identical family, fixture generator, schedule, operation and timer source at v0.1.3 and candidate; runtime recipe/content and timer validation required. Optional endurance unexecuted historically.",9f5a641d223606c45e5e6aa8a20094c12f9139a1
mixed_load_bearing,agent-episodes-500,500,83492864,14800,registered-fixture,1,1,pure_call_sum_ns,7447490457,PASS,PASS,15000000000,PASS,990005541,7868624917,10140833,7164284917,,264482000,106916,8475791,65273856,43241472,2414560875,host process after-product minus before counters,2399330000,22.82926787500037,,,,,,,,7535400625,-87910168,-1.1666289872942224,PASS,PASS,473225667,3b4b7771ba61326b08af2ea18bffdc012e5417706fd050c7e03e80bbc32b2d1e,891067915b4152dd42e7510ef374a3d8a8827ead03a597051335c933d0485958,c2cb953968812a9e401ea362c4aa6cdeea9e03453fbdcaa651cfb01734914405,34b0df26c4d2424b46d36541e468f2cc230c110b0d0113afd3d7e5ec042a1c63,sha256:42eb806fcfe9db1dc28098eb423340de3e4eaf81fd487389128305e65606d347,verification/mixed_load_bearing/agent-episodes-500/verification.json,performance/mixed_load_bearing/agent-episodes-500/perf.jsonl,directly-comparable,"Identical family, fixture generator, schedule, operation and timer source at v0.1.3 and candidate; runtime recipe/content and timer validation required. Optional endurance unexecuted historically.",9f5a641d223606c45e5e6aa8a20094c12f9139a1
