family,case,status,wall_seconds,source_identity,product_identity,input_identity,image_identity,evidence,omissions,sampled_paths_or_ranges,coverage,error,independent_preparation_status,independent_preparation_wall_ns,proof_wall_seconds,preparation_plus_verification_wall_seconds,verification_timing_comparison
payload_create_read,payload-create-1m-compact-v2,PASS,2.0661106250045123,3b4b7771ba61326b08af2ea18bffdc012e5417706fd050c7e03e80bbc32b2d1e,891067915b4152dd42e7510ef374a3d8a8827ead03a597051335c933d0485958,122de31ccfd88aac955041f739339cbdcd50f39cc0c176223db48df7b6c139cb,sha256:42eb806fcfe9db1dc28098eb423340de3e4eaf81fd487389128305e65606d347,verification/payload_create_read/payload-create-1m-compact-v2/verification.json,"[""no exhaustive Phase 1 replay""]",[],"{""type"":""sampled-content"",""summary"":""changed data and selected unchanged witnesses; qualified roots"",""details"":[{""kind"":""fast-canonical-verification"",""receipt"":""{\""actual_read_logical_bytes\"": \""1048576\"", \""actual_read_regular_paths\"": \""1\"", \""authenticated_global_inodes\"": \""2\"", \""authenticated_namespace_paths\"": \""2\"", \""canonical_root\"": \""18a188843486af3304c41bc87e393e1e17a9029aa8499f36d27d4ce82e046fec\"", \""certificate_binding\"": \""cead53ae674dbf265d032bcdee1d1b567213948445ec562641991ca2e5ce0923\"", \""covered_regular_paths\"": \""0\"", \""full_canonical_census_performed\"": \""false\"", \""fully_verified\"": \""false\"", \""has_reused_reference\"": \""false\"", \""reference_assurance\"": \""independent_current_content\"", \""reference_native_readback\"": \""false\"", \""reference_root_scope\"": \""none\"", \""scope\"": \""full current namespace/global inode/metadata/aliases; selected changed+witness bytes; unchanged file-state/extent/payload subgraph references certified, those current subgraph bytes not read\"", \""skipped_current_store_logical_bytes\"": \""0\"", \""skipped_current_store_regular_paths\"": \""0\"", \""verification_profile\"": \""fast-verify-v2\"", \""verification_status\"": \""fast_iteration_verified\""}"",""step"":1},{""coverage_sha256"":""e3b0c44298fc1c149afbf4c8996fb92427ae41e4649b934ca495991b7852b855"",""kind"":""fast-native-verification"",""receipt"":""absent_paths_verified=0\ncertificate_binding=cead53ae674dbf265d032bcdee1d1b567213948445ec562641991ca2e5ce0923\nchanged_paths_declared=2\ncovered_paths_sha256=e3b0c44298fc1c149afbf4c8996fb92427ae41e4649b934ca495991b7852b855\nfast_witness_profile=native-fast-witness-v2:first-middle-last-seeded-per-namespace-length-depth-class;declared-read-targets\nfully_verified=false\nlogical_bytes=1048576\nnative_namespace_paths_verified=2\nnative_namespace_type_source=DirEntry::file_type;platform-metadata-fallback-permitted;skipped-counts-describe-unperformed-checks-not-syscalls\nnative_namespace_types_verified=2\noracle_identity_encoding=structural-entry-recipes-v1\noracle_scope=independent-delta-and-witnesses;complete-native-namespace;certified-unchanged-content-roots-checked-by-host\nreference_assurance=independent_current_content\nselected_independent_oracle_identity=98ba5f954b21fff76be9dcb59ded9fa9b15c509b5be3f9fa9e199249c678c8d2\nselected_metadata_paths_verified=2\nselected_regular_bytes_verified=1048576\nselected_regular_paths_verified=1\nskipped_untouched_metadata_paths=0\nskipped_untouched_regular_bodies=0\nuncertified_regular_paths_checked=1\nverification_status=fast_iteration_verified\nwitness_paths_declared=0\n"",""step"":1}]}",,,,,,
payload_create_read,payload-create-10m-compact-v2,PASS,2.2710442089883145,3b4b7771ba61326b08af2ea18bffdc012e5417706fd050c7e03e80bbc32b2d1e,891067915b4152dd42e7510ef374a3d8a8827ead03a597051335c933d0485958,6d19b50e144bfdd7e34421591810378bcea312dff066da65fa2659e4e367c463,sha256:42eb806fcfe9db1dc28098eb423340de3e4eaf81fd487389128305e65606d347,verification/payload_create_read/payload-create-10m-compact-v2/verification.json,"[""no exhaustive Phase 1 replay""]",[],"{""type"":""sampled-content"",""summary"":""changed data and selected unchanged witnesses; qualified roots"",""details"":[{""kind"":""fast-canonical-verification"",""receipt"":""{\""actual_read_logical_bytes\"": \""10485760\"", \""actual_read_regular_paths\"": \""1\"", \""authenticated_global_inodes\"": \""2\"", \""authenticated_namespace_paths\"": \""2\"", \""canonical_root\"": \""97af02342fcc734daf32e6b8bd8e63289bf9d9cd3263216e746a138404bbc960\"", \""certificate_binding\"": \""a6df54340282d9cb9d6037a272228109eaf0a181f6161b5fcef6928326a8d5a9\"", \""covered_regular_paths\"": \""0\"", \""full_canonical_census_performed\"": \""false\"", \""fully_verified\"": \""false\"", \""has_reused_reference\"": \""false\"", \""reference_assurance\"": \""independent_current_content\"", \""reference_native_readback\"": \""false\"", \""reference_root_scope\"": \""none\"", \""scope\"": \""full current namespace/global inode/metadata/aliases; selected changed+witness bytes; unchanged file-state/extent/payload subgraph references certified, those current subgraph bytes not read\"", \""skipped_current_store_logical_bytes\"": \""0\"", \""skipped_current_store_regular_paths\"": \""0\"", \""verification_profile\"": \""fast-verify-v2\"", \""verification_status\"": \""fast_iteration_verified\""}"",""step"":1},{""coverage_sha256"":""e3b0c44298fc1c149afbf4c8996fb92427ae41e4649b934ca495991b7852b855"",""kind"":""fast-native-verification"",""receipt"":""absent_paths_verified=0\ncertificate_binding=a6df54340282d9cb9d6037a272228109eaf0a181f6161b5fcef6928326a8d5a9\nchanged_paths_declared=2\ncovered_paths_sha256=e3b0c44298fc1c149afbf4c8996fb92427ae41e4649b934ca495991b7852b855\nfast_witness_profile=native-fast-witness-v2:first-middle-last-seeded-per-namespace-length-depth-class;declared-read-targets\nfully_verified=false\nlogical_bytes=10485760\nnative_namespace_paths_verified=2\nnative_namespace_type_source=DirEntry::file_type;platform-metadata-fallback-permitted;skipped-counts-describe-unperformed-checks-not-syscalls\nnative_namespace_types_verified=2\noracle_identity_encoding=structural-entry-recipes-v1\noracle_scope=independent-delta-and-witnesses;complete-native-namespace;certified-unchanged-content-roots-checked-by-host\nreference_assurance=independent_current_content\nselected_independent_oracle_identity=087d1fed809e2af6f188699210bb9b2fae55cf870ba119b081c957f48f2aed20\nselected_metadata_paths_verified=2\nselected_regular_bytes_verified=10485760\nselected_regular_paths_verified=1\nskipped_untouched_metadata_paths=0\nskipped_untouched_regular_bodies=0\nuncertified_regular_paths_checked=1\nverification_status=fast_iteration_verified\nwitness_paths_declared=0\n"",""step"":1}]}",,,,,,
payload_create_read,payload-create-100m,PASS,3.9080524159944616,3b4b7771ba61326b08af2ea18bffdc012e5417706fd050c7e03e80bbc32b2d1e,891067915b4152dd42e7510ef374a3d8a8827ead03a597051335c933d0485958,1b65e0d0288d6ad832eabd7cd98089279963e4788b8d02d492309fb57dcfa817,sha256:42eb806fcfe9db1dc28098eb423340de3e4eaf81fd487389128305e65606d347,verification/payload_create_read/payload-create-100m/verification.json,"[""no exhaustive Phase 1 replay""]",[],"{""type"":""sampled-content"",""summary"":""changed data and selected unchanged witnesses; qualified roots"",""details"":[{""kind"":""fast-canonical-verification"",""receipt"":""{\""actual_read_logical_bytes\"": \""104857600\"", \""actual_read_regular_paths\"": \""1\"", \""authenticated_global_inodes\"": \""2\"", \""authenticated_namespace_paths\"": \""2\"", \""canonical_root\"": \""6b8fa785621e80920f24df1c2f096515acddcb1ae863aad0c0a6a74ec23e83df\"", \""certificate_binding\"": \""145c029622161a217ff33d478f8278c33d00e0a4b8221ba287ddff8186ac25e7\"", \""covered_regular_paths\"": \""0\"", \""full_canonical_census_performed\"": \""false\"", \""fully_verified\"": \""false\"", \""has_reused_reference\"": \""false\"", \""reference_assurance\"": \""independent_current_content\"", \""reference_native_readback\"": \""false\"", \""reference_root_scope\"": \""none\"", \""scope\"": \""full current namespace/global inode/metadata/aliases; selected changed+witness bytes; unchanged file-state/extent/payload subgraph references certified, those current subgraph bytes not read\"", \""skipped_current_store_logical_bytes\"": \""0\"", \""skipped_current_store_regular_paths\"": \""0\"", \""verification_profile\"": \""fast-verify-v2\"", \""verification_status\"": \""fast_iteration_verified\""}"",""step"":1},{""coverage_sha256"":""e3b0c44298fc1c149afbf4c8996fb92427ae41e4649b934ca495991b7852b855"",""kind"":""fast-native-verification"",""receipt"":""absent_paths_verified=0\ncertificate_binding=145c029622161a217ff33d478f8278c33d00e0a4b8221ba287ddff8186ac25e7\nchanged_paths_declared=2\ncovered_paths_sha256=e3b0c44298fc1c149afbf4c8996fb92427ae41e4649b934ca495991b7852b855\nfast_witness_profile=native-fast-witness-v2:first-middle-last-seeded-per-namespace-length-depth-class;declared-read-targets\nfully_verified=false\nlogical_bytes=104857600\nnative_namespace_paths_verified=2\nnative_namespace_type_source=DirEntry::file_type;platform-metadata-fallback-permitted;skipped-counts-describe-unperformed-checks-not-syscalls\nnative_namespace_types_verified=2\noracle_identity_encoding=structural-entry-recipes-v1\noracle_scope=independent-delta-and-witnesses;complete-native-namespace;certified-unchanged-content-roots-checked-by-host\nreference_assurance=independent_current_content\nselected_independent_oracle_identity=63120ae882f49f4e240f69e89e59843ab258103b7e447533ba19aaba2c0e56cf\nselected_metadata_paths_verified=2\nselected_regular_bytes_verified=104857600\nselected_regular_paths_verified=1\nskipped_untouched_metadata_paths=0\nskipped_untouched_regular_bodies=0\nuncertified_regular_paths_checked=1\nverification_status=fast_iteration_verified\nwitness_paths_declared=0\n"",""step"":1}]}",,,,,,
payload_create_read,payload-create-500m,PASS,10.621387791994493,3b4b7771ba61326b08af2ea18bffdc012e5417706fd050c7e03e80bbc32b2d1e,891067915b4152dd42e7510ef374a3d8a8827ead03a597051335c933d0485958,e1bb2a7f8900735b34665ead34d202ff78307224df90eb0a9c6aceab825ea147,sha256:42eb806fcfe9db1dc28098eb423340de3e4eaf81fd487389128305e65606d347,verification/payload_create_read/payload-create-500m/verification.json,"[""no exhaustive Phase 1 replay""]",[],"{""type"":""sampled-content"",""summary"":""changed data and selected unchanged witnesses; qualified roots"",""details"":[{""kind"":""fast-canonical-verification"",""receipt"":""{\""actual_read_logical_bytes\"": \""524288000\"", \""actual_read_regular_paths\"": \""1\"", \""authenticated_global_inodes\"": \""2\"", \""authenticated_namespace_paths\"": \""2\"", \""canonical_root\"": \""ebc34812e64f9aa26700d0f1b796f795a9c7f6b715231a5db966ce1594221eaa\"", \""certificate_binding\"": \""23fd4bfb5c37dbe4dd305ee2a1599d976eaca427c6ca916dcb807d4b7e470ea0\"", \""covered_regular_paths\"": \""0\"", \""full_canonical_census_performed\"": \""false\"", \""fully_verified\"": \""false\"", \""has_reused_reference\"": \""false\"", \""reference_assurance\"": \""independent_current_content\"", \""reference_native_readback\"": \""false\"", \""reference_root_scope\"": \""none\"", \""scope\"": \""full current namespace/global inode/metadata/aliases; selected changed+witness bytes; unchanged file-state/extent/payload subgraph references certified, those current subgraph bytes not read\"", \""skipped_current_store_logical_bytes\"": \""0\"", \""skipped_current_store_regular_paths\"": \""0\"", \""verification_profile\"": \""fast-verify-v2\"", \""verification_status\"": \""fast_iteration_verified\""}"",""step"":1},{""coverage_sha256"":""e3b0c44298fc1c149afbf4c8996fb92427ae41e4649b934ca495991b7852b855"",""kind"":""fast-native-verification"",""receipt"":""absent_paths_verified=0\ncertificate_binding=23fd4bfb5c37dbe4dd305ee2a1599d976eaca427c6ca916dcb807d4b7e470ea0\nchanged_paths_declared=2\ncovered_paths_sha256=e3b0c44298fc1c149afbf4c8996fb92427ae41e4649b934ca495991b7852b855\nfast_witness_profile=native-fast-witness-v2:first-middle-last-seeded-per-namespace-length-depth-class;declared-read-targets\nfully_verified=false\nlogical_bytes=524288000\nnative_namespace_paths_verified=2\nnative_namespace_type_source=DirEntry::file_type;platform-metadata-fallback-permitted;skipped-counts-describe-unperformed-checks-not-syscalls\nnative_namespace_types_verified=2\noracle_identity_encoding=structural-entry-recipes-v1\noracle_scope=independent-delta-and-witnesses;complete-native-namespace;certified-unchanged-content-roots-checked-by-host\nreference_assurance=independent_current_content\nselected_independent_oracle_identity=c6341d728f8237d6dbe0a72d77647736fd3ad41d585d36800c17cd256ede5a41\nselected_metadata_paths_verified=2\nselected_regular_bytes_verified=524288000\nselected_regular_paths_verified=1\nskipped_untouched_metadata_paths=0\nskipped_untouched_regular_bodies=0\nuncertified_regular_paths_checked=1\nverification_status=fast_iteration_verified\nwitness_paths_declared=0\n"",""step"":1}]}",,,,,,
payload_create_read,payload-random-read-1-compact-v2,PASS,2.1843634160031797,3b4b7771ba61326b08af2ea18bffdc012e5417706fd050c7e03e80bbc32b2d1e,891067915b4152dd42e7510ef374a3d8a8827ead03a597051335c933d0485958,b8749fa6a44e35b3ff0c357469bcb83b3b9746d5454b125d554abb58615e9a6d,sha256:42eb806fcfe9db1dc28098eb423340de3e4eaf81fd487389128305e65606d347,verification/payload_create_read/payload-random-read-1-compact-v2/verification.json,"[""no exhaustive Phase 1 replay""]",[],"{""type"":""sampled-content"",""summary"":""changed data and selected unchanged witnesses; qualified roots"",""details"":[{""kind"":""fast-canonical-verification"",""receipt"":""{\""actual_read_logical_bytes\"": \""1048576\"", \""actual_read_regular_paths\"": \""1\"", \""authenticated_global_inodes\"": \""2\"", \""authenticated_namespace_paths\"": \""2\"", \""canonical_root\"": \""eb5fd293584cc0969de519094baff5ad0994d783b9bbe417e69c18697e0a228a\"", \""certificate_binding\"": \""0a36d51b902fd980b425f153451fd0469eaee6fcb57a8fe2d348aa5b8f452ff8\"", \""covered_regular_paths\"": \""0\"", \""full_canonical_census_performed\"": \""false\"", \""fully_verified\"": \""false\"", \""has_reused_reference\"": \""false\"", \""reference_assurance\"": \""independent_current_content\"", \""reference_native_readback\"": \""false\"", \""reference_root_scope\"": \""none\"", \""scope\"": \""full current namespace/global inode/metadata/aliases; selected changed+witness bytes; unchanged file-state/extent/payload subgraph references certified, those current subgraph bytes not read\"", \""skipped_current_store_logical_bytes\"": \""0\"", \""skipped_current_store_regular_paths\"": \""0\"", \""verification_profile\"": \""fast-verify-v2\"", \""verification_status\"": \""fast_iteration_verified\""}"",""step"":1},{""coverage_sha256"":""e3b0c44298fc1c149afbf4c8996fb92427ae41e4649b934ca495991b7852b855"",""kind"":""fast-native-verification"",""receipt"":""absent_paths_verified=0\ncertificate_binding=0a36d51b902fd980b425f153451fd0469eaee6fcb57a8fe2d348aa5b8f452ff8\nchanged_paths_declared=0\ncovered_paths_sha256=e3b0c44298fc1c149afbf4c8996fb92427ae41e4649b934ca495991b7852b855\nfast_witness_profile=native-fast-witness-v2:first-middle-last-seeded-per-namespace-length-depth-class;declared-read-targets\nfully_verified=false\nlogical_bytes=1048576\nnative_namespace_paths_verified=2\nnative_namespace_type_source=DirEntry::file_type;platform-metadata-fallback-permitted;skipped-counts-describe-unperformed-checks-not-syscalls\nnative_namespace_types_verified=2\noracle_identity_encoding=structural-entry-recipes-v1\noracle_scope=independent-delta-and-witnesses;complete-native-namespace;certified-unchanged-content-roots-checked-by-host\nreference_assurance=independent_current_content\nselected_independent_oracle_identity=98ba5f954b21fff76be9dcb59ded9fa9b15c509b5be3f9fa9e199249c678c8d2\nselected_metadata_paths_verified=2\nselected_regular_bytes_verified=1048576\nselected_regular_paths_verified=1\nskipped_untouched_metadata_paths=0\nskipped_untouched_regular_bodies=0\nuncertified_regular_paths_checked=1\nverification_status=fast_iteration_verified\nwitness_paths_declared=2\n"",""step"":1}]}",,,,,,
payload_create_read,payload-random-read-10-compact-v2,PASS,2.480012625004747,3b4b7771ba61326b08af2ea18bffdc012e5417706fd050c7e03e80bbc32b2d1e,891067915b4152dd42e7510ef374a3d8a8827ead03a597051335c933d0485958,096c078769bc58b6d9a52a3e0055ab3a36b16ce3267852801cab45f55f5f7644,sha256:42eb806fcfe9db1dc28098eb423340de3e4eaf81fd487389128305e65606d347,verification/payload_create_read/payload-random-read-10-compact-v2/verification.json,"[""no exhaustive Phase 1 replay""]",[],"{""type"":""sampled-content"",""summary"":""changed data and selected unchanged witnesses; qualified roots"",""details"":[{""kind"":""fast-canonical-verification"",""receipt"":""{\""actual_read_logical_bytes\"": \""10485760\"", \""actual_read_regular_paths\"": \""1\"", \""authenticated_global_inodes\"": \""2\"", \""authenticated_namespace_paths\"": \""2\"", \""canonical_root\"": \""fd56a3d7a92ab86b4a13253ef2c8ea0e8d65094a7e971ca4e6603afa976d8970\"", \""certificate_binding\"": \""4350390020ddd2de26ddbfaccb233b2793b1a24a1c8053c3b5e1d56f399169d9\"", \""covered_regular_paths\"": \""0\"", \""full_canonical_census_performed\"": \""false\"", \""fully_verified\"": \""false\"", \""has_reused_reference\"": \""false\"", \""reference_assurance\"": \""independent_current_content\"", \""reference_native_readback\"": \""false\"", \""reference_root_scope\"": \""none\"", \""scope\"": \""full current namespace/global inode/metadata/aliases; selected changed+witness bytes; unchanged file-state/extent/payload subgraph references certified, those current subgraph bytes not read\"", \""skipped_current_store_logical_bytes\"": \""0\"", \""skipped_current_store_regular_paths\"": \""0\"", \""verification_profile\"": \""fast-verify-v2\"", \""verification_status\"": \""fast_iteration_verified\""}"",""step"":1},{""coverage_sha256"":""e3b0c44298fc1c149afbf4c8996fb92427ae41e4649b934ca495991b7852b855"",""kind"":""fast-native-verification"",""receipt"":""absent_paths_verified=0\ncertificate_binding=4350390020ddd2de26ddbfaccb233b2793b1a24a1c8053c3b5e1d56f399169d9\nchanged_paths_declared=0\ncovered_paths_sha256=e3b0c44298fc1c149afbf4c8996fb92427ae41e4649b934ca495991b7852b855\nfast_witness_profile=native-fast-witness-v2:first-middle-last-seeded-per-namespace-length-depth-class;declared-read-targets\nfully_verified=false\nlogical_bytes=10485760\nnative_namespace_paths_verified=2\nnative_namespace_type_source=DirEntry::file_type;platform-metadata-fallback-permitted;skipped-counts-describe-unperformed-checks-not-syscalls\nnative_namespace_types_verified=2\noracle_identity_encoding=structural-entry-recipes-v1\noracle_scope=independent-delta-and-witnesses;complete-native-namespace;certified-unchanged-content-roots-checked-by-host\nreference_assurance=independent_current_content\nselected_independent_oracle_identity=087d1fed809e2af6f188699210bb9b2fae55cf870ba119b081c957f48f2aed20\nselected_metadata_paths_verified=2\nselected_regular_bytes_verified=10485760\nselected_regular_paths_verified=1\nskipped_untouched_metadata_paths=0\nskipped_untouched_regular_bodies=0\nuncertified_regular_paths_checked=1\nverification_status=fast_iteration_verified\nwitness_paths_declared=2\n"",""step"":1}]}",,,,,,
payload_create_read,payload-random-read-100,PASS,16.458901249992778,3b4b7771ba61326b08af2ea18bffdc012e5417706fd050c7e03e80bbc32b2d1e,891067915b4152dd42e7510ef374a3d8a8827ead03a597051335c933d0485958,9994d4b3e48213b33569221691096f9e9ac0a049bfbc7378b68c84a7b6eb1e37,sha256:42eb806fcfe9db1dc28098eb423340de3e4eaf81fd487389128305e65606d347,verification/payload_create_read/payload-random-read-100/verification.json,"[""no exhaustive Phase 1 replay""]",[],"{""type"":""sampled-content"",""summary"":""changed data and selected unchanged witnesses; qualified roots"",""details"":[{""kind"":""fast-canonical-verification"",""receipt"":""{\""actual_read_logical_bytes\"": \""524288000\"", \""actual_read_regular_paths\"": \""1\"", \""authenticated_global_inodes\"": \""2\"", \""authenticated_namespace_paths\"": \""2\"", \""canonical_root\"": \""291a936769c21d4935fb8e0b6ede3b8f05dabd9dd156a85ff23bf9bb0572df8c\"", \""certificate_binding\"": \""9e30fb2f3a1753a2a51e434d5d532eb4e494bab975c6cb004a198b92b966b252\"", \""covered_regular_paths\"": \""0\"", \""full_canonical_census_performed\"": \""false\"", \""fully_verified\"": \""false\"", \""has_reused_reference\"": \""false\"", \""reference_assurance\"": \""independent_current_content\"", \""reference_native_readback\"": \""false\"", \""reference_root_scope\"": \""none\"", \""scope\"": \""full current namespace/global inode/metadata/aliases; selected changed+witness bytes; unchanged file-state/extent/payload subgraph references certified, those current subgraph bytes not read\"", \""skipped_current_store_logical_bytes\"": \""0\"", \""skipped_current_store_regular_paths\"": \""0\"", \""verification_profile\"": \""fast-verify-v2\"", \""verification_status\"": \""fast_iteration_verified\""}"",""step"":1},{""coverage_sha256"":""e3b0c44298fc1c149afbf4c8996fb92427ae41e4649b934ca495991b7852b855"",""kind"":""fast-native-verification"",""receipt"":""absent_paths_verified=0\ncertificate_binding=9e30fb2f3a1753a2a51e434d5d532eb4e494bab975c6cb004a198b92b966b252\nchanged_paths_declared=0\ncovered_paths_sha256=e3b0c44298fc1c149afbf4c8996fb92427ae41e4649b934ca495991b7852b855\nfast_witness_profile=native-fast-witness-v2:first-middle-last-seeded-per-namespace-length-depth-class;declared-read-targets\nfully_verified=false\nlogical_bytes=524288000\nnative_namespace_paths_verified=2\nnative_namespace_type_source=DirEntry::file_type;platform-metadata-fallback-permitted;skipped-counts-describe-unperformed-checks-not-syscalls\nnative_namespace_types_verified=2\noracle_identity_encoding=structural-entry-recipes-v1\noracle_scope=independent-delta-and-witnesses;complete-native-namespace;certified-unchanged-content-roots-checked-by-host\nreference_assurance=independent_current_content\nselected_independent_oracle_identity=c6341d728f8237d6dbe0a72d77647736fd3ad41d585d36800c17cd256ede5a41\nselected_metadata_paths_verified=2\nselected_regular_bytes_verified=524288000\nselected_regular_paths_verified=1\nskipped_untouched_metadata_paths=0\nskipped_untouched_regular_bodies=0\nuncertified_regular_paths_checked=1\nverification_status=fast_iteration_verified\nwitness_paths_declared=2\n"",""step"":1}]}",,,,,,
payload_create_read,payload-random-read-500,PASS,10.040636916004587,3b4b7771ba61326b08af2ea18bffdc012e5417706fd050c7e03e80bbc32b2d1e,891067915b4152dd42e7510ef374a3d8a8827ead03a597051335c933d0485958,93ee0ebb0d5235b323a6233dc903ca3c8e5a6bd9ee8aad69e347d493d0625489,sha256:42eb806fcfe9db1dc28098eb423340de3e4eaf81fd487389128305e65606d347,verification/payload_create_read/payload-random-read-500/verification.json,"[""no exhaustive Phase 1 replay""]",[],"{""type"":""sampled-content"",""summary"":""changed data and selected unchanged witnesses; qualified roots"",""details"":[{""kind"":""fast-canonical-verification"",""receipt"":""{\""actual_read_logical_bytes\"": \""524288000\"", \""actual_read_regular_paths\"": \""1\"", \""authenticated_global_inodes\"": \""2\"", \""authenticated_namespace_paths\"": \""2\"", \""canonical_root\"": \""291a936769c21d4935fb8e0b6ede3b8f05dabd9dd156a85ff23bf9bb0572df8c\"", \""certificate_binding\"": \""c0f3d94968478ad3c1255bd783e7257ce40ac76fab36adc0a4c6edabbc620383\"", \""covered_regular_paths\"": \""0\"", \""full_canonical_census_performed\"": \""false\"", \""fully_verified\"": \""false\"", \""has_reused_reference\"": \""false\"", \""reference_assurance\"": \""independent_current_content\"", \""reference_native_readback\"": \""false\"", \""reference_root_scope\"": \""none\"", \""scope\"": \""full current namespace/global inode/metadata/aliases; selected changed+witness bytes; unchanged file-state/extent/payload subgraph references certified, those current subgraph bytes not read\"", \""skipped_current_store_logical_bytes\"": \""0\"", \""skipped_current_store_regular_paths\"": \""0\"", \""verification_profile\"": \""fast-verify-v2\"", \""verification_status\"": \""fast_iteration_verified\""}"",""step"":1},{""coverage_sha256"":""e3b0c44298fc1c149afbf4c8996fb92427ae41e4649b934ca495991b7852b855"",""kind"":""fast-native-verification"",""receipt"":""absent_paths_verified=0\ncertificate_binding=c0f3d94968478ad3c1255bd783e7257ce40ac76fab36adc0a4c6edabbc620383\nchanged_paths_declared=0\ncovered_paths_sha256=e3b0c44298fc1c149afbf4c8996fb92427ae41e4649b934ca495991b7852b855\nfast_witness_profile=native-fast-witness-v2:first-middle-last-seeded-per-namespace-length-depth-class;declared-read-targets\nfully_verified=false\nlogical_bytes=524288000\nnative_namespace_paths_verified=2\nnative_namespace_type_source=DirEntry::file_type;platform-metadata-fallback-permitted;skipped-counts-describe-unperformed-checks-not-syscalls\nnative_namespace_types_verified=2\noracle_identity_encoding=structural-entry-recipes-v1\noracle_scope=independent-delta-and-witnesses;complete-native-namespace;certified-unchanged-content-roots-checked-by-host\nreference_assurance=independent_current_content\nselected_independent_oracle_identity=c6341d728f8237d6dbe0a72d77647736fd3ad41d585d36800c17cd256ede5a41\nselected_metadata_paths_verified=2\nselected_regular_bytes_verified=524288000\nselected_regular_paths_verified=1\nskipped_untouched_metadata_paths=0\nskipped_untouched_regular_bodies=0\nuncertified_regular_paths_checked=1\nverification_status=fast_iteration_verified\nwitness_paths_declared=2\n"",""step"":1}]}",,,,,,
dedup_workspace_reuse,dedup-workspace-exact-1-compact-v2,PASS,2.8756942089967197,3b4b7771ba61326b08af2ea18bffdc012e5417706fd050c7e03e80bbc32b2d1e,891067915b4152dd42e7510ef374a3d8a8827ead03a597051335c933d0485958,65150b245b3e748a593c6c419584b6eb21dd830bd72b85981124f6ef3676968a,sha256:42eb806fcfe9db1dc28098eb423340de3e4eaf81fd487389128305e65606d347,verification/dedup_workspace_reuse/dedup-workspace-exact-1-compact-v2/verification.json,"[""no exhaustive Phase 1 replay""]",[],"{""type"":""sampled-content"",""summary"":""changed data and selected unchanged witnesses; qualified roots"",""details"":[{""kind"":""fast-canonical-verification"",""receipt"":""{\""actual_read_logical_bytes\"": \""2097152\"", \""actual_read_regular_paths\"": \""2\"", \""authenticated_global_inodes\"": \""5\"", \""authenticated_namespace_paths\"": \""5\"", \""canonical_root\"": \""25fb07bf098678873699b4cd105a14e6198a68e9e30d64b0e6918fc67bd7535a\"", \""certificate_binding\"": \""61ad31654faa0daaa526f24561e8fc2f274ddd9fa98f8d1a966987b29dedccec\"", \""covered_regular_paths\"": \""0\"", \""extent_assurance\"": \""selected-current-reads-and-certified-unchanged-root-references\"", \""full_canonical_census_performed\"": \""false\"", \""fully_verified\"": \""false\"", \""has_reused_reference\"": \""false\"", \""reference_assurance\"": \""independent_current_content\"", \""reference_native_readback\"": \""false\"", \""reference_root_scope\"": \""none\"", \""scope\"": \""full current namespace/global inode/metadata/aliases; selected changed+witness bytes; unchanged file-state/extent/payload subgraph references certified, those current subgraph bytes not read\"", \""skipped_current_store_logical_bytes\"": \""0\"", \""skipped_current_store_regular_paths\"": \""0\"", \""verification_profile\"": \""fast-verify-v2\"", \""verification_status\"": \""fast_iteration_verified\""}"",""step"":1},{""coverage_sha256"":""e3b0c44298fc1c149afbf4c8996fb92427ae41e4649b934ca495991b7852b855"",""kind"":""fast-native-verification"",""receipt"":""absent_paths_verified=0\ncertificate_binding=61ad31654faa0daaa526f24561e8fc2f274ddd9fa98f8d1a966987b29dedccec\nchanged_paths_declared=3\ncovered_paths_sha256=e3b0c44298fc1c149afbf4c8996fb92427ae41e4649b934ca495991b7852b855\nfast_witness_profile=native-fast-witness-v2:first-middle-last-seeded-per-namespace-length-depth-class;declared-read-targets\nfully_verified=false\nlogical_bytes=2097152\nnative_namespace_paths_verified=5\nnative_namespace_type_source=DirEntry::file_type;platform-metadata-fallback-permitted;skipped-counts-describe-unperformed-checks-not-syscalls\nnative_namespace_types_verified=5\noracle_identity_encoding=structural-entry-recipes-v1\noracle_scope=independent-delta-and-witnesses;complete-native-namespace;certified-unchanged-content-roots-checked-by-host\nreference_assurance=independent_current_content\nselected_independent_oracle_identity=1388f79c2d581344730269b2c923fd6a123270b7d612c51d9ea965e3dec8b7c4\nselected_metadata_paths_verified=5\nselected_regular_bytes_verified=2097152\nselected_regular_paths_verified=2\nskipped_untouched_metadata_paths=0\nskipped_untouched_regular_bodies=0\nuncertified_regular_paths_checked=2\nverification_status=fast_iteration_verified\nwitness_paths_declared=3\n"",""step"":1}]}",,,,,,
dedup_workspace_reuse,dedup-workspace-exact-10-compact-v2,PASS,2.4923743330000434,3b4b7771ba61326b08af2ea18bffdc012e5417706fd050c7e03e80bbc32b2d1e,891067915b4152dd42e7510ef374a3d8a8827ead03a597051335c933d0485958,bcac210f7416841d85b585d06a3fca8c42abd5bc099501f5dd1ee9b0ef22bb85,sha256:42eb806fcfe9db1dc28098eb423340de3e4eaf81fd487389128305e65606d347,verification/dedup_workspace_reuse/dedup-workspace-exact-10-compact-v2/verification.json,"[""no exhaustive Phase 1 replay""]",[],"{""type"":""sampled-content"",""summary"":""changed data and selected unchanged witnesses; qualified roots"",""details"":[{""kind"":""fast-canonical-verification"",""receipt"":""{\""actual_read_logical_bytes\"": \""20971520\"", \""actual_read_regular_paths\"": \""20\"", \""authenticated_global_inodes\"": \""23\"", \""authenticated_namespace_paths\"": \""23\"", \""canonical_root\"": \""4c93dd2e43d694af42269d74e17f78446b0f8c9da6a5e92daf16fd1910a64f05\"", \""certificate_binding\"": \""c2bd413ec4f198d9d596887d8c6471c7b231797b0fe0e26f25112ff2f761c3cd\"", \""covered_regular_paths\"": \""0\"", \""extent_assurance\"": \""selected-current-reads-and-certified-unchanged-root-references\"", \""full_canonical_census_performed\"": \""false\"", \""fully_verified\"": \""false\"", \""has_reused_reference\"": \""false\"", \""reference_assurance\"": \""independent_current_content\"", \""reference_native_readback\"": \""false\"", \""reference_root_scope\"": \""none\"", \""scope\"": \""full current namespace/global inode/metadata/aliases; selected changed+witness bytes; unchanged file-state/extent/payload subgraph references certified, those current subgraph bytes not read\"", \""skipped_current_store_logical_bytes\"": \""0\"", \""skipped_current_store_regular_paths\"": \""0\"", \""verification_profile\"": \""fast-verify-v2\"", \""verification_status\"": \""fast_iteration_verified\""}"",""step"":1},{""coverage_sha256"":""e3b0c44298fc1c149afbf4c8996fb92427ae41e4649b934ca495991b7852b855"",""kind"":""fast-native-verification"",""receipt"":""absent_paths_verified=0\ncertificate_binding=c2bd413ec4f198d9d596887d8c6471c7b231797b0fe0e26f25112ff2f761c3cd\nchanged_paths_declared=12\ncovered_paths_sha256=e3b0c44298fc1c149afbf4c8996fb92427ae41e4649b934ca495991b7852b855\nfast_witness_profile=native-fast-witness-v2:first-middle-last-seeded-per-namespace-length-depth-class;declared-read-targets\nfully_verified=false\nlogical_bytes=20971520\nnative_namespace_paths_verified=23\nnative_namespace_type_source=DirEntry::file_type;platform-metadata-fallback-permitted;skipped-counts-describe-unperformed-checks-not-syscalls\nnative_namespace_types_verified=23\noracle_identity_encoding=structural-entry-recipes-v1\noracle_scope=independent-delta-and-witnesses;complete-native-namespace;certified-unchanged-content-roots-checked-by-host\nreference_assurance=independent_current_content\nselected_independent_oracle_identity=91c4d5f64ecc8ddfa75d9e0e0de42f5cf271d8bcfc255434bb16f860705afa2f\nselected_metadata_paths_verified=23\nselected_regular_bytes_verified=20971520\nselected_regular_paths_verified=20\nskipped_untouched_metadata_paths=0\nskipped_untouched_regular_bodies=0\nuncertified_regular_paths_checked=20\nverification_status=fast_iteration_verified\nwitness_paths_declared=6\n"",""step"":1}]}",,,,,,
dedup_workspace_reuse,dedup-workspace-exact-100,PASS,8.444085499999346,3b4b7771ba61326b08af2ea18bffdc012e5417706fd050c7e03e80bbc32b2d1e,891067915b4152dd42e7510ef374a3d8a8827ead03a597051335c933d0485958,e4de7e36eb60596dd3aac923c4170d696a137c7294635620acdbf027f13dd63c,sha256:42eb806fcfe9db1dc28098eb423340de3e4eaf81fd487389128305e65606d347,verification/dedup_workspace_reuse/dedup-workspace-exact-100/verification.json,"[""no exhaustive Phase 1 replay""]",[],"{""type"":""sampled-content"",""summary"":""changed data and selected unchanged witnesses; qualified roots"",""details"":[{""kind"":""fast-canonical-verification"",""receipt"":""{\""actual_read_logical_bytes\"": \""239075328\"", \""actual_read_regular_paths\"": \""228\"", \""authenticated_global_inodes\"": \""231\"", \""authenticated_namespace_paths\"": \""231\"", \""canonical_root\"": \""5c631f28c1441446db81ef7498b133518a4e296b96ba691322857a7d910bad36\"", \""certificate_binding\"": \""e028e8d361e54e3be394f5eacb0278d939723242dc52c382223667e5b16be3c9\"", \""covered_regular_paths\"": \""0\"", \""extent_assurance\"": \""selected-current-reads-and-certified-unchanged-root-references\"", \""full_canonical_census_performed\"": \""false\"", \""fully_verified\"": \""false\"", \""has_reused_reference\"": \""false\"", \""reference_assurance\"": \""independent_current_content\"", \""reference_native_readback\"": \""false\"", \""reference_root_scope\"": \""none\"", \""scope\"": \""full current namespace/global inode/metadata/aliases; selected changed+witness bytes; unchanged file-state/extent/payload subgraph references certified, those current subgraph bytes not read\"", \""skipped_current_store_logical_bytes\"": \""0\"", \""skipped_current_store_regular_paths\"": \""0\"", \""verification_profile\"": \""fast-verify-v2\"", \""verification_status\"": \""fast_iteration_verified\""}"",""step"":1},{""coverage_sha256"":""e3b0c44298fc1c149afbf4c8996fb92427ae41e4649b934ca495991b7852b855"",""kind"":""fast-native-verification"",""receipt"":""absent_paths_verified=0\ncertificate_binding=e028e8d361e54e3be394f5eacb0278d939723242dc52c382223667e5b16be3c9\nchanged_paths_declared=102\ncovered_paths_sha256=e3b0c44298fc1c149afbf4c8996fb92427ae41e4649b934ca495991b7852b855\nfast_witness_profile=native-fast-witness-v2:first-middle-last-seeded-per-namespace-length-depth-class;declared-read-targets\nfully_verified=false\nlogical_bytes=239075328\nnative_namespace_paths_verified=231\nnative_namespace_type_source=DirEntry::file_type;platform-metadata-fallback-permitted;skipped-counts-describe-unperformed-checks-not-syscalls\nnative_namespace_types_verified=231\noracle_identity_encoding=structural-entry-recipes-v1\noracle_scope=independent-delta-and-witnesses;complete-native-namespace;certified-unchanged-content-roots-checked-by-host\nreference_assurance=independent_current_content\nselected_independent_oracle_identity=5f53afeef6a96bae60cc49781481ea6614105cc6e5e68ac0595ac2200cb7b2f2\nselected_metadata_paths_verified=231\nselected_regular_bytes_verified=239075328\nselected_regular_paths_verified=228\nskipped_untouched_metadata_paths=0\nskipped_untouched_regular_bodies=0\nuncertified_regular_paths_checked=228\nverification_status=fast_iteration_verified\nwitness_paths_declared=6\n"",""step"":1}]}",,,,,,
dedup_workspace_reuse,dedup-workspace-exact-500,PASS,16.583594708004966,3b4b7771ba61326b08af2ea18bffdc012e5417706fd050c7e03e80bbc32b2d1e,891067915b4152dd42e7510ef374a3d8a8827ead03a597051335c933d0485958,d0d526fbc7c1da1fea047f90e020d23c89601ed944c471b9eecc103997a4cb32,sha256:42eb806fcfe9db1dc28098eb423340de3e4eaf81fd487389128305e65606d347,verification/dedup_workspace_reuse/dedup-workspace-exact-500/verification.json,"[""no exhaustive Phase 1 replay""]",[],"{""type"":""sampled-content"",""summary"":""changed data and selected unchanged witnesses; qualified roots"",""details"":[{""kind"":""fast-canonical-verification"",""receipt"":""{\""actual_read_logical_bytes\"": \""658505728\"", \""actual_read_regular_paths\"": \""628\"", \""authenticated_global_inodes\"": \""631\"", \""authenticated_namespace_paths\"": \""631\"", \""canonical_root\"": \""1efb45c47630b38561f8cd201a248b95a2b77e9645f0c9c188a84920eb447ca4\"", \""certificate_binding\"": \""3a3841ab89cc78d24afc02c9918581f5a96e0eac37436c6210c0c8e94e00fef7\"", \""covered_regular_paths\"": \""0\"", \""extent_assurance\"": \""selected-current-reads-and-certified-unchanged-root-references\"", \""full_canonical_census_performed\"": \""false\"", \""fully_verified\"": \""false\"", \""has_reused_reference\"": \""false\"", \""reference_assurance\"": \""independent_current_content\"", \""reference_native_readback\"": \""false\"", \""reference_root_scope\"": \""none\"", \""scope\"": \""full current namespace/global inode/metadata/aliases; selected changed+witness bytes; unchanged file-state/extent/payload subgraph references certified, those current subgraph bytes not read\"", \""skipped_current_store_logical_bytes\"": \""0\"", \""skipped_current_store_regular_paths\"": \""0\"", \""verification_profile\"": \""fast-verify-v2\"", \""verification_status\"": \""fast_iteration_verified\""}"",""step"":1},{""coverage_sha256"":""e3b0c44298fc1c149afbf4c8996fb92427ae41e4649b934ca495991b7852b855"",""kind"":""fast-native-verification"",""receipt"":""absent_paths_verified=0\ncertificate_binding=3a3841ab89cc78d24afc02c9918581f5a96e0eac37436c6210c0c8e94e00fef7\nchanged_paths_declared=502\ncovered_paths_sha256=e3b0c44298fc1c149afbf4c8996fb92427ae41e4649b934ca495991b7852b855\nfast_witness_profile=native-fast-witness-v2:first-middle-last-seeded-per-namespace-length-depth-class;declared-read-targets\nfully_verified=false\nlogical_bytes=658505728\nnative_namespace_paths_verified=631\nnative_namespace_type_source=DirEntry::file_type;platform-metadata-fallback-permitted;skipped-counts-describe-unperformed-checks-not-syscalls\nnative_namespace_types_verified=631\noracle_identity_encoding=structural-entry-recipes-v1\noracle_scope=independent-delta-and-witnesses;complete-native-namespace;certified-unchanged-content-roots-checked-by-host\nreference_assurance=independent_current_content\nselected_independent_oracle_identity=38cf748fd6d74de15db99cb86b88688cc67c2304d9335bfd35c91203d04c8ccb\nselected_metadata_paths_verified=631\nselected_regular_bytes_verified=658505728\nselected_regular_paths_verified=628\nskipped_untouched_metadata_paths=0\nskipped_untouched_regular_bodies=0\nuncertified_regular_paths_checked=628\nverification_status=fast_iteration_verified\nwitness_paths_declared=6\n"",""step"":1}]}",,,,,,
dedup_workspace_reuse,dedup-workspace-local-1-compact-v2,PASS,1.964981249999255,3b4b7771ba61326b08af2ea18bffdc012e5417706fd050c7e03e80bbc32b2d1e,891067915b4152dd42e7510ef374a3d8a8827ead03a597051335c933d0485958,03ca4e7d39823d7e12346719fb7cb8816079dce9e6ca0ea57b2de69a9136330f,sha256:42eb806fcfe9db1dc28098eb423340de3e4eaf81fd487389128305e65606d347,verification/dedup_workspace_reuse/dedup-workspace-local-1-compact-v2/verification.json,"[""no exhaustive Phase 1 replay""]",[],"{""type"":""sampled-content"",""summary"":""changed data and selected unchanged witnesses; qualified roots"",""details"":[{""kind"":""fast-canonical-verification"",""receipt"":""{\""actual_read_logical_bytes\"": \""2097152\"", \""actual_read_regular_paths\"": \""2\"", \""authenticated_global_inodes\"": \""5\"", \""authenticated_namespace_paths\"": \""5\"", \""canonical_root\"": \""ae5d8b6f51b56e134e11a6dc5d4d065ade24cef5038682e59d5ad42fdb3e4bd3\"", \""certificate_binding\"": \""f51cd2500d04b506c54b4c56ed959eb679e0bd7866591f630ca15a18ed43bc58\"", \""covered_regular_paths\"": \""0\"", \""extent_assurance\"": \""selected-current-reads-and-certified-unchanged-root-references\"", \""full_canonical_census_performed\"": \""false\"", \""fully_verified\"": \""false\"", \""has_reused_reference\"": \""false\"", \""reference_assurance\"": \""independent_current_content\"", \""reference_native_readback\"": \""false\"", \""reference_root_scope\"": \""none\"", \""scope\"": \""full current namespace/global inode/metadata/aliases; selected changed+witness bytes; unchanged file-state/extent/payload subgraph references certified, those current subgraph bytes not read\"", \""skipped_current_store_logical_bytes\"": \""0\"", \""skipped_current_store_regular_paths\"": \""0\"", \""verification_profile\"": \""fast-verify-v2\"", \""verification_status\"": \""fast_iteration_verified\""}"",""step"":1},{""coverage_sha256"":""e3b0c44298fc1c149afbf4c8996fb92427ae41e4649b934ca495991b7852b855"",""kind"":""fast-native-verification"",""receipt"":""absent_paths_verified=0\ncertificate_binding=f51cd2500d04b506c54b4c56ed959eb679e0bd7866591f630ca15a18ed43bc58\nchanged_paths_declared=3\ncovered_paths_sha256=e3b0c44298fc1c149afbf4c8996fb92427ae41e4649b934ca495991b7852b855\nfast_witness_profile=native-fast-witness-v2:first-middle-last-seeded-per-namespace-length-depth-class;declared-read-targets\nfully_verified=false\nlogical_bytes=2097152\nnative_namespace_paths_verified=5\nnative_namespace_type_source=DirEntry::file_type;platform-metadata-fallback-permitted;skipped-counts-describe-unperformed-checks-not-syscalls\nnative_namespace_types_verified=5\noracle_identity_encoding=structural-entry-recipes-v1\noracle_scope=independent-delta-and-witnesses;complete-native-namespace;certified-unchanged-content-roots-checked-by-host\nreference_assurance=independent_current_content\nselected_independent_oracle_identity=33d7d467e5e32cacf7a61c723cb753794148d2917d65c8060ff22cead51da92b\nselected_metadata_paths_verified=5\nselected_regular_bytes_verified=2097152\nselected_regular_paths_verified=2\nskipped_untouched_metadata_paths=0\nskipped_untouched_regular_bodies=0\nuncertified_regular_paths_checked=2\nverification_status=fast_iteration_verified\nwitness_paths_declared=3\n"",""step"":1}]}",,,,,,
dedup_workspace_reuse,dedup-workspace-local-10-compact-v2,PASS,2.466854209007579,3b4b7771ba61326b08af2ea18bffdc012e5417706fd050c7e03e80bbc32b2d1e,891067915b4152dd42e7510ef374a3d8a8827ead03a597051335c933d0485958,e01c1c4153f47b9e496869276e3eb28e7a085249cad122d0f29f4ee7fa367526,sha256:42eb806fcfe9db1dc28098eb423340de3e4eaf81fd487389128305e65606d347,verification/dedup_workspace_reuse/dedup-workspace-local-10-compact-v2/verification.json,"[""no exhaustive Phase 1 replay""]",[],"{""type"":""sampled-content"",""summary"":""changed data and selected unchanged witnesses; qualified roots"",""details"":[{""kind"":""fast-canonical-verification"",""receipt"":""{\""actual_read_logical_bytes\"": \""20971520\"", \""actual_read_regular_paths\"": \""20\"", \""authenticated_global_inodes\"": \""23\"", \""authenticated_namespace_paths\"": \""23\"", \""canonical_root\"": \""f4cd601c353ce892814052e55f502484aec9c48310ce457692fca3271210ebc9\"", \""certificate_binding\"": \""5b6eb4ffdf449f1647d9a74324bc8c4e8d62dc7e62b1ec1823886bf8285e5cb7\"", \""covered_regular_paths\"": \""0\"", \""extent_assurance\"": \""selected-current-reads-and-certified-unchanged-root-references\"", \""full_canonical_census_performed\"": \""false\"", \""fully_verified\"": \""false\"", \""has_reused_reference\"": \""false\"", \""reference_assurance\"": \""independent_current_content\"", \""reference_native_readback\"": \""false\"", \""reference_root_scope\"": \""none\"", \""scope\"": \""full current namespace/global inode/metadata/aliases; selected changed+witness bytes; unchanged file-state/extent/payload subgraph references certified, those current subgraph bytes not read\"", \""skipped_current_store_logical_bytes\"": \""0\"", \""skipped_current_store_regular_paths\"": \""0\"", \""verification_profile\"": \""fast-verify-v2\"", \""verification_status\"": \""fast_iteration_verified\""}"",""step"":1},{""coverage_sha256"":""e3b0c44298fc1c149afbf4c8996fb92427ae41e4649b934ca495991b7852b855"",""kind"":""fast-native-verification"",""receipt"":""absent_paths_verified=0\ncertificate_binding=5b6eb4ffdf449f1647d9a74324bc8c4e8d62dc7e62b1ec1823886bf8285e5cb7\nchanged_paths_declared=12\ncovered_paths_sha256=e3b0c44298fc1c149afbf4c8996fb92427ae41e4649b934ca495991b7852b855\nfast_witness_profile=native-fast-witness-v2:first-middle-last-seeded-per-namespace-length-depth-class;declared-read-targets\nfully_verified=false\nlogical_bytes=20971520\nnative_namespace_paths_verified=23\nnative_namespace_type_source=DirEntry::file_type;platform-metadata-fallback-permitted;skipped-counts-describe-unperformed-checks-not-syscalls\nnative_namespace_types_verified=23\noracle_identity_encoding=structural-entry-recipes-v1\noracle_scope=independent-delta-and-witnesses;complete-native-namespace;certified-unchanged-content-roots-checked-by-host\nreference_assurance=independent_current_content\nselected_independent_oracle_identity=9a8a4c0f9bc87e43cc16d25606b24025af65cdbde894548bd522f8d3242f6d87\nselected_metadata_paths_verified=23\nselected_regular_bytes_verified=20971520\nselected_regular_paths_verified=20\nskipped_untouched_metadata_paths=0\nskipped_untouched_regular_bodies=0\nuncertified_regular_paths_checked=20\nverification_status=fast_iteration_verified\nwitness_paths_declared=6\n"",""step"":1}]}",,,,,,
dedup_workspace_reuse,dedup-workspace-local-100,PASS,6.975492667013896,3b4b7771ba61326b08af2ea18bffdc012e5417706fd050c7e03e80bbc32b2d1e,891067915b4152dd42e7510ef374a3d8a8827ead03a597051335c933d0485958,222ef23cc41e0191fcce21261f98de833ce4f34d8b2b304fa4f5490608eeff8d,sha256:42eb806fcfe9db1dc28098eb423340de3e4eaf81fd487389128305e65606d347,verification/dedup_workspace_reuse/dedup-workspace-local-100/verification.json,"[""no exhaustive Phase 1 replay""]",[],"{""type"":""sampled-content"",""summary"":""changed data and selected unchanged witnesses; qualified roots"",""details"":[{""kind"":""fast-canonical-verification"",""receipt"":""{\""actual_read_logical_bytes\"": \""239075328\"", \""actual_read_regular_paths\"": \""228\"", \""authenticated_global_inodes\"": \""231\"", \""authenticated_namespace_paths\"": \""231\"", \""canonical_root\"": \""2e0d5a72daa2de8050877ff2845687e9f4e312674e9d625ea62d155173707570\"", \""certificate_binding\"": \""b2d48e22a9ecf287408d40be6599b405d46376609232f6835a3e45b62d206c03\"", \""covered_regular_paths\"": \""0\"", \""extent_assurance\"": \""selected-current-reads-and-certified-unchanged-root-references\"", \""full_canonical_census_performed\"": \""false\"", \""fully_verified\"": \""false\"", \""has_reused_reference\"": \""false\"", \""reference_assurance\"": \""independent_current_content\"", \""reference_native_readback\"": \""false\"", \""reference_root_scope\"": \""none\"", \""scope\"": \""full current namespace/global inode/metadata/aliases; selected changed+witness bytes; unchanged file-state/extent/payload subgraph references certified, those current subgraph bytes not read\"", \""skipped_current_store_logical_bytes\"": \""0\"", \""skipped_current_store_regular_paths\"": \""0\"", \""verification_profile\"": \""fast-verify-v2\"", \""verification_status\"": \""fast_iteration_verified\""}"",""step"":1},{""coverage_sha256"":""e3b0c44298fc1c149afbf4c8996fb92427ae41e4649b934ca495991b7852b855"",""kind"":""fast-native-verification"",""receipt"":""absent_paths_verified=0\ncertificate_binding=b2d48e22a9ecf287408d40be6599b405d46376609232f6835a3e45b62d206c03\nchanged_paths_declared=102\ncovered_paths_sha256=e3b0c44298fc1c149afbf4c8996fb92427ae41e4649b934ca495991b7852b855\nfast_witness_profile=native-fast-witness-v2:first-middle-last-seeded-per-namespace-length-depth-class;declared-read-targets\nfully_verified=false\nlogical_bytes=239075328\nnative_namespace_paths_verified=231\nnative_namespace_type_source=DirEntry::file_type;platform-metadata-fallback-permitted;skipped-counts-describe-unperformed-checks-not-syscalls\nnative_namespace_types_verified=231\noracle_identity_encoding=structural-entry-recipes-v1\noracle_scope=independent-delta-and-witnesses;complete-native-namespace;certified-unchanged-content-roots-checked-by-host\nreference_assurance=independent_current_content\nselected_independent_oracle_identity=eb7c11aae8263eaf1577dda651af446d9eee54f7665aec7b035005b66653b918\nselected_metadata_paths_verified=231\nselected_regular_bytes_verified=239075328\nselected_regular_paths_verified=228\nskipped_untouched_metadata_paths=0\nskipped_untouched_regular_bodies=0\nuncertified_regular_paths_checked=228\nverification_status=fast_iteration_verified\nwitness_paths_declared=6\n"",""step"":1}]}",,,,,,
dedup_workspace_reuse,dedup-workspace-local-500,PASS,16.870509791988297,3b4b7771ba61326b08af2ea18bffdc012e5417706fd050c7e03e80bbc32b2d1e,891067915b4152dd42e7510ef374a3d8a8827ead03a597051335c933d0485958,b23006d4da157608a8b4152e2665331785bc2f0f9c52d7cbec08abe5d68a73ee,sha256:42eb806fcfe9db1dc28098eb423340de3e4eaf81fd487389128305e65606d347,verification/dedup_workspace_reuse/dedup-workspace-local-500/verification.json,"[""no exhaustive Phase 1 replay""]",[],"{""type"":""sampled-content"",""summary"":""changed data and selected unchanged witnesses; qualified roots"",""details"":[{""kind"":""fast-canonical-verification"",""receipt"":""{\""actual_read_logical_bytes\"": \""658505728\"", \""actual_read_regular_paths\"": \""628\"", \""authenticated_global_inodes\"": \""631\"", \""authenticated_namespace_paths\"": \""631\"", \""canonical_root\"": \""19fdee2b642c4542d18f0c22d434667868c54a99aaba7947bb130f1d51ba5a1d\"", \""certificate_binding\"": \""d2784d59068f0cf58231aee2766ccf0eefc7579d927c6e133460da48e3757367\"", \""covered_regular_paths\"": \""0\"", \""extent_assurance\"": \""selected-current-reads-and-certified-unchanged-root-references\"", \""full_canonical_census_performed\"": \""false\"", \""fully_verified\"": \""false\"", \""has_reused_reference\"": \""false\"", \""reference_assurance\"": \""independent_current_content\"", \""reference_native_readback\"": \""false\"", \""reference_root_scope\"": \""none\"", \""scope\"": \""full current namespace/global inode/metadata/aliases; selected changed+witness bytes; unchanged file-state/extent/payload subgraph references certified, those current subgraph bytes not read\"", \""skipped_current_store_logical_bytes\"": \""0\"", \""skipped_current_store_regular_paths\"": \""0\"", \""verification_profile\"": \""fast-verify-v2\"", \""verification_status\"": \""fast_iteration_verified\""}"",""step"":1},{""coverage_sha256"":""e3b0c44298fc1c149afbf4c8996fb92427ae41e4649b934ca495991b7852b855"",""kind"":""fast-native-verification"",""receipt"":""absent_paths_verified=0\ncertificate_binding=d2784d59068f0cf58231aee2766ccf0eefc7579d927c6e133460da48e3757367\nchanged_paths_declared=502\ncovered_paths_sha256=e3b0c44298fc1c149afbf4c8996fb92427ae41e4649b934ca495991b7852b855\nfast_witness_profile=native-fast-witness-v2:first-middle-last-seeded-per-namespace-length-depth-class;declared-read-targets\nfully_verified=false\nlogical_bytes=658505728\nnative_namespace_paths_verified=631\nnative_namespace_type_source=DirEntry::file_type;platform-metadata-fallback-permitted;skipped-counts-describe-unperformed-checks-not-syscalls\nnative_namespace_types_verified=631\noracle_identity_encoding=structural-entry-recipes-v1\noracle_scope=independent-delta-and-witnesses;complete-native-namespace;certified-unchanged-content-roots-checked-by-host\nreference_assurance=independent_current_content\nselected_independent_oracle_identity=c0931eaa378dfdd9d3ef919c225108a676805f3d45b59d34c144e2f46d5279b5\nselected_metadata_paths_verified=631\nselected_regular_bytes_verified=658505728\nselected_regular_paths_verified=628\nskipped_untouched_metadata_paths=0\nskipped_untouched_regular_bodies=0\nuncertified_regular_paths_checked=628\nverification_status=fast_iteration_verified\nwitness_paths_declared=6\n"",""step"":1}]}",,,,,,
dedup_workspace_reuse,dedup-workspace-unique-1-compact-v2,PASS,1.91426591698837,3b4b7771ba61326b08af2ea18bffdc012e5417706fd050c7e03e80bbc32b2d1e,891067915b4152dd42e7510ef374a3d8a8827ead03a597051335c933d0485958,302fe3bd6505a4ccc879e3b1938d1de785802438cd8baa355f8d431a5dd91466,sha256:42eb806fcfe9db1dc28098eb423340de3e4eaf81fd487389128305e65606d347,verification/dedup_workspace_reuse/dedup-workspace-unique-1-compact-v2/verification.json,"[""no exhaustive Phase 1 replay""]",[],"{""type"":""sampled-content"",""summary"":""changed data and selected unchanged witnesses; qualified roots"",""details"":[{""kind"":""fast-canonical-verification"",""receipt"":""{\""actual_read_logical_bytes\"": \""2097152\"", \""actual_read_regular_paths\"": \""2\"", \""authenticated_global_inodes\"": \""5\"", \""authenticated_namespace_paths\"": \""5\"", \""canonical_root\"": \""c58a27989fceaae35f8fe6f2d8c87aa105a9d3ee9bcc59ec651e0f1631f00c2c\"", \""certificate_binding\"": \""6ff2cf966524cdad306c58582a23b62a7780ce537217dcc887f26aabd33016f3\"", \""covered_regular_paths\"": \""0\"", \""extent_assurance\"": \""selected-current-reads-and-certified-unchanged-root-references\"", \""full_canonical_census_performed\"": \""false\"", \""fully_verified\"": \""false\"", \""has_reused_reference\"": \""false\"", \""reference_assurance\"": \""independent_current_content\"", \""reference_native_readback\"": \""false\"", \""reference_root_scope\"": \""none\"", \""scope\"": \""full current namespace/global inode/metadata/aliases; selected changed+witness bytes; unchanged file-state/extent/payload subgraph references certified, those current subgraph bytes not read\"", \""skipped_current_store_logical_bytes\"": \""0\"", \""skipped_current_store_regular_paths\"": \""0\"", \""verification_profile\"": \""fast-verify-v2\"", \""verification_status\"": \""fast_iteration_verified\""}"",""step"":1},{""coverage_sha256"":""e3b0c44298fc1c149afbf4c8996fb92427ae41e4649b934ca495991b7852b855"",""kind"":""fast-native-verification"",""receipt"":""absent_paths_verified=0\ncertificate_binding=6ff2cf966524cdad306c58582a23b62a7780ce537217dcc887f26aabd33016f3\nchanged_paths_declared=3\ncovered_paths_sha256=e3b0c44298fc1c149afbf4c8996fb92427ae41e4649b934ca495991b7852b855\nfast_witness_profile=native-fast-witness-v2:first-middle-last-seeded-per-namespace-length-depth-class;declared-read-targets\nfully_verified=false\nlogical_bytes=2097152\nnative_namespace_paths_verified=5\nnative_namespace_type_source=DirEntry::file_type;platform-metadata-fallback-permitted;skipped-counts-describe-unperformed-checks-not-syscalls\nnative_namespace_types_verified=5\noracle_identity_encoding=structural-entry-recipes-v1\noracle_scope=independent-delta-and-witnesses;complete-native-namespace;certified-unchanged-content-roots-checked-by-host\nreference_assurance=independent_current_content\nselected_independent_oracle_identity=ca818311b4aa4e1ef39778fe3924fe448c713db090618067b94dea4e09314c92\nselected_metadata_paths_verified=5\nselected_regular_bytes_verified=2097152\nselected_regular_paths_verified=2\nskipped_untouched_metadata_paths=0\nskipped_untouched_regular_bodies=0\nuncertified_regular_paths_checked=2\nverification_status=fast_iteration_verified\nwitness_paths_declared=3\n"",""step"":1}]}",,,,,,
dedup_workspace_reuse,dedup-workspace-unique-10-compact-v2,PASS,2.324615375007852,3b4b7771ba61326b08af2ea18bffdc012e5417706fd050c7e03e80bbc32b2d1e,891067915b4152dd42e7510ef374a3d8a8827ead03a597051335c933d0485958,a9b96f7288610be5e5bbddef24fe8d43d1d59ae3c7224c462e6c33b3dc12216a,sha256:42eb806fcfe9db1dc28098eb423340de3e4eaf81fd487389128305e65606d347,verification/dedup_workspace_reuse/dedup-workspace-unique-10-compact-v2/verification.json,"[""no exhaustive Phase 1 replay""]",[],"{""type"":""sampled-content"",""summary"":""changed data and selected unchanged witnesses; qualified roots"",""details"":[{""kind"":""fast-canonical-verification"",""receipt"":""{\""actual_read_logical_bytes\"": \""20971520\"", \""actual_read_regular_paths\"": \""20\"", \""authenticated_global_inodes\"": \""23\"", \""authenticated_namespace_paths\"": \""23\"", \""canonical_root\"": \""0a7d36e3fa2a705298e7d16ad54078c1fc0978039e5e80a395922fd58df4767a\"", \""certificate_binding\"": \""91d407c20f91a1c86e123b0a897b6e8c7190eed0e6e73433945830584440272a\"", \""covered_regular_paths\"": \""0\"", \""extent_assurance\"": \""selected-current-reads-and-certified-unchanged-root-references\"", \""full_canonical_census_performed\"": \""false\"", \""fully_verified\"": \""false\"", \""has_reused_reference\"": \""false\"", \""reference_assurance\"": \""independent_current_content\"", \""reference_native_readback\"": \""false\"", \""reference_root_scope\"": \""none\"", \""scope\"": \""full current namespace/global inode/metadata/aliases; selected changed+witness bytes; unchanged file-state/extent/payload subgraph references certified, those current subgraph bytes not read\"", \""skipped_current_store_logical_bytes\"": \""0\"", \""skipped_current_store_regular_paths\"": \""0\"", \""verification_profile\"": \""fast-verify-v2\"", \""verification_status\"": \""fast_iteration_verified\""}"",""step"":1},{""coverage_sha256"":""e3b0c44298fc1c149afbf4c8996fb92427ae41e4649b934ca495991b7852b855"",""kind"":""fast-native-verification"",""receipt"":""absent_paths_verified=0\ncertificate_binding=91d407c20f91a1c86e123b0a897b6e8c7190eed0e6e73433945830584440272a\nchanged_paths_declared=12\ncovered_paths_sha256=e3b0c44298fc1c149afbf4c8996fb92427ae41e4649b934ca495991b7852b855\nfast_witness_profile=native-fast-witness-v2:first-middle-last-seeded-per-namespace-length-depth-class;declared-read-targets\nfully_verified=false\nlogical_bytes=20971520\nnative_namespace_paths_verified=23\nnative_namespace_type_source=DirEntry::file_type;platform-metadata-fallback-permitted;skipped-counts-describe-unperformed-checks-not-syscalls\nnative_namespace_types_verified=23\noracle_identity_encoding=structural-entry-recipes-v1\noracle_scope=independent-delta-and-witnesses;complete-native-namespace;certified-unchanged-content-roots-checked-by-host\nreference_assurance=independent_current_content\nselected_independent_oracle_identity=12570788abed9eba531c55284bffbb77b65245994262d960f9ab0eb2525a655d\nselected_metadata_paths_verified=23\nselected_regular_bytes_verified=20971520\nselected_regular_paths_verified=20\nskipped_untouched_metadata_paths=0\nskipped_untouched_regular_bodies=0\nuncertified_regular_paths_checked=20\nverification_status=fast_iteration_verified\nwitness_paths_declared=6\n"",""step"":1}]}",,,,,,
dedup_workspace_reuse,dedup-workspace-unique-100,PASS,6.895459208011744,3b4b7771ba61326b08af2ea18bffdc012e5417706fd050c7e03e80bbc32b2d1e,891067915b4152dd42e7510ef374a3d8a8827ead03a597051335c933d0485958,07b90a8b5477180553860f45529a8d1b581747cb8a03a694ae499a4215f0b1a9,sha256:42eb806fcfe9db1dc28098eb423340de3e4eaf81fd487389128305e65606d347,verification/dedup_workspace_reuse/dedup-workspace-unique-100/verification.json,"[""no exhaustive Phase 1 replay""]",[],"{""type"":""sampled-content"",""summary"":""changed data and selected unchanged witnesses; qualified roots"",""details"":[{""kind"":""fast-canonical-verification"",""receipt"":""{\""actual_read_logical_bytes\"": \""239075328\"", \""actual_read_regular_paths\"": \""228\"", \""authenticated_global_inodes\"": \""231\"", \""authenticated_namespace_paths\"": \""231\"", \""canonical_root\"": \""a56ae412554dd54a6bda0cffaf8ed56e6c24952018e87dafe0730826c8eb5614\"", \""certificate_binding\"": \""1bc44a4d61a32f0b4f6ff02b835a45fd3412edcd00a709533ee5d8ff32d01345\"", \""covered_regular_paths\"": \""0\"", \""extent_assurance\"": \""selected-current-reads-and-certified-unchanged-root-references\"", \""full_canonical_census_performed\"": \""false\"", \""fully_verified\"": \""false\"", \""has_reused_reference\"": \""false\"", \""reference_assurance\"": \""independent_current_content\"", \""reference_native_readback\"": \""false\"", \""reference_root_scope\"": \""none\"", \""scope\"": \""full current namespace/global inode/metadata/aliases; selected changed+witness bytes; unchanged file-state/extent/payload subgraph references certified, those current subgraph bytes not read\"", \""skipped_current_store_logical_bytes\"": \""0\"", \""skipped_current_store_regular_paths\"": \""0\"", \""verification_profile\"": \""fast-verify-v2\"", \""verification_status\"": \""fast_iteration_verified\""}"",""step"":1},{""coverage_sha256"":""e3b0c44298fc1c149afbf4c8996fb92427ae41e4649b934ca495991b7852b855"",""kind"":""fast-native-verification"",""receipt"":""absent_paths_verified=0\ncertificate_binding=1bc44a4d61a32f0b4f6ff02b835a45fd3412edcd00a709533ee5d8ff32d01345\nchanged_paths_declared=102\ncovered_paths_sha256=e3b0c44298fc1c149afbf4c8996fb92427ae41e4649b934ca495991b7852b855\nfast_witness_profile=native-fast-witness-v2:first-middle-last-seeded-per-namespace-length-depth-class;declared-read-targets\nfully_verified=false\nlogical_bytes=239075328\nnative_namespace_paths_verified=231\nnative_namespace_type_source=DirEntry::file_type;platform-metadata-fallback-permitted;skipped-counts-describe-unperformed-checks-not-syscalls\nnative_namespace_types_verified=231\noracle_identity_encoding=structural-entry-recipes-v1\noracle_scope=independent-delta-and-witnesses;complete-native-namespace;certified-unchanged-content-roots-checked-by-host\nreference_assurance=independent_current_content\nselected_independent_oracle_identity=93804afd8df35907e67e3f869190fcc7eac7cb61db696cc905abf411f3a07750\nselected_metadata_paths_verified=231\nselected_regular_bytes_verified=239075328\nselected_regular_paths_verified=228\nskipped_untouched_metadata_paths=0\nskipped_untouched_regular_bodies=0\nuncertified_regular_paths_checked=228\nverification_status=fast_iteration_verified\nwitness_paths_declared=6\n"",""step"":1}]}",,,,,,
dedup_workspace_reuse,dedup-workspace-unique-500,PASS,16.97904458300036,3b4b7771ba61326b08af2ea18bffdc012e5417706fd050c7e03e80bbc32b2d1e,891067915b4152dd42e7510ef374a3d8a8827ead03a597051335c933d0485958,58a526a8b9ee452ae80c540c467548591fad4689565531dcb90b6ecaa960c44b,sha256:42eb806fcfe9db1dc28098eb423340de3e4eaf81fd487389128305e65606d347,verification/dedup_workspace_reuse/dedup-workspace-unique-500/verification.json,"[""no exhaustive Phase 1 replay""]",[],"{""type"":""sampled-content"",""summary"":""changed data and selected unchanged witnesses; qualified roots"",""details"":[{""kind"":""fast-canonical-verification"",""receipt"":""{\""actual_read_logical_bytes\"": \""658505728\"", \""actual_read_regular_paths\"": \""628\"", \""authenticated_global_inodes\"": \""631\"", \""authenticated_namespace_paths\"": \""631\"", \""canonical_root\"": \""e9d848ecbeaba029fda37033b3503500064a28b0a3a504cf05248a7b15cc21cb\"", \""certificate_binding\"": \""3dd3fd3466bc4e46328e9ff64dd18fee7ffebd7f7d1d524bbd8d13c2465a3047\"", \""covered_regular_paths\"": \""0\"", \""extent_assurance\"": \""selected-current-reads-and-certified-unchanged-root-references\"", \""full_canonical_census_performed\"": \""false\"", \""fully_verified\"": \""false\"", \""has_reused_reference\"": \""false\"", \""reference_assurance\"": \""independent_current_content\"", \""reference_native_readback\"": \""false\"", \""reference_root_scope\"": \""none\"", \""scope\"": \""full current namespace/global inode/metadata/aliases; selected changed+witness bytes; unchanged file-state/extent/payload subgraph references certified, those current subgraph bytes not read\"", \""skipped_current_store_logical_bytes\"": \""0\"", \""skipped_current_store_regular_paths\"": \""0\"", \""verification_profile\"": \""fast-verify-v2\"", \""verification_status\"": \""fast_iteration_verified\""}"",""step"":1},{""coverage_sha256"":""e3b0c44298fc1c149afbf4c8996fb92427ae41e4649b934ca495991b7852b855"",""kind"":""fast-native-verification"",""receipt"":""absent_paths_verified=0\ncertificate_binding=3dd3fd3466bc4e46328e9ff64dd18fee7ffebd7f7d1d524bbd8d13c2465a3047\nchanged_paths_declared=502\ncovered_paths_sha256=e3b0c44298fc1c149afbf4c8996fb92427ae41e4649b934ca495991b7852b855\nfast_witness_profile=native-fast-witness-v2:first-middle-last-seeded-per-namespace-length-depth-class;declared-read-targets\nfully_verified=false\nlogical_bytes=658505728\nnative_namespace_paths_verified=631\nnative_namespace_type_source=DirEntry::file_type;platform-metadata-fallback-permitted;skipped-counts-describe-unperformed-checks-not-syscalls\nnative_namespace_types_verified=631\noracle_identity_encoding=structural-entry-recipes-v1\noracle_scope=independent-delta-and-witnesses;complete-native-namespace;certified-unchanged-content-roots-checked-by-host\nreference_assurance=independent_current_content\nselected_independent_oracle_identity=500fe1e0e88cb6a5e28e63ac86292d3441c31ce3aafb13e293550c013a669eec\nselected_metadata_paths_verified=631\nselected_regular_bytes_verified=658505728\nselected_regular_paths_verified=628\nskipped_untouched_metadata_paths=0\nskipped_untouched_regular_bodies=0\nuncertified_regular_paths_checked=628\nverification_status=fast_iteration_verified\nwitness_paths_declared=6\n"",""step"":1}]}",,,,,,
dedup_workspace_reuse,dedup-workspace-unique-1-base128-v3,PASS,4.60807516699424,3b4b7771ba61326b08af2ea18bffdc012e5417706fd050c7e03e80bbc32b2d1e,891067915b4152dd42e7510ef374a3d8a8827ead03a597051335c933d0485958,1369eb380f29cb39f52b9e878195a7c44a9453c3b7020a7736b7969cccbc7437,sha256:42eb806fcfe9db1dc28098eb423340de3e4eaf81fd487389128305e65606d347,verification/dedup_workspace_reuse/dedup-workspace-unique-1-base128-v3/verification.json,"[""no exhaustive Phase 1 replay""]",[],"{""type"":""sampled-content"",""summary"":""changed data and selected unchanged witnesses; qualified roots"",""details"":[{""kind"":""fast-canonical-verification"",""receipt"":""{\""actual_read_logical_bytes\"": \""135266304\"", \""actual_read_regular_paths\"": \""129\"", \""authenticated_global_inodes\"": \""132\"", \""authenticated_namespace_paths\"": \""132\"", \""canonical_root\"": \""990a065ac4864f51e864298b9a16858e0ee8b8ae807535466406fde09aae1667\"", \""certificate_binding\"": \""f3e339f5f3dbc979398cfde3451a932950150a724ec9216e2c9ac174b8a5dded\"", \""covered_regular_paths\"": \""0\"", \""extent_assurance\"": \""selected-current-reads-and-certified-unchanged-root-references\"", \""full_canonical_census_performed\"": \""false\"", \""fully_verified\"": \""false\"", \""has_reused_reference\"": \""false\"", \""reference_assurance\"": \""independent_current_content\"", \""reference_native_readback\"": \""false\"", \""reference_root_scope\"": \""none\"", \""scope\"": \""full current namespace/global inode/metadata/aliases; selected changed+witness bytes; unchanged file-state/extent/payload subgraph references certified, those current subgraph bytes not read\"", \""skipped_current_store_logical_bytes\"": \""0\"", \""skipped_current_store_regular_paths\"": \""0\"", \""verification_profile\"": \""fast-verify-v2\"", \""verification_status\"": \""fast_iteration_verified\""}"",""step"":1},{""coverage_sha256"":""e3b0c44298fc1c149afbf4c8996fb92427ae41e4649b934ca495991b7852b855"",""kind"":""fast-native-verification"",""receipt"":""absent_paths_verified=0\ncertificate_binding=f3e339f5f3dbc979398cfde3451a932950150a724ec9216e2c9ac174b8a5dded\nchanged_paths_declared=3\ncovered_paths_sha256=e3b0c44298fc1c149afbf4c8996fb92427ae41e4649b934ca495991b7852b855\nfast_witness_profile=native-fast-witness-v2:first-middle-last-seeded-per-namespace-length-depth-class;declared-read-targets\nfully_verified=false\nlogical_bytes=135266304\nnative_namespace_paths_verified=132\nnative_namespace_type_source=DirEntry::file_type;platform-metadata-fallback-permitted;skipped-counts-describe-unperformed-checks-not-syscalls\nnative_namespace_types_verified=132\noracle_identity_encoding=structural-entry-recipes-v1\noracle_scope=independent-delta-and-witnesses;complete-native-namespace;certified-unchanged-content-roots-checked-by-host\nreference_assurance=independent_current_content\nselected_independent_oracle_identity=7439f7aa2579637cdb03ac00655cad5d484633a8df8db89d600ffcfca1c3121d\nselected_metadata_paths_verified=132\nselected_regular_bytes_verified=135266304\nselected_regular_paths_verified=129\nskipped_untouched_metadata_paths=0\nskipped_untouched_regular_bodies=0\nuncertified_regular_paths_checked=129\nverification_status=fast_iteration_verified\nwitness_paths_declared=6\n"",""step"":1}]}",,,,,,
dedup_workspace_reuse,dedup-workspace-unique-10-base128-v3,PASS,4.692411832991638,3b4b7771ba61326b08af2ea18bffdc012e5417706fd050c7e03e80bbc32b2d1e,891067915b4152dd42e7510ef374a3d8a8827ead03a597051335c933d0485958,b5583489949ed3f489e3033285a7b9e5fa44b3032e90ea98c82a3aa5f4118e5f,sha256:42eb806fcfe9db1dc28098eb423340de3e4eaf81fd487389128305e65606d347,verification/dedup_workspace_reuse/dedup-workspace-unique-10-base128-v3/verification.json,"[""no exhaustive Phase 1 replay""]",[],"{""type"":""sampled-content"",""summary"":""changed data and selected unchanged witnesses; qualified roots"",""details"":[{""kind"":""fast-canonical-verification"",""receipt"":""{\""actual_read_logical_bytes\"": \""144703488\"", \""actual_read_regular_paths\"": \""138\"", \""authenticated_global_inodes\"": \""141\"", \""authenticated_namespace_paths\"": \""141\"", \""canonical_root\"": \""0f09b1e399ab2f1fc5ff8e970199106ee6d3e6bd651beda7bc81c14e69dda787\"", \""certificate_binding\"": \""19ffe83986f964f3c61585869e9665de94118dc68bd8546de8f900c4ec3f30d3\"", \""covered_regular_paths\"": \""0\"", \""extent_assurance\"": \""selected-current-reads-and-certified-unchanged-root-references\"", \""full_canonical_census_performed\"": \""false\"", \""fully_verified\"": \""false\"", \""has_reused_reference\"": \""false\"", \""reference_assurance\"": \""independent_current_content\"", \""reference_native_readback\"": \""false\"", \""reference_root_scope\"": \""none\"", \""scope\"": \""full current namespace/global inode/metadata/aliases; selected changed+witness bytes; unchanged file-state/extent/payload subgraph references certified, those current subgraph bytes not read\"", \""skipped_current_store_logical_bytes\"": \""0\"", \""skipped_current_store_regular_paths\"": \""0\"", \""verification_profile\"": \""fast-verify-v2\"", \""verification_status\"": \""fast_iteration_verified\""}"",""step"":1},{""coverage_sha256"":""e3b0c44298fc1c149afbf4c8996fb92427ae41e4649b934ca495991b7852b855"",""kind"":""fast-native-verification"",""receipt"":""absent_paths_verified=0\ncertificate_binding=19ffe83986f964f3c61585869e9665de94118dc68bd8546de8f900c4ec3f30d3\nchanged_paths_declared=12\ncovered_paths_sha256=e3b0c44298fc1c149afbf4c8996fb92427ae41e4649b934ca495991b7852b855\nfast_witness_profile=native-fast-witness-v2:first-middle-last-seeded-per-namespace-length-depth-class;declared-read-targets\nfully_verified=false\nlogical_bytes=144703488\nnative_namespace_paths_verified=141\nnative_namespace_type_source=DirEntry::file_type;platform-metadata-fallback-permitted;skipped-counts-describe-unperformed-checks-not-syscalls\nnative_namespace_types_verified=141\noracle_identity_encoding=structural-entry-recipes-v1\noracle_scope=independent-delta-and-witnesses;complete-native-namespace;certified-unchanged-content-roots-checked-by-host\nreference_assurance=independent_current_content\nselected_independent_oracle_identity=15138bcc007b312692ca0730bea926d6a6ac0ce22abeb4e005d38f305d425442\nselected_metadata_paths_verified=141\nselected_regular_bytes_verified=144703488\nselected_regular_paths_verified=138\nskipped_untouched_metadata_paths=0\nskipped_untouched_regular_bodies=0\nuncertified_regular_paths_checked=138\nverification_status=fast_iteration_verified\nwitness_paths_declared=6\n"",""step"":1}]}",,,,,,
dedup_cross_file,dedup-cross-file-anchor-1,PASS,1.7911808750068303,3b4b7771ba61326b08af2ea18bffdc012e5417706fd050c7e03e80bbc32b2d1e,891067915b4152dd42e7510ef374a3d8a8827ead03a597051335c933d0485958,08a6ae7b868af20c2b50ae1bbf751ffa02ac1637cf96c3534f592be9c9341025,sha256:42eb806fcfe9db1dc28098eb423340de3e4eaf81fd487389128305e65606d347,verification/dedup_cross_file/dedup-cross-file-anchor-1/verification.json,"[""no exhaustive Phase 1 replay""]",[],"{""type"":""sampled-content"",""summary"":""changed data and selected unchanged witnesses; qualified roots"",""details"":[{""kind"":""fast-canonical-verification"",""receipt"":""{\""actual_read_logical_bytes\"": \""1048576\"", \""actual_read_regular_paths\"": \""1\"", \""authenticated_global_inodes\"": \""3\"", \""authenticated_namespace_paths\"": \""3\"", \""canonical_root\"": \""cd76c11c0d157fbfd0161191fcc1dc325654ac27d43f621be5d52604db1ceecc\"", \""certificate_binding\"": \""fd802d948589e95c8c2d4c37080a6755784018a95cf5d6ffeb5cdf90dbe94833\"", \""covered_regular_paths\"": \""0\"", \""extent_assurance\"": \""selected-current-reads-and-certified-unchanged-root-references\"", \""full_canonical_census_performed\"": \""false\"", \""fully_verified\"": \""false\"", \""has_reused_reference\"": \""false\"", \""reference_assurance\"": \""independent_current_content\"", \""reference_native_readback\"": \""false\"", \""reference_root_scope\"": \""none\"", \""scope\"": \""full current namespace/global inode/metadata/aliases; selected changed+witness bytes; unchanged file-state/extent/payload subgraph references certified, those current subgraph bytes not read\"", \""skipped_current_store_logical_bytes\"": \""0\"", \""skipped_current_store_regular_paths\"": \""0\"", \""verification_profile\"": \""fast-verify-v2\"", \""verification_status\"": \""fast_iteration_verified\""}"",""step"":1},{""coverage_sha256"":""e3b0c44298fc1c149afbf4c8996fb92427ae41e4649b934ca495991b7852b855"",""kind"":""fast-native-verification"",""receipt"":""absent_paths_verified=0\ncertificate_binding=fd802d948589e95c8c2d4c37080a6755784018a95cf5d6ffeb5cdf90dbe94833\nchanged_paths_declared=3\ncovered_paths_sha256=e3b0c44298fc1c149afbf4c8996fb92427ae41e4649b934ca495991b7852b855\nfast_witness_profile=native-fast-witness-v2:first-middle-last-seeded-per-namespace-length-depth-class;declared-read-targets\nfully_verified=false\nlogical_bytes=1048576\nnative_namespace_paths_verified=3\nnative_namespace_type_source=DirEntry::file_type;platform-metadata-fallback-permitted;skipped-counts-describe-unperformed-checks-not-syscalls\nnative_namespace_types_verified=3\noracle_identity_encoding=structural-entry-recipes-v1\noracle_scope=independent-delta-and-witnesses;complete-native-namespace;certified-unchanged-content-roots-checked-by-host\nreference_assurance=independent_current_content\nselected_independent_oracle_identity=a5ff7c52b6d5269edc9717dfab6ddf78de77c93819e12f93c4bc5dfe550f0ae8\nselected_metadata_paths_verified=3\nselected_regular_bytes_verified=1048576\nselected_regular_paths_verified=1\nskipped_untouched_metadata_paths=0\nskipped_untouched_regular_bodies=0\nuncertified_regular_paths_checked=1\nverification_status=fast_iteration_verified\nwitness_paths_declared=0\n"",""step"":1}]}",,,,,,
dedup_cross_file,dedup-cross-file-unique-10,PASS,2.3687785410002107,3b4b7771ba61326b08af2ea18bffdc012e5417706fd050c7e03e80bbc32b2d1e,891067915b4152dd42e7510ef374a3d8a8827ead03a597051335c933d0485958,64ec08977d5a3eee46ef3fabf72238c40d60e9a20e1b5bd1b72be8b47acdf56c,sha256:42eb806fcfe9db1dc28098eb423340de3e4eaf81fd487389128305e65606d347,verification/dedup_cross_file/dedup-cross-file-unique-10/verification.json,"[""no exhaustive Phase 1 replay""]",[],"{""type"":""sampled-content"",""summary"":""changed data and selected unchanged witnesses; qualified roots"",""details"":[{""kind"":""fast-canonical-verification"",""receipt"":""{\""actual_read_logical_bytes\"": \""10485760\"", \""actual_read_regular_paths\"": \""10\"", \""authenticated_global_inodes\"": \""12\"", \""authenticated_namespace_paths\"": \""12\"", \""canonical_root\"": \""474018e6f42dd16ac9870b1ada5eb6165128227f6370e1c2d2faf58f902257b0\"", \""certificate_binding\"": \""553adb88d2f947486e9e24afc0623bb4b4829c2cc3186f1838169354bc4babca\"", \""covered_regular_paths\"": \""0\"", \""extent_assurance\"": \""selected-current-reads-and-certified-unchanged-root-references\"", \""full_canonical_census_performed\"": \""false\"", \""fully_verified\"": \""false\"", \""has_reused_reference\"": \""false\"", \""reference_assurance\"": \""independent_current_content\"", \""reference_native_readback\"": \""false\"", \""reference_root_scope\"": \""none\"", \""scope\"": \""full current namespace/global inode/metadata/aliases; selected changed+witness bytes; unchanged file-state/extent/payload subgraph references certified, those current subgraph bytes not read\"", \""skipped_current_store_logical_bytes\"": \""0\"", \""skipped_current_store_regular_paths\"": \""0\"", \""verification_profile\"": \""fast-verify-v2\"", \""verification_status\"": \""fast_iteration_verified\""}"",""step"":1},{""coverage_sha256"":""e3b0c44298fc1c149afbf4c8996fb92427ae41e4649b934ca495991b7852b855"",""kind"":""fast-native-verification"",""receipt"":""absent_paths_verified=0\ncertificate_binding=553adb88d2f947486e9e24afc0623bb4b4829c2cc3186f1838169354bc4babca\nchanged_paths_declared=12\ncovered_paths_sha256=e3b0c44298fc1c149afbf4c8996fb92427ae41e4649b934ca495991b7852b855\nfast_witness_profile=native-fast-witness-v2:first-middle-last-seeded-per-namespace-length-depth-class;declared-read-targets\nfully_verified=false\nlogical_bytes=10485760\nnative_namespace_paths_verified=12\nnative_namespace_type_source=DirEntry::file_type;platform-metadata-fallback-permitted;skipped-counts-describe-unperformed-checks-not-syscalls\nnative_namespace_types_verified=12\noracle_identity_encoding=structural-entry-recipes-v1\noracle_scope=independent-delta-and-witnesses;complete-native-namespace;certified-unchanged-content-roots-checked-by-host\nreference_assurance=independent_current_content\nselected_independent_oracle_identity=27e3a4a5f0f2f5206794f0d25bb8c9c9fdbf789367a061d71aed238dad760658\nselected_metadata_paths_verified=12\nselected_regular_bytes_verified=10485760\nselected_regular_paths_verified=10\nskipped_untouched_metadata_paths=0\nskipped_untouched_regular_bodies=0\nuncertified_regular_paths_checked=10\nverification_status=fast_iteration_verified\nwitness_paths_declared=0\n"",""step"":1}]}",,,,,,
dedup_cross_file,dedup-cross-file-unique-100,PASS,4.690569708996918,3b4b7771ba61326b08af2ea18bffdc012e5417706fd050c7e03e80bbc32b2d1e,891067915b4152dd42e7510ef374a3d8a8827ead03a597051335c933d0485958,4ce2bc5af7a2c78061ee6f7006106fc9be76a97c89cca966074e249f1d3faaab,sha256:42eb806fcfe9db1dc28098eb423340de3e4eaf81fd487389128305e65606d347,verification/dedup_cross_file/dedup-cross-file-unique-100/verification.json,"[""no exhaustive Phase 1 replay""]",[],"{""type"":""sampled-content"",""summary"":""changed data and selected unchanged witnesses; qualified roots"",""details"":[{""kind"":""fast-canonical-verification"",""receipt"":""{\""actual_read_logical_bytes\"": \""104857600\"", \""actual_read_regular_paths\"": \""100\"", \""authenticated_global_inodes\"": \""102\"", \""authenticated_namespace_paths\"": \""102\"", \""canonical_root\"": \""c1397861388bf038b48697381025a4c891248d6d404b2c4d30e4990ed6b2a9c6\"", \""certificate_binding\"": \""5f90e767be14e692e316fcc65b225cfa9d80a92250142fa678b833cfbef3d585\"", \""covered_regular_paths\"": \""0\"", \""extent_assurance\"": \""selected-current-reads-and-certified-unchanged-root-references\"", \""full_canonical_census_performed\"": \""false\"", \""fully_verified\"": \""false\"", \""has_reused_reference\"": \""false\"", \""reference_assurance\"": \""independent_current_content\"", \""reference_native_readback\"": \""false\"", \""reference_root_scope\"": \""none\"", \""scope\"": \""full current namespace/global inode/metadata/aliases; selected changed+witness bytes; unchanged file-state/extent/payload subgraph references certified, those current subgraph bytes not read\"", \""skipped_current_store_logical_bytes\"": \""0\"", \""skipped_current_store_regular_paths\"": \""0\"", \""verification_profile\"": \""fast-verify-v2\"", \""verification_status\"": \""fast_iteration_verified\""}"",""step"":1},{""coverage_sha256"":""e3b0c44298fc1c149afbf4c8996fb92427ae41e4649b934ca495991b7852b855"",""kind"":""fast-native-verification"",""receipt"":""absent_paths_verified=0\ncertificate_binding=5f90e767be14e692e316fcc65b225cfa9d80a92250142fa678b833cfbef3d585\nchanged_paths_declared=102\ncovered_paths_sha256=e3b0c44298fc1c149afbf4c8996fb92427ae41e4649b934ca495991b7852b855\nfast_witness_profile=native-fast-witness-v2:first-middle-last-seeded-per-namespace-length-depth-class;declared-read-targets\nfully_verified=false\nlogical_bytes=104857600\nnative_namespace_paths_verified=102\nnative_namespace_type_source=DirEntry::file_type;platform-metadata-fallback-permitted;skipped-counts-describe-unperformed-checks-not-syscalls\nnative_namespace_types_verified=102\noracle_identity_encoding=structural-entry-recipes-v1\noracle_scope=independent-delta-and-witnesses;complete-native-namespace;certified-unchanged-content-roots-checked-by-host\nreference_assurance=independent_current_content\nselected_independent_oracle_identity=602c45ac4988b1b79c8a1f65713f61352d438a34dc014503fc028b8e62a98f9b\nselected_metadata_paths_verified=102\nselected_regular_bytes_verified=104857600\nselected_regular_paths_verified=100\nskipped_untouched_metadata_paths=0\nskipped_untouched_regular_bodies=0\nuncertified_regular_paths_checked=100\nverification_status=fast_iteration_verified\nwitness_paths_declared=0\n"",""step"":1}]}",,,,,,
dedup_cross_file,dedup-cross-file-unique-500,PASS,16.084914292005124,3b4b7771ba61326b08af2ea18bffdc012e5417706fd050c7e03e80bbc32b2d1e,891067915b4152dd42e7510ef374a3d8a8827ead03a597051335c933d0485958,29afe858b0599a6c53cbfee9e58ba65f7e125e640837b861997700fb810f4b2c,sha256:42eb806fcfe9db1dc28098eb423340de3e4eaf81fd487389128305e65606d347,verification/dedup_cross_file/dedup-cross-file-unique-500/verification.json,"[""no exhaustive Phase 1 replay""]",[],"{""type"":""sampled-content"",""summary"":""changed data and selected unchanged witnesses; qualified roots"",""details"":[{""kind"":""fast-canonical-verification"",""receipt"":""{\""actual_read_logical_bytes\"": \""524288000\"", \""actual_read_regular_paths\"": \""500\"", \""authenticated_global_inodes\"": \""502\"", \""authenticated_namespace_paths\"": \""502\"", \""canonical_root\"": \""134a1d40b6fa1c0424fffb56402c6c54ced72a0ed05dab0698dd64b63d1f11b6\"", \""certificate_binding\"": \""4b8040d3d0dac7a4d204835713f0d2da6164ebe73085aee5f357d45a753aac4b\"", \""covered_regular_paths\"": \""0\"", \""extent_assurance\"": \""selected-current-reads-and-certified-unchanged-root-references\"", \""full_canonical_census_performed\"": \""false\"", \""fully_verified\"": \""false\"", \""has_reused_reference\"": \""false\"", \""reference_assurance\"": \""independent_current_content\"", \""reference_native_readback\"": \""false\"", \""reference_root_scope\"": \""none\"", \""scope\"": \""full current namespace/global inode/metadata/aliases; selected changed+witness bytes; unchanged file-state/extent/payload subgraph references certified, those current subgraph bytes not read\"", \""skipped_current_store_logical_bytes\"": \""0\"", \""skipped_current_store_regular_paths\"": \""0\"", \""verification_profile\"": \""fast-verify-v2\"", \""verification_status\"": \""fast_iteration_verified\""}"",""step"":1},{""coverage_sha256"":""e3b0c44298fc1c149afbf4c8996fb92427ae41e4649b934ca495991b7852b855"",""kind"":""fast-native-verification"",""receipt"":""absent_paths_verified=0\ncertificate_binding=4b8040d3d0dac7a4d204835713f0d2da6164ebe73085aee5f357d45a753aac4b\nchanged_paths_declared=502\ncovered_paths_sha256=e3b0c44298fc1c149afbf4c8996fb92427ae41e4649b934ca495991b7852b855\nfast_witness_profile=native-fast-witness-v2:first-middle-last-seeded-per-namespace-length-depth-class;declared-read-targets\nfully_verified=false\nlogical_bytes=524288000\nnative_namespace_paths_verified=502\nnative_namespace_type_source=DirEntry::file_type;platform-metadata-fallback-permitted;skipped-counts-describe-unperformed-checks-not-syscalls\nnative_namespace_types_verified=502\noracle_identity_encoding=structural-entry-recipes-v1\noracle_scope=independent-delta-and-witnesses;complete-native-namespace;certified-unchanged-content-roots-checked-by-host\nreference_assurance=independent_current_content\nselected_independent_oracle_identity=f5ca3a83358202ec6c1d0fa435db02efb0a3c9e5e6cc10a1d2f7760fd6ff3f96\nselected_metadata_paths_verified=502\nselected_regular_bytes_verified=524288000\nselected_regular_paths_verified=500\nskipped_untouched_metadata_paths=0\nskipped_untouched_regular_bodies=0\nuncertified_regular_paths_checked=500\nverification_status=fast_iteration_verified\nwitness_paths_declared=0\n"",""step"":1}]}",,,,,,
dedup_cross_file,dedup-cross-file-identical-10,PASS,2.1718290410062764,3b4b7771ba61326b08af2ea18bffdc012e5417706fd050c7e03e80bbc32b2d1e,891067915b4152dd42e7510ef374a3d8a8827ead03a597051335c933d0485958,6fa339e4e4e7497294c2c3b69f01c8c2a84a5c1732f26106438bc10caa9c72e0,sha256:42eb806fcfe9db1dc28098eb423340de3e4eaf81fd487389128305e65606d347,verification/dedup_cross_file/dedup-cross-file-identical-10/verification.json,"[""no exhaustive Phase 1 replay""]",[],"{""type"":""sampled-content"",""summary"":""changed data and selected unchanged witnesses; qualified roots"",""details"":[{""kind"":""fast-canonical-verification"",""receipt"":""{\""actual_read_logical_bytes\"": \""10485760\"", \""actual_read_regular_paths\"": \""10\"", \""authenticated_global_inodes\"": \""12\"", \""authenticated_namespace_paths\"": \""12\"", \""canonical_root\"": \""c1a94e06610d7193efff850eae0e5c52a5ff08eba96746b67a543efb7f5eab6e\"", \""certificate_binding\"": \""201e0ae261855e28d316fde84b93a6493ddeff4cc93ae99182288e0bf2063735\"", \""covered_regular_paths\"": \""0\"", \""extent_assurance\"": \""selected-current-reads-and-certified-unchanged-root-references\"", \""full_canonical_census_performed\"": \""false\"", \""fully_verified\"": \""false\"", \""has_reused_reference\"": \""false\"", \""reference_assurance\"": \""independent_current_content\"", \""reference_native_readback\"": \""false\"", \""reference_root_scope\"": \""none\"", \""scope\"": \""full current namespace/global inode/metadata/aliases; selected changed+witness bytes; unchanged file-state/extent/payload subgraph references certified, those current subgraph bytes not read\"", \""skipped_current_store_logical_bytes\"": \""0\"", \""skipped_current_store_regular_paths\"": \""0\"", \""verification_profile\"": \""fast-verify-v2\"", \""verification_status\"": \""fast_iteration_verified\""}"",""step"":1},{""coverage_sha256"":""e3b0c44298fc1c149afbf4c8996fb92427ae41e4649b934ca495991b7852b855"",""kind"":""fast-native-verification"",""receipt"":""absent_paths_verified=0\ncertificate_binding=201e0ae261855e28d316fde84b93a6493ddeff4cc93ae99182288e0bf2063735\nchanged_paths_declared=12\ncovered_paths_sha256=e3b0c44298fc1c149afbf4c8996fb92427ae41e4649b934ca495991b7852b855\nfast_witness_profile=native-fast-witness-v2:first-middle-last-seeded-per-namespace-length-depth-class;declared-read-targets\nfully_verified=false\nlogical_bytes=10485760\nnative_namespace_paths_verified=12\nnative_namespace_type_source=DirEntry::file_type;platform-metadata-fallback-permitted;skipped-counts-describe-unperformed-checks-not-syscalls\nnative_namespace_types_verified=12\noracle_identity_encoding=structural-entry-recipes-v1\noracle_scope=independent-delta-and-witnesses;complete-native-namespace;certified-unchanged-content-roots-checked-by-host\nreference_assurance=independent_current_content\nselected_independent_oracle_identity=8b6469a4a4854b54d70b63e222e892836cb8635e60e86171ad3e82be13ff9188\nselected_metadata_paths_verified=12\nselected_regular_bytes_verified=10485760\nselected_regular_paths_verified=10\nskipped_untouched_metadata_paths=0\nskipped_untouched_regular_bodies=0\nuncertified_regular_paths_checked=10\nverification_status=fast_iteration_verified\nwitness_paths_declared=0\n"",""step"":1}]}",,,,,,
dedup_cross_file,dedup-cross-file-identical-100,PASS,3.725331791007193,3b4b7771ba61326b08af2ea18bffdc012e5417706fd050c7e03e80bbc32b2d1e,891067915b4152dd42e7510ef374a3d8a8827ead03a597051335c933d0485958,622c6b318720d46aa67cc95f5b1c2692b64f858de44d9e815d47f28cd2b042c8,sha256:42eb806fcfe9db1dc28098eb423340de3e4eaf81fd487389128305e65606d347,verification/dedup_cross_file/dedup-cross-file-identical-100/verification.json,"[""no exhaustive Phase 1 replay""]",[],"{""type"":""sampled-content"",""summary"":""changed data and selected unchanged witnesses; qualified roots"",""details"":[{""kind"":""fast-canonical-verification"",""receipt"":""{\""actual_read_logical_bytes\"": \""104857600\"", \""actual_read_regular_paths\"": \""100\"", \""authenticated_global_inodes\"": \""102\"", \""authenticated_namespace_paths\"": \""102\"", \""canonical_root\"": \""ce6f1f054e3564e847179c1c91c15260837de62f3353c729dfe275577552c744\"", \""certificate_binding\"": \""9eef4421aae0477cf3560e20bc8bc71dbbe8ce1697cc9403f6a308b94e36f3e9\"", \""covered_regular_paths\"": \""0\"", \""extent_assurance\"": \""selected-current-reads-and-certified-unchanged-root-references\"", \""full_canonical_census_performed\"": \""false\"", \""fully_verified\"": \""false\"", \""has_reused_reference\"": \""false\"", \""reference_assurance\"": \""independent_current_content\"", \""reference_native_readback\"": \""false\"", \""reference_root_scope\"": \""none\"", \""scope\"": \""full current namespace/global inode/metadata/aliases; selected changed+witness bytes; unchanged file-state/extent/payload subgraph references certified, those current subgraph bytes not read\"", \""skipped_current_store_logical_bytes\"": \""0\"", \""skipped_current_store_regular_paths\"": \""0\"", \""verification_profile\"": \""fast-verify-v2\"", \""verification_status\"": \""fast_iteration_verified\""}"",""step"":1},{""coverage_sha256"":""e3b0c44298fc1c149afbf4c8996fb92427ae41e4649b934ca495991b7852b855"",""kind"":""fast-native-verification"",""receipt"":""absent_paths_verified=0\ncertificate_binding=9eef4421aae0477cf3560e20bc8bc71dbbe8ce1697cc9403f6a308b94e36f3e9\nchanged_paths_declared=102\ncovered_paths_sha256=e3b0c44298fc1c149afbf4c8996fb92427ae41e4649b934ca495991b7852b855\nfast_witness_profile=native-fast-witness-v2:first-middle-last-seeded-per-namespace-length-depth-class;declared-read-targets\nfully_verified=false\nlogical_bytes=104857600\nnative_namespace_paths_verified=102\nnative_namespace_type_source=DirEntry::file_type;platform-metadata-fallback-permitted;skipped-counts-describe-unperformed-checks-not-syscalls\nnative_namespace_types_verified=102\noracle_identity_encoding=structural-entry-recipes-v1\noracle_scope=independent-delta-and-witnesses;complete-native-namespace;certified-unchanged-content-roots-checked-by-host\nreference_assurance=independent_current_content\nselected_independent_oracle_identity=4dcfed405fdaf28401bc7bb0f9ac8a7420e53d33e9741323cba3b66fe186cd23\nselected_metadata_paths_verified=102\nselected_regular_bytes_verified=104857600\nselected_regular_paths_verified=100\nskipped_untouched_metadata_paths=0\nskipped_untouched_regular_bodies=0\nuncertified_regular_paths_checked=100\nverification_status=fast_iteration_verified\nwitness_paths_declared=0\n"",""step"":1}]}",,,,,,
dedup_cross_file,dedup-cross-file-identical-500,PASS,10.972235833003651,3b4b7771ba61326b08af2ea18bffdc012e5417706fd050c7e03e80bbc32b2d1e,891067915b4152dd42e7510ef374a3d8a8827ead03a597051335c933d0485958,70b9ec039b9a59b94a63b27d3eca4c64eb4c1e467dd5ed7d05b634d622cc2865,sha256:42eb806fcfe9db1dc28098eb423340de3e4eaf81fd487389128305e65606d347,verification/dedup_cross_file/dedup-cross-file-identical-500/verification.json,"[""no exhaustive Phase 1 replay""]",[],"{""type"":""sampled-content"",""summary"":""changed data and selected unchanged witnesses; qualified roots"",""details"":[{""kind"":""fast-canonical-verification"",""receipt"":""{\""actual_read_logical_bytes\"": \""524288000\"", \""actual_read_regular_paths\"": \""500\"", \""authenticated_global_inodes\"": \""502\"", \""authenticated_namespace_paths\"": \""502\"", \""canonical_root\"": \""5e48fd6998647911ed27413bee52552094e40b87bd05c069c2d5f8efc13574cb\"", \""certificate_binding\"": \""7501ae9437bfdbfee6b50b7114409e7ce34e7107197547d69e3b2f89326c28eb\"", \""covered_regular_paths\"": \""0\"", \""extent_assurance\"": \""selected-current-reads-and-certified-unchanged-root-references\"", \""full_canonical_census_performed\"": \""false\"", \""fully_verified\"": \""false\"", \""has_reused_reference\"": \""false\"", \""reference_assurance\"": \""independent_current_content\"", \""reference_native_readback\"": \""false\"", \""reference_root_scope\"": \""none\"", \""scope\"": \""full current namespace/global inode/metadata/aliases; selected changed+witness bytes; unchanged file-state/extent/payload subgraph references certified, those current subgraph bytes not read\"", \""skipped_current_store_logical_bytes\"": \""0\"", \""skipped_current_store_regular_paths\"": \""0\"", \""verification_profile\"": \""fast-verify-v2\"", \""verification_status\"": \""fast_iteration_verified\""}"",""step"":1},{""coverage_sha256"":""e3b0c44298fc1c149afbf4c8996fb92427ae41e4649b934ca495991b7852b855"",""kind"":""fast-native-verification"",""receipt"":""absent_paths_verified=0\ncertificate_binding=7501ae9437bfdbfee6b50b7114409e7ce34e7107197547d69e3b2f89326c28eb\nchanged_paths_declared=502\ncovered_paths_sha256=e3b0c44298fc1c149afbf4c8996fb92427ae41e4649b934ca495991b7852b855\nfast_witness_profile=native-fast-witness-v2:first-middle-last-seeded-per-namespace-length-depth-class;declared-read-targets\nfully_verified=false\nlogical_bytes=524288000\nnative_namespace_paths_verified=502\nnative_namespace_type_source=DirEntry::file_type;platform-metadata-fallback-permitted;skipped-counts-describe-unperformed-checks-not-syscalls\nnative_namespace_types_verified=502\noracle_identity_encoding=structural-entry-recipes-v1\noracle_scope=independent-delta-and-witnesses;complete-native-namespace;certified-unchanged-content-roots-checked-by-host\nreference_assurance=independent_current_content\nselected_independent_oracle_identity=f31fd78b179d87c2bc0c5fd599f6fff09b7fb90ae259db7bdeb1ed4ad310fcb6\nselected_metadata_paths_verified=502\nselected_regular_bytes_verified=524288000\nselected_regular_paths_verified=500\nskipped_untouched_metadata_paths=0\nskipped_untouched_regular_bodies=0\nuncertified_regular_paths_checked=500\nverification_status=fast_iteration_verified\nwitness_paths_declared=0\n"",""step"":1}]}",,,,,,
dedup_cross_file,dedup-cross-file-mixed-10,PASS,2.225937832990894,3b4b7771ba61326b08af2ea18bffdc012e5417706fd050c7e03e80bbc32b2d1e,891067915b4152dd42e7510ef374a3d8a8827ead03a597051335c933d0485958,572a0caa24fce2d569b1d4204107224c1769992232fd43276560b195680eb6ed,sha256:42eb806fcfe9db1dc28098eb423340de3e4eaf81fd487389128305e65606d347,verification/dedup_cross_file/dedup-cross-file-mixed-10/verification.json,"[""no exhaustive Phase 1 replay""]",[],"{""type"":""sampled-content"",""summary"":""changed data and selected unchanged witnesses; qualified roots"",""details"":[{""kind"":""fast-canonical-verification"",""receipt"":""{\""actual_read_logical_bytes\"": \""10485760\"", \""actual_read_regular_paths\"": \""10\"", \""authenticated_global_inodes\"": \""12\"", \""authenticated_namespace_paths\"": \""12\"", \""canonical_root\"": \""109c7321d488238181602da7cba9c562154be4dbcd452a3896ec11fbdb78b2db\"", \""certificate_binding\"": \""5c6cb1c36a715573702d1ae55bf3ecce6a5b90ac13d9b345c0367e4ae0f4ecda\"", \""covered_regular_paths\"": \""0\"", \""extent_assurance\"": \""selected-current-reads-and-certified-unchanged-root-references\"", \""full_canonical_census_performed\"": \""false\"", \""fully_verified\"": \""false\"", \""has_reused_reference\"": \""false\"", \""reference_assurance\"": \""independent_current_content\"", \""reference_native_readback\"": \""false\"", \""reference_root_scope\"": \""none\"", \""scope\"": \""full current namespace/global inode/metadata/aliases; selected changed+witness bytes; unchanged file-state/extent/payload subgraph references certified, those current subgraph bytes not read\"", \""skipped_current_store_logical_bytes\"": \""0\"", \""skipped_current_store_regular_paths\"": \""0\"", \""verification_profile\"": \""fast-verify-v2\"", \""verification_status\"": \""fast_iteration_verified\""}"",""step"":1},{""coverage_sha256"":""e3b0c44298fc1c149afbf4c8996fb92427ae41e4649b934ca495991b7852b855"",""kind"":""fast-native-verification"",""receipt"":""absent_paths_verified=0\ncertificate_binding=5c6cb1c36a715573702d1ae55bf3ecce6a5b90ac13d9b345c0367e4ae0f4ecda\nchanged_paths_declared=12\ncovered_paths_sha256=e3b0c44298fc1c149afbf4c8996fb92427ae41e4649b934ca495991b7852b855\nfast_witness_profile=native-fast-witness-v2:first-middle-last-seeded-per-namespace-length-depth-class;declared-read-targets\nfully_verified=false\nlogical_bytes=10485760\nnative_namespace_paths_verified=12\nnative_namespace_type_source=DirEntry::file_type;platform-metadata-fallback-permitted;skipped-counts-describe-unperformed-checks-not-syscalls\nnative_namespace_types_verified=12\noracle_identity_encoding=structural-entry-recipes-v1\noracle_scope=independent-delta-and-witnesses;complete-native-namespace;certified-unchanged-content-roots-checked-by-host\nreference_assurance=independent_current_content\nselected_independent_oracle_identity=a845eaf2c591eac9fb196798612832ea6a21f20b63efa1b7ad70978ed0cce7a9\nselected_metadata_paths_verified=12\nselected_regular_bytes_verified=10485760\nselected_regular_paths_verified=10\nskipped_untouched_metadata_paths=0\nskipped_untouched_regular_bodies=0\nuncertified_regular_paths_checked=10\nverification_status=fast_iteration_verified\nwitness_paths_declared=0\n"",""step"":1}]}",,,,,,
dedup_cross_file,dedup-cross-file-mixed-100,PASS,4.624195999989752,3b4b7771ba61326b08af2ea18bffdc012e5417706fd050c7e03e80bbc32b2d1e,891067915b4152dd42e7510ef374a3d8a8827ead03a597051335c933d0485958,ce7f8cc31cb13af79a24099c6edefc76c14a0534bf784dd3c8530cef6a28b78c,sha256:42eb806fcfe9db1dc28098eb423340de3e4eaf81fd487389128305e65606d347,verification/dedup_cross_file/dedup-cross-file-mixed-100/verification.json,"[""no exhaustive Phase 1 replay""]",[],"{""type"":""sampled-content"",""summary"":""changed data and selected unchanged witnesses; qualified roots"",""details"":[{""kind"":""fast-canonical-verification"",""receipt"":""{\""actual_read_logical_bytes\"": \""104857600\"", \""actual_read_regular_paths\"": \""100\"", \""authenticated_global_inodes\"": \""102\"", \""authenticated_namespace_paths\"": \""102\"", \""canonical_root\"": \""92049dcebe8f8b26489ef7cdadcf87813c6a69a73c2b9fb6c25768a2f96c21fd\"", \""certificate_binding\"": \""b4f71154abd3ff4a35e5311792ae779fba179be70161f954a140fbc4df87ea3b\"", \""covered_regular_paths\"": \""0\"", \""extent_assurance\"": \""selected-current-reads-and-certified-unchanged-root-references\"", \""full_canonical_census_performed\"": \""false\"", \""fully_verified\"": \""false\"", \""has_reused_reference\"": \""false\"", \""reference_assurance\"": \""independent_current_content\"", \""reference_native_readback\"": \""false\"", \""reference_root_scope\"": \""none\"", \""scope\"": \""full current namespace/global inode/metadata/aliases; selected changed+witness bytes; unchanged file-state/extent/payload subgraph references certified, those current subgraph bytes not read\"", \""skipped_current_store_logical_bytes\"": \""0\"", \""skipped_current_store_regular_paths\"": \""0\"", \""verification_profile\"": \""fast-verify-v2\"", \""verification_status\"": \""fast_iteration_verified\""}"",""step"":1},{""coverage_sha256"":""e3b0c44298fc1c149afbf4c8996fb92427ae41e4649b934ca495991b7852b855"",""kind"":""fast-native-verification"",""receipt"":""absent_paths_verified=0\ncertificate_binding=b4f71154abd3ff4a35e5311792ae779fba179be70161f954a140fbc4df87ea3b\nchanged_paths_declared=102\ncovered_paths_sha256=e3b0c44298fc1c149afbf4c8996fb92427ae41e4649b934ca495991b7852b855\nfast_witness_profile=native-fast-witness-v2:first-middle-last-seeded-per-namespace-length-depth-class;declared-read-targets\nfully_verified=false\nlogical_bytes=104857600\nnative_namespace_paths_verified=102\nnative_namespace_type_source=DirEntry::file_type;platform-metadata-fallback-permitted;skipped-counts-describe-unperformed-checks-not-syscalls\nnative_namespace_types_verified=102\noracle_identity_encoding=structural-entry-recipes-v1\noracle_scope=independent-delta-and-witnesses;complete-native-namespace;certified-unchanged-content-roots-checked-by-host\nreference_assurance=independent_current_content\nselected_independent_oracle_identity=201ac608d3b8b5ab5276370ff85e834a9e004a8c81b8ecacd56c923b15bf359c\nselected_metadata_paths_verified=102\nselected_regular_bytes_verified=104857600\nselected_regular_paths_verified=100\nskipped_untouched_metadata_paths=0\nskipped_untouched_regular_bodies=0\nuncertified_regular_paths_checked=100\nverification_status=fast_iteration_verified\nwitness_paths_declared=0\n"",""step"":1}]}",,,,,,
dedup_cross_file,dedup-cross-file-mixed-500,PASS,15.363397541004815,3b4b7771ba61326b08af2ea18bffdc012e5417706fd050c7e03e80bbc32b2d1e,891067915b4152dd42e7510ef374a3d8a8827ead03a597051335c933d0485958,0a7a5ee6becb67fc849b332385ce510108b29504432bd257fdfe1de090f50f4b,sha256:42eb806fcfe9db1dc28098eb423340de3e4eaf81fd487389128305e65606d347,verification/dedup_cross_file/dedup-cross-file-mixed-500/verification.json,"[""no exhaustive Phase 1 replay""]",[],"{""type"":""sampled-content"",""summary"":""changed data and selected unchanged witnesses; qualified roots"",""details"":[{""kind"":""fast-canonical-verification"",""receipt"":""{\""actual_read_logical_bytes\"": \""524288000\"", \""actual_read_regular_paths\"": \""500\"", \""authenticated_global_inodes\"": \""502\"", \""authenticated_namespace_paths\"": \""502\"", \""canonical_root\"": \""1674b7db375bd6a2ce76883e5ecc2b276b6821da293ef32c21772a3f9bab875c\"", \""certificate_binding\"": \""ede4ce1beea0908ecb60e94b9c79a13d0af36e9bb80b8a4ae5b804edb8d5c396\"", \""covered_regular_paths\"": \""0\"", \""extent_assurance\"": \""selected-current-reads-and-certified-unchanged-root-references\"", \""full_canonical_census_performed\"": \""false\"", \""fully_verified\"": \""false\"", \""has_reused_reference\"": \""false\"", \""reference_assurance\"": \""independent_current_content\"", \""reference_native_readback\"": \""false\"", \""reference_root_scope\"": \""none\"", \""scope\"": \""full current namespace/global inode/metadata/aliases; selected changed+witness bytes; unchanged file-state/extent/payload subgraph references certified, those current subgraph bytes not read\"", \""skipped_current_store_logical_bytes\"": \""0\"", \""skipped_current_store_regular_paths\"": \""0\"", \""verification_profile\"": \""fast-verify-v2\"", \""verification_status\"": \""fast_iteration_verified\""}"",""step"":1},{""coverage_sha256"":""e3b0c44298fc1c149afbf4c8996fb92427ae41e4649b934ca495991b7852b855"",""kind"":""fast-native-verification"",""receipt"":""absent_paths_verified=0\ncertificate_binding=ede4ce1beea0908ecb60e94b9c79a13d0af36e9bb80b8a4ae5b804edb8d5c396\nchanged_paths_declared=502\ncovered_paths_sha256=e3b0c44298fc1c149afbf4c8996fb92427ae41e4649b934ca495991b7852b855\nfast_witness_profile=native-fast-witness-v2:first-middle-last-seeded-per-namespace-length-depth-class;declared-read-targets\nfully_verified=false\nlogical_bytes=524288000\nnative_namespace_paths_verified=502\nnative_namespace_type_source=DirEntry::file_type;platform-metadata-fallback-permitted;skipped-counts-describe-unperformed-checks-not-syscalls\nnative_namespace_types_verified=502\noracle_identity_encoding=structural-entry-recipes-v1\noracle_scope=independent-delta-and-witnesses;complete-native-namespace;certified-unchanged-content-roots-checked-by-host\nreference_assurance=independent_current_content\nselected_independent_oracle_identity=d13e64d8d0d786d7a077e63fd780e3fc57af51279a1fe6c0b70c284a8a905270\nselected_metadata_paths_verified=502\nselected_regular_bytes_verified=524288000\nselected_regular_paths_verified=500\nskipped_untouched_metadata_paths=0\nskipped_untouched_regular_bodies=0\nuncertified_regular_paths_checked=500\nverification_status=fast_iteration_verified\nwitness_paths_declared=0\n"",""step"":1}]}",,,,,,
dedup_cdc_locality,dedup-cdc-overwrite-1,PASS,2.1046082499960903,3b4b7771ba61326b08af2ea18bffdc012e5417706fd050c7e03e80bbc32b2d1e,891067915b4152dd42e7510ef374a3d8a8827ead03a597051335c933d0485958,a1249cc353d1cafe7ef08decd59b6033f728c5786bbcd06febdfbd3cb9c4467b,sha256:42eb806fcfe9db1dc28098eb423340de3e4eaf81fd487389128305e65606d347,verification/dedup_cdc_locality/dedup-cdc-overwrite-1/verification.json,"[""no exhaustive Phase 1 replay""]",[],"{""type"":""sampled-content"",""summary"":""changed data and selected unchanged witnesses; qualified roots"",""details"":[{""kind"":""fast-canonical-verification"",""receipt"":""{\""actual_read_logical_bytes\"": \""2097152\"", \""actual_read_regular_paths\"": \""2\"", \""authenticated_global_inodes\"": \""4\"", \""authenticated_namespace_paths\"": \""4\"", \""canonical_root\"": \""53d4e84f920c6951d59a8c16358905810657fb9659610c2902c6e57f527e8930\"", \""certificate_binding\"": \""03fa775bd8405acab99d63f6bab32a70ccba94c604ea2f62f102b77cf4fad9bc\"", \""covered_regular_paths\"": \""0\"", \""extent_assurance\"": \""selected-current-reads-and-certified-unchanged-root-references\"", \""full_canonical_census_performed\"": \""false\"", \""fully_verified\"": \""false\"", \""has_reused_reference\"": \""false\"", \""reference_assurance\"": \""independent_current_content\"", \""reference_native_readback\"": \""false\"", \""reference_root_scope\"": \""none\"", \""scope\"": \""full current namespace/global inode/metadata/aliases; selected changed+witness bytes; unchanged file-state/extent/payload subgraph references certified, those current subgraph bytes not read\"", \""skipped_current_store_logical_bytes\"": \""0\"", \""skipped_current_store_regular_paths\"": \""0\"", \""verification_profile\"": \""fast-verify-v2\"", \""verification_status\"": \""fast_iteration_verified\""}"",""step"":1},{""coverage_sha256"":""e3b0c44298fc1c149afbf4c8996fb92427ae41e4649b934ca495991b7852b855"",""kind"":""fast-native-verification"",""receipt"":""absent_paths_verified=0\ncertificate_binding=03fa775bd8405acab99d63f6bab32a70ccba94c604ea2f62f102b77cf4fad9bc\nchanged_paths_declared=4\ncovered_paths_sha256=e3b0c44298fc1c149afbf4c8996fb92427ae41e4649b934ca495991b7852b855\nfast_witness_profile=native-fast-witness-v2:first-middle-last-seeded-per-namespace-length-depth-class;declared-read-targets\nfully_verified=false\nlogical_bytes=2097152\nnative_namespace_paths_verified=4\nnative_namespace_type_source=DirEntry::file_type;platform-metadata-fallback-permitted;skipped-counts-describe-unperformed-checks-not-syscalls\nnative_namespace_types_verified=4\noracle_identity_encoding=structural-entry-recipes-v1\noracle_scope=independent-delta-and-witnesses;complete-native-namespace;certified-unchanged-content-roots-checked-by-host\nreference_assurance=independent_current_content\nselected_independent_oracle_identity=cd2e1b3b03e11b05812374c59ac274bc5f35c5d08140f8338b62d4546ed88b8a\nselected_metadata_paths_verified=4\nselected_regular_bytes_verified=2097152\nselected_regular_paths_verified=2\nskipped_untouched_metadata_paths=0\nskipped_untouched_regular_bodies=0\nuncertified_regular_paths_checked=2\nverification_status=fast_iteration_verified\nwitness_paths_declared=0\n"",""step"":1}]}",,,,,,
dedup_cdc_locality,dedup-cdc-overwrite-10,PASS,2.37502691699774,3b4b7771ba61326b08af2ea18bffdc012e5417706fd050c7e03e80bbc32b2d1e,891067915b4152dd42e7510ef374a3d8a8827ead03a597051335c933d0485958,9fbb643cf0d1624995c2fc732ad0f591aae4e06162f70b21117d5a52eae3848e,sha256:42eb806fcfe9db1dc28098eb423340de3e4eaf81fd487389128305e65606d347,verification/dedup_cdc_locality/dedup-cdc-overwrite-10/verification.json,"[""no exhaustive Phase 1 replay""]",[],"{""type"":""sampled-content"",""summary"":""changed data and selected unchanged witnesses; qualified roots"",""details"":[{""kind"":""fast-canonical-verification"",""receipt"":""{\""actual_read_logical_bytes\"": \""11534336\"", \""actual_read_regular_paths\"": \""11\"", \""authenticated_global_inodes\"": \""13\"", \""authenticated_namespace_paths\"": \""13\"", \""canonical_root\"": \""ca247ec8e963bce6ec471addb49e039bb07dcad1ff891f4f539b43934ce9a80e\"", \""certificate_binding\"": \""974fae9d0bdb27e748938b11cf201f329113904755638537eb5166ff75ad87e1\"", \""covered_regular_paths\"": \""0\"", \""extent_assurance\"": \""selected-current-reads-and-certified-unchanged-root-references\"", \""full_canonical_census_performed\"": \""false\"", \""fully_verified\"": \""false\"", \""has_reused_reference\"": \""false\"", \""reference_assurance\"": \""independent_current_content\"", \""reference_native_readback\"": \""false\"", \""reference_root_scope\"": \""none\"", \""scope\"": \""full current namespace/global inode/metadata/aliases; selected changed+witness bytes; unchanged file-state/extent/payload subgraph references certified, those current subgraph bytes not read\"", \""skipped_current_store_logical_bytes\"": \""0\"", \""skipped_current_store_regular_paths\"": \""0\"", \""verification_profile\"": \""fast-verify-v2\"", \""verification_status\"": \""fast_iteration_verified\""}"",""step"":1},{""coverage_sha256"":""e3b0c44298fc1c149afbf4c8996fb92427ae41e4649b934ca495991b7852b855"",""kind"":""fast-native-verification"",""receipt"":""absent_paths_verified=0\ncertificate_binding=974fae9d0bdb27e748938b11cf201f329113904755638537eb5166ff75ad87e1\nchanged_paths_declared=13\ncovered_paths_sha256=e3b0c44298fc1c149afbf4c8996fb92427ae41e4649b934ca495991b7852b855\nfast_witness_profile=native-fast-witness-v2:first-middle-last-seeded-per-namespace-length-depth-class;declared-read-targets\nfully_verified=false\nlogical_bytes=11534336\nnative_namespace_paths_verified=13\nnative_namespace_type_source=DirEntry::file_type;platform-metadata-fallback-permitted;skipped-counts-describe-unperformed-checks-not-syscalls\nnative_namespace_types_verified=13\noracle_identity_encoding=structural-entry-recipes-v1\noracle_scope=independent-delta-and-witnesses;complete-native-namespace;certified-unchanged-content-roots-checked-by-host\nreference_assurance=independent_current_content\nselected_independent_oracle_identity=f0f4074751b2a769b578ee4caf9eeffb576bc8b530e5952f8aef0d70d2dcc584\nselected_metadata_paths_verified=13\nselected_regular_bytes_verified=11534336\nselected_regular_paths_verified=11\nskipped_untouched_metadata_paths=0\nskipped_untouched_regular_bodies=0\nuncertified_regular_paths_checked=11\nverification_status=fast_iteration_verified\nwitness_paths_declared=0\n"",""step"":1}]}",,,,,,
dedup_cdc_locality,dedup-cdc-overwrite-100,PASS,5.372537167000701,3b4b7771ba61326b08af2ea18bffdc012e5417706fd050c7e03e80bbc32b2d1e,891067915b4152dd42e7510ef374a3d8a8827ead03a597051335c933d0485958,c569687c223c8b647df2e38e33ae04a0f33e05dabfbd49740425f4466ec30602,sha256:42eb806fcfe9db1dc28098eb423340de3e4eaf81fd487389128305e65606d347,verification/dedup_cdc_locality/dedup-cdc-overwrite-100/verification.json,"[""no exhaustive Phase 1 replay""]",[],"{""type"":""sampled-content"",""summary"":""changed data and selected unchanged witnesses; qualified roots"",""details"":[{""kind"":""fast-canonical-verification"",""receipt"":""{\""actual_read_logical_bytes\"": \""105906176\"", \""actual_read_regular_paths\"": \""101\"", \""authenticated_global_inodes\"": \""103\"", \""authenticated_namespace_paths\"": \""103\"", \""canonical_root\"": \""30971f47c9f0a2dfa947e5f44d78826b4b92779e6017b395aa73fe24515855d8\"", \""certificate_binding\"": \""ca5990e85a094f05bb5b86367637c35099a178be52f6d9ec8aaa92c49df588d4\"", \""covered_regular_paths\"": \""0\"", \""extent_assurance\"": \""selected-current-reads-and-certified-unchanged-root-references\"", \""full_canonical_census_performed\"": \""false\"", \""fully_verified\"": \""false\"", \""has_reused_reference\"": \""false\"", \""reference_assurance\"": \""independent_current_content\"", \""reference_native_readback\"": \""false\"", \""reference_root_scope\"": \""none\"", \""scope\"": \""full current namespace/global inode/metadata/aliases; selected changed+witness bytes; unchanged file-state/extent/payload subgraph references certified, those current subgraph bytes not read\"", \""skipped_current_store_logical_bytes\"": \""0\"", \""skipped_current_store_regular_paths\"": \""0\"", \""verification_profile\"": \""fast-verify-v2\"", \""verification_status\"": \""fast_iteration_verified\""}"",""step"":1},{""coverage_sha256"":""e3b0c44298fc1c149afbf4c8996fb92427ae41e4649b934ca495991b7852b855"",""kind"":""fast-native-verification"",""receipt"":""absent_paths_verified=0\ncertificate_binding=ca5990e85a094f05bb5b86367637c35099a178be52f6d9ec8aaa92c49df588d4\nchanged_paths_declared=103\ncovered_paths_sha256=e3b0c44298fc1c149afbf4c8996fb92427ae41e4649b934ca495991b7852b855\nfast_witness_profile=native-fast-witness-v2:first-middle-last-seeded-per-namespace-length-depth-class;declared-read-targets\nfully_verified=false\nlogical_bytes=105906176\nnative_namespace_paths_verified=103\nnative_namespace_type_source=DirEntry::file_type;platform-metadata-fallback-permitted;skipped-counts-describe-unperformed-checks-not-syscalls\nnative_namespace_types_verified=103\noracle_identity_encoding=structural-entry-recipes-v1\noracle_scope=independent-delta-and-witnesses;complete-native-namespace;certified-unchanged-content-roots-checked-by-host\nreference_assurance=independent_current_content\nselected_independent_oracle_identity=f1df1a41dc4ef93d11c5c865f73a220e007ed18d7940c83e668bc63ce958946e\nselected_metadata_paths_verified=103\nselected_regular_bytes_verified=105906176\nselected_regular_paths_verified=101\nskipped_untouched_metadata_paths=0\nskipped_untouched_regular_bodies=0\nuncertified_regular_paths_checked=101\nverification_status=fast_iteration_verified\nwitness_paths_declared=0\n"",""step"":1}]}",,,,,,
dedup_cdc_locality,dedup-cdc-overwrite-500,PASS,18.959001625000383,3b4b7771ba61326b08af2ea18bffdc012e5417706fd050c7e03e80bbc32b2d1e,891067915b4152dd42e7510ef374a3d8a8827ead03a597051335c933d0485958,d48fb05327d4c91c94c4039730d6f3dfb6e2c30630a12cdc0a03e713fb603116,sha256:42eb806fcfe9db1dc28098eb423340de3e4eaf81fd487389128305e65606d347,verification/dedup_cdc_locality/dedup-cdc-overwrite-500/verification.json,"[""no exhaustive Phase 1 replay""]",[],"{""type"":""sampled-content"",""summary"":""changed data and selected unchanged witnesses; qualified roots"",""details"":[{""kind"":""fast-canonical-verification"",""receipt"":""{\""actual_read_logical_bytes\"": \""525336576\"", \""actual_read_regular_paths\"": \""501\"", \""authenticated_global_inodes\"": \""503\"", \""authenticated_namespace_paths\"": \""503\"", \""canonical_root\"": \""609aed25068a7b1582b3e14656c239887a15587d5f68b53a65ba34b76bbaa104\"", \""certificate_binding\"": \""c274a95696e98f9da4c9196433ef713dc495dfa9877a3dde39198272c279ee1b\"", \""covered_regular_paths\"": \""0\"", \""extent_assurance\"": \""selected-current-reads-and-certified-unchanged-root-references\"", \""full_canonical_census_performed\"": \""false\"", \""fully_verified\"": \""false\"", \""has_reused_reference\"": \""false\"", \""reference_assurance\"": \""independent_current_content\"", \""reference_native_readback\"": \""false\"", \""reference_root_scope\"": \""none\"", \""scope\"": \""full current namespace/global inode/metadata/aliases; selected changed+witness bytes; unchanged file-state/extent/payload subgraph references certified, those current subgraph bytes not read\"", \""skipped_current_store_logical_bytes\"": \""0\"", \""skipped_current_store_regular_paths\"": \""0\"", \""verification_profile\"": \""fast-verify-v2\"", \""verification_status\"": \""fast_iteration_verified\""}"",""step"":1},{""coverage_sha256"":""e3b0c44298fc1c149afbf4c8996fb92427ae41e4649b934ca495991b7852b855"",""kind"":""fast-native-verification"",""receipt"":""absent_paths_verified=0\ncertificate_binding=c274a95696e98f9da4c9196433ef713dc495dfa9877a3dde39198272c279ee1b\nchanged_paths_declared=503\ncovered_paths_sha256=e3b0c44298fc1c149afbf4c8996fb92427ae41e4649b934ca495991b7852b855\nfast_witness_profile=native-fast-witness-v2:first-middle-last-seeded-per-namespace-length-depth-class;declared-read-targets\nfully_verified=false\nlogical_bytes=525336576\nnative_namespace_paths_verified=503\nnative_namespace_type_source=DirEntry::file_type;platform-metadata-fallback-permitted;skipped-counts-describe-unperformed-checks-not-syscalls\nnative_namespace_types_verified=503\noracle_identity_encoding=structural-entry-recipes-v1\noracle_scope=independent-delta-and-witnesses;complete-native-namespace;certified-unchanged-content-roots-checked-by-host\nreference_assurance=independent_current_content\nselected_independent_oracle_identity=f72feb880b61161aefbacd2db78d63ff6b760510617cfa9b107390b6953cd595\nselected_metadata_paths_verified=503\nselected_regular_bytes_verified=525336576\nselected_regular_paths_verified=501\nskipped_untouched_metadata_paths=0\nskipped_untouched_regular_bodies=0\nuncertified_regular_paths_checked=501\nverification_status=fast_iteration_verified\nwitness_paths_declared=0\n"",""step"":1}]}",,,,,,
dedup_cdc_locality,dedup-cdc-insert-1,PASS,2.052114874997642,3b4b7771ba61326b08af2ea18bffdc012e5417706fd050c7e03e80bbc32b2d1e,891067915b4152dd42e7510ef374a3d8a8827ead03a597051335c933d0485958,03ae317fe0f322f04b0f08489acabdafcd75847148bf53ec14ce02f986d04bb4,sha256:42eb806fcfe9db1dc28098eb423340de3e4eaf81fd487389128305e65606d347,verification/dedup_cdc_locality/dedup-cdc-insert-1/verification.json,"[""no exhaustive Phase 1 replay""]",[],"{""type"":""sampled-content"",""summary"":""changed data and selected unchanged witnesses; qualified roots"",""details"":[{""kind"":""fast-canonical-verification"",""receipt"":""{\""actual_read_logical_bytes\"": \""2101248\"", \""actual_read_regular_paths\"": \""2\"", \""authenticated_global_inodes\"": \""4\"", \""authenticated_namespace_paths\"": \""4\"", \""canonical_root\"": \""1498635cc84f463c517d377af3a43118075be444791f8f7b0bdb462c59f5810c\"", \""certificate_binding\"": \""7663535c7eba07be5f87323a84885df57a65f11c3d481d4845b14a437f82936e\"", \""covered_regular_paths\"": \""0\"", \""extent_assurance\"": \""selected-current-reads-and-certified-unchanged-root-references\"", \""full_canonical_census_performed\"": \""false\"", \""fully_verified\"": \""false\"", \""has_reused_reference\"": \""false\"", \""reference_assurance\"": \""independent_current_content\"", \""reference_native_readback\"": \""false\"", \""reference_root_scope\"": \""none\"", \""scope\"": \""full current namespace/global inode/metadata/aliases; selected changed+witness bytes; unchanged file-state/extent/payload subgraph references certified, those current subgraph bytes not read\"", \""skipped_current_store_logical_bytes\"": \""0\"", \""skipped_current_store_regular_paths\"": \""0\"", \""verification_profile\"": \""fast-verify-v2\"", \""verification_status\"": \""fast_iteration_verified\""}"",""step"":1},{""coverage_sha256"":""e3b0c44298fc1c149afbf4c8996fb92427ae41e4649b934ca495991b7852b855"",""kind"":""fast-native-verification"",""receipt"":""absent_paths_verified=0\ncertificate_binding=7663535c7eba07be5f87323a84885df57a65f11c3d481d4845b14a437f82936e\nchanged_paths_declared=4\ncovered_paths_sha256=e3b0c44298fc1c149afbf4c8996fb92427ae41e4649b934ca495991b7852b855\nfast_witness_profile=native-fast-witness-v2:first-middle-last-seeded-per-namespace-length-depth-class;declared-read-targets\nfully_verified=false\nlogical_bytes=2101248\nnative_namespace_paths_verified=4\nnative_namespace_type_source=DirEntry::file_type;platform-metadata-fallback-permitted;skipped-counts-describe-unperformed-checks-not-syscalls\nnative_namespace_types_verified=4\noracle_identity_encoding=structural-entry-recipes-v1\noracle_scope=independent-delta-and-witnesses;complete-native-namespace;certified-unchanged-content-roots-checked-by-host\nreference_assurance=independent_current_content\nselected_independent_oracle_identity=aec76782603fcc0e28c80f751ab7882dba2aa9c907247b787c5c21db7be55274\nselected_metadata_paths_verified=4\nselected_regular_bytes_verified=2101248\nselected_regular_paths_verified=2\nskipped_untouched_metadata_paths=0\nskipped_untouched_regular_bodies=0\nuncertified_regular_paths_checked=2\nverification_status=fast_iteration_verified\nwitness_paths_declared=0\n"",""step"":1}]}",,,,,,
dedup_cdc_locality,dedup-cdc-insert-10,PASS,2.430975708004553,3b4b7771ba61326b08af2ea18bffdc012e5417706fd050c7e03e80bbc32b2d1e,891067915b4152dd42e7510ef374a3d8a8827ead03a597051335c933d0485958,1d10ba26e303c075af8c19bac7343ff314cebeee386345015b9269fa05764f01,sha256:42eb806fcfe9db1dc28098eb423340de3e4eaf81fd487389128305e65606d347,verification/dedup_cdc_locality/dedup-cdc-insert-10/verification.json,"[""no exhaustive Phase 1 replay""]",[],"{""type"":""sampled-content"",""summary"":""changed data and selected unchanged witnesses; qualified roots"",""details"":[{""kind"":""fast-canonical-verification"",""receipt"":""{\""actual_read_logical_bytes\"": \""11575296\"", \""actual_read_regular_paths\"": \""11\"", \""authenticated_global_inodes\"": \""13\"", \""authenticated_namespace_paths\"": \""13\"", \""canonical_root\"": \""e6d55afbad2ece3bf94850e281042ab7eee6a574bc3c6bbf66a83164cc3a07c9\"", \""certificate_binding\"": \""7a427bdb528f40b9101c5ce919790df6bd5e73f9b595ed1891412ee4f24b1cfe\"", \""covered_regular_paths\"": \""0\"", \""extent_assurance\"": \""selected-current-reads-and-certified-unchanged-root-references\"", \""full_canonical_census_performed\"": \""false\"", \""fully_verified\"": \""false\"", \""has_reused_reference\"": \""false\"", \""reference_assurance\"": \""independent_current_content\"", \""reference_native_readback\"": \""false\"", \""reference_root_scope\"": \""none\"", \""scope\"": \""full current namespace/global inode/metadata/aliases; selected changed+witness bytes; unchanged file-state/extent/payload subgraph references certified, those current subgraph bytes not read\"", \""skipped_current_store_logical_bytes\"": \""0\"", \""skipped_current_store_regular_paths\"": \""0\"", \""verification_profile\"": \""fast-verify-v2\"", \""verification_status\"": \""fast_iteration_verified\""}"",""step"":1},{""coverage_sha256"":""e3b0c44298fc1c149afbf4c8996fb92427ae41e4649b934ca495991b7852b855"",""kind"":""fast-native-verification"",""receipt"":""absent_paths_verified=0\ncertificate_binding=7a427bdb528f40b9101c5ce919790df6bd5e73f9b595ed1891412ee4f24b1cfe\nchanged_paths_declared=13\ncovered_paths_sha256=e3b0c44298fc1c149afbf4c8996fb92427ae41e4649b934ca495991b7852b855\nfast_witness_profile=native-fast-witness-v2:first-middle-last-seeded-per-namespace-length-depth-class;declared-read-targets\nfully_verified=false\nlogical_bytes=11575296\nnative_namespace_paths_verified=13\nnative_namespace_type_source=DirEntry::file_type;platform-metadata-fallback-permitted;skipped-counts-describe-unperformed-checks-not-syscalls\nnative_namespace_types_verified=13\noracle_identity_encoding=structural-entry-recipes-v1\noracle_scope=independent-delta-and-witnesses;complete-native-namespace;certified-unchanged-content-roots-checked-by-host\nreference_assurance=independent_current_content\nselected_independent_oracle_identity=ba69f739b1488921964ba75833f50e395475dd7181ea7be1aab8b2305d7ab070\nselected_metadata_paths_verified=13\nselected_regular_bytes_verified=11575296\nselected_regular_paths_verified=11\nskipped_untouched_metadata_paths=0\nskipped_untouched_regular_bodies=0\nuncertified_regular_paths_checked=11\nverification_status=fast_iteration_verified\nwitness_paths_declared=0\n"",""step"":1}]}",,,,,,
dedup_cdc_locality,dedup-cdc-insert-100,PASS,5.339854457997717,3b4b7771ba61326b08af2ea18bffdc012e5417706fd050c7e03e80bbc32b2d1e,891067915b4152dd42e7510ef374a3d8a8827ead03a597051335c933d0485958,bd2db8221c224ae8090c89abc5f966a1b5eb6b22b008e2e36f8341f4339aba48,sha256:42eb806fcfe9db1dc28098eb423340de3e4eaf81fd487389128305e65606d347,verification/dedup_cdc_locality/dedup-cdc-insert-100/verification.json,"[""no exhaustive Phase 1 replay""]",[],"{""type"":""sampled-content"",""summary"":""changed data and selected unchanged witnesses; qualified roots"",""details"":[{""kind"":""fast-canonical-verification"",""receipt"":""{\""actual_read_logical_bytes\"": \""106315776\"", \""actual_read_regular_paths\"": \""101\"", \""authenticated_global_inodes\"": \""103\"", \""authenticated_namespace_paths\"": \""103\"", \""canonical_root\"": \""6b6708a7ebe7f3648b9d7acdbd6bb523a6ddcc5ed4bd382c853efad7ae4453aa\"", \""certificate_binding\"": \""1a1011b7074a43afc3cb173d999ee97c25942d73fcceba3f6649242fa7602ae4\"", \""covered_regular_paths\"": \""0\"", \""extent_assurance\"": \""selected-current-reads-and-certified-unchanged-root-references\"", \""full_canonical_census_performed\"": \""false\"", \""fully_verified\"": \""false\"", \""has_reused_reference\"": \""false\"", \""reference_assurance\"": \""independent_current_content\"", \""reference_native_readback\"": \""false\"", \""reference_root_scope\"": \""none\"", \""scope\"": \""full current namespace/global inode/metadata/aliases; selected changed+witness bytes; unchanged file-state/extent/payload subgraph references certified, those current subgraph bytes not read\"", \""skipped_current_store_logical_bytes\"": \""0\"", \""skipped_current_store_regular_paths\"": \""0\"", \""verification_profile\"": \""fast-verify-v2\"", \""verification_status\"": \""fast_iteration_verified\""}"",""step"":1},{""coverage_sha256"":""e3b0c44298fc1c149afbf4c8996fb92427ae41e4649b934ca495991b7852b855"",""kind"":""fast-native-verification"",""receipt"":""absent_paths_verified=0\ncertificate_binding=1a1011b7074a43afc3cb173d999ee97c25942d73fcceba3f6649242fa7602ae4\nchanged_paths_declared=103\ncovered_paths_sha256=e3b0c44298fc1c149afbf4c8996fb92427ae41e4649b934ca495991b7852b855\nfast_witness_profile=native-fast-witness-v2:first-middle-last-seeded-per-namespace-length-depth-class;declared-read-targets\nfully_verified=false\nlogical_bytes=106315776\nnative_namespace_paths_verified=103\nnative_namespace_type_source=DirEntry::file_type;platform-metadata-fallback-permitted;skipped-counts-describe-unperformed-checks-not-syscalls\nnative_namespace_types_verified=103\noracle_identity_encoding=structural-entry-recipes-v1\noracle_scope=independent-delta-and-witnesses;complete-native-namespace;certified-unchanged-content-roots-checked-by-host\nreference_assurance=independent_current_content\nselected_independent_oracle_identity=29a967deb6a8b2471b3685cc6d1a5fb7f54032bb11e16d1f1392d0466b417cad\nselected_metadata_paths_verified=103\nselected_regular_bytes_verified=106315776\nselected_regular_paths_verified=101\nskipped_untouched_metadata_paths=0\nskipped_untouched_regular_bodies=0\nuncertified_regular_paths_checked=101\nverification_status=fast_iteration_verified\nwitness_paths_declared=0\n"",""step"":1}]}",,,,,,
dedup_cdc_locality,dedup-cdc-insert-500,PASS,19.363061374999234,3b4b7771ba61326b08af2ea18bffdc012e5417706fd050c7e03e80bbc32b2d1e,891067915b4152dd42e7510ef374a3d8a8827ead03a597051335c933d0485958,1c7205ae2bc2e6a472741786619ccf3652c61e42f0edb59fd470b16cacdff58a,sha256:42eb806fcfe9db1dc28098eb423340de3e4eaf81fd487389128305e65606d347,verification/dedup_cdc_locality/dedup-cdc-insert-500/verification.json,"[""no exhaustive Phase 1 replay""]",[],"{""type"":""sampled-content"",""summary"":""changed data and selected unchanged witnesses; qualified roots"",""details"":[{""kind"":""fast-canonical-verification"",""receipt"":""{\""actual_read_logical_bytes\"": \""527384576\"", \""actual_read_regular_paths\"": \""501\"", \""authenticated_global_inodes\"": \""503\"", \""authenticated_namespace_paths\"": \""503\"", \""canonical_root\"": \""eb731d6fd8b6383773a8dfba89326d515288eaa94bb614fce2123d422d05f322\"", \""certificate_binding\"": \""607f4a48d691b5b90bbdbad6cc1036017c6dad6d6120724ee46ca051b13d1ed5\"", \""covered_regular_paths\"": \""0\"", \""extent_assurance\"": \""selected-current-reads-and-certified-unchanged-root-references\"", \""full_canonical_census_performed\"": \""false\"", \""fully_verified\"": \""false\"", \""has_reused_reference\"": \""false\"", \""reference_assurance\"": \""independent_current_content\"", \""reference_native_readback\"": \""false\"", \""reference_root_scope\"": \""none\"", \""scope\"": \""full current namespace/global inode/metadata/aliases; selected changed+witness bytes; unchanged file-state/extent/payload subgraph references certified, those current subgraph bytes not read\"", \""skipped_current_store_logical_bytes\"": \""0\"", \""skipped_current_store_regular_paths\"": \""0\"", \""verification_profile\"": \""fast-verify-v2\"", \""verification_status\"": \""fast_iteration_verified\""}"",""step"":1},{""coverage_sha256"":""e3b0c44298fc1c149afbf4c8996fb92427ae41e4649b934ca495991b7852b855"",""kind"":""fast-native-verification"",""receipt"":""absent_paths_verified=0\ncertificate_binding=607f4a48d691b5b90bbdbad6cc1036017c6dad6d6120724ee46ca051b13d1ed5\nchanged_paths_declared=503\ncovered_paths_sha256=e3b0c44298fc1c149afbf4c8996fb92427ae41e4649b934ca495991b7852b855\nfast_witness_profile=native-fast-witness-v2:first-middle-last-seeded-per-namespace-length-depth-class;declared-read-targets\nfully_verified=false\nlogical_bytes=527384576\nnative_namespace_paths_verified=503\nnative_namespace_type_source=DirEntry::file_type;platform-metadata-fallback-permitted;skipped-counts-describe-unperformed-checks-not-syscalls\nnative_namespace_types_verified=503\noracle_identity_encoding=structural-entry-recipes-v1\noracle_scope=independent-delta-and-witnesses;complete-native-namespace;certified-unchanged-content-roots-checked-by-host\nreference_assurance=independent_current_content\nselected_independent_oracle_identity=cfdd56882941e547854140dd11b2fc81579584d88c556601b13315e8f5a5fba8\nselected_metadata_paths_verified=503\nselected_regular_bytes_verified=527384576\nselected_regular_paths_verified=501\nskipped_untouched_metadata_paths=0\nskipped_untouched_regular_bodies=0\nuncertified_regular_paths_checked=501\nverification_status=fast_iteration_verified\nwitness_paths_declared=0\n"",""step"":1}]}",,,,,,
dedup_cdc_locality,dedup-cdc-delete-1,PASS,1.9351969169947552,3b4b7771ba61326b08af2ea18bffdc012e5417706fd050c7e03e80bbc32b2d1e,891067915b4152dd42e7510ef374a3d8a8827ead03a597051335c933d0485958,81c7830218a65bee85052245e46912bd264f149cfadf5b25c032fbd1e4be5a30,sha256:42eb806fcfe9db1dc28098eb423340de3e4eaf81fd487389128305e65606d347,verification/dedup_cdc_locality/dedup-cdc-delete-1/verification.json,"[""no exhaustive Phase 1 replay""]",[],"{""type"":""sampled-content"",""summary"":""changed data and selected unchanged witnesses; qualified roots"",""details"":[{""kind"":""fast-canonical-verification"",""receipt"":""{\""actual_read_logical_bytes\"": \""2093056\"", \""actual_read_regular_paths\"": \""2\"", \""authenticated_global_inodes\"": \""4\"", \""authenticated_namespace_paths\"": \""4\"", \""canonical_root\"": \""9c80b9f3253ee65e6493fe8a5582374cdb2f1e3482e4d876e87ba5ab4486038d\"", \""certificate_binding\"": \""bf28eeaa7195d728cea9d0f955cbf60f57ab28b22439cbc767f2129a5cedefa1\"", \""covered_regular_paths\"": \""0\"", \""extent_assurance\"": \""selected-current-reads-and-certified-unchanged-root-references\"", \""full_canonical_census_performed\"": \""false\"", \""fully_verified\"": \""false\"", \""has_reused_reference\"": \""false\"", \""reference_assurance\"": \""independent_current_content\"", \""reference_native_readback\"": \""false\"", \""reference_root_scope\"": \""none\"", \""scope\"": \""full current namespace/global inode/metadata/aliases; selected changed+witness bytes; unchanged file-state/extent/payload subgraph references certified, those current subgraph bytes not read\"", \""skipped_current_store_logical_bytes\"": \""0\"", \""skipped_current_store_regular_paths\"": \""0\"", \""verification_profile\"": \""fast-verify-v2\"", \""verification_status\"": \""fast_iteration_verified\""}"",""step"":1},{""coverage_sha256"":""e3b0c44298fc1c149afbf4c8996fb92427ae41e4649b934ca495991b7852b855"",""kind"":""fast-native-verification"",""receipt"":""absent_paths_verified=0\ncertificate_binding=bf28eeaa7195d728cea9d0f955cbf60f57ab28b22439cbc767f2129a5cedefa1\nchanged_paths_declared=4\ncovered_paths_sha256=e3b0c44298fc1c149afbf4c8996fb92427ae41e4649b934ca495991b7852b855\nfast_witness_profile=native-fast-witness-v2:first-middle-last-seeded-per-namespace-length-depth-class;declared-read-targets\nfully_verified=false\nlogical_bytes=2093056\nnative_namespace_paths_verified=4\nnative_namespace_type_source=DirEntry::file_type;platform-metadata-fallback-permitted;skipped-counts-describe-unperformed-checks-not-syscalls\nnative_namespace_types_verified=4\noracle_identity_encoding=structural-entry-recipes-v1\noracle_scope=independent-delta-and-witnesses;complete-native-namespace;certified-unchanged-content-roots-checked-by-host\nreference_assurance=independent_current_content\nselected_independent_oracle_identity=71fb0fce9584580a4810202526c2f723438b921ef4cc7fe00ad987750787c8f1\nselected_metadata_paths_verified=4\nselected_regular_bytes_verified=2093056\nselected_regular_paths_verified=2\nskipped_untouched_metadata_paths=0\nskipped_untouched_regular_bodies=0\nuncertified_regular_paths_checked=2\nverification_status=fast_iteration_verified\nwitness_paths_declared=0\n"",""step"":1}]}",,,,,,
dedup_cdc_locality,dedup-cdc-delete-10,PASS,2.209537292001187,3b4b7771ba61326b08af2ea18bffdc012e5417706fd050c7e03e80bbc32b2d1e,891067915b4152dd42e7510ef374a3d8a8827ead03a597051335c933d0485958,77017f68f9a17bfd7de1ea9a055f9a9488b06998f246ea67278bb75071961775,sha256:42eb806fcfe9db1dc28098eb423340de3e4eaf81fd487389128305e65606d347,verification/dedup_cdc_locality/dedup-cdc-delete-10/verification.json,"[""no exhaustive Phase 1 replay""]",[],"{""type"":""sampled-content"",""summary"":""changed data and selected unchanged witnesses; qualified roots"",""details"":[{""kind"":""fast-canonical-verification"",""receipt"":""{\""actual_read_logical_bytes\"": \""11493376\"", \""actual_read_regular_paths\"": \""11\"", \""authenticated_global_inodes\"": \""13\"", \""authenticated_namespace_paths\"": \""13\"", \""canonical_root\"": \""943846b8bc689bc6e4cc624eebfa49d8b29a0f534a9411272f76200fe9651762\"", \""certificate_binding\"": \""9abb303f6475f3d065db73493ce79ddffac18503038dfd6757c2cf48890f98e1\"", \""covered_regular_paths\"": \""0\"", \""extent_assurance\"": \""selected-current-reads-and-certified-unchanged-root-references\"", \""full_canonical_census_performed\"": \""false\"", \""fully_verified\"": \""false\"", \""has_reused_reference\"": \""false\"", \""reference_assurance\"": \""independent_current_content\"", \""reference_native_readback\"": \""false\"", \""reference_root_scope\"": \""none\"", \""scope\"": \""full current namespace/global inode/metadata/aliases; selected changed+witness bytes; unchanged file-state/extent/payload subgraph references certified, those current subgraph bytes not read\"", \""skipped_current_store_logical_bytes\"": \""0\"", \""skipped_current_store_regular_paths\"": \""0\"", \""verification_profile\"": \""fast-verify-v2\"", \""verification_status\"": \""fast_iteration_verified\""}"",""step"":1},{""coverage_sha256"":""e3b0c44298fc1c149afbf4c8996fb92427ae41e4649b934ca495991b7852b855"",""kind"":""fast-native-verification"",""receipt"":""absent_paths_verified=0\ncertificate_binding=9abb303f6475f3d065db73493ce79ddffac18503038dfd6757c2cf48890f98e1\nchanged_paths_declared=13\ncovered_paths_sha256=e3b0c44298fc1c149afbf4c8996fb92427ae41e4649b934ca495991b7852b855\nfast_witness_profile=native-fast-witness-v2:first-middle-last-seeded-per-namespace-length-depth-class;declared-read-targets\nfully_verified=false\nlogical_bytes=11493376\nnative_namespace_paths_verified=13\nnative_namespace_type_source=DirEntry::file_type;platform-metadata-fallback-permitted;skipped-counts-describe-unperformed-checks-not-syscalls\nnative_namespace_types_verified=13\noracle_identity_encoding=structural-entry-recipes-v1\noracle_scope=independent-delta-and-witnesses;complete-native-namespace;certified-unchanged-content-roots-checked-by-host\nreference_assurance=independent_current_content\nselected_independent_oracle_identity=7d4827d9d5c85152ae548da074226f5f1b871d969638ebf0f8151a1687ee3b72\nselected_metadata_paths_verified=13\nselected_regular_bytes_verified=11493376\nselected_regular_paths_verified=11\nskipped_untouched_metadata_paths=0\nskipped_untouched_regular_bodies=0\nuncertified_regular_paths_checked=11\nverification_status=fast_iteration_verified\nwitness_paths_declared=0\n"",""step"":1}]}",,,,,,
dedup_cdc_locality,dedup-cdc-delete-100,PASS,5.437095207991661,3b4b7771ba61326b08af2ea18bffdc012e5417706fd050c7e03e80bbc32b2d1e,891067915b4152dd42e7510ef374a3d8a8827ead03a597051335c933d0485958,e4d238c9db6fe5656896ca288e290d6d41ce46734809732ef65adb9c271a907e,sha256:42eb806fcfe9db1dc28098eb423340de3e4eaf81fd487389128305e65606d347,verification/dedup_cdc_locality/dedup-cdc-delete-100/verification.json,"[""no exhaustive Phase 1 replay""]",[],"{""type"":""sampled-content"",""summary"":""changed data and selected unchanged witnesses; qualified roots"",""details"":[{""kind"":""fast-canonical-verification"",""receipt"":""{\""actual_read_logical_bytes\"": \""105496576\"", \""actual_read_regular_paths\"": \""101\"", \""authenticated_global_inodes\"": \""103\"", \""authenticated_namespace_paths\"": \""103\"", \""canonical_root\"": \""7a920f964baf131e9047225e63df09ed2c58d620f2e241430a5322c1a6f3589d\"", \""certificate_binding\"": \""8cf9fd74abc3c7b543719a80d6eac636bbaa4c5d4000c92b7c24277563e50620\"", \""covered_regular_paths\"": \""0\"", \""extent_assurance\"": \""selected-current-reads-and-certified-unchanged-root-references\"", \""full_canonical_census_performed\"": \""false\"", \""fully_verified\"": \""false\"", \""has_reused_reference\"": \""false\"", \""reference_assurance\"": \""independent_current_content\"", \""reference_native_readback\"": \""false\"", \""reference_root_scope\"": \""none\"", \""scope\"": \""full current namespace/global inode/metadata/aliases; selected changed+witness bytes; unchanged file-state/extent/payload subgraph references certified, those current subgraph bytes not read\"", \""skipped_current_store_logical_bytes\"": \""0\"", \""skipped_current_store_regular_paths\"": \""0\"", \""verification_profile\"": \""fast-verify-v2\"", \""verification_status\"": \""fast_iteration_verified\""}"",""step"":1},{""coverage_sha256"":""e3b0c44298fc1c149afbf4c8996fb92427ae41e4649b934ca495991b7852b855"",""kind"":""fast-native-verification"",""receipt"":""absent_paths_verified=0\ncertificate_binding=8cf9fd74abc3c7b543719a80d6eac636bbaa4c5d4000c92b7c24277563e50620\nchanged_paths_declared=103\ncovered_paths_sha256=e3b0c44298fc1c149afbf4c8996fb92427ae41e4649b934ca495991b7852b855\nfast_witness_profile=native-fast-witness-v2:first-middle-last-seeded-per-namespace-length-depth-class;declared-read-targets\nfully_verified=false\nlogical_bytes=105496576\nnative_namespace_paths_verified=103\nnative_namespace_type_source=DirEntry::file_type;platform-metadata-fallback-permitted;skipped-counts-describe-unperformed-checks-not-syscalls\nnative_namespace_types_verified=103\noracle_identity_encoding=structural-entry-recipes-v1\noracle_scope=independent-delta-and-witnesses;complete-native-namespace;certified-unchanged-content-roots-checked-by-host\nreference_assurance=independent_current_content\nselected_independent_oracle_identity=7650c95005603a84910af1389e5a05a8ebb148a61c0fa6d0fd9312bad4d8fd79\nselected_metadata_paths_verified=103\nselected_regular_bytes_verified=105496576\nselected_regular_paths_verified=101\nskipped_untouched_metadata_paths=0\nskipped_untouched_regular_bodies=0\nuncertified_regular_paths_checked=101\nverification_status=fast_iteration_verified\nwitness_paths_declared=0\n"",""step"":1}]}",,,,,,
dedup_cdc_locality,dedup-cdc-delete-500,PASS,20.24868587500532,3b4b7771ba61326b08af2ea18bffdc012e5417706fd050c7e03e80bbc32b2d1e,891067915b4152dd42e7510ef374a3d8a8827ead03a597051335c933d0485958,f74afb3fbc5ec05fc0482cc741e8085948e4a60eda2aae47cdf8036d1fc81b14,sha256:42eb806fcfe9db1dc28098eb423340de3e4eaf81fd487389128305e65606d347,verification/dedup_cdc_locality/dedup-cdc-delete-500/verification.json,"[""no exhaustive Phase 1 replay""]",[],"{""type"":""sampled-content"",""summary"":""changed data and selected unchanged witnesses; qualified roots"",""details"":[{""kind"":""fast-canonical-verification"",""receipt"":""{\""actual_read_logical_bytes\"": \""523288576\"", \""actual_read_regular_paths\"": \""501\"", \""authenticated_global_inodes\"": \""503\"", \""authenticated_namespace_paths\"": \""503\"", \""canonical_root\"": \""aa96d661cddd80f2d244388ccaced86633f4cfff10e37f1b182f0ee0c861fb9a\"", \""certificate_binding\"": \""7ea2414c2aa49ade3f136fe760f18c1704b3addeddbb222745757d035682cde1\"", \""covered_regular_paths\"": \""0\"", \""extent_assurance\"": \""selected-current-reads-and-certified-unchanged-root-references\"", \""full_canonical_census_performed\"": \""false\"", \""fully_verified\"": \""false\"", \""has_reused_reference\"": \""false\"", \""reference_assurance\"": \""independent_current_content\"", \""reference_native_readback\"": \""false\"", \""reference_root_scope\"": \""none\"", \""scope\"": \""full current namespace/global inode/metadata/aliases; selected changed+witness bytes; unchanged file-state/extent/payload subgraph references certified, those current subgraph bytes not read\"", \""skipped_current_store_logical_bytes\"": \""0\"", \""skipped_current_store_regular_paths\"": \""0\"", \""verification_profile\"": \""fast-verify-v2\"", \""verification_status\"": \""fast_iteration_verified\""}"",""step"":1},{""coverage_sha256"":""e3b0c44298fc1c149afbf4c8996fb92427ae41e4649b934ca495991b7852b855"",""kind"":""fast-native-verification"",""receipt"":""absent_paths_verified=0\ncertificate_binding=7ea2414c2aa49ade3f136fe760f18c1704b3addeddbb222745757d035682cde1\nchanged_paths_declared=503\ncovered_paths_sha256=e3b0c44298fc1c149afbf4c8996fb92427ae41e4649b934ca495991b7852b855\nfast_witness_profile=native-fast-witness-v2:first-middle-last-seeded-per-namespace-length-depth-class;declared-read-targets\nfully_verified=false\nlogical_bytes=523288576\nnative_namespace_paths_verified=503\nnative_namespace_type_source=DirEntry::file_type;platform-metadata-fallback-permitted;skipped-counts-describe-unperformed-checks-not-syscalls\nnative_namespace_types_verified=503\noracle_identity_encoding=structural-entry-recipes-v1\noracle_scope=independent-delta-and-witnesses;complete-native-namespace;certified-unchanged-content-roots-checked-by-host\nreference_assurance=independent_current_content\nselected_independent_oracle_identity=c229a35b27ff5213aed375fab96913335a5ce36782cd777a98c83734be95f1bc\nselected_metadata_paths_verified=503\nselected_regular_bytes_verified=523288576\nselected_regular_paths_verified=501\nskipped_untouched_metadata_paths=0\nskipped_untouched_regular_bodies=0\nuncertified_regular_paths_checked=501\nverification_status=fast_iteration_verified\nwitness_paths_declared=0\n"",""step"":1}]}",,,,,,
dedup_cdc_locality,dedup-cdc-common-body-1,PASS,1.9217778329912107,3b4b7771ba61326b08af2ea18bffdc012e5417706fd050c7e03e80bbc32b2d1e,891067915b4152dd42e7510ef374a3d8a8827ead03a597051335c933d0485958,3b4a03ed364c287ca5427374cf266dba5475372bbd795ae99aeadb2ce036f06e,sha256:42eb806fcfe9db1dc28098eb423340de3e4eaf81fd487389128305e65606d347,verification/dedup_cdc_locality/dedup-cdc-common-body-1/verification.json,"[""no exhaustive Phase 1 replay""]",[],"{""type"":""sampled-content"",""summary"":""changed data and selected unchanged witnesses; qualified roots"",""details"":[{""kind"":""fast-canonical-verification"",""receipt"":""{\""actual_read_logical_bytes\"": \""2097152\"", \""actual_read_regular_paths\"": \""2\"", \""authenticated_global_inodes\"": \""4\"", \""authenticated_namespace_paths\"": \""4\"", \""canonical_root\"": \""7c9aae4a9a7b9ab36b5a55299f494a1e9c66b807481cfce3d9275f83275e4dc4\"", \""certificate_binding\"": \""92fc62da088365d7a1291e14d728a6a7e2fe44f67308ccd627dac7ad3cf3b742\"", \""covered_regular_paths\"": \""0\"", \""extent_assurance\"": \""selected-current-reads-and-certified-unchanged-root-references\"", \""full_canonical_census_performed\"": \""false\"", \""fully_verified\"": \""false\"", \""has_reused_reference\"": \""false\"", \""reference_assurance\"": \""independent_current_content\"", \""reference_native_readback\"": \""false\"", \""reference_root_scope\"": \""none\"", \""scope\"": \""full current namespace/global inode/metadata/aliases; selected changed+witness bytes; unchanged file-state/extent/payload subgraph references certified, those current subgraph bytes not read\"", \""skipped_current_store_logical_bytes\"": \""0\"", \""skipped_current_store_regular_paths\"": \""0\"", \""verification_profile\"": \""fast-verify-v2\"", \""verification_status\"": \""fast_iteration_verified\""}"",""step"":1},{""coverage_sha256"":""e3b0c44298fc1c149afbf4c8996fb92427ae41e4649b934ca495991b7852b855"",""kind"":""fast-native-verification"",""receipt"":""absent_paths_verified=0\ncertificate_binding=92fc62da088365d7a1291e14d728a6a7e2fe44f67308ccd627dac7ad3cf3b742\nchanged_paths_declared=4\ncovered_paths_sha256=e3b0c44298fc1c149afbf4c8996fb92427ae41e4649b934ca495991b7852b855\nfast_witness_profile=native-fast-witness-v2:first-middle-last-seeded-per-namespace-length-depth-class;declared-read-targets\nfully_verified=false\nlogical_bytes=2097152\nnative_namespace_paths_verified=4\nnative_namespace_type_source=DirEntry::file_type;platform-metadata-fallback-permitted;skipped-counts-describe-unperformed-checks-not-syscalls\nnative_namespace_types_verified=4\noracle_identity_encoding=structural-entry-recipes-v1\noracle_scope=independent-delta-and-witnesses;complete-native-namespace;certified-unchanged-content-roots-checked-by-host\nreference_assurance=independent_current_content\nselected_independent_oracle_identity=14d057b772fcfb95f6e828f3e77a515dbe9779577a40b27bf52a37c7e64ce720\nselected_metadata_paths_verified=4\nselected_regular_bytes_verified=2097152\nselected_regular_paths_verified=2\nskipped_untouched_metadata_paths=0\nskipped_untouched_regular_bodies=0\nuncertified_regular_paths_checked=2\nverification_status=fast_iteration_verified\nwitness_paths_declared=0\n"",""step"":1}]}",,,,,,
dedup_cdc_locality,dedup-cdc-common-body-10,PASS,2.4165505829878384,3b4b7771ba61326b08af2ea18bffdc012e5417706fd050c7e03e80bbc32b2d1e,891067915b4152dd42e7510ef374a3d8a8827ead03a597051335c933d0485958,89e29cfa5e441507718aad3e01fde39c00f8cbbe3c75f63e1ab661c5e4fe0d2a,sha256:42eb806fcfe9db1dc28098eb423340de3e4eaf81fd487389128305e65606d347,verification/dedup_cdc_locality/dedup-cdc-common-body-10/verification.json,"[""no exhaustive Phase 1 replay""]",[],"{""type"":""sampled-content"",""summary"":""changed data and selected unchanged witnesses; qualified roots"",""details"":[{""kind"":""fast-canonical-verification"",""receipt"":""{\""actual_read_logical_bytes\"": \""11534336\"", \""actual_read_regular_paths\"": \""11\"", \""authenticated_global_inodes\"": \""13\"", \""authenticated_namespace_paths\"": \""13\"", \""canonical_root\"": \""f2e0573d8e6dc6b231250bd317e9c5c07920e872b9e8dd1cfa227a600d0bc12f\"", \""certificate_binding\"": \""8c97015319fd41adb130ca6feb569881ca689fb740fd892c5cf92ea0a3f2c9e0\"", \""covered_regular_paths\"": \""0\"", \""extent_assurance\"": \""selected-current-reads-and-certified-unchanged-root-references\"", \""full_canonical_census_performed\"": \""false\"", \""fully_verified\"": \""false\"", \""has_reused_reference\"": \""false\"", \""reference_assurance\"": \""independent_current_content\"", \""reference_native_readback\"": \""false\"", \""reference_root_scope\"": \""none\"", \""scope\"": \""full current namespace/global inode/metadata/aliases; selected changed+witness bytes; unchanged file-state/extent/payload subgraph references certified, those current subgraph bytes not read\"", \""skipped_current_store_logical_bytes\"": \""0\"", \""skipped_current_store_regular_paths\"": \""0\"", \""verification_profile\"": \""fast-verify-v2\"", \""verification_status\"": \""fast_iteration_verified\""}"",""step"":1},{""coverage_sha256"":""e3b0c44298fc1c149afbf4c8996fb92427ae41e4649b934ca495991b7852b855"",""kind"":""fast-native-verification"",""receipt"":""absent_paths_verified=0\ncertificate_binding=8c97015319fd41adb130ca6feb569881ca689fb740fd892c5cf92ea0a3f2c9e0\nchanged_paths_declared=13\ncovered_paths_sha256=e3b0c44298fc1c149afbf4c8996fb92427ae41e4649b934ca495991b7852b855\nfast_witness_profile=native-fast-witness-v2:first-middle-last-seeded-per-namespace-length-depth-class;declared-read-targets\nfully_verified=false\nlogical_bytes=11534336\nnative_namespace_paths_verified=13\nnative_namespace_type_source=DirEntry::file_type;platform-metadata-fallback-permitted;skipped-counts-describe-unperformed-checks-not-syscalls\nnative_namespace_types_verified=13\noracle_identity_encoding=structural-entry-recipes-v1\noracle_scope=independent-delta-and-witnesses;complete-native-namespace;certified-unchanged-content-roots-checked-by-host\nreference_assurance=independent_current_content\nselected_independent_oracle_identity=9119b4ba5959d3f0ada9e0c03555103ff83c03df170cdbc1b572b0757cfac08a\nselected_metadata_paths_verified=13\nselected_regular_bytes_verified=11534336\nselected_regular_paths_verified=11\nskipped_untouched_metadata_paths=0\nskipped_untouched_regular_bodies=0\nuncertified_regular_paths_checked=11\nverification_status=fast_iteration_verified\nwitness_paths_declared=0\n"",""step"":1}]}",,,,,,
dedup_cdc_locality,dedup-cdc-common-body-100,PASS,5.500373625007342,3b4b7771ba61326b08af2ea18bffdc012e5417706fd050c7e03e80bbc32b2d1e,891067915b4152dd42e7510ef374a3d8a8827ead03a597051335c933d0485958,19cde26dc8cc20b4e273b43e2168c54aac1534a6df74ca6f6dc8311ef7c6caaf,sha256:42eb806fcfe9db1dc28098eb423340de3e4eaf81fd487389128305e65606d347,verification/dedup_cdc_locality/dedup-cdc-common-body-100/verification.json,"[""no exhaustive Phase 1 replay""]",[],"{""type"":""sampled-content"",""summary"":""changed data and selected unchanged witnesses; qualified roots"",""details"":[{""kind"":""fast-canonical-verification"",""receipt"":""{\""actual_read_logical_bytes\"": \""105906176\"", \""actual_read_regular_paths\"": \""101\"", \""authenticated_global_inodes\"": \""103\"", \""authenticated_namespace_paths\"": \""103\"", \""canonical_root\"": \""2c13dab3628cae5b2d9f1d06390f12ac1effb73a3f7c7a630401144bace9c2af\"", \""certificate_binding\"": \""a5269b1a919f7be6aeebda186fc3960a29852f8a42822fc2ecd5c7d88e5e6bb5\"", \""covered_regular_paths\"": \""0\"", \""extent_assurance\"": \""selected-current-reads-and-certified-unchanged-root-references\"", \""full_canonical_census_performed\"": \""false\"", \""fully_verified\"": \""false\"", \""has_reused_reference\"": \""false\"", \""reference_assurance\"": \""independent_current_content\"", \""reference_native_readback\"": \""false\"", \""reference_root_scope\"": \""none\"", \""scope\"": \""full current namespace/global inode/metadata/aliases; selected changed+witness bytes; unchanged file-state/extent/payload subgraph references certified, those current subgraph bytes not read\"", \""skipped_current_store_logical_bytes\"": \""0\"", \""skipped_current_store_regular_paths\"": \""0\"", \""verification_profile\"": \""fast-verify-v2\"", \""verification_status\"": \""fast_iteration_verified\""}"",""step"":1},{""coverage_sha256"":""e3b0c44298fc1c149afbf4c8996fb92427ae41e4649b934ca495991b7852b855"",""kind"":""fast-native-verification"",""receipt"":""absent_paths_verified=0\ncertificate_binding=a5269b1a919f7be6aeebda186fc3960a29852f8a42822fc2ecd5c7d88e5e6bb5\nchanged_paths_declared=103\ncovered_paths_sha256=e3b0c44298fc1c149afbf4c8996fb92427ae41e4649b934ca495991b7852b855\nfast_witness_profile=native-fast-witness-v2:first-middle-last-seeded-per-namespace-length-depth-class;declared-read-targets\nfully_verified=false\nlogical_bytes=105906176\nnative_namespace_paths_verified=103\nnative_namespace_type_source=DirEntry::file_type;platform-metadata-fallback-permitted;skipped-counts-describe-unperformed-checks-not-syscalls\nnative_namespace_types_verified=103\noracle_identity_encoding=structural-entry-recipes-v1\noracle_scope=independent-delta-and-witnesses;complete-native-namespace;certified-unchanged-content-roots-checked-by-host\nreference_assurance=independent_current_content\nselected_independent_oracle_identity=ce27c8f4ff70342863149c19d22381b5534d1cd52ac29c397dfa3fce85f38646\nselected_metadata_paths_verified=103\nselected_regular_bytes_verified=105906176\nselected_regular_paths_verified=101\nskipped_untouched_metadata_paths=0\nskipped_untouched_regular_bodies=0\nuncertified_regular_paths_checked=101\nverification_status=fast_iteration_verified\nwitness_paths_declared=0\n"",""step"":1}]}",,,,,,
dedup_cdc_locality,dedup-cdc-common-body-500,PASS,19.95130241700099,3b4b7771ba61326b08af2ea18bffdc012e5417706fd050c7e03e80bbc32b2d1e,891067915b4152dd42e7510ef374a3d8a8827ead03a597051335c933d0485958,520894ee5998cc398ab9db79d63f700f609d2e49ef80eda5137b606a36483c3f,sha256:42eb806fcfe9db1dc28098eb423340de3e4eaf81fd487389128305e65606d347,verification/dedup_cdc_locality/dedup-cdc-common-body-500/verification.json,"[""no exhaustive Phase 1 replay""]",[],"{""type"":""sampled-content"",""summary"":""changed data and selected unchanged witnesses; qualified roots"",""details"":[{""kind"":""fast-canonical-verification"",""receipt"":""{\""actual_read_logical_bytes\"": \""525336576\"", \""actual_read_regular_paths\"": \""501\"", \""authenticated_global_inodes\"": \""503\"", \""authenticated_namespace_paths\"": \""503\"", \""canonical_root\"": \""0c3dd50abd6f55bb42dd84271995ad5619dcd05f15cb8eba43a5811a96ebf04a\"", \""certificate_binding\"": \""e75069d8376677f234eb360c24a85f24216fae1d61c01f39db34aa8b4fb80be9\"", \""covered_regular_paths\"": \""0\"", \""extent_assurance\"": \""selected-current-reads-and-certified-unchanged-root-references\"", \""full_canonical_census_performed\"": \""false\"", \""fully_verified\"": \""false\"", \""has_reused_reference\"": \""false\"", \""reference_assurance\"": \""independent_current_content\"", \""reference_native_readback\"": \""false\"", \""reference_root_scope\"": \""none\"", \""scope\"": \""full current namespace/global inode/metadata/aliases; selected changed+witness bytes; unchanged file-state/extent/payload subgraph references certified, those current subgraph bytes not read\"", \""skipped_current_store_logical_bytes\"": \""0\"", \""skipped_current_store_regular_paths\"": \""0\"", \""verification_profile\"": \""fast-verify-v2\"", \""verification_status\"": \""fast_iteration_verified\""}"",""step"":1},{""coverage_sha256"":""e3b0c44298fc1c149afbf4c8996fb92427ae41e4649b934ca495991b7852b855"",""kind"":""fast-native-verification"",""receipt"":""absent_paths_verified=0\ncertificate_binding=e75069d8376677f234eb360c24a85f24216fae1d61c01f39db34aa8b4fb80be9\nchanged_paths_declared=503\ncovered_paths_sha256=e3b0c44298fc1c149afbf4c8996fb92427ae41e4649b934ca495991b7852b855\nfast_witness_profile=native-fast-witness-v2:first-middle-last-seeded-per-namespace-length-depth-class;declared-read-targets\nfully_verified=false\nlogical_bytes=525336576\nnative_namespace_paths_verified=503\nnative_namespace_type_source=DirEntry::file_type;platform-metadata-fallback-permitted;skipped-counts-describe-unperformed-checks-not-syscalls\nnative_namespace_types_verified=503\noracle_identity_encoding=structural-entry-recipes-v1\noracle_scope=independent-delta-and-witnesses;complete-native-namespace;certified-unchanged-content-roots-checked-by-host\nreference_assurance=independent_current_content\nselected_independent_oracle_identity=e9d7eea6c4d877018e61a488bf7d5f141102d7b8df797fdefc43c22610bc9620\nselected_metadata_paths_verified=503\nselected_regular_bytes_verified=525336576\nselected_regular_paths_verified=501\nskipped_untouched_metadata_paths=0\nskipped_untouched_regular_bodies=0\nuncertified_regular_paths_checked=501\nverification_status=fast_iteration_verified\nwitness_paths_declared=0\n"",""step"":1}]}",,,,,,
dedup_cdc_locality,dedup-cdc-scattered-1,PASS,2.007998040993698,3b4b7771ba61326b08af2ea18bffdc012e5417706fd050c7e03e80bbc32b2d1e,891067915b4152dd42e7510ef374a3d8a8827ead03a597051335c933d0485958,f63c6a4c2c6a89dc0a7f1af1cb7e4bf9976e884cd675674b8e1d2b7b47bd19a5,sha256:42eb806fcfe9db1dc28098eb423340de3e4eaf81fd487389128305e65606d347,verification/dedup_cdc_locality/dedup-cdc-scattered-1/verification.json,"[""no exhaustive Phase 1 replay""]",[],"{""type"":""sampled-content"",""summary"":""changed data and selected unchanged witnesses; qualified roots"",""details"":[{""kind"":""fast-canonical-verification"",""receipt"":""{\""actual_read_logical_bytes\"": \""2097152\"", \""actual_read_regular_paths\"": \""2\"", \""authenticated_global_inodes\"": \""4\"", \""authenticated_namespace_paths\"": \""4\"", \""canonical_root\"": \""c5ad3754593cf20116a0d59e3193dc3c2fae1ba45a9657262ce9811fbd2f76fe\"", \""certificate_binding\"": \""94fbb44ffcd1e5c4ff5d80a1ab47b3a5d0aa22a4a828d9a0d66c3a695dc0408e\"", \""covered_regular_paths\"": \""0\"", \""extent_assurance\"": \""selected-current-reads-and-certified-unchanged-root-references\"", \""full_canonical_census_performed\"": \""false\"", \""fully_verified\"": \""false\"", \""has_reused_reference\"": \""false\"", \""reference_assurance\"": \""independent_current_content\"", \""reference_native_readback\"": \""false\"", \""reference_root_scope\"": \""none\"", \""scope\"": \""full current namespace/global inode/metadata/aliases; selected changed+witness bytes; unchanged file-state/extent/payload subgraph references certified, those current subgraph bytes not read\"", \""skipped_current_store_logical_bytes\"": \""0\"", \""skipped_current_store_regular_paths\"": \""0\"", \""verification_profile\"": \""fast-verify-v2\"", \""verification_status\"": \""fast_iteration_verified\""}"",""step"":1},{""coverage_sha256"":""e3b0c44298fc1c149afbf4c8996fb92427ae41e4649b934ca495991b7852b855"",""kind"":""fast-native-verification"",""receipt"":""absent_paths_verified=0\ncertificate_binding=94fbb44ffcd1e5c4ff5d80a1ab47b3a5d0aa22a4a828d9a0d66c3a695dc0408e\nchanged_paths_declared=4\ncovered_paths_sha256=e3b0c44298fc1c149afbf4c8996fb92427ae41e4649b934ca495991b7852b855\nfast_witness_profile=native-fast-witness-v2:first-middle-last-seeded-per-namespace-length-depth-class;declared-read-targets\nfully_verified=false\nlogical_bytes=2097152\nnative_namespace_paths_verified=4\nnative_namespace_type_source=DirEntry::file_type;platform-metadata-fallback-permitted;skipped-counts-describe-unperformed-checks-not-syscalls\nnative_namespace_types_verified=4\noracle_identity_encoding=structural-entry-recipes-v1\noracle_scope=independent-delta-and-witnesses;complete-native-namespace;certified-unchanged-content-roots-checked-by-host\nreference_assurance=independent_current_content\nselected_independent_oracle_identity=4c4bd64721b0b84d8ab1792b895e224b42b846042aa4e55912b32b614d732fc6\nselected_metadata_paths_verified=4\nselected_regular_bytes_verified=2097152\nselected_regular_paths_verified=2\nskipped_untouched_metadata_paths=0\nskipped_untouched_regular_bodies=0\nuncertified_regular_paths_checked=2\nverification_status=fast_iteration_verified\nwitness_paths_declared=0\n"",""step"":1}]}",,,,,,
dedup_cdc_locality,dedup-cdc-scattered-10,PASS,2.4047428329940885,3b4b7771ba61326b08af2ea18bffdc012e5417706fd050c7e03e80bbc32b2d1e,891067915b4152dd42e7510ef374a3d8a8827ead03a597051335c933d0485958,b83d6e43171de25722e492f4dd4cec1a1821b281dd13d9e6b12713214131b608,sha256:42eb806fcfe9db1dc28098eb423340de3e4eaf81fd487389128305e65606d347,verification/dedup_cdc_locality/dedup-cdc-scattered-10/verification.json,"[""no exhaustive Phase 1 replay""]",[],"{""type"":""sampled-content"",""summary"":""changed data and selected unchanged witnesses; qualified roots"",""details"":[{""kind"":""fast-canonical-verification"",""receipt"":""{\""actual_read_logical_bytes\"": \""11534336\"", \""actual_read_regular_paths\"": \""11\"", \""authenticated_global_inodes\"": \""13\"", \""authenticated_namespace_paths\"": \""13\"", \""canonical_root\"": \""138f8db4390ba7b5c14faaf8ec2bd23f9dd6bcf9806ed2fe678b9bf0f7856aee\"", \""certificate_binding\"": \""e39519eadf22fc40a5e0aa9ca1c3d566582ea5a65507885690d4cea2c298618f\"", \""covered_regular_paths\"": \""0\"", \""extent_assurance\"": \""selected-current-reads-and-certified-unchanged-root-references\"", \""full_canonical_census_performed\"": \""false\"", \""fully_verified\"": \""false\"", \""has_reused_reference\"": \""false\"", \""reference_assurance\"": \""independent_current_content\"", \""reference_native_readback\"": \""false\"", \""reference_root_scope\"": \""none\"", \""scope\"": \""full current namespace/global inode/metadata/aliases; selected changed+witness bytes; unchanged file-state/extent/payload subgraph references certified, those current subgraph bytes not read\"", \""skipped_current_store_logical_bytes\"": \""0\"", \""skipped_current_store_regular_paths\"": \""0\"", \""verification_profile\"": \""fast-verify-v2\"", \""verification_status\"": \""fast_iteration_verified\""}"",""step"":1},{""coverage_sha256"":""e3b0c44298fc1c149afbf4c8996fb92427ae41e4649b934ca495991b7852b855"",""kind"":""fast-native-verification"",""receipt"":""absent_paths_verified=0\ncertificate_binding=e39519eadf22fc40a5e0aa9ca1c3d566582ea5a65507885690d4cea2c298618f\nchanged_paths_declared=13\ncovered_paths_sha256=e3b0c44298fc1c149afbf4c8996fb92427ae41e4649b934ca495991b7852b855\nfast_witness_profile=native-fast-witness-v2:first-middle-last-seeded-per-namespace-length-depth-class;declared-read-targets\nfully_verified=false\nlogical_bytes=11534336\nnative_namespace_paths_verified=13\nnative_namespace_type_source=DirEntry::file_type;platform-metadata-fallback-permitted;skipped-counts-describe-unperformed-checks-not-syscalls\nnative_namespace_types_verified=13\noracle_identity_encoding=structural-entry-recipes-v1\noracle_scope=independent-delta-and-witnesses;complete-native-namespace;certified-unchanged-content-roots-checked-by-host\nreference_assurance=independent_current_content\nselected_independent_oracle_identity=4f88b512a85bf7b7fae5bd313aa5dfb36466d014c062a9126cf777af0ac59664\nselected_metadata_paths_verified=13\nselected_regular_bytes_verified=11534336\nselected_regular_paths_verified=11\nskipped_untouched_metadata_paths=0\nskipped_untouched_regular_bodies=0\nuncertified_regular_paths_checked=11\nverification_status=fast_iteration_verified\nwitness_paths_declared=0\n"",""step"":1}]}",,,,,,
dedup_cdc_locality,dedup-cdc-scattered-100,PASS,6.215991292003309,3b4b7771ba61326b08af2ea18bffdc012e5417706fd050c7e03e80bbc32b2d1e,891067915b4152dd42e7510ef374a3d8a8827ead03a597051335c933d0485958,657bfff29c1f5d5c3f94166ad65ecf6483a74b4ebab340cc7923638a704d437e,sha256:42eb806fcfe9db1dc28098eb423340de3e4eaf81fd487389128305e65606d347,verification/dedup_cdc_locality/dedup-cdc-scattered-100/verification.json,"[""no exhaustive Phase 1 replay""]",[],"{""type"":""sampled-content"",""summary"":""changed data and selected unchanged witnesses; qualified roots"",""details"":[{""kind"":""fast-canonical-verification"",""receipt"":""{\""actual_read_logical_bytes\"": \""105906176\"", \""actual_read_regular_paths\"": \""101\"", \""authenticated_global_inodes\"": \""103\"", \""authenticated_namespace_paths\"": \""103\"", \""canonical_root\"": \""97b93e8a2d85fd53ddc28c7d5e96927678a932b97d84a8c937ba29b3212a0226\"", \""certificate_binding\"": \""ace655aae2dfaf627b70f9d50626863cbb258a1c50124b3bbe41e8de358a750b\"", \""covered_regular_paths\"": \""0\"", \""extent_assurance\"": \""selected-current-reads-and-certified-unchanged-root-references\"", \""full_canonical_census_performed\"": \""false\"", \""fully_verified\"": \""false\"", \""has_reused_reference\"": \""false\"", \""reference_assurance\"": \""independent_current_content\"", \""reference_native_readback\"": \""false\"", \""reference_root_scope\"": \""none\"", \""scope\"": \""full current namespace/global inode/metadata/aliases; selected changed+witness bytes; unchanged file-state/extent/payload subgraph references certified, those current subgraph bytes not read\"", \""skipped_current_store_logical_bytes\"": \""0\"", \""skipped_current_store_regular_paths\"": \""0\"", \""verification_profile\"": \""fast-verify-v2\"", \""verification_status\"": \""fast_iteration_verified\""}"",""step"":1},{""coverage_sha256"":""e3b0c44298fc1c149afbf4c8996fb92427ae41e4649b934ca495991b7852b855"",""kind"":""fast-native-verification"",""receipt"":""absent_paths_verified=0\ncertificate_binding=ace655aae2dfaf627b70f9d50626863cbb258a1c50124b3bbe41e8de358a750b\nchanged_paths_declared=103\ncovered_paths_sha256=e3b0c44298fc1c149afbf4c8996fb92427ae41e4649b934ca495991b7852b855\nfast_witness_profile=native-fast-witness-v2:first-middle-last-seeded-per-namespace-length-depth-class;declared-read-targets\nfully_verified=false\nlogical_bytes=105906176\nnative_namespace_paths_verified=103\nnative_namespace_type_source=DirEntry::file_type;platform-metadata-fallback-permitted;skipped-counts-describe-unperformed-checks-not-syscalls\nnative_namespace_types_verified=103\noracle_identity_encoding=structural-entry-recipes-v1\noracle_scope=independent-delta-and-witnesses;complete-native-namespace;certified-unchanged-content-roots-checked-by-host\nreference_assurance=independent_current_content\nselected_independent_oracle_identity=371e85bc5e6cdbddb681c0d32fe02d68ed6563c06bdb7069a61c2bd7fee56790\nselected_metadata_paths_verified=103\nselected_regular_bytes_verified=105906176\nselected_regular_paths_verified=101\nskipped_untouched_metadata_paths=0\nskipped_untouched_regular_bodies=0\nuncertified_regular_paths_checked=101\nverification_status=fast_iteration_verified\nwitness_paths_declared=0\n"",""step"":1}]}",,,,,,
dedup_cdc_locality,dedup-cdc-scattered-500,PASS,22.645258749995264,3b4b7771ba61326b08af2ea18bffdc012e5417706fd050c7e03e80bbc32b2d1e,891067915b4152dd42e7510ef374a3d8a8827ead03a597051335c933d0485958,1c5a03a3faaf287143d38110c61245f3ce67069480c906c9cfef360cf2698969,sha256:42eb806fcfe9db1dc28098eb423340de3e4eaf81fd487389128305e65606d347,verification/dedup_cdc_locality/dedup-cdc-scattered-500/verification.json,"[""no exhaustive Phase 1 replay""]",[],"{""type"":""sampled-content"",""summary"":""changed data and selected unchanged witnesses; qualified roots"",""details"":[{""kind"":""fast-canonical-verification"",""receipt"":""{\""actual_read_logical_bytes\"": \""525336576\"", \""actual_read_regular_paths\"": \""501\"", \""authenticated_global_inodes\"": \""503\"", \""authenticated_namespace_paths\"": \""503\"", \""canonical_root\"": \""1d03ce8b430e137d74889b0acfde87d8dd60e30d65ff0df05ed9354826a7287d\"", \""certificate_binding\"": \""6d3ea7843d41a3bc5dca0113f7f650ef713cf84e906d8d4430715210f385f130\"", \""covered_regular_paths\"": \""0\"", \""extent_assurance\"": \""selected-current-reads-and-certified-unchanged-root-references\"", \""full_canonical_census_performed\"": \""false\"", \""fully_verified\"": \""false\"", \""has_reused_reference\"": \""false\"", \""reference_assurance\"": \""independent_current_content\"", \""reference_native_readback\"": \""false\"", \""reference_root_scope\"": \""none\"", \""scope\"": \""full current namespace/global inode/metadata/aliases; selected changed+witness bytes; unchanged file-state/extent/payload subgraph references certified, those current subgraph bytes not read\"", \""skipped_current_store_logical_bytes\"": \""0\"", \""skipped_current_store_regular_paths\"": \""0\"", \""verification_profile\"": \""fast-verify-v2\"", \""verification_status\"": \""fast_iteration_verified\""}"",""step"":1},{""coverage_sha256"":""e3b0c44298fc1c149afbf4c8996fb92427ae41e4649b934ca495991b7852b855"",""kind"":""fast-native-verification"",""receipt"":""absent_paths_verified=0\ncertificate_binding=6d3ea7843d41a3bc5dca0113f7f650ef713cf84e906d8d4430715210f385f130\nchanged_paths_declared=503\ncovered_paths_sha256=e3b0c44298fc1c149afbf4c8996fb92427ae41e4649b934ca495991b7852b855\nfast_witness_profile=native-fast-witness-v2:first-middle-last-seeded-per-namespace-length-depth-class;declared-read-targets\nfully_verified=false\nlogical_bytes=525336576\nnative_namespace_paths_verified=503\nnative_namespace_type_source=DirEntry::file_type;platform-metadata-fallback-permitted;skipped-counts-describe-unperformed-checks-not-syscalls\nnative_namespace_types_verified=503\noracle_identity_encoding=structural-entry-recipes-v1\noracle_scope=independent-delta-and-witnesses;complete-native-namespace;certified-unchanged-content-roots-checked-by-host\nreference_assurance=independent_current_content\nselected_independent_oracle_identity=d50d16723b1d3ca89ba4892fd5a27748d3ea76abb2f7cf4d68bb0565c0ac6567\nselected_metadata_paths_verified=503\nselected_regular_bytes_verified=525336576\nselected_regular_paths_verified=501\nskipped_untouched_metadata_paths=0\nskipped_untouched_regular_bodies=0\nuncertified_regular_paths_checked=501\nverification_status=fast_iteration_verified\nwitness_paths_declared=0\n"",""step"":1}]}",,,,,,
dedup_cdc_locality,dedup-cdc-boundaries-proof,PASS,1.9334315000014612,3b4b7771ba61326b08af2ea18bffdc012e5417706fd050c7e03e80bbc32b2d1e,891067915b4152dd42e7510ef374a3d8a8827ead03a597051335c933d0485958,2234d272d192a65b9d991a1f8afff232344e9ef711e9eb7b031de529f3af3002,sha256:42eb806fcfe9db1dc28098eb423340de3e4eaf81fd487389128305e65606d347,verification/dedup_cdc_locality/dedup-cdc-boundaries-proof/verification.json,"[""no exhaustive Phase 1 replay""]",[],"{""type"":""registered-proof"",""summary"":""registered verification; detailed checks in receipt""}",,,,,,
edit_length_preserving,overwrite-head-4k-on-1mib-ops-1,PASS,1.9889155420096358,3b4b7771ba61326b08af2ea18bffdc012e5417706fd050c7e03e80bbc32b2d1e,891067915b4152dd42e7510ef374a3d8a8827ead03a597051335c933d0485958,557e8186815062444063a33baadf4fefc18547907ab204682c137f0f47807674,sha256:42eb806fcfe9db1dc28098eb423340de3e4eaf81fd487389128305e65606d347,verification/edit_length_preserving/overwrite-head-4k-on-1mib-ops-1/verification.json,"[""no exhaustive Phase 1 replay""]",[],"{""type"":""bounded-content"",""summary"":""bounded bytes; payload.bin [0, 69632)"",""path"":""payload.bin"",""start"":0,""end"":69632,""schema"":""fs-bench-pro-sdk-edit-verification-v1-checkpoint-cold-v2"",""cache_scope"":""cold-before-sdk; post-commit FUSE read"",""profile"":""canonical-roots-and-boundaries-v1"",""omissions"":[""full-file byte replay"",""omitted; canonical inode preservation checked""]}",,,,,,
edit_length_preserving,overwrite-head-4k-on-10mib-ops-1,PASS,2.1149111249978887,3b4b7771ba61326b08af2ea18bffdc012e5417706fd050c7e03e80bbc32b2d1e,891067915b4152dd42e7510ef374a3d8a8827ead03a597051335c933d0485958,652d49227c71d49c6f296ecc6f3f6073cca5e03ef0fa58a047fef93ed7fad29b,sha256:42eb806fcfe9db1dc28098eb423340de3e4eaf81fd487389128305e65606d347,verification/edit_length_preserving/overwrite-head-4k-on-10mib-ops-1/verification.json,"[""no exhaustive Phase 1 replay""]",[],"{""type"":""bounded-content"",""summary"":""bounded bytes; payload.bin [0, 69632)"",""path"":""payload.bin"",""start"":0,""end"":69632,""schema"":""fs-bench-pro-sdk-edit-verification-v1-checkpoint-cold-v2"",""cache_scope"":""cold-before-sdk; post-commit FUSE read"",""profile"":""canonical-roots-and-boundaries-v1"",""omissions"":[""full-file byte replay"",""omitted; canonical inode preservation checked""]}",,,,,,
edit_length_preserving,overwrite-head-4k-on-100mib-ops-1,PASS,3.69077129199286,3b4b7771ba61326b08af2ea18bffdc012e5417706fd050c7e03e80bbc32b2d1e,891067915b4152dd42e7510ef374a3d8a8827ead03a597051335c933d0485958,b3ecba3cdb8511db05f9bcd86fde3eadf291a3af6806fd5923bc85de050b4983,sha256:42eb806fcfe9db1dc28098eb423340de3e4eaf81fd487389128305e65606d347,verification/edit_length_preserving/overwrite-head-4k-on-100mib-ops-1/verification.json,"[""no exhaustive Phase 1 replay""]",[],"{""type"":""bounded-content"",""summary"":""bounded bytes; payload.bin [0, 69632)"",""path"":""payload.bin"",""start"":0,""end"":69632,""schema"":""fs-bench-pro-sdk-edit-verification-v1-checkpoint-cold-v2"",""cache_scope"":""cold-before-sdk; post-commit FUSE read"",""profile"":""canonical-roots-and-boundaries-v1"",""omissions"":[""full-file byte replay"",""omitted; canonical inode preservation checked""]}",,,,,,
edit_length_preserving,overwrite-head-4k-on-500mib-ops-1,PASS,10.313966874993639,3b4b7771ba61326b08af2ea18bffdc012e5417706fd050c7e03e80bbc32b2d1e,891067915b4152dd42e7510ef374a3d8a8827ead03a597051335c933d0485958,532a94eb4d93e54b70d4006017bab4916a4fbbdf5a4a0d1e9a27abd8d0327f9b,sha256:42eb806fcfe9db1dc28098eb423340de3e4eaf81fd487389128305e65606d347,verification/edit_length_preserving/overwrite-head-4k-on-500mib-ops-1/verification.json,"[""no exhaustive Phase 1 replay""]",[],"{""type"":""bounded-content"",""summary"":""bounded bytes; payload.bin [0, 69632)"",""path"":""payload.bin"",""start"":0,""end"":69632,""schema"":""fs-bench-pro-sdk-edit-verification-v1-checkpoint-cold-v2"",""cache_scope"":""cold-before-sdk; post-commit FUSE read"",""profile"":""canonical-roots-and-boundaries-v1"",""omissions"":[""full-file byte replay"",""omitted; canonical inode preservation checked""]}",,,,,,
edit_length_preserving,overwrite-middle-4k-on-1mib-ops-1,PASS,1.921190667009796,3b4b7771ba61326b08af2ea18bffdc012e5417706fd050c7e03e80bbc32b2d1e,891067915b4152dd42e7510ef374a3d8a8827ead03a597051335c933d0485958,32e9756a4e6c07f69e3688fa1dcf3a5b44da19a3cc976888487372fbfb4dbb30,sha256:42eb806fcfe9db1dc28098eb423340de3e4eaf81fd487389128305e65606d347,verification/edit_length_preserving/overwrite-middle-4k-on-1mib-ops-1/verification.json,"[""no exhaustive Phase 1 replay""]",[],"{""type"":""bounded-content"",""summary"":""bounded bytes; payload.bin [456704, 591872)"",""path"":""payload.bin"",""start"":456704,""end"":591872,""schema"":""fs-bench-pro-sdk-edit-verification-v1-checkpoint-cold-v2"",""cache_scope"":""cold-before-sdk; post-commit FUSE read"",""profile"":""canonical-roots-and-boundaries-v1"",""omissions"":[""full-file byte replay"",""omitted; canonical inode preservation checked""]}",,,,,,
edit_length_preserving,overwrite-middle-4k-on-10mib-ops-1,PASS,1.8445099580130773,3b4b7771ba61326b08af2ea18bffdc012e5417706fd050c7e03e80bbc32b2d1e,891067915b4152dd42e7510ef374a3d8a8827ead03a597051335c933d0485958,20f0c535fb3e65f47e03836821cb6c8aa9011913c7de566a68954bded911bb90,sha256:42eb806fcfe9db1dc28098eb423340de3e4eaf81fd487389128305e65606d347,verification/edit_length_preserving/overwrite-middle-4k-on-10mib-ops-1/verification.json,"[""no exhaustive Phase 1 replay""]",[],"{""type"":""bounded-content"",""summary"":""bounded bytes; payload.bin [5175296, 5310464)"",""path"":""payload.bin"",""start"":5175296,""end"":5310464,""schema"":""fs-bench-pro-sdk-edit-verification-v1-checkpoint-cold-v2"",""cache_scope"":""cold-before-sdk; post-commit FUSE read"",""profile"":""canonical-roots-and-boundaries-v1"",""omissions"":[""full-file byte replay"",""omitted; canonical inode preservation checked""]}",,,,,,
edit_length_preserving,overwrite-middle-4k-on-100mib-ops-1,PASS,2.3135864170035347,3b4b7771ba61326b08af2ea18bffdc012e5417706fd050c7e03e80bbc32b2d1e,891067915b4152dd42e7510ef374a3d8a8827ead03a597051335c933d0485958,a913c73da7d2920a9e41d9add3f472fdea118f56661fd77eb4dfe8a2278b6701,sha256:42eb806fcfe9db1dc28098eb423340de3e4eaf81fd487389128305e65606d347,verification/edit_length_preserving/overwrite-middle-4k-on-100mib-ops-1/verification.json,"[""no exhaustive Phase 1 replay""]",[],"{""type"":""bounded-content"",""summary"":""bounded bytes; payload.bin [52361216, 52496384)"",""path"":""payload.bin"",""start"":52361216,""end"":52496384,""schema"":""fs-bench-pro-sdk-edit-verification-v1-checkpoint-cold-v2"",""cache_scope"":""cold-before-sdk; post-commit FUSE read"",""profile"":""canonical-roots-and-boundaries-v1"",""omissions"":[""full-file byte replay"",""omitted; canonical inode preservation checked""]}",,,,,,
edit_length_preserving,overwrite-middle-4k-on-500mib-ops-1,PASS,4.071662040994852,3b4b7771ba61326b08af2ea18bffdc012e5417706fd050c7e03e80bbc32b2d1e,891067915b4152dd42e7510ef374a3d8a8827ead03a597051335c933d0485958,0a344f3a386fe2d3c3c8caa8f52d5b88a9fd97cd203230a943cac4c591a4a73f,sha256:42eb806fcfe9db1dc28098eb423340de3e4eaf81fd487389128305e65606d347,verification/edit_length_preserving/overwrite-middle-4k-on-500mib-ops-1/verification.json,"[""no exhaustive Phase 1 replay""]",[],"{""type"":""bounded-content"",""summary"":""bounded bytes; payload.bin [262076416, 262211584)"",""path"":""payload.bin"",""start"":262076416,""end"":262211584,""schema"":""fs-bench-pro-sdk-edit-verification-v1-checkpoint-cold-v2"",""cache_scope"":""cold-before-sdk; post-commit FUSE read"",""profile"":""canonical-roots-and-boundaries-v1"",""omissions"":[""full-file byte replay"",""omitted; canonical inode preservation checked""]}",,,,,,
edit_length_preserving,overwrite-tail-4k-on-1mib-ops-1,PASS,1.7406364579946967,3b4b7771ba61326b08af2ea18bffdc012e5417706fd050c7e03e80bbc32b2d1e,891067915b4152dd42e7510ef374a3d8a8827ead03a597051335c933d0485958,8ab86cbacdd6c882673853a68eb79063b6e2cde2054cbe3d52cc48d058126906,sha256:42eb806fcfe9db1dc28098eb423340de3e4eaf81fd487389128305e65606d347,verification/edit_length_preserving/overwrite-tail-4k-on-1mib-ops-1/verification.json,"[""no exhaustive Phase 1 replay""]",[],"{""type"":""bounded-content"",""summary"":""bounded bytes; payload.bin [978944, 1048576)"",""path"":""payload.bin"",""start"":978944,""end"":1048576,""schema"":""fs-bench-pro-sdk-edit-verification-v1-checkpoint-cold-v2"",""cache_scope"":""cold-before-sdk; post-commit FUSE read"",""profile"":""canonical-roots-and-boundaries-v1"",""omissions"":[""full-file byte replay"",""omitted; canonical inode preservation checked""]}",,,,,,
edit_length_preserving,overwrite-tail-4k-on-10mib-ops-1,PASS,1.7816687500016997,3b4b7771ba61326b08af2ea18bffdc012e5417706fd050c7e03e80bbc32b2d1e,891067915b4152dd42e7510ef374a3d8a8827ead03a597051335c933d0485958,488bc94303f341de6d3c5552186514eb45f31ab7d1cc94e912ac0ac9f867b2cc,sha256:42eb806fcfe9db1dc28098eb423340de3e4eaf81fd487389128305e65606d347,verification/edit_length_preserving/overwrite-tail-4k-on-10mib-ops-1/verification.json,"[""no exhaustive Phase 1 replay""]",[],"{""type"":""bounded-content"",""summary"":""bounded bytes; payload.bin [10416128, 10485760)"",""path"":""payload.bin"",""start"":10416128,""end"":10485760,""schema"":""fs-bench-pro-sdk-edit-verification-v1-checkpoint-cold-v2"",""cache_scope"":""cold-before-sdk; post-commit FUSE read"",""profile"":""canonical-roots-and-boundaries-v1"",""omissions"":[""full-file byte replay"",""omitted; canonical inode preservation checked""]}",,,,,,
edit_length_preserving,overwrite-tail-4k-on-100mib-ops-1,PASS,2.1760630830103764,3b4b7771ba61326b08af2ea18bffdc012e5417706fd050c7e03e80bbc32b2d1e,891067915b4152dd42e7510ef374a3d8a8827ead03a597051335c933d0485958,627dbf7d6e72670deab5744baa7f53e5df9c9d9a53b73b33b0d26ce42cd3784f,sha256:42eb806fcfe9db1dc28098eb423340de3e4eaf81fd487389128305e65606d347,verification/edit_length_preserving/overwrite-tail-4k-on-100mib-ops-1/verification.json,"[""no exhaustive Phase 1 replay""]",[],"{""type"":""bounded-content"",""summary"":""bounded bytes; payload.bin [104787968, 104857600)"",""path"":""payload.bin"",""start"":104787968,""end"":104857600,""schema"":""fs-bench-pro-sdk-edit-verification-v1-checkpoint-cold-v2"",""cache_scope"":""cold-before-sdk; post-commit FUSE read"",""profile"":""canonical-roots-and-boundaries-v1"",""omissions"":[""full-file byte replay"",""omitted; canonical inode preservation checked""]}",,,,,,
edit_length_preserving,overwrite-tail-4k-on-500mib-ops-1,PASS,3.9704103749973,3b4b7771ba61326b08af2ea18bffdc012e5417706fd050c7e03e80bbc32b2d1e,891067915b4152dd42e7510ef374a3d8a8827ead03a597051335c933d0485958,b028641fb9b8cde095217b70efd00483878fb5d54094c0dcbf72ba500cff7374,sha256:42eb806fcfe9db1dc28098eb423340de3e4eaf81fd487389128305e65606d347,verification/edit_length_preserving/overwrite-tail-4k-on-500mib-ops-1/verification.json,"[""no exhaustive Phase 1 replay""]",[],"{""type"":""bounded-content"",""summary"":""bounded bytes; payload.bin [524218368, 524288000)"",""path"":""payload.bin"",""start"":524218368,""end"":524288000,""schema"":""fs-bench-pro-sdk-edit-verification-v1-checkpoint-cold-v2"",""cache_scope"":""cold-before-sdk; post-commit FUSE read"",""profile"":""canonical-roots-and-boundaries-v1"",""omissions"":[""full-file byte replay"",""omitted; canonical inode preservation checked""]}",,,,,,
edit_length_changing,insert-middle-4k-on-1mib-ops-1,PASS,1.7321632499952102,3b4b7771ba61326b08af2ea18bffdc012e5417706fd050c7e03e80bbc32b2d1e,891067915b4152dd42e7510ef374a3d8a8827ead03a597051335c933d0485958,22da81b7f17e0973a763145d6ca21c92ebbbd028a14248bb1feeebf4dcc47109,sha256:42eb806fcfe9db1dc28098eb423340de3e4eaf81fd487389128305e65606d347,verification/edit_length_changing/insert-middle-4k-on-1mib-ops-1/verification.json,"[""no exhaustive Phase 1 replay""]",[],"{""type"":""bounded-content"",""summary"":""bounded bytes; payload.bin [458752, 593920)"",""path"":""payload.bin"",""start"":458752,""end"":593920,""schema"":""fs-bench-pro-sdk-edit-verification-v1-checkpoint-cold-v2"",""cache_scope"":""cold-before-sdk; post-commit FUSE read"",""profile"":""canonical-roots-and-boundaries-v1"",""omissions"":[""full-file byte replay"",""omitted; canonical inode preservation checked""]}",,,,,,
edit_length_changing,insert-middle-4k-on-10mib-ops-1,PASS,1.784605749999173,3b4b7771ba61326b08af2ea18bffdc012e5417706fd050c7e03e80bbc32b2d1e,891067915b4152dd42e7510ef374a3d8a8827ead03a597051335c933d0485958,94d6d4a75bcc4cbb76e2bed8dc1610a405dc4d77e7093d30f8b7b06fd77c2897,sha256:42eb806fcfe9db1dc28098eb423340de3e4eaf81fd487389128305e65606d347,verification/edit_length_changing/insert-middle-4k-on-10mib-ops-1/verification.json,"[""no exhaustive Phase 1 replay""]",[],"{""type"":""bounded-content"",""summary"":""bounded bytes; payload.bin [5177344, 5312512)"",""path"":""payload.bin"",""start"":5177344,""end"":5312512,""schema"":""fs-bench-pro-sdk-edit-verification-v1-checkpoint-cold-v2"",""cache_scope"":""cold-before-sdk; post-commit FUSE read"",""profile"":""canonical-roots-and-boundaries-v1"",""omissions"":[""full-file byte replay"",""omitted; canonical inode preservation checked""]}",,,,,,
edit_length_changing,insert-middle-4k-on-100mib-ops-1,PASS,2.1116380830062553,3b4b7771ba61326b08af2ea18bffdc012e5417706fd050c7e03e80bbc32b2d1e,891067915b4152dd42e7510ef374a3d8a8827ead03a597051335c933d0485958,22007eee74543e6ca084d54567fc3367d22113fa92e0393592358ada99e42cbd,sha256:42eb806fcfe9db1dc28098eb423340de3e4eaf81fd487389128305e65606d347,verification/edit_length_changing/insert-middle-4k-on-100mib-ops-1/verification.json,"[""no exhaustive Phase 1 replay""]",[],"{""type"":""bounded-content"",""summary"":""bounded bytes; payload.bin [52363264, 52498432)"",""path"":""payload.bin"",""start"":52363264,""end"":52498432,""schema"":""fs-bench-pro-sdk-edit-verification-v1-checkpoint-cold-v2"",""cache_scope"":""cold-before-sdk; post-commit FUSE read"",""profile"":""canonical-roots-and-boundaries-v1"",""omissions"":[""full-file byte replay"",""omitted; canonical inode preservation checked""]}",,,,,,
edit_length_changing,insert-middle-4k-on-500mib-result-capped-v2-ops-1,PASS,10.4973911660054,3b4b7771ba61326b08af2ea18bffdc012e5417706fd050c7e03e80bbc32b2d1e,891067915b4152dd42e7510ef374a3d8a8827ead03a597051335c933d0485958,9be4c77aba73620bbb631915a9651ddf1e932956923d7e783eef71fcc08ad616,sha256:42eb806fcfe9db1dc28098eb423340de3e4eaf81fd487389128305e65606d347,verification/edit_length_changing/insert-middle-4k-on-500mib-result-capped-v2-ops-1/verification.json,"[""no exhaustive Phase 1 replay""]",[],"{""type"":""bounded-content"",""summary"":""bounded bytes; payload.bin [262076416, 262211584)"",""path"":""payload.bin"",""start"":262076416,""end"":262211584,""schema"":""fs-bench-pro-sdk-edit-verification-v1-checkpoint-cold-v2"",""cache_scope"":""cold-before-sdk; post-commit FUSE read"",""profile"":""canonical-roots-and-boundaries-v1"",""omissions"":[""full-file byte replay"",""omitted; canonical inode preservation checked""]}",,,,,,
edit_length_changing,delete-middle-4k-on-1mib-ops-1,PASS,1.769700125005329,3b4b7771ba61326b08af2ea18bffdc012e5417706fd050c7e03e80bbc32b2d1e,891067915b4152dd42e7510ef374a3d8a8827ead03a597051335c933d0485958,2923e4ccca948ce70311209bcfbb4a4407a342ac040d913ad4b39ca198510200,sha256:42eb806fcfe9db1dc28098eb423340de3e4eaf81fd487389128305e65606d347,verification/edit_length_changing/delete-middle-4k-on-1mib-ops-1/verification.json,"[""no exhaustive Phase 1 replay""]",[],"{""type"":""bounded-content"",""summary"":""bounded bytes; payload.bin [456704, 587776)"",""path"":""payload.bin"",""start"":456704,""end"":587776,""schema"":""fs-bench-pro-sdk-edit-verification-v1-checkpoint-cold-v2"",""cache_scope"":""cold-before-sdk; post-commit FUSE read"",""profile"":""canonical-roots-and-boundaries-v1"",""omissions"":[""full-file byte replay"",""omitted; canonical inode preservation checked""]}",,,,,,
edit_length_changing,delete-middle-4k-on-10mib-ops-1,PASS,1.723852374998387,3b4b7771ba61326b08af2ea18bffdc012e5417706fd050c7e03e80bbc32b2d1e,891067915b4152dd42e7510ef374a3d8a8827ead03a597051335c933d0485958,9ac423899aec3877770004f5b678cbd6b010e4fc7c51b85dc113e4d64faabc71,sha256:42eb806fcfe9db1dc28098eb423340de3e4eaf81fd487389128305e65606d347,verification/edit_length_changing/delete-middle-4k-on-10mib-ops-1/verification.json,"[""no exhaustive Phase 1 replay""]",[],"{""type"":""bounded-content"",""summary"":""bounded bytes; payload.bin [5175296, 5306368)"",""path"":""payload.bin"",""start"":5175296,""end"":5306368,""schema"":""fs-bench-pro-sdk-edit-verification-v1-checkpoint-cold-v2"",""cache_scope"":""cold-before-sdk; post-commit FUSE read"",""profile"":""canonical-roots-and-boundaries-v1"",""omissions"":[""full-file byte replay"",""omitted; canonical inode preservation checked""]}",,,,,,
edit_length_changing,delete-middle-4k-on-100mib-ops-1,PASS,2.1740779590036254,3b4b7771ba61326b08af2ea18bffdc012e5417706fd050c7e03e80bbc32b2d1e,891067915b4152dd42e7510ef374a3d8a8827ead03a597051335c933d0485958,862d39862801af30c503a1f645d623a871ae8bcd6c7a1437a5fe440ce2952f11,sha256:42eb806fcfe9db1dc28098eb423340de3e4eaf81fd487389128305e65606d347,verification/edit_length_changing/delete-middle-4k-on-100mib-ops-1/verification.json,"[""no exhaustive Phase 1 replay""]",[],"{""type"":""bounded-content"",""summary"":""bounded bytes; payload.bin [52361216, 52492288)"",""path"":""payload.bin"",""start"":52361216,""end"":52492288,""schema"":""fs-bench-pro-sdk-edit-verification-v1-checkpoint-cold-v2"",""cache_scope"":""cold-before-sdk; post-commit FUSE read"",""profile"":""canonical-roots-and-boundaries-v1"",""omissions"":[""full-file byte replay"",""omitted; canonical inode preservation checked""]}",,,,,,
edit_length_changing,delete-middle-4k-on-500mib-ops-1,PASS,4.050583834003191,3b4b7771ba61326b08af2ea18bffdc012e5417706fd050c7e03e80bbc32b2d1e,891067915b4152dd42e7510ef374a3d8a8827ead03a597051335c933d0485958,7898f84103eaa0b23ec0bbd3298947fbff7f224d602710aeb3707e594e53b75a,sha256:42eb806fcfe9db1dc28098eb423340de3e4eaf81fd487389128305e65606d347,verification/edit_length_changing/delete-middle-4k-on-500mib-ops-1/verification.json,"[""no exhaustive Phase 1 replay""]",[],"{""type"":""bounded-content"",""summary"":""bounded bytes; payload.bin [262076416, 262207488)"",""path"":""payload.bin"",""start"":262076416,""end"":262207488,""schema"":""fs-bench-pro-sdk-edit-verification-v1-checkpoint-cold-v2"",""cache_scope"":""cold-before-sdk; post-commit FUSE read"",""profile"":""canonical-roots-and-boundaries-v1"",""omissions"":[""full-file byte replay"",""omitted; canonical inode preservation checked""]}",,,,,,
edit_length_changing,append-tail-4k-on-1mib-ops-1,PASS,1.6256160420016386,3b4b7771ba61326b08af2ea18bffdc012e5417706fd050c7e03e80bbc32b2d1e,891067915b4152dd42e7510ef374a3d8a8827ead03a597051335c933d0485958,98f9931f6dc080d3b555615a17abfcbc41bd1feb18c3963f738e7e969bb059ab,sha256:42eb806fcfe9db1dc28098eb423340de3e4eaf81fd487389128305e65606d347,verification/edit_length_changing/append-tail-4k-on-1mib-ops-1/verification.json,"[""no exhaustive Phase 1 replay""]",[],"{""type"":""bounded-content"",""summary"":""bounded bytes; payload.bin [983040, 1052672)"",""path"":""payload.bin"",""start"":983040,""end"":1052672,""schema"":""fs-bench-pro-sdk-edit-verification-v1-checkpoint-cold-v2"",""cache_scope"":""cold-before-sdk; post-commit FUSE read"",""profile"":""canonical-roots-and-boundaries-v1"",""omissions"":[""full-file byte replay"",""omitted; canonical inode preservation checked""]}",,,,,,
edit_length_changing,append-tail-4k-on-10mib-ops-1,PASS,1.8584780410019448,3b4b7771ba61326b08af2ea18bffdc012e5417706fd050c7e03e80bbc32b2d1e,891067915b4152dd42e7510ef374a3d8a8827ead03a597051335c933d0485958,0f8023ff9bf455b429e2a68b6299b2da45a98a8032396cce5d5e4e1d9c98f326,sha256:42eb806fcfe9db1dc28098eb423340de3e4eaf81fd487389128305e65606d347,verification/edit_length_changing/append-tail-4k-on-10mib-ops-1/verification.json,"[""no exhaustive Phase 1 replay""]",[],"{""type"":""bounded-content"",""summary"":""bounded bytes; payload.bin [10420224, 10489856)"",""path"":""payload.bin"",""start"":10420224,""end"":10489856,""schema"":""fs-bench-pro-sdk-edit-verification-v1-checkpoint-cold-v2"",""cache_scope"":""cold-before-sdk; post-commit FUSE read"",""profile"":""canonical-roots-and-boundaries-v1"",""omissions"":[""full-file byte replay"",""omitted; canonical inode preservation checked""]}",,,,,,
edit_length_changing,append-tail-4k-on-100mib-ops-1,PASS,2.266644165996695,3b4b7771ba61326b08af2ea18bffdc012e5417706fd050c7e03e80bbc32b2d1e,891067915b4152dd42e7510ef374a3d8a8827ead03a597051335c933d0485958,084fdc92eccb1d6e9dd168781d69982e2a0f0a269f59dea29c9f7f856c871aec,sha256:42eb806fcfe9db1dc28098eb423340de3e4eaf81fd487389128305e65606d347,verification/edit_length_changing/append-tail-4k-on-100mib-ops-1/verification.json,"[""no exhaustive Phase 1 replay""]",[],"{""type"":""bounded-content"",""summary"":""bounded bytes; payload.bin [104792064, 104861696)"",""path"":""payload.bin"",""start"":104792064,""end"":104861696,""schema"":""fs-bench-pro-sdk-edit-verification-v1-checkpoint-cold-v2"",""cache_scope"":""cold-before-sdk; post-commit FUSE read"",""profile"":""canonical-roots-and-boundaries-v1"",""omissions"":[""full-file byte replay"",""omitted; canonical inode preservation checked""]}",,,,,,
edit_length_changing,append-tail-4k-on-500mib-result-capped-v2-ops-1,PASS,4.19201095799508,3b4b7771ba61326b08af2ea18bffdc012e5417706fd050c7e03e80bbc32b2d1e,891067915b4152dd42e7510ef374a3d8a8827ead03a597051335c933d0485958,eda0806cb97c81ccddb6bad132d6b26fda6df2f54d3a7fa5696af14d763ffba9,sha256:42eb806fcfe9db1dc28098eb423340de3e4eaf81fd487389128305e65606d347,verification/edit_length_changing/append-tail-4k-on-500mib-result-capped-v2-ops-1/verification.json,"[""no exhaustive Phase 1 replay""]",[],"{""type"":""bounded-content"",""summary"":""bounded bytes; payload.bin [524218368, 524288000)"",""path"":""payload.bin"",""start"":524218368,""end"":524288000,""schema"":""fs-bench-pro-sdk-edit-verification-v1-checkpoint-cold-v2"",""cache_scope"":""cold-before-sdk; post-commit FUSE read"",""profile"":""canonical-roots-and-boundaries-v1"",""omissions"":[""full-file byte replay"",""omitted; canonical inode preservation checked""]}",,,,,,
edit_length_changing,prepend-head-4k-on-1mib-ops-1,PASS,1.737096000011661,3b4b7771ba61326b08af2ea18bffdc012e5417706fd050c7e03e80bbc32b2d1e,891067915b4152dd42e7510ef374a3d8a8827ead03a597051335c933d0485958,d19c0ea2a9fe12cb8f7dee824ba7aeb4097db0405e190490bae9ae530709ebcb,sha256:42eb806fcfe9db1dc28098eb423340de3e4eaf81fd487389128305e65606d347,verification/edit_length_changing/prepend-head-4k-on-1mib-ops-1/verification.json,"[""no exhaustive Phase 1 replay""]",[],"{""type"":""bounded-content"",""summary"":""bounded bytes; payload.bin [0, 69632)"",""path"":""payload.bin"",""start"":0,""end"":69632,""schema"":""fs-bench-pro-sdk-edit-verification-v1-checkpoint-cold-v2"",""cache_scope"":""cold-before-sdk; post-commit FUSE read"",""profile"":""canonical-roots-and-boundaries-v1"",""omissions"":[""full-file byte replay"",""omitted; canonical inode preservation checked""]}",,,,,,
edit_length_changing,prepend-head-4k-on-10mib-ops-1,PASS,1.8967466659960337,3b4b7771ba61326b08af2ea18bffdc012e5417706fd050c7e03e80bbc32b2d1e,891067915b4152dd42e7510ef374a3d8a8827ead03a597051335c933d0485958,8f155de229cead000cb6e0d1a55c99f9703065af73f5d1b623edc9d7a2be8638,sha256:42eb806fcfe9db1dc28098eb423340de3e4eaf81fd487389128305e65606d347,verification/edit_length_changing/prepend-head-4k-on-10mib-ops-1/verification.json,"[""no exhaustive Phase 1 replay""]",[],"{""type"":""bounded-content"",""summary"":""bounded bytes; payload.bin [0, 69632)"",""path"":""payload.bin"",""start"":0,""end"":69632,""schema"":""fs-bench-pro-sdk-edit-verification-v1-checkpoint-cold-v2"",""cache_scope"":""cold-before-sdk; post-commit FUSE read"",""profile"":""canonical-roots-and-boundaries-v1"",""omissions"":[""full-file byte replay"",""omitted; canonical inode preservation checked""]}",,,,,,
edit_length_changing,prepend-head-4k-on-100mib-ops-1,PASS,2.169129375004559,3b4b7771ba61326b08af2ea18bffdc012e5417706fd050c7e03e80bbc32b2d1e,891067915b4152dd42e7510ef374a3d8a8827ead03a597051335c933d0485958,cf12f83fd0a31c12bc52b82521fe1334e1c9bc8f47c9dc96b6fd8658b1874f2c,sha256:42eb806fcfe9db1dc28098eb423340de3e4eaf81fd487389128305e65606d347,verification/edit_length_changing/prepend-head-4k-on-100mib-ops-1/verification.json,"[""no exhaustive Phase 1 replay""]",[],"{""type"":""bounded-content"",""summary"":""bounded bytes; payload.bin [0, 69632)"",""path"":""payload.bin"",""start"":0,""end"":69632,""schema"":""fs-bench-pro-sdk-edit-verification-v1-checkpoint-cold-v2"",""cache_scope"":""cold-before-sdk; post-commit FUSE read"",""profile"":""canonical-roots-and-boundaries-v1"",""omissions"":[""full-file byte replay"",""omitted; canonical inode preservation checked""]}",,,,,,
edit_length_changing,prepend-head-4k-on-500mib-result-capped-v2-ops-1,PASS,4.167636957994546,3b4b7771ba61326b08af2ea18bffdc012e5417706fd050c7e03e80bbc32b2d1e,891067915b4152dd42e7510ef374a3d8a8827ead03a597051335c933d0485958,9349360dd6387230d3440d4a83d3b4bb59e9303a1d24d8a05f14276d8089621c,sha256:42eb806fcfe9db1dc28098eb423340de3e4eaf81fd487389128305e65606d347,verification/edit_length_changing/prepend-head-4k-on-500mib-result-capped-v2-ops-1/verification.json,"[""no exhaustive Phase 1 replay""]",[],"{""type"":""bounded-content"",""summary"":""bounded bytes; payload.bin [0, 69632)"",""path"":""payload.bin"",""start"":0,""end"":69632,""schema"":""fs-bench-pro-sdk-edit-verification-v1-checkpoint-cold-v2"",""cache_scope"":""cold-before-sdk; post-commit FUSE read"",""profile"":""canonical-roots-and-boundaries-v1"",""omissions"":[""full-file byte replay"",""omitted; canonical inode preservation checked""]}",,,,,,
edit_length_changing,replace-grow-middle-2k-to-4k-on-1mib-ops-1,PASS,1.740251499999431,3b4b7771ba61326b08af2ea18bffdc012e5417706fd050c7e03e80bbc32b2d1e,891067915b4152dd42e7510ef374a3d8a8827ead03a597051335c933d0485958,40067ea4b8f870585f49e1c4155c1b5bfaf50d7dcdecd54348b0a302d610fe47,sha256:42eb806fcfe9db1dc28098eb423340de3e4eaf81fd487389128305e65606d347,verification/edit_length_changing/replace-grow-middle-2k-to-4k-on-1mib-ops-1/verification.json,"[""no exhaustive Phase 1 replay""]",[],"{""type"":""bounded-content"",""summary"":""bounded bytes; payload.bin [457728, 592896)"",""path"":""payload.bin"",""start"":457728,""end"":592896,""schema"":""fs-bench-pro-sdk-edit-verification-v1-checkpoint-cold-v2"",""cache_scope"":""cold-before-sdk; post-commit FUSE read"",""profile"":""canonical-roots-and-boundaries-v1"",""omissions"":[""full-file byte replay"",""omitted; canonical inode preservation checked""]}",,,,,,
edit_length_changing,replace-grow-middle-2k-to-4k-on-10mib-ops-1,PASS,1.8938217499962775,3b4b7771ba61326b08af2ea18bffdc012e5417706fd050c7e03e80bbc32b2d1e,891067915b4152dd42e7510ef374a3d8a8827ead03a597051335c933d0485958,d0ad2a0e7405fa1ade13440125018656b2e737ab1e0ea80352628a05967ca4db,sha256:42eb806fcfe9db1dc28098eb423340de3e4eaf81fd487389128305e65606d347,verification/edit_length_changing/replace-grow-middle-2k-to-4k-on-10mib-ops-1/verification.json,"[""no exhaustive Phase 1 replay""]",[],"{""type"":""bounded-content"",""summary"":""bounded bytes; payload.bin [5176320, 5311488)"",""path"":""payload.bin"",""start"":5176320,""end"":5311488,""schema"":""fs-bench-pro-sdk-edit-verification-v1-checkpoint-cold-v2"",""cache_scope"":""cold-before-sdk; post-commit FUSE read"",""profile"":""canonical-roots-and-boundaries-v1"",""omissions"":[""full-file byte replay"",""omitted; canonical inode preservation checked""]}",,,,,,
edit_length_changing,replace-grow-middle-2k-to-4k-on-100mib-ops-1,PASS,2.1146369999914896,3b4b7771ba61326b08af2ea18bffdc012e5417706fd050c7e03e80bbc32b2d1e,891067915b4152dd42e7510ef374a3d8a8827ead03a597051335c933d0485958,f21feda4751fa75d647c7e02fccb1a3214510fb522cd9b6ab93ca23eb6500ee7,sha256:42eb806fcfe9db1dc28098eb423340de3e4eaf81fd487389128305e65606d347,verification/edit_length_changing/replace-grow-middle-2k-to-4k-on-100mib-ops-1/verification.json,"[""no exhaustive Phase 1 replay""]",[],"{""type"":""bounded-content"",""summary"":""bounded bytes; payload.bin [52362240, 52497408)"",""path"":""payload.bin"",""start"":52362240,""end"":52497408,""schema"":""fs-bench-pro-sdk-edit-verification-v1-checkpoint-cold-v2"",""cache_scope"":""cold-before-sdk; post-commit FUSE read"",""profile"":""canonical-roots-and-boundaries-v1"",""omissions"":[""full-file byte replay"",""omitted; canonical inode preservation checked""]}",,,,,,
edit_length_changing,replace-grow-middle-2k-to-4k-on-500mib-result-capped-v2-ops-1,PASS,9.766164125001524,3b4b7771ba61326b08af2ea18bffdc012e5417706fd050c7e03e80bbc32b2d1e,891067915b4152dd42e7510ef374a3d8a8827ead03a597051335c933d0485958,2537e7f950dfe7ebb19dcaf13f2efe882aa67dd4255b034248c493752b0225c6,sha256:42eb806fcfe9db1dc28098eb423340de3e4eaf81fd487389128305e65606d347,verification/edit_length_changing/replace-grow-middle-2k-to-4k-on-500mib-result-capped-v2-ops-1/verification.json,"[""no exhaustive Phase 1 replay""]",[],"{""type"":""bounded-content"",""summary"":""bounded bytes; payload.bin [262076416, 262211584)"",""path"":""payload.bin"",""start"":262076416,""end"":262211584,""schema"":""fs-bench-pro-sdk-edit-verification-v1-checkpoint-cold-v2"",""cache_scope"":""cold-before-sdk; post-commit FUSE read"",""profile"":""canonical-roots-and-boundaries-v1"",""omissions"":[""full-file byte replay"",""omitted; canonical inode preservation checked""]}",,,,,,
edit_length_changing,replace-shrink-middle-4k-to-2k-on-1mib-ops-1,PASS,1.8521834169951035,3b4b7771ba61326b08af2ea18bffdc012e5417706fd050c7e03e80bbc32b2d1e,891067915b4152dd42e7510ef374a3d8a8827ead03a597051335c933d0485958,5756940bb597998b2f93f6392d919087667be6c3e8900e60d0dd6bf05308465c,sha256:42eb806fcfe9db1dc28098eb423340de3e4eaf81fd487389128305e65606d347,verification/edit_length_changing/replace-shrink-middle-4k-to-2k-on-1mib-ops-1/verification.json,"[""no exhaustive Phase 1 replay""]",[],"{""type"":""bounded-content"",""summary"":""bounded bytes; payload.bin [456704, 589824)"",""path"":""payload.bin"",""start"":456704,""end"":589824,""schema"":""fs-bench-pro-sdk-edit-verification-v1-checkpoint-cold-v2"",""cache_scope"":""cold-before-sdk; post-commit FUSE read"",""profile"":""canonical-roots-and-boundaries-v1"",""omissions"":[""full-file byte replay"",""omitted; canonical inode preservation checked""]}",,,,,,
edit_length_changing,replace-shrink-middle-4k-to-2k-on-10mib-ops-1,PASS,1.9533598339912714,3b4b7771ba61326b08af2ea18bffdc012e5417706fd050c7e03e80bbc32b2d1e,891067915b4152dd42e7510ef374a3d8a8827ead03a597051335c933d0485958,be0011ccb087c120739869ba02208f26ca1fa93f1fd62d2f43f2f33edfb7fd4d,sha256:42eb806fcfe9db1dc28098eb423340de3e4eaf81fd487389128305e65606d347,verification/edit_length_changing/replace-shrink-middle-4k-to-2k-on-10mib-ops-1/verification.json,"[""no exhaustive Phase 1 replay""]",[],"{""type"":""bounded-content"",""summary"":""bounded bytes; payload.bin [5175296, 5308416)"",""path"":""payload.bin"",""start"":5175296,""end"":5308416,""schema"":""fs-bench-pro-sdk-edit-verification-v1-checkpoint-cold-v2"",""cache_scope"":""cold-before-sdk; post-commit FUSE read"",""profile"":""canonical-roots-and-boundaries-v1"",""omissions"":[""full-file byte replay"",""omitted; canonical inode preservation checked""]}",,,,,,
edit_length_changing,replace-shrink-middle-4k-to-2k-on-100mib-ops-1,PASS,2.145099041008507,3b4b7771ba61326b08af2ea18bffdc012e5417706fd050c7e03e80bbc32b2d1e,891067915b4152dd42e7510ef374a3d8a8827ead03a597051335c933d0485958,d9b3dcf813b589a58233ca4e285ad907edf456c8039ab396dfa2f1b0e4c9c6a2,sha256:42eb806fcfe9db1dc28098eb423340de3e4eaf81fd487389128305e65606d347,verification/edit_length_changing/replace-shrink-middle-4k-to-2k-on-100mib-ops-1/verification.json,"[""no exhaustive Phase 1 replay""]",[],"{""type"":""bounded-content"",""summary"":""bounded bytes; payload.bin [52361216, 52494336)"",""path"":""payload.bin"",""start"":52361216,""end"":52494336,""schema"":""fs-bench-pro-sdk-edit-verification-v1-checkpoint-cold-v2"",""cache_scope"":""cold-before-sdk; post-commit FUSE read"",""profile"":""canonical-roots-and-boundaries-v1"",""omissions"":[""full-file byte replay"",""omitted; canonical inode preservation checked""]}",,,,,,
edit_length_changing,replace-shrink-middle-4k-to-2k-on-500mib-ops-1,PASS,4.209020333990338,3b4b7771ba61326b08af2ea18bffdc012e5417706fd050c7e03e80bbc32b2d1e,891067915b4152dd42e7510ef374a3d8a8827ead03a597051335c933d0485958,a4a190d67c82fafdd83d3df34152444dee6b7c0e85e27f1d2079210e794b5274,sha256:42eb806fcfe9db1dc28098eb423340de3e4eaf81fd487389128305e65606d347,verification/edit_length_changing/replace-shrink-middle-4k-to-2k-on-500mib-ops-1/verification.json,"[""no exhaustive Phase 1 replay""]",[],"{""type"":""bounded-content"",""summary"":""bounded bytes; payload.bin [262076416, 262209536)"",""path"":""payload.bin"",""start"":262076416,""end"":262209536,""schema"":""fs-bench-pro-sdk-edit-verification-v1-checkpoint-cold-v2"",""cache_scope"":""cold-before-sdk; post-commit FUSE read"",""profile"":""canonical-roots-and-boundaries-v1"",""omissions"":[""full-file byte replay"",""omitted; canonical inode preservation checked""]}",,,,,,
edit_length_changing,truncate-tail-4k-on-1mib-ops-1,PASS,1.9223084580007708,3b4b7771ba61326b08af2ea18bffdc012e5417706fd050c7e03e80bbc32b2d1e,891067915b4152dd42e7510ef374a3d8a8827ead03a597051335c933d0485958,0c76bc52f65e852fb8cc7213d05f086058e5ce5892d8122254c0f849abdeb3b5,sha256:42eb806fcfe9db1dc28098eb423340de3e4eaf81fd487389128305e65606d347,verification/edit_length_changing/truncate-tail-4k-on-1mib-ops-1/verification.json,"[""no exhaustive Phase 1 replay""]",[],"{""type"":""bounded-content"",""summary"":""bounded bytes; payload.bin [978944, 1044480)"",""path"":""payload.bin"",""start"":978944,""end"":1044480,""schema"":""fs-bench-pro-sdk-edit-verification-v1-checkpoint-cold-v2"",""cache_scope"":""cold-before-sdk; post-commit FUSE read"",""profile"":""canonical-roots-and-boundaries-v1"",""omissions"":[""full-file byte replay"",""omitted; canonical inode preservation checked""]}",,,,,,
edit_length_changing,truncate-tail-4k-on-10mib-ops-1,PASS,1.979087375002564,3b4b7771ba61326b08af2ea18bffdc012e5417706fd050c7e03e80bbc32b2d1e,891067915b4152dd42e7510ef374a3d8a8827ead03a597051335c933d0485958,c6175a0bae618387b5e502a7e07f5fb08a8bfed3e9ff65693b92086617ef5fb3,sha256:42eb806fcfe9db1dc28098eb423340de3e4eaf81fd487389128305e65606d347,verification/edit_length_changing/truncate-tail-4k-on-10mib-ops-1/verification.json,"[""no exhaustive Phase 1 replay""]",[],"{""type"":""bounded-content"",""summary"":""bounded bytes; payload.bin [10416128, 10481664)"",""path"":""payload.bin"",""start"":10416128,""end"":10481664,""schema"":""fs-bench-pro-sdk-edit-verification-v1-checkpoint-cold-v2"",""cache_scope"":""cold-before-sdk; post-commit FUSE read"",""profile"":""canonical-roots-and-boundaries-v1"",""omissions"":[""full-file byte replay"",""omitted; canonical inode preservation checked""]}",,,,,,
edit_length_changing,truncate-tail-4k-on-100mib-ops-1,PASS,2.2716656669945223,3b4b7771ba61326b08af2ea18bffdc012e5417706fd050c7e03e80bbc32b2d1e,891067915b4152dd42e7510ef374a3d8a8827ead03a597051335c933d0485958,2f744d535c747feb254288fd457c30cc725fbfa5c4aa6a187a3ec2aa858159f3,sha256:42eb806fcfe9db1dc28098eb423340de3e4eaf81fd487389128305e65606d347,verification/edit_length_changing/truncate-tail-4k-on-100mib-ops-1/verification.json,"[""no exhaustive Phase 1 replay""]",[],"{""type"":""bounded-content"",""summary"":""bounded bytes; payload.bin [104787968, 104853504)"",""path"":""payload.bin"",""start"":104787968,""end"":104853504,""schema"":""fs-bench-pro-sdk-edit-verification-v1-checkpoint-cold-v2"",""cache_scope"":""cold-before-sdk; post-commit FUSE read"",""profile"":""canonical-roots-and-boundaries-v1"",""omissions"":[""full-file byte replay"",""omitted; canonical inode preservation checked""]}",,,,,,
edit_length_changing,truncate-tail-4k-on-500mib-ops-1,PASS,4.001222499995492,3b4b7771ba61326b08af2ea18bffdc012e5417706fd050c7e03e80bbc32b2d1e,891067915b4152dd42e7510ef374a3d8a8827ead03a597051335c933d0485958,1e3d19dff4a1f3f88e7986376f7652d477fe03900ec5726ac3ddaca399a698e8,sha256:42eb806fcfe9db1dc28098eb423340de3e4eaf81fd487389128305e65606d347,verification/edit_length_changing/truncate-tail-4k-on-500mib-ops-1/verification.json,"[""no exhaustive Phase 1 replay""]",[],"{""type"":""bounded-content"",""summary"":""bounded bytes; payload.bin [524218368, 524283904)"",""path"":""payload.bin"",""start"":524218368,""end"":524283904,""schema"":""fs-bench-pro-sdk-edit-verification-v1-checkpoint-cold-v2"",""cache_scope"":""cold-before-sdk; post-commit FUSE read"",""profile"":""canonical-roots-and-boundaries-v1"",""omissions"":[""full-file byte replay"",""omitted; canonical inode preservation checked""]}",,,,,,
edit_length_changing,zero-extend-tail-4k-on-1mib-ops-1,PASS,1.8705641249980545,3b4b7771ba61326b08af2ea18bffdc012e5417706fd050c7e03e80bbc32b2d1e,891067915b4152dd42e7510ef374a3d8a8827ead03a597051335c933d0485958,e2708a7dbdb5a5c271bffefc9408e8a5b49a5ab4d8c1aaa7da7fe4bc010b754c,sha256:42eb806fcfe9db1dc28098eb423340de3e4eaf81fd487389128305e65606d347,verification/edit_length_changing/zero-extend-tail-4k-on-1mib-ops-1/verification.json,"[""no exhaustive Phase 1 replay""]",[],"{""type"":""bounded-content"",""summary"":""bounded bytes; payload.bin [983040, 1052672)"",""path"":""payload.bin"",""start"":983040,""end"":1052672,""schema"":""fs-bench-pro-sdk-edit-verification-v1-checkpoint-cold-v2"",""cache_scope"":""cold-before-sdk; post-commit FUSE read"",""profile"":""canonical-roots-and-boundaries-v1"",""omissions"":[""full-file byte replay"",""omitted; canonical inode preservation checked""]}",,,,,,
edit_length_changing,zero-extend-tail-4k-on-10mib-ops-1,PASS,1.920857499993872,3b4b7771ba61326b08af2ea18bffdc012e5417706fd050c7e03e80bbc32b2d1e,891067915b4152dd42e7510ef374a3d8a8827ead03a597051335c933d0485958,4ab5319b605d6312c1297c09b272bc2a6b91621d4c48a3ef797843ed25937211,sha256:42eb806fcfe9db1dc28098eb423340de3e4eaf81fd487389128305e65606d347,verification/edit_length_changing/zero-extend-tail-4k-on-10mib-ops-1/verification.json,"[""no exhaustive Phase 1 replay""]",[],"{""type"":""bounded-content"",""summary"":""bounded bytes; payload.bin [10420224, 10489856)"",""path"":""payload.bin"",""start"":10420224,""end"":10489856,""schema"":""fs-bench-pro-sdk-edit-verification-v1-checkpoint-cold-v2"",""cache_scope"":""cold-before-sdk; post-commit FUSE read"",""profile"":""canonical-roots-and-boundaries-v1"",""omissions"":[""full-file byte replay"",""omitted; canonical inode preservation checked""]}",,,,,,
edit_length_changing,zero-extend-tail-4k-on-100mib-ops-1,PASS,2.2463247499981662,3b4b7771ba61326b08af2ea18bffdc012e5417706fd050c7e03e80bbc32b2d1e,891067915b4152dd42e7510ef374a3d8a8827ead03a597051335c933d0485958,17098251596578f69f60f2fbba087686af4a3d464cf7e010086450ca478fa8f1,sha256:42eb806fcfe9db1dc28098eb423340de3e4eaf81fd487389128305e65606d347,verification/edit_length_changing/zero-extend-tail-4k-on-100mib-ops-1/verification.json,"[""no exhaustive Phase 1 replay""]",[],"{""type"":""bounded-content"",""summary"":""bounded bytes; payload.bin [104792064, 104861696)"",""path"":""payload.bin"",""start"":104792064,""end"":104861696,""schema"":""fs-bench-pro-sdk-edit-verification-v1-checkpoint-cold-v2"",""cache_scope"":""cold-before-sdk; post-commit FUSE read"",""profile"":""canonical-roots-and-boundaries-v1"",""omissions"":[""full-file byte replay"",""omitted; canonical inode preservation checked""]}",,,,,,
edit_length_changing,zero-extend-tail-4k-on-500mib-result-capped-v2-ops-1,PASS,3.952335124995443,3b4b7771ba61326b08af2ea18bffdc012e5417706fd050c7e03e80bbc32b2d1e,891067915b4152dd42e7510ef374a3d8a8827ead03a597051335c933d0485958,bbf4106471d36465cd7e24128cdeb3597bd80a2321df54f1db1e59ca0652a093,sha256:42eb806fcfe9db1dc28098eb423340de3e4eaf81fd487389128305e65606d347,verification/edit_length_changing/zero-extend-tail-4k-on-500mib-result-capped-v2-ops-1/verification.json,"[""no exhaustive Phase 1 replay""]",[],"{""type"":""bounded-content"",""summary"":""bounded bytes; payload.bin [524218368, 524288000)"",""path"":""payload.bin"",""start"":524218368,""end"":524288000,""schema"":""fs-bench-pro-sdk-edit-verification-v1-checkpoint-cold-v2"",""cache_scope"":""cold-before-sdk; post-commit FUSE read"",""profile"":""canonical-roots-and-boundaries-v1"",""omissions"":[""full-file byte replay"",""omitted; canonical inode preservation checked""]}",,,,,,
edit_canonical_chunk_count,overwrite-fixed-64k-chunk-count-preserve-on-1mib-ops-1,PASS,1.9333829579991288,3b4b7771ba61326b08af2ea18bffdc012e5417706fd050c7e03e80bbc32b2d1e,891067915b4152dd42e7510ef374a3d8a8827ead03a597051335c933d0485958,02d3ab9d8a7110b7b7378ee4abbc225351d0f97ba36b8e6f9f6d41686695debb,sha256:42eb806fcfe9db1dc28098eb423340de3e4eaf81fd487389128305e65606d347,verification/edit_canonical_chunk_count/overwrite-fixed-64k-chunk-count-preserve-on-1mib-ops-1/verification.json,"[""no exhaustive Phase 1 replay""]",[],"{""type"":""bounded-content"",""summary"":""bounded bytes; payload.bin [81920, 278528)"",""path"":""payload.bin"",""start"":81920,""end"":278528,""schema"":""fs-bench-pro-sdk-edit-verification-v1-checkpoint-cold-v2"",""cache_scope"":""cold-before-sdk; post-commit FUSE read"",""profile"":""canonical-roots-and-boundaries-v1"",""omissions"":[""full-file byte replay"",""omitted; canonical inode preservation checked""]}",,,,,,
edit_canonical_chunk_count,overwrite-fixed-64k-chunk-count-preserve-on-10mib-ops-1,PASS,1.7565126250119647,3b4b7771ba61326b08af2ea18bffdc012e5417706fd050c7e03e80bbc32b2d1e,891067915b4152dd42e7510ef374a3d8a8827ead03a597051335c933d0485958,e2c984a5717870681d24e564f948e45f18f7599c12703b6c9927ca5866f3bb06,sha256:42eb806fcfe9db1dc28098eb423340de3e4eaf81fd487389128305e65606d347,verification/edit_canonical_chunk_count/overwrite-fixed-64k-chunk-count-preserve-on-10mib-ops-1/verification.json,"[""no exhaustive Phase 1 replay""]",[],"{""type"":""bounded-content"",""summary"":""bounded bytes; payload.bin [81920, 278528)"",""path"":""payload.bin"",""start"":81920,""end"":278528,""schema"":""fs-bench-pro-sdk-edit-verification-v1-checkpoint-cold-v2"",""cache_scope"":""cold-before-sdk; post-commit FUSE read"",""profile"":""canonical-roots-and-boundaries-v1"",""omissions"":[""full-file byte replay"",""omitted; canonical inode preservation checked""]}",,,,,,
edit_canonical_chunk_count,overwrite-fixed-64k-chunk-count-preserve-on-100mib-ops-1,PASS,2.1540921660052845,3b4b7771ba61326b08af2ea18bffdc012e5417706fd050c7e03e80bbc32b2d1e,891067915b4152dd42e7510ef374a3d8a8827ead03a597051335c933d0485958,c0f402a566b08fabb07e329f2922be6ffb9d17a5e479bb24e1bebee31c5c3828,sha256:42eb806fcfe9db1dc28098eb423340de3e4eaf81fd487389128305e65606d347,verification/edit_canonical_chunk_count/overwrite-fixed-64k-chunk-count-preserve-on-100mib-ops-1/verification.json,"[""no exhaustive Phase 1 replay""]",[],"{""type"":""bounded-content"",""summary"":""bounded bytes; payload.bin [81920, 278528)"",""path"":""payload.bin"",""start"":81920,""end"":278528,""schema"":""fs-bench-pro-sdk-edit-verification-v1-checkpoint-cold-v2"",""cache_scope"":""cold-before-sdk; post-commit FUSE read"",""profile"":""canonical-roots-and-boundaries-v1"",""omissions"":[""full-file byte replay"",""omitted; canonical inode preservation checked""]}",,,,,,
edit_canonical_chunk_count,overwrite-fixed-64k-chunk-count-preserve-on-500mib-ops-1,PASS,4.029381750005996,3b4b7771ba61326b08af2ea18bffdc012e5417706fd050c7e03e80bbc32b2d1e,891067915b4152dd42e7510ef374a3d8a8827ead03a597051335c933d0485958,03509abe5c886cebce1b5c7edf20b9ba68e8c79ffb306ca42c58809e42137cd2,sha256:42eb806fcfe9db1dc28098eb423340de3e4eaf81fd487389128305e65606d347,verification/edit_canonical_chunk_count/overwrite-fixed-64k-chunk-count-preserve-on-500mib-ops-1/verification.json,"[""no exhaustive Phase 1 replay""]",[],"{""type"":""bounded-content"",""summary"":""bounded bytes; payload.bin [81920, 278528)"",""path"":""payload.bin"",""start"":81920,""end"":278528,""schema"":""fs-bench-pro-sdk-edit-verification-v1-checkpoint-cold-v2"",""cache_scope"":""cold-before-sdk; post-commit FUSE read"",""profile"":""canonical-roots-and-boundaries-v1"",""omissions"":[""full-file byte replay"",""omitted; canonical inode preservation checked""]}",,,,,,
edit_canonical_chunk_count,overwrite-fixed-64k-chunk-count-increase-on-1mib-ops-1,PASS,1.735956457996508,3b4b7771ba61326b08af2ea18bffdc012e5417706fd050c7e03e80bbc32b2d1e,891067915b4152dd42e7510ef374a3d8a8827ead03a597051335c933d0485958,6fdd87374d9e6365ea15117a929f8bad1702674a294096c5fd604f53b07e1c06,sha256:42eb806fcfe9db1dc28098eb423340de3e4eaf81fd487389128305e65606d347,verification/edit_canonical_chunk_count/overwrite-fixed-64k-chunk-count-increase-on-1mib-ops-1/verification.json,"[""no exhaustive Phase 1 replay""]",[],"{""type"":""bounded-content"",""summary"":""bounded bytes; payload.bin [81920, 278528)"",""path"":""payload.bin"",""start"":81920,""end"":278528,""schema"":""fs-bench-pro-sdk-edit-verification-v1-checkpoint-cold-v2"",""cache_scope"":""cold-before-sdk; post-commit FUSE read"",""profile"":""canonical-roots-and-boundaries-v1"",""omissions"":[""full-file byte replay"",""omitted; canonical inode preservation checked""]}",,,,,,
edit_canonical_chunk_count,overwrite-fixed-64k-chunk-count-increase-on-10mib-ops-1,PASS,1.941958750001504,3b4b7771ba61326b08af2ea18bffdc012e5417706fd050c7e03e80bbc32b2d1e,891067915b4152dd42e7510ef374a3d8a8827ead03a597051335c933d0485958,c54dff84f020082eed25b60eaa9585b43aad682d76cf787e5eeaa7b5636df002,sha256:42eb806fcfe9db1dc28098eb423340de3e4eaf81fd487389128305e65606d347,verification/edit_canonical_chunk_count/overwrite-fixed-64k-chunk-count-increase-on-10mib-ops-1/verification.json,"[""no exhaustive Phase 1 replay""]",[],"{""type"":""bounded-content"",""summary"":""bounded bytes; payload.bin [81920, 278528)"",""path"":""payload.bin"",""start"":81920,""end"":278528,""schema"":""fs-bench-pro-sdk-edit-verification-v1-checkpoint-cold-v2"",""cache_scope"":""cold-before-sdk; post-commit FUSE read"",""profile"":""canonical-roots-and-boundaries-v1"",""omissions"":[""full-file byte replay"",""omitted; canonical inode preservation checked""]}",,,,,,
edit_canonical_chunk_count,overwrite-fixed-64k-chunk-count-increase-on-100mib-ops-1,PASS,2.2458325839979807,3b4b7771ba61326b08af2ea18bffdc012e5417706fd050c7e03e80bbc32b2d1e,891067915b4152dd42e7510ef374a3d8a8827ead03a597051335c933d0485958,85fba243ed4c551c15d8411cf48c0947ac28938c1e2ed83b062658db30bb7d58,sha256:42eb806fcfe9db1dc28098eb423340de3e4eaf81fd487389128305e65606d347,verification/edit_canonical_chunk_count/overwrite-fixed-64k-chunk-count-increase-on-100mib-ops-1/verification.json,"[""no exhaustive Phase 1 replay""]",[],"{""type"":""bounded-content"",""summary"":""bounded bytes; payload.bin [81920, 278528)"",""path"":""payload.bin"",""start"":81920,""end"":278528,""schema"":""fs-bench-pro-sdk-edit-verification-v1-checkpoint-cold-v2"",""cache_scope"":""cold-before-sdk; post-commit FUSE read"",""profile"":""canonical-roots-and-boundaries-v1"",""omissions"":[""full-file byte replay"",""omitted; canonical inode preservation checked""]}",,,,,,
edit_canonical_chunk_count,overwrite-fixed-64k-chunk-count-increase-on-500mib-ops-1,PASS,4.076577375002671,3b4b7771ba61326b08af2ea18bffdc012e5417706fd050c7e03e80bbc32b2d1e,891067915b4152dd42e7510ef374a3d8a8827ead03a597051335c933d0485958,e5ab8ddfc7510b41f658a99537139ef2d001ef5c8d95b47de511e80f5caed177,sha256:42eb806fcfe9db1dc28098eb423340de3e4eaf81fd487389128305e65606d347,verification/edit_canonical_chunk_count/overwrite-fixed-64k-chunk-count-increase-on-500mib-ops-1/verification.json,"[""no exhaustive Phase 1 replay""]",[],"{""type"":""bounded-content"",""summary"":""bounded bytes; payload.bin [81920, 278528)"",""path"":""payload.bin"",""start"":81920,""end"":278528,""schema"":""fs-bench-pro-sdk-edit-verification-v1-checkpoint-cold-v2"",""cache_scope"":""cold-before-sdk; post-commit FUSE read"",""profile"":""canonical-roots-and-boundaries-v1"",""omissions"":[""full-file byte replay"",""omitted; canonical inode preservation checked""]}",,,,,,
edit_canonical_chunk_count,overwrite-fixed-64k-chunk-count-decrease-on-1mib-ops-1,PASS,1.7376706670038402,3b4b7771ba61326b08af2ea18bffdc012e5417706fd050c7e03e80bbc32b2d1e,891067915b4152dd42e7510ef374a3d8a8827ead03a597051335c933d0485958,f3dfb783a587dcf7fb04b573817668c49e4c800278641dac7389d322d35b9eb8,sha256:42eb806fcfe9db1dc28098eb423340de3e4eaf81fd487389128305e65606d347,verification/edit_canonical_chunk_count/overwrite-fixed-64k-chunk-count-decrease-on-1mib-ops-1/verification.json,"[""no exhaustive Phase 1 replay""]",[],"{""type"":""bounded-content"",""summary"":""bounded bytes; payload.bin [81920, 278528)"",""path"":""payload.bin"",""start"":81920,""end"":278528,""schema"":""fs-bench-pro-sdk-edit-verification-v1-checkpoint-cold-v2"",""cache_scope"":""cold-before-sdk; post-commit FUSE read"",""profile"":""canonical-roots-and-boundaries-v1"",""omissions"":[""full-file byte replay"",""omitted; canonical inode preservation checked""]}",,,,,,
edit_canonical_chunk_count,overwrite-fixed-64k-chunk-count-decrease-on-10mib-ops-1,PASS,1.9473004590108758,3b4b7771ba61326b08af2ea18bffdc012e5417706fd050c7e03e80bbc32b2d1e,891067915b4152dd42e7510ef374a3d8a8827ead03a597051335c933d0485958,3b378ffa9e387f38c767d00239bb055e8268c0d16b1d0b25d27e9db811576b01,sha256:42eb806fcfe9db1dc28098eb423340de3e4eaf81fd487389128305e65606d347,verification/edit_canonical_chunk_count/overwrite-fixed-64k-chunk-count-decrease-on-10mib-ops-1/verification.json,"[""no exhaustive Phase 1 replay""]",[],"{""type"":""bounded-content"",""summary"":""bounded bytes; payload.bin [81920, 278528)"",""path"":""payload.bin"",""start"":81920,""end"":278528,""schema"":""fs-bench-pro-sdk-edit-verification-v1-checkpoint-cold-v2"",""cache_scope"":""cold-before-sdk; post-commit FUSE read"",""profile"":""canonical-roots-and-boundaries-v1"",""omissions"":[""full-file byte replay"",""omitted; canonical inode preservation checked""]}",,,,,,
edit_canonical_chunk_count,overwrite-fixed-64k-chunk-count-decrease-on-100mib-ops-1,PASS,2.1870470419962658,3b4b7771ba61326b08af2ea18bffdc012e5417706fd050c7e03e80bbc32b2d1e,891067915b4152dd42e7510ef374a3d8a8827ead03a597051335c933d0485958,1ab667cdaba56f6244fed49f55fb2a8cff303f0f0a099cc7f05040f566644a9e,sha256:42eb806fcfe9db1dc28098eb423340de3e4eaf81fd487389128305e65606d347,verification/edit_canonical_chunk_count/overwrite-fixed-64k-chunk-count-decrease-on-100mib-ops-1/verification.json,"[""no exhaustive Phase 1 replay""]",[],"{""type"":""bounded-content"",""summary"":""bounded bytes; payload.bin [81920, 278528)"",""path"":""payload.bin"",""start"":81920,""end"":278528,""schema"":""fs-bench-pro-sdk-edit-verification-v1-checkpoint-cold-v2"",""cache_scope"":""cold-before-sdk; post-commit FUSE read"",""profile"":""canonical-roots-and-boundaries-v1"",""omissions"":[""full-file byte replay"",""omitted; canonical inode preservation checked""]}",,,,,,
edit_canonical_chunk_count,overwrite-fixed-64k-chunk-count-decrease-on-500mib-ops-1,PASS,4.135455041003297,3b4b7771ba61326b08af2ea18bffdc012e5417706fd050c7e03e80bbc32b2d1e,891067915b4152dd42e7510ef374a3d8a8827ead03a597051335c933d0485958,1d89947ddb3756902bda4d2636bd8a724d3f7b58c2ace3d9fcf3fe12d7b27f10,sha256:42eb806fcfe9db1dc28098eb423340de3e4eaf81fd487389128305e65606d347,verification/edit_canonical_chunk_count/overwrite-fixed-64k-chunk-count-decrease-on-500mib-ops-1/verification.json,"[""no exhaustive Phase 1 replay""]",[],"{""type"":""bounded-content"",""summary"":""bounded bytes; payload.bin [81920, 278528)"",""path"":""payload.bin"",""start"":81920,""end"":278528,""schema"":""fs-bench-pro-sdk-edit-verification-v1-checkpoint-cold-v2"",""cache_scope"":""cold-before-sdk; post-commit FUSE read"",""profile"":""canonical-roots-and-boundaries-v1"",""omissions"":[""full-file byte replay"",""omitted; canonical inode preservation checked""]}",,,,,,
init_namespace,namespace-100-compact-v3,PASS,2.015213207996567,3b4b7771ba61326b08af2ea18bffdc012e5417706fd050c7e03e80bbc32b2d1e,891067915b4152dd42e7510ef374a3d8a8827ead03a597051335c933d0485958,7efdb188fb1e1f09fc92ab81241f75490710191c6906b79ec1b4416c92aa9d11,sha256:42eb806fcfe9db1dc28098eb423340de3e4eaf81fd487389128305e65606d347,verification/init_namespace/namespace-100-compact-v3/verification.json,"[""no exhaustive Phase 1 replay""]",[],"{""type"":""registered-proof"",""summary"":""registered verification; detailed checks in receipt""}",,,,,,
init_namespace,namespace-1000-compact-v3,PASS,2.3026790829899255,3b4b7771ba61326b08af2ea18bffdc012e5417706fd050c7e03e80bbc32b2d1e,891067915b4152dd42e7510ef374a3d8a8827ead03a597051335c933d0485958,81b2f78e434743c2effdbdb4d8966a48dcdef5e4ed568e52f567a3203773c027,sha256:42eb806fcfe9db1dc28098eb423340de3e4eaf81fd487389128305e65606d347,verification/init_namespace/namespace-1000-compact-v3/verification.json,"[""no exhaustive Phase 1 replay""]",[],"{""type"":""registered-proof"",""summary"":""registered verification; detailed checks in receipt""}",,,,,,
init_namespace,namespace-10000,PASS,6.950492541989661,3b4b7771ba61326b08af2ea18bffdc012e5417706fd050c7e03e80bbc32b2d1e,891067915b4152dd42e7510ef374a3d8a8827ead03a597051335c933d0485958,8fc449b332250669cc0f828ed976348e9919b1e1cb8abf3469dba830c6b0082a,sha256:42eb806fcfe9db1dc28098eb423340de3e4eaf81fd487389128305e65606d347,verification/init_namespace/namespace-10000/verification.json,"[""no exhaustive Phase 1 replay""]",[],"{""type"":""registered-proof"",""summary"":""registered verification; detailed checks in receipt""}",,,,,,
init_namespace,namespace-100000,PASS,6.930421791999834,3b4b7771ba61326b08af2ea18bffdc012e5417706fd050c7e03e80bbc32b2d1e,891067915b4152dd42e7510ef374a3d8a8827ead03a597051335c933d0485958,01fbbaf6bd9b30d90cbf122cf0e0f576e7e3166b667bed34c90e3f593a244ebd,sha256:42eb806fcfe9db1dc28098eb423340de3e4eaf81fd487389128305e65606d347,verification/init_namespace/namespace-100000/verification.json,"[""no exhaustive Phase 1 replay""]",[],"{""type"":""registered-proof"",""summary"":""registered verification; detailed checks in receipt""}",,PASS,29901915542,6.930421791999834,36.83233733399983,INELIGIBLE: preparation scheduled separately; no historical verifier-wall speedup claim
store_footprint,store-footprint-unique-100000,PASS,7.155711375002284,3b4b7771ba61326b08af2ea18bffdc012e5417706fd050c7e03e80bbc32b2d1e,891067915b4152dd42e7510ef374a3d8a8827ead03a597051335c933d0485958,3678ace5308ebe9938fa7287c7d151cf6e86c0270d59552e73336c787d35da72,sha256:42eb806fcfe9db1dc28098eb423340de3e4eaf81fd487389128305e65606d347,verification/store_footprint/store-footprint-unique-100000/verification.json,"[""no exhaustive Phase 1 replay""]",[],"{""type"":""bounded-content"",""summary"":""bounded bytes; d0000/f000000 [0, 1468)"",""path"":""d0000/f000000"",""start"":0,""end"":1468,""schema"":null,""cache_scope"":null,""profile"":""storage-accounting-reopen-and-edit-boundary-v1"",""omissions"":[""full-file byte replay""]}",,PASS,28744214125,7.155711375002284,35.89992550000228,INELIGIBLE: preparation scheduled separately; no historical verifier-wall speedup claim
store_footprint,store-footprint-metadata-cardinality-100000,PASS,11.056133375008358,3b4b7771ba61326b08af2ea18bffdc012e5417706fd050c7e03e80bbc32b2d1e,891067915b4152dd42e7510ef374a3d8a8827ead03a597051335c933d0485958,28449244c7794fb5f336451685f470a4b6933c4d5165912a84f47f010a4551f7,sha256:42eb806fcfe9db1dc28098eb423340de3e4eaf81fd487389128305e65606d347,verification/store_footprint/store-footprint-metadata-cardinality-100000/verification.json,"[""no exhaustive Phase 1 replay""]",[],"{""type"":""bounded-content"",""summary"":""bounded bytes; d0000/f000000 [0, 1468)"",""path"":""d0000/f000000"",""start"":0,""end"":1468,""schema"":null,""cache_scope"":null,""profile"":""storage-accounting-reopen-and-edit-boundary-v1"",""omissions"":[""full-file byte replay""]}",,PASS,28752095208,11.056133375008358,39.80822858300836,INELIGIBLE: preparation scheduled separately; no historical verifier-wall speedup claim
store_footprint,store-footprint-large-object-500m,PASS,6.377733834000537,3b4b7771ba61326b08af2ea18bffdc012e5417706fd050c7e03e80bbc32b2d1e,891067915b4152dd42e7510ef374a3d8a8827ead03a597051335c933d0485958,2cd69ce038c424bc661cd1d8bbf725662e26b991c40907f93af20b45aa97a184,sha256:42eb806fcfe9db1dc28098eb423340de3e4eaf81fd487389128305e65606d347,verification/store_footprint/store-footprint-large-object-500m/verification.json,"[""no exhaustive Phase 1 replay""]",[],"{""type"":""bounded-content"",""summary"":""bounded bytes; d0000/file-00000.bin [4375525, 4506607)"",""path"":""d0000/file-00000.bin"",""start"":4375525,""end"":4506607,""schema"":null,""cache_scope"":null,""profile"":""storage-accounting-reopen-and-edit-boundary-v1"",""omissions"":[""full-file byte replay""]}",,,,,,
store_footprint,store-footprint-unique-100-low-v1,PASS,2.339970125001855,3b4b7771ba61326b08af2ea18bffdc012e5417706fd050c7e03e80bbc32b2d1e,891067915b4152dd42e7510ef374a3d8a8827ead03a597051335c933d0485958,bdc4bd1a77be6404f40fb753457b909fb08cb42b4f3f26cda452b6b89f076df0,sha256:42eb806fcfe9db1dc28098eb423340de3e4eaf81fd487389128305e65606d347,verification/store_footprint/store-footprint-unique-100-low-v1/verification.json,"[""no exhaustive Phase 1 replay""]",[],"{""type"":""bounded-content"",""summary"":""bounded bytes; d0000/f000000 [0, 1097)"",""path"":""d0000/f000000"",""start"":0,""end"":1097,""schema"":null,""cache_scope"":null,""profile"":""storage-accounting-reopen-and-edit-boundary-v1"",""omissions"":[""full-file byte replay""]}",,,,,,
store_footprint,store-footprint-metadata-cardinality-100-low-v1,PASS,2.3100787910079816,3b4b7771ba61326b08af2ea18bffdc012e5417706fd050c7e03e80bbc32b2d1e,891067915b4152dd42e7510ef374a3d8a8827ead03a597051335c933d0485958,6ce07733336eb207cd67ecb2c2ad090f84b1a7f3ec0e3ac02da73f89c254f869,sha256:42eb806fcfe9db1dc28098eb423340de3e4eaf81fd487389128305e65606d347,verification/store_footprint/store-footprint-metadata-cardinality-100-low-v1/verification.json,"[""no exhaustive Phase 1 replay""]",[],"{""type"":""bounded-content"",""summary"":""bounded bytes; d0000/f000000 [0, 1097)"",""path"":""d0000/f000000"",""start"":0,""end"":1097,""schema"":null,""cache_scope"":null,""profile"":""storage-accounting-reopen-and-edit-boundary-v1"",""omissions"":[""full-file byte replay""]}",,,,,,
store_footprint,store-footprint-large-object-10m-low-v1,PASS,2.4389339170011226,3b4b7771ba61326b08af2ea18bffdc012e5417706fd050c7e03e80bbc32b2d1e,891067915b4152dd42e7510ef374a3d8a8827ead03a597051335c933d0485958,f9fe95179388b8dc34759f62f0265f07884bf1a9ba2e3ebbf2796fc0e7eefbd4,sha256:42eb806fcfe9db1dc28098eb423340de3e4eaf81fd487389128305e65606d347,verification/store_footprint/store-footprint-large-object-10m-low-v1/verification.json,"[""no exhaustive Phase 1 replay""]",[],"{""type"":""bounded-content"",""summary"":""bounded bytes; d0000/file-00000.bin [396765, 527847)"",""path"":""d0000/file-00000.bin"",""start"":396765,""end"":527847,""schema"":null,""cache_scope"":null,""profile"":""storage-accounting-reopen-and-edit-boundary-v1"",""omissions"":[""full-file byte replay""]}",,,,,,
tiny_file_churn,tiny-create-1-compact-v2,PASS,3.132369207989541,3b4b7771ba61326b08af2ea18bffdc012e5417706fd050c7e03e80bbc32b2d1e,891067915b4152dd42e7510ef374a3d8a8827ead03a597051335c933d0485958,19c99dc324ba7b62cf4ca77a8707e99c21f3b136f2c9fe37d38474ed0964d63c,sha256:42eb806fcfe9db1dc28098eb423340de3e4eaf81fd487389128305e65606d347,verification/tiny_file_churn/tiny-create-1-compact-v2/verification.json,"[""no exhaustive Phase 1 replay"",""sampled Workspace proof: no exhaustive namespace, full-file bytes, object census, aliases, or failure injection""]","[""absent_paths="",""full_file_bytes_verified=false"",""full_namespace_verified=false"",""omissions=unselected paths, bytes beyond selected ranges, exhaustive inode/object/reference census, alias and failure injection semantics"",""sampled_paths=.\nwide/s000-f000.dat\ntiny\ntiny/p0/f116.dat"",""sampled_ranges=wide/s000-f000.dat:0..20971\ntiny/p0/f116.dat:0..0""]","{""type"":""sampled-content"",""summary"":""changed data and selected unchanged witnesses; qualified roots"",""details"":[]}",,,,,,
tiny_file_churn,tiny-create-10-compact-v2,PASS,10.56521333398996,3b4b7771ba61326b08af2ea18bffdc012e5417706fd050c7e03e80bbc32b2d1e,891067915b4152dd42e7510ef374a3d8a8827ead03a597051335c933d0485958,47ea7d6fc6f48b8cce4ede1cada601ebd2b07e5e24f378c2c39f999b6363fda0,sha256:42eb806fcfe9db1dc28098eb423340de3e4eaf81fd487389128305e65606d347,verification/tiny_file_churn/tiny-create-10-compact-v2/verification.json,"[""no exhaustive Phase 1 replay"",""sampled Workspace proof: no exhaustive namespace, full-file bytes, object census, aliases, or failure injection""]","[""absent_paths="",""full_file_bytes_verified=false"",""full_namespace_verified=false"",""omissions=unselected paths, bytes beyond selected ranges, exhaustive inode/object/reference census, alias and failure injection semantics"",""sampled_paths=.\nwide/s000-f000.dat\ntiny\ntiny/p0/f116.dat\ntiny/p1/f128.dat\ntiny/p2/f209.dat\ntiny/p3/f432.dat\ntiny/p4/f452.dat\ntiny/p5/f411.dat\ntiny/p6/f488.dat\ntiny/p7/f259.dat\ntiny/p9/f211.dat"",""sampled_ranges=wide/s000-f000.dat:0..20971\ntiny/p0/f116.dat:0..0\ntiny/p1/f128.dat:0..1\ntiny/p2/f209.dat:0..7\ntiny/p3/f432.dat:0..31\ntiny/p4/f452.dat:0..127\ntiny/p5/f411.dat:0..511\ntiny/p6/f488.dat:0..1024\ntiny/p7/f259.dat:0..2500\ntiny/p9/f211.dat:0..8192""]","{""type"":""sampled-content"",""summary"":""changed data and selected unchanged witnesses; qualified roots"",""details"":[]}",,,,,,
tiny_file_churn,tiny-create-100-mixed-v4,PASS,11.153519166997285,3b4b7771ba61326b08af2ea18bffdc012e5417706fd050c7e03e80bbc32b2d1e,891067915b4152dd42e7510ef374a3d8a8827ead03a597051335c933d0485958,f843b14ef0a22b37f0936d281f2e2f1c5c6ff2140164ba93680a5c278abb8862,sha256:42eb806fcfe9db1dc28098eb423340de3e4eaf81fd487389128305e65606d347,verification/tiny_file_churn/tiny-create-100-mixed-v4/verification.json,"[""no exhaustive Phase 1 replay"",""sampled Workspace proof: no exhaustive namespace, full-file bytes, object census, aliases, or failure injection""]","[""absent_paths="",""full_file_bytes_verified=false"",""full_namespace_verified=false"",""omissions=unselected paths, bytes beyond selected ranges, exhaustive inode/object/reference census, alias and failure injection semantics"",""sampled_paths=.\ndest\nwide\nwide/s000-f000.dat\nregular/s000/f064.dat\nspine/d001/d002/d003/d004/d005/d006/d007/d008/d009/d010/d011/d012/d013/d014/d015/d016/d017/d018/d019/d020/d021/d022/d023/d024/d025/d026/d027/d028/d029/d030/d031/d032/d033/d034/d035/d036/d037/d038/d039/d040/d041/d042/d043/d044/d045/d046/d047/d048/d049/d050/d051/d052/d053/d054/d055/d056/d057/d058/d059/d060/d061/d062/d063/d064/d065/d066/d067/d068/d069/d070/d071/d072/d073/d074/d075/d076/d077/d078/d079/d080/d081/d082/d083/d084/d085/d086/d087/d088/d089/d090/d091/d092/d093/d094/d095/d096/d097/d098/d099/d100/d101/d102/d103/d104/d105/d106/d107/d108/d109/d110/d111/d112/d113/d114/d115/d116/d117/d118/d119/d120/d121/d122/d123/d124/d125/d126/d127/d128/s000.dat\ntiny\ntiny/p0/f116.dat\ntiny/p0/f332.dat\ntiny/p9/f372.dat"",""sampled_ranges=wide/s000-f000.dat:0..65536\nwide/s000-f000.dat:26214400..26279936\nwide/s000-f000.dat:52363264..52428800\nregular/s000/f064.dat:0..4096\nspine/d001/d002/d003/d004/d005/d006/d007/d008/d009/d010/d011/d012/d013/d014/d015/d016/d017/d018/d019/d020/d021/d022/d023/d024/d025/d026/d027/d028/d029/d030/d031/d032/d033/d034/d035/d036/d037/d038/d039/d040/d041/d042/d043/d044/d045/d046/d047/d048/d049/d050/d051/d052/d053/d054/d055/d056/d057/d058/d059/d060/d061/d062/d063/d064/d065/d066/d067/d068/d069/d070/d071/d072/d073/d074/d075/d076/d077/d078/d079/d080/d081/d082/d083/d084/d085/d086/d087/d088/d089/d090/d091/d092/d093/d094/d095/d096/d097/d098/d099/d100/d101/d102/d103/d104/d105/d106/d107/d108/d109/d110/d111/d112/d113/d114/d115/d116/d117/d118/d119/d120/d121/d122/d123/d124/d125/d126/d127/d128/s000.dat:0..4096\ntiny/p0/f116.dat:0..0\ntiny/p0/f332.dat:0..0\ntiny/p9/f372.dat:0..8192""]","{""type"":""sampled-content"",""summary"":""changed data and selected unchanged witnesses; qualified roots"",""details"":[]}",,,,,,
tiny_file_churn,tiny-create-500-mixed-v4,PASS,18.120117583006504,3b4b7771ba61326b08af2ea18bffdc012e5417706fd050c7e03e80bbc32b2d1e,891067915b4152dd42e7510ef374a3d8a8827ead03a597051335c933d0485958,3ab972f87008c768ccc771378ebe6bae0d8c238e77f153904773350f76ad1b36,sha256:42eb806fcfe9db1dc28098eb423340de3e4eaf81fd487389128305e65606d347,verification/tiny_file_churn/tiny-create-500-mixed-v4/verification.json,"[""no exhaustive Phase 1 replay"",""sampled Workspace proof: no exhaustive namespace, full-file bytes, object census, aliases, or failure injection""]","[""absent_paths="",""full_file_bytes_verified=false"",""full_namespace_verified=false"",""omissions=unselected paths, bytes beyond selected ranges, exhaustive inode/object/reference census, alias and failure injection semantics"",""sampled_paths=.\ndest\nwide\nwide/s000-f000.dat\nwide/s000-f001.dat\nregular/s000/f064.dat\nspine/d001/d002/d003/d004/d005/d006/d007/d008/d009/d010/d011/d012/d013/d014/d015/d016/d017/d018/d019/d020/d021/d022/d023/d024/d025/d026/d027/d028/d029/d030/d031/d032/d033/d034/d035/d036/d037/d038/d039/d040/d041/d042/d043/d044/d045/d046/d047/d048/d049/d050/d051/d052/d053/d054/d055/d056/d057/d058/d059/d060/d061/d062/d063/d064/d065/d066/d067/d068/d069/d070/d071/d072/d073/d074/d075/d076/d077/d078/d079/d080/d081/d082/d083/d084/d085/d086/d087/d088/d089/d090/d091/d092/d093/d094/d095/d096/d097/d098/d099/d100/d101/d102/d103/d104/d105/d106/d107/d108/d109/d110/d111/d112/d113/d114/d115/d116/d117/d118/d119/d120/d121/d122/d123/d124/d125/d126/d127/d128/s000.dat\ntiny\ntiny/p0/f116.dat\ntiny/p0/f309.dat\ntiny/p9/f229.dat"",""sampled_ranges=wide/s000-f000.dat:0..65536\nwide/s000-f000.dat:157286400..157351936\nwide/s000-f000.dat:314507264..314572800\nwide/s000-f001.dat:0..65536\nwide/s000-f001.dat:52428800..52494336\nwide/s000-f001.dat:104792064..104857600\nregular/s000/f064.dat:0..4096\nspine/d001/d002/d003/d004/d005/d006/d007/d008/d009/d010/d011/d012/d013/d014/d015/d016/d017/d018/d019/d020/d021/d022/d023/d024/d025/d026/d027/d028/d029/d030/d031/d032/d033/d034/d035/d036/d037/d038/d039/d040/d041/d042/d043/d044/d045/d046/d047/d048/d049/d050/d051/d052/d053/d054/d055/d056/d057/d058/d059/d060/d061/d062/d063/d064/d065/d066/d067/d068/d069/d070/d071/d072/d073/d074/d075/d076/d077/d078/d079/d080/d081/d082/d083/d084/d085/d086/d087/d088/d089/d090/d091/d092/d093/d094/d095/d096/d097/d098/d099/d100/d101/d102/d103/d104/d105/d106/d107/d108/d109/d110/d111/d112/d113/d114/d115/d116/d117/d118/d119/d120/d121/d122/d123/d124/d125/d126/d127/d128/s000.dat:0..4096\ntiny/p0/f116.dat:0..0\ntiny/p0/f309.dat:0..0\ntiny/p9/f229.dat:0..8192""]","{""type"":""sampled-content"",""summary"":""changed data and selected unchanged witnesses; qualified roots"",""details"":[]}",,,,,,
tiny_file_churn,tiny-stat-1-compact-v2,PASS,1.9675744580017636,3b4b7771ba61326b08af2ea18bffdc012e5417706fd050c7e03e80bbc32b2d1e,891067915b4152dd42e7510ef374a3d8a8827ead03a597051335c933d0485958,6d0ec466c35412d938c53659e91902cb6dbaedcdaa7eee7d337302eb244d95cc,sha256:42eb806fcfe9db1dc28098eb423340de3e4eaf81fd487389128305e65606d347,verification/tiny_file_churn/tiny-stat-1-compact-v2/verification.json,"[""no exhaustive Phase 1 replay"",""sampled Workspace proof: no exhaustive namespace, full-file bytes, object census, aliases, or failure injection""]","[""absent_paths="",""full_file_bytes_verified=false"",""full_namespace_verified=false"",""omissions=unselected paths, bytes beyond selected ranges, exhaustive inode/object/reference census, alias and failure injection semantics"",""sampled_paths=.\nwide/s000-f000.dat\ntiny\ntiny/p0/f116.dat"",""sampled_ranges=wide/s000-f000.dat:0..20971\ntiny/p0/f116.dat:0..0""]","{""type"":""sampled-content"",""summary"":""changed data and selected unchanged witnesses; qualified roots"",""details"":[]}",,,,,,
tiny_file_churn,tiny-stat-10-compact-v2,PASS,2.20772304199636,3b4b7771ba61326b08af2ea18bffdc012e5417706fd050c7e03e80bbc32b2d1e,891067915b4152dd42e7510ef374a3d8a8827ead03a597051335c933d0485958,0bc775b9ed72ada6ad8c7fb6996b600e62af8a580e7f693d416c1f9e3d30d43a,sha256:42eb806fcfe9db1dc28098eb423340de3e4eaf81fd487389128305e65606d347,verification/tiny_file_churn/tiny-stat-10-compact-v2/verification.json,"[""no exhaustive Phase 1 replay"",""sampled Workspace proof: no exhaustive namespace, full-file bytes, object census, aliases, or failure injection""]","[""absent_paths="",""full_file_bytes_verified=false"",""full_namespace_verified=false"",""omissions=unselected paths, bytes beyond selected ranges, exhaustive inode/object/reference census, alias and failure injection semantics"",""sampled_paths=.\nwide/s000-f000.dat\ntiny\ntiny/p0/f116.dat\ntiny/p1/f128.dat\ntiny/p2/f209.dat\ntiny/p3/f432.dat\ntiny/p4/f452.dat\ntiny/p5/f411.dat\ntiny/p6/f488.dat\ntiny/p7/f259.dat\ntiny/p9/f211.dat"",""sampled_ranges=wide/s000-f000.dat:0..20971\ntiny/p0/f116.dat:0..0\ntiny/p1/f128.dat:0..1\ntiny/p2/f209.dat:0..7\ntiny/p3/f432.dat:0..31\ntiny/p4/f452.dat:0..127\ntiny/p5/f411.dat:0..511\ntiny/p6/f488.dat:0..1024\ntiny/p7/f259.dat:0..2500\ntiny/p9/f211.dat:0..8192""]","{""type"":""sampled-content"",""summary"":""changed data and selected unchanged witnesses; qualified roots"",""details"":[]}",,,,,,
tiny_file_churn,tiny-stat-100-mixed-v4,PASS,4.0711047500080895,3b4b7771ba61326b08af2ea18bffdc012e5417706fd050c7e03e80bbc32b2d1e,891067915b4152dd42e7510ef374a3d8a8827ead03a597051335c933d0485958,dc6e1c455bdb00a6367d5ecbf70f9f95b48e5eed756cb7adc6f0764463c303ce,sha256:42eb806fcfe9db1dc28098eb423340de3e4eaf81fd487389128305e65606d347,verification/tiny_file_churn/tiny-stat-100-mixed-v4/verification.json,"[""no exhaustive Phase 1 replay"",""sampled Workspace proof: no exhaustive namespace, full-file bytes, object census, aliases, or failure injection""]","[""absent_paths="",""full_file_bytes_verified=false"",""full_namespace_verified=false"",""omissions=unselected paths, bytes beyond selected ranges, exhaustive inode/object/reference census, alias and failure injection semantics"",""sampled_paths=.\ndest\nwide\nwide/s000-f000.dat\nregular/s000/f064.dat\nspine/d001/d002/d003/d004/d005/d006/d007/d008/d009/d010/d011/d012/d013/d014/d015/d016/d017/d018/d019/d020/d021/d022/d023/d024/d025/d026/d027/d028/d029/d030/d031/d032/d033/d034/d035/d036/d037/d038/d039/d040/d041/d042/d043/d044/d045/d046/d047/d048/d049/d050/d051/d052/d053/d054/d055/d056/d057/d058/d059/d060/d061/d062/d063/d064/d065/d066/d067/d068/d069/d070/d071/d072/d073/d074/d075/d076/d077/d078/d079/d080/d081/d082/d083/d084/d085/d086/d087/d088/d089/d090/d091/d092/d093/d094/d095/d096/d097/d098/d099/d100/d101/d102/d103/d104/d105/d106/d107/d108/d109/d110/d111/d112/d113/d114/d115/d116/d117/d118/d119/d120/d121/d122/d123/d124/d125/d126/d127/d128/s000.dat\ntiny\ntiny/p0/f116.dat\ntiny/p0/f332.dat\ntiny/p9/f372.dat"",""sampled_ranges=wide/s000-f000.dat:0..65536\nwide/s000-f000.dat:26214400..26279936\nwide/s000-f000.dat:52363264..52428800\nregular/s000/f064.dat:0..4096\nspine/d001/d002/d003/d004/d005/d006/d007/d008/d009/d010/d011/d012/d013/d014/d015/d016/d017/d018/d019/d020/d021/d022/d023/d024/d025/d026/d027/d028/d029/d030/d031/d032/d033/d034/d035/d036/d037/d038/d039/d040/d041/d042/d043/d044/d045/d046/d047/d048/d049/d050/d051/d052/d053/d054/d055/d056/d057/d058/d059/d060/d061/d062/d063/d064/d065/d066/d067/d068/d069/d070/d071/d072/d073/d074/d075/d076/d077/d078/d079/d080/d081/d082/d083/d084/d085/d086/d087/d088/d089/d090/d091/d092/d093/d094/d095/d096/d097/d098/d099/d100/d101/d102/d103/d104/d105/d106/d107/d108/d109/d110/d111/d112/d113/d114/d115/d116/d117/d118/d119/d120/d121/d122/d123/d124/d125/d126/d127/d128/s000.dat:0..4096\ntiny/p0/f116.dat:0..0\ntiny/p0/f332.dat:0..0\ntiny/p9/f372.dat:0..8192""]","{""type"":""sampled-content"",""summary"":""changed data and selected unchanged witnesses; qualified roots"",""details"":[]}",,,,,,
tiny_file_churn,tiny-stat-500-mixed-v4,PASS,11.444778457997018,3b4b7771ba61326b08af2ea18bffdc012e5417706fd050c7e03e80bbc32b2d1e,891067915b4152dd42e7510ef374a3d8a8827ead03a597051335c933d0485958,b0954eac1daa0c1297e0b1a0f0bda5dc9834781b91e3c5efe07f9f833b384e06,sha256:42eb806fcfe9db1dc28098eb423340de3e4eaf81fd487389128305e65606d347,verification/tiny_file_churn/tiny-stat-500-mixed-v4/verification.json,"[""no exhaustive Phase 1 replay"",""sampled Workspace proof: no exhaustive namespace, full-file bytes, object census, aliases, or failure injection""]","[""absent_paths="",""full_file_bytes_verified=false"",""full_namespace_verified=false"",""omissions=unselected paths, bytes beyond selected ranges, exhaustive inode/object/reference census, alias and failure injection semantics"",""sampled_paths=.\ndest\nwide\nwide/s000-f000.dat\nwide/s000-f001.dat\nregular/s000/f064.dat\nspine/d001/d002/d003/d004/d005/d006/d007/d008/d009/d010/d011/d012/d013/d014/d015/d016/d017/d018/d019/d020/d021/d022/d023/d024/d025/d026/d027/d028/d029/d030/d031/d032/d033/d034/d035/d036/d037/d038/d039/d040/d041/d042/d043/d044/d045/d046/d047/d048/d049/d050/d051/d052/d053/d054/d055/d056/d057/d058/d059/d060/d061/d062/d063/d064/d065/d066/d067/d068/d069/d070/d071/d072/d073/d074/d075/d076/d077/d078/d079/d080/d081/d082/d083/d084/d085/d086/d087/d088/d089/d090/d091/d092/d093/d094/d095/d096/d097/d098/d099/d100/d101/d102/d103/d104/d105/d106/d107/d108/d109/d110/d111/d112/d113/d114/d115/d116/d117/d118/d119/d120/d121/d122/d123/d124/d125/d126/d127/d128/s000.dat\ntiny\ntiny/p0/f116.dat\ntiny/p0/f309.dat\ntiny/p9/f229.dat"",""sampled_ranges=wide/s000-f000.dat:0..65536\nwide/s000-f000.dat:157286400..157351936\nwide/s000-f000.dat:314507264..314572800\nwide/s000-f001.dat:0..65536\nwide/s000-f001.dat:52428800..52494336\nwide/s000-f001.dat:104792064..104857600\nregular/s000/f064.dat:0..4096\nspine/d001/d002/d003/d004/d005/d006/d007/d008/d009/d010/d011/d012/d013/d014/d015/d016/d017/d018/d019/d020/d021/d022/d023/d024/d025/d026/d027/d028/d029/d030/d031/d032/d033/d034/d035/d036/d037/d038/d039/d040/d041/d042/d043/d044/d045/d046/d047/d048/d049/d050/d051/d052/d053/d054/d055/d056/d057/d058/d059/d060/d061/d062/d063/d064/d065/d066/d067/d068/d069/d070/d071/d072/d073/d074/d075/d076/d077/d078/d079/d080/d081/d082/d083/d084/d085/d086/d087/d088/d089/d090/d091/d092/d093/d094/d095/d096/d097/d098/d099/d100/d101/d102/d103/d104/d105/d106/d107/d108/d109/d110/d111/d112/d113/d114/d115/d116/d117/d118/d119/d120/d121/d122/d123/d124/d125/d126/d127/d128/s000.dat:0..4096\ntiny/p0/f116.dat:0..0\ntiny/p0/f309.dat:0..0\ntiny/p9/f229.dat:0..8192""]","{""type"":""sampled-content"",""summary"":""changed data and selected unchanged witnesses; qualified roots"",""details"":[]}",,,,,,
tiny_file_churn,tiny-unlink-1-compact-v2,PASS,1.8468005830072798,3b4b7771ba61326b08af2ea18bffdc012e5417706fd050c7e03e80bbc32b2d1e,891067915b4152dd42e7510ef374a3d8a8827ead03a597051335c933d0485958,a3711efac337c1393c6f72b13384d8f35ad62f3c3bae373b9c6585781002c97e,sha256:42eb806fcfe9db1dc28098eb423340de3e4eaf81fd487389128305e65606d347,verification/tiny_file_churn/tiny-unlink-1-compact-v2/verification.json,"[""no exhaustive Phase 1 replay"",""sampled Workspace proof: no exhaustive namespace, full-file bytes, object census, aliases, or failure injection""]","[""absent_paths=tiny/p0/f116.dat"",""full_file_bytes_verified=false"",""full_namespace_verified=false"",""omissions=unselected paths, bytes beyond selected ranges, exhaustive inode/object/reference census, alias and failure injection semantics"",""sampled_paths=.\nwide/s000-f000.dat\ntiny"",""sampled_ranges=wide/s000-f000.dat:0..20971""]","{""type"":""sampled-content"",""summary"":""changed data and selected unchanged witnesses; qualified roots"",""details"":[]}",,,,,,
tiny_file_churn,tiny-unlink-10-compact-v2,PASS,1.7412303330056602,3b4b7771ba61326b08af2ea18bffdc012e5417706fd050c7e03e80bbc32b2d1e,891067915b4152dd42e7510ef374a3d8a8827ead03a597051335c933d0485958,3c2c618d46d9b31d4f4822c15657d992c6665f0b5f86828f5abb2c4dfb108348,sha256:42eb806fcfe9db1dc28098eb423340de3e4eaf81fd487389128305e65606d347,verification/tiny_file_churn/tiny-unlink-10-compact-v2/verification.json,"[""no exhaustive Phase 1 replay"",""sampled Workspace proof: no exhaustive namespace, full-file bytes, object census, aliases, or failure injection""]","[""absent_paths=tiny/p0/f116.dat\ntiny/p1/f128.dat\ntiny/p2/f209.dat\ntiny/p3/f432.dat\ntiny/p4/f452.dat\ntiny/p5/f411.dat\ntiny/p6/f488.dat\ntiny/p7/f259.dat\ntiny/p9/f211.dat"",""full_file_bytes_verified=false"",""full_namespace_verified=false"",""omissions=unselected paths, bytes beyond selected ranges, exhaustive inode/object/reference census, alias and failure injection semantics"",""sampled_paths=.\nwide/s000-f000.dat\ntiny"",""sampled_ranges=wide/s000-f000.dat:0..20971""]","{""type"":""sampled-content"",""summary"":""changed data and selected unchanged witnesses; qualified roots"",""details"":[]}",,,,,,
tiny_file_churn,tiny-unlink-100-mixed-v4,PASS,2.4365394999913406,3b4b7771ba61326b08af2ea18bffdc012e5417706fd050c7e03e80bbc32b2d1e,891067915b4152dd42e7510ef374a3d8a8827ead03a597051335c933d0485958,9eb467f6f082bdef9ea39035077de3ab19be44e33a5152d847b5ed63d55a25f1,sha256:42eb806fcfe9db1dc28098eb423340de3e4eaf81fd487389128305e65606d347,verification/tiny_file_churn/tiny-unlink-100-mixed-v4/verification.json,"[""no exhaustive Phase 1 replay"",""sampled Workspace proof: no exhaustive namespace, full-file bytes, object census, aliases, or failure injection""]","[""absent_paths=tiny/p0/f116.dat\ntiny/p0/f332.dat\ntiny/p9/f372.dat"",""full_file_bytes_verified=false"",""full_namespace_verified=false"",""omissions=unselected paths, bytes beyond selected ranges, exhaustive inode/object/reference census, alias and failure injection semantics"",""sampled_paths=.\ndest\nwide\nwide/s000-f000.dat\nregular/s000/f064.dat\nspine/d001/d002/d003/d004/d005/d006/d007/d008/d009/d010/d011/d012/d013/d014/d015/d016/d017/d018/d019/d020/d021/d022/d023/d024/d025/d026/d027/d028/d029/d030/d031/d032/d033/d034/d035/d036/d037/d038/d039/d040/d041/d042/d043/d044/d045/d046/d047/d048/d049/d050/d051/d052/d053/d054/d055/d056/d057/d058/d059/d060/d061/d062/d063/d064/d065/d066/d067/d068/d069/d070/d071/d072/d073/d074/d075/d076/d077/d078/d079/d080/d081/d082/d083/d084/d085/d086/d087/d088/d089/d090/d091/d092/d093/d094/d095/d096/d097/d098/d099/d100/d101/d102/d103/d104/d105/d106/d107/d108/d109/d110/d111/d112/d113/d114/d115/d116/d117/d118/d119/d120/d121/d122/d123/d124/d125/d126/d127/d128/s000.dat\ntiny"",""sampled_ranges=wide/s000-f000.dat:0..65536\nwide/s000-f000.dat:26214400..26279936\nwide/s000-f000.dat:52363264..52428800\nregular/s000/f064.dat:0..4096\nspine/d001/d002/d003/d004/d005/d006/d007/d008/d009/d010/d011/d012/d013/d014/d015/d016/d017/d018/d019/d020/d021/d022/d023/d024/d025/d026/d027/d028/d029/d030/d031/d032/d033/d034/d035/d036/d037/d038/d039/d040/d041/d042/d043/d044/d045/d046/d047/d048/d049/d050/d051/d052/d053/d054/d055/d056/d057/d058/d059/d060/d061/d062/d063/d064/d065/d066/d067/d068/d069/d070/d071/d072/d073/d074/d075/d076/d077/d078/d079/d080/d081/d082/d083/d084/d085/d086/d087/d088/d089/d090/d091/d092/d093/d094/d095/d096/d097/d098/d099/d100/d101/d102/d103/d104/d105/d106/d107/d108/d109/d110/d111/d112/d113/d114/d115/d116/d117/d118/d119/d120/d121/d122/d123/d124/d125/d126/d127/d128/s000.dat:0..4096""]","{""type"":""sampled-content"",""summary"":""changed data and selected unchanged witnesses; qualified roots"",""details"":[]}",,,,,,
tiny_file_churn,tiny-unlink-500-mixed-v4,PASS,4.201960417005466,3b4b7771ba61326b08af2ea18bffdc012e5417706fd050c7e03e80bbc32b2d1e,891067915b4152dd42e7510ef374a3d8a8827ead03a597051335c933d0485958,23cf8b0e1dfc5d335fd64df814194bfd5824f5fadbbfd1268d2a59fd7d1ac516,sha256:42eb806fcfe9db1dc28098eb423340de3e4eaf81fd487389128305e65606d347,verification/tiny_file_churn/tiny-unlink-500-mixed-v4/verification.json,"[""no exhaustive Phase 1 replay"",""sampled Workspace proof: no exhaustive namespace, full-file bytes, object census, aliases, or failure injection""]","[""absent_paths=tiny/p0/f116.dat\ntiny/p0/f309.dat\ntiny/p9/f229.dat"",""full_file_bytes_verified=false"",""full_namespace_verified=false"",""omissions=unselected paths, bytes beyond selected ranges, exhaustive inode/object/reference census, alias and failure injection semantics"",""sampled_paths=.\ndest\nwide\nwide/s000-f000.dat\nwide/s000-f001.dat\nregular/s000/f064.dat\nspine/d001/d002/d003/d004/d005/d006/d007/d008/d009/d010/d011/d012/d013/d014/d015/d016/d017/d018/d019/d020/d021/d022/d023/d024/d025/d026/d027/d028/d029/d030/d031/d032/d033/d034/d035/d036/d037/d038/d039/d040/d041/d042/d043/d044/d045/d046/d047/d048/d049/d050/d051/d052/d053/d054/d055/d056/d057/d058/d059/d060/d061/d062/d063/d064/d065/d066/d067/d068/d069/d070/d071/d072/d073/d074/d075/d076/d077/d078/d079/d080/d081/d082/d083/d084/d085/d086/d087/d088/d089/d090/d091/d092/d093/d094/d095/d096/d097/d098/d099/d100/d101/d102/d103/d104/d105/d106/d107/d108/d109/d110/d111/d112/d113/d114/d115/d116/d117/d118/d119/d120/d121/d122/d123/d124/d125/d126/d127/d128/s000.dat\ntiny"",""sampled_ranges=wide/s000-f000.dat:0..65536\nwide/s000-f000.dat:157286400..157351936\nwide/s000-f000.dat:314507264..314572800\nwide/s000-f001.dat:0..65536\nwide/s000-f001.dat:52428800..52494336\nwide/s000-f001.dat:104792064..104857600\nregular/s000/f064.dat:0..4096\nspine/d001/d002/d003/d004/d005/d006/d007/d008/d009/d010/d011/d012/d013/d014/d015/d016/d017/d018/d019/d020/d021/d022/d023/d024/d025/d026/d027/d028/d029/d030/d031/d032/d033/d034/d035/d036/d037/d038/d039/d040/d041/d042/d043/d044/d045/d046/d047/d048/d049/d050/d051/d052/d053/d054/d055/d056/d057/d058/d059/d060/d061/d062/d063/d064/d065/d066/d067/d068/d069/d070/d071/d072/d073/d074/d075/d076/d077/d078/d079/d080/d081/d082/d083/d084/d085/d086/d087/d088/d089/d090/d091/d092/d093/d094/d095/d096/d097/d098/d099/d100/d101/d102/d103/d104/d105/d106/d107/d108/d109/d110/d111/d112/d113/d114/d115/d116/d117/d118/d119/d120/d121/d122/d123/d124/d125/d126/d127/d128/s000.dat:0..4096""]","{""type"":""sampled-content"",""summary"":""changed data and selected unchanged witnesses; qualified roots"",""details"":[]}",,,,,,
tiny_file_churn,tiny-bulk-create-1-compact-v2,PASS,2.073710042008315,3b4b7771ba61326b08af2ea18bffdc012e5417706fd050c7e03e80bbc32b2d1e,891067915b4152dd42e7510ef374a3d8a8827ead03a597051335c933d0485958,7149157c2bb5187ddef969a127fe77b6dbe03fed99f2d45bc1060b50c5a279ba,sha256:42eb806fcfe9db1dc28098eb423340de3e4eaf81fd487389128305e65606d347,verification/tiny_file_churn/tiny-bulk-create-1-compact-v2/verification.json,"[""no exhaustive Phase 1 replay"",""sampled Workspace proof: no exhaustive namespace, full-file bytes, object census, aliases, or failure injection""]","[""absent_paths="",""full_file_bytes_verified=false"",""full_namespace_verified=false"",""omissions=unselected paths, bytes beyond selected ranges, exhaustive inode/object/reference census, alias and failure injection semantics"",""sampled_paths=.\nwitness/wide/s000-f000.dat\nwitness\nbulk\nbulk/wide/s000-f000.dat\nbulk/regular/s000/f064.dat\nbulk/regular/s000/f128.dat\nbulk/spine/d001/d002/d003/d004/d005/d006/d007/d008/d009/d010/d011/d012/d013/d014/d015/d016/d017/d018/d019/d020/d021/d022/d023/d024/d025/d026/d027/d028/d029/d030/d031/d032/d033/d034/d035/d036/d037/d038/d039/d040/d041/d042/d043/d044/d045/d046/d047/d048/d049/d050/d051/d052/d053/d054/d055/d056/d057/d058/d059/d060/d061/d062/d063/d064/d065/d066/d067/d068/d069/d070/d071/d072/d073/d074/d075/d076/d077/d078/d079/d080/d081/d082/d083/d084/d085/d086/d087/d088/d089/d090/d091/d092/d093/d094/d095/d096/d097/d098/d099/d100/d101/d102/d103/d104/d105/d106/d107/d108/d109/d110/d111/d112/d113/d114/d115/d116/d117/d118/d119/d120/d121/d122/d123/d124/d125/d126/d127/d128/s000.dat"",""sampled_ranges=witness/wide/s000-f000.dat:0..20971\nbulk/wide/s000-f000.dat:0..20971\nbulk/regular/s000/f064.dat:0..1024\nbulk/regular/s000/f128.dat:0..8192\nbulk/spine/d001/d002/d003/d004/d005/d006/d007/d008/d009/d010/d011/d012/d013/d014/d015/d016/d017/d018/d019/d020/d021/d022/d023/d024/d025/d026/d027/d028/d029/d030/d031/d032/d033/d034/d035/d036/d037/d038/d039/d040/d041/d042/d043/d044/d045/d046/d047/d048/d049/d050/d051/d052/d053/d054/d055/d056/d057/d058/d059/d060/d061/d062/d063/d064/d065/d066/d067/d068/d069/d070/d071/d072/d073/d074/d075/d076/d077/d078/d079/d080/d081/d082/d083/d084/d085/d086/d087/d088/d089/d090/d091/d092/d093/d094/d095/d096/d097/d098/d099/d100/d101/d102/d103/d104/d105/d106/d107/d108/d109/d110/d111/d112/d113/d114/d115/d116/d117/d118/d119/d120/d121/d122/d123/d124/d125/d126/d127/d128/s000.dat:0..53723""]","{""type"":""sampled-content"",""summary"":""changed data and selected unchanged witnesses; qualified roots"",""details"":[]}",,,,,,
tiny_file_churn,tiny-bulk-create-10-compact-v2,PASS,2.163083124993136,3b4b7771ba61326b08af2ea18bffdc012e5417706fd050c7e03e80bbc32b2d1e,891067915b4152dd42e7510ef374a3d8a8827ead03a597051335c933d0485958,bc4759690b6e9cc33cbd6eb6d1a537cde6b901c71bef77316788a09db37933df,sha256:42eb806fcfe9db1dc28098eb423340de3e4eaf81fd487389128305e65606d347,verification/tiny_file_churn/tiny-bulk-create-10-compact-v2/verification.json,"[""no exhaustive Phase 1 replay"",""sampled Workspace proof: no exhaustive namespace, full-file bytes, object census, aliases, or failure injection""]","[""absent_paths="",""full_file_bytes_verified=false"",""full_namespace_verified=false"",""omissions=unselected paths, bytes beyond selected ranges, exhaustive inode/object/reference census, alias and failure injection semantics"",""sampled_paths=.\nwitness/wide/s000-f000.dat\nwitness\nbulk\nbulk/wide/s000-f000.dat\nbulk/regular/s000/f064.dat\nbulk/regular/s000/f128.dat\nbulk/spine/d001/d002/d003/d004/d005/d006/d007/d008/d009/d010/d011/d012/d013/d014/d015/d016/d017/d018/d019/d020/d021/d022/d023/d024/d025/d026/d027/d028/d029/d030/d031/d032/d033/d034/d035/d036/d037/d038/d039/d040/d041/d042/d043/d044/d045/d046/d047/d048/d049/d050/d051/d052/d053/d054/d055/d056/d057/d058/d059/d060/d061/d062/d063/d064/d065/d066/d067/d068/d069/d070/d071/d072/d073/d074/d075/d076/d077/d078/d079/d080/d081/d082/d083/d084/d085/d086/d087/d088/d089/d090/d091/d092/d093/d094/d095/d096/d097/d098/d099/d100/d101/d102/d103/d104/d105/d106/d107/d108/d109/d110/d111/d112/d113/d114/d115/d116/d117/d118/d119/d120/d121/d122/d123/d124/d125/d126/d127/d128/s000.dat\nbulk/wide/s005-f000.dat\nbulk/regular/s005/f064.dat\nbulk/spine/d001/d002/d003/d004/d005/d006/d007/d008/d009/d010/d011/d012/d013/d014/d015/d016/d017/d018/d019/d020/d021/d022/d023/d024/d025/d026/d027/d028/d029/d030/d031/d032/d033/d034/d035/d036/d037/d038/d039/d040/d041/d042/d043/d044/d045/d046/d047/d048/d049/d050/d051/d052/d053/d054/d055/d056/d057/d058/d059/d060/d061/d062/d063/d064/d065/d066/d067/d068/d069/d070/d071/d072/d073/d074/d075/d076/d077/d078/d079/d080/d081/d082/d083/d084/d085/d086/d087/d088/d089/d090/d091/d092/d093/d094/d095/d096/d097/d098/d099/d100/d101/d102/d103/d104/d105/d106/d107/d108/d109/d110/d111/d112/d113/d114/d115/d116/d117/d118/d119/d120/d121/d122/d123/d124/d125/d126/d127/d128/s005.dat\nbulk/wide/s009-f000.dat\nbulk/regular/s009/f064.dat\nbulk/spine/d001/d002/d003/d004/d005/d006/d007/d008/d009/d010/d011/d012/d013/d014/d015/d016/d017/d018/d019/d020/d021/d022/d023/d024/d025/d026/d027/d028/d029/d030/d031/d032/d033/d034/d035/d036/d037/d038/d039/d040/d041/d042/d043/d044/d045/d046/d047/d048/d049/d050/d051/d052/d053/d054/d055/d056/d057/d058/d059/d060/d061/d062/d063/d064/d065/d066/d067/d068/d069/d070/d071/d072/d073/d074/d075/d076/d077/d078/d079/d080/d081/d082/d083/d084/d085/d086/d087/d088/d089/d090/d091/d092/d093/d094/d095/d096/d097/d098/d099/d100/d101/d102/d103/d104/d105/d106/d107/d108/d109/d110/d111/d112/d113/d114/d115/d116/d117/d118/d119/d120/d121/d122/d123/d124/d125/d126/d127/d128/s009.dat"",""sampled_ranges=witness/wide/s000-f000.dat:0..20971\nbulk/wide/s000-f000.dat:0..20971\nbulk/regular/s000/f064.dat:0..1024\nbulk/regular/s000/f128.dat:0..8192\nbulk/spine/d001/d002/d003/d004/d005/d006/d007/d008/d009/d010/d011/d012/d013/d014/d015/d016/d017/d018/d019/d020/d021/d022/d023/d024/d025/d026/d027/d028/d029/d030/d031/d032/d033/d034/d035/d036/d037/d038/d039/d040/d041/d042/d043/d044/d045/d046/d047/d048/d049/d050/d051/d052/d053/d054/d055/d056/d057/d058/d059/d060/d061/d062/d063/d064/d065/d066/d067/d068/d069/d070/d071/d072/d073/d074/d075/d076/d077/d078/d079/d080/d081/d082/d083/d084/d085/d086/d087/d088/d089/d090/d091/d092/d093/d094/d095/d096/d097/d098/d099/d100/d101/d102/d103/d104/d105/d106/d107/d108/d109/d110/d111/d112/d113/d114/d115/d116/d117/d118/d119/d120/d121/d122/d123/d124/d125/d126/d127/d128/s000.dat:0..53723\nbulk/wide/s005-f000.dat:0..20971\nbulk/regular/s005/f064.dat:0..1024\nbulk/spine/d001/d002/d003/d004/d005/d006/d007/d008/d009/d010/d011/d012/d013/d014/d015/d016/d017/d018/d019/d020/d021/d022/d023/d024/d025/d026/d027/d028/d029/d030/d031/d032/d033/d034/d035/d036/d037/d038/d039/d040/d041/d042/d043/d044/d045/d046/d047/d048/d049/d050/d051/d052/d053/d054/d055/d056/d057/d058/d059/d060/d061/d062/d063/d064/d065/d066/d067/d068/d069/d070/d071/d072/d073/d074/d075/d076/d077/d078/d079/d080/d081/d082/d083/d084/d085/d086/d087/d088/d089/d090/d091/d092/d093/d094/d095/d096/d097/d098/d099/d100/d101/d102/d103/d104/d105/d106/d107/d108/d109/d110/d111/d112/d113/d114/d115/d116/d117/d118/d119/d120/d121/d122/d123/d124/d125/d126/d127/d128/s005.dat:0..53723\nbulk/wide/s009-f000.dat:0..20971\nbulk/regular/s009/f064.dat:0..1024\nbulk/spine/d001/d002/d003/d004/d005/d006/d007/d008/d009/d010/d011/d012/d013/d014/d015/d016/d017/d018/d019/d020/d021/d022/d023/d024/d025/d026/d027/d028/d029/d030/d031/d032/d033/d034/d035/d036/d037/d038/d039/d040/d041/d042/d043/d044/d045/d046/d047/d048/d049/d050/d051/d052/d053/d054/d055/d056/d057/d058/d059/d060/d061/d062/d063/d064/d065/d066/d067/d068/d069/d070/d071/d072/d073/d074/d075/d076/d077/d078/d079/d080/d081/d082/d083/d084/d085/d086/d087/d088/d089/d090/d091/d092/d093/d094/d095/d096/d097/d098/d099/d100/d101/d102/d103/d104/d105/d106/d107/d108/d109/d110/d111/d112/d113/d114/d115/d116/d117/d118/d119/d120/d121/d122/d123/d124/d125/d126/d127/d128/s009.dat:0..53723""]","{""type"":""sampled-content"",""summary"":""changed data and selected unchanged witnesses; qualified roots"",""details"":[]}",,,,,,
tiny_file_churn,tiny-bulk-create-100-mixed-v3,PASS,3.6124156250007218,3b4b7771ba61326b08af2ea18bffdc012e5417706fd050c7e03e80bbc32b2d1e,891067915b4152dd42e7510ef374a3d8a8827ead03a597051335c933d0485958,215f604fde983de220937f0498b1ce16f052399260ef6c37e70d0648736b026a,sha256:42eb806fcfe9db1dc28098eb423340de3e4eaf81fd487389128305e65606d347,verification/tiny_file_churn/tiny-bulk-create-100-mixed-v3/verification.json,"[""no exhaustive Phase 1 replay"",""sampled Workspace proof: no exhaustive namespace, full-file bytes, object census, aliases, or failure injection""]","[""absent_paths="",""full_file_bytes_verified=false"",""full_namespace_verified=false"",""omissions=unselected paths, bytes beyond selected ranges, exhaustive inode/object/reference census, alias and failure injection semantics"",""sampled_paths=.\nwitness/wide/s000-f000.dat\nwitness\nbulk\nbulk/wide/s000-f000.dat\nbulk/wide/s000-f001.dat\nbulk/spine/d001/d002/d003/d004/d005/d006/d007/d008/d009/d010/d011/d012/d013/d014/d015/d016/d017/d018/d019/d020/d021/d022/d023/d024/d025/d026/d027/d028/d029/d030/d031/d032/d033/d034/d035/d036/d037/d038/d039/d040/d041/d042/d043/d044/d045/d046/d047/d048/d049/d050/d051/d052/d053/d054/d055/d056/d057/d058/d059/d060/d061/d062/d063/d064/d065/d066/d067/d068/d069/d070/d071/d072/d073/d074/d075/d076/d077/d078/d079/d080/d081/d082/d083/d084/d085/d086/d087/d088/d089/d090/d091/d092/d093/d094/d095/d096/d097/d098/d099/d100/d101/d102/d103/d104/d105/d106/d107/d108/d109/d110/d111/d112/d113/d114/d115/d116/d117/d118/d119/d120/d121/d122/d123/d124/d125/d126/d127/d128/s000.dat\nbulk/wide/s004-f000.dat\nbulk/wide/s004-f001.dat\nbulk/spine/d001/d002/d003/d004/d005/d006/d007/d008/d009/d010/d011/d012/d013/d014/d015/d016/d017/d018/d019/d020/d021/d022/d023/d024/d025/d026/d027/d028/d029/d030/d031/d032/d033/d034/d035/d036/d037/d038/d039/d040/d041/d042/d043/d044/d045/d046/d047/d048/d049/d050/d051/d052/d053/d054/d055/d056/d057/d058/d059/d060/d061/d062/d063/d064/d065/d066/d067/d068/d069/d070/d071/d072/d073/d074/d075/d076/d077/d078/d079/d080/d081/d082/d083/d084/d085/d086/d087/d088/d089/d090/d091/d092/d093/d094/d095/d096/d097/d098/d099/d100/d101/d102/d103/d104/d105/d106/d107/d108/d109/d110/d111/d112/d113/d114/d115/d116/d117/d118/d119/d120/d121/d122/d123/d124/d125/d126/d127/d128/s004.dat"",""sampled_ranges=witness/wide/s000-f000.dat:0..1024\nbulk/wide/s000-f000.dat:0..65536\nbulk/wide/s000-f000.dat:26214400..26279936\nbulk/wide/s000-f000.dat:52363264..52428800\nbulk/wide/s000-f001.dat:0..4096\nbulk/spine/d001/d002/d003/d004/d005/d006/d007/d008/d009/d010/d011/d012/d013/d014/d015/d016/d017/d018/d019/d020/d021/d022/d023/d024/d025/d026/d027/d028/d029/d030/d031/d032/d033/d034/d035/d036/d037/d038/d039/d040/d041/d042/d043/d044/d045/d046/d047/d048/d049/d050/d051/d052/d053/d054/d055/d056/d057/d058/d059/d060/d061/d062/d063/d064/d065/d066/d067/d068/d069/d070/d071/d072/d073/d074/d075/d076/d077/d078/d079/d080/d081/d082/d083/d084/d085/d086/d087/d088/d089/d090/d091/d092/d093/d094/d095/d096/d097/d098/d099/d100/d101/d102/d103/d104/d105/d106/d107/d108/d109/d110/d111/d112/d113/d114/d115/d116/d117/d118/d119/d120/d121/d122/d123/d124/d125/d126/d127/d128/s000.dat:0..4096\nbulk/wide/s004-f000.dat:0..4096\nbulk/wide/s004-f001.dat:0..65536\nbulk/spine/d001/d002/d003/d004/d005/d006/d007/d008/d009/d010/d011/d012/d013/d014/d015/d016/d017/d018/d019/d020/d021/d022/d023/d024/d025/d026/d027/d028/d029/d030/d031/d032/d033/d034/d035/d036/d037/d038/d039/d040/d041/d042/d043/d044/d045/d046/d047/d048/d049/d050/d051/d052/d053/d054/d055/d056/d057/d058/d059/d060/d061/d062/d063/d064/d065/d066/d067/d068/d069/d070/d071/d072/d073/d074/d075/d076/d077/d078/d079/d080/d081/d082/d083/d084/d085/d086/d087/d088/d089/d090/d091/d092/d093/d094/d095/d096/d097/d098/d099/d100/d101/d102/d103/d104/d105/d106/d107/d108/d109/d110/d111/d112/d113/d114/d115/d116/d117/d118/d119/d120/d121/d122/d123/d124/d125/d126/d127/d128/s004.dat:0..65536""]","{""type"":""sampled-content"",""summary"":""changed data and selected unchanged witnesses; qualified roots"",""details"":[]}",,,,,,
tiny_file_churn,tiny-bulk-create-500-mixed-v3,PASS,9.58175475000462,3b4b7771ba61326b08af2ea18bffdc012e5417706fd050c7e03e80bbc32b2d1e,891067915b4152dd42e7510ef374a3d8a8827ead03a597051335c933d0485958,eb2ea66b3cb798b2a72b176b458040558a104b3224752e87be08eb435dd9f962,sha256:42eb806fcfe9db1dc28098eb423340de3e4eaf81fd487389128305e65606d347,verification/tiny_file_churn/tiny-bulk-create-500-mixed-v3/verification.json,"[""no exhaustive Phase 1 replay"",""sampled Workspace proof: no exhaustive namespace, full-file bytes, object census, aliases, or failure injection""]","[""absent_paths="",""full_file_bytes_verified=false"",""full_namespace_verified=false"",""omissions=unselected paths, bytes beyond selected ranges, exhaustive inode/object/reference census, alias and failure injection semantics"",""sampled_paths=.\nwitness/wide/s000-f000.dat\nwitness\nbulk\nbulk/wide/s000-f000.dat\nbulk/wide/s000-f001.dat\nbulk/wide/s000-f002.dat\nbulk/wide/s000-f003.dat\nbulk/spine/d001/d002/d003/d004/d005/d006/d007/d008/d009/d010/d011/d012/d013/d014/d015/d016/d017/d018/d019/d020/d021/d022/d023/d024/d025/d026/d027/d028/d029/d030/d031/d032/d033/d034/d035/d036/d037/d038/d039/d040/d041/d042/d043/d044/d045/d046/d047/d048/d049/d050/d051/d052/d053/d054/d055/d056/d057/d058/d059/d060/d061/d062/d063/d064/d065/d066/d067/d068/d069/d070/d071/d072/d073/d074/d075/d076/d077/d078/d079/d080/d081/d082/d083/d084/d085/d086/d087/d088/d089/d090/d091/d092/d093/d094/d095/d096/d097/d098/d099/d100/d101/d102/d103/d104/d105/d106/d107/d108/d109/d110/d111/d112/d113/d114/d115/d116/d117/d118/d119/d120/d121/d122/d123/d124/d125/d126/d127/d128/s000.dat\nbulk/wide/s020-f002.dat\nbulk/wide/s020-f003.dat\nbulk/spine/d001/d002/d003/d004/d005/d006/d007/d008/d009/d010/d011/d012/d013/d014/d015/d016/d017/d018/d019/d020/d021/d022/d023/d024/d025/d026/d027/d028/d029/d030/d031/d032/d033/d034/d035/d036/d037/d038/d039/d040/d041/d042/d043/d044/d045/d046/d047/d048/d049/d050/d051/d052/d053/d054/d055/d056/d057/d058/d059/d060/d061/d062/d063/d064/d065/d066/d067/d068/d069/d070/d071/d072/d073/d074/d075/d076/d077/d078/d079/d080/d081/d082/d083/d084/d085/d086/d087/d088/d089/d090/d091/d092/d093/d094/d095/d096/d097/d098/d099/d100/d101/d102/d103/d104/d105/d106/d107/d108/d109/d110/d111/d112/d113/d114/d115/d116/d117/d118/d119/d120/d121/d122/d123/d124/d125/d126/d127/d128/s024.dat"",""sampled_ranges=witness/wide/s000-f000.dat:0..1024\nbulk/wide/s000-f000.dat:0..65536\nbulk/wide/s000-f000.dat:52428800..52494336\nbulk/wide/s000-f000.dat:104792064..104857600\nbulk/wide/s000-f001.dat:0..65536\nbulk/wide/s000-f001.dat:52428800..52494336\nbulk/wide/s000-f001.dat:104792064..104857600\nbulk/wide/s000-f002.dat:0..65536\nbulk/wide/s000-f002.dat:52428800..52494336\nbulk/wide/s000-f002.dat:104792064..104857600\nbulk/wide/s000-f003.dat:0..4096\nbulk/spine/d001/d002/d003/d004/d005/d006/d007/d008/d009/d010/d011/d012/d013/d014/d015/d016/d017/d018/d019/d020/d021/d022/d023/d024/d025/d026/d027/d028/d029/d030/d031/d032/d033/d034/d035/d036/d037/d038/d039/d040/d041/d042/d043/d044/d045/d046/d047/d048/d049/d050/d051/d052/d053/d054/d055/d056/d057/d058/d059/d060/d061/d062/d063/d064/d065/d066/d067/d068/d069/d070/d071/d072/d073/d074/d075/d076/d077/d078/d079/d080/d081/d082/d083/d084/d085/d086/d087/d088/d089/d090/d091/d092/d093/d094/d095/d096/d097/d098/d099/d100/d101/d102/d103/d104/d105/d106/d107/d108/d109/d110/d111/d112/d113/d114/d115/d116/d117/d118/d119/d120/d121/d122/d123/d124/d125/d126/d127/d128/s000.dat:0..4096\nbulk/wide/s020-f002.dat:0..4096\nbulk/wide/s020-f003.dat:0..65536\nbulk/spine/d001/d002/d003/d004/d005/d006/d007/d008/d009/d010/d011/d012/d013/d014/d015/d016/d017/d018/d019/d020/d021/d022/d023/d024/d025/d026/d027/d028/d029/d030/d031/d032/d033/d034/d035/d036/d037/d038/d039/d040/d041/d042/d043/d044/d045/d046/d047/d048/d049/d050/d051/d052/d053/d054/d055/d056/d057/d058/d059/d060/d061/d062/d063/d064/d065/d066/d067/d068/d069/d070/d071/d072/d073/d074/d075/d076/d077/d078/d079/d080/d081/d082/d083/d084/d085/d086/d087/d088/d089/d090/d091/d092/d093/d094/d095/d096/d097/d098/d099/d100/d101/d102/d103/d104/d105/d106/d107/d108/d109/d110/d111/d112/d113/d114/d115/d116/d117/d118/d119/d120/d121/d122/d123/d124/d125/d126/d127/d128/s024.dat:0..65536""]","{""type"":""sampled-content"",""summary"":""changed data and selected unchanged witnesses; qualified roots"",""details"":[]}",,,,,,
tiny_file_churn,tiny-bulk-delete-1-compact-v2,PASS,2.034599917009473,3b4b7771ba61326b08af2ea18bffdc012e5417706fd050c7e03e80bbc32b2d1e,891067915b4152dd42e7510ef374a3d8a8827ead03a597051335c933d0485958,e647ffd53c269a7380a9d8b5c5a5aee69929fad17b53be2c18dda1ef0294d53b,sha256:42eb806fcfe9db1dc28098eb423340de3e4eaf81fd487389128305e65606d347,verification/tiny_file_churn/tiny-bulk-delete-1-compact-v2/verification.json,"[""no exhaustive Phase 1 replay"",""sampled Workspace proof: no exhaustive namespace, full-file bytes, object census, aliases, or failure injection""]","[""absent_paths=bulk\nbulk/wide/s000-f000.dat\nbulk/regular/s000/f064.dat\nbulk/regular/s000/f128.dat\nbulk/spine/d001/d002/d003/d004/d005/d006/d007/d008/d009/d010/d011/d012/d013/d014/d015/d016/d017/d018/d019/d020/d021/d022/d023/d024/d025/d026/d027/d028/d029/d030/d031/d032/d033/d034/d035/d036/d037/d038/d039/d040/d041/d042/d043/d044/d045/d046/d047/d048/d049/d050/d051/d052/d053/d054/d055/d056/d057/d058/d059/d060/d061/d062/d063/d064/d065/d066/d067/d068/d069/d070/d071/d072/d073/d074/d075/d076/d077/d078/d079/d080/d081/d082/d083/d084/d085/d086/d087/d088/d089/d090/d091/d092/d093/d094/d095/d096/d097/d098/d099/d100/d101/d102/d103/d104/d105/d106/d107/d108/d109/d110/d111/d112/d113/d114/d115/d116/d117/d118/d119/d120/d121/d122/d123/d124/d125/d126/d127/d128/s000.dat"",""full_file_bytes_verified=false"",""full_namespace_verified=false"",""omissions=unselected paths, bytes beyond selected ranges, exhaustive inode/object/reference census, alias and failure injection semantics"",""sampled_paths=.\nwitness/wide/s000-f000.dat\nwitness"",""sampled_ranges=witness/wide/s000-f000.dat:0..20971""]","{""type"":""sampled-content"",""summary"":""changed data and selected unchanged witnesses; qualified roots"",""details"":[]}",,,,,,
tiny_file_churn,tiny-bulk-delete-10-compact-v2,PASS,2.398205124991364,3b4b7771ba61326b08af2ea18bffdc012e5417706fd050c7e03e80bbc32b2d1e,891067915b4152dd42e7510ef374a3d8a8827ead03a597051335c933d0485958,ec02d9b66b659048cc016a374970feae3803c611afad93bf7e7c5fd621a5f6ce,sha256:42eb806fcfe9db1dc28098eb423340de3e4eaf81fd487389128305e65606d347,verification/tiny_file_churn/tiny-bulk-delete-10-compact-v2/verification.json,"[""no exhaustive Phase 1 replay"",""sampled Workspace proof: no exhaustive namespace, full-file bytes, object census, aliases, or failure injection""]","[""absent_paths=bulk\nbulk/wide/s000-f000.dat\nbulk/regular/s000/f064.dat\nbulk/regular/s000/f128.dat\nbulk/spine/d001/d002/d003/d004/d005/d006/d007/d008/d009/d010/d011/d012/d013/d014/d015/d016/d017/d018/d019/d020/d021/d022/d023/d024/d025/d026/d027/d028/d029/d030/d031/d032/d033/d034/d035/d036/d037/d038/d039/d040/d041/d042/d043/d044/d045/d046/d047/d048/d049/d050/d051/d052/d053/d054/d055/d056/d057/d058/d059/d060/d061/d062/d063/d064/d065/d066/d067/d068/d069/d070/d071/d072/d073/d074/d075/d076/d077/d078/d079/d080/d081/d082/d083/d084/d085/d086/d087/d088/d089/d090/d091/d092/d093/d094/d095/d096/d097/d098/d099/d100/d101/d102/d103/d104/d105/d106/d107/d108/d109/d110/d111/d112/d113/d114/d115/d116/d117/d118/d119/d120/d121/d122/d123/d124/d125/d126/d127/d128/s000.dat\nbulk/wide/s005-f000.dat\nbulk/regular/s005/f064.dat\nbulk/spine/d001/d002/d003/d004/d005/d006/d007/d008/d009/d010/d011/d012/d013/d014/d015/d016/d017/d018/d019/d020/d021/d022/d023/d024/d025/d026/d027/d028/d029/d030/d031/d032/d033/d034/d035/d036/d037/d038/d039/d040/d041/d042/d043/d044/d045/d046/d047/d048/d049/d050/d051/d052/d053/d054/d055/d056/d057/d058/d059/d060/d061/d062/d063/d064/d065/d066/d067/d068/d069/d070/d071/d072/d073/d074/d075/d076/d077/d078/d079/d080/d081/d082/d083/d084/d085/d086/d087/d088/d089/d090/d091/d092/d093/d094/d095/d096/d097/d098/d099/d100/d101/d102/d103/d104/d105/d106/d107/d108/d109/d110/d111/d112/d113/d114/d115/d116/d117/d118/d119/d120/d121/d122/d123/d124/d125/d126/d127/d128/s005.dat\nbulk/wide/s009-f000.dat\nbulk/regular/s009/f064.dat\nbulk/spine/d001/d002/d003/d004/d005/d006/d007/d008/d009/d010/d011/d012/d013/d014/d015/d016/d017/d018/d019/d020/d021/d022/d023/d024/d025/d026/d027/d028/d029/d030/d031/d032/d033/d034/d035/d036/d037/d038/d039/d040/d041/d042/d043/d044/d045/d046/d047/d048/d049/d050/d051/d052/d053/d054/d055/d056/d057/d058/d059/d060/d061/d062/d063/d064/d065/d066/d067/d068/d069/d070/d071/d072/d073/d074/d075/d076/d077/d078/d079/d080/d081/d082/d083/d084/d085/d086/d087/d088/d089/d090/d091/d092/d093/d094/d095/d096/d097/d098/d099/d100/d101/d102/d103/d104/d105/d106/d107/d108/d109/d110/d111/d112/d113/d114/d115/d116/d117/d118/d119/d120/d121/d122/d123/d124/d125/d126/d127/d128/s009.dat"",""full_file_bytes_verified=false"",""full_namespace_verified=false"",""omissions=unselected paths, bytes beyond selected ranges, exhaustive inode/object/reference census, alias and failure injection semantics"",""sampled_paths=.\nwitness/wide/s000-f000.dat\nwitness"",""sampled_ranges=witness/wide/s000-f000.dat:0..20971""]","{""type"":""sampled-content"",""summary"":""changed data and selected unchanged witnesses; qualified roots"",""details"":[]}",,,,,,
tiny_file_churn,tiny-bulk-delete-100-mixed-v3,PASS,4.598356374990544,3b4b7771ba61326b08af2ea18bffdc012e5417706fd050c7e03e80bbc32b2d1e,891067915b4152dd42e7510ef374a3d8a8827ead03a597051335c933d0485958,8a970af7fc3f1626bbb58e7412ff2926afebe8d46dc831075946f3ba1b3f339e,sha256:42eb806fcfe9db1dc28098eb423340de3e4eaf81fd487389128305e65606d347,verification/tiny_file_churn/tiny-bulk-delete-100-mixed-v3/verification.json,"[""no exhaustive Phase 1 replay"",""sampled Workspace proof: no exhaustive namespace, full-file bytes, object census, aliases, or failure injection""]","[""absent_paths=bulk\nbulk/wide/s000-f000.dat\nbulk/wide/s000-f001.dat\nbulk/spine/d001/d002/d003/d004/d005/d006/d007/d008/d009/d010/d011/d012/d013/d014/d015/d016/d017/d018/d019/d020/d021/d022/d023/d024/d025/d026/d027/d028/d029/d030/d031/d032/d033/d034/d035/d036/d037/d038/d039/d040/d041/d042/d043/d044/d045/d046/d047/d048/d049/d050/d051/d052/d053/d054/d055/d056/d057/d058/d059/d060/d061/d062/d063/d064/d065/d066/d067/d068/d069/d070/d071/d072/d073/d074/d075/d076/d077/d078/d079/d080/d081/d082/d083/d084/d085/d086/d087/d088/d089/d090/d091/d092/d093/d094/d095/d096/d097/d098/d099/d100/d101/d102/d103/d104/d105/d106/d107/d108/d109/d110/d111/d112/d113/d114/d115/d116/d117/d118/d119/d120/d121/d122/d123/d124/d125/d126/d127/d128/s000.dat\nbulk/wide/s004-f000.dat\nbulk/wide/s004-f001.dat\nbulk/spine/d001/d002/d003/d004/d005/d006/d007/d008/d009/d010/d011/d012/d013/d014/d015/d016/d017/d018/d019/d020/d021/d022/d023/d024/d025/d026/d027/d028/d029/d030/d031/d032/d033/d034/d035/d036/d037/d038/d039/d040/d041/d042/d043/d044/d045/d046/d047/d048/d049/d050/d051/d052/d053/d054/d055/d056/d057/d058/d059/d060/d061/d062/d063/d064/d065/d066/d067/d068/d069/d070/d071/d072/d073/d074/d075/d076/d077/d078/d079/d080/d081/d082/d083/d084/d085/d086/d087/d088/d089/d090/d091/d092/d093/d094/d095/d096/d097/d098/d099/d100/d101/d102/d103/d104/d105/d106/d107/d108/d109/d110/d111/d112/d113/d114/d115/d116/d117/d118/d119/d120/d121/d122/d123/d124/d125/d126/d127/d128/s004.dat"",""full_file_bytes_verified=false"",""full_namespace_verified=false"",""omissions=unselected paths, bytes beyond selected ranges, exhaustive inode/object/reference census, alias and failure injection semantics"",""sampled_paths=.\nwitness/wide/s000-f000.dat\nwitness"",""sampled_ranges=witness/wide/s000-f000.dat:0..1024""]","{""type"":""sampled-content"",""summary"":""changed data and selected unchanged witnesses; qualified roots"",""details"":[]}",,,,,,
tiny_file_churn,tiny-bulk-delete-500-mixed-v3,PASS,14.589990542008309,3b4b7771ba61326b08af2ea18bffdc012e5417706fd050c7e03e80bbc32b2d1e,891067915b4152dd42e7510ef374a3d8a8827ead03a597051335c933d0485958,d3aeb9524622eda66d6ad9d506dd91c6982e52cddd296330dfad354351468ac9,sha256:42eb806fcfe9db1dc28098eb423340de3e4eaf81fd487389128305e65606d347,verification/tiny_file_churn/tiny-bulk-delete-500-mixed-v3/verification.json,"[""no exhaustive Phase 1 replay"",""sampled Workspace proof: no exhaustive namespace, full-file bytes, object census, aliases, or failure injection""]","[""absent_paths=bulk\nbulk/wide/s000-f000.dat\nbulk/wide/s000-f001.dat\nbulk/wide/s000-f002.dat\nbulk/wide/s000-f003.dat\nbulk/spine/d001/d002/d003/d004/d005/d006/d007/d008/d009/d010/d011/d012/d013/d014/d015/d016/d017/d018/d019/d020/d021/d022/d023/d024/d025/d026/d027/d028/d029/d030/d031/d032/d033/d034/d035/d036/d037/d038/d039/d040/d041/d042/d043/d044/d045/d046/d047/d048/d049/d050/d051/d052/d053/d054/d055/d056/d057/d058/d059/d060/d061/d062/d063/d064/d065/d066/d067/d068/d069/d070/d071/d072/d073/d074/d075/d076/d077/d078/d079/d080/d081/d082/d083/d084/d085/d086/d087/d088/d089/d090/d091/d092/d093/d094/d095/d096/d097/d098/d099/d100/d101/d102/d103/d104/d105/d106/d107/d108/d109/d110/d111/d112/d113/d114/d115/d116/d117/d118/d119/d120/d121/d122/d123/d124/d125/d126/d127/d128/s000.dat\nbulk/wide/s020-f002.dat\nbulk/wide/s020-f003.dat\nbulk/spine/d001/d002/d003/d004/d005/d006/d007/d008/d009/d010/d011/d012/d013/d014/d015/d016/d017/d018/d019/d020/d021/d022/d023/d024/d025/d026/d027/d028/d029/d030/d031/d032/d033/d034/d035/d036/d037/d038/d039/d040/d041/d042/d043/d044/d045/d046/d047/d048/d049/d050/d051/d052/d053/d054/d055/d056/d057/d058/d059/d060/d061/d062/d063/d064/d065/d066/d067/d068/d069/d070/d071/d072/d073/d074/d075/d076/d077/d078/d079/d080/d081/d082/d083/d084/d085/d086/d087/d088/d089/d090/d091/d092/d093/d094/d095/d096/d097/d098/d099/d100/d101/d102/d103/d104/d105/d106/d107/d108/d109/d110/d111/d112/d113/d114/d115/d116/d117/d118/d119/d120/d121/d122/d123/d124/d125/d126/d127/d128/s024.dat"",""full_file_bytes_verified=false"",""full_namespace_verified=false"",""omissions=unselected paths, bytes beyond selected ranges, exhaustive inode/object/reference census, alias and failure injection semantics"",""sampled_paths=.\nwitness/wide/s000-f000.dat\nwitness"",""sampled_ranges=witness/wide/s000-f000.dat:0..1024""]","{""type"":""sampled-content"",""summary"":""changed data and selected unchanged witnesses; qualified roots"",""details"":[]}",,,,,,
namespace_mutation,namespace-subtree-relocate-delete-1-compact-v2,PASS,2.193120958007057,3b4b7771ba61326b08af2ea18bffdc012e5417706fd050c7e03e80bbc32b2d1e,891067915b4152dd42e7510ef374a3d8a8827ead03a597051335c933d0485958,be660182d470c3e1f87f49563e4d528e9deec15f852917779e206f27295b9a43,sha256:42eb806fcfe9db1dc28098eb423340de3e4eaf81fd487389128305e65606d347,verification/namespace_mutation/namespace-subtree-relocate-delete-1-compact-v2/verification.json,"[""no exhaustive Phase 1 replay""]",[],"{""type"":""sampled-content"",""summary"":""changed data and selected unchanged witnesses; qualified roots"",""details"":[{""kind"":""fast-canonical-verification"",""receipt"":""{\""actual_read_logical_bytes\"": \""525600\"", \""actual_read_regular_paths\"": \""225\"", \""authenticated_global_inodes\"": \""232\"", \""authenticated_namespace_paths\"": \""232\"", \""canonical_root\"": \""a09004285bd8bf634f5505b90285b4e936b943f003f8189341d374e63d7f1288\"", \""certificate_binding\"": \""c1a288580601f1cbae6123efbaaa332ca1f3d9aba1f78a30f1cd99080b41e80c\"", \""covered_regular_paths\"": \""0\"", \""full_canonical_census_performed\"": \""false\"", \""fully_verified\"": \""false\"", \""has_reused_reference\"": \""false\"", \""reference_assurance\"": \""independent_current_content\"", \""reference_native_readback\"": \""false\"", \""reference_root_scope\"": \""none\"", \""scope\"": \""full current namespace/global inode/metadata/aliases; selected changed+witness bytes; unchanged file-state/extent/payload subgraph references certified, those current subgraph bytes not read\"", \""skipped_current_store_logical_bytes\"": \""0\"", \""skipped_current_store_regular_paths\"": \""0\"", \""verification_profile\"": \""fast-verify-v2\"", \""verification_status\"": \""fast_iteration_verified\""}"",""step"":1},{""coverage_sha256"":""e3b0c44298fc1c149afbf4c8996fb92427ae41e4649b934ca495991b7852b855"",""kind"":""fast-native-verification"",""receipt"":""absent_paths_verified=54\ncertificate_binding=c1a288580601f1cbae6123efbaaa332ca1f3d9aba1f78a30f1cd99080b41e80c\nchanged_paths_declared=30\ncovered_paths_sha256=e3b0c44298fc1c149afbf4c8996fb92427ae41e4649b934ca495991b7852b855\nfast_witness_profile=native-fast-witness-v2:first-middle-last-seeded-per-namespace-length-depth-class;declared-read-targets\nfully_verified=false\nlogical_bytes=525600\nnative_namespace_paths_verified=232\nnative_namespace_type_source=DirEntry::file_type;platform-metadata-fallback-permitted;skipped-counts-describe-unperformed-checks-not-syscalls\nnative_namespace_types_verified=232\noracle_identity_encoding=structural-entry-recipes-v1\noracle_scope=independent-delta-and-witnesses;complete-native-namespace;certified-unchanged-content-roots-checked-by-host\nreference_assurance=independent_current_content\nselected_independent_oracle_identity=13e558979372d6c7917450a5116076a986488407d12d275d6e0183cabe116f39\nselected_metadata_paths_verified=232\nselected_regular_bytes_verified=525600\nselected_regular_paths_verified=225\nskipped_untouched_metadata_paths=0\nskipped_untouched_regular_bodies=0\nuncertified_regular_paths_checked=225\nverification_status=fast_iteration_verified\nwitness_paths_declared=7\n"",""step"":1}]}",,,,,,
namespace_mutation,namespace-subtree-relocate-delete-10-compact-v2,PASS,2.303691791006713,3b4b7771ba61326b08af2ea18bffdc012e5417706fd050c7e03e80bbc32b2d1e,891067915b4152dd42e7510ef374a3d8a8827ead03a597051335c933d0485958,5e72666bb8886b2908b0b044fb64217314d85d9fb71b091ca39bdd4752ef85e7,sha256:42eb806fcfe9db1dc28098eb423340de3e4eaf81fd487389128305e65606d347,verification/namespace_mutation/namespace-subtree-relocate-delete-10-compact-v2/verification.json,"[""no exhaustive Phase 1 replay""]",[],"{""type"":""sampled-content"",""summary"":""changed data and selected unchanged witnesses; qualified roots"",""details"":[{""kind"":""fast-canonical-verification"",""receipt"":""{\""actual_read_logical_bytes\"": \""756000\"", \""actual_read_regular_paths\"": \""450\"", \""authenticated_global_inodes\"": \""466\"", \""authenticated_namespace_paths\"": \""466\"", \""canonical_root\"": \""5a5b9d54685797bee5ad5e193d8d75de4cf691d782cb44058ee18f645bdc3e72\"", \""certificate_binding\"": \""39cc119fb229da4db8ea7c10e35950751ee0a6a3afd81fd74df9d8a10bd0185f\"", \""covered_regular_paths\"": \""0\"", \""full_canonical_census_performed\"": \""false\"", \""fully_verified\"": \""false\"", \""has_reused_reference\"": \""false\"", \""reference_assurance\"": \""independent_current_content\"", \""reference_native_readback\"": \""false\"", \""reference_root_scope\"": \""none\"", \""scope\"": \""full current namespace/global inode/metadata/aliases; selected changed+witness bytes; unchanged file-state/extent/payload subgraph references certified, those current subgraph bytes not read\"", \""skipped_current_store_logical_bytes\"": \""0\"", \""skipped_current_store_regular_paths\"": \""0\"", \""verification_profile\"": \""fast-verify-v2\"", \""verification_status\"": \""fast_iteration_verified\""}"",""step"":1},{""coverage_sha256"":""e3b0c44298fc1c149afbf4c8996fb92427ae41e4649b934ca495991b7852b855"",""kind"":""fast-native-verification"",""receipt"":""absent_paths_verified=522\ncertificate_binding=39cc119fb229da4db8ea7c10e35950751ee0a6a3afd81fd74df9d8a10bd0185f\nchanged_paths_declared=264\ncovered_paths_sha256=e3b0c44298fc1c149afbf4c8996fb92427ae41e4649b934ca495991b7852b855\nfast_witness_profile=native-fast-witness-v2:first-middle-last-seeded-per-namespace-length-depth-class;declared-read-targets\nfully_verified=false\nlogical_bytes=756000\nnative_namespace_paths_verified=466\nnative_namespace_type_source=DirEntry::file_type;platform-metadata-fallback-permitted;skipped-counts-describe-unperformed-checks-not-syscalls\nnative_namespace_types_verified=466\noracle_identity_encoding=structural-entry-recipes-v1\noracle_scope=independent-delta-and-witnesses;complete-native-namespace;certified-unchanged-content-roots-checked-by-host\nreference_assurance=independent_current_content\nselected_independent_oracle_identity=5382316cca915bccf58e4b3c3f8f0a06940a0014504aaf83bf0f10f8d1e5551f\nselected_metadata_paths_verified=466\nselected_regular_bytes_verified=756000\nselected_regular_paths_verified=450\nskipped_untouched_metadata_paths=0\nskipped_untouched_regular_bodies=0\nuncertified_regular_paths_checked=450\nverification_status=fast_iteration_verified\nwitness_paths_declared=7\n"",""step"":1}]}",,,,,,
namespace_mutation,namespace-subtree-relocate-delete-100-mixed-v4,PASS,4.159794833001797,3b4b7771ba61326b08af2ea18bffdc012e5417706fd050c7e03e80bbc32b2d1e,891067915b4152dd42e7510ef374a3d8a8827ead03a597051335c933d0485958,39779a9a695df2cdaf5a5d65cd8a41e2bf004d6f5c2284c31dac5944afa48f10,sha256:42eb806fcfe9db1dc28098eb423340de3e4eaf81fd487389128305e65606d347,verification/namespace_mutation/namespace-subtree-relocate-delete-100-mixed-v4/verification.json,"[""no exhaustive Phase 1 replay"",""sampled Workspace proof: no exhaustive namespace, full-file bytes, object census, aliases, or failure injection""]","[""absent_paths=source/tree-b"",""full_file_bytes_verified=false"",""full_namespace_verified=false"",""omissions=unselected paths, bytes beyond selected ranges, exhaustive inode/object/reference census, alias and failure injection semantics"",""sampled_paths=.\ndest\nwide\nwide/s000-f000.dat\nwide/s000-f001.dat\nregular/s000/f064.dat\nspine/d001/d002/d003/d004/d005/d006/d007/d008/d009/d010/d011/d012/d013/d014/d015/d016/d017/d018/d019/d020/d021/d022/d023/d024/d025/d026/d027/d028/d029/d030/d031/d032/d033/d034/d035/d036/d037/d038/d039/d040/d041/d042/d043/d044/d045/d046/d047/d048/d049/d050/d051/d052/d053/d054/d055/d056/d057/d058/d059/d060/d061/d062/d063/d064/d065/d066/d067/d068/d069/d070/d071/d072/d073/d074/d075/d076/d077/d078/d079/d080/d081/d082/d083/d084/d085/d086/d087/d088/d089/d090/d091/d092/d093/d094/d095/d096/d097/d098/d099/d100/d101/d102/d103/d104/d105/d106/d107/d108/d109/d110/d111/d112/d113/d114/d115/d116/d117/d118/d119/d120/d121/d122/d123/d124/d125/d126/d127/d128/s000.dat\nwide/s008-f000.dat\nwide/s008-f001.dat\nspine/d001/d002/d003/d004/d005/d006/d007/d008/d009/d010/d011/d012/d013/d014/d015/d016/d017/d018/d019/d020/d021/d022/d023/d024/d025/d026/d027/d028/d029/d030/d031/d032/d033/d034/d035/d036/d037/d038/d039/d040/d041/d042/d043/d044/d045/d046/d047/d048/d049/d050/d051/d052/d053/d054/d055/d056/d057/d058/d059/d060/d061/d062/d063/d064/d065/d066/d067/d068/d069/d070/d071/d072/d073/d074/d075/d076/d077/d078/d079/d080/d081/d082/d083/d084/d085/d086/d087/d088/d089/d090/d091/d092/d093/d094/d095/d096/d097/d098/d099/d100/d101/d102/d103/d104/d105/d106/d107/d108/d109/d110/d111/d112/d113/d114/d115/d116/d117/d118/d119/d120/d121/d122/d123/d124/d125/d126/d127/d128/s009.dat\ndestination/moved-a\ndestination/moved-a/s000/f000.dat"",""sampled_ranges=wide/s000-f000.dat:0..65536\nwide/s000-f000.dat:26214400..26279936\nwide/s000-f000.dat:52363264..52428800\nwide/s000-f001.dat:0..4096\nregular/s000/f064.dat:0..4096\nspine/d001/d002/d003/d004/d005/d006/d007/d008/d009/d010/d011/d012/d013/d014/d015/d016/d017/d018/d019/d020/d021/d022/d023/d024/d025/d026/d027/d028/d029/d030/d031/d032/d033/d034/d035/d036/d037/d038/d039/d040/d041/d042/d043/d044/d045/d046/d047/d048/d049/d050/d051/d052/d053/d054/d055/d056/d057/d058/d059/d060/d061/d062/d063/d064/d065/d066/d067/d068/d069/d070/d071/d072/d073/d074/d075/d076/d077/d078/d079/d080/d081/d082/d083/d084/d085/d086/d087/d088/d089/d090/d091/d092/d093/d094/d095/d096/d097/d098/d099/d100/d101/d102/d103/d104/d105/d106/d107/d108/d109/d110/d111/d112/d113/d114/d115/d116/d117/d118/d119/d120/d121/d122/d123/d124/d125/d126/d127/d128/s000.dat:0..4096\nwide/s008-f000.dat:0..4096\nwide/s008-f001.dat:0..65536\nspine/d001/d002/d003/d004/d005/d006/d007/d008/d009/d010/d011/d012/d013/d014/d015/d016/d017/d018/d019/d020/d021/d022/d023/d024/d025/d026/d027/d028/d029/d030/d031/d032/d033/d034/d035/d036/d037/d038/d039/d040/d041/d042/d043/d044/d045/d046/d047/d048/d049/d050/d051/d052/d053/d054/d055/d056/d057/d058/d059/d060/d061/d062/d063/d064/d065/d066/d067/d068/d069/d070/d071/d072/d073/d074/d075/d076/d077/d078/d079/d080/d081/d082/d083/d084/d085/d086/d087/d088/d089/d090/d091/d092/d093/d094/d095/d096/d097/d098/d099/d100/d101/d102/d103/d104/d105/d106/d107/d108/d109/d110/d111/d112/d113/d114/d115/d116/d117/d118/d119/d120/d121/d122/d123/d124/d125/d126/d127/d128/s009.dat:0..65536\ndestination/moved-a/s000/f000.dat:0..1024""]","{""type"":""sampled-content"",""summary"":""changed data and selected unchanged witnesses; qualified roots"",""details"":[]}",,,,,,
namespace_mutation,namespace-subtree-relocate-delete-500-mixed-v4,PASS,11.961564708006335,3b4b7771ba61326b08af2ea18bffdc012e5417706fd050c7e03e80bbc32b2d1e,891067915b4152dd42e7510ef374a3d8a8827ead03a597051335c933d0485958,2c40f83435e995b84fe56739b36e45b9848c24b9b6ddcc00dcae1589149bbea9,sha256:42eb806fcfe9db1dc28098eb423340de3e4eaf81fd487389128305e65606d347,verification/namespace_mutation/namespace-subtree-relocate-delete-500-mixed-v4/verification.json,"[""no exhaustive Phase 1 replay"",""sampled Workspace proof: no exhaustive namespace, full-file bytes, object census, aliases, or failure injection""]","[""absent_paths=source/tree-b"",""full_file_bytes_verified=false"",""full_namespace_verified=false"",""omissions=unselected paths, bytes beyond selected ranges, exhaustive inode/object/reference census, alias and failure injection semantics"",""sampled_paths=.\ndest\nwide\nwide/s000-f000.dat\nwide/s000-f001.dat\nwide/s000-f002.dat\nregular/s000/f064.dat\nspine/d001/d002/d003/d004/d005/d006/d007/d008/d009/d010/d011/d012/d013/d014/d015/d016/d017/d018/d019/d020/d021/d022/d023/d024/d025/d026/d027/d028/d029/d030/d031/d032/d033/d034/d035/d036/d037/d038/d039/d040/d041/d042/d043/d044/d045/d046/d047/d048/d049/d050/d051/d052/d053/d054/d055/d056/d057/d058/d059/d060/d061/d062/d063/d064/d065/d066/d067/d068/d069/d070/d071/d072/d073/d074/d075/d076/d077/d078/d079/d080/d081/d082/d083/d084/d085/d086/d087/d088/d089/d090/d091/d092/d093/d094/d095/d096/d097/d098/d099/d100/d101/d102/d103/d104/d105/d106/d107/d108/d109/d110/d111/d112/d113/d114/d115/d116/d117/d118/d119/d120/d121/d122/d123/d124/d125/d126/d127/d128/s000.dat\nwide/s020-f001.dat\nwide/s020-f002.dat\nspine/d001/d002/d003/d004/d005/d006/d007/d008/d009/d010/d011/d012/d013/d014/d015/d016/d017/d018/d019/d020/d021/d022/d023/d024/d025/d026/d027/d028/d029/d030/d031/d032/d033/d034/d035/d036/d037/d038/d039/d040/d041/d042/d043/d044/d045/d046/d047/d048/d049/d050/d051/d052/d053/d054/d055/d056/d057/d058/d059/d060/d061/d062/d063/d064/d065/d066/d067/d068/d069/d070/d071/d072/d073/d074/d075/d076/d077/d078/d079/d080/d081/d082/d083/d084/d085/d086/d087/d088/d089/d090/d091/d092/d093/d094/d095/d096/d097/d098/d099/d100/d101/d102/d103/d104/d105/d106/d107/d108/d109/d110/d111/d112/d113/d114/d115/d116/d117/d118/d119/d120/d121/d122/d123/d124/d125/d126/d127/d128/s024.dat\ndestination/moved-a\ndestination/moved-a/s000/f000.dat"",""sampled_ranges=wide/s000-f000.dat:0..65536\nwide/s000-f000.dat:157286400..157351936\nwide/s000-f000.dat:314507264..314572800\nwide/s000-f001.dat:0..65536\nwide/s000-f001.dat:52428800..52494336\nwide/s000-f001.dat:104792064..104857600\nwide/s000-f002.dat:0..4096\nregular/s000/f064.dat:0..4096\nspine/d001/d002/d003/d004/d005/d006/d007/d008/d009/d010/d011/d012/d013/d014/d015/d016/d017/d018/d019/d020/d021/d022/d023/d024/d025/d026/d027/d028/d029/d030/d031/d032/d033/d034/d035/d036/d037/d038/d039/d040/d041/d042/d043/d044/d045/d046/d047/d048/d049/d050/d051/d052/d053/d054/d055/d056/d057/d058/d059/d060/d061/d062/d063/d064/d065/d066/d067/d068/d069/d070/d071/d072/d073/d074/d075/d076/d077/d078/d079/d080/d081/d082/d083/d084/d085/d086/d087/d088/d089/d090/d091/d092/d093/d094/d095/d096/d097/d098/d099/d100/d101/d102/d103/d104/d105/d106/d107/d108/d109/d110/d111/d112/d113/d114/d115/d116/d117/d118/d119/d120/d121/d122/d123/d124/d125/d126/d127/d128/s000.dat:0..4096\nwide/s020-f001.dat:0..4096\nwide/s020-f002.dat:0..65536\nspine/d001/d002/d003/d004/d005/d006/d007/d008/d009/d010/d011/d012/d013/d014/d015/d016/d017/d018/d019/d020/d021/d022/d023/d024/d025/d026/d027/d028/d029/d030/d031/d032/d033/d034/d035/d036/d037/d038/d039/d040/d041/d042/d043/d044/d045/d046/d047/d048/d049/d050/d051/d052/d053/d054/d055/d056/d057/d058/d059/d060/d061/d062/d063/d064/d065/d066/d067/d068/d069/d070/d071/d072/d073/d074/d075/d076/d077/d078/d079/d080/d081/d082/d083/d084/d085/d086/d087/d088/d089/d090/d091/d092/d093/d094/d095/d096/d097/d098/d099/d100/d101/d102/d103/d104/d105/d106/d107/d108/d109/d110/d111/d112/d113/d114/d115/d116/d117/d118/d119/d120/d121/d122/d123/d124/d125/d126/d127/d128/s024.dat:0..65536\ndestination/moved-a/s000/f000.dat:0..1024""]","{""type"":""sampled-content"",""summary"":""changed data and selected unchanged witnesses; qualified roots"",""details"":[]}",,,,,,
directory_construction_traversal,directory-construct-1-compact-v2,PASS,2.030667250000988,3b4b7771ba61326b08af2ea18bffdc012e5417706fd050c7e03e80bbc32b2d1e,891067915b4152dd42e7510ef374a3d8a8827ead03a597051335c933d0485958,d4101f06cdaa6a62bdea5d08d722117c26fc61296b8c58387e642f4feebb8f48,sha256:42eb806fcfe9db1dc28098eb423340de3e4eaf81fd487389128305e65606d347,verification/directory_construction_traversal/directory-construct-1-compact-v2/verification.json,"[""no exhaustive Phase 1 replay""]",[],"{""type"":""sampled-content"",""summary"":""changed data and selected unchanged witnesses; qualified roots"",""details"":[{""kind"":""fast-canonical-verification"",""receipt"":""{\""actual_read_logical_bytes\"": \""1048576\"", \""actual_read_regular_paths\"": \""50\"", \""authenticated_global_inodes\"": \""186\"", \""authenticated_namespace_paths\"": \""186\"", \""canonical_root\"": \""32c6f6b4adcba214e398295bb0af7ccbd398d5b2d54fbca99999aa56f93e9d60\"", \""certificate_binding\"": \""e87596eb7b3e00d72d43d7737217fd3c06828017ce43aa2fe43dbcbf40882f2c\"", \""covered_regular_paths\"": \""0\"", \""full_canonical_census_performed\"": \""false\"", \""fully_verified\"": \""false\"", \""has_reused_reference\"": \""false\"", \""reference_assurance\"": \""independent_current_content\"", \""reference_native_readback\"": \""false\"", \""reference_root_scope\"": \""none\"", \""scope\"": \""full current namespace/global inode/metadata/aliases; selected changed+witness bytes; unchanged file-state/extent/payload subgraph references certified, those current subgraph bytes not read\"", \""skipped_current_store_logical_bytes\"": \""0\"", \""skipped_current_store_regular_paths\"": \""0\"", \""verification_profile\"": \""fast-verify-v2\"", \""verification_status\"": \""fast_iteration_verified\""}"",""step"":1},{""coverage_sha256"":""e3b0c44298fc1c149afbf4c8996fb92427ae41e4649b934ca495991b7852b855"",""kind"":""fast-native-verification"",""receipt"":""absent_paths_verified=0\ncertificate_binding=e87596eb7b3e00d72d43d7737217fd3c06828017ce43aa2fe43dbcbf40882f2c\nchanged_paths_declared=3\ncovered_paths_sha256=e3b0c44298fc1c149afbf4c8996fb92427ae41e4649b934ca495991b7852b855\nfast_witness_profile=native-fast-witness-v2:first-middle-last-seeded-per-namespace-length-depth-class;declared-read-targets\nfully_verified=false\nlogical_bytes=1048576\nnative_namespace_paths_verified=186\nnative_namespace_type_source=DirEntry::file_type;platform-metadata-fallback-permitted;skipped-counts-describe-unperformed-checks-not-syscalls\nnative_namespace_types_verified=186\noracle_identity_encoding=structural-entry-recipes-v1\noracle_scope=independent-delta-and-witnesses;complete-native-namespace;certified-unchanged-content-roots-checked-by-host\nreference_assurance=independent_current_content\nselected_independent_oracle_identity=4f7161304dfe8986b7a6c3350c0b5850b5752d4cb8b4363afb4ed1437771b590\nselected_metadata_paths_verified=185\nselected_regular_bytes_verified=1048576\nselected_regular_paths_verified=50\nskipped_untouched_metadata_paths=1\nskipped_untouched_regular_bodies=0\nuncertified_regular_paths_checked=50\nverification_status=fast_iteration_verified\nwitness_paths_declared=143\n"",""step"":1}]}",,,,,,
directory_construction_traversal,directory-construct-10-compact-v2,PASS,2.827168290998088,3b4b7771ba61326b08af2ea18bffdc012e5417706fd050c7e03e80bbc32b2d1e,891067915b4152dd42e7510ef374a3d8a8827ead03a597051335c933d0485958,63ef5cf1d6a4cf8381e7a8710c863e49898c10938b2f1f820b1711ff269e5ffc,sha256:42eb806fcfe9db1dc28098eb423340de3e4eaf81fd487389128305e65606d347,verification/directory_construction_traversal/directory-construct-10-compact-v2/verification.json,"[""no exhaustive Phase 1 replay""]",[],"{""type"":""sampled-content"",""summary"":""changed data and selected unchanged witnesses; qualified roots"",""details"":[{""kind"":""fast-canonical-verification"",""receipt"":""{\""actual_read_logical_bytes\"": \""10485760\"", \""actual_read_regular_paths\"": \""500\"", \""authenticated_global_inodes\"": \""699\"", \""authenticated_namespace_paths\"": \""699\"", \""canonical_root\"": \""600ed00cf6a6dbf75ad1f30fa5cb1b56566b667aebb16d1584364c050488b249\"", \""certificate_binding\"": \""8fc7478797161773ff87b2dfe3de47e9d1d337ab8d264059639f91707111aae9\"", \""covered_regular_paths\"": \""0\"", \""full_canonical_census_performed\"": \""false\"", \""fully_verified\"": \""false\"", \""has_reused_reference\"": \""false\"", \""reference_assurance\"": \""independent_current_content\"", \""reference_native_readback\"": \""false\"", \""reference_root_scope\"": \""none\"", \""scope\"": \""full current namespace/global inode/metadata/aliases; selected changed+witness bytes; unchanged file-state/extent/payload subgraph references certified, those current subgraph bytes not read\"", \""skipped_current_store_logical_bytes\"": \""0\"", \""skipped_current_store_regular_paths\"": \""0\"", \""verification_profile\"": \""fast-verify-v2\"", \""verification_status\"": \""fast_iteration_verified\""}"",""step"":1},{""coverage_sha256"":""e3b0c44298fc1c149afbf4c8996fb92427ae41e4649b934ca495991b7852b855"",""kind"":""fast-native-verification"",""receipt"":""absent_paths_verified=0\ncertificate_binding=8fc7478797161773ff87b2dfe3de47e9d1d337ab8d264059639f91707111aae9\nchanged_paths_declared=57\ncovered_paths_sha256=e3b0c44298fc1c149afbf4c8996fb92427ae41e4649b934ca495991b7852b855\nfast_witness_profile=native-fast-witness-v2:first-middle-last-seeded-per-namespace-length-depth-class;declared-read-targets\nfully_verified=false\nlogical_bytes=10485760\nnative_namespace_paths_verified=699\nnative_namespace_type_source=DirEntry::file_type;platform-metadata-fallback-permitted;skipped-counts-describe-unperformed-checks-not-syscalls\nnative_namespace_types_verified=699\noracle_identity_encoding=structural-entry-recipes-v1\noracle_scope=independent-delta-and-witnesses;complete-native-namespace;certified-unchanged-content-roots-checked-by-host\nreference_assurance=independent_current_content\nselected_independent_oracle_identity=38bf499a33eca3596a8796cffbf345989b1c2f65256b47bac5c632fb851358c8\nselected_metadata_paths_verified=698\nselected_regular_bytes_verified=10485760\nselected_regular_paths_verified=500\nskipped_untouched_metadata_paths=1\nskipped_untouched_regular_bodies=0\nuncertified_regular_paths_checked=500\nverification_status=fast_iteration_verified\nwitness_paths_declared=158\n"",""step"":1}]}",,,,,,
directory_construction_traversal,directory-construct-100-mixed-v4,PASS,4.409443750002538,3b4b7771ba61326b08af2ea18bffdc012e5417706fd050c7e03e80bbc32b2d1e,891067915b4152dd42e7510ef374a3d8a8827ead03a597051335c933d0485958,c63729ca1f2c51a95108873ad2725a5d821f80b7c901ff4b5974755672f8c5b3,sha256:42eb806fcfe9db1dc28098eb423340de3e4eaf81fd487389128305e65606d347,verification/directory_construction_traversal/directory-construct-100-mixed-v4/verification.json,"[""no exhaustive Phase 1 replay"",""sampled Workspace proof: no exhaustive namespace, full-file bytes, object census, aliases, or failure injection""]","[""absent_paths="",""full_file_bytes_verified=false"",""full_namespace_verified=false"",""omissions=unselected paths, bytes beyond selected ranges, exhaustive inode/object/reference census, alias and failure injection semantics"",""sampled_paths=.\ndest\nwide\nwide/s000-f000.dat\nwide/s000-f001.dat\nregular/s000/f064.dat\nspine/d001/d002/d003/d004/d005/d006/d007/d008/d009/d010/d011/d012/d013/d014/d015/d016/d017/d018/d019/d020/d021/d022/d023/d024/d025/d026/d027/d028/d029/d030/d031/d032/d033/d034/d035/d036/d037/d038/d039/d040/d041/d042/d043/d044/d045/d046/d047/d048/d049/d050/d051/d052/d053/d054/d055/d056/d057/d058/d059/d060/d061/d062/d063/d064/d065/d066/d067/d068/d069/d070/d071/d072/d073/d074/d075/d076/d077/d078/d079/d080/d081/d082/d083/d084/d085/d086/d087/d088/d089/d090/d091/d092/d093/d094/d095/d096/d097/d098/d099/d100/d101/d102/d103/d104/d105/d106/d107/d108/d109/d110/d111/d112/d113/d114/d115/d116/d117/d118/d119/d120/d121/d122/d123/d124/d125/d126/d127/d128/s000.dat\nwide/s008-f000.dat\nwide/s008-f001.dat\nspine/d001/d002/d003/d004/d005/d006/d007/d008/d009/d010/d011/d012/d013/d014/d015/d016/d017/d018/d019/d020/d021/d022/d023/d024/d025/d026/d027/d028/d029/d030/d031/d032/d033/d034/d035/d036/d037/d038/d039/d040/d041/d042/d043/d044/d045/d046/d047/d048/d049/d050/d051/d052/d053/d054/d055/d056/d057/d058/d059/d060/d061/d062/d063/d064/d065/d066/d067/d068/d069/d070/d071/d072/d073/d074/d075/d076/d077/d078/d079/d080/d081/d082/d083/d084/d085/d086/d087/d088/d089/d090/d091/d092/d093/d094/d095/d096/d097/d098/d099/d100/d101/d102/d103/d104/d105/d106/d107/d108/d109/d110/d111/d112/d113/d114/d115/d116/d117/d118/d119/d120/d121/d122/d123/d124/d125/d126/d127/d128/s009.dat"",""sampled_ranges=wide/s000-f000.dat:0..65536\nwide/s000-f000.dat:26214400..26279936\nwide/s000-f000.dat:52363264..52428800\nwide/s000-f001.dat:0..4096\nregular/s000/f064.dat:0..4096\nspine/d001/d002/d003/d004/d005/d006/d007/d008/d009/d010/d011/d012/d013/d014/d015/d016/d017/d018/d019/d020/d021/d022/d023/d024/d025/d026/d027/d028/d029/d030/d031/d032/d033/d034/d035/d036/d037/d038/d039/d040/d041/d042/d043/d044/d045/d046/d047/d048/d049/d050/d051/d052/d053/d054/d055/d056/d057/d058/d059/d060/d061/d062/d063/d064/d065/d066/d067/d068/d069/d070/d071/d072/d073/d074/d075/d076/d077/d078/d079/d080/d081/d082/d083/d084/d085/d086/d087/d088/d089/d090/d091/d092/d093/d094/d095/d096/d097/d098/d099/d100/d101/d102/d103/d104/d105/d106/d107/d108/d109/d110/d111/d112/d113/d114/d115/d116/d117/d118/d119/d120/d121/d122/d123/d124/d125/d126/d127/d128/s000.dat:0..4096\nwide/s008-f000.dat:0..4096\nwide/s008-f001.dat:0..65536\nspine/d001/d002/d003/d004/d005/d006/d007/d008/d009/d010/d011/d012/d013/d014/d015/d016/d017/d018/d019/d020/d021/d022/d023/d024/d025/d026/d027/d028/d029/d030/d031/d032/d033/d034/d035/d036/d037/d038/d039/d040/d041/d042/d043/d044/d045/d046/d047/d048/d049/d050/d051/d052/d053/d054/d055/d056/d057/d058/d059/d060/d061/d062/d063/d064/d065/d066/d067/d068/d069/d070/d071/d072/d073/d074/d075/d076/d077/d078/d079/d080/d081/d082/d083/d084/d085/d086/d087/d088/d089/d090/d091/d092/d093/d094/d095/d096/d097/d098/d099/d100/d101/d102/d103/d104/d105/d106/d107/d108/d109/d110/d111/d112/d113/d114/d115/d116/d117/d118/d119/d120/d121/d122/d123/d124/d125/d126/d127/d128/s009.dat:0..65536""]","{""type"":""sampled-content"",""summary"":""changed data and selected unchanged witnesses; qualified roots"",""details"":[]}",,,,,,
directory_construction_traversal,directory-construct-500-mixed-v4,PASS,12.434295792001649,3b4b7771ba61326b08af2ea18bffdc012e5417706fd050c7e03e80bbc32b2d1e,891067915b4152dd42e7510ef374a3d8a8827ead03a597051335c933d0485958,b9a2c1225d12d3846a7c529d8435a289ff0e9fb30acc3abc6d9e71fe71006028,sha256:42eb806fcfe9db1dc28098eb423340de3e4eaf81fd487389128305e65606d347,verification/directory_construction_traversal/directory-construct-500-mixed-v4/verification.json,"[""no exhaustive Phase 1 replay"",""sampled Workspace proof: no exhaustive namespace, full-file bytes, object census, aliases, or failure injection""]","[""absent_paths="",""full_file_bytes_verified=false"",""full_namespace_verified=false"",""omissions=unselected paths, bytes beyond selected ranges, exhaustive inode/object/reference census, alias and failure injection semantics"",""sampled_paths=.\ndest\nwide\nwide/s000-f000.dat\nwide/s000-f001.dat\nwide/s000-f002.dat\nregular/s000/f064.dat\nspine/d001/d002/d003/d004/d005/d006/d007/d008/d009/d010/d011/d012/d013/d014/d015/d016/d017/d018/d019/d020/d021/d022/d023/d024/d025/d026/d027/d028/d029/d030/d031/d032/d033/d034/d035/d036/d037/d038/d039/d040/d041/d042/d043/d044/d045/d046/d047/d048/d049/d050/d051/d052/d053/d054/d055/d056/d057/d058/d059/d060/d061/d062/d063/d064/d065/d066/d067/d068/d069/d070/d071/d072/d073/d074/d075/d076/d077/d078/d079/d080/d081/d082/d083/d084/d085/d086/d087/d088/d089/d090/d091/d092/d093/d094/d095/d096/d097/d098/d099/d100/d101/d102/d103/d104/d105/d106/d107/d108/d109/d110/d111/d112/d113/d114/d115/d116/d117/d118/d119/d120/d121/d122/d123/d124/d125/d126/d127/d128/s000.dat\nwide/s020-f001.dat\nwide/s020-f002.dat\nspine/d001/d002/d003/d004/d005/d006/d007/d008/d009/d010/d011/d012/d013/d014/d015/d016/d017/d018/d019/d020/d021/d022/d023/d024/d025/d026/d027/d028/d029/d030/d031/d032/d033/d034/d035/d036/d037/d038/d039/d040/d041/d042/d043/d044/d045/d046/d047/d048/d049/d050/d051/d052/d053/d054/d055/d056/d057/d058/d059/d060/d061/d062/d063/d064/d065/d066/d067/d068/d069/d070/d071/d072/d073/d074/d075/d076/d077/d078/d079/d080/d081/d082/d083/d084/d085/d086/d087/d088/d089/d090/d091/d092/d093/d094/d095/d096/d097/d098/d099/d100/d101/d102/d103/d104/d105/d106/d107/d108/d109/d110/d111/d112/d113/d114/d115/d116/d117/d118/d119/d120/d121/d122/d123/d124/d125/d126/d127/d128/s024.dat"",""sampled_ranges=wide/s000-f000.dat:0..65536\nwide/s000-f000.dat:157286400..157351936\nwide/s000-f000.dat:314507264..314572800\nwide/s000-f001.dat:0..65536\nwide/s000-f001.dat:52428800..52494336\nwide/s000-f001.dat:104792064..104857600\nwide/s000-f002.dat:0..4096\nregular/s000/f064.dat:0..4096\nspine/d001/d002/d003/d004/d005/d006/d007/d008/d009/d010/d011/d012/d013/d014/d015/d016/d017/d018/d019/d020/d021/d022/d023/d024/d025/d026/d027/d028/d029/d030/d031/d032/d033/d034/d035/d036/d037/d038/d039/d040/d041/d042/d043/d044/d045/d046/d047/d048/d049/d050/d051/d052/d053/d054/d055/d056/d057/d058/d059/d060/d061/d062/d063/d064/d065/d066/d067/d068/d069/d070/d071/d072/d073/d074/d075/d076/d077/d078/d079/d080/d081/d082/d083/d084/d085/d086/d087/d088/d089/d090/d091/d092/d093/d094/d095/d096/d097/d098/d099/d100/d101/d102/d103/d104/d105/d106/d107/d108/d109/d110/d111/d112/d113/d114/d115/d116/d117/d118/d119/d120/d121/d122/d123/d124/d125/d126/d127/d128/s000.dat:0..4096\nwide/s020-f001.dat:0..4096\nwide/s020-f002.dat:0..65536\nspine/d001/d002/d003/d004/d005/d006/d007/d008/d009/d010/d011/d012/d013/d014/d015/d016/d017/d018/d019/d020/d021/d022/d023/d024/d025/d026/d027/d028/d029/d030/d031/d032/d033/d034/d035/d036/d037/d038/d039/d040/d041/d042/d043/d044/d045/d046/d047/d048/d049/d050/d051/d052/d053/d054/d055/d056/d057/d058/d059/d060/d061/d062/d063/d064/d065/d066/d067/d068/d069/d070/d071/d072/d073/d074/d075/d076/d077/d078/d079/d080/d081/d082/d083/d084/d085/d086/d087/d088/d089/d090/d091/d092/d093/d094/d095/d096/d097/d098/d099/d100/d101/d102/d103/d104/d105/d106/d107/d108/d109/d110/d111/d112/d113/d114/d115/d116/d117/d118/d119/d120/d121/d122/d123/d124/d125/d126/d127/d128/s024.dat:0..65536""]","{""type"":""sampled-content"",""summary"":""changed data and selected unchanged witnesses; qualified roots"",""details"":[]}",,,,,,
directory_construction_traversal,directory-metadata-scan-1-compact-v2,PASS,2.2674223750072997,3b4b7771ba61326b08af2ea18bffdc012e5417706fd050c7e03e80bbc32b2d1e,891067915b4152dd42e7510ef374a3d8a8827ead03a597051335c933d0485958,d3501230c83903c04255504104099fb89f2fef73a20cd4686a302739728638f7,sha256:42eb806fcfe9db1dc28098eb423340de3e4eaf81fd487389128305e65606d347,verification/directory_construction_traversal/directory-metadata-scan-1-compact-v2/verification.json,"[""no exhaustive Phase 1 replay""]",[],"{""type"":""sampled-content"",""summary"":""changed data and selected unchanged witnesses; qualified roots"",""details"":[{""kind"":""fast-canonical-verification"",""receipt"":""{\""actual_read_logical_bytes\"": \""1048576\"", \""actual_read_regular_paths\"": \""50\"", \""authenticated_global_inodes\"": \""184\"", \""authenticated_namespace_paths\"": \""184\"", \""canonical_root\"": \""c64cecd92d54956f49549987d5b4c174e7c45fc06b28fe7dfde3077d90e7aabe\"", \""certificate_binding\"": \""18f9c08a339e41fa22d7e296263e3fe68a8102fb65d340596968685ff1bf8ae5\"", \""covered_regular_paths\"": \""0\"", \""full_canonical_census_performed\"": \""false\"", \""fully_verified\"": \""false\"", \""has_reused_reference\"": \""false\"", \""reference_assurance\"": \""independent_current_content\"", \""reference_native_readback\"": \""false\"", \""reference_root_scope\"": \""none\"", \""scope\"": \""full current namespace/global inode/metadata/aliases; selected changed+witness bytes; unchanged file-state/extent/payload subgraph references certified, those current subgraph bytes not read\"", \""skipped_current_store_logical_bytes\"": \""0\"", \""skipped_current_store_regular_paths\"": \""0\"", \""verification_profile\"": \""fast-verify-v2\"", \""verification_status\"": \""fast_iteration_verified\""}"",""step"":1},{""coverage_sha256"":""e3b0c44298fc1c149afbf4c8996fb92427ae41e4649b934ca495991b7852b855"",""kind"":""fast-native-verification"",""receipt"":""absent_paths_verified=0\ncertificate_binding=18f9c08a339e41fa22d7e296263e3fe68a8102fb65d340596968685ff1bf8ae5\nchanged_paths_declared=0\ncovered_paths_sha256=e3b0c44298fc1c149afbf4c8996fb92427ae41e4649b934ca495991b7852b855\nfast_witness_profile=native-fast-witness-v2:first-middle-last-seeded-per-namespace-length-depth-class;declared-read-targets\nfully_verified=false\nlogical_bytes=1048576\nnative_namespace_paths_verified=184\nnative_namespace_type_source=DirEntry::file_type;platform-metadata-fallback-permitted;skipped-counts-describe-unperformed-checks-not-syscalls\nnative_namespace_types_verified=184\noracle_identity_encoding=structural-entry-recipes-v1\noracle_scope=independent-delta-and-witnesses;complete-native-namespace;certified-unchanged-content-roots-checked-by-host\nreference_assurance=independent_current_content\nselected_independent_oracle_identity=a4c72aafdb52e6f519781738a15fe8a60ec14350e5a698048f232d55e5af6188\nselected_metadata_paths_verified=183\nselected_regular_bytes_verified=1048576\nselected_regular_paths_verified=50\nskipped_untouched_metadata_paths=1\nskipped_untouched_regular_bodies=0\nuncertified_regular_paths_checked=50\nverification_status=fast_iteration_verified\nwitness_paths_declared=144\n"",""step"":1}]}",,,,,,
directory_construction_traversal,directory-metadata-scan-10-compact-v2,PASS,2.849100459003239,3b4b7771ba61326b08af2ea18bffdc012e5417706fd050c7e03e80bbc32b2d1e,891067915b4152dd42e7510ef374a3d8a8827ead03a597051335c933d0485958,154a7935be859d566e9fdbd26d18588e5fe4591c603e6afa7b5202ed97caa9a2,sha256:42eb806fcfe9db1dc28098eb423340de3e4eaf81fd487389128305e65606d347,verification/directory_construction_traversal/directory-metadata-scan-10-compact-v2/verification.json,"[""no exhaustive Phase 1 replay""]",[],"{""type"":""sampled-content"",""summary"":""changed data and selected unchanged witnesses; qualified roots"",""details"":[{""kind"":""fast-canonical-verification"",""receipt"":""{\""actual_read_logical_bytes\"": \""10485760\"", \""actual_read_regular_paths\"": \""500\"", \""authenticated_global_inodes\"": \""643\"", \""authenticated_namespace_paths\"": \""643\"", \""canonical_root\"": \""3e52a1af0d7c6bbb4d8a9f7bd63aa1c74bb4cf076f73634e90aac36faa47e639\"", \""certificate_binding\"": \""853204c27f95b75fd3a5ae8a2194a4a6bb02844fe6ceeb535a8fb627c4bb2da0\"", \""covered_regular_paths\"": \""0\"", \""full_canonical_census_performed\"": \""false\"", \""fully_verified\"": \""false\"", \""has_reused_reference\"": \""false\"", \""reference_assurance\"": \""independent_current_content\"", \""reference_native_readback\"": \""false\"", \""reference_root_scope\"": \""none\"", \""scope\"": \""full current namespace/global inode/metadata/aliases; selected changed+witness bytes; unchanged file-state/extent/payload subgraph references certified, those current subgraph bytes not read\"", \""skipped_current_store_logical_bytes\"": \""0\"", \""skipped_current_store_regular_paths\"": \""0\"", \""verification_profile\"": \""fast-verify-v2\"", \""verification_status\"": \""fast_iteration_verified\""}"",""step"":1},{""coverage_sha256"":""e3b0c44298fc1c149afbf4c8996fb92427ae41e4649b934ca495991b7852b855"",""kind"":""fast-native-verification"",""receipt"":""absent_paths_verified=0\ncertificate_binding=853204c27f95b75fd3a5ae8a2194a4a6bb02844fe6ceeb535a8fb627c4bb2da0\nchanged_paths_declared=0\ncovered_paths_sha256=e3b0c44298fc1c149afbf4c8996fb92427ae41e4649b934ca495991b7852b855\nfast_witness_profile=native-fast-witness-v2:first-middle-last-seeded-per-namespace-length-depth-class;declared-read-targets\nfully_verified=false\nlogical_bytes=10485760\nnative_namespace_paths_verified=643\nnative_namespace_type_source=DirEntry::file_type;platform-metadata-fallback-permitted;skipped-counts-describe-unperformed-checks-not-syscalls\nnative_namespace_types_verified=643\noracle_identity_encoding=structural-entry-recipes-v1\noracle_scope=independent-delta-and-witnesses;complete-native-namespace;certified-unchanged-content-roots-checked-by-host\nreference_assurance=independent_current_content\nselected_independent_oracle_identity=05bbfd03a9acbf42bc8b589e347b0d9564d92a535924707e984440914caa1571\nselected_metadata_paths_verified=642\nselected_regular_bytes_verified=10485760\nselected_regular_paths_verified=500\nskipped_untouched_metadata_paths=1\nskipped_untouched_regular_bodies=0\nuncertified_regular_paths_checked=500\nverification_status=fast_iteration_verified\nwitness_paths_declared=156\n"",""step"":1}]}",,,,,,
directory_construction_traversal,directory-metadata-scan-100-mixed-v4,PASS,4.346459749998758,3b4b7771ba61326b08af2ea18bffdc012e5417706fd050c7e03e80bbc32b2d1e,891067915b4152dd42e7510ef374a3d8a8827ead03a597051335c933d0485958,cba17f9c71f7d886e2d7c186158b92de3118b8a633113f269ad61558a886c834,sha256:42eb806fcfe9db1dc28098eb423340de3e4eaf81fd487389128305e65606d347,verification/directory_construction_traversal/directory-metadata-scan-100-mixed-v4/verification.json,"[""no exhaustive Phase 1 replay"",""sampled Workspace proof: no exhaustive namespace, full-file bytes, object census, aliases, or failure injection""]","[""absent_paths="",""full_file_bytes_verified=false"",""full_namespace_verified=false"",""omissions=unselected paths, bytes beyond selected ranges, exhaustive inode/object/reference census, alias and failure injection semantics"",""sampled_paths=.\ndest\nwide\nwide/s000-f000.dat\nwide/s000-f001.dat\nregular/s000/f064.dat\nspine/d001/d002/d003/d004/d005/d006/d007/d008/d009/d010/d011/d012/d013/d014/d015/d016/d017/d018/d019/d020/d021/d022/d023/d024/d025/d026/d027/d028/d029/d030/d031/d032/d033/d034/d035/d036/d037/d038/d039/d040/d041/d042/d043/d044/d045/d046/d047/d048/d049/d050/d051/d052/d053/d054/d055/d056/d057/d058/d059/d060/d061/d062/d063/d064/d065/d066/d067/d068/d069/d070/d071/d072/d073/d074/d075/d076/d077/d078/d079/d080/d081/d082/d083/d084/d085/d086/d087/d088/d089/d090/d091/d092/d093/d094/d095/d096/d097/d098/d099/d100/d101/d102/d103/d104/d105/d106/d107/d108/d109/d110/d111/d112/d113/d114/d115/d116/d117/d118/d119/d120/d121/d122/d123/d124/d125/d126/d127/d128/s000.dat\nwide/s008-f000.dat\nwide/s008-f001.dat\nspine/d001/d002/d003/d004/d005/d006/d007/d008/d009/d010/d011/d012/d013/d014/d015/d016/d017/d018/d019/d020/d021/d022/d023/d024/d025/d026/d027/d028/d029/d030/d031/d032/d033/d034/d035/d036/d037/d038/d039/d040/d041/d042/d043/d044/d045/d046/d047/d048/d049/d050/d051/d052/d053/d054/d055/d056/d057/d058/d059/d060/d061/d062/d063/d064/d065/d066/d067/d068/d069/d070/d071/d072/d073/d074/d075/d076/d077/d078/d079/d080/d081/d082/d083/d084/d085/d086/d087/d088/d089/d090/d091/d092/d093/d094/d095/d096/d097/d098/d099/d100/d101/d102/d103/d104/d105/d106/d107/d108/d109/d110/d111/d112/d113/d114/d115/d116/d117/d118/d119/d120/d121/d122/d123/d124/d125/d126/d127/d128/s009.dat"",""sampled_ranges=wide/s000-f000.dat:0..65536\nwide/s000-f000.dat:26214400..26279936\nwide/s000-f000.dat:52363264..52428800\nwide/s000-f001.dat:0..4096\nregular/s000/f064.dat:0..4096\nspine/d001/d002/d003/d004/d005/d006/d007/d008/d009/d010/d011/d012/d013/d014/d015/d016/d017/d018/d019/d020/d021/d022/d023/d024/d025/d026/d027/d028/d029/d030/d031/d032/d033/d034/d035/d036/d037/d038/d039/d040/d041/d042/d043/d044/d045/d046/d047/d048/d049/d050/d051/d052/d053/d054/d055/d056/d057/d058/d059/d060/d061/d062/d063/d064/d065/d066/d067/d068/d069/d070/d071/d072/d073/d074/d075/d076/d077/d078/d079/d080/d081/d082/d083/d084/d085/d086/d087/d088/d089/d090/d091/d092/d093/d094/d095/d096/d097/d098/d099/d100/d101/d102/d103/d104/d105/d106/d107/d108/d109/d110/d111/d112/d113/d114/d115/d116/d117/d118/d119/d120/d121/d122/d123/d124/d125/d126/d127/d128/s000.dat:0..4096\nwide/s008-f000.dat:0..4096\nwide/s008-f001.dat:0..65536\nspine/d001/d002/d003/d004/d005/d006/d007/d008/d009/d010/d011/d012/d013/d014/d015/d016/d017/d018/d019/d020/d021/d022/d023/d024/d025/d026/d027/d028/d029/d030/d031/d032/d033/d034/d035/d036/d037/d038/d039/d040/d041/d042/d043/d044/d045/d046/d047/d048/d049/d050/d051/d052/d053/d054/d055/d056/d057/d058/d059/d060/d061/d062/d063/d064/d065/d066/d067/d068/d069/d070/d071/d072/d073/d074/d075/d076/d077/d078/d079/d080/d081/d082/d083/d084/d085/d086/d087/d088/d089/d090/d091/d092/d093/d094/d095/d096/d097/d098/d099/d100/d101/d102/d103/d104/d105/d106/d107/d108/d109/d110/d111/d112/d113/d114/d115/d116/d117/d118/d119/d120/d121/d122/d123/d124/d125/d126/d127/d128/s009.dat:0..65536""]","{""type"":""sampled-content"",""summary"":""changed data and selected unchanged witnesses; qualified roots"",""details"":[]}",,,,,,
directory_construction_traversal,directory-metadata-scan-500-mixed-v4,PASS,11.889083041998674,3b4b7771ba61326b08af2ea18bffdc012e5417706fd050c7e03e80bbc32b2d1e,891067915b4152dd42e7510ef374a3d8a8827ead03a597051335c933d0485958,476d65fe92c2875bdd31547d60dbe88f72191d2820e46aa9004e27151fbdfa75,sha256:42eb806fcfe9db1dc28098eb423340de3e4eaf81fd487389128305e65606d347,verification/directory_construction_traversal/directory-metadata-scan-500-mixed-v4/verification.json,"[""no exhaustive Phase 1 replay"",""sampled Workspace proof: no exhaustive namespace, full-file bytes, object census, aliases, or failure injection""]","[""absent_paths="",""full_file_bytes_verified=false"",""full_namespace_verified=false"",""omissions=unselected paths, bytes beyond selected ranges, exhaustive inode/object/reference census, alias and failure injection semantics"",""sampled_paths=.\ndest\nwide\nwide/s000-f000.dat\nwide/s000-f001.dat\nwide/s000-f002.dat\nregular/s000/f064.dat\nspine/d001/d002/d003/d004/d005/d006/d007/d008/d009/d010/d011/d012/d013/d014/d015/d016/d017/d018/d019/d020/d021/d022/d023/d024/d025/d026/d027/d028/d029/d030/d031/d032/d033/d034/d035/d036/d037/d038/d039/d040/d041/d042/d043/d044/d045/d046/d047/d048/d049/d050/d051/d052/d053/d054/d055/d056/d057/d058/d059/d060/d061/d062/d063/d064/d065/d066/d067/d068/d069/d070/d071/d072/d073/d074/d075/d076/d077/d078/d079/d080/d081/d082/d083/d084/d085/d086/d087/d088/d089/d090/d091/d092/d093/d094/d095/d096/d097/d098/d099/d100/d101/d102/d103/d104/d105/d106/d107/d108/d109/d110/d111/d112/d113/d114/d115/d116/d117/d118/d119/d120/d121/d122/d123/d124/d125/d126/d127/d128/s000.dat\nwide/s020-f001.dat\nwide/s020-f002.dat\nspine/d001/d002/d003/d004/d005/d006/d007/d008/d009/d010/d011/d012/d013/d014/d015/d016/d017/d018/d019/d020/d021/d022/d023/d024/d025/d026/d027/d028/d029/d030/d031/d032/d033/d034/d035/d036/d037/d038/d039/d040/d041/d042/d043/d044/d045/d046/d047/d048/d049/d050/d051/d052/d053/d054/d055/d056/d057/d058/d059/d060/d061/d062/d063/d064/d065/d066/d067/d068/d069/d070/d071/d072/d073/d074/d075/d076/d077/d078/d079/d080/d081/d082/d083/d084/d085/d086/d087/d088/d089/d090/d091/d092/d093/d094/d095/d096/d097/d098/d099/d100/d101/d102/d103/d104/d105/d106/d107/d108/d109/d110/d111/d112/d113/d114/d115/d116/d117/d118/d119/d120/d121/d122/d123/d124/d125/d126/d127/d128/s024.dat"",""sampled_ranges=wide/s000-f000.dat:0..65536\nwide/s000-f000.dat:157286400..157351936\nwide/s000-f000.dat:314507264..314572800\nwide/s000-f001.dat:0..65536\nwide/s000-f001.dat:52428800..52494336\nwide/s000-f001.dat:104792064..104857600\nwide/s000-f002.dat:0..4096\nregular/s000/f064.dat:0..4096\nspine/d001/d002/d003/d004/d005/d006/d007/d008/d009/d010/d011/d012/d013/d014/d015/d016/d017/d018/d019/d020/d021/d022/d023/d024/d025/d026/d027/d028/d029/d030/d031/d032/d033/d034/d035/d036/d037/d038/d039/d040/d041/d042/d043/d044/d045/d046/d047/d048/d049/d050/d051/d052/d053/d054/d055/d056/d057/d058/d059/d060/d061/d062/d063/d064/d065/d066/d067/d068/d069/d070/d071/d072/d073/d074/d075/d076/d077/d078/d079/d080/d081/d082/d083/d084/d085/d086/d087/d088/d089/d090/d091/d092/d093/d094/d095/d096/d097/d098/d099/d100/d101/d102/d103/d104/d105/d106/d107/d108/d109/d110/d111/d112/d113/d114/d115/d116/d117/d118/d119/d120/d121/d122/d123/d124/d125/d126/d127/d128/s000.dat:0..4096\nwide/s020-f001.dat:0..4096\nwide/s020-f002.dat:0..65536\nspine/d001/d002/d003/d004/d005/d006/d007/d008/d009/d010/d011/d012/d013/d014/d015/d016/d017/d018/d019/d020/d021/d022/d023/d024/d025/d026/d027/d028/d029/d030/d031/d032/d033/d034/d035/d036/d037/d038/d039/d040/d041/d042/d043/d044/d045/d046/d047/d048/d049/d050/d051/d052/d053/d054/d055/d056/d057/d058/d059/d060/d061/d062/d063/d064/d065/d066/d067/d068/d069/d070/d071/d072/d073/d074/d075/d076/d077/d078/d079/d080/d081/d082/d083/d084/d085/d086/d087/d088/d089/d090/d091/d092/d093/d094/d095/d096/d097/d098/d099/d100/d101/d102/d103/d104/d105/d106/d107/d108/d109/d110/d111/d112/d113/d114/d115/d116/d117/d118/d119/d120/d121/d122/d123/d124/d125/d126/d127/d128/s024.dat:0..65536""]","{""type"":""sampled-content"",""summary"":""changed data and selected unchanged witnesses; qualified roots"",""details"":[]}",,,,,,
directory_construction_traversal,directory-content-scan-1-compact-v2,PASS,2.0612841670081252,3b4b7771ba61326b08af2ea18bffdc012e5417706fd050c7e03e80bbc32b2d1e,891067915b4152dd42e7510ef374a3d8a8827ead03a597051335c933d0485958,427995ae4c7409d46d9bd57b42967b40fcc74faffa4c355cdde43db248fa8146,sha256:42eb806fcfe9db1dc28098eb423340de3e4eaf81fd487389128305e65606d347,verification/directory_construction_traversal/directory-content-scan-1-compact-v2/verification.json,"[""no exhaustive Phase 1 replay""]",[],"{""type"":""sampled-content"",""summary"":""changed data and selected unchanged witnesses; qualified roots"",""details"":[{""kind"":""fast-canonical-verification"",""receipt"":""{\""actual_read_logical_bytes\"": \""1048576\"", \""actual_read_regular_paths\"": \""50\"", \""authenticated_global_inodes\"": \""184\"", \""authenticated_namespace_paths\"": \""184\"", \""canonical_root\"": \""c64cecd92d54956f49549987d5b4c174e7c45fc06b28fe7dfde3077d90e7aabe\"", \""certificate_binding\"": \""d16f0c5c35046b8083a2d57a9276ea1f5a6060605aba73ecc6aa496ede785bae\"", \""covered_regular_paths\"": \""0\"", \""full_canonical_census_performed\"": \""false\"", \""fully_verified\"": \""false\"", \""has_reused_reference\"": \""false\"", \""reference_assurance\"": \""independent_current_content\"", \""reference_native_readback\"": \""false\"", \""reference_root_scope\"": \""none\"", \""scope\"": \""full current namespace/global inode/metadata/aliases; selected changed+witness bytes; unchanged file-state/extent/payload subgraph references certified, those current subgraph bytes not read\"", \""skipped_current_store_logical_bytes\"": \""0\"", \""skipped_current_store_regular_paths\"": \""0\"", \""verification_profile\"": \""fast-verify-v2\"", \""verification_status\"": \""fast_iteration_verified\""}"",""step"":1},{""coverage_sha256"":""e3b0c44298fc1c149afbf4c8996fb92427ae41e4649b934ca495991b7852b855"",""kind"":""fast-native-verification"",""receipt"":""absent_paths_verified=0\ncertificate_binding=d16f0c5c35046b8083a2d57a9276ea1f5a6060605aba73ecc6aa496ede785bae\nchanged_paths_declared=0\ncovered_paths_sha256=e3b0c44298fc1c149afbf4c8996fb92427ae41e4649b934ca495991b7852b855\nfast_witness_profile=native-fast-witness-v2:first-middle-last-seeded-per-namespace-length-depth-class;declared-read-targets\nfully_verified=false\nlogical_bytes=1048576\nnative_namespace_paths_verified=184\nnative_namespace_type_source=DirEntry::file_type;platform-metadata-fallback-permitted;skipped-counts-describe-unperformed-checks-not-syscalls\nnative_namespace_types_verified=184\noracle_identity_encoding=structural-entry-recipes-v1\noracle_scope=independent-delta-and-witnesses;complete-native-namespace;certified-unchanged-content-roots-checked-by-host\nreference_assurance=independent_current_content\nselected_independent_oracle_identity=a4c72aafdb52e6f519781738a15fe8a60ec14350e5a698048f232d55e5af6188\nselected_metadata_paths_verified=183\nselected_regular_bytes_verified=1048576\nselected_regular_paths_verified=50\nskipped_untouched_metadata_paths=1\nskipped_untouched_regular_bodies=0\nuncertified_regular_paths_checked=50\nverification_status=fast_iteration_verified\nwitness_paths_declared=144\n"",""step"":1}]}",,,,,,
directory_construction_traversal,directory-content-scan-10-compact-v2,PASS,2.7872155840013875,3b4b7771ba61326b08af2ea18bffdc012e5417706fd050c7e03e80bbc32b2d1e,891067915b4152dd42e7510ef374a3d8a8827ead03a597051335c933d0485958,51ee365433063c337f065a5aae112e3dd4ecb18a9a8dd418e858aa75d6504b80,sha256:42eb806fcfe9db1dc28098eb423340de3e4eaf81fd487389128305e65606d347,verification/directory_construction_traversal/directory-content-scan-10-compact-v2/verification.json,"[""no exhaustive Phase 1 replay""]",[],"{""type"":""sampled-content"",""summary"":""changed data and selected unchanged witnesses; qualified roots"",""details"":[{""kind"":""fast-canonical-verification"",""receipt"":""{\""actual_read_logical_bytes\"": \""10485760\"", \""actual_read_regular_paths\"": \""500\"", \""authenticated_global_inodes\"": \""643\"", \""authenticated_namespace_paths\"": \""643\"", \""canonical_root\"": \""3e52a1af0d7c6bbb4d8a9f7bd63aa1c74bb4cf076f73634e90aac36faa47e639\"", \""certificate_binding\"": \""a1e7c0b94f87fc9ec285dae781dd7593d25a08649e0ab3238f95cb44dbd33201\"", \""covered_regular_paths\"": \""0\"", \""full_canonical_census_performed\"": \""false\"", \""fully_verified\"": \""false\"", \""has_reused_reference\"": \""false\"", \""reference_assurance\"": \""independent_current_content\"", \""reference_native_readback\"": \""false\"", \""reference_root_scope\"": \""none\"", \""scope\"": \""full current namespace/global inode/metadata/aliases; selected changed+witness bytes; unchanged file-state/extent/payload subgraph references certified, those current subgraph bytes not read\"", \""skipped_current_store_logical_bytes\"": \""0\"", \""skipped_current_store_regular_paths\"": \""0\"", \""verification_profile\"": \""fast-verify-v2\"", \""verification_status\"": \""fast_iteration_verified\""}"",""step"":1},{""coverage_sha256"":""e3b0c44298fc1c149afbf4c8996fb92427ae41e4649b934ca495991b7852b855"",""kind"":""fast-native-verification"",""receipt"":""absent_paths_verified=0\ncertificate_binding=a1e7c0b94f87fc9ec285dae781dd7593d25a08649e0ab3238f95cb44dbd33201\nchanged_paths_declared=0\ncovered_paths_sha256=e3b0c44298fc1c149afbf4c8996fb92427ae41e4649b934ca495991b7852b855\nfast_witness_profile=native-fast-witness-v2:first-middle-last-seeded-per-namespace-length-depth-class;declared-read-targets\nfully_verified=false\nlogical_bytes=10485760\nnative_namespace_paths_verified=643\nnative_namespace_type_source=DirEntry::file_type;platform-metadata-fallback-permitted;skipped-counts-describe-unperformed-checks-not-syscalls\nnative_namespace_types_verified=643\noracle_identity_encoding=structural-entry-recipes-v1\noracle_scope=independent-delta-and-witnesses;complete-native-namespace;certified-unchanged-content-roots-checked-by-host\nreference_assurance=independent_current_content\nselected_independent_oracle_identity=05bbfd03a9acbf42bc8b589e347b0d9564d92a535924707e984440914caa1571\nselected_metadata_paths_verified=642\nselected_regular_bytes_verified=10485760\nselected_regular_paths_verified=500\nskipped_untouched_metadata_paths=1\nskipped_untouched_regular_bodies=0\nuncertified_regular_paths_checked=500\nverification_status=fast_iteration_verified\nwitness_paths_declared=158\n"",""step"":1}]}",,,,,,
directory_construction_traversal,directory-content-scan-100-mixed-v4,PASS,3.6952264169958653,3b4b7771ba61326b08af2ea18bffdc012e5417706fd050c7e03e80bbc32b2d1e,891067915b4152dd42e7510ef374a3d8a8827ead03a597051335c933d0485958,9c1831f4dfa3570fe1efcdb13cac73ed4b3dbb2bfb346768478b1c66ec13df3a,sha256:42eb806fcfe9db1dc28098eb423340de3e4eaf81fd487389128305e65606d347,verification/directory_construction_traversal/directory-content-scan-100-mixed-v4/verification.json,"[""no exhaustive Phase 1 replay"",""sampled Workspace proof: no exhaustive namespace, full-file bytes, object census, aliases, or failure injection""]","[""absent_paths="",""full_file_bytes_verified=false"",""full_namespace_verified=false"",""omissions=unselected paths, bytes beyond selected ranges, exhaustive inode/object/reference census, alias and failure injection semantics"",""sampled_paths=.\ndest\nwide\nwide/s000-f000.dat\nwide/s000-f001.dat\nregular/s000/f064.dat\nspine/d001/d002/d003/d004/d005/d006/d007/d008/d009/d010/d011/d012/d013/d014/d015/d016/d017/d018/d019/d020/d021/d022/d023/d024/d025/d026/d027/d028/d029/d030/d031/d032/d033/d034/d035/d036/d037/d038/d039/d040/d041/d042/d043/d044/d045/d046/d047/d048/d049/d050/d051/d052/d053/d054/d055/d056/d057/d058/d059/d060/d061/d062/d063/d064/d065/d066/d067/d068/d069/d070/d071/d072/d073/d074/d075/d076/d077/d078/d079/d080/d081/d082/d083/d084/d085/d086/d087/d088/d089/d090/d091/d092/d093/d094/d095/d096/d097/d098/d099/d100/d101/d102/d103/d104/d105/d106/d107/d108/d109/d110/d111/d112/d113/d114/d115/d116/d117/d118/d119/d120/d121/d122/d123/d124/d125/d126/d127/d128/s000.dat\nwide/s008-f000.dat\nwide/s008-f001.dat\nspine/d001/d002/d003/d004/d005/d006/d007/d008/d009/d010/d011/d012/d013/d014/d015/d016/d017/d018/d019/d020/d021/d022/d023/d024/d025/d026/d027/d028/d029/d030/d031/d032/d033/d034/d035/d036/d037/d038/d039/d040/d041/d042/d043/d044/d045/d046/d047/d048/d049/d050/d051/d052/d053/d054/d055/d056/d057/d058/d059/d060/d061/d062/d063/d064/d065/d066/d067/d068/d069/d070/d071/d072/d073/d074/d075/d076/d077/d078/d079/d080/d081/d082/d083/d084/d085/d086/d087/d088/d089/d090/d091/d092/d093/d094/d095/d096/d097/d098/d099/d100/d101/d102/d103/d104/d105/d106/d107/d108/d109/d110/d111/d112/d113/d114/d115/d116/d117/d118/d119/d120/d121/d122/d123/d124/d125/d126/d127/d128/s009.dat"",""sampled_ranges=wide/s000-f000.dat:0..65536\nwide/s000-f000.dat:26214400..26279936\nwide/s000-f000.dat:52363264..52428800\nwide/s000-f001.dat:0..4096\nregular/s000/f064.dat:0..4096\nspine/d001/d002/d003/d004/d005/d006/d007/d008/d009/d010/d011/d012/d013/d014/d015/d016/d017/d018/d019/d020/d021/d022/d023/d024/d025/d026/d027/d028/d029/d030/d031/d032/d033/d034/d035/d036/d037/d038/d039/d040/d041/d042/d043/d044/d045/d046/d047/d048/d049/d050/d051/d052/d053/d054/d055/d056/d057/d058/d059/d060/d061/d062/d063/d064/d065/d066/d067/d068/d069/d070/d071/d072/d073/d074/d075/d076/d077/d078/d079/d080/d081/d082/d083/d084/d085/d086/d087/d088/d089/d090/d091/d092/d093/d094/d095/d096/d097/d098/d099/d100/d101/d102/d103/d104/d105/d106/d107/d108/d109/d110/d111/d112/d113/d114/d115/d116/d117/d118/d119/d120/d121/d122/d123/d124/d125/d126/d127/d128/s000.dat:0..4096\nwide/s008-f000.dat:0..4096\nwide/s008-f001.dat:0..65536\nspine/d001/d002/d003/d004/d005/d006/d007/d008/d009/d010/d011/d012/d013/d014/d015/d016/d017/d018/d019/d020/d021/d022/d023/d024/d025/d026/d027/d028/d029/d030/d031/d032/d033/d034/d035/d036/d037/d038/d039/d040/d041/d042/d043/d044/d045/d046/d047/d048/d049/d050/d051/d052/d053/d054/d055/d056/d057/d058/d059/d060/d061/d062/d063/d064/d065/d066/d067/d068/d069/d070/d071/d072/d073/d074/d075/d076/d077/d078/d079/d080/d081/d082/d083/d084/d085/d086/d087/d088/d089/d090/d091/d092/d093/d094/d095/d096/d097/d098/d099/d100/d101/d102/d103/d104/d105/d106/d107/d108/d109/d110/d111/d112/d113/d114/d115/d116/d117/d118/d119/d120/d121/d122/d123/d124/d125/d126/d127/d128/s009.dat:0..65536""]","{""type"":""sampled-content"",""summary"":""changed data and selected unchanged witnesses; qualified roots"",""details"":[]}",,,,,,
directory_construction_traversal,directory-content-scan-500-mixed-v4,PASS,9.279710457994952,3b4b7771ba61326b08af2ea18bffdc012e5417706fd050c7e03e80bbc32b2d1e,891067915b4152dd42e7510ef374a3d8a8827ead03a597051335c933d0485958,f9e813e542b8e77b22debd1580cb2b07441f2121b933008d1a6799a291f4edbd,sha256:42eb806fcfe9db1dc28098eb423340de3e4eaf81fd487389128305e65606d347,verification/directory_construction_traversal/directory-content-scan-500-mixed-v4/verification.json,"[""no exhaustive Phase 1 replay"",""sampled Workspace proof: no exhaustive namespace, full-file bytes, object census, aliases, or failure injection""]","[""absent_paths="",""full_file_bytes_verified=false"",""full_namespace_verified=false"",""omissions=unselected paths, bytes beyond selected ranges, exhaustive inode/object/reference census, alias and failure injection semantics"",""sampled_paths=.\ndest\nwide\nwide/s000-f000.dat\nwide/s000-f001.dat\nwide/s000-f002.dat\nregular/s000/f064.dat\nspine/d001/d002/d003/d004/d005/d006/d007/d008/d009/d010/d011/d012/d013/d014/d015/d016/d017/d018/d019/d020/d021/d022/d023/d024/d025/d026/d027/d028/d029/d030/d031/d032/d033/d034/d035/d036/d037/d038/d039/d040/d041/d042/d043/d044/d045/d046/d047/d048/d049/d050/d051/d052/d053/d054/d055/d056/d057/d058/d059/d060/d061/d062/d063/d064/d065/d066/d067/d068/d069/d070/d071/d072/d073/d074/d075/d076/d077/d078/d079/d080/d081/d082/d083/d084/d085/d086/d087/d088/d089/d090/d091/d092/d093/d094/d095/d096/d097/d098/d099/d100/d101/d102/d103/d104/d105/d106/d107/d108/d109/d110/d111/d112/d113/d114/d115/d116/d117/d118/d119/d120/d121/d122/d123/d124/d125/d126/d127/d128/s000.dat\nwide/s020-f001.dat\nwide/s020-f002.dat\nspine/d001/d002/d003/d004/d005/d006/d007/d008/d009/d010/d011/d012/d013/d014/d015/d016/d017/d018/d019/d020/d021/d022/d023/d024/d025/d026/d027/d028/d029/d030/d031/d032/d033/d034/d035/d036/d037/d038/d039/d040/d041/d042/d043/d044/d045/d046/d047/d048/d049/d050/d051/d052/d053/d054/d055/d056/d057/d058/d059/d060/d061/d062/d063/d064/d065/d066/d067/d068/d069/d070/d071/d072/d073/d074/d075/d076/d077/d078/d079/d080/d081/d082/d083/d084/d085/d086/d087/d088/d089/d090/d091/d092/d093/d094/d095/d096/d097/d098/d099/d100/d101/d102/d103/d104/d105/d106/d107/d108/d109/d110/d111/d112/d113/d114/d115/d116/d117/d118/d119/d120/d121/d122/d123/d124/d125/d126/d127/d128/s024.dat"",""sampled_ranges=wide/s000-f000.dat:0..65536\nwide/s000-f000.dat:157286400..157351936\nwide/s000-f000.dat:314507264..314572800\nwide/s000-f001.dat:0..65536\nwide/s000-f001.dat:52428800..52494336\nwide/s000-f001.dat:104792064..104857600\nwide/s000-f002.dat:0..4096\nregular/s000/f064.dat:0..4096\nspine/d001/d002/d003/d004/d005/d006/d007/d008/d009/d010/d011/d012/d013/d014/d015/d016/d017/d018/d019/d020/d021/d022/d023/d024/d025/d026/d027/d028/d029/d030/d031/d032/d033/d034/d035/d036/d037/d038/d039/d040/d041/d042/d043/d044/d045/d046/d047/d048/d049/d050/d051/d052/d053/d054/d055/d056/d057/d058/d059/d060/d061/d062/d063/d064/d065/d066/d067/d068/d069/d070/d071/d072/d073/d074/d075/d076/d077/d078/d079/d080/d081/d082/d083/d084/d085/d086/d087/d088/d089/d090/d091/d092/d093/d094/d095/d096/d097/d098/d099/d100/d101/d102/d103/d104/d105/d106/d107/d108/d109/d110/d111/d112/d113/d114/d115/d116/d117/d118/d119/d120/d121/d122/d123/d124/d125/d126/d127/d128/s000.dat:0..4096\nwide/s020-f001.dat:0..4096\nwide/s020-f002.dat:0..65536\nspine/d001/d002/d003/d004/d005/d006/d007/d008/d009/d010/d011/d012/d013/d014/d015/d016/d017/d018/d019/d020/d021/d022/d023/d024/d025/d026/d027/d028/d029/d030/d031/d032/d033/d034/d035/d036/d037/d038/d039/d040/d041/d042/d043/d044/d045/d046/d047/d048/d049/d050/d051/d052/d053/d054/d055/d056/d057/d058/d059/d060/d061/d062/d063/d064/d065/d066/d067/d068/d069/d070/d071/d072/d073/d074/d075/d076/d077/d078/d079/d080/d081/d082/d083/d084/d085/d086/d087/d088/d089/d090/d091/d092/d093/d094/d095/d096/d097/d098/d099/d100/d101/d102/d103/d104/d105/d106/d107/d108/d109/d110/d111/d112/d113/d114/d115/d116/d117/d118/d119/d120/d121/d122/d123/d124/d125/d126/d127/d128/s024.dat:0..65536""]","{""type"":""sampled-content"",""summary"":""changed data and selected unchanged witnesses; qualified roots"",""details"":[]}",,,,,,
workspace_change_locality,workspace-clean-commit-1-compact-v2,PASS,2.0557716249895748,3b4b7771ba61326b08af2ea18bffdc012e5417706fd050c7e03e80bbc32b2d1e,891067915b4152dd42e7510ef374a3d8a8827ead03a597051335c933d0485958,c0e50ca987e5551bdc6d468fcfc1ae32c67c1baa1f98e94e96d987e81b798ee8,sha256:42eb806fcfe9db1dc28098eb423340de3e4eaf81fd487389128305e65606d347,verification/workspace_change_locality/workspace-clean-commit-1-compact-v2/verification.json,"[""no exhaustive Phase 1 replay""]",[],"{""type"":""sampled-content"",""summary"":""changed data and selected unchanged witnesses; qualified roots"",""details"":[{""kind"":""fast-canonical-verification"",""receipt"":""{\""actual_read_logical_bytes\"": \""1048576\"", \""actual_read_regular_paths\"": \""50\"", \""authenticated_global_inodes\"": \""184\"", \""authenticated_namespace_paths\"": \""184\"", \""canonical_root\"": \""c64cecd92d54956f49549987d5b4c174e7c45fc06b28fe7dfde3077d90e7aabe\"", \""certificate_binding\"": \""3880e3472353d64e6d04802e214990f13bad99b7afdacce84d7cfa85f75e4934\"", \""covered_regular_paths\"": \""0\"", \""full_canonical_census_performed\"": \""false\"", \""fully_verified\"": \""false\"", \""has_reused_reference\"": \""false\"", \""reference_assurance\"": \""independent_current_content\"", \""reference_native_readback\"": \""false\"", \""reference_root_scope\"": \""none\"", \""scope\"": \""full current namespace/global inode/metadata/aliases; selected changed+witness bytes; unchanged file-state/extent/payload subgraph references certified, those current subgraph bytes not read\"", \""skipped_current_store_logical_bytes\"": \""0\"", \""skipped_current_store_regular_paths\"": \""0\"", \""verification_profile\"": \""fast-verify-v2\"", \""verification_status\"": \""fast_iteration_verified\""}"",""step"":1},{""coverage_sha256"":""e3b0c44298fc1c149afbf4c8996fb92427ae41e4649b934ca495991b7852b855"",""kind"":""fast-native-verification"",""receipt"":""absent_paths_verified=0\ncertificate_binding=3880e3472353d64e6d04802e214990f13bad99b7afdacce84d7cfa85f75e4934\nchanged_paths_declared=0\ncovered_paths_sha256=e3b0c44298fc1c149afbf4c8996fb92427ae41e4649b934ca495991b7852b855\nfast_witness_profile=native-fast-witness-v2:first-middle-last-seeded-per-namespace-length-depth-class;declared-read-targets\nfully_verified=false\nlogical_bytes=1048576\nnative_namespace_paths_verified=184\nnative_namespace_type_source=DirEntry::file_type;platform-metadata-fallback-permitted;skipped-counts-describe-unperformed-checks-not-syscalls\nnative_namespace_types_verified=184\noracle_identity_encoding=structural-entry-recipes-v1\noracle_scope=independent-delta-and-witnesses;complete-native-namespace;certified-unchanged-content-roots-checked-by-host\nreference_assurance=independent_current_content\nselected_independent_oracle_identity=a4c72aafdb52e6f519781738a15fe8a60ec14350e5a698048f232d55e5af6188\nselected_metadata_paths_verified=183\nselected_regular_bytes_verified=1048576\nselected_regular_paths_verified=50\nskipped_untouched_metadata_paths=1\nskipped_untouched_regular_bodies=0\nuncertified_regular_paths_checked=50\nverification_status=fast_iteration_verified\nwitness_paths_declared=144\n"",""step"":1}]}",,,,,,
workspace_change_locality,workspace-clean-commit-10-compact-v2,PASS,2.393616250003106,3b4b7771ba61326b08af2ea18bffdc012e5417706fd050c7e03e80bbc32b2d1e,891067915b4152dd42e7510ef374a3d8a8827ead03a597051335c933d0485958,1312fbea9865a51075c1d62f823f8feecdca9f4c36186968815e0325b685e3a1,sha256:42eb806fcfe9db1dc28098eb423340de3e4eaf81fd487389128305e65606d347,verification/workspace_change_locality/workspace-clean-commit-10-compact-v2/verification.json,"[""no exhaustive Phase 1 replay""]",[],"{""type"":""sampled-content"",""summary"":""changed data and selected unchanged witnesses; qualified roots"",""details"":[{""kind"":""fast-canonical-verification"",""receipt"":""{\""actual_read_logical_bytes\"": \""10485760\"", \""actual_read_regular_paths\"": \""500\"", \""authenticated_global_inodes\"": \""643\"", \""authenticated_namespace_paths\"": \""643\"", \""canonical_root\"": \""3e52a1af0d7c6bbb4d8a9f7bd63aa1c74bb4cf076f73634e90aac36faa47e639\"", \""certificate_binding\"": \""7d56cbc96e428873fbf0294b1a48a5c5ea47227692e68d628cc31449120904c1\"", \""covered_regular_paths\"": \""0\"", \""full_canonical_census_performed\"": \""false\"", \""fully_verified\"": \""false\"", \""has_reused_reference\"": \""false\"", \""reference_assurance\"": \""independent_current_content\"", \""reference_native_readback\"": \""false\"", \""reference_root_scope\"": \""none\"", \""scope\"": \""full current namespace/global inode/metadata/aliases; selected changed+witness bytes; unchanged file-state/extent/payload subgraph references certified, those current subgraph bytes not read\"", \""skipped_current_store_logical_bytes\"": \""0\"", \""skipped_current_store_regular_paths\"": \""0\"", \""verification_profile\"": \""fast-verify-v2\"", \""verification_status\"": \""fast_iteration_verified\""}"",""step"":1},{""coverage_sha256"":""e3b0c44298fc1c149afbf4c8996fb92427ae41e4649b934ca495991b7852b855"",""kind"":""fast-native-verification"",""receipt"":""absent_paths_verified=0\ncertificate_binding=7d56cbc96e428873fbf0294b1a48a5c5ea47227692e68d628cc31449120904c1\nchanged_paths_declared=0\ncovered_paths_sha256=e3b0c44298fc1c149afbf4c8996fb92427ae41e4649b934ca495991b7852b855\nfast_witness_profile=native-fast-witness-v2:first-middle-last-seeded-per-namespace-length-depth-class;declared-read-targets\nfully_verified=false\nlogical_bytes=10485760\nnative_namespace_paths_verified=643\nnative_namespace_type_source=DirEntry::file_type;platform-metadata-fallback-permitted;skipped-counts-describe-unperformed-checks-not-syscalls\nnative_namespace_types_verified=643\noracle_identity_encoding=structural-entry-recipes-v1\noracle_scope=independent-delta-and-witnesses;complete-native-namespace;certified-unchanged-content-roots-checked-by-host\nreference_assurance=independent_current_content\nselected_independent_oracle_identity=05bbfd03a9acbf42bc8b589e347b0d9564d92a535924707e984440914caa1571\nselected_metadata_paths_verified=642\nselected_regular_bytes_verified=10485760\nselected_regular_paths_verified=500\nskipped_untouched_metadata_paths=1\nskipped_untouched_regular_bodies=0\nuncertified_regular_paths_checked=500\nverification_status=fast_iteration_verified\nwitness_paths_declared=158\n"",""step"":1}]}",,,,,,
workspace_change_locality,workspace-clean-commit-100-mixed-v4,PASS,2.269748624996282,3b4b7771ba61326b08af2ea18bffdc012e5417706fd050c7e03e80bbc32b2d1e,891067915b4152dd42e7510ef374a3d8a8827ead03a597051335c933d0485958,829071275409077a208d55cf9d13df8811488cab9744eff1465fd6efd6341129,sha256:42eb806fcfe9db1dc28098eb423340de3e4eaf81fd487389128305e65606d347,verification/workspace_change_locality/workspace-clean-commit-100-mixed-v4/verification.json,"[""no exhaustive Phase 1 replay"",""sampled Workspace proof: no exhaustive namespace, full-file bytes, object census, aliases, or failure injection""]","[""absent_paths="",""full_file_bytes_verified=false"",""full_namespace_verified=false"",""omissions=unselected paths, bytes beyond selected ranges, exhaustive inode/object/reference census, alias and failure injection semantics"",""sampled_paths=.\ndest\nwide\nwide/s000-f000.dat\nwide/s000-f001.dat\nregular/s000/f064.dat\nspine/d001/d002/d003/d004/d005/d006/d007/d008/d009/d010/d011/d012/d013/d014/d015/d016/d017/d018/d019/d020/d021/d022/d023/d024/d025/d026/d027/d028/d029/d030/d031/d032/d033/d034/d035/d036/d037/d038/d039/d040/d041/d042/d043/d044/d045/d046/d047/d048/d049/d050/d051/d052/d053/d054/d055/d056/d057/d058/d059/d060/d061/d062/d063/d064/d065/d066/d067/d068/d069/d070/d071/d072/d073/d074/d075/d076/d077/d078/d079/d080/d081/d082/d083/d084/d085/d086/d087/d088/d089/d090/d091/d092/d093/d094/d095/d096/d097/d098/d099/d100/d101/d102/d103/d104/d105/d106/d107/d108/d109/d110/d111/d112/d113/d114/d115/d116/d117/d118/d119/d120/d121/d122/d123/d124/d125/d126/d127/d128/s000.dat\nwide/s008-f000.dat\nwide/s008-f001.dat\nspine/d001/d002/d003/d004/d005/d006/d007/d008/d009/d010/d011/d012/d013/d014/d015/d016/d017/d018/d019/d020/d021/d022/d023/d024/d025/d026/d027/d028/d029/d030/d031/d032/d033/d034/d035/d036/d037/d038/d039/d040/d041/d042/d043/d044/d045/d046/d047/d048/d049/d050/d051/d052/d053/d054/d055/d056/d057/d058/d059/d060/d061/d062/d063/d064/d065/d066/d067/d068/d069/d070/d071/d072/d073/d074/d075/d076/d077/d078/d079/d080/d081/d082/d083/d084/d085/d086/d087/d088/d089/d090/d091/d092/d093/d094/d095/d096/d097/d098/d099/d100/d101/d102/d103/d104/d105/d106/d107/d108/d109/d110/d111/d112/d113/d114/d115/d116/d117/d118/d119/d120/d121/d122/d123/d124/d125/d126/d127/d128/s009.dat"",""sampled_ranges=wide/s000-f000.dat:0..65536\nwide/s000-f000.dat:26214400..26279936\nwide/s000-f000.dat:52363264..52428800\nwide/s000-f001.dat:0..4096\nregular/s000/f064.dat:0..4096\nspine/d001/d002/d003/d004/d005/d006/d007/d008/d009/d010/d011/d012/d013/d014/d015/d016/d017/d018/d019/d020/d021/d022/d023/d024/d025/d026/d027/d028/d029/d030/d031/d032/d033/d034/d035/d036/d037/d038/d039/d040/d041/d042/d043/d044/d045/d046/d047/d048/d049/d050/d051/d052/d053/d054/d055/d056/d057/d058/d059/d060/d061/d062/d063/d064/d065/d066/d067/d068/d069/d070/d071/d072/d073/d074/d075/d076/d077/d078/d079/d080/d081/d082/d083/d084/d085/d086/d087/d088/d089/d090/d091/d092/d093/d094/d095/d096/d097/d098/d099/d100/d101/d102/d103/d104/d105/d106/d107/d108/d109/d110/d111/d112/d113/d114/d115/d116/d117/d118/d119/d120/d121/d122/d123/d124/d125/d126/d127/d128/s000.dat:0..4096\nwide/s008-f000.dat:0..4096\nwide/s008-f001.dat:0..65536\nspine/d001/d002/d003/d004/d005/d006/d007/d008/d009/d010/d011/d012/d013/d014/d015/d016/d017/d018/d019/d020/d021/d022/d023/d024/d025/d026/d027/d028/d029/d030/d031/d032/d033/d034/d035/d036/d037/d038/d039/d040/d041/d042/d043/d044/d045/d046/d047/d048/d049/d050/d051/d052/d053/d054/d055/d056/d057/d058/d059/d060/d061/d062/d063/d064/d065/d066/d067/d068/d069/d070/d071/d072/d073/d074/d075/d076/d077/d078/d079/d080/d081/d082/d083/d084/d085/d086/d087/d088/d089/d090/d091/d092/d093/d094/d095/d096/d097/d098/d099/d100/d101/d102/d103/d104/d105/d106/d107/d108/d109/d110/d111/d112/d113/d114/d115/d116/d117/d118/d119/d120/d121/d122/d123/d124/d125/d126/d127/d128/s009.dat:0..65536""]","{""type"":""sampled-content"",""summary"":""changed data and selected unchanged witnesses; qualified roots"",""details"":[]}",,,,,,
workspace_change_locality,workspace-clean-commit-500-mixed-v4,PASS,4.186553416991956,3b4b7771ba61326b08af2ea18bffdc012e5417706fd050c7e03e80bbc32b2d1e,891067915b4152dd42e7510ef374a3d8a8827ead03a597051335c933d0485958,108fe41f4b5e913888dc844434f0a60cf1e9fbec66a18599ff57a3fd5be6c2a7,sha256:42eb806fcfe9db1dc28098eb423340de3e4eaf81fd487389128305e65606d347,verification/workspace_change_locality/workspace-clean-commit-500-mixed-v4/verification.json,"[""no exhaustive Phase 1 replay"",""sampled Workspace proof: no exhaustive namespace, full-file bytes, object census, aliases, or failure injection""]","[""absent_paths="",""full_file_bytes_verified=false"",""full_namespace_verified=false"",""omissions=unselected paths, bytes beyond selected ranges, exhaustive inode/object/reference census, alias and failure injection semantics"",""sampled_paths=.\ndest\nwide\nwide/s000-f000.dat\nwide/s000-f001.dat\nwide/s000-f002.dat\nregular/s000/f064.dat\nspine/d001/d002/d003/d004/d005/d006/d007/d008/d009/d010/d011/d012/d013/d014/d015/d016/d017/d018/d019/d020/d021/d022/d023/d024/d025/d026/d027/d028/d029/d030/d031/d032/d033/d034/d035/d036/d037/d038/d039/d040/d041/d042/d043/d044/d045/d046/d047/d048/d049/d050/d051/d052/d053/d054/d055/d056/d057/d058/d059/d060/d061/d062/d063/d064/d065/d066/d067/d068/d069/d070/d071/d072/d073/d074/d075/d076/d077/d078/d079/d080/d081/d082/d083/d084/d085/d086/d087/d088/d089/d090/d091/d092/d093/d094/d095/d096/d097/d098/d099/d100/d101/d102/d103/d104/d105/d106/d107/d108/d109/d110/d111/d112/d113/d114/d115/d116/d117/d118/d119/d120/d121/d122/d123/d124/d125/d126/d127/d128/s000.dat\nwide/s020-f001.dat\nwide/s020-f002.dat\nspine/d001/d002/d003/d004/d005/d006/d007/d008/d009/d010/d011/d012/d013/d014/d015/d016/d017/d018/d019/d020/d021/d022/d023/d024/d025/d026/d027/d028/d029/d030/d031/d032/d033/d034/d035/d036/d037/d038/d039/d040/d041/d042/d043/d044/d045/d046/d047/d048/d049/d050/d051/d052/d053/d054/d055/d056/d057/d058/d059/d060/d061/d062/d063/d064/d065/d066/d067/d068/d069/d070/d071/d072/d073/d074/d075/d076/d077/d078/d079/d080/d081/d082/d083/d084/d085/d086/d087/d088/d089/d090/d091/d092/d093/d094/d095/d096/d097/d098/d099/d100/d101/d102/d103/d104/d105/d106/d107/d108/d109/d110/d111/d112/d113/d114/d115/d116/d117/d118/d119/d120/d121/d122/d123/d124/d125/d126/d127/d128/s024.dat"",""sampled_ranges=wide/s000-f000.dat:0..65536\nwide/s000-f000.dat:157286400..157351936\nwide/s000-f000.dat:314507264..314572800\nwide/s000-f001.dat:0..65536\nwide/s000-f001.dat:52428800..52494336\nwide/s000-f001.dat:104792064..104857600\nwide/s000-f002.dat:0..4096\nregular/s000/f064.dat:0..4096\nspine/d001/d002/d003/d004/d005/d006/d007/d008/d009/d010/d011/d012/d013/d014/d015/d016/d017/d018/d019/d020/d021/d022/d023/d024/d025/d026/d027/d028/d029/d030/d031/d032/d033/d034/d035/d036/d037/d038/d039/d040/d041/d042/d043/d044/d045/d046/d047/d048/d049/d050/d051/d052/d053/d054/d055/d056/d057/d058/d059/d060/d061/d062/d063/d064/d065/d066/d067/d068/d069/d070/d071/d072/d073/d074/d075/d076/d077/d078/d079/d080/d081/d082/d083/d084/d085/d086/d087/d088/d089/d090/d091/d092/d093/d094/d095/d096/d097/d098/d099/d100/d101/d102/d103/d104/d105/d106/d107/d108/d109/d110/d111/d112/d113/d114/d115/d116/d117/d118/d119/d120/d121/d122/d123/d124/d125/d126/d127/d128/s000.dat:0..4096\nwide/s020-f001.dat:0..4096\nwide/s020-f002.dat:0..65536\nspine/d001/d002/d003/d004/d005/d006/d007/d008/d009/d010/d011/d012/d013/d014/d015/d016/d017/d018/d019/d020/d021/d022/d023/d024/d025/d026/d027/d028/d029/d030/d031/d032/d033/d034/d035/d036/d037/d038/d039/d040/d041/d042/d043/d044/d045/d046/d047/d048/d049/d050/d051/d052/d053/d054/d055/d056/d057/d058/d059/d060/d061/d062/d063/d064/d065/d066/d067/d068/d069/d070/d071/d072/d073/d074/d075/d076/d077/d078/d079/d080/d081/d082/d083/d084/d085/d086/d087/d088/d089/d090/d091/d092/d093/d094/d095/d096/d097/d098/d099/d100/d101/d102/d103/d104/d105/d106/d107/d108/d109/d110/d111/d112/d113/d114/d115/d116/d117/d118/d119/d120/d121/d122/d123/d124/d125/d126/d127/d128/s024.dat:0..65536""]","{""type"":""sampled-content"",""summary"":""changed data and selected unchanged witnesses; qualified roots"",""details"":[]}",,,,,,
workspace_change_locality,workspace-fixed-move-1-compact-v2,PASS,2.0942718339938438,3b4b7771ba61326b08af2ea18bffdc012e5417706fd050c7e03e80bbc32b2d1e,891067915b4152dd42e7510ef374a3d8a8827ead03a597051335c933d0485958,30e91b58900ff59376622aa13a5511685d1aa65d6624bd9649483140c313e47c,sha256:42eb806fcfe9db1dc28098eb423340de3e4eaf81fd487389128305e65606d347,verification/workspace_change_locality/workspace-fixed-move-1-compact-v2/verification.json,"[""no exhaustive Phase 1 replay""]",[],"{""type"":""sampled-content"",""summary"":""changed data and selected unchanged witnesses; qualified roots"",""details"":[{""kind"":""fast-canonical-verification"",""receipt"":""{\""actual_read_logical_bytes\"": \""1048576\"", \""actual_read_regular_paths\"": \""50\"", \""authenticated_global_inodes\"": \""184\"", \""authenticated_namespace_paths\"": \""184\"", \""canonical_root\"": \""79c7e9b377a4a63d26413d9ec90329f45fb8a7f28dedf477030f76e9bc24633a\"", \""certificate_binding\"": \""87e429de085597b816c7fb2cfe242261f6e5023022b3ab3ade30c4c93b90d36b\"", \""covered_regular_paths\"": \""0\"", \""full_canonical_census_performed\"": \""false\"", \""fully_verified\"": \""false\"", \""has_reused_reference\"": \""false\"", \""reference_assurance\"": \""independent_current_content\"", \""reference_native_readback\"": \""false\"", \""reference_root_scope\"": \""none\"", \""scope\"": \""full current namespace/global inode/metadata/aliases; selected changed+witness bytes; unchanged file-state/extent/payload subgraph references certified, those current subgraph bytes not read\"", \""skipped_current_store_logical_bytes\"": \""0\"", \""skipped_current_store_regular_paths\"": \""0\"", \""verification_profile\"": \""fast-verify-v2\"", \""verification_status\"": \""fast_iteration_verified\""}"",""step"":1},{""coverage_sha256"":""e3b0c44298fc1c149afbf4c8996fb92427ae41e4649b934ca495991b7852b855"",""kind"":""fast-native-verification"",""receipt"":""absent_paths_verified=1\ncertificate_binding=87e429de085597b816c7fb2cfe242261f6e5023022b3ab3ade30c4c93b90d36b\nchanged_paths_declared=5\ncovered_paths_sha256=e3b0c44298fc1c149afbf4c8996fb92427ae41e4649b934ca495991b7852b855\nfast_witness_profile=native-fast-witness-v2:first-middle-last-seeded-per-namespace-length-depth-class;declared-read-targets\nfully_verified=false\nlogical_bytes=1048576\nnative_namespace_paths_verified=184\nnative_namespace_type_source=DirEntry::file_type;platform-metadata-fallback-permitted;skipped-counts-describe-unperformed-checks-not-syscalls\nnative_namespace_types_verified=184\noracle_identity_encoding=structural-entry-recipes-v1\noracle_scope=independent-delta-and-witnesses;complete-native-namespace;certified-unchanged-content-roots-checked-by-host\nreference_assurance=independent_current_content\nselected_independent_oracle_identity=4f971398012f72583726554d7e309755291848c9e83f5ff0ec5f8cd0bd62f774\nselected_metadata_paths_verified=184\nselected_regular_bytes_verified=1048576\nselected_regular_paths_verified=50\nskipped_untouched_metadata_paths=0\nskipped_untouched_regular_bodies=0\nuncertified_regular_paths_checked=50\nverification_status=fast_iteration_verified\nwitness_paths_declared=143\n"",""step"":1}]}",,,,,,
workspace_change_locality,workspace-fixed-move-10-compact-v2,PASS,2.573408041993389,3b4b7771ba61326b08af2ea18bffdc012e5417706fd050c7e03e80bbc32b2d1e,891067915b4152dd42e7510ef374a3d8a8827ead03a597051335c933d0485958,9122226ab3b5752e58dc7cc446413947fa2279850a0ee83301a523e285ec051e,sha256:42eb806fcfe9db1dc28098eb423340de3e4eaf81fd487389128305e65606d347,verification/workspace_change_locality/workspace-fixed-move-10-compact-v2/verification.json,"[""no exhaustive Phase 1 replay""]",[],"{""type"":""sampled-content"",""summary"":""changed data and selected unchanged witnesses; qualified roots"",""details"":[{""kind"":""fast-canonical-verification"",""receipt"":""{\""actual_read_logical_bytes\"": \""10485760\"", \""actual_read_regular_paths\"": \""500\"", \""authenticated_global_inodes\"": \""643\"", \""authenticated_namespace_paths\"": \""643\"", \""canonical_root\"": \""2d7d40ddd003eb5fd52630fb9b4ae6b7ff2bc31e636609c73b07cb97c68a1317\"", \""certificate_binding\"": \""89e5d9e8a3e48414d3d5ae4c74ff068c9cd2193cb00321a1faea275dec09415f\"", \""covered_regular_paths\"": \""0\"", \""full_canonical_census_performed\"": \""false\"", \""fully_verified\"": \""false\"", \""has_reused_reference\"": \""false\"", \""reference_assurance\"": \""independent_current_content\"", \""reference_native_readback\"": \""false\"", \""reference_root_scope\"": \""none\"", \""scope\"": \""full current namespace/global inode/metadata/aliases; selected changed+witness bytes; unchanged file-state/extent/payload subgraph references certified, those current subgraph bytes not read\"", \""skipped_current_store_logical_bytes\"": \""0\"", \""skipped_current_store_regular_paths\"": \""0\"", \""verification_profile\"": \""fast-verify-v2\"", \""verification_status\"": \""fast_iteration_verified\""}"",""step"":1},{""coverage_sha256"":""e3b0c44298fc1c149afbf4c8996fb92427ae41e4649b934ca495991b7852b855"",""kind"":""fast-native-verification"",""receipt"":""absent_paths_verified=1\ncertificate_binding=89e5d9e8a3e48414d3d5ae4c74ff068c9cd2193cb00321a1faea275dec09415f\nchanged_paths_declared=5\ncovered_paths_sha256=e3b0c44298fc1c149afbf4c8996fb92427ae41e4649b934ca495991b7852b855\nfast_witness_profile=native-fast-witness-v2:first-middle-last-seeded-per-namespace-length-depth-class;declared-read-targets\nfully_verified=false\nlogical_bytes=10485760\nnative_namespace_paths_verified=643\nnative_namespace_type_source=DirEntry::file_type;platform-metadata-fallback-permitted;skipped-counts-describe-unperformed-checks-not-syscalls\nnative_namespace_types_verified=643\noracle_identity_encoding=structural-entry-recipes-v1\noracle_scope=independent-delta-and-witnesses;complete-native-namespace;certified-unchanged-content-roots-checked-by-host\nreference_assurance=independent_current_content\nselected_independent_oracle_identity=46d6ac0d3013397bb02984e80b8d28624542406ad1d7536fc2c89630fd15603a\nselected_metadata_paths_verified=643\nselected_regular_bytes_verified=10485760\nselected_regular_paths_verified=500\nskipped_untouched_metadata_paths=0\nskipped_untouched_regular_bodies=0\nuncertified_regular_paths_checked=500\nverification_status=fast_iteration_verified\nwitness_paths_declared=155\n"",""step"":1}]}",,,,,,
workspace_change_locality,workspace-fixed-move-100-mixed-v4,PASS,2.4391035000007832,3b4b7771ba61326b08af2ea18bffdc012e5417706fd050c7e03e80bbc32b2d1e,891067915b4152dd42e7510ef374a3d8a8827ead03a597051335c933d0485958,820fc22ec764e28dd3dc6e51139ad4ec5442cb9b96b2661b7bc821a1da3edfae,sha256:42eb806fcfe9db1dc28098eb423340de3e4eaf81fd487389128305e65606d347,verification/workspace_change_locality/workspace-fixed-move-100-mixed-v4/verification.json,"[""no exhaustive Phase 1 replay"",""sampled Workspace proof: no exhaustive namespace, full-file bytes, object census, aliases, or failure injection""]","[""absent_paths=regular/s000/f064.dat"",""full_file_bytes_verified=false"",""full_namespace_verified=false"",""omissions=unselected paths, bytes beyond selected ranges, exhaustive inode/object/reference census, alias and failure injection semantics"",""sampled_paths=.\ndest\nwide\nwide/s000-f000.dat\nwide/s000-f001.dat\ndest/moved.dat\nspine/d001/d002/d003/d004/d005/d006/d007/d008/d009/d010/d011/d012/d013/d014/d015/d016/d017/d018/d019/d020/d021/d022/d023/d024/d025/d026/d027/d028/d029/d030/d031/d032/d033/d034/d035/d036/d037/d038/d039/d040/d041/d042/d043/d044/d045/d046/d047/d048/d049/d050/d051/d052/d053/d054/d055/d056/d057/d058/d059/d060/d061/d062/d063/d064/d065/d066/d067/d068/d069/d070/d071/d072/d073/d074/d075/d076/d077/d078/d079/d080/d081/d082/d083/d084/d085/d086/d087/d088/d089/d090/d091/d092/d093/d094/d095/d096/d097/d098/d099/d100/d101/d102/d103/d104/d105/d106/d107/d108/d109/d110/d111/d112/d113/d114/d115/d116/d117/d118/d119/d120/d121/d122/d123/d124/d125/d126/d127/d128/s000.dat\nwide/s008-f000.dat\nwide/s008-f001.dat\nspine/d001/d002/d003/d004/d005/d006/d007/d008/d009/d010/d011/d012/d013/d014/d015/d016/d017/d018/d019/d020/d021/d022/d023/d024/d025/d026/d027/d028/d029/d030/d031/d032/d033/d034/d035/d036/d037/d038/d039/d040/d041/d042/d043/d044/d045/d046/d047/d048/d049/d050/d051/d052/d053/d054/d055/d056/d057/d058/d059/d060/d061/d062/d063/d064/d065/d066/d067/d068/d069/d070/d071/d072/d073/d074/d075/d076/d077/d078/d079/d080/d081/d082/d083/d084/d085/d086/d087/d088/d089/d090/d091/d092/d093/d094/d095/d096/d097/d098/d099/d100/d101/d102/d103/d104/d105/d106/d107/d108/d109/d110/d111/d112/d113/d114/d115/d116/d117/d118/d119/d120/d121/d122/d123/d124/d125/d126/d127/d128/s009.dat"",""sampled_ranges=wide/s000-f000.dat:0..65536\nwide/s000-f000.dat:26214400..26279936\nwide/s000-f000.dat:52363264..52428800\nwide/s000-f001.dat:0..4096\ndest/moved.dat:0..4096\nspine/d001/d002/d003/d004/d005/d006/d007/d008/d009/d010/d011/d012/d013/d014/d015/d016/d017/d018/d019/d020/d021/d022/d023/d024/d025/d026/d027/d028/d029/d030/d031/d032/d033/d034/d035/d036/d037/d038/d039/d040/d041/d042/d043/d044/d045/d046/d047/d048/d049/d050/d051/d052/d053/d054/d055/d056/d057/d058/d059/d060/d061/d062/d063/d064/d065/d066/d067/d068/d069/d070/d071/d072/d073/d074/d075/d076/d077/d078/d079/d080/d081/d082/d083/d084/d085/d086/d087/d088/d089/d090/d091/d092/d093/d094/d095/d096/d097/d098/d099/d100/d101/d102/d103/d104/d105/d106/d107/d108/d109/d110/d111/d112/d113/d114/d115/d116/d117/d118/d119/d120/d121/d122/d123/d124/d125/d126/d127/d128/s000.dat:0..4096\nwide/s008-f000.dat:0..4096\nwide/s008-f001.dat:0..65536\nspine/d001/d002/d003/d004/d005/d006/d007/d008/d009/d010/d011/d012/d013/d014/d015/d016/d017/d018/d019/d020/d021/d022/d023/d024/d025/d026/d027/d028/d029/d030/d031/d032/d033/d034/d035/d036/d037/d038/d039/d040/d041/d042/d043/d044/d045/d046/d047/d048/d049/d050/d051/d052/d053/d054/d055/d056/d057/d058/d059/d060/d061/d062/d063/d064/d065/d066/d067/d068/d069/d070/d071/d072/d073/d074/d075/d076/d077/d078/d079/d080/d081/d082/d083/d084/d085/d086/d087/d088/d089/d090/d091/d092/d093/d094/d095/d096/d097/d098/d099/d100/d101/d102/d103/d104/d105/d106/d107/d108/d109/d110/d111/d112/d113/d114/d115/d116/d117/d118/d119/d120/d121/d122/d123/d124/d125/d126/d127/d128/s009.dat:0..65536""]","{""type"":""sampled-content"",""summary"":""changed data and selected unchanged witnesses; qualified roots"",""details"":[]}",,,,,,
workspace_change_locality,workspace-fixed-move-500-mixed-v4,PASS,4.1186322910070885,3b4b7771ba61326b08af2ea18bffdc012e5417706fd050c7e03e80bbc32b2d1e,891067915b4152dd42e7510ef374a3d8a8827ead03a597051335c933d0485958,a87bc6dbc9551d413869058e55b8b71d4a198b351b5534e1da94187ec588bcd8,sha256:42eb806fcfe9db1dc28098eb423340de3e4eaf81fd487389128305e65606d347,verification/workspace_change_locality/workspace-fixed-move-500-mixed-v4/verification.json,"[""no exhaustive Phase 1 replay"",""sampled Workspace proof: no exhaustive namespace, full-file bytes, object census, aliases, or failure injection""]","[""absent_paths=regular/s000/f064.dat"",""full_file_bytes_verified=false"",""full_namespace_verified=false"",""omissions=unselected paths, bytes beyond selected ranges, exhaustive inode/object/reference census, alias and failure injection semantics"",""sampled_paths=.\ndest\nwide\nwide/s000-f000.dat\nwide/s000-f001.dat\nwide/s000-f002.dat\ndest/moved.dat\nspine/d001/d002/d003/d004/d005/d006/d007/d008/d009/d010/d011/d012/d013/d014/d015/d016/d017/d018/d019/d020/d021/d022/d023/d024/d025/d026/d027/d028/d029/d030/d031/d032/d033/d034/d035/d036/d037/d038/d039/d040/d041/d042/d043/d044/d045/d046/d047/d048/d049/d050/d051/d052/d053/d054/d055/d056/d057/d058/d059/d060/d061/d062/d063/d064/d065/d066/d067/d068/d069/d070/d071/d072/d073/d074/d075/d076/d077/d078/d079/d080/d081/d082/d083/d084/d085/d086/d087/d088/d089/d090/d091/d092/d093/d094/d095/d096/d097/d098/d099/d100/d101/d102/d103/d104/d105/d106/d107/d108/d109/d110/d111/d112/d113/d114/d115/d116/d117/d118/d119/d120/d121/d122/d123/d124/d125/d126/d127/d128/s000.dat\nwide/s020-f001.dat\nwide/s020-f002.dat\nspine/d001/d002/d003/d004/d005/d006/d007/d008/d009/d010/d011/d012/d013/d014/d015/d016/d017/d018/d019/d020/d021/d022/d023/d024/d025/d026/d027/d028/d029/d030/d031/d032/d033/d034/d035/d036/d037/d038/d039/d040/d041/d042/d043/d044/d045/d046/d047/d048/d049/d050/d051/d052/d053/d054/d055/d056/d057/d058/d059/d060/d061/d062/d063/d064/d065/d066/d067/d068/d069/d070/d071/d072/d073/d074/d075/d076/d077/d078/d079/d080/d081/d082/d083/d084/d085/d086/d087/d088/d089/d090/d091/d092/d093/d094/d095/d096/d097/d098/d099/d100/d101/d102/d103/d104/d105/d106/d107/d108/d109/d110/d111/d112/d113/d114/d115/d116/d117/d118/d119/d120/d121/d122/d123/d124/d125/d126/d127/d128/s024.dat"",""sampled_ranges=wide/s000-f000.dat:0..65536\nwide/s000-f000.dat:157286400..157351936\nwide/s000-f000.dat:314507264..314572800\nwide/s000-f001.dat:0..65536\nwide/s000-f001.dat:52428800..52494336\nwide/s000-f001.dat:104792064..104857600\nwide/s000-f002.dat:0..4096\ndest/moved.dat:0..4096\nspine/d001/d002/d003/d004/d005/d006/d007/d008/d009/d010/d011/d012/d013/d014/d015/d016/d017/d018/d019/d020/d021/d022/d023/d024/d025/d026/d027/d028/d029/d030/d031/d032/d033/d034/d035/d036/d037/d038/d039/d040/d041/d042/d043/d044/d045/d046/d047/d048/d049/d050/d051/d052/d053/d054/d055/d056/d057/d058/d059/d060/d061/d062/d063/d064/d065/d066/d067/d068/d069/d070/d071/d072/d073/d074/d075/d076/d077/d078/d079/d080/d081/d082/d083/d084/d085/d086/d087/d088/d089/d090/d091/d092/d093/d094/d095/d096/d097/d098/d099/d100/d101/d102/d103/d104/d105/d106/d107/d108/d109/d110/d111/d112/d113/d114/d115/d116/d117/d118/d119/d120/d121/d122/d123/d124/d125/d126/d127/d128/s000.dat:0..4096\nwide/s020-f001.dat:0..4096\nwide/s020-f002.dat:0..65536\nspine/d001/d002/d003/d004/d005/d006/d007/d008/d009/d010/d011/d012/d013/d014/d015/d016/d017/d018/d019/d020/d021/d022/d023/d024/d025/d026/d027/d028/d029/d030/d031/d032/d033/d034/d035/d036/d037/d038/d039/d040/d041/d042/d043/d044/d045/d046/d047/d048/d049/d050/d051/d052/d053/d054/d055/d056/d057/d058/d059/d060/d061/d062/d063/d064/d065/d066/d067/d068/d069/d070/d071/d072/d073/d074/d075/d076/d077/d078/d079/d080/d081/d082/d083/d084/d085/d086/d087/d088/d089/d090/d091/d092/d093/d094/d095/d096/d097/d098/d099/d100/d101/d102/d103/d104/d105/d106/d107/d108/d109/d110/d111/d112/d113/d114/d115/d116/d117/d118/d119/d120/d121/d122/d123/d124/d125/d126/d127/d128/s024.dat:0..65536""]","{""type"":""sampled-content"",""summary"":""changed data and selected unchanged witnesses; qualified roots"",""details"":[]}",,,,,,
workspace_change_locality,workspace-distributed-sdk-edit-1-compact-v2,PASS,1.9779700000071898,3b4b7771ba61326b08af2ea18bffdc012e5417706fd050c7e03e80bbc32b2d1e,891067915b4152dd42e7510ef374a3d8a8827ead03a597051335c933d0485958,81b2ae90403fba3e86654d04262862af40cc65cc847e86a889178f19d38cb35f,sha256:42eb806fcfe9db1dc28098eb423340de3e4eaf81fd487389128305e65606d347,verification/workspace_change_locality/workspace-distributed-sdk-edit-1-compact-v2/verification.json,"[""no exhaustive Phase 1 replay""]",[],"{""type"":""sampled-content"",""summary"":""changed data and selected unchanged witnesses; qualified roots"",""details"":[{""kind"":""fast-canonical-verification"",""receipt"":""{\""actual_read_logical_bytes\"": \""1048576\"", \""actual_read_regular_paths\"": \""50\"", \""authenticated_global_inodes\"": \""184\"", \""authenticated_namespace_paths\"": \""184\"", \""canonical_root\"": \""e948f1c9e742b49a8ff82fc4f162a4677befcdabad0e3d6e2f98f00c1f14ba16\"", \""certificate_binding\"": \""3da6813df7f07706b038b367dd23d23fcf40234ac9995b27e639e37fe23d4969\"", \""covered_regular_paths\"": \""0\"", \""full_canonical_census_performed\"": \""false\"", \""fully_verified\"": \""false\"", \""has_reused_reference\"": \""false\"", \""reference_assurance\"": \""independent_current_content\"", \""reference_native_readback\"": \""false\"", \""reference_root_scope\"": \""none\"", \""scope\"": \""full current namespace/global inode/metadata/aliases; selected changed+witness bytes; unchanged file-state/extent/payload subgraph references certified, those current subgraph bytes not read\"", \""skipped_current_store_logical_bytes\"": \""0\"", \""skipped_current_store_regular_paths\"": \""0\"", \""verification_profile\"": \""fast-verify-v2\"", \""verification_status\"": \""fast_iteration_verified\""}"",""step"":1},{""coverage_sha256"":""e3b0c44298fc1c149afbf4c8996fb92427ae41e4649b934ca495991b7852b855"",""kind"":""fast-native-verification"",""receipt"":""absent_paths_verified=0\ncertificate_binding=3da6813df7f07706b038b367dd23d23fcf40234ac9995b27e639e37fe23d4969\nchanged_paths_declared=4\ncovered_paths_sha256=e3b0c44298fc1c149afbf4c8996fb92427ae41e4649b934ca495991b7852b855\nfast_witness_profile=native-fast-witness-v2:first-middle-last-seeded-per-namespace-length-depth-class;declared-read-targets\nfully_verified=false\nlogical_bytes=1048576\nnative_namespace_paths_verified=184\nnative_namespace_type_source=DirEntry::file_type;platform-metadata-fallback-permitted;skipped-counts-describe-unperformed-checks-not-syscalls\nnative_namespace_types_verified=184\noracle_identity_encoding=structural-entry-recipes-v1\noracle_scope=independent-delta-and-witnesses;complete-native-namespace;certified-unchanged-content-roots-checked-by-host\nreference_assurance=independent_current_content\nselected_independent_oracle_identity=2883db5f429fd428578ce3984195e3c76cf91b350034521a4dbcac54c68ba342\nselected_metadata_paths_verified=183\nselected_regular_bytes_verified=1048576\nselected_regular_paths_verified=50\nskipped_untouched_metadata_paths=1\nskipped_untouched_regular_bodies=0\nuncertified_regular_paths_checked=50\nverification_status=fast_iteration_verified\nwitness_paths_declared=142\n"",""step"":1}]}",,,,,,
workspace_change_locality,workspace-distributed-sdk-edit-10-compact-v2,PASS,2.5811313340091147,3b4b7771ba61326b08af2ea18bffdc012e5417706fd050c7e03e80bbc32b2d1e,891067915b4152dd42e7510ef374a3d8a8827ead03a597051335c933d0485958,a0133733ecabc531d3c77c83049adb9919644a9b4f8ad290cc2148647fdc2089,sha256:42eb806fcfe9db1dc28098eb423340de3e4eaf81fd487389128305e65606d347,verification/workspace_change_locality/workspace-distributed-sdk-edit-10-compact-v2/verification.json,"[""no exhaustive Phase 1 replay""]",[],"{""type"":""sampled-content"",""summary"":""changed data and selected unchanged witnesses; qualified roots"",""details"":[{""kind"":""fast-canonical-verification"",""receipt"":""{\""actual_read_logical_bytes\"": \""10485760\"", \""actual_read_regular_paths\"": \""500\"", \""authenticated_global_inodes\"": \""643\"", \""authenticated_namespace_paths\"": \""643\"", \""canonical_root\"": \""6bc731d3211ac641efd7447984488a2657b9a88e65bed70853267f59008c92a3\"", \""certificate_binding\"": \""2e758319dcb33459d817498118a864d65e86ffc8c3cd22e0a7e1c75ddaa7e8c0\"", \""covered_regular_paths\"": \""0\"", \""full_canonical_census_performed\"": \""false\"", \""fully_verified\"": \""false\"", \""has_reused_reference\"": \""false\"", \""reference_assurance\"": \""independent_current_content\"", \""reference_native_readback\"": \""false\"", \""reference_root_scope\"": \""none\"", \""scope\"": \""full current namespace/global inode/metadata/aliases; selected changed+witness bytes; unchanged file-state/extent/payload subgraph references certified, those current subgraph bytes not read\"", \""skipped_current_store_logical_bytes\"": \""0\"", \""skipped_current_store_regular_paths\"": \""0\"", \""verification_profile\"": \""fast-verify-v2\"", \""verification_status\"": \""fast_iteration_verified\""}"",""step"":1},{""coverage_sha256"":""e3b0c44298fc1c149afbf4c8996fb92427ae41e4649b934ca495991b7852b855"",""kind"":""fast-native-verification"",""receipt"":""absent_paths_verified=0\ncertificate_binding=2e758319dcb33459d817498118a864d65e86ffc8c3cd22e0a7e1c75ddaa7e8c0\nchanged_paths_declared=22\ncovered_paths_sha256=e3b0c44298fc1c149afbf4c8996fb92427ae41e4649b934ca495991b7852b855\nfast_witness_profile=native-fast-witness-v2:first-middle-last-seeded-per-namespace-length-depth-class;declared-read-targets\nfully_verified=false\nlogical_bytes=10485760\nnative_namespace_paths_verified=643\nnative_namespace_type_source=DirEntry::file_type;platform-metadata-fallback-permitted;skipped-counts-describe-unperformed-checks-not-syscalls\nnative_namespace_types_verified=643\noracle_identity_encoding=structural-entry-recipes-v1\noracle_scope=independent-delta-and-witnesses;complete-native-namespace;certified-unchanged-content-roots-checked-by-host\nreference_assurance=independent_current_content\nselected_independent_oracle_identity=97498bbb3c8c12d6ac1e14191590a56fdfa2d6d75b7fd276c8c71610d6d8881d\nselected_metadata_paths_verified=642\nselected_regular_bytes_verified=10485760\nselected_regular_paths_verified=500\nskipped_untouched_metadata_paths=1\nskipped_untouched_regular_bodies=0\nuncertified_regular_paths_checked=500\nverification_status=fast_iteration_verified\nwitness_paths_declared=152\n"",""step"":1}]}",,,,,,
workspace_change_locality,workspace-distributed-sdk-edit-100-mixed-v4,PASS,2.738734291997389,3b4b7771ba61326b08af2ea18bffdc012e5417706fd050c7e03e80bbc32b2d1e,891067915b4152dd42e7510ef374a3d8a8827ead03a597051335c933d0485958,b9468cac92ddea49eaaa79cbe66f2552847bb082114f8ad69cbb918f27a2e6d3,sha256:42eb806fcfe9db1dc28098eb423340de3e4eaf81fd487389128305e65606d347,verification/workspace_change_locality/workspace-distributed-sdk-edit-100-mixed-v4/verification.json,"[""no exhaustive Phase 1 replay"",""sampled Workspace proof: no exhaustive namespace, full-file bytes, object census, aliases, or failure injection""]","[""absent_paths="",""full_file_bytes_verified=false"",""full_namespace_verified=false"",""omissions=unselected paths, bytes beyond selected ranges, exhaustive inode/object/reference census, alias and failure injection semantics"",""sampled_paths=.\ndest\nwide\nwide/s000-f000.dat\nwide/s000-f001.dat\nregular/s000/f064.dat\nspine/d001/d002/d003/d004/d005/d006/d007/d008/d009/d010/d011/d012/d013/d014/d015/d016/d017/d018/d019/d020/d021/d022/d023/d024/d025/d026/d027/d028/d029/d030/d031/d032/d033/d034/d035/d036/d037/d038/d039/d040/d041/d042/d043/d044/d045/d046/d047/d048/d049/d050/d051/d052/d053/d054/d055/d056/d057/d058/d059/d060/d061/d062/d063/d064/d065/d066/d067/d068/d069/d070/d071/d072/d073/d074/d075/d076/d077/d078/d079/d080/d081/d082/d083/d084/d085/d086/d087/d088/d089/d090/d091/d092/d093/d094/d095/d096/d097/d098/d099/d100/d101/d102/d103/d104/d105/d106/d107/d108/d109/d110/d111/d112/d113/d114/d115/d116/d117/d118/d119/d120/d121/d122/d123/d124/d125/d126/d127/d128/s000.dat\nwide/s008-f000.dat\nwide/s008-f001.dat\nspine/d001/d002/d003/d004/d005/d006/d007/d008/d009/d010/d011/d012/d013/d014/d015/d016/d017/d018/d019/d020/d021/d022/d023/d024/d025/d026/d027/d028/d029/d030/d031/d032/d033/d034/d035/d036/d037/d038/d039/d040/d041/d042/d043/d044/d045/d046/d047/d048/d049/d050/d051/d052/d053/d054/d055/d056/d057/d058/d059/d060/d061/d062/d063/d064/d065/d066/d067/d068/d069/d070/d071/d072/d073/d074/d075/d076/d077/d078/d079/d080/d081/d082/d083/d084/d085/d086/d087/d088/d089/d090/d091/d092/d093/d094/d095/d096/d097/d098/d099/d100/d101/d102/d103/d104/d105/d106/d107/d108/d109/d110/d111/d112/d113/d114/d115/d116/d117/d118/d119/d120/d121/d122/d123/d124/d125/d126/d127/d128/s009.dat"",""sampled_ranges=wide/s000-f000.dat:0..65536\nwide/s000-f000.dat:26214400..26279936\nwide/s000-f000.dat:52363264..52428800\nwide/s000-f001.dat:0..4096\nregular/s000/f064.dat:0..4096\nspine/d001/d002/d003/d004/d005/d006/d007/d008/d009/d010/d011/d012/d013/d014/d015/d016/d017/d018/d019/d020/d021/d022/d023/d024/d025/d026/d027/d028/d029/d030/d031/d032/d033/d034/d035/d036/d037/d038/d039/d040/d041/d042/d043/d044/d045/d046/d047/d048/d049/d050/d051/d052/d053/d054/d055/d056/d057/d058/d059/d060/d061/d062/d063/d064/d065/d066/d067/d068/d069/d070/d071/d072/d073/d074/d075/d076/d077/d078/d079/d080/d081/d082/d083/d084/d085/d086/d087/d088/d089/d090/d091/d092/d093/d094/d095/d096/d097/d098/d099/d100/d101/d102/d103/d104/d105/d106/d107/d108/d109/d110/d111/d112/d113/d114/d115/d116/d117/d118/d119/d120/d121/d122/d123/d124/d125/d126/d127/d128/s000.dat:0..4096\nwide/s008-f000.dat:0..4096\nwide/s008-f001.dat:0..65536\nspine/d001/d002/d003/d004/d005/d006/d007/d008/d009/d010/d011/d012/d013/d014/d015/d016/d017/d018/d019/d020/d021/d022/d023/d024/d025/d026/d027/d028/d029/d030/d031/d032/d033/d034/d035/d036/d037/d038/d039/d040/d041/d042/d043/d044/d045/d046/d047/d048/d049/d050/d051/d052/d053/d054/d055/d056/d057/d058/d059/d060/d061/d062/d063/d064/d065/d066/d067/d068/d069/d070/d071/d072/d073/d074/d075/d076/d077/d078/d079/d080/d081/d082/d083/d084/d085/d086/d087/d088/d089/d090/d091/d092/d093/d094/d095/d096/d097/d098/d099/d100/d101/d102/d103/d104/d105/d106/d107/d108/d109/d110/d111/d112/d113/d114/d115/d116/d117/d118/d119/d120/d121/d122/d123/d124/d125/d126/d127/d128/s009.dat:0..65536""]","{""type"":""sampled-content"",""summary"":""changed data and selected unchanged witnesses; qualified roots"",""details"":[]}",,,,,,
workspace_change_locality,workspace-distributed-sdk-edit-500-mixed-v4,PASS,7.486676457992871,3b4b7771ba61326b08af2ea18bffdc012e5417706fd050c7e03e80bbc32b2d1e,891067915b4152dd42e7510ef374a3d8a8827ead03a597051335c933d0485958,fbca8eb9b323c2edc31471a23906ce303573e98f7d659bc8284043e43a16d707,sha256:42eb806fcfe9db1dc28098eb423340de3e4eaf81fd487389128305e65606d347,verification/workspace_change_locality/workspace-distributed-sdk-edit-500-mixed-v4/verification.json,"[""no exhaustive Phase 1 replay"",""sampled Workspace proof: no exhaustive namespace, full-file bytes, object census, aliases, or failure injection""]","[""absent_paths="",""full_file_bytes_verified=false"",""full_namespace_verified=false"",""omissions=unselected paths, bytes beyond selected ranges, exhaustive inode/object/reference census, alias and failure injection semantics"",""sampled_paths=.\ndest\nwide\nwide/s000-f000.dat\nwide/s000-f001.dat\nwide/s000-f002.dat\nregular/s000/f064.dat\nspine/d001/d002/d003/d004/d005/d006/d007/d008/d009/d010/d011/d012/d013/d014/d015/d016/d017/d018/d019/d020/d021/d022/d023/d024/d025/d026/d027/d028/d029/d030/d031/d032/d033/d034/d035/d036/d037/d038/d039/d040/d041/d042/d043/d044/d045/d046/d047/d048/d049/d050/d051/d052/d053/d054/d055/d056/d057/d058/d059/d060/d061/d062/d063/d064/d065/d066/d067/d068/d069/d070/d071/d072/d073/d074/d075/d076/d077/d078/d079/d080/d081/d082/d083/d084/d085/d086/d087/d088/d089/d090/d091/d092/d093/d094/d095/d096/d097/d098/d099/d100/d101/d102/d103/d104/d105/d106/d107/d108/d109/d110/d111/d112/d113/d114/d115/d116/d117/d118/d119/d120/d121/d122/d123/d124/d125/d126/d127/d128/s000.dat\nwide/s020-f001.dat\nwide/s020-f002.dat\nspine/d001/d002/d003/d004/d005/d006/d007/d008/d009/d010/d011/d012/d013/d014/d015/d016/d017/d018/d019/d020/d021/d022/d023/d024/d025/d026/d027/d028/d029/d030/d031/d032/d033/d034/d035/d036/d037/d038/d039/d040/d041/d042/d043/d044/d045/d046/d047/d048/d049/d050/d051/d052/d053/d054/d055/d056/d057/d058/d059/d060/d061/d062/d063/d064/d065/d066/d067/d068/d069/d070/d071/d072/d073/d074/d075/d076/d077/d078/d079/d080/d081/d082/d083/d084/d085/d086/d087/d088/d089/d090/d091/d092/d093/d094/d095/d096/d097/d098/d099/d100/d101/d102/d103/d104/d105/d106/d107/d108/d109/d110/d111/d112/d113/d114/d115/d116/d117/d118/d119/d120/d121/d122/d123/d124/d125/d126/d127/d128/s024.dat"",""sampled_ranges=wide/s000-f000.dat:0..65536\nwide/s000-f000.dat:157286400..157351936\nwide/s000-f000.dat:314507264..314572800\nwide/s000-f001.dat:0..65536\nwide/s000-f001.dat:52428800..52494336\nwide/s000-f001.dat:104792064..104857600\nwide/s000-f002.dat:0..4096\nregular/s000/f064.dat:0..4096\nspine/d001/d002/d003/d004/d005/d006/d007/d008/d009/d010/d011/d012/d013/d014/d015/d016/d017/d018/d019/d020/d021/d022/d023/d024/d025/d026/d027/d028/d029/d030/d031/d032/d033/d034/d035/d036/d037/d038/d039/d040/d041/d042/d043/d044/d045/d046/d047/d048/d049/d050/d051/d052/d053/d054/d055/d056/d057/d058/d059/d060/d061/d062/d063/d064/d065/d066/d067/d068/d069/d070/d071/d072/d073/d074/d075/d076/d077/d078/d079/d080/d081/d082/d083/d084/d085/d086/d087/d088/d089/d090/d091/d092/d093/d094/d095/d096/d097/d098/d099/d100/d101/d102/d103/d104/d105/d106/d107/d108/d109/d110/d111/d112/d113/d114/d115/d116/d117/d118/d119/d120/d121/d122/d123/d124/d125/d126/d127/d128/s000.dat:0..4096\nwide/s020-f001.dat:0..4096\nwide/s020-f002.dat:0..65536\nspine/d001/d002/d003/d004/d005/d006/d007/d008/d009/d010/d011/d012/d013/d014/d015/d016/d017/d018/d019/d020/d021/d022/d023/d024/d025/d026/d027/d028/d029/d030/d031/d032/d033/d034/d035/d036/d037/d038/d039/d040/d041/d042/d043/d044/d045/d046/d047/d048/d049/d050/d051/d052/d053/d054/d055/d056/d057/d058/d059/d060/d061/d062/d063/d064/d065/d066/d067/d068/d069/d070/d071/d072/d073/d074/d075/d076/d077/d078/d079/d080/d081/d082/d083/d084/d085/d086/d087/d088/d089/d090/d091/d092/d093/d094/d095/d096/d097/d098/d099/d100/d101/d102/d103/d104/d105/d106/d107/d108/d109/d110/d111/d112/d113/d114/d115/d116/d117/d118/d119/d120/d121/d122/d123/d124/d125/d126/d127/d128/s024.dat:0..65536""]","{""type"":""sampled-content"",""summary"":""changed data and selected unchanged witnesses; qualified roots"",""details"":[]}",,,,,,
workspace_change_locality,workspace-dense-rewrite-1-compact-v2,PASS,2.117191500001354,3b4b7771ba61326b08af2ea18bffdc012e5417706fd050c7e03e80bbc32b2d1e,891067915b4152dd42e7510ef374a3d8a8827ead03a597051335c933d0485958,379899af603fee95e3a176f2ec2a85f9dccc07b4a788d6538233ef2fc14674fc,sha256:42eb806fcfe9db1dc28098eb423340de3e4eaf81fd487389128305e65606d347,verification/workspace_change_locality/workspace-dense-rewrite-1-compact-v2/verification.json,"[""no exhaustive Phase 1 replay""]",[],"{""type"":""sampled-content"",""summary"":""changed data and selected unchanged witnesses; qualified roots"",""details"":[{""kind"":""fast-canonical-verification"",""receipt"":""{\""actual_read_logical_bytes\"": \""1048576\"", \""actual_read_regular_paths\"": \""50\"", \""authenticated_global_inodes\"": \""184\"", \""authenticated_namespace_paths\"": \""184\"", \""canonical_root\"": \""ca1a245cf6b396295107fc5aebaa5819c281decb41dd0ac6093677bbbb3a6b4e\"", \""certificate_binding\"": \""5989a32d2854b3b35e6a6c1a67bf987eefd911832fa5d9583eb849066d4822fd\"", \""covered_regular_paths\"": \""0\"", \""full_canonical_census_performed\"": \""false\"", \""fully_verified\"": \""false\"", \""has_reused_reference\"": \""false\"", \""reference_assurance\"": \""independent_current_content\"", \""reference_native_readback\"": \""false\"", \""reference_root_scope\"": \""none\"", \""scope\"": \""full current namespace/global inode/metadata/aliases; selected changed+witness bytes; unchanged file-state/extent/payload subgraph references certified, those current subgraph bytes not read\"", \""skipped_current_store_logical_bytes\"": \""0\"", \""skipped_current_store_regular_paths\"": \""0\"", \""verification_profile\"": \""fast-verify-v2\"", \""verification_status\"": \""fast_iteration_verified\""}"",""step"":1},{""coverage_sha256"":""e3b0c44298fc1c149afbf4c8996fb92427ae41e4649b934ca495991b7852b855"",""kind"":""fast-native-verification"",""receipt"":""absent_paths_verified=0\ncertificate_binding=5989a32d2854b3b35e6a6c1a67bf987eefd911832fa5d9583eb849066d4822fd\nchanged_paths_declared=183\ncovered_paths_sha256=e3b0c44298fc1c149afbf4c8996fb92427ae41e4649b934ca495991b7852b855\nfast_witness_profile=native-fast-witness-v2:first-middle-last-seeded-per-namespace-length-depth-class;declared-read-targets\nfully_verified=false\nlogical_bytes=1048576\nnative_namespace_paths_verified=184\nnative_namespace_type_source=DirEntry::file_type;platform-metadata-fallback-permitted;skipped-counts-describe-unperformed-checks-not-syscalls\nnative_namespace_types_verified=184\noracle_identity_encoding=structural-entry-recipes-v1\noracle_scope=independent-delta-and-witnesses;complete-native-namespace;certified-unchanged-content-roots-checked-by-host\nreference_assurance=independent_current_content\nselected_independent_oracle_identity=ac1dc586c265a53864679ae16cac8dc17402af02935a04d79cf26796a5e39521\nselected_metadata_paths_verified=183\nselected_regular_bytes_verified=1048576\nselected_regular_paths_verified=50\nskipped_untouched_metadata_paths=1\nskipped_untouched_regular_bodies=0\nuncertified_regular_paths_checked=50\nverification_status=fast_iteration_verified\nwitness_paths_declared=0\n"",""step"":1}]}",,,,,,
workspace_change_locality,workspace-dense-rewrite-10-compact-v2,PASS,2.7665708330023335,3b4b7771ba61326b08af2ea18bffdc012e5417706fd050c7e03e80bbc32b2d1e,891067915b4152dd42e7510ef374a3d8a8827ead03a597051335c933d0485958,d982399b2eef58cde71f8355bc695609dc05ab137cf47705cbbdd090c4e1e56a,sha256:42eb806fcfe9db1dc28098eb423340de3e4eaf81fd487389128305e65606d347,verification/workspace_change_locality/workspace-dense-rewrite-10-compact-v2/verification.json,"[""no exhaustive Phase 1 replay""]",[],"{""type"":""sampled-content"",""summary"":""changed data and selected unchanged witnesses; qualified roots"",""details"":[{""kind"":""fast-canonical-verification"",""receipt"":""{\""actual_read_logical_bytes\"": \""10485760\"", \""actual_read_regular_paths\"": \""500\"", \""authenticated_global_inodes\"": \""643\"", \""authenticated_namespace_paths\"": \""643\"", \""canonical_root\"": \""f683da9ac7c5b5b0980107874eae2fa3bc5a97fd9b466070088bbb4369eeeaef\"", \""certificate_binding\"": \""3196a4363cfad4c3e4671cc286bf4d9e9991a4049f2c1094629064834062189a\"", \""covered_regular_paths\"": \""0\"", \""full_canonical_census_performed\"": \""false\"", \""fully_verified\"": \""false\"", \""has_reused_reference\"": \""false\"", \""reference_assurance\"": \""independent_current_content\"", \""reference_native_readback\"": \""false\"", \""reference_root_scope\"": \""none\"", \""scope\"": \""full current namespace/global inode/metadata/aliases; selected changed+witness bytes; unchanged file-state/extent/payload subgraph references certified, those current subgraph bytes not read\"", \""skipped_current_store_logical_bytes\"": \""0\"", \""skipped_current_store_regular_paths\"": \""0\"", \""verification_profile\"": \""fast-verify-v2\"", \""verification_status\"": \""fast_iteration_verified\""}"",""step"":1},{""coverage_sha256"":""e3b0c44298fc1c149afbf4c8996fb92427ae41e4649b934ca495991b7852b855"",""kind"":""fast-native-verification"",""receipt"":""absent_paths_verified=0\ncertificate_binding=3196a4363cfad4c3e4671cc286bf4d9e9991a4049f2c1094629064834062189a\nchanged_paths_declared=642\ncovered_paths_sha256=e3b0c44298fc1c149afbf4c8996fb92427ae41e4649b934ca495991b7852b855\nfast_witness_profile=native-fast-witness-v2:first-middle-last-seeded-per-namespace-length-depth-class;declared-read-targets\nfully_verified=false\nlogical_bytes=10485760\nnative_namespace_paths_verified=643\nnative_namespace_type_source=DirEntry::file_type;platform-metadata-fallback-permitted;skipped-counts-describe-unperformed-checks-not-syscalls\nnative_namespace_types_verified=643\noracle_identity_encoding=structural-entry-recipes-v1\noracle_scope=independent-delta-and-witnesses;complete-native-namespace;certified-unchanged-content-roots-checked-by-host\nreference_assurance=independent_current_content\nselected_independent_oracle_identity=11c50a8df9af7a63cabee471d381ee59c22ae0cb2fa1579691db2640606d4dfc\nselected_metadata_paths_verified=642\nselected_regular_bytes_verified=10485760\nselected_regular_paths_verified=500\nskipped_untouched_metadata_paths=1\nskipped_untouched_regular_bodies=0\nuncertified_regular_paths_checked=500\nverification_status=fast_iteration_verified\nwitness_paths_declared=0\n"",""step"":1}]}",,,,,,
workspace_change_locality,workspace-dense-rewrite-100-mixed-v4,PASS,4.3269604579982115,3b4b7771ba61326b08af2ea18bffdc012e5417706fd050c7e03e80bbc32b2d1e,891067915b4152dd42e7510ef374a3d8a8827ead03a597051335c933d0485958,1dc06c374d1469c762af90c31de70817fec87ec54c8bd505d50ecdb436d6dd29,sha256:42eb806fcfe9db1dc28098eb423340de3e4eaf81fd487389128305e65606d347,verification/workspace_change_locality/workspace-dense-rewrite-100-mixed-v4/verification.json,"[""no exhaustive Phase 1 replay"",""sampled Workspace proof: no exhaustive namespace, full-file bytes, object census, aliases, or failure injection""]","[""absent_paths="",""full_file_bytes_verified=false"",""full_namespace_verified=false"",""omissions=unselected paths, bytes beyond selected ranges, exhaustive inode/object/reference census, alias and failure injection semantics"",""sampled_paths=.\ndest\nwide\nwide/s000-f000.dat\nwide/s000-f001.dat\nregular/s000/f064.dat\nspine/d001/d002/d003/d004/d005/d006/d007/d008/d009/d010/d011/d012/d013/d014/d015/d016/d017/d018/d019/d020/d021/d022/d023/d024/d025/d026/d027/d028/d029/d030/d031/d032/d033/d034/d035/d036/d037/d038/d039/d040/d041/d042/d043/d044/d045/d046/d047/d048/d049/d050/d051/d052/d053/d054/d055/d056/d057/d058/d059/d060/d061/d062/d063/d064/d065/d066/d067/d068/d069/d070/d071/d072/d073/d074/d075/d076/d077/d078/d079/d080/d081/d082/d083/d084/d085/d086/d087/d088/d089/d090/d091/d092/d093/d094/d095/d096/d097/d098/d099/d100/d101/d102/d103/d104/d105/d106/d107/d108/d109/d110/d111/d112/d113/d114/d115/d116/d117/d118/d119/d120/d121/d122/d123/d124/d125/d126/d127/d128/s000.dat\nwide/s008-f000.dat\nwide/s008-f001.dat\nspine/d001/d002/d003/d004/d005/d006/d007/d008/d009/d010/d011/d012/d013/d014/d015/d016/d017/d018/d019/d020/d021/d022/d023/d024/d025/d026/d027/d028/d029/d030/d031/d032/d033/d034/d035/d036/d037/d038/d039/d040/d041/d042/d043/d044/d045/d046/d047/d048/d049/d050/d051/d052/d053/d054/d055/d056/d057/d058/d059/d060/d061/d062/d063/d064/d065/d066/d067/d068/d069/d070/d071/d072/d073/d074/d075/d076/d077/d078/d079/d080/d081/d082/d083/d084/d085/d086/d087/d088/d089/d090/d091/d092/d093/d094/d095/d096/d097/d098/d099/d100/d101/d102/d103/d104/d105/d106/d107/d108/d109/d110/d111/d112/d113/d114/d115/d116/d117/d118/d119/d120/d121/d122/d123/d124/d125/d126/d127/d128/s009.dat"",""sampled_ranges=wide/s000-f000.dat:0..65536\nwide/s000-f000.dat:26214400..26279936\nwide/s000-f000.dat:52363264..52428800\nwide/s000-f001.dat:0..4096\nregular/s000/f064.dat:0..4096\nspine/d001/d002/d003/d004/d005/d006/d007/d008/d009/d010/d011/d012/d013/d014/d015/d016/d017/d018/d019/d020/d021/d022/d023/d024/d025/d026/d027/d028/d029/d030/d031/d032/d033/d034/d035/d036/d037/d038/d039/d040/d041/d042/d043/d044/d045/d046/d047/d048/d049/d050/d051/d052/d053/d054/d055/d056/d057/d058/d059/d060/d061/d062/d063/d064/d065/d066/d067/d068/d069/d070/d071/d072/d073/d074/d075/d076/d077/d078/d079/d080/d081/d082/d083/d084/d085/d086/d087/d088/d089/d090/d091/d092/d093/d094/d095/d096/d097/d098/d099/d100/d101/d102/d103/d104/d105/d106/d107/d108/d109/d110/d111/d112/d113/d114/d115/d116/d117/d118/d119/d120/d121/d122/d123/d124/d125/d126/d127/d128/s000.dat:0..4096\nwide/s008-f000.dat:0..4096\nwide/s008-f001.dat:0..65536\nspine/d001/d002/d003/d004/d005/d006/d007/d008/d009/d010/d011/d012/d013/d014/d015/d016/d017/d018/d019/d020/d021/d022/d023/d024/d025/d026/d027/d028/d029/d030/d031/d032/d033/d034/d035/d036/d037/d038/d039/d040/d041/d042/d043/d044/d045/d046/d047/d048/d049/d050/d051/d052/d053/d054/d055/d056/d057/d058/d059/d060/d061/d062/d063/d064/d065/d066/d067/d068/d069/d070/d071/d072/d073/d074/d075/d076/d077/d078/d079/d080/d081/d082/d083/d084/d085/d086/d087/d088/d089/d090/d091/d092/d093/d094/d095/d096/d097/d098/d099/d100/d101/d102/d103/d104/d105/d106/d107/d108/d109/d110/d111/d112/d113/d114/d115/d116/d117/d118/d119/d120/d121/d122/d123/d124/d125/d126/d127/d128/s009.dat:0..65536""]","{""type"":""sampled-content"",""summary"":""changed data and selected unchanged witnesses; qualified roots"",""details"":[]}",,,,,,
workspace_change_locality,workspace-dense-rewrite-500-mixed-v4,PASS,11.73110999999335,3b4b7771ba61326b08af2ea18bffdc012e5417706fd050c7e03e80bbc32b2d1e,891067915b4152dd42e7510ef374a3d8a8827ead03a597051335c933d0485958,a03e00d48c6df71674b052ae39f7c4c49a2c7d0fbab4f1e7b67275ed0d322802,sha256:42eb806fcfe9db1dc28098eb423340de3e4eaf81fd487389128305e65606d347,verification/workspace_change_locality/workspace-dense-rewrite-500-mixed-v4/verification.json,"[""no exhaustive Phase 1 replay"",""sampled Workspace proof: no exhaustive namespace, full-file bytes, object census, aliases, or failure injection""]","[""absent_paths="",""full_file_bytes_verified=false"",""full_namespace_verified=false"",""omissions=unselected paths, bytes beyond selected ranges, exhaustive inode/object/reference census, alias and failure injection semantics"",""sampled_paths=.\ndest\nwide\nwide/s000-f000.dat\nwide/s000-f001.dat\nwide/s000-f002.dat\nregular/s000/f064.dat\nspine/d001/d002/d003/d004/d005/d006/d007/d008/d009/d010/d011/d012/d013/d014/d015/d016/d017/d018/d019/d020/d021/d022/d023/d024/d025/d026/d027/d028/d029/d030/d031/d032/d033/d034/d035/d036/d037/d038/d039/d040/d041/d042/d043/d044/d045/d046/d047/d048/d049/d050/d051/d052/d053/d054/d055/d056/d057/d058/d059/d060/d061/d062/d063/d064/d065/d066/d067/d068/d069/d070/d071/d072/d073/d074/d075/d076/d077/d078/d079/d080/d081/d082/d083/d084/d085/d086/d087/d088/d089/d090/d091/d092/d093/d094/d095/d096/d097/d098/d099/d100/d101/d102/d103/d104/d105/d106/d107/d108/d109/d110/d111/d112/d113/d114/d115/d116/d117/d118/d119/d120/d121/d122/d123/d124/d125/d126/d127/d128/s000.dat\nwide/s020-f001.dat\nwide/s020-f002.dat\nspine/d001/d002/d003/d004/d005/d006/d007/d008/d009/d010/d011/d012/d013/d014/d015/d016/d017/d018/d019/d020/d021/d022/d023/d024/d025/d026/d027/d028/d029/d030/d031/d032/d033/d034/d035/d036/d037/d038/d039/d040/d041/d042/d043/d044/d045/d046/d047/d048/d049/d050/d051/d052/d053/d054/d055/d056/d057/d058/d059/d060/d061/d062/d063/d064/d065/d066/d067/d068/d069/d070/d071/d072/d073/d074/d075/d076/d077/d078/d079/d080/d081/d082/d083/d084/d085/d086/d087/d088/d089/d090/d091/d092/d093/d094/d095/d096/d097/d098/d099/d100/d101/d102/d103/d104/d105/d106/d107/d108/d109/d110/d111/d112/d113/d114/d115/d116/d117/d118/d119/d120/d121/d122/d123/d124/d125/d126/d127/d128/s024.dat"",""sampled_ranges=wide/s000-f000.dat:0..65536\nwide/s000-f000.dat:157286400..157351936\nwide/s000-f000.dat:314507264..314572800\nwide/s000-f001.dat:0..65536\nwide/s000-f001.dat:52428800..52494336\nwide/s000-f001.dat:104792064..104857600\nwide/s000-f002.dat:0..4096\nregular/s000/f064.dat:0..4096\nspine/d001/d002/d003/d004/d005/d006/d007/d008/d009/d010/d011/d012/d013/d014/d015/d016/d017/d018/d019/d020/d021/d022/d023/d024/d025/d026/d027/d028/d029/d030/d031/d032/d033/d034/d035/d036/d037/d038/d039/d040/d041/d042/d043/d044/d045/d046/d047/d048/d049/d050/d051/d052/d053/d054/d055/d056/d057/d058/d059/d060/d061/d062/d063/d064/d065/d066/d067/d068/d069/d070/d071/d072/d073/d074/d075/d076/d077/d078/d079/d080/d081/d082/d083/d084/d085/d086/d087/d088/d089/d090/d091/d092/d093/d094/d095/d096/d097/d098/d099/d100/d101/d102/d103/d104/d105/d106/d107/d108/d109/d110/d111/d112/d113/d114/d115/d116/d117/d118/d119/d120/d121/d122/d123/d124/d125/d126/d127/d128/s000.dat:0..4096\nwide/s020-f001.dat:0..4096\nwide/s020-f002.dat:0..65536\nspine/d001/d002/d003/d004/d005/d006/d007/d008/d009/d010/d011/d012/d013/d014/d015/d016/d017/d018/d019/d020/d021/d022/d023/d024/d025/d026/d027/d028/d029/d030/d031/d032/d033/d034/d035/d036/d037/d038/d039/d040/d041/d042/d043/d044/d045/d046/d047/d048/d049/d050/d051/d052/d053/d054/d055/d056/d057/d058/d059/d060/d061/d062/d063/d064/d065/d066/d067/d068/d069/d070/d071/d072/d073/d074/d075/d076/d077/d078/d079/d080/d081/d082/d083/d084/d085/d086/d087/d088/d089/d090/d091/d092/d093/d094/d095/d096/d097/d098/d099/d100/d101/d102/d103/d104/d105/d106/d107/d108/d109/d110/d111/d112/d113/d114/d115/d116/d117/d118/d119/d120/d121/d122/d123/d124/d125/d126/d127/d128/s024.dat:0..65536""]","{""type"":""sampled-content"",""summary"":""changed data and selected unchanged witnesses; qualified roots"",""details"":[]}",,,,,,
dedup_branch_history,dedup-history-distributed-1,PASS,2.4345885000075214,3b4b7771ba61326b08af2ea18bffdc012e5417706fd050c7e03e80bbc32b2d1e,891067915b4152dd42e7510ef374a3d8a8827ead03a597051335c933d0485958,6f817344f2581d3eb5fd13c776b10809f83ac3d49795a98c9095af5921699ef3,sha256:42eb806fcfe9db1dc28098eb423340de3e4eaf81fd487389128305e65606d347,verification/dedup_branch_history/dedup-history-distributed-1/verification.json,"[""no exhaustive Phase 1 replay""]",[],"{""type"":""sampled-history"",""summary"":""all parent links; snapshots [0, 1]"",""verified_steps"":[0,1],""omissions"":""unselected historical snapshot content; exhaustive historical object/storage census""}",,,,,,
dedup_branch_history,dedup-history-distributed-10,PASS,4.996775374995195,3b4b7771ba61326b08af2ea18bffdc012e5417706fd050c7e03e80bbc32b2d1e,891067915b4152dd42e7510ef374a3d8a8827ead03a597051335c933d0485958,308893a4ed707985c1d5d2457586086fbe6cf369ab4337825b1c3bd38b744f0e,sha256:42eb806fcfe9db1dc28098eb423340de3e4eaf81fd487389128305e65606d347,verification/dedup_branch_history/dedup-history-distributed-10/verification.json,"[""no exhaustive Phase 1 replay""]",[],"{""type"":""sampled-history"",""summary"":""all parent links; snapshots [0, 1, 2, 3, 4, 5, 6, 7, 8, 9, 10]"",""verified_steps"":[0,1,2,3,4,5,6,7,8,9,10],""omissions"":""unselected historical snapshot content; exhaustive historical object/storage census""}",,,,,,
dedup_branch_history,dedup-history-distributed-100,PASS,5.045695957989665,3b4b7771ba61326b08af2ea18bffdc012e5417706fd050c7e03e80bbc32b2d1e,891067915b4152dd42e7510ef374a3d8a8827ead03a597051335c933d0485958,c2ea0bb4102e31e8557cee1b511bb22db44e3428ef11cca75a1df357b87bd47a,sha256:42eb806fcfe9db1dc28098eb423340de3e4eaf81fd487389128305e65606d347,verification/dedup_branch_history/dedup-history-distributed-100/verification.json,"[""no exhaustive Phase 1 replay""]",[],"{""type"":""sampled-history"",""summary"":""all parent links; snapshots [0, 1, 2, 49, 50, 99, 100]"",""verified_steps"":[0,1,2,49,50,99,100],""omissions"":""unselected historical snapshot content; exhaustive historical object/storage census""}",,,,,,
dedup_branch_history,dedup-history-distributed-500,PASS,10.22451075000572,3b4b7771ba61326b08af2ea18bffdc012e5417706fd050c7e03e80bbc32b2d1e,891067915b4152dd42e7510ef374a3d8a8827ead03a597051335c933d0485958,53bb09288b1e63327c40204869a917bc23411a2160944f68adb348268f329f0b,sha256:42eb806fcfe9db1dc28098eb423340de3e4eaf81fd487389128305e65606d347,verification/dedup_branch_history/dedup-history-distributed-500/verification.json,"[""no exhaustive Phase 1 replay""]",[],"{""type"":""sampled-history"",""summary"":""all parent links; snapshots [0, 1, 199, 200, 201, 250, 499, 500]"",""verified_steps"":[0,1,199,200,201,250,499,500],""omissions"":""unselected historical snapshot content; exhaustive historical object/storage census""}",,,,,,
dedup_branch_history,dedup-history-hotset-1,PASS,2.4700768330076244,3b4b7771ba61326b08af2ea18bffdc012e5417706fd050c7e03e80bbc32b2d1e,891067915b4152dd42e7510ef374a3d8a8827ead03a597051335c933d0485958,bde670c19f0c0cd5685b0194689d0eec9bb5e8c494af8e301842198f98e0943e,sha256:42eb806fcfe9db1dc28098eb423340de3e4eaf81fd487389128305e65606d347,verification/dedup_branch_history/dedup-history-hotset-1/verification.json,"[""no exhaustive Phase 1 replay""]",[],"{""type"":""sampled-history"",""summary"":""all parent links; snapshots [0, 1]"",""verified_steps"":[0,1],""omissions"":""unselected historical snapshot content; exhaustive historical object/storage census""}",,,,,,
dedup_branch_history,dedup-history-hotset-10,PASS,5.114452624999103,3b4b7771ba61326b08af2ea18bffdc012e5417706fd050c7e03e80bbc32b2d1e,891067915b4152dd42e7510ef374a3d8a8827ead03a597051335c933d0485958,7f3ba617750981a348f8086079db70e8eb46fd4175e0a2d4c35cb75d00adde61,sha256:42eb806fcfe9db1dc28098eb423340de3e4eaf81fd487389128305e65606d347,verification/dedup_branch_history/dedup-history-hotset-10/verification.json,"[""no exhaustive Phase 1 replay""]",[],"{""type"":""sampled-history"",""summary"":""all parent links; snapshots [0, 1, 2, 3, 4, 5, 6, 7, 8, 9, 10]"",""verified_steps"":[0,1,2,3,4,5,6,7,8,9,10],""omissions"":""unselected historical snapshot content; exhaustive historical object/storage census""}",,,,,,
dedup_branch_history,dedup-history-hotset-100,PASS,5.253779959006351,3b4b7771ba61326b08af2ea18bffdc012e5417706fd050c7e03e80bbc32b2d1e,891067915b4152dd42e7510ef374a3d8a8827ead03a597051335c933d0485958,c52ffddefd051d9c82ac3d0f1fa4a9c6fe6ebc70b9af232c44ad7d27c3431ad5,sha256:42eb806fcfe9db1dc28098eb423340de3e4eaf81fd487389128305e65606d347,verification/dedup_branch_history/dedup-history-hotset-100/verification.json,"[""no exhaustive Phase 1 replay""]",[],"{""type"":""sampled-history"",""summary"":""all parent links; snapshots [0, 1, 7, 8, 9, 50, 99, 100]"",""verified_steps"":[0,1,7,8,9,50,99,100],""omissions"":""unselected historical snapshot content; exhaustive historical object/storage census""}",,,,,,
dedup_branch_history,dedup-history-hotset-500,PASS,9.474370542011457,3b4b7771ba61326b08af2ea18bffdc012e5417706fd050c7e03e80bbc32b2d1e,891067915b4152dd42e7510ef374a3d8a8827ead03a597051335c933d0485958,7b6a125ccf7160fde3215d3826529aa36f0b530f5e5a43903a45c62b2decd8ca,sha256:42eb806fcfe9db1dc28098eb423340de3e4eaf81fd487389128305e65606d347,verification/dedup_branch_history/dedup-history-hotset-500/verification.json,"[""no exhaustive Phase 1 replay""]",[],"{""type"":""sampled-history"",""summary"":""all parent links; snapshots [0, 1, 7, 8, 9, 250, 499, 500]"",""verified_steps"":[0,1,7,8,9,250,499,500],""omissions"":""unselected historical snapshot content; exhaustive historical object/storage census""}",,,,,,
dedup_branch_history,dedup-history-recurring-1,PASS,2.323114832994179,3b4b7771ba61326b08af2ea18bffdc012e5417706fd050c7e03e80bbc32b2d1e,891067915b4152dd42e7510ef374a3d8a8827ead03a597051335c933d0485958,0ef4ac7bf40eae5422b80b3a2dd208de4d8f0364b9564c02b4194ba8a95c7a58,sha256:42eb806fcfe9db1dc28098eb423340de3e4eaf81fd487389128305e65606d347,verification/dedup_branch_history/dedup-history-recurring-1/verification.json,"[""no exhaustive Phase 1 replay""]",[],"{""type"":""sampled-history"",""summary"":""all parent links; snapshots [0, 1]"",""verified_steps"":[0,1],""omissions"":""unselected historical snapshot content; exhaustive historical object/storage census""}",,,,,,
dedup_branch_history,dedup-history-recurring-10,PASS,5.131405583000742,3b4b7771ba61326b08af2ea18bffdc012e5417706fd050c7e03e80bbc32b2d1e,891067915b4152dd42e7510ef374a3d8a8827ead03a597051335c933d0485958,d704e30e1cbe33cc1e2da8ee63aba335bda247cb092e97b9ce50e3488c1ae775,sha256:42eb806fcfe9db1dc28098eb423340de3e4eaf81fd487389128305e65606d347,verification/dedup_branch_history/dedup-history-recurring-10/verification.json,"[""no exhaustive Phase 1 replay""]",[],"{""type"":""sampled-history"",""summary"":""all parent links; snapshots [0, 1, 2, 3, 4, 5, 6, 7, 8, 9, 10]"",""verified_steps"":[0,1,2,3,4,5,6,7,8,9,10],""omissions"":""unselected historical snapshot content; exhaustive historical object/storage census""}",,,,,,
dedup_branch_history,dedup-history-recurring-100,PASS,4.304030083003454,3b4b7771ba61326b08af2ea18bffdc012e5417706fd050c7e03e80bbc32b2d1e,891067915b4152dd42e7510ef374a3d8a8827ead03a597051335c933d0485958,abab6b9d4155e1617c00a6df2adb596876ea33b3d8bc83ca8d8a472ad9ccde6e,sha256:42eb806fcfe9db1dc28098eb423340de3e4eaf81fd487389128305e65606d347,verification/dedup_branch_history/dedup-history-recurring-100/verification.json,"[""no exhaustive Phase 1 replay""]",[],"{""type"":""sampled-history"",""summary"":""all parent links; snapshots [0, 1, 2, 3, 99, 100]"",""verified_steps"":[0,1,2,3,99,100],""omissions"":""unselected historical snapshot content; exhaustive historical object/storage census""}",,,,,,
dedup_branch_history,dedup-history-recurring-500,PASS,8.13784987499821,3b4b7771ba61326b08af2ea18bffdc012e5417706fd050c7e03e80bbc32b2d1e,891067915b4152dd42e7510ef374a3d8a8827ead03a597051335c933d0485958,43e98f2d957dbc186b9faf1c7223b8618109e926cd8cdec843c6e64d69e66384,sha256:42eb806fcfe9db1dc28098eb423340de3e4eaf81fd487389128305e65606d347,verification/dedup_branch_history/dedup-history-recurring-500/verification.json,"[""no exhaustive Phase 1 replay""]",[],"{""type"":""sampled-history"",""summary"":""all parent links; snapshots [0, 1, 2, 3, 499, 500]"",""verified_steps"":[0,1,2,3,499,500],""omissions"":""unselected historical snapshot content; exhaustive historical object/storage census""}",,,,,,
dedup_branch_history,dedup-history-metadata-1,PASS,2.3430075000069337,3b4b7771ba61326b08af2ea18bffdc012e5417706fd050c7e03e80bbc32b2d1e,891067915b4152dd42e7510ef374a3d8a8827ead03a597051335c933d0485958,07af4c9fd3261621d7dbd2a5c16d0ee4af57b6d20f9e170df53c8e9ba24658f6,sha256:42eb806fcfe9db1dc28098eb423340de3e4eaf81fd487389128305e65606d347,verification/dedup_branch_history/dedup-history-metadata-1/verification.json,"[""no exhaustive Phase 1 replay""]",[],"{""type"":""sampled-history"",""summary"":""all parent links; snapshots [0, 1]"",""verified_steps"":[0,1],""omissions"":""unselected historical snapshot content; exhaustive historical object/storage census""}",,,,,,
dedup_branch_history,dedup-history-metadata-10,PASS,4.883590125013143,3b4b7771ba61326b08af2ea18bffdc012e5417706fd050c7e03e80bbc32b2d1e,891067915b4152dd42e7510ef374a3d8a8827ead03a597051335c933d0485958,bd55c899dfad1b07c3348ccc04b02db59127d4f4c9bfde4c64f1ab78c5b934e9,sha256:42eb806fcfe9db1dc28098eb423340de3e4eaf81fd487389128305e65606d347,verification/dedup_branch_history/dedup-history-metadata-10/verification.json,"[""no exhaustive Phase 1 replay""]",[],"{""type"":""sampled-history"",""summary"":""all parent links; snapshots [0, 1, 2, 3, 4, 5, 6, 7, 8, 9, 10]"",""verified_steps"":[0,1,2,3,4,5,6,7,8,9,10],""omissions"":""unselected historical snapshot content; exhaustive historical object/storage census""}",,,,,,
dedup_branch_history,dedup-history-metadata-100,PASS,4.68033358300454,3b4b7771ba61326b08af2ea18bffdc012e5417706fd050c7e03e80bbc32b2d1e,891067915b4152dd42e7510ef374a3d8a8827ead03a597051335c933d0485958,6b87534d5a7403cc6b2ead7ecf05d5aad2f37dc9b9def79936e3085af74f4003,sha256:42eb806fcfe9db1dc28098eb423340de3e4eaf81fd487389128305e65606d347,verification/dedup_branch_history/dedup-history-metadata-100/verification.json,"[""no exhaustive Phase 1 replay""]",[],"{""type"":""sampled-history"",""summary"":""all parent links; snapshots [0, 1, 2, 49, 50, 99, 100]"",""verified_steps"":[0,1,2,49,50,99,100],""omissions"":""unselected historical snapshot content; exhaustive historical object/storage census""}",,,,,,
dedup_branch_history,dedup-history-metadata-500,PASS,8.01812829200935,3b4b7771ba61326b08af2ea18bffdc012e5417706fd050c7e03e80bbc32b2d1e,891067915b4152dd42e7510ef374a3d8a8827ead03a597051335c933d0485958,70dafa15ada434235ffbc3ddf235f5090f6b33a8e6e65f5b94e297afeffa3eed,sha256:42eb806fcfe9db1dc28098eb423340de3e4eaf81fd487389128305e65606d347,verification/dedup_branch_history/dedup-history-metadata-500/verification.json,"[""no exhaustive Phase 1 replay""]",[],"{""type"":""sampled-history"",""summary"":""all parent links; snapshots [0, 1, 2, 249, 250, 499, 500]"",""verified_steps"":[0,1,2,249,250,499,500],""omissions"":""unselected historical snapshot content; exhaustive historical object/storage census""}",,,,,,
dedup_branch_history,dedup-history-unrelated-1,PASS,3.532346249994589,3b4b7771ba61326b08af2ea18bffdc012e5417706fd050c7e03e80bbc32b2d1e,891067915b4152dd42e7510ef374a3d8a8827ead03a597051335c933d0485958,5142e2dbe01ac786383000bb5bb222f22be866d6a7cc05f9dd324aea240db9b0,sha256:42eb806fcfe9db1dc28098eb423340de3e4eaf81fd487389128305e65606d347,verification/dedup_branch_history/dedup-history-unrelated-1/verification.json,"[""no exhaustive Phase 1 replay""]",[],"{""type"":""sampled-history"",""summary"":""all parent links; snapshots [0, 1]"",""verified_steps"":[0,1],""omissions"":""unselected historical snapshot content; exhaustive historical object/storage census""}",,,,,,
dedup_branch_history,dedup-history-unrelated-10,PASS,14.114522499992745,3b4b7771ba61326b08af2ea18bffdc012e5417706fd050c7e03e80bbc32b2d1e,891067915b4152dd42e7510ef374a3d8a8827ead03a597051335c933d0485958,ffd082f4b5db1d496887297f4cf7b1274b3be4c6f7bd19a9f377064f0f8b4401,sha256:42eb806fcfe9db1dc28098eb423340de3e4eaf81fd487389128305e65606d347,verification/dedup_branch_history/dedup-history-unrelated-10/verification.json,"[""no exhaustive Phase 1 replay""]",[],"{""type"":""sampled-history"",""summary"":""all parent links; snapshots [0, 1, 2, 3, 4, 5, 6, 7, 8, 9, 10]"",""verified_steps"":[0,1,2,3,4,5,6,7,8,9,10],""omissions"":""unselected historical snapshot content; exhaustive historical object/storage census""}",,,,,,
dedup_branch_history,dedup-history-unrelated-100-mixed-v2,PASS,6.67249745799927,3b4b7771ba61326b08af2ea18bffdc012e5417706fd050c7e03e80bbc32b2d1e,891067915b4152dd42e7510ef374a3d8a8827ead03a597051335c933d0485958,644d5b1897bfae293ac12b50c63b7fe47c8f22b47e3ddfe586ebbeeb8a42afa8,sha256:42eb806fcfe9db1dc28098eb423340de3e4eaf81fd487389128305e65606d347,verification/dedup_branch_history/dedup-history-unrelated-100-mixed-v2/verification.json,"[""no exhaustive Phase 1 replay"",""sampled Workspace proof: no exhaustive namespace, full-file bytes, object census, aliases, or failure injection""]","[""absent_paths="",""full_file_bytes_verified=false"",""full_namespace_verified=false"",""omissions=unselected paths, bytes beyond selected ranges, exhaustive inode/object/reference census, alias and failure injection semantics"",""sampled_paths=.\nmixed\nmixed/f000.dat\nmixed/f001.dat\nmixed/f006.dat\nmixed/f007.dat\nmixed/f009.dat"",""sampled_ranges=mixed/f000.dat:0..65536\nmixed/f000.dat:327680..393216\nmixed/f000.dat:589824..655360\nmixed/f001.dat:0..4096\nmixed/f006.dat:0..4096\nmixed/f007.dat:0..65536\nmixed/f009.dat:0..65536""]","{""type"":""sampled-content"",""summary"":""changed data and selected unchanged witnesses; qualified roots"",""details"":[]}",,,,,,
dedup_branch_history,dedup-history-unrelated-500-mixed-v2,PASS,26.727194959006738,3b4b7771ba61326b08af2ea18bffdc012e5417706fd050c7e03e80bbc32b2d1e,891067915b4152dd42e7510ef374a3d8a8827ead03a597051335c933d0485958,341f724ca0f9734b73b162c9eb8d439a9af8e64aade91f0d1518f577e84218de,sha256:42eb806fcfe9db1dc28098eb423340de3e4eaf81fd487389128305e65606d347,verification/dedup_branch_history/dedup-history-unrelated-500-mixed-v2/verification.json,"[""no exhaustive Phase 1 replay"",""sampled Workspace proof: no exhaustive namespace, full-file bytes, object census, aliases, or failure injection""]","[""absent_paths="",""full_file_bytes_verified=false"",""full_namespace_verified=false"",""omissions=unselected paths, bytes beyond selected ranges, exhaustive inode/object/reference census, alias and failure injection semantics"",""sampled_paths=.\nmixed\nmixed/f000.dat\nmixed/f001.dat\nmixed/f006.dat\nmixed/f007.dat\nmixed/f009.dat"",""sampled_ranges=mixed/f000.dat:0..65536\nmixed/f000.dat:327680..393216\nmixed/f000.dat:589824..655360\nmixed/f001.dat:0..4096\nmixed/f006.dat:0..4096\nmixed/f007.dat:0..65536\nmixed/f009.dat:0..65536""]","{""type"":""sampled-content"",""summary"":""changed data and selected unchanged witnesses; qualified roots"",""details"":[]}",,,,,,
git_tool_workflow,git-tool-1-compact-v2,PASS,5.52728224999737,3b4b7771ba61326b08af2ea18bffdc012e5417706fd050c7e03e80bbc32b2d1e,891067915b4152dd42e7510ef374a3d8a8827ead03a597051335c933d0485958,97afb8087390d8b8582fb7f9e65c4e7f477ff004bb0f1208d75cf56e583eb1ef,sha256:42eb806fcfe9db1dc28098eb423340de3e4eaf81fd487389128305e65606d347,verification/git_tool_workflow/git-tool-1-compact-v2/verification.json,"[""no exhaustive Phase 1 replay""]",[],"{""type"":""full-git-contract"",""summary"":""full head/tree/parent and reopened custody""}",,,,,,
git_tool_workflow,git-tool-10-compact-v2,PASS,7.435840625010314,3b4b7771ba61326b08af2ea18bffdc012e5417706fd050c7e03e80bbc32b2d1e,891067915b4152dd42e7510ef374a3d8a8827ead03a597051335c933d0485958,047648d4e6ad4806332e38bda859a001a4480dbb9b38a607e68eaae624b6aa22,sha256:42eb806fcfe9db1dc28098eb423340de3e4eaf81fd487389128305e65606d347,verification/git_tool_workflow/git-tool-10-compact-v2/verification.json,"[""no exhaustive Phase 1 replay""]",[],"{""type"":""full-git-contract"",""summary"":""full head/tree/parent and reopened custody""}",,,,,,
git_tool_workflow,git-tool-100-mixed-v4,PASS,21.15165512500971,3b4b7771ba61326b08af2ea18bffdc012e5417706fd050c7e03e80bbc32b2d1e,891067915b4152dd42e7510ef374a3d8a8827ead03a597051335c933d0485958,49e4ef4a21b06e14930c8abc3517caa4c47006e84dfe08d5e029fdf095b0ce69,sha256:42eb806fcfe9db1dc28098eb423340de3e4eaf81fd487389128305e65606d347,verification/git_tool_workflow/git-tool-100-mixed-v4/verification.json,"[""no exhaustive Phase 1 replay""]",[],"{""type"":""full-git-contract"",""summary"":""full head/tree/parent and reopened custody""}",,,,,,
git_tool_workflow,git-tool-500-mixed-v4,PASS,37.7411789589969,3b4b7771ba61326b08af2ea18bffdc012e5417706fd050c7e03e80bbc32b2d1e,891067915b4152dd42e7510ef374a3d8a8827ead03a597051335c933d0485958,51fb2ef8046a67dcd6614645788d711ed7300fb848d04cf7c6f6c110403e64d4,sha256:42eb806fcfe9db1dc28098eb423340de3e4eaf81fd487389128305e65606d347,verification/git_tool_workflow/git-tool-500-mixed-v4/verification.json,"[""no exhaustive Phase 1 replay""]",[],"{""type"":""full-git-contract"",""summary"":""full head/tree/parent and reopened custody""}",,,,,,
mixed_load_bearing,agent-episodes-1-compact-v2,PASS,2.316462583010434,3b4b7771ba61326b08af2ea18bffdc012e5417706fd050c7e03e80bbc32b2d1e,891067915b4152dd42e7510ef374a3d8a8827ead03a597051335c933d0485958,6cb29a3b199dacbd78f56124c7cace27f41707043ee444f3dd31bc7fc69c4e72,sha256:42eb806fcfe9db1dc28098eb423340de3e4eaf81fd487389128305e65606d347,verification/mixed_load_bearing/agent-episodes-1-compact-v2/verification.json,"[""no exhaustive Phase 1 replay""]",[],"{""type"":""sampled-content"",""summary"":""changed data and selected unchanged witnesses; qualified roots"",""details"":[{""kind"":""fast-canonical-verification"",""receipt"":""{\""actual_read_logical_bytes\"": \""1089536\"", \""actual_read_regular_paths\"": \""55\"", \""authenticated_global_inodes\"": \""193\"", \""authenticated_namespace_paths\"": \""194\"", \""canonical_root\"": \""05b8df36ade555b483b39898ee79baa7f6800a7bdc96639242ed75acf9923241\"", \""certificate_binding\"": \""57aaaffa6c4555926422dec7eb2e4c5aa427c54fc983cb4b8aef50fce6991308\"", \""covered_regular_paths\"": \""0\"", \""full_canonical_census_performed\"": \""false\"", \""fully_verified\"": \""false\"", \""has_reused_reference\"": \""false\"", \""reference_assurance\"": \""independent_current_content\"", \""reference_native_readback\"": \""false\"", \""reference_root_scope\"": \""none\"", \""scope\"": \""full current namespace/global inode/metadata/aliases; selected changed+witness bytes; unchanged file-state/extent/payload subgraph references certified, those current subgraph bytes not read\"", \""skipped_current_store_logical_bytes\"": \""0\"", \""skipped_current_store_regular_paths\"": \""0\"", \""verification_profile\"": \""fast-verify-v2\"", \""verification_status\"": \""fast_iteration_verified\""}"",""step"":1},{""coverage_sha256"":""e3b0c44298fc1c149afbf4c8996fb92427ae41e4649b934ca495991b7852b855"",""kind"":""fast-native-verification"",""receipt"":""absent_paths_verified=5\ncertificate_binding=57aaaffa6c4555926422dec7eb2e4c5aa427c54fc983cb4b8aef50fce6991308\nchanged_paths_declared=10\ncovered_paths_sha256=e3b0c44298fc1c149afbf4c8996fb92427ae41e4649b934ca495991b7852b855\nfast_witness_profile=native-fast-witness-v2:first-middle-last-seeded-per-namespace-length-depth-class;declared-read-targets\nfully_verified=false\nlogical_bytes=1089551\nnative_namespace_paths_verified=194\nnative_namespace_type_source=DirEntry::file_type;platform-metadata-fallback-permitted;skipped-counts-describe-unperformed-checks-not-syscalls\nnative_namespace_types_verified=194\noracle_identity_encoding=structural-entry-recipes-v1\noracle_scope=independent-delta-and-witnesses;complete-native-namespace;certified-unchanged-content-roots-checked-by-host\nreference_assurance=independent_current_content\nselected_independent_oracle_identity=6faa0dde0563f2e0f59c2dcb1188c0912394dc891bc6605e8d8a7264b1706da7\nselected_metadata_paths_verified=193\nselected_regular_bytes_verified=1089536\nselected_regular_paths_verified=55\nskipped_untouched_metadata_paths=1\nskipped_untouched_regular_bodies=0\nuncertified_regular_paths_checked=55\nverification_status=fast_iteration_verified\nwitness_paths_declared=145\n"",""step"":1}]}",,,,,,
mixed_load_bearing,agent-episodes-10-compact-v2,PASS,3.10039254098956,3b4b7771ba61326b08af2ea18bffdc012e5417706fd050c7e03e80bbc32b2d1e,891067915b4152dd42e7510ef374a3d8a8827ead03a597051335c933d0485958,7ca20a2ea96d4f778aee53bd277903b15ffdbaac758f7c4aece694f08d9ff0b6,sha256:42eb806fcfe9db1dc28098eb423340de3e4eaf81fd487389128305e65606d347,verification/mixed_load_bearing/agent-episodes-10-compact-v2/verification.json,"[""no exhaustive Phase 1 replay""]",[],"{""type"":""sampled-content"",""summary"":""changed data and selected unchanged witnesses; qualified roots"",""details"":[{""kind"":""fast-canonical-verification"",""receipt"":""{\""actual_read_logical_bytes\"": \""10895360\"", \""actual_read_regular_paths\"": \""550\"", \""authenticated_global_inodes\"": \""706\"", \""authenticated_namespace_paths\"": \""716\"", \""canonical_root\"": \""6744eb899637a8c55d128d9d134c5c65c3062d284495188a97533e99c6f34cee\"", \""certificate_binding\"": \""ca6d788367bfe53c43b653d7b985844b55595484c82785ed957570e721a1a456\"", \""covered_regular_paths\"": \""0\"", \""full_canonical_census_performed\"": \""false\"", \""fully_verified\"": \""false\"", \""has_reused_reference\"": \""false\"", \""reference_assurance\"": \""independent_current_content\"", \""reference_native_readback\"": \""false\"", \""reference_root_scope\"": \""none\"", \""scope\"": \""full current namespace/global inode/metadata/aliases; selected changed+witness bytes; unchanged file-state/extent/payload subgraph references certified, those current subgraph bytes not read\"", \""skipped_current_store_logical_bytes\"": \""0\"", \""skipped_current_store_regular_paths\"": \""0\"", \""verification_profile\"": \""fast-verify-v2\"", \""verification_status\"": \""fast_iteration_verified\""}"",""step"":1},{""coverage_sha256"":""e3b0c44298fc1c149afbf4c8996fb92427ae41e4649b934ca495991b7852b855"",""kind"":""fast-native-verification"",""receipt"":""absent_paths_verified=50\ncertificate_binding=ca6d788367bfe53c43b653d7b985844b55595484c82785ed957570e721a1a456\nchanged_paths_declared=73\ncovered_paths_sha256=e3b0c44298fc1c149afbf4c8996fb92427ae41e4649b934ca495991b7852b855\nfast_witness_profile=native-fast-witness-v2:first-middle-last-seeded-per-namespace-length-depth-class;declared-read-targets\nfully_verified=false\nlogical_bytes=10895510\nnative_namespace_paths_verified=716\nnative_namespace_type_source=DirEntry::file_type;platform-metadata-fallback-permitted;skipped-counts-describe-unperformed-checks-not-syscalls\nnative_namespace_types_verified=716\noracle_identity_encoding=structural-entry-recipes-v1\noracle_scope=independent-delta-and-witnesses;complete-native-namespace;certified-unchanged-content-roots-checked-by-host\nreference_assurance=independent_current_content\nselected_independent_oracle_identity=cdf006309c76a574a8c94eb4c1f5adbae8771dd81ef34a86d637a9de89d07ac9\nselected_metadata_paths_verified=715\nselected_regular_bytes_verified=10895360\nselected_regular_paths_verified=550\nskipped_untouched_metadata_paths=1\nskipped_untouched_regular_bodies=0\nuncertified_regular_paths_checked=550\nverification_status=fast_iteration_verified\nwitness_paths_declared=157\n"",""step"":1}]}",,,,,,
mixed_load_bearing,agent-episodes-100,PASS,20.82550320799055,3b4b7771ba61326b08af2ea18bffdc012e5417706fd050c7e03e80bbc32b2d1e,891067915b4152dd42e7510ef374a3d8a8827ead03a597051335c933d0485958,db8512576316d9c1e3704b81686934457b9db1097404cde66835f0cd31c391ef,sha256:42eb806fcfe9db1dc28098eb423340de3e4eaf81fd487389128305e65606d347,verification/mixed_load_bearing/agent-episodes-100/verification.json,"[""no exhaustive Phase 1 replay""]",[],"{""type"":""sampled-content"",""summary"":""changed data and selected unchanged witnesses; qualified roots"",""details"":[{""kind"":""fast-canonical-verification"",""receipt"":""{\""actual_read_logical_bytes\"": \""84312064\"", \""actual_read_regular_paths\"": \""14900\"", \""authenticated_global_inodes\"": \""15200\"", \""authenticated_namespace_paths\"": \""15700\"", \""canonical_root\"": \""a7ea741484e52639157793c9792e1136c42f7ecebce60ea59f6441bb97919ce8\"", \""certificate_binding\"": \""8402a17a8878988cc6d0049b2c9d119d4fafcff29fe99efb9a60c8d54dfc57ef\"", \""covered_regular_paths\"": \""0\"", \""full_canonical_census_performed\"": \""false\"", \""fully_verified\"": \""false\"", \""has_reused_reference\"": \""false\"", \""reference_assurance\"": \""independent_current_content\"", \""reference_native_readback\"": \""false\"", \""reference_root_scope\"": \""none\"", \""scope\"": \""full current namespace/global inode/metadata/aliases; selected changed+witness bytes; unchanged file-state/extent/payload subgraph references certified, those current subgraph bytes not read\"", \""skipped_current_store_logical_bytes\"": \""0\"", \""skipped_current_store_regular_paths\"": \""0\"", \""verification_profile\"": \""fast-verify-v2\"", \""verification_status\"": \""fast_iteration_verified\""}"",""step"":1},{""coverage_sha256"":""e3b0c44298fc1c149afbf4c8996fb92427ae41e4649b934ca495991b7852b855"",""kind"":""fast-native-verification"",""receipt"":""absent_paths_verified=500\ncertificate_binding=8402a17a8878988cc6d0049b2c9d119d4fafcff29fe99efb9a60c8d54dfc57ef\nchanged_paths_declared=703\ncovered_paths_sha256=e3b0c44298fc1c149afbf4c8996fb92427ae41e4649b934ca495991b7852b855\nfast_witness_profile=native-fast-witness-v2:first-middle-last-seeded-per-namespace-length-depth-class;declared-read-targets\nfully_verified=false\nlogical_bytes=84313564\nnative_namespace_paths_verified=15700\nnative_namespace_type_source=DirEntry::file_type;platform-metadata-fallback-permitted;skipped-counts-describe-unperformed-checks-not-syscalls\nnative_namespace_types_verified=15700\noracle_identity_encoding=structural-entry-recipes-v1\noracle_scope=independent-delta-and-witnesses;complete-native-namespace;certified-unchanged-content-roots-checked-by-host\nreference_assurance=independent_current_content\nselected_independent_oracle_identity=8832deca7a0fa96b977e077539efd13c42580bfe892e6d73c4aef313c6821894\nselected_metadata_paths_verified=15699\nselected_regular_bytes_verified=84312064\nselected_regular_paths_verified=14900\nskipped_untouched_metadata_paths=1\nskipped_untouched_regular_bodies=0\nuncertified_regular_paths_checked=14900\nverification_status=fast_iteration_verified\nwitness_paths_declared=168\n"",""step"":1}]}",,,,,,
mixed_load_bearing,agent-episodes-500,PASS,22.82926787500037,3b4b7771ba61326b08af2ea18bffdc012e5417706fd050c7e03e80bbc32b2d1e,891067915b4152dd42e7510ef374a3d8a8827ead03a597051335c933d0485958,34b0df26c4d2424b46d36541e468f2cc230c110b0d0113afd3d7e5ec042a1c63,sha256:42eb806fcfe9db1dc28098eb423340de3e4eaf81fd487389128305e65606d347,verification/mixed_load_bearing/agent-episodes-500/verification.json,"[""no exhaustive Phase 1 replay""]",[],"{""type"":""sampled-content"",""summary"":""changed data and selected unchanged witnesses; qualified roots"",""details"":[{""kind"":""fast-canonical-verification"",""receipt"":""{\""actual_read_logical_bytes\"": \""87588864\"", \""actual_read_regular_paths\"": \""15300\"", \""authenticated_global_inodes\"": \""16000\"", \""authenticated_namespace_paths\"": \""16500\"", \""canonical_root\"": \""5705a30e5423eacf9ae56f794afae5d3ceb568447212914481ea4cdf871fce87\"", \""certificate_binding\"": \""e4ecbeac5f895dd0b6034926561b5fe78f53995c3f4ad03584b136471813cb3e\"", \""covered_regular_paths\"": \""0\"", \""full_canonical_census_performed\"": \""false\"", \""fully_verified\"": \""false\"", \""has_reused_reference\"": \""false\"", \""reference_assurance\"": \""independent_current_content\"", \""reference_native_readback\"": \""false\"", \""reference_root_scope\"": \""none\"", \""scope\"": \""full current namespace/global inode/metadata/aliases; selected changed+witness bytes; unchanged file-state/extent/payload subgraph references certified, those current subgraph bytes not read\"", \""skipped_current_store_logical_bytes\"": \""0\"", \""skipped_current_store_regular_paths\"": \""0\"", \""verification_profile\"": \""fast-verify-v2\"", \""verification_status\"": \""fast_iteration_verified\""}"",""step"":1},{""coverage_sha256"":""e3b0c44298fc1c149afbf4c8996fb92427ae41e4649b934ca495991b7852b855"",""kind"":""fast-native-verification"",""receipt"":""absent_paths_verified=2500\ncertificate_binding=e4ecbeac5f895dd0b6034926561b5fe78f53995c3f4ad03584b136471813cb3e\nchanged_paths_declared=3503\ncovered_paths_sha256=e3b0c44298fc1c149afbf4c8996fb92427ae41e4649b934ca495991b7852b855\nfast_witness_profile=native-fast-witness-v2:first-middle-last-seeded-per-namespace-length-depth-class;declared-read-targets\nfully_verified=false\nlogical_bytes=87596364\nnative_namespace_paths_verified=16500\nnative_namespace_type_source=DirEntry::file_type;platform-metadata-fallback-permitted;skipped-counts-describe-unperformed-checks-not-syscalls\nnative_namespace_types_verified=16500\noracle_identity_encoding=structural-entry-recipes-v1\noracle_scope=independent-delta-and-witnesses;complete-native-namespace;certified-unchanged-content-roots-checked-by-host\nreference_assurance=independent_current_content\nselected_independent_oracle_identity=92716a749882d80eb6158f6c1045d5a542c89638f99721f31cbfa988262fd9ad\nselected_metadata_paths_verified=16499\nselected_regular_bytes_verified=87588864\nselected_regular_paths_verified=15300\nskipped_untouched_metadata_paths=1\nskipped_untouched_regular_bodies=0\nuncertified_regular_paths_checked=15300\nverification_status=fast_iteration_verified\nwitness_paths_declared=159\n"",""step"":1}]}",,,,,,
workspace_reliability,workspace-invalid-sdk-edit-compact-v2-proof,PASS,2.373958958007279,3b4b7771ba61326b08af2ea18bffdc012e5417706fd050c7e03e80bbc32b2d1e,891067915b4152dd42e7510ef374a3d8a8827ead03a597051335c933d0485958,787185abba283321a3f26c4fadfee32dad7f73845eafba8f9b3b79f637d86ad5,sha256:42eb806fcfe9db1dc28098eb423340de3e4eaf81fd487389128305e65606d347,verification/workspace_reliability/workspace-invalid-sdk-edit-compact-v2-proof/verification.json,"[""no exhaustive Phase 1 replay""]",[],"{""type"":""targeted-contract"",""summary"":""case-specific lifecycle/fault/recovery contract"",""details"":[{""detail"":""\""workspace-invalid-sdk-edit-compact-v2-proof pass\"""",""kind"":""proof-complete""}]}",,,,,,
workspace_reliability,workspace-invalid-namespace-compact-v2-proof,PASS,2.1707621249952354,3b4b7771ba61326b08af2ea18bffdc012e5417706fd050c7e03e80bbc32b2d1e,891067915b4152dd42e7510ef374a3d8a8827ead03a597051335c933d0485958,a17d53fa8aea7e2880b380bf391c20eae816961d680692bd631e8376f94cf216,sha256:42eb806fcfe9db1dc28098eb423340de3e4eaf81fd487389128305e65606d347,verification/workspace_reliability/workspace-invalid-namespace-compact-v2-proof/verification.json,"[""no exhaustive Phase 1 replay""]",[],"{""type"":""targeted-contract"",""summary"":""case-specific lifecycle/fault/recovery contract"",""details"":[{""detail"":""\""workspace-invalid-namespace-compact-v2-proof pass\"""",""kind"":""proof-complete""}]}",,,,,,
workspace_reliability,workspace-lease-lifecycle-compact-v2-proof,PASS,2.2462538339896128,3b4b7771ba61326b08af2ea18bffdc012e5417706fd050c7e03e80bbc32b2d1e,891067915b4152dd42e7510ef374a3d8a8827ead03a597051335c933d0485958,191d6445b55ded1432c8f29036d6d30cde69edb5d1134a8c4a47a3a8e0966536,sha256:42eb806fcfe9db1dc28098eb423340de3e4eaf81fd487389128305e65606d347,verification/workspace_reliability/workspace-lease-lifecycle-compact-v2-proof/verification.json,"[""no exhaustive Phase 1 replay""]",[],"{""type"":""targeted-contract"",""summary"":""case-specific lifecycle/fault/recovery contract"",""details"":[{""detail"":""\""workspace-lease-lifecycle-compact-v2-proof pass\"""",""kind"":""proof-complete""}]}",,,,,,
workspace_reliability,workspace-open-writer-busy-compact-v2-proof,PASS,2.4713024999946356,3b4b7771ba61326b08af2ea18bffdc012e5417706fd050c7e03e80bbc32b2d1e,891067915b4152dd42e7510ef374a3d8a8827ead03a597051335c933d0485958,f1b9efd16807d3a7aeec4439339675357c0de07d1d136d0f5889c50dede87ff3,sha256:42eb806fcfe9db1dc28098eb423340de3e4eaf81fd487389128305e65606d347,verification/workspace_reliability/workspace-open-writer-busy-compact-v2-proof/verification.json,"[""no exhaustive Phase 1 replay""]",[],"{""type"":""targeted-contract"",""summary"":""case-specific lifecycle/fault/recovery contract"",""details"":[{""detail"":""\""workspace-open-writer-busy-compact-v2-proof pass\"""",""kind"":""proof-complete""}]}",,,,,,
workspace_reliability,workspace-live-execution-busy-compact-v2-proof,PASS,2.4936940420011524,3b4b7771ba61326b08af2ea18bffdc012e5417706fd050c7e03e80bbc32b2d1e,891067915b4152dd42e7510ef374a3d8a8827ead03a597051335c933d0485958,28c327be20d6ed578e99f7fda0edb4f990d711118205c23d46704a1e8a4beaee,sha256:42eb806fcfe9db1dc28098eb423340de3e4eaf81fd487389128305e65606d347,verification/workspace_reliability/workspace-live-execution-busy-compact-v2-proof/verification.json,"[""no exhaustive Phase 1 replay""]",[],"{""type"":""targeted-contract"",""summary"":""case-specific lifecycle/fault/recovery contract"",""details"":[{""detail"":""\""workspace-live-execution-busy-compact-v2-proof pass\"""",""kind"":""proof-complete""}]}",,,,,,
workspace_reliability,workspace-candidate-failure-retry-compact-v2-proof,PASS,2.4048116250050953,3b4b7771ba61326b08af2ea18bffdc012e5417706fd050c7e03e80bbc32b2d1e,891067915b4152dd42e7510ef374a3d8a8827ead03a597051335c933d0485958,ae334180cbeb50069a3f315d4ac957880b9a5bb7d886df897691d052a02f2911,sha256:42eb806fcfe9db1dc28098eb423340de3e4eaf81fd487389128305e65606d347,verification/workspace_reliability/workspace-candidate-failure-retry-compact-v2-proof/verification.json,"[""no exhaustive Phase 1 replay""]",[],"{""type"":""targeted-contract"",""summary"":""case-specific lifecycle/fault/recovery contract"",""details"":[{""detail"":""VerificationFaultReceipt { branch: BranchId(1101a0852054f878f688aad6ea2842022a), fault: Candidate, hit_count: 1, spool_bytes_before: 0 }"",""kind"":""fault-reachability""},{""detail"":""\""workspace-candidate-failure-retry-compact-v2-proof pass\"""",""kind"":""proof-complete""}]}",,,,,,
workspace_reliability,workspace-admission-batch-failure-retry-compact-v2-proof,PASS,3.538615540994215,3b4b7771ba61326b08af2ea18bffdc012e5417706fd050c7e03e80bbc32b2d1e,891067915b4152dd42e7510ef374a3d8a8827ead03a597051335c933d0485958,cc3f65496f8a6324fda572716bf03d492cbd48a750c087600ec44988bd5d09bd,sha256:42eb806fcfe9db1dc28098eb423340de3e4eaf81fd487389128305e65606d347,verification/workspace_reliability/workspace-admission-batch-failure-retry-compact-v2-proof/verification.json,"[""no exhaustive Phase 1 replay""]",[],"{""type"":""targeted-contract"",""summary"":""case-specific lifecycle/fault/recovery contract"",""details"":[{""detail"":""\""workspace-admission-batch-failure-retry-compact-v2-proof pass\"""",""kind"":""proof-complete""}]}",,,,,,
workspace_reliability,workspace-final-publication-failure-retry-compact-v2-proof,PASS,3.615121166993049,3b4b7771ba61326b08af2ea18bffdc012e5417706fd050c7e03e80bbc32b2d1e,891067915b4152dd42e7510ef374a3d8a8827ead03a597051335c933d0485958,5229e78718d4ebf1f9705669746e21195bc196862177249b7463d7666221f503,sha256:42eb806fcfe9db1dc28098eb423340de3e4eaf81fd487389128305e65606d347,verification/workspace_reliability/workspace-final-publication-failure-retry-compact-v2-proof/verification.json,"[""no exhaustive Phase 1 replay""]",[],"{""type"":""targeted-contract"",""summary"":""case-specific lifecycle/fault/recovery contract"",""details"":[{""detail"":""\""workspace-final-publication-failure-retry-compact-v2-proof pass\"""",""kind"":""proof-complete""}]}",,,,,,
workspace_reliability,workspace-published-presentation-failure-smoke-v3-proof,PASS,2.25897100000293,3b4b7771ba61326b08af2ea18bffdc012e5417706fd050c7e03e80bbc32b2d1e,891067915b4152dd42e7510ef374a3d8a8827ead03a597051335c933d0485958,271cab76898615d9027b447743be8895312b0bc8f12c52ff24b40705ce991b64,sha256:42eb806fcfe9db1dc28098eb423340de3e4eaf81fd487389128305e65606d347,verification/workspace_reliability/workspace-published-presentation-failure-smoke-v3-proof/verification.json,"[""no exhaustive Phase 1 replay""]",[],"{""type"":""targeted-contract"",""summary"":""case-specific lifecycle/fault/recovery contract"",""details"":[{""detail"":""VerificationFaultReceipt { branch: BranchId(1101a08520b4a978b69419d676e41e26fc), fault: PresentationResume, hit_count: 1, spool_bytes_before: 0 }"",""kind"":""fault-reachability""},{""detail"":""\""workspace-published-presentation-failure-smoke-v3-proof pass\"""",""kind"":""proof-complete""}]}",,,,,,
workspace_reliability,workspace-dirty-end-discard-compact-v2-proof,PASS,2.3069115419930313,3b4b7771ba61326b08af2ea18bffdc012e5417706fd050c7e03e80bbc32b2d1e,891067915b4152dd42e7510ef374a3d8a8827ead03a597051335c933d0485958,c77de244738055d0a2d513152038f9c1eaebc50bef8edd8d5f6cd04394ef81bb,sha256:42eb806fcfe9db1dc28098eb423340de3e4eaf81fd487389128305e65606d347,verification/workspace_reliability/workspace-dirty-end-discard-compact-v2-proof/verification.json,"[""no exhaustive Phase 1 replay""]",[],"{""type"":""targeted-contract"",""summary"":""case-specific lifecycle/fault/recovery contract"",""details"":[{""detail"":""\""workspace-dirty-end-discard-compact-v2-proof pass\"""",""kind"":""proof-complete""}]}",,,,,,
workspace_reliability,workspace-dirty-net-zero-compact-v2-proof,PASS,2.391209749999689,3b4b7771ba61326b08af2ea18bffdc012e5417706fd050c7e03e80bbc32b2d1e,891067915b4152dd42e7510ef374a3d8a8827ead03a597051335c933d0485958,c8cfd7b421fc439a14430fb9a88393ee773a2ea67bf6e3a1c42b6f47b70c7925,sha256:42eb806fcfe9db1dc28098eb423340de3e4eaf81fd487389128305e65606d347,verification/workspace_reliability/workspace-dirty-net-zero-compact-v2-proof/verification.json,"[""no exhaustive Phase 1 replay""]",[],"{""type"":""targeted-contract"",""summary"":""case-specific lifecycle/fault/recovery contract"",""details"":[{""detail"":""\""workspace-dirty-net-zero-compact-v2-proof pass\"""",""kind"":""proof-complete""}]}",,,,,,
workspace_reliability,workspace-short-spool-write-compact-v2-proof,PASS,2.2477476249914616,3b4b7771ba61326b08af2ea18bffdc012e5417706fd050c7e03e80bbc32b2d1e,891067915b4152dd42e7510ef374a3d8a8827ead03a597051335c933d0485958,fe203c7cc96aa13303c4315fc6564fe2963097e80828c94801f712051cdb461d,sha256:42eb806fcfe9db1dc28098eb423340de3e4eaf81fd487389128305e65606d347,verification/workspace_reliability/workspace-short-spool-write-compact-v2-proof/verification.json,"[""no exhaustive Phase 1 replay""]",[],"{""type"":""targeted-contract"",""summary"":""case-specific lifecycle/fault/recovery contract"",""details"":[{""detail"":""VerificationFaultReceipt { branch: BranchId(1101a0852054f878f688aad6ea2842022a), fault: ShortAppend, hit_count: 1, spool_bytes_before: 4096 }"",""kind"":""fault-reachability""},{""detail"":""\""workspace-short-spool-write-compact-v2-proof pass\"""",""kind"":""proof-complete""}]}",,,,,,
workspace_reliability,workspace-deferred-nospace-compact-v2-proof,PASS,2.3376568329986185,3b4b7771ba61326b08af2ea18bffdc012e5417706fd050c7e03e80bbc32b2d1e,891067915b4152dd42e7510ef374a3d8a8827ead03a597051335c933d0485958,e1f037ee3add943015fdcc65693a8aff676a677c229c46a5ceba8817a50fbbe3,sha256:42eb806fcfe9db1dc28098eb423340de3e4eaf81fd487389128305e65606d347,verification/workspace_reliability/workspace-deferred-nospace-compact-v2-proof/verification.json,"[""no exhaustive Phase 1 replay""]",[],"{""type"":""targeted-contract"",""summary"":""case-specific lifecycle/fault/recovery contract"",""details"":[{""detail"":""VerificationFaultReceipt { branch: BranchId(1101a0852054f878f688aad6ea2842022a), fault: NoSpace, hit_count: 1, spool_bytes_before: 4096 }"",""kind"":""fault-reachability""},{""detail"":""\""workspace-deferred-nospace-compact-v2-proof pass\"""",""kind"":""proof-complete""}]}",,,,,,
workspace_reliability,workspace-workload-cancel-compact-v2-proof,PASS,2.599900291999802,3b4b7771ba61326b08af2ea18bffdc012e5417706fd050c7e03e80bbc32b2d1e,891067915b4152dd42e7510ef374a3d8a8827ead03a597051335c933d0485958,d0c353cef70473df1e0867128cf34330f855afe4e28dc2b7a2f92ef50b499892,sha256:42eb806fcfe9db1dc28098eb423340de3e4eaf81fd487389128305e65606d347,verification/workspace_reliability/workspace-workload-cancel-compact-v2-proof/verification.json,"[""no exhaustive Phase 1 replay""]",[],"{""type"":""targeted-contract"",""summary"":""case-specific lifecycle/fault/recovery contract"",""details"":[{""detail"":""\""workspace-workload-cancel-compact-v2-proof pass\"""",""kind"":""proof-complete""}]}",,,,,,
workspace_reliability,workspace-dirty-runtime-disconnect-compact-v2-proof,PASS,2.5998254579899367,3b4b7771ba61326b08af2ea18bffdc012e5417706fd050c7e03e80bbc32b2d1e,891067915b4152dd42e7510ef374a3d8a8827ead03a597051335c933d0485958,31420aac4bb5f8b58dc1fe03f2188fc96b41a60ad95173f51c835f2dde4bfc39,sha256:42eb806fcfe9db1dc28098eb423340de3e4eaf81fd487389128305e65606d347,verification/workspace_reliability/workspace-dirty-runtime-disconnect-compact-v2-proof/verification.json,"[""no exhaustive Phase 1 replay""]",[],"{""type"":""targeted-contract"",""summary"":""case-specific lifecycle/fault/recovery contract"",""details"":[{""detail"":""\""workspace-dirty-runtime-disconnect-compact-v2-proof pass\"""",""kind"":""proof-complete""}]}",,,,,,
workspace_reliability,workspace-corrupt-descendant-compact-v2-proof,PASS,1.9831403749994934,3b4b7771ba61326b08af2ea18bffdc012e5417706fd050c7e03e80bbc32b2d1e,891067915b4152dd42e7510ef374a3d8a8827ead03a597051335c933d0485958,00266a194ecf6a7a8f2156206ea0f238ced6c311473e2520598e51e9513dea8c,sha256:42eb806fcfe9db1dc28098eb423340de3e4eaf81fd487389128305e65606d347,verification/workspace_reliability/workspace-corrupt-descendant-compact-v2-proof/verification.json,"[""no exhaustive Phase 1 replay""]",[],"{""type"":""targeted-contract"",""summary"":""case-specific lifecycle/fault/recovery contract"",""details"":[{""detail"":""\""workspace-corrupt-descendant-compact-v2-proof pass\"""",""kind"":""proof-complete""}]}",,,,,,
workspace_reliability,workspace-missing-descendant-compact-v2-proof,PASS,2.0038927499990677,3b4b7771ba61326b08af2ea18bffdc012e5417706fd050c7e03e80bbc32b2d1e,891067915b4152dd42e7510ef374a3d8a8827ead03a597051335c933d0485958,a054c8a9aa3fbd7f2e9bfcacf81ef96d729d77ccb32373666ca5441f00333092,sha256:42eb806fcfe9db1dc28098eb423340de3e4eaf81fd487389128305e65606d347,verification/workspace_reliability/workspace-missing-descendant-compact-v2-proof/verification.json,"[""no exhaustive Phase 1 replay""]",[],"{""type"":""targeted-contract"",""summary"":""case-specific lifecycle/fault/recovery contract"",""details"":[{""detail"":""\""workspace-missing-descendant-compact-v2-proof pass\"""",""kind"":""proof-complete""}]}",,,,,,
workspace_reliability,workspace-parallel-read-write-compact-v2-proof,PASS,2.3247451659990475,3b4b7771ba61326b08af2ea18bffdc012e5417706fd050c7e03e80bbc32b2d1e,891067915b4152dd42e7510ef374a3d8a8827ead03a597051335c933d0485958,fbd1c0679cdb3d99fd4bd587f96a7e9023c4f2d9813d7a564be1bab182953333,sha256:42eb806fcfe9db1dc28098eb423340de3e4eaf81fd487389128305e65606d347,verification/workspace_reliability/workspace-parallel-read-write-compact-v2-proof/verification.json,"[""no exhaustive Phase 1 replay""]",[],"{""type"":""targeted-contract"",""summary"":""case-specific lifecycle/fault/recovery contract"",""details"":[{""detail"":""\""workspace-parallel-read-write-compact-v2-proof pass\"""",""kind"":""proof-complete""}]}",,,,,,
workspace_reliability,workspace-shared-path-contention-compact-v2-proof,PASS,2.378680791996885,3b4b7771ba61326b08af2ea18bffdc012e5417706fd050c7e03e80bbc32b2d1e,891067915b4152dd42e7510ef374a3d8a8827ead03a597051335c933d0485958,e87e02717c45ce733ef5c832b28c23cde1adf5683f4b79c8eeb60c69af8a942d,sha256:42eb806fcfe9db1dc28098eb423340de3e4eaf81fd487389128305e65606d347,verification/workspace_reliability/workspace-shared-path-contention-compact-v2-proof/verification.json,"[""no exhaustive Phase 1 replay""]",[],"{""type"":""targeted-contract"",""summary"":""case-specific lifecycle/fault/recovery contract"",""details"":[{""detail"":""\""workspace-shared-path-contention-compact-v2-proof pass\"""",""kind"":""proof-complete""}]}",,,,,,
workspace_reliability,workspace-hardlink-alias-compact-v2-proof,PASS,2.2347353329969337,3b4b7771ba61326b08af2ea18bffdc012e5417706fd050c7e03e80bbc32b2d1e,891067915b4152dd42e7510ef374a3d8a8827ead03a597051335c933d0485958,6e0d5b8a3bdac708a10d7ada98f5f0ef728f438ccc594c50884c58ddf83e1da9,sha256:42eb806fcfe9db1dc28098eb423340de3e4eaf81fd487389128305e65606d347,verification/workspace_reliability/workspace-hardlink-alias-compact-v2-proof/verification.json,"[""no exhaustive Phase 1 replay""]",[],"{""type"":""targeted-contract"",""summary"":""case-specific lifecycle/fault/recovery contract"",""details"":[{""detail"":""\""workspace-hardlink-alias-compact-v2-proof pass\"""",""kind"":""proof-complete""}]}",,,,,,
workspace_reliability,workspace-symlink-semantics-compact-v2-proof,PASS,2.118605749987182,3b4b7771ba61326b08af2ea18bffdc012e5417706fd050c7e03e80bbc32b2d1e,891067915b4152dd42e7510ef374a3d8a8827ead03a597051335c933d0485958,4903e3ce922048c8e6dbc0a1c5d8cebd5fea4c10e0b3cc1f5c5f6f0667958f63,sha256:42eb806fcfe9db1dc28098eb423340de3e4eaf81fd487389128305e65606d347,verification/workspace_reliability/workspace-symlink-semantics-compact-v2-proof/verification.json,"[""no exhaustive Phase 1 replay""]",[],"{""type"":""targeted-contract"",""summary"":""case-specific lifecycle/fault/recovery contract"",""details"":[{""detail"":""\""workspace-symlink-semantics-compact-v2-proof pass\"""",""kind"":""proof-complete""}]}",,,,,,
workspace_reliability,workspace-open-rename-unlink-compact-v2-proof,PASS,2.3875594999990426,3b4b7771ba61326b08af2ea18bffdc012e5417706fd050c7e03e80bbc32b2d1e,891067915b4152dd42e7510ef374a3d8a8827ead03a597051335c933d0485958,34844f026cdcf0dc8584fc53dfaa321de2c649d62db8fd0a91125220ecf56025,sha256:42eb806fcfe9db1dc28098eb423340de3e4eaf81fd487389128305e65606d347,verification/workspace_reliability/workspace-open-rename-unlink-compact-v2-proof/verification.json,"[""no exhaustive Phase 1 replay""]",[],"{""type"":""targeted-contract"",""summary"":""case-specific lifecycle/fault/recovery contract"",""details"":[{""detail"":""\""workspace-open-rename-unlink-compact-v2-proof pass\"""",""kind"":""proof-complete""}]}",,,,,,
workspace_reliability,workspace-metadata-chmod-compact-v2-proof,PASS,2.35253304100479,3b4b7771ba61326b08af2ea18bffdc012e5417706fd050c7e03e80bbc32b2d1e,891067915b4152dd42e7510ef374a3d8a8827ead03a597051335c933d0485958,ee9594af8796a18afacc7cb340ae2d121240689e3bd3a2acb410a16e220590b1,sha256:42eb806fcfe9db1dc28098eb423340de3e4eaf81fd487389128305e65606d347,verification/workspace_reliability/workspace-metadata-chmod-compact-v2-proof/verification.json,"[""no exhaustive Phase 1 replay""]",[],"{""type"":""targeted-contract"",""summary"":""case-specific lifecycle/fault/recovery contract"",""details"":[{""detail"":""\""workspace-metadata-chmod-compact-v2-proof pass\"""",""kind"":""proof-complete""}]}",,,,,,
workspace_reliability,workspace-metadata-mtime-compact-v2-proof,PASS,2.1897720829874743,3b4b7771ba61326b08af2ea18bffdc012e5417706fd050c7e03e80bbc32b2d1e,891067915b4152dd42e7510ef374a3d8a8827ead03a597051335c933d0485958,cebc9923e7d39b8af73a8664e35b747618caf2fc930e031075840ea1d4f28415,sha256:42eb806fcfe9db1dc28098eb423340de3e4eaf81fd487389128305e65606d347,verification/workspace_reliability/workspace-metadata-mtime-compact-v2-proof/verification.json,"[""no exhaustive Phase 1 replay""]",[],"{""type"":""targeted-contract"",""summary"":""case-specific lifecycle/fault/recovery contract"",""details"":[{""detail"":""\""workspace-metadata-mtime-compact-v2-proof pass\"""",""kind"":""proof-complete""}]}",,,,,,
workspace_reliability,workspace-metadata-xattr-compact-v2-proof,PASS,2.2500519580062246,3b4b7771ba61326b08af2ea18bffdc012e5417706fd050c7e03e80bbc32b2d1e,891067915b4152dd42e7510ef374a3d8a8827ead03a597051335c933d0485958,aae568d652e27b5bdbb2a97f7d30094998c2336cab3ceaae6218dd71abd888ca,sha256:42eb806fcfe9db1dc28098eb423340de3e4eaf81fd487389128305e65606d347,verification/workspace_reliability/workspace-metadata-xattr-compact-v2-proof/verification.json,"[""no exhaustive Phase 1 replay""]",[],"{""type"":""targeted-contract"",""summary"":""case-specific lifecycle/fault/recovery contract"",""details"":[{""detail"":""\""workspace-metadata-xattr-compact-v2-proof pass\"""",""kind"":""proof-complete""}]}",,,,,,
workspace_reliability,workspace-exec-500-compact-v2-proof,PASS,10.607055084008607,3b4b7771ba61326b08af2ea18bffdc012e5417706fd050c7e03e80bbc32b2d1e,891067915b4152dd42e7510ef374a3d8a8827ead03a597051335c933d0485958,1e1af205a8f75fbfd01d7810e13883cf7e12d30655980009423c59718525f79d,sha256:42eb806fcfe9db1dc28098eb423340de3e4eaf81fd487389128305e65606d347,verification/workspace_reliability/workspace-exec-500-compact-v2-proof/verification.json,"[""no exhaustive Phase 1 replay""]",[],"{""type"":""targeted-contract"",""summary"":""case-specific lifecycle/fault/recovery contract"",""details"":[{""detail"":""\""workspace-exec-500-compact-v2-proof pass\"""",""kind"":""proof-complete""}]}",,,,,,
workspace_reliability,workspace-repeat-publication-compact-v2-proof,PASS,2.297074333007913,3b4b7771ba61326b08af2ea18bffdc012e5417706fd050c7e03e80bbc32b2d1e,891067915b4152dd42e7510ef374a3d8a8827ead03a597051335c933d0485958,de9e537bb49fa2b79390f5d8da13e629577c527eba7539a9c885db2cebd939eb,sha256:42eb806fcfe9db1dc28098eb423340de3e4eaf81fd487389128305e65606d347,verification/workspace_reliability/workspace-repeat-publication-compact-v2-proof/verification.json,"[""no exhaustive Phase 1 replay""]",[],"{""type"":""targeted-contract"",""summary"":""case-specific lifecycle/fault/recovery contract"",""details"":[{""detail"":""\""workspace-repeat-publication-compact-v2-proof pass\"""",""kind"":""proof-complete""}]}",,,,,,
workspace_reliability,workspace-sustained-600s-compact-v2-proof,NOT_RUN_OPTIONAL,,,,,,,null,null,null,,,,,,
