family,case,selection_kind,proof_status,proof_wall_seconds,omissions,source_class,producing_treatment,producing_binary_sha256,evidence,performance_evidence
payload_create_read,payload-create-1m-compact-v2,performance,PASS,2.04604304098757,no exhaustive Phase 1 replay,fresh-campaign-receipt,c55daf13… @ 1ff1f2ddd,c55daf13e372331a5ab6dbd465ece351a55923831c45864325ac46b1508fa295,benchmark-results/host-store/issue120/verification/payload_create_read/payload-create-1m-compact-v2/verification.json,benchmark-results/host-store/issue120/performance/payload_create_read/payload-create-1m-compact-v2/perf.jsonl
payload_create_read,payload-create-10m-compact-v2,performance,PASS,1.9915217079978902,no exhaustive Phase 1 replay,fresh-campaign-receipt,c55daf13… @ 1ff1f2ddd,c55daf13e372331a5ab6dbd465ece351a55923831c45864325ac46b1508fa295,benchmark-results/host-store/issue120/verification/payload_create_read/payload-create-10m-compact-v2/verification.json,benchmark-results/host-store/issue120/performance/payload_create_read/payload-create-10m-compact-v2/perf.jsonl
payload_create_read,payload-create-100m,performance,PASS,3.490971040999284,no exhaustive Phase 1 replay,fresh-campaign-receipt,c55daf13… @ 1ff1f2ddd,c55daf13e372331a5ab6dbd465ece351a55923831c45864325ac46b1508fa295,benchmark-results/host-store/issue120/verification/payload_create_read/payload-create-100m/verification.json,benchmark-results/host-store/issue120/performance/payload_create_read/payload-create-100m/perf.jsonl
payload_create_read,payload-create-500m,performance,PASS,9.68754362501204,no exhaustive Phase 1 replay,fresh-campaign-receipt,c55daf13… @ 1ff1f2ddd,c55daf13e372331a5ab6dbd465ece351a55923831c45864325ac46b1508fa295,benchmark-results/host-store/issue120/verification/payload_create_read/payload-create-500m/verification.json,benchmark-results/host-store/issue120/performance/payload_create_read/payload-create-500m/perf.jsonl
payload_create_read,payload-random-read-1-compact-v2,performance,PASS,1.6786306660214905,no exhaustive Phase 1 replay,fresh-campaign-receipt,c55daf13… @ 1ff1f2ddd,c55daf13e372331a5ab6dbd465ece351a55923831c45864325ac46b1508fa295,benchmark-results/host-store/issue120/verification/payload_create_read/payload-random-read-1-compact-v2/verification.json,benchmark-results/host-store/issue120/performance/payload_create_read/payload-random-read-1-compact-v2/perf.jsonl
payload_create_read,payload-random-read-10-compact-v2,performance,REUSED,,proof reused from the producing treatment; not re-run on the candidate,reused-issue118-receipt,"fsync-qualified 440ae2c4… (commit f8fa59fab, pre-#107/#116)",440ae2c4ce03741676a2845becb9b1661dde341079cc62faad0998847d33a4e5,benchmark-results/host-store/issue118/20260912/remaining-shared/payload-random-read-10-compact-v2-proof/verification.json,benchmark-results/host-store/issue118/20260912/remaining-shared/payload-random-read-10-compact-v2/perf.jsonl
payload_create_read,payload-random-read-100,performance,PASS,9.651858417026233,no exhaustive Phase 1 replay,fresh-campaign-receipt,c55daf13… @ 1ff1f2ddd,c55daf13e372331a5ab6dbd465ece351a55923831c45864325ac46b1508fa295,benchmark-results/host-store/issue120/verification/payload_create_read/payload-random-read-100/verification.json,benchmark-results/host-store/issue120/performance/payload_create_read/payload-random-read-100/perf.jsonl
payload_create_read,payload-random-read-500,performance,PASS,10.03620224999031,no exhaustive Phase 1 replay,fresh-campaign-receipt,c55daf13… @ 1ff1f2ddd,c55daf13e372331a5ab6dbd465ece351a55923831c45864325ac46b1508fa295,benchmark-results/host-store/issue120/verification/payload_create_read/payload-random-read-500/verification.json,benchmark-results/host-store/issue120/performance/payload_create_read/payload-random-read-500/perf.jsonl
dedup_workspace_reuse,dedup-workspace-exact-1-compact-v2,performance,PASS,2.1042243750125635,no exhaustive Phase 1 replay,fresh-campaign-receipt,c55daf13… @ 1ff1f2ddd,c55daf13e372331a5ab6dbd465ece351a55923831c45864325ac46b1508fa295,benchmark-results/host-store/issue120/verification/dedup_workspace_reuse/dedup-workspace-exact-1-compact-v2/verification.json,benchmark-results/host-store/issue120/performance/dedup_workspace_reuse/dedup-workspace-exact-1-compact-v2/perf.jsonl
dedup_workspace_reuse,dedup-workspace-exact-10-compact-v2,performance,REUSED,,proof reused from the producing treatment; not re-run on the candidate,reused-issue118-receipt,"fsync-qualified 440ae2c4… (commit f8fa59fab, pre-#107/#116)",440ae2c4ce03741676a2845becb9b1661dde341079cc62faad0998847d33a4e5,benchmark-results/host-store/issue118/20260912/remaining-shared/dedup-workspace-exact-10-compact-v2-proof/verification.json,benchmark-results/host-store/issue118/20260912/remaining-shared/dedup-workspace-exact-10-compact-v2/perf.jsonl
dedup_workspace_reuse,dedup-workspace-exact-100,performance,PASS,8.412699375010561,no exhaustive Phase 1 replay,fresh-campaign-receipt,c55daf13… @ 1ff1f2ddd,c55daf13e372331a5ab6dbd465ece351a55923831c45864325ac46b1508fa295,benchmark-results/host-store/issue120/verification/dedup_workspace_reuse/dedup-workspace-exact-100/verification.json,benchmark-results/host-store/issue120/performance/dedup_workspace_reuse/dedup-workspace-exact-100/perf.jsonl
dedup_workspace_reuse,dedup-workspace-exact-500,performance,PASS,17.76771254200139,no exhaustive Phase 1 replay,fresh-campaign-receipt,c55daf13… @ 1ff1f2ddd,c55daf13e372331a5ab6dbd465ece351a55923831c45864325ac46b1508fa295,benchmark-results/host-store/issue120/verification/dedup_workspace_reuse/dedup-workspace-exact-500/verification.json,benchmark-results/host-store/issue120/performance/dedup_workspace_reuse/dedup-workspace-exact-500/perf.jsonl
dedup_workspace_reuse,dedup-workspace-local-1-compact-v2,performance,PASS,2.0946629169920925,no exhaustive Phase 1 replay,fresh-campaign-receipt,c55daf13… @ 1ff1f2ddd,c55daf13e372331a5ab6dbd465ece351a55923831c45864325ac46b1508fa295,benchmark-results/host-store/issue120/verification/dedup_workspace_reuse/dedup-workspace-local-1-compact-v2/verification.json,benchmark-results/host-store/issue120/performance/dedup_workspace_reuse/dedup-workspace-local-1-compact-v2/perf.jsonl
dedup_workspace_reuse,dedup-workspace-local-10-compact-v2,performance,PASS,2.4073981249821372,no exhaustive Phase 1 replay,fresh-campaign-receipt,c55daf13… @ 1ff1f2ddd,c55daf13e372331a5ab6dbd465ece351a55923831c45864325ac46b1508fa295,benchmark-results/host-store/issue120/verification/dedup_workspace_reuse/dedup-workspace-local-10-compact-v2/verification.json,benchmark-results/host-store/issue120/performance/dedup_workspace_reuse/dedup-workspace-local-10-compact-v2/perf.jsonl
dedup_workspace_reuse,dedup-workspace-local-100,performance,PASS,9.604370709013892,no exhaustive Phase 1 replay,fresh-campaign-receipt,c55daf13… @ 1ff1f2ddd,c55daf13e372331a5ab6dbd465ece351a55923831c45864325ac46b1508fa295,benchmark-results/host-store/issue120/verification/dedup_workspace_reuse/dedup-workspace-local-100/verification.json,benchmark-results/host-store/issue120/performance/dedup_workspace_reuse/dedup-workspace-local-100/perf.jsonl
dedup_workspace_reuse,dedup-workspace-local-500,performance,PASS,25.068022291001398,no exhaustive Phase 1 replay,fresh-campaign-receipt,c55daf13… @ 1ff1f2ddd,c55daf13e372331a5ab6dbd465ece351a55923831c45864325ac46b1508fa295,benchmark-results/host-store/issue120/verification/dedup_workspace_reuse/dedup-workspace-local-500/verification.json,benchmark-results/host-store/issue120/performance/dedup_workspace_reuse/dedup-workspace-local-500/perf.jsonl
dedup_workspace_reuse,dedup-workspace-unique-1-compact-v2,performance,PASS,2.1819998330029193,no exhaustive Phase 1 replay,fresh-campaign-receipt,c55daf13… @ 1ff1f2ddd,c55daf13e372331a5ab6dbd465ece351a55923831c45864325ac46b1508fa295,benchmark-results/host-store/issue120/verification/dedup_workspace_reuse/dedup-workspace-unique-1-compact-v2/verification.json,benchmark-results/host-store/issue120/performance/dedup_workspace_reuse/dedup-workspace-unique-1-compact-v2/perf.jsonl
dedup_workspace_reuse,dedup-workspace-unique-10-compact-v2,performance,PASS,2.3913495000160765,no exhaustive Phase 1 replay,fresh-campaign-receipt,c55daf13… @ 1ff1f2ddd,c55daf13e372331a5ab6dbd465ece351a55923831c45864325ac46b1508fa295,benchmark-results/host-store/issue120/verification/dedup_workspace_reuse/dedup-workspace-unique-10-compact-v2/verification.json,benchmark-results/host-store/issue120/performance/dedup_workspace_reuse/dedup-workspace-unique-10-compact-v2/perf.jsonl
dedup_workspace_reuse,dedup-workspace-unique-100,performance,PASS,8.649084958975436,no exhaustive Phase 1 replay,fresh-campaign-receipt,c55daf13… @ 1ff1f2ddd,c55daf13e372331a5ab6dbd465ece351a55923831c45864325ac46b1508fa295,benchmark-results/host-store/issue120/verification/dedup_workspace_reuse/dedup-workspace-unique-100/verification.json,benchmark-results/host-store/issue120/performance/dedup_workspace_reuse/dedup-workspace-unique-100/perf.jsonl
dedup_workspace_reuse,dedup-workspace-unique-500,performance,PASS,23.025636624981416,no exhaustive Phase 1 replay,fresh-campaign-receipt,c55daf13… @ 1ff1f2ddd,c55daf13e372331a5ab6dbd465ece351a55923831c45864325ac46b1508fa295,benchmark-results/host-store/issue120/verification/dedup_workspace_reuse/dedup-workspace-unique-500/verification.json,benchmark-results/host-store/issue120/performance/dedup_workspace_reuse/dedup-workspace-unique-500/perf.jsonl
dedup_workspace_reuse,dedup-workspace-unique-1-base128-v3,performance,PASS,6.381855874991743,no exhaustive Phase 1 replay,fresh-campaign-receipt,c55daf13… @ 1ff1f2ddd,c55daf13e372331a5ab6dbd465ece351a55923831c45864325ac46b1508fa295,benchmark-results/host-store/issue120/verification/dedup_workspace_reuse/dedup-workspace-unique-1-base128-v3/verification.json,benchmark-results/host-store/issue120/performance/dedup_workspace_reuse/dedup-workspace-unique-1-base128-v3/perf.jsonl
dedup_workspace_reuse,dedup-workspace-unique-10-base128-v3,performance,PASS,6.269546083000023,no exhaustive Phase 1 replay,fresh-campaign-receipt,c55daf13… @ 1ff1f2ddd,c55daf13e372331a5ab6dbd465ece351a55923831c45864325ac46b1508fa295,benchmark-results/host-store/issue120/verification/dedup_workspace_reuse/dedup-workspace-unique-10-base128-v3/verification.json,benchmark-results/host-store/issue120/performance/dedup_workspace_reuse/dedup-workspace-unique-10-base128-v3/perf.jsonl
dedup_cross_file,dedup-cross-file-anchor-1,performance,PASS,1.9080777920025866,no exhaustive Phase 1 replay,fresh-campaign-receipt,c55daf13… @ 1ff1f2ddd,c55daf13e372331a5ab6dbd465ece351a55923831c45864325ac46b1508fa295,benchmark-results/host-store/issue120/verification/dedup_cross_file/dedup-cross-file-anchor-1/verification.json,benchmark-results/host-store/issue120/performance/dedup_cross_file/dedup-cross-file-anchor-1/perf.jsonl
dedup_cross_file,dedup-cross-file-unique-10,performance,PASS,2.0566432909981813,no exhaustive Phase 1 replay,fresh-campaign-receipt,c55daf13… @ 1ff1f2ddd,c55daf13e372331a5ab6dbd465ece351a55923831c45864325ac46b1508fa295,benchmark-results/host-store/issue120/verification/dedup_cross_file/dedup-cross-file-unique-10/verification.json,benchmark-results/host-store/issue120/performance/dedup_cross_file/dedup-cross-file-unique-10/perf.jsonl
dedup_cross_file,dedup-cross-file-unique-100,performance,PASS,3.8838676669984125,no exhaustive Phase 1 replay,fresh-campaign-receipt,c55daf13… @ 1ff1f2ddd,c55daf13e372331a5ab6dbd465ece351a55923831c45864325ac46b1508fa295,benchmark-results/host-store/issue120/verification/dedup_cross_file/dedup-cross-file-unique-100/verification.json,benchmark-results/host-store/issue120/performance/dedup_cross_file/dedup-cross-file-unique-100/perf.jsonl
dedup_cross_file,dedup-cross-file-unique-500,performance,REUSED,,proof reused from the producing treatment; not re-run on the candidate,reused-issue118-receipt,"fsync-qualified 440ae2c4… (commit f8fa59fab, pre-#107/#116)",440ae2c4ce03741676a2845becb9b1661dde341079cc62faad0998847d33a4e5,benchmark-results/host-store/issue118/20260912/remaining-shared/dedup-cross-file-unique-500-proof/verification.json,benchmark-results/host-store/issue118/20260912/remaining-shared/dedup-cross-file-unique-500/perf.jsonl
dedup_cross_file,dedup-cross-file-identical-10,performance,REUSED,,proof reused from the producing treatment; not re-run on the candidate,reused-issue118-receipt,"fsync-qualified 440ae2c4… (commit f8fa59fab, pre-#107/#116)",440ae2c4ce03741676a2845becb9b1661dde341079cc62faad0998847d33a4e5,benchmark-results/host-store/issue118/20260912/remaining-shared/dedup-cross-file-identical-10-proof/verification.json,benchmark-results/host-store/issue118/20260912/remaining-shared/dedup-cross-file-identical-10/perf.jsonl
dedup_cross_file,dedup-cross-file-identical-100,performance,PASS,2.697889375005616,no exhaustive Phase 1 replay,fresh-campaign-receipt,c55daf13… @ 1ff1f2ddd,c55daf13e372331a5ab6dbd465ece351a55923831c45864325ac46b1508fa295,benchmark-results/host-store/issue120/verification/dedup_cross_file/dedup-cross-file-identical-100/verification.json,benchmark-results/host-store/issue120/performance/dedup_cross_file/dedup-cross-file-identical-100/perf.jsonl
dedup_cross_file,dedup-cross-file-identical-500,performance,PASS,6.142187040997669,no exhaustive Phase 1 replay,fresh-campaign-receipt,c55daf13… @ 1ff1f2ddd,c55daf13e372331a5ab6dbd465ece351a55923831c45864325ac46b1508fa295,benchmark-results/host-store/issue120/verification/dedup_cross_file/dedup-cross-file-identical-500/verification.json,benchmark-results/host-store/issue120/performance/dedup_cross_file/dedup-cross-file-identical-500/perf.jsonl
dedup_cross_file,dedup-cross-file-mixed-10,performance,PASS,1.9208058329822961,no exhaustive Phase 1 replay,fresh-campaign-receipt,c55daf13… @ 1ff1f2ddd,c55daf13e372331a5ab6dbd465ece351a55923831c45864325ac46b1508fa295,benchmark-results/host-store/issue120/verification/dedup_cross_file/dedup-cross-file-mixed-10/verification.json,benchmark-results/host-store/issue120/performance/dedup_cross_file/dedup-cross-file-mixed-10/perf.jsonl
dedup_cross_file,dedup-cross-file-mixed-100,performance,PASS,3.3060398750239983,no exhaustive Phase 1 replay,fresh-campaign-receipt,c55daf13… @ 1ff1f2ddd,c55daf13e372331a5ab6dbd465ece351a55923831c45864325ac46b1508fa295,benchmark-results/host-store/issue120/verification/dedup_cross_file/dedup-cross-file-mixed-100/verification.json,benchmark-results/host-store/issue120/performance/dedup_cross_file/dedup-cross-file-mixed-100/perf.jsonl
dedup_cross_file,dedup-cross-file-mixed-500,performance,PASS,12.526069124985952,no exhaustive Phase 1 replay,fresh-campaign-receipt,c55daf13… @ 1ff1f2ddd,c55daf13e372331a5ab6dbd465ece351a55923831c45864325ac46b1508fa295,benchmark-results/host-store/issue120/verification/dedup_cross_file/dedup-cross-file-mixed-500/verification.json,benchmark-results/host-store/issue120/performance/dedup_cross_file/dedup-cross-file-mixed-500/perf.jsonl
dedup_cdc_locality,dedup-cdc-overwrite-1,performance,PASS,2.17167124999105,no exhaustive Phase 1 replay,fresh-campaign-receipt,c55daf13… @ 1ff1f2ddd,c55daf13e372331a5ab6dbd465ece351a55923831c45864325ac46b1508fa295,benchmark-results/host-store/issue120/verification/dedup_cdc_locality/dedup-cdc-overwrite-1/verification.json,benchmark-results/host-store/issue120/performance/dedup_cdc_locality/dedup-cdc-overwrite-1/perf.jsonl
dedup_cdc_locality,dedup-cdc-overwrite-10,performance,REUSED,,proof reused from the producing treatment; not re-run on the candidate,reused-issue118-receipt,"fsync-qualified 440ae2c4… (commit f8fa59fab, pre-#107/#116)",440ae2c4ce03741676a2845becb9b1661dde341079cc62faad0998847d33a4e5,benchmark-results/host-store/issue118/20260912/remaining-shared/dedup-cdc-overwrite-10-proof/verification.json,benchmark-results/host-store/issue118/20260912/remaining-shared/dedup-cdc-overwrite-10/perf.jsonl
dedup_cdc_locality,dedup-cdc-overwrite-100,performance,PASS,3.8098228749877308,no exhaustive Phase 1 replay,fresh-campaign-receipt,c55daf13… @ 1ff1f2ddd,c55daf13e372331a5ab6dbd465ece351a55923831c45864325ac46b1508fa295,benchmark-results/host-store/issue120/verification/dedup_cdc_locality/dedup-cdc-overwrite-100/verification.json,benchmark-results/host-store/issue120/performance/dedup_cdc_locality/dedup-cdc-overwrite-100/perf.jsonl
dedup_cdc_locality,dedup-cdc-overwrite-500,performance,PASS,13.998055708012544,no exhaustive Phase 1 replay,fresh-campaign-receipt,c55daf13… @ 1ff1f2ddd,c55daf13e372331a5ab6dbd465ece351a55923831c45864325ac46b1508fa295,benchmark-results/host-store/issue120/verification/dedup_cdc_locality/dedup-cdc-overwrite-500/verification.json,benchmark-results/host-store/issue120/performance/dedup_cdc_locality/dedup-cdc-overwrite-500/perf.jsonl
dedup_cdc_locality,dedup-cdc-insert-1,performance,PASS,1.7443388749961741,no exhaustive Phase 1 replay,fresh-campaign-receipt,c55daf13… @ 1ff1f2ddd,c55daf13e372331a5ab6dbd465ece351a55923831c45864325ac46b1508fa295,benchmark-results/host-store/issue120/verification/dedup_cdc_locality/dedup-cdc-insert-1/verification.json,benchmark-results/host-store/issue120/performance/dedup_cdc_locality/dedup-cdc-insert-1/perf.jsonl
dedup_cdc_locality,dedup-cdc-insert-10,performance,PASS,2.1281568330014125,no exhaustive Phase 1 replay,fresh-campaign-receipt,c55daf13… @ 1ff1f2ddd,c55daf13e372331a5ab6dbd465ece351a55923831c45864325ac46b1508fa295,benchmark-results/host-store/issue120/verification/dedup_cdc_locality/dedup-cdc-insert-10/verification.json,benchmark-results/host-store/issue120/performance/dedup_cdc_locality/dedup-cdc-insert-10/perf.jsonl
dedup_cdc_locality,dedup-cdc-insert-100,performance,PASS,3.7063158329983708,no exhaustive Phase 1 replay,fresh-campaign-receipt,c55daf13… @ 1ff1f2ddd,c55daf13e372331a5ab6dbd465ece351a55923831c45864325ac46b1508fa295,benchmark-results/host-store/issue120/verification/dedup_cdc_locality/dedup-cdc-insert-100/verification.json,benchmark-results/host-store/issue120/performance/dedup_cdc_locality/dedup-cdc-insert-100/perf.jsonl
dedup_cdc_locality,dedup-cdc-insert-500,performance,PASS,11.459141875006026,no exhaustive Phase 1 replay,fresh-campaign-receipt,c55daf13… @ 1ff1f2ddd,c55daf13e372331a5ab6dbd465ece351a55923831c45864325ac46b1508fa295,benchmark-results/host-store/issue120/verification/dedup_cdc_locality/dedup-cdc-insert-500/verification.json,benchmark-results/host-store/issue120/performance/dedup_cdc_locality/dedup-cdc-insert-500/perf.jsonl
dedup_cdc_locality,dedup-cdc-delete-1,performance,PASS,2.0263991249958053,no exhaustive Phase 1 replay,fresh-campaign-receipt,c55daf13… @ 1ff1f2ddd,c55daf13e372331a5ab6dbd465ece351a55923831c45864325ac46b1508fa295,benchmark-results/host-store/issue120/verification/dedup_cdc_locality/dedup-cdc-delete-1/verification.json,benchmark-results/host-store/issue120/performance/dedup_cdc_locality/dedup-cdc-delete-1/perf.jsonl
dedup_cdc_locality,dedup-cdc-delete-10,performance,PASS,2.1249309580016416,no exhaustive Phase 1 replay,fresh-campaign-receipt,c55daf13… @ 1ff1f2ddd,c55daf13e372331a5ab6dbd465ece351a55923831c45864325ac46b1508fa295,benchmark-results/host-store/issue120/verification/dedup_cdc_locality/dedup-cdc-delete-10/verification.json,benchmark-results/host-store/issue120/performance/dedup_cdc_locality/dedup-cdc-delete-10/perf.jsonl
dedup_cdc_locality,dedup-cdc-delete-100,performance,PASS,3.960521791013889,no exhaustive Phase 1 replay,fresh-campaign-receipt,c55daf13… @ 1ff1f2ddd,c55daf13e372331a5ab6dbd465ece351a55923831c45864325ac46b1508fa295,benchmark-results/host-store/issue120/verification/dedup_cdc_locality/dedup-cdc-delete-100/verification.json,benchmark-results/host-store/issue120/performance/dedup_cdc_locality/dedup-cdc-delete-100/perf.jsonl
dedup_cdc_locality,dedup-cdc-delete-500,performance,PASS,16.98715104200528,no exhaustive Phase 1 replay,fresh-campaign-receipt,c55daf13… @ 1ff1f2ddd,c55daf13e372331a5ab6dbd465ece351a55923831c45864325ac46b1508fa295,benchmark-results/host-store/issue120/verification/dedup_cdc_locality/dedup-cdc-delete-500/verification.json,benchmark-results/host-store/issue120/performance/dedup_cdc_locality/dedup-cdc-delete-500/perf.jsonl
dedup_cdc_locality,dedup-cdc-common-body-1,performance,PASS,1.8476404160028324,no exhaustive Phase 1 replay,fresh-campaign-receipt,c55daf13… @ 1ff1f2ddd,c55daf13e372331a5ab6dbd465ece351a55923831c45864325ac46b1508fa295,benchmark-results/host-store/issue120/verification/dedup_cdc_locality/dedup-cdc-common-body-1/verification.json,benchmark-results/host-store/issue120/performance/dedup_cdc_locality/dedup-cdc-common-body-1/perf.jsonl
dedup_cdc_locality,dedup-cdc-common-body-10,performance,PASS,2.111642791016493,no exhaustive Phase 1 replay,fresh-campaign-receipt,c55daf13… @ 1ff1f2ddd,c55daf13e372331a5ab6dbd465ece351a55923831c45864325ac46b1508fa295,benchmark-results/host-store/issue120/verification/dedup_cdc_locality/dedup-cdc-common-body-10/verification.json,benchmark-results/host-store/issue120/performance/dedup_cdc_locality/dedup-cdc-common-body-10/perf.jsonl
dedup_cdc_locality,dedup-cdc-common-body-100,performance,PASS,3.788469958002679,no exhaustive Phase 1 replay,fresh-campaign-receipt,c55daf13… @ 1ff1f2ddd,c55daf13e372331a5ab6dbd465ece351a55923831c45864325ac46b1508fa295,benchmark-results/host-store/issue120/verification/dedup_cdc_locality/dedup-cdc-common-body-100/verification.json,benchmark-results/host-store/issue120/performance/dedup_cdc_locality/dedup-cdc-common-body-100/perf.jsonl
dedup_cdc_locality,dedup-cdc-common-body-500,performance,PASS,11.548757416981971,no exhaustive Phase 1 replay,fresh-campaign-receipt,c55daf13… @ 1ff1f2ddd,c55daf13e372331a5ab6dbd465ece351a55923831c45864325ac46b1508fa295,benchmark-results/host-store/issue120/verification/dedup_cdc_locality/dedup-cdc-common-body-500/verification.json,benchmark-results/host-store/issue120/performance/dedup_cdc_locality/dedup-cdc-common-body-500/perf.jsonl
dedup_cdc_locality,dedup-cdc-scattered-1,performance,PASS,1.8546030829893425,no exhaustive Phase 1 replay,fresh-campaign-receipt,c55daf13… @ 1ff1f2ddd,c55daf13e372331a5ab6dbd465ece351a55923831c45864325ac46b1508fa295,benchmark-results/host-store/issue120/verification/dedup_cdc_locality/dedup-cdc-scattered-1/verification.json,benchmark-results/host-store/issue120/performance/dedup_cdc_locality/dedup-cdc-scattered-1/perf.jsonl
dedup_cdc_locality,dedup-cdc-scattered-10,performance,PASS,2.093450958986068,no exhaustive Phase 1 replay,fresh-campaign-receipt,c55daf13… @ 1ff1f2ddd,c55daf13e372331a5ab6dbd465ece351a55923831c45864325ac46b1508fa295,benchmark-results/host-store/issue120/verification/dedup_cdc_locality/dedup-cdc-scattered-10/verification.json,benchmark-results/host-store/issue120/performance/dedup_cdc_locality/dedup-cdc-scattered-10/perf.jsonl
dedup_cdc_locality,dedup-cdc-scattered-100,performance,PASS,4.283355791005306,no exhaustive Phase 1 replay,fresh-campaign-receipt,c55daf13… @ 1ff1f2ddd,c55daf13e372331a5ab6dbd465ece351a55923831c45864325ac46b1508fa295,benchmark-results/host-store/issue120/verification/dedup_cdc_locality/dedup-cdc-scattered-100/verification.json,benchmark-results/host-store/issue120/performance/dedup_cdc_locality/dedup-cdc-scattered-100/perf.jsonl
dedup_cdc_locality,dedup-cdc-scattered-500,performance,PASS,18.760192250018008,no exhaustive Phase 1 replay,fresh-campaign-receipt,c55daf13… @ 1ff1f2ddd,c55daf13e372331a5ab6dbd465ece351a55923831c45864325ac46b1508fa295,benchmark-results/host-store/issue120/verification/dedup_cdc_locality/dedup-cdc-scattered-500/verification.json,benchmark-results/host-store/issue120/performance/dedup_cdc_locality/dedup-cdc-scattered-500/perf.jsonl
dedup_cdc_locality,dedup-cdc-boundaries-proof,proof-only,PASS,1.7386965829937253,no exhaustive Phase 1 replay,fresh-campaign-receipt,c55daf13… @ 1ff1f2ddd,c55daf13e372331a5ab6dbd465ece351a55923831c45864325ac46b1508fa295,benchmark-results/host-store/issue120/verification/dedup_cdc_locality/dedup-cdc-boundaries-proof/verification.json,
edit_length_preserving,overwrite-head-4k-on-1mib-ops-1,performance,PASS,2.2746560829982627,no exhaustive Phase 1 replay,fresh-campaign-receipt,c55daf13… @ 1ff1f2ddd,c55daf13e372331a5ab6dbd465ece351a55923831c45864325ac46b1508fa295,benchmark-results/host-store/issue120/verification/edit_length_preserving/overwrite-head-4k-on-1mib-ops-1/verification.json,benchmark-results/host-store/issue120/performance/edit_length_preserving/overwrite-head-4k-on-1mib-ops-1/perf.jsonl
edit_length_preserving,overwrite-head-4k-on-10mib-ops-1,performance,PASS,2.2050852499960456,no exhaustive Phase 1 replay,fresh-campaign-receipt,c55daf13… @ 1ff1f2ddd,c55daf13e372331a5ab6dbd465ece351a55923831c45864325ac46b1508fa295,benchmark-results/host-store/issue120/verification/edit_length_preserving/overwrite-head-4k-on-10mib-ops-1/verification.json,benchmark-results/host-store/issue120/performance/edit_length_preserving/overwrite-head-4k-on-10mib-ops-1/perf.jsonl
edit_length_preserving,overwrite-head-4k-on-100mib-ops-1,performance,PASS,2.7601018749992363,no exhaustive Phase 1 replay,fresh-campaign-receipt,c55daf13… @ 1ff1f2ddd,c55daf13e372331a5ab6dbd465ece351a55923831c45864325ac46b1508fa295,benchmark-results/host-store/issue120/verification/edit_length_preserving/overwrite-head-4k-on-100mib-ops-1/verification.json,benchmark-results/host-store/issue120/performance/edit_length_preserving/overwrite-head-4k-on-100mib-ops-1/perf.jsonl
edit_length_preserving,overwrite-head-4k-on-500mib-ops-1,performance,PASS,3.818567082984373,no exhaustive Phase 1 replay,fresh-campaign-receipt,c55daf13… @ 1ff1f2ddd,c55daf13e372331a5ab6dbd465ece351a55923831c45864325ac46b1508fa295,benchmark-results/host-store/issue120/verification/edit_length_preserving/overwrite-head-4k-on-500mib-ops-1/verification.json,benchmark-results/host-store/issue120/performance/edit_length_preserving/overwrite-head-4k-on-500mib-ops-1/perf.jsonl
edit_length_preserving,overwrite-middle-4k-on-1mib-ops-1,performance,REUSED,,proof reused from the producing treatment; not re-run on the candidate,reused-issue118-receipt,"6693224e… (commit 2dbc75ecb, +#116, pre-#107)",6693224ee0939a7b6e18489259cdd08ab380a1a0f2877d8a4c6caf2334abafc1,benchmark-results/host-store/issue118/20260912/affected-rerun/overwrite-proof/verification.json,benchmark-results/host-store/issue118/20260912/affected-rerun/overwrite-middle-4k-on-1mib-ops-1/perf.jsonl
edit_length_preserving,overwrite-middle-4k-on-10mib-ops-1,performance,PASS,1.9257533749914728,no exhaustive Phase 1 replay,fresh-campaign-receipt,c55daf13… @ 1ff1f2ddd,c55daf13e372331a5ab6dbd465ece351a55923831c45864325ac46b1508fa295,benchmark-results/host-store/issue120/verification/edit_length_preserving/overwrite-middle-4k-on-10mib-ops-1/verification.json,benchmark-results/host-store/issue120/performance/edit_length_preserving/overwrite-middle-4k-on-10mib-ops-1/perf.jsonl
edit_length_preserving,overwrite-middle-4k-on-100mib-ops-1,performance,PASS,2.6108172909880523,no exhaustive Phase 1 replay,fresh-campaign-receipt,c55daf13… @ 1ff1f2ddd,c55daf13e372331a5ab6dbd465ece351a55923831c45864325ac46b1508fa295,benchmark-results/host-store/issue120/verification/edit_length_preserving/overwrite-middle-4k-on-100mib-ops-1/verification.json,benchmark-results/host-store/issue120/performance/edit_length_preserving/overwrite-middle-4k-on-100mib-ops-1/perf.jsonl
edit_length_preserving,overwrite-middle-4k-on-500mib-ops-1,performance,PASS,3.51598520798143,no exhaustive Phase 1 replay,fresh-campaign-receipt,c55daf13… @ 1ff1f2ddd,c55daf13e372331a5ab6dbd465ece351a55923831c45864325ac46b1508fa295,benchmark-results/host-store/issue120/verification/edit_length_preserving/overwrite-middle-4k-on-500mib-ops-1/verification.json,benchmark-results/host-store/issue120/performance/edit_length_preserving/overwrite-middle-4k-on-500mib-ops-1/perf.jsonl
edit_length_preserving,overwrite-tail-4k-on-1mib-ops-1,performance,PASS,2.0587504579743836,no exhaustive Phase 1 replay,fresh-campaign-receipt,c55daf13… @ 1ff1f2ddd,c55daf13e372331a5ab6dbd465ece351a55923831c45864325ac46b1508fa295,benchmark-results/host-store/issue120/verification/edit_length_preserving/overwrite-tail-4k-on-1mib-ops-1/verification.json,benchmark-results/host-store/issue120/performance/edit_length_preserving/overwrite-tail-4k-on-1mib-ops-1/perf.jsonl
edit_length_preserving,overwrite-tail-4k-on-10mib-ops-1,performance,PASS,1.8587565420020837,no exhaustive Phase 1 replay,fresh-campaign-receipt,c55daf13… @ 1ff1f2ddd,c55daf13e372331a5ab6dbd465ece351a55923831c45864325ac46b1508fa295,benchmark-results/host-store/issue120/verification/edit_length_preserving/overwrite-tail-4k-on-10mib-ops-1/verification.json,benchmark-results/host-store/issue120/performance/edit_length_preserving/overwrite-tail-4k-on-10mib-ops-1/perf.jsonl
edit_length_preserving,overwrite-tail-4k-on-100mib-ops-1,performance,PASS,2.714115666982252,no exhaustive Phase 1 replay,fresh-campaign-receipt,c55daf13… @ 1ff1f2ddd,c55daf13e372331a5ab6dbd465ece351a55923831c45864325ac46b1508fa295,benchmark-results/host-store/issue120/verification/edit_length_preserving/overwrite-tail-4k-on-100mib-ops-1/verification.json,benchmark-results/host-store/issue120/performance/edit_length_preserving/overwrite-tail-4k-on-100mib-ops-1/perf.jsonl
edit_length_preserving,overwrite-tail-4k-on-500mib-ops-1,performance,PASS,4.184749457985163,no exhaustive Phase 1 replay,fresh-campaign-receipt,c55daf13… @ 1ff1f2ddd,c55daf13e372331a5ab6dbd465ece351a55923831c45864325ac46b1508fa295,benchmark-results/host-store/issue120/verification/edit_length_preserving/overwrite-tail-4k-on-500mib-ops-1/verification.json,benchmark-results/host-store/issue120/performance/edit_length_preserving/overwrite-tail-4k-on-500mib-ops-1/perf.jsonl
edit_length_changing,insert-middle-4k-on-1mib-ops-1,performance,REUSED,,proof reused from the producing treatment; not re-run on the candidate,reused-issue118-receipt,"6693224e… (commit 2dbc75ecb, +#116, pre-#107)",6693224ee0939a7b6e18489259cdd08ab380a1a0f2877d8a4c6caf2334abafc1,benchmark-results/host-store/issue118/20260912/affected-rerun/insert-middle-4k-on-1mib-ops-1-proof/verification.json,benchmark-results/host-store/issue118/20260912/affected-rerun/insert-middle-4k-on-1mib-ops-1/perf.jsonl
edit_length_changing,insert-middle-4k-on-10mib-ops-1,performance,PASS,1.903087584010791,no exhaustive Phase 1 replay,fresh-campaign-receipt,c55daf13… @ 1ff1f2ddd,c55daf13e372331a5ab6dbd465ece351a55923831c45864325ac46b1508fa295,benchmark-results/host-store/issue120/verification/edit_length_changing/insert-middle-4k-on-10mib-ops-1/verification.json,benchmark-results/host-store/issue120/performance/edit_length_changing/insert-middle-4k-on-10mib-ops-1/perf.jsonl
edit_length_changing,insert-middle-4k-on-100mib-ops-1,performance,PASS,2.145246791013051,no exhaustive Phase 1 replay,fresh-campaign-receipt,c55daf13… @ 1ff1f2ddd,c55daf13e372331a5ab6dbd465ece351a55923831c45864325ac46b1508fa295,benchmark-results/host-store/issue120/verification/edit_length_changing/insert-middle-4k-on-100mib-ops-1/verification.json,benchmark-results/host-store/issue120/performance/edit_length_changing/insert-middle-4k-on-100mib-ops-1/perf.jsonl
edit_length_changing,insert-middle-4k-on-500mib-result-capped-v2-ops-1,performance,PASS,3.945489457983058,no exhaustive Phase 1 replay,fresh-campaign-receipt,c55daf13… @ 1ff1f2ddd,c55daf13e372331a5ab6dbd465ece351a55923831c45864325ac46b1508fa295,benchmark-results/host-store/issue120/verification/edit_length_changing/insert-middle-4k-on-500mib-result-capped-v2-ops-1/verification.json,benchmark-results/host-store/issue120/performance/edit_length_changing/insert-middle-4k-on-500mib-result-capped-v2-ops-1/perf.jsonl
edit_length_changing,delete-middle-4k-on-1mib-ops-1,performance,REUSED,,proof reused from the producing treatment; not re-run on the candidate,reused-issue118-receipt,"6693224e… (commit 2dbc75ecb, +#116, pre-#107)",6693224ee0939a7b6e18489259cdd08ab380a1a0f2877d8a4c6caf2334abafc1,benchmark-results/host-store/issue118/20260912/affected-rerun/delete-middle-4k-on-1mib-ops-1-proof/verification.json,benchmark-results/host-store/issue118/20260912/affected-rerun/delete-middle-4k-on-1mib-ops-1/perf.jsonl
edit_length_changing,delete-middle-4k-on-10mib-ops-1,performance,PASS,1.8900530000100844,no exhaustive Phase 1 replay,fresh-campaign-receipt,c55daf13… @ 1ff1f2ddd,c55daf13e372331a5ab6dbd465ece351a55923831c45864325ac46b1508fa295,benchmark-results/host-store/issue120/verification/edit_length_changing/delete-middle-4k-on-10mib-ops-1/verification.json,benchmark-results/host-store/issue120/performance/edit_length_changing/delete-middle-4k-on-10mib-ops-1/perf.jsonl
edit_length_changing,delete-middle-4k-on-100mib-ops-1,performance,PASS,2.2295084159995895,no exhaustive Phase 1 replay,fresh-campaign-receipt,c55daf13… @ 1ff1f2ddd,c55daf13e372331a5ab6dbd465ece351a55923831c45864325ac46b1508fa295,benchmark-results/host-store/issue120/verification/edit_length_changing/delete-middle-4k-on-100mib-ops-1/verification.json,benchmark-results/host-store/issue120/performance/edit_length_changing/delete-middle-4k-on-100mib-ops-1/perf.jsonl
edit_length_changing,delete-middle-4k-on-500mib-ops-1,performance,PASS,4.046854540996719,no exhaustive Phase 1 replay,fresh-campaign-receipt,c55daf13… @ 1ff1f2ddd,c55daf13e372331a5ab6dbd465ece351a55923831c45864325ac46b1508fa295,benchmark-results/host-store/issue120/verification/edit_length_changing/delete-middle-4k-on-500mib-ops-1/verification.json,benchmark-results/host-store/issue120/performance/edit_length_changing/delete-middle-4k-on-500mib-ops-1/perf.jsonl
edit_length_changing,append-tail-4k-on-1mib-ops-1,performance,PASS,1.7944833750079852,no exhaustive Phase 1 replay,fresh-campaign-receipt,c55daf13… @ 1ff1f2ddd,c55daf13e372331a5ab6dbd465ece351a55923831c45864325ac46b1508fa295,benchmark-results/host-store/issue120/verification/edit_length_changing/append-tail-4k-on-1mib-ops-1/verification.json,benchmark-results/host-store/issue120/performance/edit_length_changing/append-tail-4k-on-1mib-ops-1/perf.jsonl
edit_length_changing,append-tail-4k-on-10mib-ops-1,performance,PASS,1.858745249977801,no exhaustive Phase 1 replay,fresh-campaign-receipt,c55daf13… @ 1ff1f2ddd,c55daf13e372331a5ab6dbd465ece351a55923831c45864325ac46b1508fa295,benchmark-results/host-store/issue120/verification/edit_length_changing/append-tail-4k-on-10mib-ops-1/verification.json,benchmark-results/host-store/issue120/performance/edit_length_changing/append-tail-4k-on-10mib-ops-1/perf.jsonl
edit_length_changing,append-tail-4k-on-100mib-ops-1,performance,PASS,2.3948271250119433,no exhaustive Phase 1 replay,fresh-campaign-receipt,c55daf13… @ 1ff1f2ddd,c55daf13e372331a5ab6dbd465ece351a55923831c45864325ac46b1508fa295,benchmark-results/host-store/issue120/verification/edit_length_changing/append-tail-4k-on-100mib-ops-1/verification.json,benchmark-results/host-store/issue120/performance/edit_length_changing/append-tail-4k-on-100mib-ops-1/perf.jsonl
edit_length_changing,append-tail-4k-on-500mib-result-capped-v2-ops-1,performance,PASS,3.5286165830038954,no exhaustive Phase 1 replay,fresh-campaign-receipt,c55daf13… @ 1ff1f2ddd,c55daf13e372331a5ab6dbd465ece351a55923831c45864325ac46b1508fa295,benchmark-results/host-store/issue120/verification/edit_length_changing/append-tail-4k-on-500mib-result-capped-v2-ops-1/verification.json,benchmark-results/host-store/issue120/performance/edit_length_changing/append-tail-4k-on-500mib-result-capped-v2-ops-1/perf.jsonl
edit_length_changing,prepend-head-4k-on-1mib-ops-1,performance,PASS,1.6342281670076773,no exhaustive Phase 1 replay,fresh-campaign-receipt,c55daf13… @ 1ff1f2ddd,c55daf13e372331a5ab6dbd465ece351a55923831c45864325ac46b1508fa295,benchmark-results/host-store/issue120/verification/edit_length_changing/prepend-head-4k-on-1mib-ops-1/verification.json,benchmark-results/host-store/issue120/performance/edit_length_changing/prepend-head-4k-on-1mib-ops-1/perf.jsonl
edit_length_changing,prepend-head-4k-on-10mib-ops-1,performance,PASS,1.7959776660136413,no exhaustive Phase 1 replay,fresh-campaign-receipt,c55daf13… @ 1ff1f2ddd,c55daf13e372331a5ab6dbd465ece351a55923831c45864325ac46b1508fa295,benchmark-results/host-store/issue120/verification/edit_length_changing/prepend-head-4k-on-10mib-ops-1/verification.json,benchmark-results/host-store/issue120/performance/edit_length_changing/prepend-head-4k-on-10mib-ops-1/perf.jsonl
edit_length_changing,prepend-head-4k-on-100mib-ops-1,performance,PASS,1.8361820419959258,no exhaustive Phase 1 replay,fresh-campaign-receipt,c55daf13… @ 1ff1f2ddd,c55daf13e372331a5ab6dbd465ece351a55923831c45864325ac46b1508fa295,benchmark-results/host-store/issue120/verification/edit_length_changing/prepend-head-4k-on-100mib-ops-1/verification.json,benchmark-results/host-store/issue120/performance/edit_length_changing/prepend-head-4k-on-100mib-ops-1/perf.jsonl
edit_length_changing,prepend-head-4k-on-500mib-result-capped-v2-ops-1,performance,PASS,3.4198365839838516,no exhaustive Phase 1 replay,fresh-campaign-receipt,c55daf13… @ 1ff1f2ddd,c55daf13e372331a5ab6dbd465ece351a55923831c45864325ac46b1508fa295,benchmark-results/host-store/issue120/verification/edit_length_changing/prepend-head-4k-on-500mib-result-capped-v2-ops-1/verification.json,benchmark-results/host-store/issue120/performance/edit_length_changing/prepend-head-4k-on-500mib-result-capped-v2-ops-1/perf.jsonl
edit_length_changing,replace-grow-middle-2k-to-4k-on-1mib-ops-1,performance,PASS,1.7731799999892246,no exhaustive Phase 1 replay,fresh-campaign-receipt,c55daf13… @ 1ff1f2ddd,c55daf13e372331a5ab6dbd465ece351a55923831c45864325ac46b1508fa295,benchmark-results/host-store/issue120/verification/edit_length_changing/replace-grow-middle-2k-to-4k-on-1mib-ops-1/verification.json,benchmark-results/host-store/issue120/performance/edit_length_changing/replace-grow-middle-2k-to-4k-on-1mib-ops-1/perf.jsonl
edit_length_changing,replace-grow-middle-2k-to-4k-on-10mib-ops-1,performance,PASS,1.6659361659840215,no exhaustive Phase 1 replay,fresh-campaign-receipt,c55daf13… @ 1ff1f2ddd,c55daf13e372331a5ab6dbd465ece351a55923831c45864325ac46b1508fa295,benchmark-results/host-store/issue120/verification/edit_length_changing/replace-grow-middle-2k-to-4k-on-10mib-ops-1/verification.json,benchmark-results/host-store/issue120/performance/edit_length_changing/replace-grow-middle-2k-to-4k-on-10mib-ops-1/perf.jsonl
edit_length_changing,replace-grow-middle-2k-to-4k-on-100mib-ops-1,performance,PASS,2.027007416007109,no exhaustive Phase 1 replay,fresh-campaign-receipt,c55daf13… @ 1ff1f2ddd,c55daf13e372331a5ab6dbd465ece351a55923831c45864325ac46b1508fa295,benchmark-results/host-store/issue120/verification/edit_length_changing/replace-grow-middle-2k-to-4k-on-100mib-ops-1/verification.json,benchmark-results/host-store/issue120/performance/edit_length_changing/replace-grow-middle-2k-to-4k-on-100mib-ops-1/perf.jsonl
edit_length_changing,replace-grow-middle-2k-to-4k-on-500mib-result-capped-v2-ops-1,performance,PASS,3.915557083004387,no exhaustive Phase 1 replay,fresh-campaign-receipt,c55daf13… @ 1ff1f2ddd,c55daf13e372331a5ab6dbd465ece351a55923831c45864325ac46b1508fa295,benchmark-results/host-store/issue120/verification/edit_length_changing/replace-grow-middle-2k-to-4k-on-500mib-result-capped-v2-ops-1/verification.json,benchmark-results/host-store/issue120/performance/edit_length_changing/replace-grow-middle-2k-to-4k-on-500mib-result-capped-v2-ops-1/perf.jsonl
edit_length_changing,replace-shrink-middle-4k-to-2k-on-1mib-ops-1,performance,PASS,1.8335014169861097,no exhaustive Phase 1 replay,fresh-campaign-receipt,c55daf13… @ 1ff1f2ddd,c55daf13e372331a5ab6dbd465ece351a55923831c45864325ac46b1508fa295,benchmark-results/host-store/issue120/verification/edit_length_changing/replace-shrink-middle-4k-to-2k-on-1mib-ops-1/verification.json,benchmark-results/host-store/issue120/performance/edit_length_changing/replace-shrink-middle-4k-to-2k-on-1mib-ops-1/perf.jsonl
edit_length_changing,replace-shrink-middle-4k-to-2k-on-10mib-ops-1,performance,PASS,1.6956095000205096,no exhaustive Phase 1 replay,fresh-campaign-receipt,c55daf13… @ 1ff1f2ddd,c55daf13e372331a5ab6dbd465ece351a55923831c45864325ac46b1508fa295,benchmark-results/host-store/issue120/verification/edit_length_changing/replace-shrink-middle-4k-to-2k-on-10mib-ops-1/verification.json,benchmark-results/host-store/issue120/performance/edit_length_changing/replace-shrink-middle-4k-to-2k-on-10mib-ops-1/perf.jsonl
edit_length_changing,replace-shrink-middle-4k-to-2k-on-100mib-ops-1,performance,PASS,2.2985542500100564,no exhaustive Phase 1 replay,fresh-campaign-receipt,c55daf13… @ 1ff1f2ddd,c55daf13e372331a5ab6dbd465ece351a55923831c45864325ac46b1508fa295,benchmark-results/host-store/issue120/verification/edit_length_changing/replace-shrink-middle-4k-to-2k-on-100mib-ops-1/verification.json,benchmark-results/host-store/issue120/performance/edit_length_changing/replace-shrink-middle-4k-to-2k-on-100mib-ops-1/perf.jsonl
edit_length_changing,replace-shrink-middle-4k-to-2k-on-500mib-ops-1,performance,PASS,3.963348083983874,no exhaustive Phase 1 replay,fresh-campaign-receipt,c55daf13… @ 1ff1f2ddd,c55daf13e372331a5ab6dbd465ece351a55923831c45864325ac46b1508fa295,benchmark-results/host-store/issue120/verification/edit_length_changing/replace-shrink-middle-4k-to-2k-on-500mib-ops-1/verification.json,benchmark-results/host-store/issue120/performance/edit_length_changing/replace-shrink-middle-4k-to-2k-on-500mib-ops-1/perf.jsonl
edit_length_changing,truncate-tail-4k-on-1mib-ops-1,performance,PASS,1.8662655840162188,no exhaustive Phase 1 replay,fresh-campaign-receipt,c55daf13… @ 1ff1f2ddd,c55daf13e372331a5ab6dbd465ece351a55923831c45864325ac46b1508fa295,benchmark-results/host-store/issue120/verification/edit_length_changing/truncate-tail-4k-on-1mib-ops-1/verification.json,benchmark-results/host-store/issue120/performance/edit_length_changing/truncate-tail-4k-on-1mib-ops-1/perf.jsonl
edit_length_changing,truncate-tail-4k-on-10mib-ops-1,performance,PASS,1.9457588749937713,no exhaustive Phase 1 replay,fresh-campaign-receipt,c55daf13… @ 1ff1f2ddd,c55daf13e372331a5ab6dbd465ece351a55923831c45864325ac46b1508fa295,benchmark-results/host-store/issue120/verification/edit_length_changing/truncate-tail-4k-on-10mib-ops-1/verification.json,benchmark-results/host-store/issue120/performance/edit_length_changing/truncate-tail-4k-on-10mib-ops-1/perf.jsonl
edit_length_changing,truncate-tail-4k-on-100mib-ops-1,performance,PASS,2.39013695801259,no exhaustive Phase 1 replay,fresh-campaign-receipt,c55daf13… @ 1ff1f2ddd,c55daf13e372331a5ab6dbd465ece351a55923831c45864325ac46b1508fa295,benchmark-results/host-store/issue120/verification/edit_length_changing/truncate-tail-4k-on-100mib-ops-1/verification.json,benchmark-results/host-store/issue120/performance/edit_length_changing/truncate-tail-4k-on-100mib-ops-1/perf.jsonl
edit_length_changing,truncate-tail-4k-on-500mib-ops-1,performance,PASS,3.906643583002733,no exhaustive Phase 1 replay,fresh-campaign-receipt,c55daf13… @ 1ff1f2ddd,c55daf13e372331a5ab6dbd465ece351a55923831c45864325ac46b1508fa295,benchmark-results/host-store/issue120/verification/edit_length_changing/truncate-tail-4k-on-500mib-ops-1/verification.json,benchmark-results/host-store/issue120/performance/edit_length_changing/truncate-tail-4k-on-500mib-ops-1/perf.jsonl
edit_length_changing,zero-extend-tail-4k-on-1mib-ops-1,performance,PASS,1.9641647080134135,no exhaustive Phase 1 replay,fresh-campaign-receipt,c55daf13… @ 1ff1f2ddd,c55daf13e372331a5ab6dbd465ece351a55923831c45864325ac46b1508fa295,benchmark-results/host-store/issue120/verification/edit_length_changing/zero-extend-tail-4k-on-1mib-ops-1/verification.json,benchmark-results/host-store/issue120/performance/edit_length_changing/zero-extend-tail-4k-on-1mib-ops-1/perf.jsonl
edit_length_changing,zero-extend-tail-4k-on-10mib-ops-1,performance,PASS,1.8833818749990314,no exhaustive Phase 1 replay,fresh-campaign-receipt,c55daf13… @ 1ff1f2ddd,c55daf13e372331a5ab6dbd465ece351a55923831c45864325ac46b1508fa295,benchmark-results/host-store/issue120/verification/edit_length_changing/zero-extend-tail-4k-on-10mib-ops-1/verification.json,benchmark-results/host-store/issue120/performance/edit_length_changing/zero-extend-tail-4k-on-10mib-ops-1/perf.jsonl
edit_length_changing,zero-extend-tail-4k-on-100mib-ops-1,performance,PASS,2.165770583000267,no exhaustive Phase 1 replay,fresh-campaign-receipt,c55daf13… @ 1ff1f2ddd,c55daf13e372331a5ab6dbd465ece351a55923831c45864325ac46b1508fa295,benchmark-results/host-store/issue120/verification/edit_length_changing/zero-extend-tail-4k-on-100mib-ops-1/verification.json,benchmark-results/host-store/issue120/performance/edit_length_changing/zero-extend-tail-4k-on-100mib-ops-1/perf.jsonl
edit_length_changing,zero-extend-tail-4k-on-500mib-result-capped-v2-ops-1,performance,PASS,3.9275412920105737,no exhaustive Phase 1 replay,fresh-campaign-receipt,c55daf13… @ 1ff1f2ddd,c55daf13e372331a5ab6dbd465ece351a55923831c45864325ac46b1508fa295,benchmark-results/host-store/issue120/verification/edit_length_changing/zero-extend-tail-4k-on-500mib-result-capped-v2-ops-1/verification.json,benchmark-results/host-store/issue120/performance/edit_length_changing/zero-extend-tail-4k-on-500mib-result-capped-v2-ops-1/perf.jsonl
edit_canonical_chunk_count,overwrite-fixed-64k-chunk-count-preserve-on-1mib-ops-1,performance,PASS,2.3906870420032647,no exhaustive Phase 1 replay,fresh-campaign-receipt,c55daf13… @ 1ff1f2ddd,c55daf13e372331a5ab6dbd465ece351a55923831c45864325ac46b1508fa295,benchmark-results/host-store/issue120/verification/edit_canonical_chunk_count/overwrite-fixed-64k-chunk-count-preserve-on-1mib-ops-1/verification.json,benchmark-results/host-store/issue120/performance/edit_canonical_chunk_count/overwrite-fixed-64k-chunk-count-preserve-on-1mib-ops-1/perf.jsonl
edit_canonical_chunk_count,overwrite-fixed-64k-chunk-count-preserve-on-10mib-ops-1,performance,PASS,2.356194833002519,no exhaustive Phase 1 replay,fresh-campaign-receipt,c55daf13… @ 1ff1f2ddd,c55daf13e372331a5ab6dbd465ece351a55923831c45864325ac46b1508fa295,benchmark-results/host-store/issue120/verification/edit_canonical_chunk_count/overwrite-fixed-64k-chunk-count-preserve-on-10mib-ops-1/verification.json,benchmark-results/host-store/issue120/performance/edit_canonical_chunk_count/overwrite-fixed-64k-chunk-count-preserve-on-10mib-ops-1/perf.jsonl
edit_canonical_chunk_count,overwrite-fixed-64k-chunk-count-preserve-on-100mib-ops-1,performance,PASS,2.5476582499977667,no exhaustive Phase 1 replay,fresh-campaign-receipt,c55daf13… @ 1ff1f2ddd,c55daf13e372331a5ab6dbd465ece351a55923831c45864325ac46b1508fa295,benchmark-results/host-store/issue120/verification/edit_canonical_chunk_count/overwrite-fixed-64k-chunk-count-preserve-on-100mib-ops-1/verification.json,benchmark-results/host-store/issue120/performance/edit_canonical_chunk_count/overwrite-fixed-64k-chunk-count-preserve-on-100mib-ops-1/perf.jsonl
edit_canonical_chunk_count,overwrite-fixed-64k-chunk-count-preserve-on-500mib-ops-1,performance,PASS,4.4526363750046585,no exhaustive Phase 1 replay,fresh-campaign-receipt,c55daf13… @ 1ff1f2ddd,c55daf13e372331a5ab6dbd465ece351a55923831c45864325ac46b1508fa295,benchmark-results/host-store/issue120/verification/edit_canonical_chunk_count/overwrite-fixed-64k-chunk-count-preserve-on-500mib-ops-1/verification.json,benchmark-results/host-store/issue120/performance/edit_canonical_chunk_count/overwrite-fixed-64k-chunk-count-preserve-on-500mib-ops-1/perf.jsonl
edit_canonical_chunk_count,overwrite-fixed-64k-chunk-count-increase-on-1mib-ops-1,performance,PASS,1.9627186249999795,no exhaustive Phase 1 replay,fresh-campaign-receipt,c55daf13… @ 1ff1f2ddd,c55daf13e372331a5ab6dbd465ece351a55923831c45864325ac46b1508fa295,benchmark-results/host-store/issue120/verification/edit_canonical_chunk_count/overwrite-fixed-64k-chunk-count-increase-on-1mib-ops-1/verification.json,benchmark-results/host-store/issue120/performance/edit_canonical_chunk_count/overwrite-fixed-64k-chunk-count-increase-on-1mib-ops-1/perf.jsonl
edit_canonical_chunk_count,overwrite-fixed-64k-chunk-count-increase-on-10mib-ops-1,performance,PASS,2.309812791994773,no exhaustive Phase 1 replay,fresh-campaign-receipt,c55daf13… @ 1ff1f2ddd,c55daf13e372331a5ab6dbd465ece351a55923831c45864325ac46b1508fa295,benchmark-results/host-store/issue120/verification/edit_canonical_chunk_count/overwrite-fixed-64k-chunk-count-increase-on-10mib-ops-1/verification.json,benchmark-results/host-store/issue120/performance/edit_canonical_chunk_count/overwrite-fixed-64k-chunk-count-increase-on-10mib-ops-1/perf.jsonl
edit_canonical_chunk_count,overwrite-fixed-64k-chunk-count-increase-on-100mib-ops-1,performance,PASS,2.424634374998277,no exhaustive Phase 1 replay,fresh-campaign-receipt,c55daf13… @ 1ff1f2ddd,c55daf13e372331a5ab6dbd465ece351a55923831c45864325ac46b1508fa295,benchmark-results/host-store/issue120/verification/edit_canonical_chunk_count/overwrite-fixed-64k-chunk-count-increase-on-100mib-ops-1/verification.json,benchmark-results/host-store/issue120/performance/edit_canonical_chunk_count/overwrite-fixed-64k-chunk-count-increase-on-100mib-ops-1/perf.jsonl
edit_canonical_chunk_count,overwrite-fixed-64k-chunk-count-increase-on-500mib-ops-1,performance,PASS,4.3590192499978,no exhaustive Phase 1 replay,fresh-campaign-receipt,c55daf13… @ 1ff1f2ddd,c55daf13e372331a5ab6dbd465ece351a55923831c45864325ac46b1508fa295,benchmark-results/host-store/issue120/verification/edit_canonical_chunk_count/overwrite-fixed-64k-chunk-count-increase-on-500mib-ops-1/verification.json,benchmark-results/host-store/issue120/performance/edit_canonical_chunk_count/overwrite-fixed-64k-chunk-count-increase-on-500mib-ops-1/perf.jsonl
edit_canonical_chunk_count,overwrite-fixed-64k-chunk-count-decrease-on-1mib-ops-1,performance,PASS,2.1817812499939464,no exhaustive Phase 1 replay,fresh-campaign-receipt,c55daf13… @ 1ff1f2ddd,c55daf13e372331a5ab6dbd465ece351a55923831c45864325ac46b1508fa295,benchmark-results/host-store/issue120/verification/edit_canonical_chunk_count/overwrite-fixed-64k-chunk-count-decrease-on-1mib-ops-1/verification.json,benchmark-results/host-store/issue120/performance/edit_canonical_chunk_count/overwrite-fixed-64k-chunk-count-decrease-on-1mib-ops-1/perf.jsonl
edit_canonical_chunk_count,overwrite-fixed-64k-chunk-count-decrease-on-10mib-ops-1,performance,PASS,2.0970450839959085,no exhaustive Phase 1 replay,fresh-campaign-receipt,c55daf13… @ 1ff1f2ddd,c55daf13e372331a5ab6dbd465ece351a55923831c45864325ac46b1508fa295,benchmark-results/host-store/issue120/verification/edit_canonical_chunk_count/overwrite-fixed-64k-chunk-count-decrease-on-10mib-ops-1/verification.json,benchmark-results/host-store/issue120/performance/edit_canonical_chunk_count/overwrite-fixed-64k-chunk-count-decrease-on-10mib-ops-1/perf.jsonl
edit_canonical_chunk_count,overwrite-fixed-64k-chunk-count-decrease-on-100mib-ops-1,performance,PASS,2.6012684169982094,no exhaustive Phase 1 replay,fresh-campaign-receipt,c55daf13… @ 1ff1f2ddd,c55daf13e372331a5ab6dbd465ece351a55923831c45864325ac46b1508fa295,benchmark-results/host-store/issue120/verification/edit_canonical_chunk_count/overwrite-fixed-64k-chunk-count-decrease-on-100mib-ops-1/verification.json,benchmark-results/host-store/issue120/performance/edit_canonical_chunk_count/overwrite-fixed-64k-chunk-count-decrease-on-100mib-ops-1/perf.jsonl
edit_canonical_chunk_count,overwrite-fixed-64k-chunk-count-decrease-on-500mib-ops-1,performance,PASS,3.8493222919933032,no exhaustive Phase 1 replay,fresh-campaign-receipt,c55daf13… @ 1ff1f2ddd,c55daf13e372331a5ab6dbd465ece351a55923831c45864325ac46b1508fa295,benchmark-results/host-store/issue120/verification/edit_canonical_chunk_count/overwrite-fixed-64k-chunk-count-decrease-on-500mib-ops-1/verification.json,benchmark-results/host-store/issue120/performance/edit_canonical_chunk_count/overwrite-fixed-64k-chunk-count-decrease-on-500mib-ops-1/perf.jsonl
init_namespace,namespace-100-compact-v3,performance,PASS,2.183804041997064,no exhaustive Phase 1 replay,fresh-campaign-receipt,c55daf13… @ 1ff1f2ddd,c55daf13e372331a5ab6dbd465ece351a55923831c45864325ac46b1508fa295,benchmark-results/host-store/issue120/verification/init_namespace/namespace-100-compact-v3/verification.json,benchmark-results/host-store/issue120/performance/init_namespace/namespace-100-compact-v3/perf.jsonl
init_namespace,namespace-1000-compact-v3,performance,PASS,2.2582599579764064,no exhaustive Phase 1 replay,fresh-campaign-receipt,c55daf13… @ 1ff1f2ddd,c55daf13e372331a5ab6dbd465ece351a55923831c45864325ac46b1508fa295,benchmark-results/host-store/issue120/verification/init_namespace/namespace-1000-compact-v3/verification.json,benchmark-results/host-store/issue120/performance/init_namespace/namespace-1000-compact-v3/perf.jsonl
init_namespace,namespace-10000,performance,PASS,2.885128624999197,no exhaustive Phase 1 replay,fresh-campaign-receipt,c55daf13… @ 1ff1f2ddd,c55daf13e372331a5ab6dbd465ece351a55923831c45864325ac46b1508fa295,benchmark-results/host-store/issue120/verification/init_namespace/namespace-10000/verification.json,benchmark-results/host-store/issue120/performance/init_namespace/namespace-10000/perf.jsonl
init_namespace,namespace-100000,performance,PASS,7.464286165981321,no exhaustive Phase 1 replay,fresh-campaign-receipt,c55daf13… @ 1ff1f2ddd,c55daf13e372331a5ab6dbd465ece351a55923831c45864325ac46b1508fa295,benchmark-results/host-store/issue120/verification/init_namespace/namespace-100000/verification.json,benchmark-results/host-store/issue120/performance/init_namespace/namespace-100000/perf.jsonl
store_footprint,store-footprint-unique-100000,performance,PASS,6.617898500000592,no exhaustive Phase 1 replay,fresh-campaign-receipt,c55daf13… @ 1ff1f2ddd,c55daf13e372331a5ab6dbd465ece351a55923831c45864325ac46b1508fa295,benchmark-results/host-store/issue120/verification/store_footprint/store-footprint-unique-100000/verification.json,benchmark-results/host-store/issue120/performance/store_footprint/store-footprint-unique-100000/perf.jsonl
store_footprint,store-footprint-metadata-cardinality-100000,performance,PASS,7.965235915995436,no exhaustive Phase 1 replay,fresh-campaign-receipt,c55daf13… @ 1ff1f2ddd,c55daf13e372331a5ab6dbd465ece351a55923831c45864325ac46b1508fa295,benchmark-results/host-store/issue120/verification/store_footprint/store-footprint-metadata-cardinality-100000/verification.json,benchmark-results/host-store/issue120/performance/store_footprint/store-footprint-metadata-cardinality-100000/perf.jsonl
store_footprint,store-footprint-large-object-500m,performance,PASS,3.5634011660004035,no exhaustive Phase 1 replay,fresh-campaign-receipt,c55daf13… @ 1ff1f2ddd,c55daf13e372331a5ab6dbd465ece351a55923831c45864325ac46b1508fa295,benchmark-results/host-store/issue120/verification/store_footprint/store-footprint-large-object-500m/verification.json,benchmark-results/host-store/issue120/performance/store_footprint/store-footprint-large-object-500m/perf.jsonl
store_footprint,store-footprint-unique-100-low-v1,performance,PASS,2.17612312498386,no exhaustive Phase 1 replay,fresh-campaign-receipt,c55daf13… @ 1ff1f2ddd,c55daf13e372331a5ab6dbd465ece351a55923831c45864325ac46b1508fa295,benchmark-results/host-store/issue120/verification/store_footprint/store-footprint-unique-100-low-v1/verification.json,benchmark-results/host-store/issue120/performance/store_footprint/store-footprint-unique-100-low-v1/perf.jsonl
store_footprint,store-footprint-metadata-cardinality-100-low-v1,performance,PASS,2.243652042001486,no exhaustive Phase 1 replay,fresh-campaign-receipt,c55daf13… @ 1ff1f2ddd,c55daf13e372331a5ab6dbd465ece351a55923831c45864325ac46b1508fa295,benchmark-results/host-store/issue120/verification/store_footprint/store-footprint-metadata-cardinality-100-low-v1/verification.json,benchmark-results/host-store/issue120/performance/store_footprint/store-footprint-metadata-cardinality-100-low-v1/perf.jsonl
store_footprint,store-footprint-large-object-10m-low-v1,performance,PASS,2.088176332996227,no exhaustive Phase 1 replay,fresh-campaign-receipt,c55daf13… @ 1ff1f2ddd,c55daf13e372331a5ab6dbd465ece351a55923831c45864325ac46b1508fa295,benchmark-results/host-store/issue120/verification/store_footprint/store-footprint-large-object-10m-low-v1/verification.json,benchmark-results/host-store/issue120/performance/store_footprint/store-footprint-large-object-10m-low-v1/perf.jsonl
tiny_file_churn,tiny-create-1-compact-v2,performance,PASS,2.0103032079932746,"no exhaustive Phase 1 replay; sampled Workspace proof: no exhaustive namespace, full-file bytes, object census, aliases, or failure injection",fresh-campaign-receipt,c55daf13… @ 1ff1f2ddd,c55daf13e372331a5ab6dbd465ece351a55923831c45864325ac46b1508fa295,benchmark-results/host-store/issue120/verification/tiny_file_churn/tiny-create-1-compact-v2/verification.json,benchmark-results/host-store/issue120/performance/tiny_file_churn/tiny-create-1-compact-v2/perf.jsonl
tiny_file_churn,tiny-create-10-compact-v2,performance,PASS,2.559332540986361,"no exhaustive Phase 1 replay; sampled Workspace proof: no exhaustive namespace, full-file bytes, object census, aliases, or failure injection",fresh-campaign-receipt,c55daf13… @ 1ff1f2ddd,c55daf13e372331a5ab6dbd465ece351a55923831c45864325ac46b1508fa295,benchmark-results/host-store/issue120/verification/tiny_file_churn/tiny-create-10-compact-v2/verification.json,benchmark-results/host-store/issue120/performance/tiny_file_churn/tiny-create-10-compact-v2/perf.jsonl
tiny_file_churn,tiny-create-100-mixed-v4,performance,PASS,2.3622127920098137,"no exhaustive Phase 1 replay; sampled Workspace proof: no exhaustive namespace, full-file bytes, object census, aliases, or failure injection",fresh-campaign-receipt,c55daf13… @ 1ff1f2ddd,c55daf13e372331a5ab6dbd465ece351a55923831c45864325ac46b1508fa295,benchmark-results/host-store/issue120/verification/tiny_file_churn/tiny-create-100-mixed-v4/verification.json,benchmark-results/host-store/issue120/performance/tiny_file_churn/tiny-create-100-mixed-v4/perf.jsonl
tiny_file_churn,tiny-create-500-mixed-v4,performance,PASS,4.767281334003201,"no exhaustive Phase 1 replay; sampled Workspace proof: no exhaustive namespace, full-file bytes, object census, aliases, or failure injection",fresh-campaign-receipt,c55daf13… @ 1ff1f2ddd,c55daf13e372331a5ab6dbd465ece351a55923831c45864325ac46b1508fa295,benchmark-results/host-store/issue120/verification/tiny_file_churn/tiny-create-500-mixed-v4/verification.json,benchmark-results/host-store/issue120/performance/tiny_file_churn/tiny-create-500-mixed-v4/perf.jsonl
tiny_file_churn,tiny-stat-1-compact-v2,performance,PASS,2.2757149169920012,"no exhaustive Phase 1 replay; sampled Workspace proof: no exhaustive namespace, full-file bytes, object census, aliases, or failure injection",fresh-campaign-receipt,c55daf13… @ 1ff1f2ddd,c55daf13e372331a5ab6dbd465ece351a55923831c45864325ac46b1508fa295,benchmark-results/host-store/issue120/verification/tiny_file_churn/tiny-stat-1-compact-v2/verification.json,benchmark-results/host-store/issue120/performance/tiny_file_churn/tiny-stat-1-compact-v2/perf.jsonl
tiny_file_churn,tiny-stat-10-compact-v2,performance,PASS,2.166707124997629,"no exhaustive Phase 1 replay; sampled Workspace proof: no exhaustive namespace, full-file bytes, object census, aliases, or failure injection",fresh-campaign-receipt,c55daf13… @ 1ff1f2ddd,c55daf13e372331a5ab6dbd465ece351a55923831c45864325ac46b1508fa295,benchmark-results/host-store/issue120/verification/tiny_file_churn/tiny-stat-10-compact-v2/verification.json,benchmark-results/host-store/issue120/performance/tiny_file_churn/tiny-stat-10-compact-v2/perf.jsonl
tiny_file_churn,tiny-stat-100-mixed-v4,performance,PASS,3.0436340830055997,"no exhaustive Phase 1 replay; sampled Workspace proof: no exhaustive namespace, full-file bytes, object census, aliases, or failure injection",fresh-campaign-receipt,c55daf13… @ 1ff1f2ddd,c55daf13e372331a5ab6dbd465ece351a55923831c45864325ac46b1508fa295,benchmark-results/host-store/issue120/verification/tiny_file_churn/tiny-stat-100-mixed-v4/verification.json,benchmark-results/host-store/issue120/performance/tiny_file_churn/tiny-stat-100-mixed-v4/perf.jsonl
tiny_file_churn,tiny-stat-500-mixed-v4,performance,PASS,4.3384886250132695,"no exhaustive Phase 1 replay; sampled Workspace proof: no exhaustive namespace, full-file bytes, object census, aliases, or failure injection",fresh-campaign-receipt,c55daf13… @ 1ff1f2ddd,c55daf13e372331a5ab6dbd465ece351a55923831c45864325ac46b1508fa295,benchmark-results/host-store/issue120/verification/tiny_file_churn/tiny-stat-500-mixed-v4/verification.json,benchmark-results/host-store/issue120/performance/tiny_file_churn/tiny-stat-500-mixed-v4/perf.jsonl
tiny_file_churn,tiny-unlink-1-compact-v2,performance,PASS,1.950257499993313,"no exhaustive Phase 1 replay; sampled Workspace proof: no exhaustive namespace, full-file bytes, object census, aliases, or failure injection",fresh-campaign-receipt,c55daf13… @ 1ff1f2ddd,c55daf13e372331a5ab6dbd465ece351a55923831c45864325ac46b1508fa295,benchmark-results/host-store/issue120/verification/tiny_file_churn/tiny-unlink-1-compact-v2/verification.json,benchmark-results/host-store/issue120/performance/tiny_file_churn/tiny-unlink-1-compact-v2/perf.jsonl
tiny_file_churn,tiny-unlink-10-compact-v2,performance,PASS,2.238549375004368,"no exhaustive Phase 1 replay; sampled Workspace proof: no exhaustive namespace, full-file bytes, object census, aliases, or failure injection",fresh-campaign-receipt,c55daf13… @ 1ff1f2ddd,c55daf13e372331a5ab6dbd465ece351a55923831c45864325ac46b1508fa295,benchmark-results/host-store/issue120/verification/tiny_file_churn/tiny-unlink-10-compact-v2/verification.json,benchmark-results/host-store/issue120/performance/tiny_file_churn/tiny-unlink-10-compact-v2/perf.jsonl
tiny_file_churn,tiny-unlink-100-mixed-v4,performance,PASS,2.9896631659939885,"no exhaustive Phase 1 replay; sampled Workspace proof: no exhaustive namespace, full-file bytes, object census, aliases, or failure injection",fresh-campaign-receipt,c55daf13… @ 1ff1f2ddd,c55daf13e372331a5ab6dbd465ece351a55923831c45864325ac46b1508fa295,benchmark-results/host-store/issue120/verification/tiny_file_churn/tiny-unlink-100-mixed-v4/verification.json,benchmark-results/host-store/issue120/performance/tiny_file_churn/tiny-unlink-100-mixed-v4/perf.jsonl
tiny_file_churn,tiny-unlink-500-mixed-v4,performance,PASS,4.394857834005961,"no exhaustive Phase 1 replay; sampled Workspace proof: no exhaustive namespace, full-file bytes, object census, aliases, or failure injection",fresh-campaign-receipt,c55daf13… @ 1ff1f2ddd,c55daf13e372331a5ab6dbd465ece351a55923831c45864325ac46b1508fa295,benchmark-results/host-store/issue120/verification/tiny_file_churn/tiny-unlink-500-mixed-v4/verification.json,benchmark-results/host-store/issue120/performance/tiny_file_churn/tiny-unlink-500-mixed-v4/perf.jsonl
tiny_file_churn,tiny-bulk-create-1-compact-v2,performance,PASS,2.3233131659799255,"no exhaustive Phase 1 replay; sampled Workspace proof: no exhaustive namespace, full-file bytes, object census, aliases, or failure injection",fresh-campaign-receipt,c55daf13… @ 1ff1f2ddd,c55daf13e372331a5ab6dbd465ece351a55923831c45864325ac46b1508fa295,benchmark-results/host-store/issue120/verification/tiny_file_churn/tiny-bulk-create-1-compact-v2/verification.json,benchmark-results/host-store/issue120/performance/tiny_file_churn/tiny-bulk-create-1-compact-v2/perf.jsonl
tiny_file_churn,tiny-bulk-create-10-compact-v2,performance,PASS,2.486005375016248,"no exhaustive Phase 1 replay; sampled Workspace proof: no exhaustive namespace, full-file bytes, object census, aliases, or failure injection",fresh-campaign-receipt,c55daf13… @ 1ff1f2ddd,c55daf13e372331a5ab6dbd465ece351a55923831c45864325ac46b1508fa295,benchmark-results/host-store/issue120/verification/tiny_file_churn/tiny-bulk-create-10-compact-v2/verification.json,benchmark-results/host-store/issue120/performance/tiny_file_churn/tiny-bulk-create-10-compact-v2/perf.jsonl
tiny_file_churn,tiny-bulk-create-100-mixed-v3,performance,REUSED,,proof reused from the producing treatment; not re-run on the candidate,reused-issue118-receipt,"fsync-qualified 440ae2c4… (commit f8fa59fab, pre-#107/#116)",440ae2c4ce03741676a2845becb9b1661dde341079cc62faad0998847d33a4e5,benchmark-results/host-store/issue118/20260912/remaining-shared/tiny-bulk-create-100-mixed-v3-proof/verification.json,benchmark-results/host-store/issue118/20260912/remaining-shared/tiny-bulk-create-100-mixed-v3/perf.jsonl
tiny_file_churn,tiny-bulk-create-500-mixed-v3,performance,PASS,7.736932166008046,"no exhaustive Phase 1 replay; sampled Workspace proof: no exhaustive namespace, full-file bytes, object census, aliases, or failure injection",fresh-campaign-receipt,c55daf13… @ 1ff1f2ddd,c55daf13e372331a5ab6dbd465ece351a55923831c45864325ac46b1508fa295,benchmark-results/host-store/issue120/verification/tiny_file_churn/tiny-bulk-create-500-mixed-v3/verification.json,benchmark-results/host-store/issue120/performance/tiny_file_churn/tiny-bulk-create-500-mixed-v3/perf.jsonl
tiny_file_churn,tiny-bulk-delete-1-compact-v2,performance,PASS,1.9894326249777805,"no exhaustive Phase 1 replay; sampled Workspace proof: no exhaustive namespace, full-file bytes, object census, aliases, or failure injection",fresh-campaign-receipt,c55daf13… @ 1ff1f2ddd,c55daf13e372331a5ab6dbd465ece351a55923831c45864325ac46b1508fa295,benchmark-results/host-store/issue120/verification/tiny_file_churn/tiny-bulk-delete-1-compact-v2/verification.json,benchmark-results/host-store/issue120/performance/tiny_file_churn/tiny-bulk-delete-1-compact-v2/perf.jsonl
tiny_file_churn,tiny-bulk-delete-10-compact-v2,performance,PASS,1.964538125001127,"no exhaustive Phase 1 replay; sampled Workspace proof: no exhaustive namespace, full-file bytes, object census, aliases, or failure injection",fresh-campaign-receipt,c55daf13… @ 1ff1f2ddd,c55daf13e372331a5ab6dbd465ece351a55923831c45864325ac46b1508fa295,benchmark-results/host-store/issue120/verification/tiny_file_churn/tiny-bulk-delete-10-compact-v2/verification.json,benchmark-results/host-store/issue120/performance/tiny_file_churn/tiny-bulk-delete-10-compact-v2/perf.jsonl
tiny_file_churn,tiny-bulk-delete-100-mixed-v3,performance,PASS,2.7545975829998497,"no exhaustive Phase 1 replay; sampled Workspace proof: no exhaustive namespace, full-file bytes, object census, aliases, or failure injection",fresh-campaign-receipt,c55daf13… @ 1ff1f2ddd,c55daf13e372331a5ab6dbd465ece351a55923831c45864325ac46b1508fa295,benchmark-results/host-store/issue120/verification/tiny_file_churn/tiny-bulk-delete-100-mixed-v3/verification.json,benchmark-results/host-store/issue120/performance/tiny_file_churn/tiny-bulk-delete-100-mixed-v3/perf.jsonl
tiny_file_churn,tiny-bulk-delete-500-mixed-v3,performance,PASS,4.851528874976793,"no exhaustive Phase 1 replay; sampled Workspace proof: no exhaustive namespace, full-file bytes, object census, aliases, or failure injection",fresh-campaign-receipt,c55daf13… @ 1ff1f2ddd,c55daf13e372331a5ab6dbd465ece351a55923831c45864325ac46b1508fa295,benchmark-results/host-store/issue120/verification/tiny_file_churn/tiny-bulk-delete-500-mixed-v3/verification.json,benchmark-results/host-store/issue120/performance/tiny_file_churn/tiny-bulk-delete-500-mixed-v3/perf.jsonl
namespace_mutation,namespace-subtree-relocate-delete-1-compact-v2,performance,PASS,2.329092625004705,no exhaustive Phase 1 replay,fresh-campaign-receipt,c55daf13… @ 1ff1f2ddd,c55daf13e372331a5ab6dbd465ece351a55923831c45864325ac46b1508fa295,benchmark-results/host-store/issue120/verification/namespace_mutation/namespace-subtree-relocate-delete-1-compact-v2/verification.json,benchmark-results/host-store/issue120/performance/namespace_mutation/namespace-subtree-relocate-delete-1-compact-v2/perf.jsonl
namespace_mutation,namespace-subtree-relocate-delete-10-compact-v2,performance,PASS,2.5101977920276113,no exhaustive Phase 1 replay,fresh-campaign-receipt,c55daf13… @ 1ff1f2ddd,c55daf13e372331a5ab6dbd465ece351a55923831c45864325ac46b1508fa295,benchmark-results/host-store/issue120/verification/namespace_mutation/namespace-subtree-relocate-delete-10-compact-v2/verification.json,benchmark-results/host-store/issue120/performance/namespace_mutation/namespace-subtree-relocate-delete-10-compact-v2/perf.jsonl
namespace_mutation,namespace-subtree-relocate-delete-100-mixed-v4,performance,PASS,2.781371291988762,"no exhaustive Phase 1 replay; sampled Workspace proof: no exhaustive namespace, full-file bytes, object census, aliases, or failure injection",fresh-campaign-receipt,c55daf13… @ 1ff1f2ddd,c55daf13e372331a5ab6dbd465ece351a55923831c45864325ac46b1508fa295,benchmark-results/host-store/issue120/verification/namespace_mutation/namespace-subtree-relocate-delete-100-mixed-v4/verification.json,benchmark-results/host-store/issue120/performance/namespace_mutation/namespace-subtree-relocate-delete-100-mixed-v4/perf.jsonl
namespace_mutation,namespace-subtree-relocate-delete-500-mixed-v4,performance,PASS,4.879996667004889,"no exhaustive Phase 1 replay; sampled Workspace proof: no exhaustive namespace, full-file bytes, object census, aliases, or failure injection",fresh-campaign-receipt,c55daf13… @ 1ff1f2ddd,c55daf13e372331a5ab6dbd465ece351a55923831c45864325ac46b1508fa295,benchmark-results/host-store/issue120/verification/namespace_mutation/namespace-subtree-relocate-delete-500-mixed-v4/verification.json,benchmark-results/host-store/issue120/performance/namespace_mutation/namespace-subtree-relocate-delete-500-mixed-v4/perf.jsonl
directory_construction_traversal,directory-construct-1-compact-v2,performance,PASS,2.423932584002614,no exhaustive Phase 1 replay,fresh-campaign-receipt,c55daf13… @ 1ff1f2ddd,c55daf13e372331a5ab6dbd465ece351a55923831c45864325ac46b1508fa295,benchmark-results/host-store/issue120/verification/directory_construction_traversal/directory-construct-1-compact-v2/verification.json,benchmark-results/host-store/issue120/performance/directory_construction_traversal/directory-construct-1-compact-v2/perf.jsonl
directory_construction_traversal,directory-construct-10-compact-v2,performance,PASS,2.6237236250017304,no exhaustive Phase 1 replay,fresh-campaign-receipt,c55daf13… @ 1ff1f2ddd,c55daf13e372331a5ab6dbd465ece351a55923831c45864325ac46b1508fa295,benchmark-results/host-store/issue120/verification/directory_construction_traversal/directory-construct-10-compact-v2/verification.json,benchmark-results/host-store/issue120/performance/directory_construction_traversal/directory-construct-10-compact-v2/perf.jsonl
directory_construction_traversal,directory-construct-100-mixed-v4,performance,PASS,2.70938958300394,"no exhaustive Phase 1 replay; sampled Workspace proof: no exhaustive namespace, full-file bytes, object census, aliases, or failure injection",fresh-campaign-receipt,c55daf13… @ 1ff1f2ddd,c55daf13e372331a5ab6dbd465ece351a55923831c45864325ac46b1508fa295,benchmark-results/host-store/issue120/verification/directory_construction_traversal/directory-construct-100-mixed-v4/verification.json,benchmark-results/host-store/issue120/performance/directory_construction_traversal/directory-construct-100-mixed-v4/perf.jsonl
directory_construction_traversal,directory-construct-500-mixed-v4,performance,PASS,5.4489870829856955,"no exhaustive Phase 1 replay; sampled Workspace proof: no exhaustive namespace, full-file bytes, object census, aliases, or failure injection",fresh-campaign-receipt,c55daf13… @ 1ff1f2ddd,c55daf13e372331a5ab6dbd465ece351a55923831c45864325ac46b1508fa295,benchmark-results/host-store/issue120/verification/directory_construction_traversal/directory-construct-500-mixed-v4/verification.json,benchmark-results/host-store/issue120/performance/directory_construction_traversal/directory-construct-500-mixed-v4/perf.jsonl
directory_construction_traversal,directory-metadata-scan-1-compact-v2,performance,PASS,2.3671571669983678,no exhaustive Phase 1 replay,fresh-campaign-receipt,c55daf13… @ 1ff1f2ddd,c55daf13e372331a5ab6dbd465ece351a55923831c45864325ac46b1508fa295,benchmark-results/host-store/issue120/verification/directory_construction_traversal/directory-metadata-scan-1-compact-v2/verification.json,benchmark-results/host-store/issue120/performance/directory_construction_traversal/directory-metadata-scan-1-compact-v2/perf.jsonl
directory_construction_traversal,directory-metadata-scan-10-compact-v2,performance,PASS,2.5233798749977723,no exhaustive Phase 1 replay,fresh-campaign-receipt,c55daf13… @ 1ff1f2ddd,c55daf13e372331a5ab6dbd465ece351a55923831c45864325ac46b1508fa295,benchmark-results/host-store/issue120/verification/directory_construction_traversal/directory-metadata-scan-10-compact-v2/verification.json,benchmark-results/host-store/issue120/performance/directory_construction_traversal/directory-metadata-scan-10-compact-v2/perf.jsonl
directory_construction_traversal,directory-metadata-scan-100-mixed-v4,performance,PASS,2.8138740419817623,"no exhaustive Phase 1 replay; sampled Workspace proof: no exhaustive namespace, full-file bytes, object census, aliases, or failure injection",fresh-campaign-receipt,c55daf13… @ 1ff1f2ddd,c55daf13e372331a5ab6dbd465ece351a55923831c45864325ac46b1508fa295,benchmark-results/host-store/issue120/verification/directory_construction_traversal/directory-metadata-scan-100-mixed-v4/verification.json,benchmark-results/host-store/issue120/performance/directory_construction_traversal/directory-metadata-scan-100-mixed-v4/perf.jsonl
directory_construction_traversal,directory-metadata-scan-500-mixed-v4,performance,PASS,4.80173645899049,"no exhaustive Phase 1 replay; sampled Workspace proof: no exhaustive namespace, full-file bytes, object census, aliases, or failure injection",fresh-campaign-receipt,c55daf13… @ 1ff1f2ddd,c55daf13e372331a5ab6dbd465ece351a55923831c45864325ac46b1508fa295,benchmark-results/host-store/issue120/verification/directory_construction_traversal/directory-metadata-scan-500-mixed-v4/verification.json,benchmark-results/host-store/issue120/performance/directory_construction_traversal/directory-metadata-scan-500-mixed-v4/perf.jsonl
directory_construction_traversal,directory-content-scan-1-compact-v2,performance,PASS,2.6832539580063894,no exhaustive Phase 1 replay,fresh-campaign-receipt,c55daf13… @ 1ff1f2ddd,c55daf13e372331a5ab6dbd465ece351a55923831c45864325ac46b1508fa295,benchmark-results/host-store/issue120/verification/directory_construction_traversal/directory-content-scan-1-compact-v2/verification.json,benchmark-results/host-store/issue120/performance/directory_construction_traversal/directory-content-scan-1-compact-v2/perf.jsonl
directory_construction_traversal,directory-content-scan-10-compact-v2,performance,PASS,2.8758321659988724,no exhaustive Phase 1 replay,fresh-campaign-receipt,c55daf13… @ 1ff1f2ddd,c55daf13e372331a5ab6dbd465ece351a55923831c45864325ac46b1508fa295,benchmark-results/host-store/issue120/verification/directory_construction_traversal/directory-content-scan-10-compact-v2/verification.json,benchmark-results/host-store/issue120/performance/directory_construction_traversal/directory-content-scan-10-compact-v2/perf.jsonl
directory_construction_traversal,directory-content-scan-100-mixed-v4,performance,PASS,3.5655093340028543,"no exhaustive Phase 1 replay; sampled Workspace proof: no exhaustive namespace, full-file bytes, object census, aliases, or failure injection",fresh-campaign-receipt,c55daf13… @ 1ff1f2ddd,c55daf13e372331a5ab6dbd465ece351a55923831c45864325ac46b1508fa295,benchmark-results/host-store/issue120/verification/directory_construction_traversal/directory-content-scan-100-mixed-v4/verification.json,benchmark-results/host-store/issue120/performance/directory_construction_traversal/directory-content-scan-100-mixed-v4/perf.jsonl
directory_construction_traversal,directory-content-scan-500-mixed-v4,performance,REUSED,,proof reused from the producing treatment; not re-run on the candidate,reused-issue118-receipt,"fsync-qualified 440ae2c4… (commit f8fa59fab, pre-#107/#116)",440ae2c4ce03741676a2845becb9b1661dde341079cc62faad0998847d33a4e5,benchmark-results/host-store/issue118/20260912/remaining-shared/directory-content-scan-500-mixed-v4-proof/verification.json,benchmark-results/host-store/issue118/20260912/remaining-shared/directory-content-scan-500-mixed-v4/perf.jsonl
workspace_change_locality,workspace-clean-commit-1-compact-v2,performance,PASS,2.5737559999979567,no exhaustive Phase 1 replay,fresh-campaign-receipt,c55daf13… @ 1ff1f2ddd,c55daf13e372331a5ab6dbd465ece351a55923831c45864325ac46b1508fa295,benchmark-results/host-store/issue120/verification/workspace_change_locality/workspace-clean-commit-1-compact-v2/verification.json,benchmark-results/host-store/issue120/performance/workspace_change_locality/workspace-clean-commit-1-compact-v2/perf.jsonl
workspace_change_locality,workspace-clean-commit-10-compact-v2,performance,PASS,2.6802055409934837,no exhaustive Phase 1 replay,fresh-campaign-receipt,c55daf13… @ 1ff1f2ddd,c55daf13e372331a5ab6dbd465ece351a55923831c45864325ac46b1508fa295,benchmark-results/host-store/issue120/verification/workspace_change_locality/workspace-clean-commit-10-compact-v2/verification.json,benchmark-results/host-store/issue120/performance/workspace_change_locality/workspace-clean-commit-10-compact-v2/perf.jsonl
workspace_change_locality,workspace-clean-commit-100-mixed-v4,performance,PASS,2.7359202920051757,"no exhaustive Phase 1 replay; sampled Workspace proof: no exhaustive namespace, full-file bytes, object census, aliases, or failure injection",fresh-campaign-receipt,c55daf13… @ 1ff1f2ddd,c55daf13e372331a5ab6dbd465ece351a55923831c45864325ac46b1508fa295,benchmark-results/host-store/issue120/verification/workspace_change_locality/workspace-clean-commit-100-mixed-v4/verification.json,benchmark-results/host-store/issue120/performance/workspace_change_locality/workspace-clean-commit-100-mixed-v4/perf.jsonl
workspace_change_locality,workspace-clean-commit-500-mixed-v4,performance,PASS,4.227767708012834,"no exhaustive Phase 1 replay; sampled Workspace proof: no exhaustive namespace, full-file bytes, object census, aliases, or failure injection",fresh-campaign-receipt,c55daf13… @ 1ff1f2ddd,c55daf13e372331a5ab6dbd465ece351a55923831c45864325ac46b1508fa295,benchmark-results/host-store/issue120/verification/workspace_change_locality/workspace-clean-commit-500-mixed-v4/verification.json,benchmark-results/host-store/issue120/performance/workspace_change_locality/workspace-clean-commit-500-mixed-v4/perf.jsonl
workspace_change_locality,workspace-fixed-move-1-compact-v2,performance,PASS,2.644592124997871,no exhaustive Phase 1 replay,fresh-campaign-receipt,c55daf13… @ 1ff1f2ddd,c55daf13e372331a5ab6dbd465ece351a55923831c45864325ac46b1508fa295,benchmark-results/host-store/issue120/verification/workspace_change_locality/workspace-fixed-move-1-compact-v2/verification.json,benchmark-results/host-store/issue120/performance/workspace_change_locality/workspace-fixed-move-1-compact-v2/perf.jsonl
workspace_change_locality,workspace-fixed-move-10-compact-v2,performance,PASS,2.6406457499833778,no exhaustive Phase 1 replay,fresh-campaign-receipt,c55daf13… @ 1ff1f2ddd,c55daf13e372331a5ab6dbd465ece351a55923831c45864325ac46b1508fa295,benchmark-results/host-store/issue120/verification/workspace_change_locality/workspace-fixed-move-10-compact-v2/verification.json,benchmark-results/host-store/issue120/performance/workspace_change_locality/workspace-fixed-move-10-compact-v2/perf.jsonl
workspace_change_locality,workspace-fixed-move-100-mixed-v4,performance,PASS,2.8494165830197744,"no exhaustive Phase 1 replay; sampled Workspace proof: no exhaustive namespace, full-file bytes, object census, aliases, or failure injection",fresh-campaign-receipt,c55daf13… @ 1ff1f2ddd,c55daf13e372331a5ab6dbd465ece351a55923831c45864325ac46b1508fa295,benchmark-results/host-store/issue120/verification/workspace_change_locality/workspace-fixed-move-100-mixed-v4/verification.json,benchmark-results/host-store/issue120/performance/workspace_change_locality/workspace-fixed-move-100-mixed-v4/perf.jsonl
workspace_change_locality,workspace-fixed-move-500-mixed-v4,performance,REUSED,,proof reused from the producing treatment; not re-run on the candidate,reused-issue118-receipt,"fsync-qualified 440ae2c4… (commit f8fa59fab, pre-#107/#116)",440ae2c4ce03741676a2845becb9b1661dde341079cc62faad0998847d33a4e5,benchmark-results/host-store/issue118/20260912/remaining-shared/workspace-fixed-move-500-mixed-v4-proof/verification.json,benchmark-results/host-store/issue118/20260912/remaining-shared/workspace-fixed-move-500-mixed-v4/perf.jsonl
workspace_change_locality,workspace-distributed-sdk-edit-1-compact-v2,performance,PASS,2.3889143750129733,no exhaustive Phase 1 replay,fresh-campaign-receipt,c55daf13… @ 1ff1f2ddd,c55daf13e372331a5ab6dbd465ece351a55923831c45864325ac46b1508fa295,benchmark-results/host-store/issue120/verification/workspace_change_locality/workspace-distributed-sdk-edit-1-compact-v2/verification.json,benchmark-results/host-store/issue120/performance/workspace_change_locality/workspace-distributed-sdk-edit-1-compact-v2/perf.jsonl
workspace_change_locality,workspace-distributed-sdk-edit-10-compact-v2,performance,PASS,2.566218457999639,no exhaustive Phase 1 replay,fresh-campaign-receipt,c55daf13… @ 1ff1f2ddd,c55daf13e372331a5ab6dbd465ece351a55923831c45864325ac46b1508fa295,benchmark-results/host-store/issue120/verification/workspace_change_locality/workspace-distributed-sdk-edit-10-compact-v2/verification.json,benchmark-results/host-store/issue120/performance/workspace_change_locality/workspace-distributed-sdk-edit-10-compact-v2/perf.jsonl
workspace_change_locality,workspace-distributed-sdk-edit-100-mixed-v4,performance,PASS,2.739053583005443,"no exhaustive Phase 1 replay; sampled Workspace proof: no exhaustive namespace, full-file bytes, object census, aliases, or failure injection",fresh-campaign-receipt,c55daf13… @ 1ff1f2ddd,c55daf13e372331a5ab6dbd465ece351a55923831c45864325ac46b1508fa295,benchmark-results/host-store/issue120/verification/workspace_change_locality/workspace-distributed-sdk-edit-100-mixed-v4/verification.json,benchmark-results/host-store/issue120/performance/workspace_change_locality/workspace-distributed-sdk-edit-100-mixed-v4/perf.jsonl
workspace_change_locality,workspace-distributed-sdk-edit-500-mixed-v4,performance,REUSED,,proof reused from the producing treatment; not re-run on the candidate,reused-issue118-receipt,"fsync-qualified 440ae2c4… (commit f8fa59fab, pre-#107/#116)",440ae2c4ce03741676a2845becb9b1661dde341079cc62faad0998847d33a4e5,benchmark-results/host-store/issue118/20260912/remaining-shared/workspace-distributed-sdk-edit-500-mixed-v4-proof/verification.json,benchmark-results/host-store/issue118/20260912/remaining-shared/workspace-distributed-sdk-edit-500-mixed-v4/perf.jsonl
workspace_change_locality,workspace-dense-rewrite-1-compact-v2,performance,PASS,2.458054666989483,no exhaustive Phase 1 replay,fresh-campaign-receipt,c55daf13… @ 1ff1f2ddd,c55daf13e372331a5ab6dbd465ece351a55923831c45864325ac46b1508fa295,benchmark-results/host-store/issue120/verification/workspace_change_locality/workspace-dense-rewrite-1-compact-v2/verification.json,benchmark-results/host-store/issue120/performance/workspace_change_locality/workspace-dense-rewrite-1-compact-v2/perf.jsonl
workspace_change_locality,workspace-dense-rewrite-10-compact-v2,performance,PASS,3.433990958990762,no exhaustive Phase 1 replay,fresh-campaign-receipt,c55daf13… @ 1ff1f2ddd,c55daf13e372331a5ab6dbd465ece351a55923831c45864325ac46b1508fa295,benchmark-results/host-store/issue120/verification/workspace_change_locality/workspace-dense-rewrite-10-compact-v2/verification.json,benchmark-results/host-store/issue120/performance/workspace_change_locality/workspace-dense-rewrite-10-compact-v2/perf.jsonl
workspace_change_locality,workspace-dense-rewrite-100-mixed-v4,performance,REUSED,,proof reused from the producing treatment; not re-run on the candidate,reused-issue118-receipt,"fsync-qualified 440ae2c4… (commit f8fa59fab, pre-#107/#116)",440ae2c4ce03741676a2845becb9b1661dde341079cc62faad0998847d33a4e5,benchmark-results/host-store/issue118/20260912/remaining-shared/workspace-dense-rewrite-100-mixed-v4-proof/verification.json,benchmark-results/host-store/issue118/20260912/remaining-shared/workspace-dense-rewrite-100-mixed-v4/perf.jsonl
workspace_change_locality,workspace-dense-rewrite-500-mixed-v4,performance,REUSED,,proof reused from the producing treatment; not re-run on the candidate,reused-issue118-receipt,"fsync-qualified 440ae2c4… (commit f8fa59fab, pre-#107/#116)",440ae2c4ce03741676a2845becb9b1661dde341079cc62faad0998847d33a4e5,benchmark-results/host-store/issue118/20260912/remaining-shared/workspace-dense-rewrite-500-mixed-v4-proof/verification.json,benchmark-results/host-store/issue118/20260912/remaining-shared/workspace-dense-rewrite-500-mixed-v4/perf.jsonl
dedup_branch_history,dedup-history-distributed-1,performance,PASS,2.7884033329901285,no exhaustive Phase 1 replay,fresh-campaign-receipt,c55daf13… @ 1ff1f2ddd,c55daf13e372331a5ab6dbd465ece351a55923831c45864325ac46b1508fa295,benchmark-results/host-store/issue120/verification/dedup_branch_history/dedup-history-distributed-1/verification.json,benchmark-results/host-store/issue120/performance/dedup_branch_history/dedup-history-distributed-1/perf.jsonl
dedup_branch_history,dedup-history-distributed-10,performance,PASS,4.724503208009992,no exhaustive Phase 1 replay,fresh-campaign-receipt,c55daf13… @ 1ff1f2ddd,c55daf13e372331a5ab6dbd465ece351a55923831c45864325ac46b1508fa295,benchmark-results/host-store/issue120/verification/dedup_branch_history/dedup-history-distributed-10/verification.json,benchmark-results/host-store/issue120/performance/dedup_branch_history/dedup-history-distributed-10/perf.jsonl
dedup_branch_history,dedup-history-distributed-100,performance,PASS,4.577362999989418,no exhaustive Phase 1 replay,fresh-campaign-receipt,c55daf13… @ 1ff1f2ddd,c55daf13e372331a5ab6dbd465ece351a55923831c45864325ac46b1508fa295,benchmark-results/host-store/issue120/verification/dedup_branch_history/dedup-history-distributed-100/verification.json,benchmark-results/host-store/issue120/performance/dedup_branch_history/dedup-history-distributed-100/perf.jsonl
dedup_branch_history,dedup-history-distributed-500,performance,PASS,11.320489832985913,no exhaustive Phase 1 replay,fresh-campaign-receipt,c55daf13… @ 1ff1f2ddd,c55daf13e372331a5ab6dbd465ece351a55923831c45864325ac46b1508fa295,benchmark-results/host-store/issue120/verification/dedup_branch_history/dedup-history-distributed-500/verification.json,benchmark-results/host-store/issue120/performance/dedup_branch_history/dedup-history-distributed-500/perf.jsonl
dedup_branch_history,dedup-history-hotset-1,performance,PASS,2.8341598339902703,no exhaustive Phase 1 replay,fresh-campaign-receipt,c55daf13… @ 1ff1f2ddd,c55daf13e372331a5ab6dbd465ece351a55923831c45864325ac46b1508fa295,benchmark-results/host-store/issue120/verification/dedup_branch_history/dedup-history-hotset-1/verification.json,benchmark-results/host-store/issue120/performance/dedup_branch_history/dedup-history-hotset-1/perf.jsonl
dedup_branch_history,dedup-history-hotset-10,performance,PASS,5.169809582992457,no exhaustive Phase 1 replay,fresh-campaign-receipt,c55daf13… @ 1ff1f2ddd,c55daf13e372331a5ab6dbd465ece351a55923831c45864325ac46b1508fa295,benchmark-results/host-store/issue120/verification/dedup_branch_history/dedup-history-hotset-10/verification.json,benchmark-results/host-store/issue120/performance/dedup_branch_history/dedup-history-hotset-10/perf.jsonl
dedup_branch_history,dedup-history-hotset-100,performance,PASS,5.6298646250215825,no exhaustive Phase 1 replay,fresh-campaign-receipt,c55daf13… @ 1ff1f2ddd,c55daf13e372331a5ab6dbd465ece351a55923831c45864325ac46b1508fa295,benchmark-results/host-store/issue120/verification/dedup_branch_history/dedup-history-hotset-100/verification.json,benchmark-results/host-store/issue120/performance/dedup_branch_history/dedup-history-hotset-100/perf.jsonl
dedup_branch_history,dedup-history-hotset-500,performance,PASS,11.115246667002793,no exhaustive Phase 1 replay,fresh-campaign-receipt,c55daf13… @ 1ff1f2ddd,c55daf13e372331a5ab6dbd465ece351a55923831c45864325ac46b1508fa295,benchmark-results/host-store/issue120/verification/dedup_branch_history/dedup-history-hotset-500/verification.json,benchmark-results/host-store/issue120/performance/dedup_branch_history/dedup-history-hotset-500/perf.jsonl
dedup_branch_history,dedup-history-recurring-1,performance,PASS,2.577852290996816,no exhaustive Phase 1 replay,fresh-campaign-receipt,c55daf13… @ 1ff1f2ddd,c55daf13e372331a5ab6dbd465ece351a55923831c45864325ac46b1508fa295,benchmark-results/host-store/issue120/verification/dedup_branch_history/dedup-history-recurring-1/verification.json,benchmark-results/host-store/issue120/performance/dedup_branch_history/dedup-history-recurring-1/perf.jsonl
dedup_branch_history,dedup-history-recurring-10,performance,PASS,4.836438749975059,no exhaustive Phase 1 replay,fresh-campaign-receipt,c55daf13… @ 1ff1f2ddd,c55daf13e372331a5ab6dbd465ece351a55923831c45864325ac46b1508fa295,benchmark-results/host-store/issue120/verification/dedup_branch_history/dedup-history-recurring-10/verification.json,benchmark-results/host-store/issue120/performance/dedup_branch_history/dedup-history-recurring-10/perf.jsonl
dedup_branch_history,dedup-history-recurring-100,performance,PASS,4.299647917010589,no exhaustive Phase 1 replay,fresh-campaign-receipt,c55daf13… @ 1ff1f2ddd,c55daf13e372331a5ab6dbd465ece351a55923831c45864325ac46b1508fa295,benchmark-results/host-store/issue120/verification/dedup_branch_history/dedup-history-recurring-100/verification.json,benchmark-results/host-store/issue120/performance/dedup_branch_history/dedup-history-recurring-100/perf.jsonl
dedup_branch_history,dedup-history-recurring-500,performance,PASS,7.942126375011867,no exhaustive Phase 1 replay,fresh-campaign-receipt,c55daf13… @ 1ff1f2ddd,c55daf13e372331a5ab6dbd465ece351a55923831c45864325ac46b1508fa295,benchmark-results/host-store/issue120/verification/dedup_branch_history/dedup-history-recurring-500/verification.json,benchmark-results/host-store/issue120/performance/dedup_branch_history/dedup-history-recurring-500/perf.jsonl
dedup_branch_history,dedup-history-metadata-1,performance,PASS,2.8361889999941923,no exhaustive Phase 1 replay,fresh-campaign-receipt,c55daf13… @ 1ff1f2ddd,c55daf13e372331a5ab6dbd465ece351a55923831c45864325ac46b1508fa295,benchmark-results/host-store/issue120/verification/dedup_branch_history/dedup-history-metadata-1/verification.json,benchmark-results/host-store/issue120/performance/dedup_branch_history/dedup-history-metadata-1/perf.jsonl
dedup_branch_history,dedup-history-metadata-10,performance,PASS,4.970065500005148,no exhaustive Phase 1 replay,fresh-campaign-receipt,c55daf13… @ 1ff1f2ddd,c55daf13e372331a5ab6dbd465ece351a55923831c45864325ac46b1508fa295,benchmark-results/host-store/issue120/verification/dedup_branch_history/dedup-history-metadata-10/verification.json,benchmark-results/host-store/issue120/performance/dedup_branch_history/dedup-history-metadata-10/perf.jsonl
dedup_branch_history,dedup-history-metadata-100,performance,PASS,5.208988583995961,no exhaustive Phase 1 replay,fresh-campaign-receipt,c55daf13… @ 1ff1f2ddd,c55daf13e372331a5ab6dbd465ece351a55923831c45864325ac46b1508fa295,benchmark-results/host-store/issue120/verification/dedup_branch_history/dedup-history-metadata-100/verification.json,benchmark-results/host-store/issue120/performance/dedup_branch_history/dedup-history-metadata-100/perf.jsonl
dedup_branch_history,dedup-history-metadata-500,performance,PASS,11.723800209001638,no exhaustive Phase 1 replay,fresh-campaign-receipt,c55daf13… @ 1ff1f2ddd,c55daf13e372331a5ab6dbd465ece351a55923831c45864325ac46b1508fa295,benchmark-results/host-store/issue120/verification/dedup_branch_history/dedup-history-metadata-500/verification.json,benchmark-results/host-store/issue120/performance/dedup_branch_history/dedup-history-metadata-500/perf.jsonl
dedup_branch_history,dedup-history-unrelated-1,performance,PASS,3.133095917000901,no exhaustive Phase 1 replay,fresh-campaign-receipt,c55daf13… @ 1ff1f2ddd,c55daf13e372331a5ab6dbd465ece351a55923831c45864325ac46b1508fa295,benchmark-results/host-store/issue120/verification/dedup_branch_history/dedup-history-unrelated-1/verification.json,benchmark-results/host-store/issue120/performance/dedup_branch_history/dedup-history-unrelated-1/perf.jsonl
dedup_branch_history,dedup-history-unrelated-10,performance,PASS,10.27445612498559,no exhaustive Phase 1 replay,fresh-campaign-receipt,c55daf13… @ 1ff1f2ddd,c55daf13e372331a5ab6dbd465ece351a55923831c45864325ac46b1508fa295,benchmark-results/host-store/issue120/verification/dedup_branch_history/dedup-history-unrelated-10/verification.json,benchmark-results/host-store/issue120/performance/dedup_branch_history/dedup-history-unrelated-10/perf.jsonl
dedup_branch_history,dedup-history-unrelated-100-mixed-v2,performance,PASS,4.816446708980948,"no exhaustive Phase 1 replay; sampled Workspace proof: no exhaustive namespace, full-file bytes, object census, aliases, or failure injection",fresh-campaign-receipt,c55daf13… @ 1ff1f2ddd,c55daf13e372331a5ab6dbd465ece351a55923831c45864325ac46b1508fa295,benchmark-results/host-store/issue120/verification/dedup_branch_history/dedup-history-unrelated-100-mixed-v2/verification.json,benchmark-results/host-store/issue120/performance/dedup_branch_history/dedup-history-unrelated-100-mixed-v2/perf.jsonl
dedup_branch_history,dedup-history-unrelated-500-mixed-v2,performance,PASS,17.378798666992225,"no exhaustive Phase 1 replay; sampled Workspace proof: no exhaustive namespace, full-file bytes, object census, aliases, or failure injection",fresh-campaign-receipt,c55daf13… @ 1ff1f2ddd,c55daf13e372331a5ab6dbd465ece351a55923831c45864325ac46b1508fa295,benchmark-results/host-store/issue120/verification/dedup_branch_history/dedup-history-unrelated-500-mixed-v2/verification.json,benchmark-results/host-store/issue120/performance/dedup_branch_history/dedup-history-unrelated-500-mixed-v2/perf.jsonl
git_tool_workflow,git-tool-1-compact-v2,performance,PASS,3.530028665991267,no exhaustive Phase 1 replay,fresh-campaign-receipt,c55daf13… @ 1ff1f2ddd,c55daf13e372331a5ab6dbd465ece351a55923831c45864325ac46b1508fa295,benchmark-results/host-store/issue120/verification/git_tool_workflow/git-tool-1-compact-v2/verification.json,benchmark-results/host-store/issue120/performance/git_tool_workflow/git-tool-1-compact-v2/perf.jsonl
git_tool_workflow,git-tool-10-compact-v2,performance,PASS,4.758505584002705,no exhaustive Phase 1 replay,fresh-campaign-receipt,c55daf13… @ 1ff1f2ddd,c55daf13e372331a5ab6dbd465ece351a55923831c45864325ac46b1508fa295,benchmark-results/host-store/issue120/verification/git_tool_workflow/git-tool-10-compact-v2/verification.json,benchmark-results/host-store/issue120/performance/git_tool_workflow/git-tool-10-compact-v2/perf.jsonl
git_tool_workflow,git-tool-100-mixed-v4,performance,PASS,13.707370166026521,no exhaustive Phase 1 replay,fresh-campaign-receipt,c55daf13… @ 1ff1f2ddd,c55daf13e372331a5ab6dbd465ece351a55923831c45864325ac46b1508fa295,benchmark-results/host-store/issue120/verification/git_tool_workflow/git-tool-100-mixed-v4/verification.json,benchmark-results/host-store/issue120/performance/git_tool_workflow/git-tool-100-mixed-v4/perf.jsonl
git_tool_workflow,git-tool-500-mixed-v4,performance,REUSED,,proof reused from the producing treatment; not re-run on the candidate,reused-issue118-receipt,"fsync-qualified 440ae2c4… (commit f8fa59fab, pre-#107/#116)",440ae2c4ce03741676a2845becb9b1661dde341079cc62faad0998847d33a4e5,benchmark-results/host-store/issue118/20260912/remaining-shared/git-tool-500-mixed-v4-proof/verification.json,benchmark-results/host-store/issue118/20260912/remaining-shared/git-tool-500-mixed-v4/perf.jsonl
mixed_load_bearing,agent-episodes-1-compact-v2,performance,PASS,2.2313687079877127,no exhaustive Phase 1 replay,fresh-campaign-receipt,c55daf13… @ 1ff1f2ddd,c55daf13e372331a5ab6dbd465ece351a55923831c45864325ac46b1508fa295,benchmark-results/host-store/issue120/verification/mixed_load_bearing/agent-episodes-1-compact-v2/verification.json,benchmark-results/host-store/issue120/performance/mixed_load_bearing/agent-episodes-1-compact-v2/perf.jsonl
mixed_load_bearing,agent-episodes-10-compact-v2,performance,PASS,2.786707082996145,no exhaustive Phase 1 replay,fresh-campaign-receipt,c55daf13… @ 1ff1f2ddd,c55daf13e372331a5ab6dbd465ece351a55923831c45864325ac46b1508fa295,benchmark-results/host-store/issue120/verification/mixed_load_bearing/agent-episodes-10-compact-v2/verification.json,benchmark-results/host-store/issue120/performance/mixed_load_bearing/agent-episodes-10-compact-v2/perf.jsonl
mixed_load_bearing,agent-episodes-100,performance,PASS,13.413947709021159,no exhaustive Phase 1 replay,fresh-campaign-receipt,c55daf13… @ 1ff1f2ddd,c55daf13e372331a5ab6dbd465ece351a55923831c45864325ac46b1508fa295,benchmark-results/host-store/issue120/verification/mixed_load_bearing/agent-episodes-100/verification.json,benchmark-results/host-store/issue120/performance/mixed_load_bearing/agent-episodes-100/perf.jsonl
mixed_load_bearing,agent-episodes-500,performance,REUSED,,proof reused from the producing treatment; not re-run on the candidate,reused-issue118-receipt,"fsync-qualified 440ae2c4… (commit f8fa59fab, pre-#107/#116)",440ae2c4ce03741676a2845becb9b1661dde341079cc62faad0998847d33a4e5,benchmark-results/host-store/issue118/20260912/remaining-shared/agent-episodes-500-proof/verification.json,benchmark-results/host-store/issue118/20260912/remaining-shared/agent-episodes-500/perf.jsonl
workspace_reliability,workspace-invalid-sdk-edit-compact-v2-proof,proof-only,PASS,2.4101969999901485,no exhaustive Phase 1 replay,fresh-campaign-receipt,c55daf13… @ 1ff1f2ddd,c55daf13e372331a5ab6dbd465ece351a55923831c45864325ac46b1508fa295,benchmark-results/host-store/issue120/verification/workspace_reliability/workspace-invalid-sdk-edit-compact-v2-proof/verification.json,
workspace_reliability,workspace-invalid-namespace-compact-v2-proof,proof-only,PASS,2.4250047920213547,no exhaustive Phase 1 replay,fresh-campaign-receipt,c55daf13… @ 1ff1f2ddd,c55daf13e372331a5ab6dbd465ece351a55923831c45864325ac46b1508fa295,benchmark-results/host-store/issue120/verification/workspace_reliability/workspace-invalid-namespace-compact-v2-proof/verification.json,
workspace_reliability,workspace-lease-lifecycle-compact-v2-proof,proof-only,PASS,2.5743714999989606,no exhaustive Phase 1 replay,fresh-campaign-receipt,c55daf13… @ 1ff1f2ddd,c55daf13e372331a5ab6dbd465ece351a55923831c45864325ac46b1508fa295,benchmark-results/host-store/issue120/verification/workspace_reliability/workspace-lease-lifecycle-compact-v2-proof/verification.json,
workspace_reliability,workspace-open-writer-busy-compact-v2-proof,proof-only,PASS,2.7236085000040475,no exhaustive Phase 1 replay,fresh-campaign-receipt,c55daf13… @ 1ff1f2ddd,c55daf13e372331a5ab6dbd465ece351a55923831c45864325ac46b1508fa295,benchmark-results/host-store/issue120/verification/workspace_reliability/workspace-open-writer-busy-compact-v2-proof/verification.json,
workspace_reliability,workspace-live-execution-busy-compact-v2-proof,proof-only,PASS,2.356204000010621,no exhaustive Phase 1 replay,fresh-campaign-receipt,c55daf13… @ 1ff1f2ddd,c55daf13e372331a5ab6dbd465ece351a55923831c45864325ac46b1508fa295,benchmark-results/host-store/issue120/verification/workspace_reliability/workspace-live-execution-busy-compact-v2-proof/verification.json,
workspace_reliability,workspace-candidate-failure-retry-compact-v2-proof,proof-only,PASS,2.376748291979311,no exhaustive Phase 1 replay,fresh-campaign-receipt,c55daf13… @ 1ff1f2ddd,c55daf13e372331a5ab6dbd465ece351a55923831c45864325ac46b1508fa295,benchmark-results/host-store/issue120/verification/workspace_reliability/workspace-candidate-failure-retry-compact-v2-proof/verification.json,
workspace_reliability,workspace-admission-batch-failure-retry-compact-v2-proof,proof-only,PASS,3.511054790986236,no exhaustive Phase 1 replay,fresh-campaign-receipt,c55daf13… @ 1ff1f2ddd,c55daf13e372331a5ab6dbd465ece351a55923831c45864325ac46b1508fa295,benchmark-results/host-store/issue120/verification/workspace_reliability/workspace-admission-batch-failure-retry-compact-v2-proof/verification.json,
workspace_reliability,workspace-final-publication-failure-retry-compact-v2-proof,proof-only,PASS,3.9517992500041146,no exhaustive Phase 1 replay,fresh-campaign-receipt,c55daf13… @ 1ff1f2ddd,c55daf13e372331a5ab6dbd465ece351a55923831c45864325ac46b1508fa295,benchmark-results/host-store/issue120/verification/workspace_reliability/workspace-final-publication-failure-retry-compact-v2-proof/verification.json,
workspace_reliability,workspace-published-presentation-failure-smoke-v3-proof,proof-only,PASS,2.156578291003825,no exhaustive Phase 1 replay,fresh-campaign-receipt,c55daf13… @ 1ff1f2ddd,c55daf13e372331a5ab6dbd465ece351a55923831c45864325ac46b1508fa295,benchmark-results/host-store/issue120/verification/workspace_reliability/workspace-published-presentation-failure-smoke-v3-proof/verification.json,
workspace_reliability,workspace-dirty-end-discard-compact-v2-proof,proof-only,PASS,2.3135516670008656,no exhaustive Phase 1 replay,fresh-campaign-receipt,c55daf13… @ 1ff1f2ddd,c55daf13e372331a5ab6dbd465ece351a55923831c45864325ac46b1508fa295,benchmark-results/host-store/issue120/verification/workspace_reliability/workspace-dirty-end-discard-compact-v2-proof/verification.json,
workspace_reliability,workspace-dirty-net-zero-compact-v2-proof,proof-only,PASS,2.509194040991133,no exhaustive Phase 1 replay,fresh-campaign-receipt,c55daf13… @ 1ff1f2ddd,c55daf13e372331a5ab6dbd465ece351a55923831c45864325ac46b1508fa295,benchmark-results/host-store/issue120/verification/workspace_reliability/workspace-dirty-net-zero-compact-v2-proof/verification.json,
workspace_reliability,workspace-short-spool-write-compact-v2-proof,proof-only,PASS,2.3350951250176877,no exhaustive Phase 1 replay,fresh-campaign-receipt,c55daf13… @ 1ff1f2ddd,c55daf13e372331a5ab6dbd465ece351a55923831c45864325ac46b1508fa295,benchmark-results/host-store/issue120/verification/workspace_reliability/workspace-short-spool-write-compact-v2-proof/verification.json,
workspace_reliability,workspace-deferred-nospace-compact-v2-proof,proof-only,PASS,1.9623064159823116,no exhaustive Phase 1 replay,fresh-campaign-receipt,c55daf13… @ 1ff1f2ddd,c55daf13e372331a5ab6dbd465ece351a55923831c45864325ac46b1508fa295,benchmark-results/host-store/issue120/verification/workspace_reliability/workspace-deferred-nospace-compact-v2-proof/verification.json,
workspace_reliability,workspace-workload-cancel-compact-v2-proof,proof-only,PASS,2.748615582997445,no exhaustive Phase 1 replay,fresh-campaign-receipt,c55daf13… @ 1ff1f2ddd,c55daf13e372331a5ab6dbd465ece351a55923831c45864325ac46b1508fa295,benchmark-results/host-store/issue120/verification/workspace_reliability/workspace-workload-cancel-compact-v2-proof/verification.json,
workspace_reliability,workspace-dirty-runtime-disconnect-compact-v2-proof,proof-only,PASS,2.6058751250093337,no exhaustive Phase 1 replay,fresh-campaign-receipt,c55daf13… @ 1ff1f2ddd,c55daf13e372331a5ab6dbd465ece351a55923831c45864325ac46b1508fa295,benchmark-results/host-store/issue120/verification/workspace_reliability/workspace-dirty-runtime-disconnect-compact-v2-proof/verification.json,
workspace_reliability,workspace-corrupt-descendant-compact-v2-proof,proof-only,PASS,2.156250125000952,no exhaustive Phase 1 replay,fresh-campaign-receipt,c55daf13… @ 1ff1f2ddd,c55daf13e372331a5ab6dbd465ece351a55923831c45864325ac46b1508fa295,benchmark-results/host-store/issue120/verification/workspace_reliability/workspace-corrupt-descendant-compact-v2-proof/verification.json,
workspace_reliability,workspace-missing-descendant-compact-v2-proof,proof-only,PASS,2.092963624978438,no exhaustive Phase 1 replay,fresh-campaign-receipt,c55daf13… @ 1ff1f2ddd,c55daf13e372331a5ab6dbd465ece351a55923831c45864325ac46b1508fa295,benchmark-results/host-store/issue120/verification/workspace_reliability/workspace-missing-descendant-compact-v2-proof/verification.json,
workspace_reliability,workspace-parallel-read-write-compact-v2-proof,proof-only,PASS,2.195508415985387,no exhaustive Phase 1 replay,fresh-campaign-receipt,c55daf13… @ 1ff1f2ddd,c55daf13e372331a5ab6dbd465ece351a55923831c45864325ac46b1508fa295,benchmark-results/host-store/issue120/verification/workspace_reliability/workspace-parallel-read-write-compact-v2-proof/verification.json,
workspace_reliability,workspace-shared-path-contention-compact-v2-proof,proof-only,PASS,2.158009000006132,no exhaustive Phase 1 replay,fresh-campaign-receipt,c55daf13… @ 1ff1f2ddd,c55daf13e372331a5ab6dbd465ece351a55923831c45864325ac46b1508fa295,benchmark-results/host-store/issue120/verification/workspace_reliability/workspace-shared-path-contention-compact-v2-proof/verification.json,
workspace_reliability,workspace-hardlink-alias-compact-v2-proof,proof-only,PASS,2.4398577910033055,no exhaustive Phase 1 replay,fresh-campaign-receipt,c55daf13… @ 1ff1f2ddd,c55daf13e372331a5ab6dbd465ece351a55923831c45864325ac46b1508fa295,benchmark-results/host-store/issue120/verification/workspace_reliability/workspace-hardlink-alias-compact-v2-proof/verification.json,
workspace_reliability,workspace-symlink-semantics-compact-v2-proof,proof-only,PASS,2.3873098749900237,no exhaustive Phase 1 replay,fresh-campaign-receipt,c55daf13… @ 1ff1f2ddd,c55daf13e372331a5ab6dbd465ece351a55923831c45864325ac46b1508fa295,benchmark-results/host-store/issue120/verification/workspace_reliability/workspace-symlink-semantics-compact-v2-proof/verification.json,
workspace_reliability,workspace-open-rename-unlink-compact-v2-proof,proof-only,PASS,2.2619809999887366,no exhaustive Phase 1 replay,fresh-campaign-receipt,c55daf13… @ 1ff1f2ddd,c55daf13e372331a5ab6dbd465ece351a55923831c45864325ac46b1508fa295,benchmark-results/host-store/issue120/verification/workspace_reliability/workspace-open-rename-unlink-compact-v2-proof/verification.json,
workspace_reliability,workspace-metadata-chmod-compact-v2-proof,proof-only,PASS,2.4940547500154935,no exhaustive Phase 1 replay,fresh-campaign-receipt,c55daf13… @ 1ff1f2ddd,c55daf13e372331a5ab6dbd465ece351a55923831c45864325ac46b1508fa295,benchmark-results/host-store/issue120/verification/workspace_reliability/workspace-metadata-chmod-compact-v2-proof/verification.json,
workspace_reliability,workspace-metadata-mtime-compact-v2-proof,proof-only,PASS,2.2410823329992127,no exhaustive Phase 1 replay,fresh-campaign-receipt,c55daf13… @ 1ff1f2ddd,c55daf13e372331a5ab6dbd465ece351a55923831c45864325ac46b1508fa295,benchmark-results/host-store/issue120/verification/workspace_reliability/workspace-metadata-mtime-compact-v2-proof/verification.json,
workspace_reliability,workspace-metadata-xattr-compact-v2-proof,proof-only,PASS,2.0055110410030466,no exhaustive Phase 1 replay,fresh-campaign-receipt,c55daf13… @ 1ff1f2ddd,c55daf13e372331a5ab6dbd465ece351a55923831c45864325ac46b1508fa295,benchmark-results/host-store/issue120/verification/workspace_reliability/workspace-metadata-xattr-compact-v2-proof/verification.json,
workspace_reliability,workspace-exec-500-compact-v2-proof,proof-only,PASS,8.90395483301836,no exhaustive Phase 1 replay,fresh-campaign-receipt,c55daf13… @ 1ff1f2ddd,c55daf13e372331a5ab6dbd465ece351a55923831c45864325ac46b1508fa295,benchmark-results/host-store/issue120/verification/workspace_reliability/workspace-exec-500-compact-v2-proof/verification.json,
workspace_reliability,workspace-repeat-publication-compact-v2-proof,proof-only,PASS,2.4142839169944637,no exhaustive Phase 1 replay,fresh-campaign-receipt,c55daf13… @ 1ff1f2ddd,c55daf13e372331a5ab6dbd465ece351a55923831c45864325ac46b1508fa295,benchmark-results/host-store/issue120/verification/workspace_reliability/workspace-repeat-publication-compact-v2-proof/verification.json,
workspace_reliability,workspace-sustained-600s-compact-v2-proof,proof-only,NOT_RUN_OPTIONAL,,"Optional long test under the frozen campaign declaration (long_test_exclusion); unexecuted, no endurance qualification",fresh-campaign-receipt,c55daf13… @ 1ff1f2ddd,c55daf13e372331a5ab6dbd465ece351a55923831c45864325ac46b1508fa295,benchmark-results/host-store/issue120/verification/workspace_reliability/workspace-sustained-600s-compact-v2-proof/exception.json,
