family,case,kind,timer,candidate_value,candidate_ns,candidate_receipt_ns,reference_v0_1_3,reference_v0_1_3_ns,reference_profile,ratio,delta_per_op,ops,disposition,proof_disposition,collection,source_class,producing_treatment,producing_binary_sha256,evidence,verification_evidence,receipt_facts
payload_create_read,payload-create-1m-compact-v2,performance,pure_call_sum_ns,29.33 ms,29330000,29333873,28.84 ms,28840000,"undeclared (historical context, never a paired claim)",1.02×,+0.50 ms,1,PASS,PASS,fresh,fresh-campaign-receipt,c55daf13… @ 1ff1f2ddd,c55daf13e372331a5ab6dbd465ece351a55923831c45864325ac46b1508fa295,benchmark-results/host-store/issue120/performance/payload_create_read/payload-create-1m-compact-v2/perf.jsonl,benchmark-results/host-store/issue120/verification/payload_create_read/payload-create-1m-compact-v2/verification.json,timer=pure_call_sum_ns; completion=COMPLETE; command_wall_ns=453854208; cleanup=PASS; target_status=PASS
payload_create_read,payload-create-10m-compact-v2,performance,pure_call_sum_ns,82.57 ms,82570000,82566460,91.56 ms,91560000,"undeclared (historical context, never a paired claim)",0.90×,-8.99 ms,1,PASS,PASS,fresh,fresh-campaign-receipt,c55daf13… @ 1ff1f2ddd,c55daf13e372331a5ab6dbd465ece351a55923831c45864325ac46b1508fa295,benchmark-results/host-store/issue120/performance/payload_create_read/payload-create-10m-compact-v2/perf.jsonl,benchmark-results/host-store/issue120/verification/payload_create_read/payload-create-10m-compact-v2/verification.json,timer=pure_call_sum_ns; completion=COMPLETE; command_wall_ns=428324084; cleanup=PASS; target_status=PASS
payload_create_read,payload-create-100m,performance,pure_call_sum_ns,575.91 ms,575910000,575907250,682.77 ms,682770000,"undeclared (historical context, never a paired claim)",0.84×,-106.86 ms,1,PASS,PASS,fresh,fresh-campaign-receipt,c55daf13… @ 1ff1f2ddd,c55daf13e372331a5ab6dbd465ece351a55923831c45864325ac46b1508fa295,benchmark-results/host-store/issue120/performance/payload_create_read/payload-create-100m/perf.jsonl,benchmark-results/host-store/issue120/verification/payload_create_read/payload-create-100m/verification.json,timer=pure_call_sum_ns; completion=COMPLETE; command_wall_ns=1027321375; cleanup=PASS; target_status=PASS
payload_create_read,payload-create-500m,performance,pure_call_sum_ns,2.419 s,2419000000,2418817334,3.068 s,3068000000,"undeclared (historical context, never a paired claim)",0.79×,-649.43 ms,1,PASS,PASS,fresh,fresh-campaign-receipt,c55daf13… @ 1ff1f2ddd,c55daf13e372331a5ab6dbd465ece351a55923831c45864325ac46b1508fa295,benchmark-results/host-store/issue120/performance/payload_create_read/payload-create-500m/perf.jsonl,benchmark-results/host-store/issue120/verification/payload_create_read/payload-create-500m/verification.json,timer=pure_call_sum_ns; completion=COMPLETE; command_wall_ns=3072498792; cleanup=PASS; target_status=PASS
payload_create_read,payload-random-read-1-compact-v2,performance,pure_call_sum_ns,20.46 ms,20460000,20460416,14.58 ms,14580000,"undeclared (historical context, never a paired claim)",1.40×,+5.88 ms,1,WARN,PASS,fresh,fresh-campaign-receipt,c55daf13… @ 1ff1f2ddd,c55daf13e372331a5ab6dbd465ece351a55923831c45864325ac46b1508fa295,benchmark-results/host-store/issue120/performance/payload_create_read/payload-random-read-1-compact-v2/perf.jsonl,benchmark-results/host-store/issue120/verification/payload_create_read/payload-random-read-1-compact-v2/verification.json,timer=pure_call_sum_ns; completion=COMPLETE; command_wall_ns=530621458; cleanup=PASS; target_status=PASS
payload_create_read,payload-random-read-10-compact-v2,performance,pure_call_sum_ns,25.17 ms,25170000,,17.42 ms,17420000,"undeclared (historical context, never a paired claim)",1.45×,+7.75 ms,1,REUSED-FROM fsync-qualified remaining-shared,reused,reused,reused-issue118-receipt,"fsync-qualified 440ae2c4… (commit f8fa59fab, pre-#107/#116)",440ae2c4ce03741676a2845becb9b1661dde341079cc62faad0998847d33a4e5,benchmark-results/host-store/issue118/20260912/remaining-shared/payload-random-read-10-compact-v2/perf.jsonl,benchmark-results/host-store/issue118/20260912/remaining-shared/payload-random-read-10-compact-v2-proof/verification.json,
payload_create_read,payload-random-read-100,performance,pure_call_sum_ns,69.68 ms,69680000,69682584,56.40 ms,56400000,"undeclared (historical context, never a paired claim)",1.24×,+13.29 ms,1,WARN,PASS,fresh,fresh-campaign-receipt,c55daf13… @ 1ff1f2ddd,c55daf13e372331a5ab6dbd465ece351a55923831c45864325ac46b1508fa295,benchmark-results/host-store/issue120/performance/payload_create_read/payload-random-read-100/perf.jsonl,benchmark-results/host-store/issue120/verification/payload_create_read/payload-random-read-100/verification.json,timer=pure_call_sum_ns; completion=COMPLETE; command_wall_ns=582000416; cleanup=PASS; target_status=PASS
payload_create_read,payload-random-read-500,performance,pure_call_sum_ns,232.30 ms,232300000,232300625,219.69 ms,219690000,"undeclared (historical context, never a paired claim)",1.06×,+12.61 ms,1,WARN,PASS,fresh,fresh-campaign-receipt,c55daf13… @ 1ff1f2ddd,c55daf13e372331a5ab6dbd465ece351a55923831c45864325ac46b1508fa295,benchmark-results/host-store/issue120/performance/payload_create_read/payload-random-read-500/perf.jsonl,benchmark-results/host-store/issue120/verification/payload_create_read/payload-random-read-500/verification.json,timer=pure_call_sum_ns; completion=COMPLETE; command_wall_ns=678226083; cleanup=PASS; target_status=PASS
dedup_workspace_reuse,dedup-workspace-exact-1-compact-v2,performance,pure_call_sum_ns,34.79 ms,34790000,34786750,31.56 ms,31560000,"undeclared (historical context, never a paired claim)",1.10×,+3.22 ms,1,WARN,PASS,fresh,fresh-campaign-receipt,c55daf13… @ 1ff1f2ddd,c55daf13e372331a5ab6dbd465ece351a55923831c45864325ac46b1508fa295,benchmark-results/host-store/issue120/performance/dedup_workspace_reuse/dedup-workspace-exact-1-compact-v2/perf.jsonl,benchmark-results/host-store/issue120/verification/dedup_workspace_reuse/dedup-workspace-exact-1-compact-v2/verification.json,timer=pure_call_sum_ns; completion=COMPLETE; command_wall_ns=505129125; cleanup=PASS; target_status=PASS
dedup_workspace_reuse,dedup-workspace-exact-10-compact-v2,performance,pure_call_sum_ns,81.92 ms,81920000,,109.32 ms,109320000,"undeclared (historical context, never a paired claim)",0.75×,-27.40 ms,1,REUSED-FROM fsync-qualified remaining-shared,reused,reused,reused-issue118-receipt,"fsync-qualified 440ae2c4… (commit f8fa59fab, pre-#107/#116)",440ae2c4ce03741676a2845becb9b1661dde341079cc62faad0998847d33a4e5,benchmark-results/host-store/issue118/20260912/remaining-shared/dedup-workspace-exact-10-compact-v2/perf.jsonl,benchmark-results/host-store/issue118/20260912/remaining-shared/dedup-workspace-exact-10-compact-v2-proof/verification.json,
dedup_workspace_reuse,dedup-workspace-exact-100,performance,pure_call_sum_ns,524.62 ms,524620000,524621708,840.53 ms,840530000,"undeclared (historical context, never a paired claim)",0.62×,-315.91 ms,1,PASS,PASS,fresh,fresh-campaign-receipt,c55daf13… @ 1ff1f2ddd,c55daf13e372331a5ab6dbd465ece351a55923831c45864325ac46b1508fa295,benchmark-results/host-store/issue120/performance/dedup_workspace_reuse/dedup-workspace-exact-100/perf.jsonl,benchmark-results/host-store/issue120/verification/dedup_workspace_reuse/dedup-workspace-exact-100/verification.json,timer=pure_call_sum_ns; completion=COMPLETE; command_wall_ns=997601584; cleanup=PASS; target_status=PASS
dedup_workspace_reuse,dedup-workspace-exact-500,performance,pure_call_sum_ns,3.900 s,3900000000,3900398708,4.297 s,4297000000,"undeclared (historical context, never a paired claim)",0.91×,-396.20 ms,1,PASS,PASS,fresh,fresh-campaign-receipt,c55daf13… @ 1ff1f2ddd,c55daf13e372331a5ab6dbd465ece351a55923831c45864325ac46b1508fa295,benchmark-results/host-store/issue120/performance/dedup_workspace_reuse/dedup-workspace-exact-500/perf.jsonl,benchmark-results/host-store/issue120/verification/dedup_workspace_reuse/dedup-workspace-exact-500/verification.json,timer=pure_call_sum_ns; completion=COMPLETE; command_wall_ns=4305443292; cleanup=PASS; target_status=PASS
dedup_workspace_reuse,dedup-workspace-local-1-compact-v2,performance,pure_call_sum_ns,30.20 ms,30200000,30198292,30.61 ms,30610000,"undeclared (historical context, never a paired claim)",0.99×,-0.41 ms,1,PASS,PASS,fresh,fresh-campaign-receipt,c55daf13… @ 1ff1f2ddd,c55daf13e372331a5ab6dbd465ece351a55923831c45864325ac46b1508fa295,benchmark-results/host-store/issue120/performance/dedup_workspace_reuse/dedup-workspace-local-1-compact-v2/perf.jsonl,benchmark-results/host-store/issue120/verification/dedup_workspace_reuse/dedup-workspace-local-1-compact-v2/verification.json,timer=pure_call_sum_ns; completion=COMPLETE; command_wall_ns=468485708; cleanup=PASS; target_status=PASS
dedup_workspace_reuse,dedup-workspace-local-10-compact-v2,performance,pure_call_sum_ns,78.99 ms,78990000,78993375,103.15 ms,103150000,"undeclared (historical context, never a paired claim)",0.77×,-24.16 ms,1,PASS,PASS,fresh,fresh-campaign-receipt,c55daf13… @ 1ff1f2ddd,c55daf13e372331a5ab6dbd465ece351a55923831c45864325ac46b1508fa295,benchmark-results/host-store/issue120/performance/dedup_workspace_reuse/dedup-workspace-local-10-compact-v2/perf.jsonl,benchmark-results/host-store/issue120/verification/dedup_workspace_reuse/dedup-workspace-local-10-compact-v2/verification.json,timer=pure_call_sum_ns; completion=COMPLETE; command_wall_ns=489970000; cleanup=PASS; target_status=PASS
dedup_workspace_reuse,dedup-workspace-local-100,performance,pure_call_sum_ns,532.42 ms,532420000,532419166,808.39 ms,808390000,"undeclared (historical context, never a paired claim)",0.66×,-275.97 ms,1,PASS,PASS,fresh,fresh-campaign-receipt,c55daf13… @ 1ff1f2ddd,c55daf13e372331a5ab6dbd465ece351a55923831c45864325ac46b1508fa295,benchmark-results/host-store/issue120/performance/dedup_workspace_reuse/dedup-workspace-local-100/perf.jsonl,benchmark-results/host-store/issue120/verification/dedup_workspace_reuse/dedup-workspace-local-100/verification.json,timer=pure_call_sum_ns; completion=COMPLETE; command_wall_ns=999850083; cleanup=PASS; target_status=PASS
dedup_workspace_reuse,dedup-workspace-local-500,performance,pure_call_sum_ns,4.509 s,4509000000,4508835791,4.307 s,4307000000,"undeclared (historical context, never a paired claim)",1.05×,+201.48 ms,1,WARN,PASS,fresh,fresh-campaign-receipt,c55daf13… @ 1ff1f2ddd,c55daf13e372331a5ab6dbd465ece351a55923831c45864325ac46b1508fa295,benchmark-results/host-store/issue120/performance/dedup_workspace_reuse/dedup-workspace-local-500/perf.jsonl,benchmark-results/host-store/issue120/verification/dedup_workspace_reuse/dedup-workspace-local-500/verification.json,timer=pure_call_sum_ns; completion=COMPLETE; command_wall_ns=5027280584; cleanup=PASS; target_status=PASS
dedup_workspace_reuse,dedup-workspace-unique-1-compact-v2,performance,pure_call_sum_ns,37.94 ms,37940000,37941460,27.48 ms,27480000,"undeclared (historical context, never a paired claim)",1.38×,+10.47 ms,1,WARN,PASS,fresh,fresh-campaign-receipt,c55daf13… @ 1ff1f2ddd,c55daf13e372331a5ab6dbd465ece351a55923831c45864325ac46b1508fa295,benchmark-results/host-store/issue120/performance/dedup_workspace_reuse/dedup-workspace-unique-1-compact-v2/perf.jsonl,benchmark-results/host-store/issue120/verification/dedup_workspace_reuse/dedup-workspace-unique-1-compact-v2/verification.json,timer=pure_call_sum_ns; completion=COMPLETE; command_wall_ns=499459125; cleanup=PASS; target_status=PASS
dedup_workspace_reuse,dedup-workspace-unique-10-compact-v2,performance,pure_call_sum_ns,96.02 ms,96020000,96016584,95.67 ms,95670000,"undeclared (historical context, never a paired claim)",1.00×,+0.35 ms,1,PASS,PASS,fresh,fresh-campaign-receipt,c55daf13… @ 1ff1f2ddd,c55daf13e372331a5ab6dbd465ece351a55923831c45864325ac46b1508fa295,benchmark-results/host-store/issue120/performance/dedup_workspace_reuse/dedup-workspace-unique-10-compact-v2/perf.jsonl,benchmark-results/host-store/issue120/verification/dedup_workspace_reuse/dedup-workspace-unique-10-compact-v2/verification.json,timer=pure_call_sum_ns; completion=COMPLETE; command_wall_ns=547617209; cleanup=PASS; target_status=PASS
dedup_workspace_reuse,dedup-workspace-unique-100,performance,pure_call_sum_ns,634.99 ms,634990000,634992084,768.00 ms,768000000,"undeclared (historical context, never a paired claim)",0.83×,-133.01 ms,1,PASS,PASS,fresh,fresh-campaign-receipt,c55daf13… @ 1ff1f2ddd,c55daf13e372331a5ab6dbd465ece351a55923831c45864325ac46b1508fa295,benchmark-results/host-store/issue120/performance/dedup_workspace_reuse/dedup-workspace-unique-100/perf.jsonl,benchmark-results/host-store/issue120/verification/dedup_workspace_reuse/dedup-workspace-unique-100/verification.json,timer=pure_call_sum_ns; completion=COMPLETE; command_wall_ns=1114962458; cleanup=PASS; target_status=PASS
dedup_workspace_reuse,dedup-workspace-unique-500,performance,pure_call_sum_ns,4.708 s,4708000000,4708362918,4.320 s,4320000000,"undeclared (historical context, never a paired claim)",1.09×,+388.43 ms,1,WARN,PASS,fresh,fresh-campaign-receipt,c55daf13… @ 1ff1f2ddd,c55daf13e372331a5ab6dbd465ece351a55923831c45864325ac46b1508fa295,benchmark-results/host-store/issue120/performance/dedup_workspace_reuse/dedup-workspace-unique-500/perf.jsonl,benchmark-results/host-store/issue120/verification/dedup_workspace_reuse/dedup-workspace-unique-500/verification.json,timer=pure_call_sum_ns; completion=COMPLETE; command_wall_ns=5444635625; cleanup=PASS; target_status=PASS
dedup_workspace_reuse,dedup-workspace-unique-1-base128-v3,performance,pure_call_sum_ns,39.06 ms,39060000,39057957,33.38 ms,33380000,"undeclared (historical context, never a paired claim)",1.17×,+5.68 ms,1,WARN,PASS,fresh,fresh-campaign-receipt,c55daf13… @ 1ff1f2ddd,c55daf13e372331a5ab6dbd465ece351a55923831c45864325ac46b1508fa295,benchmark-results/host-store/issue120/performance/dedup_workspace_reuse/dedup-workspace-unique-1-base128-v3/perf.jsonl,benchmark-results/host-store/issue120/verification/dedup_workspace_reuse/dedup-workspace-unique-1-base128-v3/verification.json,timer=pure_call_sum_ns; completion=COMPLETE; command_wall_ns=521243125; cleanup=PASS; target_status=PASS
dedup_workspace_reuse,dedup-workspace-unique-10-base128-v3,performance,pure_call_sum_ns,93.55 ms,93550000,93548584,103.01 ms,103010000,"undeclared (historical context, never a paired claim)",0.91×,-9.46 ms,1,PASS,PASS,fresh,fresh-campaign-receipt,c55daf13… @ 1ff1f2ddd,c55daf13e372331a5ab6dbd465ece351a55923831c45864325ac46b1508fa295,benchmark-results/host-store/issue120/performance/dedup_workspace_reuse/dedup-workspace-unique-10-base128-v3/perf.jsonl,benchmark-results/host-store/issue120/verification/dedup_workspace_reuse/dedup-workspace-unique-10-base128-v3/verification.json,timer=pure_call_sum_ns; completion=COMPLETE; command_wall_ns=571113541; cleanup=PASS; target_status=PASS
dedup_cross_file,dedup-cross-file-anchor-1,performance,pure_call_sum_ns,7.61 ms,7610000,7610333,3.81 ms,3810000,"undeclared (historical context, never a paired claim)",2.00×,+3.80 ms,1,WARN,PASS,fresh,fresh-campaign-receipt,c55daf13… @ 1ff1f2ddd,c55daf13e372331a5ab6dbd465ece351a55923831c45864325ac46b1508fa295,benchmark-results/host-store/issue120/performance/dedup_cross_file/dedup-cross-file-anchor-1/perf.jsonl,benchmark-results/host-store/issue120/verification/dedup_cross_file/dedup-cross-file-anchor-1/verification.json,timer=pure_call_sum_ns; completion=COMPLETE; command_wall_ns=483040416; cleanup=PASS; target_status=PASS
dedup_cross_file,dedup-cross-file-unique-10,performance,pure_call_sum_ns,34.39 ms,34390000,34387792,22.39 ms,22390000,"undeclared (historical context, never a paired claim)",1.54×,+12.00 ms,1,WARN,PASS,fresh,fresh-campaign-receipt,c55daf13… @ 1ff1f2ddd,c55daf13e372331a5ab6dbd465ece351a55923831c45864325ac46b1508fa295,benchmark-results/host-store/issue120/performance/dedup_cross_file/dedup-cross-file-unique-10/perf.jsonl,benchmark-results/host-store/issue120/verification/dedup_cross_file/dedup-cross-file-unique-10/verification.json,timer=pure_call_sum_ns; completion=COMPLETE; command_wall_ns=468044625; cleanup=PASS; target_status=PASS
dedup_cross_file,dedup-cross-file-unique-100,performance,pure_call_sum_ns,312.51 ms,312510000,312513750,93.27 ms,93270000,"undeclared (historical context, never a paired claim)",3.35×,+219.25 ms,1,WARN,PASS,fresh,fresh-campaign-receipt,c55daf13… @ 1ff1f2ddd,c55daf13e372331a5ab6dbd465ece351a55923831c45864325ac46b1508fa295,benchmark-results/host-store/issue120/performance/dedup_cross_file/dedup-cross-file-unique-100/perf.jsonl,benchmark-results/host-store/issue120/verification/dedup_cross_file/dedup-cross-file-unique-100/verification.json,timer=pure_call_sum_ns; completion=COMPLETE; command_wall_ns=728119542; cleanup=PASS; target_status=PASS
dedup_cross_file,dedup-cross-file-unique-500,performance,pure_call_sum_ns,1.291 s,1291000000,,444.95 ms,444950000,"undeclared (historical context, never a paired claim)",2.90×,+845.98 ms,1,REUSED-FROM fsync-qualified remaining-shared,reused,reused,reused-issue118-receipt,"fsync-qualified 440ae2c4… (commit f8fa59fab, pre-#107/#116)",440ae2c4ce03741676a2845becb9b1661dde341079cc62faad0998847d33a4e5,benchmark-results/host-store/issue118/20260912/remaining-shared/dedup-cross-file-unique-500/perf.jsonl,benchmark-results/host-store/issue118/20260912/remaining-shared/dedup-cross-file-unique-500-proof/verification.json,
dedup_cross_file,dedup-cross-file-identical-10,performance,pure_call_sum_ns,19.17 ms,19170000,,18.40 ms,18400000,"undeclared (historical context, never a paired claim)",1.04×,+0.77 ms,1,REUSED-FROM fsync-qualified remaining-shared,reused,reused,reused-issue118-receipt,"fsync-qualified 440ae2c4… (commit f8fa59fab, pre-#107/#116)",440ae2c4ce03741676a2845becb9b1661dde341079cc62faad0998847d33a4e5,benchmark-results/host-store/issue118/20260912/remaining-shared/dedup-cross-file-identical-10/perf.jsonl,benchmark-results/host-store/issue118/20260912/remaining-shared/dedup-cross-file-identical-10-proof/verification.json,
dedup_cross_file,dedup-cross-file-identical-100,performance,pure_call_sum_ns,54.37 ms,54370000,54374875,28.96 ms,28960000,"undeclared (historical context, never a paired claim)",1.88×,+25.42 ms,1,WARN,PASS,fresh,fresh-campaign-receipt,c55daf13… @ 1ff1f2ddd,c55daf13e372331a5ab6dbd465ece351a55923831c45864325ac46b1508fa295,benchmark-results/host-store/issue120/performance/dedup_cross_file/dedup-cross-file-identical-100/perf.jsonl,benchmark-results/host-store/issue120/verification/dedup_cross_file/dedup-cross-file-identical-100/verification.json,timer=pure_call_sum_ns; completion=COMPLETE; command_wall_ns=561976500; cleanup=PASS; target_status=PASS
dedup_cross_file,dedup-cross-file-identical-500,performance,pure_call_sum_ns,209.91 ms,209910000,209913625,110.63 ms,110630000,"undeclared (historical context, never a paired claim)",1.90×,+99.28 ms,1,WARN,PASS,fresh,fresh-campaign-receipt,c55daf13… @ 1ff1f2ddd,c55daf13e372331a5ab6dbd465ece351a55923831c45864325ac46b1508fa295,benchmark-results/host-store/issue120/performance/dedup_cross_file/dedup-cross-file-identical-500/perf.jsonl,benchmark-results/host-store/issue120/verification/dedup_cross_file/dedup-cross-file-identical-500/verification.json,timer=pure_call_sum_ns; completion=COMPLETE; command_wall_ns=680543500; cleanup=PASS; target_status=PASS
dedup_cross_file,dedup-cross-file-mixed-10,performance,pure_call_sum_ns,35.11 ms,35110000,35110542,24.05 ms,24050000,"undeclared (historical context, never a paired claim)",1.46×,+11.06 ms,1,WARN,PASS,fresh,fresh-campaign-receipt,c55daf13… @ 1ff1f2ddd,c55daf13e372331a5ab6dbd465ece351a55923831c45864325ac46b1508fa295,benchmark-results/host-store/issue120/performance/dedup_cross_file/dedup-cross-file-mixed-10/perf.jsonl,benchmark-results/host-store/issue120/verification/dedup_cross_file/dedup-cross-file-mixed-10/verification.json,timer=pure_call_sum_ns; completion=COMPLETE; command_wall_ns=498742583; cleanup=PASS; target_status=PASS
dedup_cross_file,dedup-cross-file-mixed-100,performance,pure_call_sum_ns,276.18 ms,276180000,276178208,113.94 ms,113940000,"undeclared (historical context, never a paired claim)",2.42×,+162.23 ms,1,WARN,PASS,fresh,fresh-campaign-receipt,c55daf13… @ 1ff1f2ddd,c55daf13e372331a5ab6dbd465ece351a55923831c45864325ac46b1508fa295,benchmark-results/host-store/issue120/performance/dedup_cross_file/dedup-cross-file-mixed-100/perf.jsonl,benchmark-results/host-store/issue120/verification/dedup_cross_file/dedup-cross-file-mixed-100/verification.json,timer=pure_call_sum_ns; completion=COMPLETE; command_wall_ns=721620541; cleanup=PASS; target_status=PASS
dedup_cross_file,dedup-cross-file-mixed-500,performance,pure_call_sum_ns,1.233 s,1233000000,1232842667,541.99 ms,541990000,"undeclared (historical context, never a paired claim)",2.27×,+690.85 ms,1,WARN,PASS,fresh,fresh-campaign-receipt,c55daf13… @ 1ff1f2ddd,c55daf13e372331a5ab6dbd465ece351a55923831c45864325ac46b1508fa295,benchmark-results/host-store/issue120/performance/dedup_cross_file/dedup-cross-file-mixed-500/perf.jsonl,benchmark-results/host-store/issue120/verification/dedup_cross_file/dedup-cross-file-mixed-500/verification.json,timer=pure_call_sum_ns; completion=COMPLETE; command_wall_ns=1790967667; cleanup=PASS; target_status=PASS
dedup_cdc_locality,dedup-cdc-overwrite-1,performance,pure_call_sum_ns,8.15 ms,8150000,8151917,4.00 ms,4000000,"undeclared (historical context, never a paired claim)",2.04×,+4.15 ms,1,WARN,PASS,fresh,fresh-campaign-receipt,c55daf13… @ 1ff1f2ddd,c55daf13e372331a5ab6dbd465ece351a55923831c45864325ac46b1508fa295,benchmark-results/host-store/issue120/performance/dedup_cdc_locality/dedup-cdc-overwrite-1/perf.jsonl,benchmark-results/host-store/issue120/verification/dedup_cdc_locality/dedup-cdc-overwrite-1/verification.json,timer=pure_call_sum_ns; completion=COMPLETE; command_wall_ns=513632208; cleanup=PASS; target_status=PASS
dedup_cdc_locality,dedup-cdc-overwrite-10,performance,pure_call_sum_ns,18.28 ms,18280000,,20.45 ms,20450000,"undeclared (historical context, never a paired claim)",0.89×,-2.17 ms,1,REUSED-FROM fsync-qualified remaining-shared,reused,reused,reused-issue118-receipt,"fsync-qualified 440ae2c4… (commit f8fa59fab, pre-#107/#116)",440ae2c4ce03741676a2845becb9b1661dde341079cc62faad0998847d33a4e5,benchmark-results/host-store/issue118/20260912/remaining-shared/dedup-cdc-overwrite-10/perf.jsonl,benchmark-results/host-store/issue118/20260912/remaining-shared/dedup-cdc-overwrite-10-proof/verification.json,
dedup_cdc_locality,dedup-cdc-overwrite-100,performance,pure_call_sum_ns,61.05 ms,61050000,61052666,30.95 ms,30950000,"undeclared (historical context, never a paired claim)",1.97×,+30.10 ms,1,WARN,PASS,fresh,fresh-campaign-receipt,c55daf13… @ 1ff1f2ddd,c55daf13e372331a5ab6dbd465ece351a55923831c45864325ac46b1508fa295,benchmark-results/host-store/issue120/performance/dedup_cdc_locality/dedup-cdc-overwrite-100/perf.jsonl,benchmark-results/host-store/issue120/verification/dedup_cdc_locality/dedup-cdc-overwrite-100/verification.json,timer=pure_call_sum_ns; completion=COMPLETE; command_wall_ns=515123416; cleanup=PASS; target_status=PASS
dedup_cdc_locality,dedup-cdc-overwrite-500,performance,pure_call_sum_ns,243.22 ms,243220000,243215333,122.04 ms,122040000,"undeclared (historical context, never a paired claim)",1.99×,+121.18 ms,1,WARN,PASS,fresh,fresh-campaign-receipt,c55daf13… @ 1ff1f2ddd,c55daf13e372331a5ab6dbd465ece351a55923831c45864325ac46b1508fa295,benchmark-results/host-store/issue120/performance/dedup_cdc_locality/dedup-cdc-overwrite-500/perf.jsonl,benchmark-results/host-store/issue120/verification/dedup_cdc_locality/dedup-cdc-overwrite-500/verification.json,timer=pure_call_sum_ns; completion=COMPLETE; command_wall_ns=677160584; cleanup=PASS; target_status=PASS
dedup_cdc_locality,dedup-cdc-insert-1,performance,pure_call_sum_ns,7.59 ms,7590000,7589875,3.90 ms,3900000,"undeclared (historical context, never a paired claim)",1.95×,+3.69 ms,1,WARN,PASS,fresh,fresh-campaign-receipt,c55daf13… @ 1ff1f2ddd,c55daf13e372331a5ab6dbd465ece351a55923831c45864325ac46b1508fa295,benchmark-results/host-store/issue120/performance/dedup_cdc_locality/dedup-cdc-insert-1/perf.jsonl,benchmark-results/host-store/issue120/verification/dedup_cdc_locality/dedup-cdc-insert-1/verification.json,timer=pure_call_sum_ns; completion=COMPLETE; command_wall_ns=508207917; cleanup=PASS; target_status=PASS
dedup_cdc_locality,dedup-cdc-insert-10,performance,pure_call_sum_ns,18.76 ms,18760000,18760125,18.06 ms,18060000,"undeclared (historical context, never a paired claim)",1.04×,+0.70 ms,1,PASS,PASS,fresh,fresh-campaign-receipt,c55daf13… @ 1ff1f2ddd,c55daf13e372331a5ab6dbd465ece351a55923831c45864325ac46b1508fa295,benchmark-results/host-store/issue120/performance/dedup_cdc_locality/dedup-cdc-insert-10/perf.jsonl,benchmark-results/host-store/issue120/verification/dedup_cdc_locality/dedup-cdc-insert-10/verification.json,timer=pure_call_sum_ns; completion=COMPLETE; command_wall_ns=480029417; cleanup=PASS; target_status=PASS
dedup_cdc_locality,dedup-cdc-insert-100,performance,pure_call_sum_ns,64.35 ms,64350000,64352958,34.18 ms,34180000,"undeclared (historical context, never a paired claim)",1.88×,+30.17 ms,1,WARN,PASS,fresh,fresh-campaign-receipt,c55daf13… @ 1ff1f2ddd,c55daf13e372331a5ab6dbd465ece351a55923831c45864325ac46b1508fa295,benchmark-results/host-store/issue120/performance/dedup_cdc_locality/dedup-cdc-insert-100/perf.jsonl,benchmark-results/host-store/issue120/verification/dedup_cdc_locality/dedup-cdc-insert-100/verification.json,timer=pure_call_sum_ns; completion=COMPLETE; command_wall_ns=543651833; cleanup=PASS; target_status=PASS
dedup_cdc_locality,dedup-cdc-insert-500,performance,pure_call_sum_ns,257.57 ms,257570000,257567833,136.78 ms,136780000,"undeclared (historical context, never a paired claim)",1.88×,+120.79 ms,1,WARN,PASS,fresh,fresh-campaign-receipt,c55daf13… @ 1ff1f2ddd,c55daf13e372331a5ab6dbd465ece351a55923831c45864325ac46b1508fa295,benchmark-results/host-store/issue120/performance/dedup_cdc_locality/dedup-cdc-insert-500/perf.jsonl,benchmark-results/host-store/issue120/verification/dedup_cdc_locality/dedup-cdc-insert-500/verification.json,timer=pure_call_sum_ns; completion=COMPLETE; command_wall_ns=728502125; cleanup=PASS; target_status=PASS
dedup_cdc_locality,dedup-cdc-delete-1,performance,pure_call_sum_ns,8.25 ms,8250000,8248458,4.41 ms,4410000,"undeclared (historical context, never a paired claim)",1.87×,+3.84 ms,1,WARN,PASS,fresh,fresh-campaign-receipt,c55daf13… @ 1ff1f2ddd,c55daf13e372331a5ab6dbd465ece351a55923831c45864325ac46b1508fa295,benchmark-results/host-store/issue120/performance/dedup_cdc_locality/dedup-cdc-delete-1/perf.jsonl,benchmark-results/host-store/issue120/verification/dedup_cdc_locality/dedup-cdc-delete-1/verification.json,timer=pure_call_sum_ns; completion=COMPLETE; command_wall_ns=369136834; cleanup=PASS; target_status=PASS
dedup_cdc_locality,dedup-cdc-delete-10,performance,pure_call_sum_ns,18.97 ms,18970000,18967916,18.22 ms,18220000,"undeclared (historical context, never a paired claim)",1.04×,+0.74 ms,1,PASS,PASS,fresh,fresh-campaign-receipt,c55daf13… @ 1ff1f2ddd,c55daf13e372331a5ab6dbd465ece351a55923831c45864325ac46b1508fa295,benchmark-results/host-store/issue120/performance/dedup_cdc_locality/dedup-cdc-delete-10/perf.jsonl,benchmark-results/host-store/issue120/verification/dedup_cdc_locality/dedup-cdc-delete-10/verification.json,timer=pure_call_sum_ns; completion=COMPLETE; command_wall_ns=410350708; cleanup=PASS; target_status=PASS
dedup_cdc_locality,dedup-cdc-delete-100,performance,pure_call_sum_ns,57.37 ms,57370000,57369500,33.17 ms,33170000,"undeclared (historical context, never a paired claim)",1.73×,+24.20 ms,1,WARN,PASS,fresh,fresh-campaign-receipt,c55daf13… @ 1ff1f2ddd,c55daf13e372331a5ab6dbd465ece351a55923831c45864325ac46b1508fa295,benchmark-results/host-store/issue120/performance/dedup_cdc_locality/dedup-cdc-delete-100/perf.jsonl,benchmark-results/host-store/issue120/verification/dedup_cdc_locality/dedup-cdc-delete-100/verification.json,timer=pure_call_sum_ns; completion=COMPLETE; command_wall_ns=487162917; cleanup=PASS; target_status=PASS
dedup_cdc_locality,dedup-cdc-delete-500,performance,pure_call_sum_ns,243.00 ms,243000000,243000833,130.86 ms,130860000,"undeclared (historical context, never a paired claim)",1.86×,+112.14 ms,1,WARN,PASS,fresh,fresh-campaign-receipt,c55daf13… @ 1ff1f2ddd,c55daf13e372331a5ab6dbd465ece351a55923831c45864325ac46b1508fa295,benchmark-results/host-store/issue120/performance/dedup_cdc_locality/dedup-cdc-delete-500/perf.jsonl,benchmark-results/host-store/issue120/verification/dedup_cdc_locality/dedup-cdc-delete-500/verification.json,timer=pure_call_sum_ns; completion=COMPLETE; command_wall_ns=641598792; cleanup=PASS; target_status=PASS
dedup_cdc_locality,dedup-cdc-common-body-1,performance,pure_call_sum_ns,8.86 ms,8860000,8859833,4.13 ms,4130000,"undeclared (historical context, never a paired claim)",2.15×,+4.73 ms,1,WARN,PASS,fresh,fresh-campaign-receipt,c55daf13… @ 1ff1f2ddd,c55daf13e372331a5ab6dbd465ece351a55923831c45864325ac46b1508fa295,benchmark-results/host-store/issue120/performance/dedup_cdc_locality/dedup-cdc-common-body-1/perf.jsonl,benchmark-results/host-store/issue120/verification/dedup_cdc_locality/dedup-cdc-common-body-1/verification.json,timer=pure_call_sum_ns; completion=COMPLETE; command_wall_ns=500743041; cleanup=PASS; target_status=PASS
dedup_cdc_locality,dedup-cdc-common-body-10,performance,pure_call_sum_ns,24.89 ms,24890000,24892917,20.40 ms,20400000,"undeclared (historical context, never a paired claim)",1.22×,+4.50 ms,1,WARN,PASS,fresh,fresh-campaign-receipt,c55daf13… @ 1ff1f2ddd,c55daf13e372331a5ab6dbd465ece351a55923831c45864325ac46b1508fa295,benchmark-results/host-store/issue120/performance/dedup_cdc_locality/dedup-cdc-common-body-10/perf.jsonl,benchmark-results/host-store/issue120/verification/dedup_cdc_locality/dedup-cdc-common-body-10/verification.json,timer=pure_call_sum_ns; completion=COMPLETE; command_wall_ns=528667125; cleanup=PASS; target_status=PASS
dedup_cdc_locality,dedup-cdc-common-body-100,performance,pure_call_sum_ns,131.23 ms,131230000,131232084,58.21 ms,58210000,"undeclared (historical context, never a paired claim)",2.25×,+73.02 ms,1,WARN,PASS,fresh,fresh-campaign-receipt,c55daf13… @ 1ff1f2ddd,c55daf13e372331a5ab6dbd465ece351a55923831c45864325ac46b1508fa295,benchmark-results/host-store/issue120/performance/dedup_cdc_locality/dedup-cdc-common-body-100/perf.jsonl,benchmark-results/host-store/issue120/verification/dedup_cdc_locality/dedup-cdc-common-body-100/verification.json,timer=pure_call_sum_ns; completion=COMPLETE; command_wall_ns=583964208; cleanup=PASS; target_status=PASS
dedup_cdc_locality,dedup-cdc-common-body-500,performance,pure_call_sum_ns,552.10 ms,552100000,552100083,244.35 ms,244350000,"undeclared (historical context, never a paired claim)",2.26×,+307.75 ms,1,WARN,PASS,fresh,fresh-campaign-receipt,c55daf13… @ 1ff1f2ddd,c55daf13e372331a5ab6dbd465ece351a55923831c45864325ac46b1508fa295,benchmark-results/host-store/issue120/performance/dedup_cdc_locality/dedup-cdc-common-body-500/perf.jsonl,benchmark-results/host-store/issue120/verification/dedup_cdc_locality/dedup-cdc-common-body-500/verification.json,timer=pure_call_sum_ns; completion=COMPLETE; command_wall_ns=1051775667; cleanup=PASS; target_status=PASS
dedup_cdc_locality,dedup-cdc-scattered-1,performance,pure_call_sum_ns,11.48 ms,11480000,11476500,4.65 ms,4650000,"undeclared (historical context, never a paired claim)",2.47×,+6.83 ms,1,WARN,PASS,fresh,fresh-campaign-receipt,c55daf13… @ 1ff1f2ddd,c55daf13e372331a5ab6dbd465ece351a55923831c45864325ac46b1508fa295,benchmark-results/host-store/issue120/performance/dedup_cdc_locality/dedup-cdc-scattered-1/perf.jsonl,benchmark-results/host-store/issue120/verification/dedup_cdc_locality/dedup-cdc-scattered-1/verification.json,timer=pure_call_sum_ns; completion=COMPLETE; command_wall_ns=514662667; cleanup=PASS; target_status=PASS
dedup_cdc_locality,dedup-cdc-scattered-10,performance,pure_call_sum_ns,40.93 ms,40930000,40925375,23.47 ms,23470000,"undeclared (historical context, never a paired claim)",1.74×,+17.46 ms,1,WARN,PASS,fresh,fresh-campaign-receipt,c55daf13… @ 1ff1f2ddd,c55daf13e372331a5ab6dbd465ece351a55923831c45864325ac46b1508fa295,benchmark-results/host-store/issue120/performance/dedup_cdc_locality/dedup-cdc-scattered-10/perf.jsonl,benchmark-results/host-store/issue120/verification/dedup_cdc_locality/dedup-cdc-scattered-10/verification.json,timer=pure_call_sum_ns; completion=COMPLETE; command_wall_ns=467903458; cleanup=PASS; target_status=PASS
dedup_cdc_locality,dedup-cdc-scattered-100,performance,pure_call_sum_ns,308.33 ms,308330000,308326834,89.37 ms,89370000,"undeclared (historical context, never a paired claim)",3.45×,+218.96 ms,1,WARN,PASS,fresh,fresh-campaign-receipt,c55daf13… @ 1ff1f2ddd,c55daf13e372331a5ab6dbd465ece351a55923831c45864325ac46b1508fa295,benchmark-results/host-store/issue120/performance/dedup_cdc_locality/dedup-cdc-scattered-100/perf.jsonl,benchmark-results/host-store/issue120/verification/dedup_cdc_locality/dedup-cdc-scattered-100/verification.json,timer=pure_call_sum_ns; completion=COMPLETE; command_wall_ns=760606791; cleanup=PASS; target_status=PASS
dedup_cdc_locality,dedup-cdc-scattered-500,performance,pure_call_sum_ns,1.426 s,1426000000,1426035292,483.01 ms,483010000,"undeclared (historical context, never a paired claim)",2.95×,+943.03 ms,1,WARN,PASS,fresh,fresh-campaign-receipt,c55daf13… @ 1ff1f2ddd,c55daf13e372331a5ab6dbd465ece351a55923831c45864325ac46b1508fa295,benchmark-results/host-store/issue120/performance/dedup_cdc_locality/dedup-cdc-scattered-500/perf.jsonl,benchmark-results/host-store/issue120/verification/dedup_cdc_locality/dedup-cdc-scattered-500/verification.json,timer=pure_call_sum_ns; completion=COMPLETE; command_wall_ns=1868684625; cleanup=PASS; target_status=PASS
edit_length_preserving,overwrite-head-4k-on-1mib-ops-1,performance,edit_commit_ns,10.95 ms,10950000,10947833,5.78 ms,5780000,"undeclared (historical context, never a paired claim)",1.90×,+5.17 ms,1,WARN,PASS,fresh,fresh-campaign-receipt,c55daf13… @ 1ff1f2ddd,c55daf13e372331a5ab6dbd465ece351a55923831c45864325ac46b1508fa295,benchmark-results/host-store/issue120/performance/edit_length_preserving/overwrite-head-4k-on-1mib-ops-1/perf.jsonl,benchmark-results/host-store/issue120/verification/edit_length_preserving/overwrite-head-4k-on-1mib-ops-1/verification.json,timer=edit_commit_ns; completion=COMPLETE; command_wall_ns=482145542; cleanup=PASS; target_status=PASS
edit_length_preserving,overwrite-head-4k-on-10mib-ops-1,performance,edit_commit_ns,11.79 ms,11790000,11791084,6.15 ms,6150000,"undeclared (historical context, never a paired claim)",1.92×,+5.64 ms,1,WARN,PASS,fresh,fresh-campaign-receipt,c55daf13… @ 1ff1f2ddd,c55daf13e372331a5ab6dbd465ece351a55923831c45864325ac46b1508fa295,benchmark-results/host-store/issue120/performance/edit_length_preserving/overwrite-head-4k-on-10mib-ops-1/perf.jsonl,benchmark-results/host-store/issue120/verification/edit_length_preserving/overwrite-head-4k-on-10mib-ops-1/verification.json,timer=edit_commit_ns; completion=COMPLETE; command_wall_ns=533053458; cleanup=PASS; target_status=PASS
edit_length_preserving,overwrite-head-4k-on-100mib-ops-1,performance,edit_commit_ns,7.88 ms,7880000,7881083,6.65 ms,6650000,"undeclared (historical context, never a paired claim)",1.19×,+1.23 ms,1,PASS,PASS,fresh,fresh-campaign-receipt,c55daf13… @ 1ff1f2ddd,c55daf13e372331a5ab6dbd465ece351a55923831c45864325ac46b1508fa295,benchmark-results/host-store/issue120/performance/edit_length_preserving/overwrite-head-4k-on-100mib-ops-1/perf.jsonl,benchmark-results/host-store/issue120/verification/edit_length_preserving/overwrite-head-4k-on-100mib-ops-1/verification.json,timer=edit_commit_ns; completion=COMPLETE; command_wall_ns=449771625; cleanup=PASS; target_status=PASS
edit_length_preserving,overwrite-head-4k-on-500mib-ops-1,performance,edit_commit_ns,8.78 ms,8780000,8782667,8.41 ms,8410000,"undeclared (historical context, never a paired claim)",1.04×,+0.37 ms,1,PASS,PASS,fresh,fresh-campaign-receipt,c55daf13… @ 1ff1f2ddd,c55daf13e372331a5ab6dbd465ece351a55923831c45864325ac46b1508fa295,benchmark-results/host-store/issue120/performance/edit_length_preserving/overwrite-head-4k-on-500mib-ops-1/perf.jsonl,benchmark-results/host-store/issue120/verification/edit_length_preserving/overwrite-head-4k-on-500mib-ops-1/verification.json,timer=edit_commit_ns; completion=COMPLETE; command_wall_ns=403312875; cleanup=PASS; target_status=PASS
edit_length_preserving,overwrite-middle-4k-on-1mib-ops-1,performance,edit_commit_ns,8.54 ms,8540000,,6.14 ms,6140000,"undeclared (historical context, never a paired claim)",1.39×,+2.40 ms,1,REUSED-FROM 6693224e affected-rerun,reused,reused,reused-issue118-receipt,"6693224e… (commit 2dbc75ecb, +#116, pre-#107)",6693224ee0939a7b6e18489259cdd08ab380a1a0f2877d8a4c6caf2334abafc1,benchmark-results/host-store/issue118/20260912/affected-rerun/overwrite-middle-4k-on-1mib-ops-1/perf.jsonl,benchmark-results/host-store/issue118/20260912/affected-rerun/overwrite-proof/verification.json,
edit_length_preserving,overwrite-middle-4k-on-10mib-ops-1,performance,edit_commit_ns,8.17 ms,8170000,8174584,5.92 ms,5920000,"undeclared (historical context, never a paired claim)",1.38×,+2.25 ms,1,PASS,PASS,fresh,fresh-campaign-receipt,c55daf13… @ 1ff1f2ddd,c55daf13e372331a5ab6dbd465ece351a55923831c45864325ac46b1508fa295,benchmark-results/host-store/issue120/performance/edit_length_preserving/overwrite-middle-4k-on-10mib-ops-1/perf.jsonl,benchmark-results/host-store/issue120/verification/edit_length_preserving/overwrite-middle-4k-on-10mib-ops-1/verification.json,timer=edit_commit_ns; completion=COMPLETE; command_wall_ns=467792417; cleanup=PASS; target_status=PASS
edit_length_preserving,overwrite-middle-4k-on-100mib-ops-1,performance,edit_commit_ns,8.83 ms,8830000,8825083,6.19 ms,6190000,"undeclared (historical context, never a paired claim)",1.43×,+2.64 ms,1,PASS,PASS,fresh,fresh-campaign-receipt,c55daf13… @ 1ff1f2ddd,c55daf13e372331a5ab6dbd465ece351a55923831c45864325ac46b1508fa295,benchmark-results/host-store/issue120/performance/edit_length_preserving/overwrite-middle-4k-on-100mib-ops-1/perf.jsonl,benchmark-results/host-store/issue120/verification/edit_length_preserving/overwrite-middle-4k-on-100mib-ops-1/verification.json,timer=edit_commit_ns; completion=COMPLETE; command_wall_ns=388600000; cleanup=PASS; target_status=PASS
edit_length_preserving,overwrite-middle-4k-on-500mib-ops-1,performance,edit_commit_ns,11.18 ms,11180000,11182750,7.17 ms,7170000,"undeclared (historical context, never a paired claim)",1.56×,+4.01 ms,1,WARN,PASS,fresh,fresh-campaign-receipt,c55daf13… @ 1ff1f2ddd,c55daf13e372331a5ab6dbd465ece351a55923831c45864325ac46b1508fa295,benchmark-results/host-store/issue120/performance/edit_length_preserving/overwrite-middle-4k-on-500mib-ops-1/perf.jsonl,benchmark-results/host-store/issue120/verification/edit_length_preserving/overwrite-middle-4k-on-500mib-ops-1/verification.json,timer=edit_commit_ns; completion=COMPLETE; command_wall_ns=490713875; cleanup=PASS; target_status=PASS
edit_length_preserving,overwrite-tail-4k-on-1mib-ops-1,performance,edit_commit_ns,8.39 ms,8390000,8385500,6.11 ms,6110000,"undeclared (historical context, never a paired claim)",1.37×,+2.27 ms,1,PASS,PASS,fresh,fresh-campaign-receipt,c55daf13… @ 1ff1f2ddd,c55daf13e372331a5ab6dbd465ece351a55923831c45864325ac46b1508fa295,benchmark-results/host-store/issue120/performance/edit_length_preserving/overwrite-tail-4k-on-1mib-ops-1/perf.jsonl,benchmark-results/host-store/issue120/verification/edit_length_preserving/overwrite-tail-4k-on-1mib-ops-1/verification.json,timer=edit_commit_ns; completion=COMPLETE; command_wall_ns=590470709; cleanup=PASS; target_status=PASS
edit_length_preserving,overwrite-tail-4k-on-10mib-ops-1,performance,edit_commit_ns,8.57 ms,8570000,8565333,7.27 ms,7270000,"undeclared (historical context, never a paired claim)",1.18×,+1.30 ms,1,PASS,PASS,fresh,fresh-campaign-receipt,c55daf13… @ 1ff1f2ddd,c55daf13e372331a5ab6dbd465ece351a55923831c45864325ac46b1508fa295,benchmark-results/host-store/issue120/performance/edit_length_preserving/overwrite-tail-4k-on-10mib-ops-1/perf.jsonl,benchmark-results/host-store/issue120/verification/edit_length_preserving/overwrite-tail-4k-on-10mib-ops-1/verification.json,timer=edit_commit_ns; completion=COMPLETE; command_wall_ns=436055833; cleanup=PASS; target_status=PASS
edit_length_preserving,overwrite-tail-4k-on-100mib-ops-1,performance,edit_commit_ns,9.80 ms,9800000,9800000,7.63 ms,7630000,"undeclared (historical context, never a paired claim)",1.28×,+2.17 ms,1,PASS,PASS,fresh,fresh-campaign-receipt,c55daf13… @ 1ff1f2ddd,c55daf13e372331a5ab6dbd465ece351a55923831c45864325ac46b1508fa295,benchmark-results/host-store/issue120/performance/edit_length_preserving/overwrite-tail-4k-on-100mib-ops-1/perf.jsonl,benchmark-results/host-store/issue120/verification/edit_length_preserving/overwrite-tail-4k-on-100mib-ops-1/verification.json,timer=edit_commit_ns; completion=COMPLETE; command_wall_ns=420638250; cleanup=PASS; target_status=PASS
edit_length_preserving,overwrite-tail-4k-on-500mib-ops-1,performance,edit_commit_ns,11.80 ms,11800000,11799250,9.38 ms,9380000,"undeclared (historical context, never a paired claim)",1.26×,+2.42 ms,1,PASS,PASS,fresh,fresh-campaign-receipt,c55daf13… @ 1ff1f2ddd,c55daf13e372331a5ab6dbd465ece351a55923831c45864325ac46b1508fa295,benchmark-results/host-store/issue120/performance/edit_length_preserving/overwrite-tail-4k-on-500mib-ops-1/perf.jsonl,benchmark-results/host-store/issue120/verification/edit_length_preserving/overwrite-tail-4k-on-500mib-ops-1/verification.json,timer=edit_commit_ns; completion=COMPLETE; command_wall_ns=588069042; cleanup=PASS; target_status=PASS
edit_length_changing,insert-middle-4k-on-1mib-ops-1,performance,edit_commit_ns,8.31 ms,8310000,,5.59 ms,5590000,"undeclared (historical context, never a paired claim)",1.49×,+2.72 ms,1,REUSED-FROM 6693224e affected-rerun,reused,reused,reused-issue118-receipt,"6693224e… (commit 2dbc75ecb, +#116, pre-#107)",6693224ee0939a7b6e18489259cdd08ab380a1a0f2877d8a4c6caf2334abafc1,benchmark-results/host-store/issue118/20260912/affected-rerun/insert-middle-4k-on-1mib-ops-1/perf.jsonl,benchmark-results/host-store/issue118/20260912/affected-rerun/insert-middle-4k-on-1mib-ops-1-proof/verification.json,
edit_length_changing,insert-middle-4k-on-10mib-ops-1,performance,edit_commit_ns,7.93 ms,7930000,7932459,7.40 ms,7400000,"undeclared (historical context, never a paired claim)",1.07×,+0.54 ms,1,PASS,PASS,fresh,fresh-campaign-receipt,c55daf13… @ 1ff1f2ddd,c55daf13e372331a5ab6dbd465ece351a55923831c45864325ac46b1508fa295,benchmark-results/host-store/issue120/performance/edit_length_changing/insert-middle-4k-on-10mib-ops-1/perf.jsonl,benchmark-results/host-store/issue120/verification/edit_length_changing/insert-middle-4k-on-10mib-ops-1/verification.json,timer=edit_commit_ns; completion=COMPLETE; command_wall_ns=525583833; cleanup=PASS; target_status=PASS
edit_length_changing,insert-middle-4k-on-100mib-ops-1,performance,edit_commit_ns,8.65 ms,8650000,8653959,12.44 ms,12440000,"undeclared (historical context, never a paired claim)",0.70×,-3.79 ms,1,PASS,PASS,fresh,fresh-campaign-receipt,c55daf13… @ 1ff1f2ddd,c55daf13e372331a5ab6dbd465ece351a55923831c45864325ac46b1508fa295,benchmark-results/host-store/issue120/performance/edit_length_changing/insert-middle-4k-on-100mib-ops-1/perf.jsonl,benchmark-results/host-store/issue120/verification/edit_length_changing/insert-middle-4k-on-100mib-ops-1/verification.json,timer=edit_commit_ns; completion=COMPLETE; command_wall_ns=434395958; cleanup=PASS; target_status=PASS
edit_length_changing,insert-middle-4k-on-500mib-result-capped-v2-ops-1,performance,edit_commit_ns,9.24 ms,9240000,9239834,18.01 ms,18010000,"undeclared (historical context, never a paired claim)",0.51×,-8.77 ms,1,PASS,PASS,fresh,fresh-campaign-receipt,c55daf13… @ 1ff1f2ddd,c55daf13e372331a5ab6dbd465ece351a55923831c45864325ac46b1508fa295,benchmark-results/host-store/issue120/performance/edit_length_changing/insert-middle-4k-on-500mib-result-capped-v2-ops-1/perf.jsonl,benchmark-results/host-store/issue120/verification/edit_length_changing/insert-middle-4k-on-500mib-result-capped-v2-ops-1/verification.json,timer=edit_commit_ns; completion=COMPLETE; command_wall_ns=550152208; cleanup=PASS; target_status=PASS
edit_length_changing,delete-middle-4k-on-1mib-ops-1,performance,edit_commit_ns,8.11 ms,8110000,,5.29 ms,5290000,"undeclared (historical context, never a paired claim)",1.53×,+2.82 ms,1,REUSED-FROM 6693224e affected-rerun,reused,reused,reused-issue118-receipt,"6693224e… (commit 2dbc75ecb, +#116, pre-#107)",6693224ee0939a7b6e18489259cdd08ab380a1a0f2877d8a4c6caf2334abafc1,benchmark-results/host-store/issue118/20260912/affected-rerun/delete-middle-4k-on-1mib-ops-1/perf.jsonl,benchmark-results/host-store/issue118/20260912/affected-rerun/delete-middle-4k-on-1mib-ops-1-proof/verification.json,
edit_length_changing,delete-middle-4k-on-10mib-ops-1,performance,edit_commit_ns,7.89 ms,7890000,7893375,6.57 ms,6570000,"undeclared (historical context, never a paired claim)",1.20×,+1.32 ms,1,PASS,PASS,fresh,fresh-campaign-receipt,c55daf13… @ 1ff1f2ddd,c55daf13e372331a5ab6dbd465ece351a55923831c45864325ac46b1508fa295,benchmark-results/host-store/issue120/performance/edit_length_changing/delete-middle-4k-on-10mib-ops-1/perf.jsonl,benchmark-results/host-store/issue120/verification/edit_length_changing/delete-middle-4k-on-10mib-ops-1/verification.json,timer=edit_commit_ns; completion=COMPLETE; command_wall_ns=445097833; cleanup=PASS; target_status=PASS
edit_length_changing,delete-middle-4k-on-100mib-ops-1,performance,edit_commit_ns,10.02 ms,10020000,10023500,6.76 ms,6760000,"undeclared (historical context, never a paired claim)",1.48×,+3.27 ms,1,WARN,PASS,fresh,fresh-campaign-receipt,c55daf13… @ 1ff1f2ddd,c55daf13e372331a5ab6dbd465ece351a55923831c45864325ac46b1508fa295,benchmark-results/host-store/issue120/performance/edit_length_changing/delete-middle-4k-on-100mib-ops-1/perf.jsonl,benchmark-results/host-store/issue120/verification/edit_length_changing/delete-middle-4k-on-100mib-ops-1/verification.json,timer=edit_commit_ns; completion=COMPLETE; command_wall_ns=630620292; cleanup=PASS; target_status=PASS
edit_length_changing,delete-middle-4k-on-500mib-ops-1,performance,edit_commit_ns,12.78 ms,12780000,12778250,7.49 ms,7490000,"undeclared (historical context, never a paired claim)",1.71×,+5.29 ms,1,WARN,PASS,fresh,fresh-campaign-receipt,c55daf13… @ 1ff1f2ddd,c55daf13e372331a5ab6dbd465ece351a55923831c45864325ac46b1508fa295,benchmark-results/host-store/issue120/performance/edit_length_changing/delete-middle-4k-on-500mib-ops-1/perf.jsonl,benchmark-results/host-store/issue120/verification/edit_length_changing/delete-middle-4k-on-500mib-ops-1/verification.json,timer=edit_commit_ns; completion=COMPLETE; command_wall_ns=530653708; cleanup=PASS; target_status=PASS
edit_length_changing,append-tail-4k-on-1mib-ops-1,performance,edit_commit_ns,9.70 ms,9700000,9700667,6.26 ms,6260000,"undeclared (historical context, never a paired claim)",1.55×,+3.44 ms,1,WARN,PASS,fresh,fresh-campaign-receipt,c55daf13… @ 1ff1f2ddd,c55daf13e372331a5ab6dbd465ece351a55923831c45864325ac46b1508fa295,benchmark-results/host-store/issue120/performance/edit_length_changing/append-tail-4k-on-1mib-ops-1/perf.jsonl,benchmark-results/host-store/issue120/verification/edit_length_changing/append-tail-4k-on-1mib-ops-1/verification.json,timer=edit_commit_ns; completion=COMPLETE; command_wall_ns=522512750; cleanup=PASS; target_status=PASS
edit_length_changing,append-tail-4k-on-10mib-ops-1,performance,edit_commit_ns,9.63 ms,9630000,9628750,5.91 ms,5910000,"undeclared (historical context, never a paired claim)",1.63×,+3.72 ms,1,WARN,PASS,fresh,fresh-campaign-receipt,c55daf13… @ 1ff1f2ddd,c55daf13e372331a5ab6dbd465ece351a55923831c45864325ac46b1508fa295,benchmark-results/host-store/issue120/performance/edit_length_changing/append-tail-4k-on-10mib-ops-1/perf.jsonl,benchmark-results/host-store/issue120/verification/edit_length_changing/append-tail-4k-on-10mib-ops-1/verification.json,timer=edit_commit_ns; completion=COMPLETE; command_wall_ns=606014375; cleanup=PASS; target_status=PASS
edit_length_changing,append-tail-4k-on-100mib-ops-1,performance,edit_commit_ns,9.34 ms,9340000,9341084,6.25 ms,6250000,"undeclared (historical context, never a paired claim)",1.49×,+3.09 ms,1,WARN,PASS,fresh,fresh-campaign-receipt,c55daf13… @ 1ff1f2ddd,c55daf13e372331a5ab6dbd465ece351a55923831c45864325ac46b1508fa295,benchmark-results/host-store/issue120/performance/edit_length_changing/append-tail-4k-on-100mib-ops-1/perf.jsonl,benchmark-results/host-store/issue120/verification/edit_length_changing/append-tail-4k-on-100mib-ops-1/verification.json,timer=edit_commit_ns; completion=COMPLETE; command_wall_ns=635681458; cleanup=PASS; target_status=PASS
edit_length_changing,append-tail-4k-on-500mib-result-capped-v2-ops-1,performance,edit_commit_ns,10.98 ms,10980000,10984542,6.69 ms,6690000,"undeclared (historical context, never a paired claim)",1.64×,+4.30 ms,1,WARN,PASS,fresh,fresh-campaign-receipt,c55daf13… @ 1ff1f2ddd,c55daf13e372331a5ab6dbd465ece351a55923831c45864325ac46b1508fa295,benchmark-results/host-store/issue120/performance/edit_length_changing/append-tail-4k-on-500mib-result-capped-v2-ops-1/perf.jsonl,benchmark-results/host-store/issue120/verification/edit_length_changing/append-tail-4k-on-500mib-result-capped-v2-ops-1/verification.json,timer=edit_commit_ns; completion=COMPLETE; command_wall_ns=619406250; cleanup=PASS; target_status=PASS
edit_length_changing,prepend-head-4k-on-1mib-ops-1,performance,edit_commit_ns,8.98 ms,8980000,8978708,5.91 ms,5910000,"undeclared (historical context, never a paired claim)",1.52×,+3.07 ms,1,WARN,PASS,fresh,fresh-campaign-receipt,c55daf13… @ 1ff1f2ddd,c55daf13e372331a5ab6dbd465ece351a55923831c45864325ac46b1508fa295,benchmark-results/host-store/issue120/performance/edit_length_changing/prepend-head-4k-on-1mib-ops-1/perf.jsonl,benchmark-results/host-store/issue120/verification/edit_length_changing/prepend-head-4k-on-1mib-ops-1/verification.json,timer=edit_commit_ns; completion=COMPLETE; command_wall_ns=601601000; cleanup=PASS; target_status=PASS
edit_length_changing,prepend-head-4k-on-10mib-ops-1,performance,edit_commit_ns,10.04 ms,10040000,10036875,5.67 ms,5670000,"undeclared (historical context, never a paired claim)",1.77×,+4.37 ms,1,WARN,PASS,fresh,fresh-campaign-receipt,c55daf13… @ 1ff1f2ddd,c55daf13e372331a5ab6dbd465ece351a55923831c45864325ac46b1508fa295,benchmark-results/host-store/issue120/performance/edit_length_changing/prepend-head-4k-on-10mib-ops-1/perf.jsonl,benchmark-results/host-store/issue120/verification/edit_length_changing/prepend-head-4k-on-10mib-ops-1/verification.json,timer=edit_commit_ns; completion=COMPLETE; command_wall_ns=464932541; cleanup=PASS; target_status=PASS
edit_length_changing,prepend-head-4k-on-100mib-ops-1,performance,edit_commit_ns,10.45 ms,10450000,10451625,6.27 ms,6270000,"undeclared (historical context, never a paired claim)",1.67×,+4.18 ms,1,WARN,PASS,fresh,fresh-campaign-receipt,c55daf13… @ 1ff1f2ddd,c55daf13e372331a5ab6dbd465ece351a55923831c45864325ac46b1508fa295,benchmark-results/host-store/issue120/performance/edit_length_changing/prepend-head-4k-on-100mib-ops-1/perf.jsonl,benchmark-results/host-store/issue120/verification/edit_length_changing/prepend-head-4k-on-100mib-ops-1/verification.json,timer=edit_commit_ns; completion=COMPLETE; command_wall_ns=643956416; cleanup=PASS; target_status=PASS
edit_length_changing,prepend-head-4k-on-500mib-result-capped-v2-ops-1,performance,edit_commit_ns,9.50 ms,9500000,9503917,7.10 ms,7100000,"undeclared (historical context, never a paired claim)",1.34×,+2.41 ms,1,PASS,PASS,fresh,fresh-campaign-receipt,c55daf13… @ 1ff1f2ddd,c55daf13e372331a5ab6dbd465ece351a55923831c45864325ac46b1508fa295,benchmark-results/host-store/issue120/performance/edit_length_changing/prepend-head-4k-on-500mib-result-capped-v2-ops-1/perf.jsonl,benchmark-results/host-store/issue120/verification/edit_length_changing/prepend-head-4k-on-500mib-result-capped-v2-ops-1/verification.json,timer=edit_commit_ns; completion=COMPLETE; command_wall_ns=650210875; cleanup=PASS; target_status=PASS
edit_length_changing,replace-grow-middle-2k-to-4k-on-1mib-ops-1,performance,edit_commit_ns,8.49 ms,8490000,8493333,5.74 ms,5740000,"undeclared (historical context, never a paired claim)",1.48×,+2.75 ms,1,PASS,PASS,fresh,fresh-campaign-receipt,c55daf13… @ 1ff1f2ddd,c55daf13e372331a5ab6dbd465ece351a55923831c45864325ac46b1508fa295,benchmark-results/host-store/issue120/performance/edit_length_changing/replace-grow-middle-2k-to-4k-on-1mib-ops-1/perf.jsonl,benchmark-results/host-store/issue120/verification/edit_length_changing/replace-grow-middle-2k-to-4k-on-1mib-ops-1/verification.json,timer=edit_commit_ns; completion=COMPLETE; command_wall_ns=518049000; cleanup=PASS; target_status=PASS
edit_length_changing,replace-grow-middle-2k-to-4k-on-10mib-ops-1,performance,edit_commit_ns,10.04 ms,10040000,10037417,6.46 ms,6460000,"undeclared (historical context, never a paired claim)",1.55×,+3.57 ms,1,WARN,PASS,fresh,fresh-campaign-receipt,c55daf13… @ 1ff1f2ddd,c55daf13e372331a5ab6dbd465ece351a55923831c45864325ac46b1508fa295,benchmark-results/host-store/issue120/performance/edit_length_changing/replace-grow-middle-2k-to-4k-on-10mib-ops-1/perf.jsonl,benchmark-results/host-store/issue120/verification/edit_length_changing/replace-grow-middle-2k-to-4k-on-10mib-ops-1/verification.json,timer=edit_commit_ns; completion=COMPLETE; command_wall_ns=606356125; cleanup=PASS; target_status=PASS
edit_length_changing,replace-grow-middle-2k-to-4k-on-100mib-ops-1,performance,edit_commit_ns,8.43 ms,8430000,8429334,6.38 ms,6380000,"undeclared (historical context, never a paired claim)",1.32×,+2.05 ms,1,PASS,PASS,fresh,fresh-campaign-receipt,c55daf13… @ 1ff1f2ddd,c55daf13e372331a5ab6dbd465ece351a55923831c45864325ac46b1508fa295,benchmark-results/host-store/issue120/performance/edit_length_changing/replace-grow-middle-2k-to-4k-on-100mib-ops-1/perf.jsonl,benchmark-results/host-store/issue120/verification/edit_length_changing/replace-grow-middle-2k-to-4k-on-100mib-ops-1/verification.json,timer=edit_commit_ns; completion=COMPLETE; command_wall_ns=449978584; cleanup=PASS; target_status=PASS
edit_length_changing,replace-grow-middle-2k-to-4k-on-500mib-result-capped-v2-ops-1,performance,edit_commit_ns,9.33 ms,9330000,9334292,7.92 ms,7920000,"undeclared (historical context, never a paired claim)",1.18×,+1.41 ms,1,PASS,PASS,fresh,fresh-campaign-receipt,c55daf13… @ 1ff1f2ddd,c55daf13e372331a5ab6dbd465ece351a55923831c45864325ac46b1508fa295,benchmark-results/host-store/issue120/performance/edit_length_changing/replace-grow-middle-2k-to-4k-on-500mib-result-capped-v2-ops-1/perf.jsonl,benchmark-results/host-store/issue120/verification/edit_length_changing/replace-grow-middle-2k-to-4k-on-500mib-result-capped-v2-ops-1/verification.json,timer=edit_commit_ns; completion=COMPLETE; command_wall_ns=508123500; cleanup=PASS; target_status=PASS
edit_length_changing,replace-shrink-middle-4k-to-2k-on-1mib-ops-1,performance,edit_commit_ns,7.82 ms,7820000,7820917,5.88 ms,5880000,"undeclared (historical context, never a paired claim)",1.33×,+1.94 ms,1,PASS,PASS,fresh,fresh-campaign-receipt,c55daf13… @ 1ff1f2ddd,c55daf13e372331a5ab6dbd465ece351a55923831c45864325ac46b1508fa295,benchmark-results/host-store/issue120/performance/edit_length_changing/replace-shrink-middle-4k-to-2k-on-1mib-ops-1/perf.jsonl,benchmark-results/host-store/issue120/verification/edit_length_changing/replace-shrink-middle-4k-to-2k-on-1mib-ops-1/verification.json,timer=edit_commit_ns; completion=COMPLETE; command_wall_ns=408697834; cleanup=PASS; target_status=PASS
edit_length_changing,replace-shrink-middle-4k-to-2k-on-10mib-ops-1,performance,edit_commit_ns,8.33 ms,8330000,8331916,5.77 ms,5770000,"undeclared (historical context, never a paired claim)",1.44×,+2.56 ms,1,PASS,PASS,fresh,fresh-campaign-receipt,c55daf13… @ 1ff1f2ddd,c55daf13e372331a5ab6dbd465ece351a55923831c45864325ac46b1508fa295,benchmark-results/host-store/issue120/performance/edit_length_changing/replace-shrink-middle-4k-to-2k-on-10mib-ops-1/perf.jsonl,benchmark-results/host-store/issue120/verification/edit_length_changing/replace-shrink-middle-4k-to-2k-on-10mib-ops-1/verification.json,timer=edit_commit_ns; completion=COMPLETE; command_wall_ns=460647667; cleanup=PASS; target_status=PASS
edit_length_changing,replace-shrink-middle-4k-to-2k-on-100mib-ops-1,performance,edit_commit_ns,8.48 ms,8480000,8479916,7.01 ms,7010000,"undeclared (historical context, never a paired claim)",1.21×,+1.47 ms,1,PASS,PASS,fresh,fresh-campaign-receipt,c55daf13… @ 1ff1f2ddd,c55daf13e372331a5ab6dbd465ece351a55923831c45864325ac46b1508fa295,benchmark-results/host-store/issue120/performance/edit_length_changing/replace-shrink-middle-4k-to-2k-on-100mib-ops-1/perf.jsonl,benchmark-results/host-store/issue120/verification/edit_length_changing/replace-shrink-middle-4k-to-2k-on-100mib-ops-1/verification.json,timer=edit_commit_ns; completion=COMPLETE; command_wall_ns=504058292; cleanup=PASS; target_status=PASS
edit_length_changing,replace-shrink-middle-4k-to-2k-on-500mib-ops-1,performance,edit_commit_ns,13.87 ms,13870000,13873291,7.00 ms,7000000,"undeclared (historical context, never a paired claim)",1.98×,+6.88 ms,1,WARN,PASS,fresh,fresh-campaign-receipt,c55daf13… @ 1ff1f2ddd,c55daf13e372331a5ab6dbd465ece351a55923831c45864325ac46b1508fa295,benchmark-results/host-store/issue120/performance/edit_length_changing/replace-shrink-middle-4k-to-2k-on-500mib-ops-1/perf.jsonl,benchmark-results/host-store/issue120/verification/edit_length_changing/replace-shrink-middle-4k-to-2k-on-500mib-ops-1/verification.json,timer=edit_commit_ns; completion=COMPLETE; command_wall_ns=524468708; cleanup=PASS; target_status=PASS
edit_length_changing,truncate-tail-4k-on-1mib-ops-1,performance,edit_commit_ns,10.07 ms,10070000,10065041,5.29 ms,5290000,"undeclared (historical context, never a paired claim)",1.90×,+4.77 ms,1,WARN,PASS,fresh,fresh-campaign-receipt,c55daf13… @ 1ff1f2ddd,c55daf13e372331a5ab6dbd465ece351a55923831c45864325ac46b1508fa295,benchmark-results/host-store/issue120/performance/edit_length_changing/truncate-tail-4k-on-1mib-ops-1/perf.jsonl,benchmark-results/host-store/issue120/verification/edit_length_changing/truncate-tail-4k-on-1mib-ops-1/verification.json,timer=edit_commit_ns; completion=COMPLETE; command_wall_ns=532363625; cleanup=PASS; target_status=PASS
edit_length_changing,truncate-tail-4k-on-10mib-ops-1,performance,edit_commit_ns,9.17 ms,9170000,9167958,15.64 ms,15640000,"undeclared (historical context, never a paired claim)",0.59×,-6.47 ms,1,PASS,PASS,fresh,fresh-campaign-receipt,c55daf13… @ 1ff1f2ddd,c55daf13e372331a5ab6dbd465ece351a55923831c45864325ac46b1508fa295,benchmark-results/host-store/issue120/performance/edit_length_changing/truncate-tail-4k-on-10mib-ops-1/perf.jsonl,benchmark-results/host-store/issue120/verification/edit_length_changing/truncate-tail-4k-on-10mib-ops-1/verification.json,timer=edit_commit_ns; completion=COMPLETE; command_wall_ns=479874042; cleanup=PASS; target_status=PASS
edit_length_changing,truncate-tail-4k-on-100mib-ops-1,performance,edit_commit_ns,9.39 ms,9390000,9390458,6.53 ms,6530000,"undeclared (historical context, never a paired claim)",1.44×,+2.86 ms,1,PASS,PASS,fresh,fresh-campaign-receipt,c55daf13… @ 1ff1f2ddd,c55daf13e372331a5ab6dbd465ece351a55923831c45864325ac46b1508fa295,benchmark-results/host-store/issue120/performance/edit_length_changing/truncate-tail-4k-on-100mib-ops-1/perf.jsonl,benchmark-results/host-store/issue120/verification/edit_length_changing/truncate-tail-4k-on-100mib-ops-1/verification.json,timer=edit_commit_ns; completion=COMPLETE; command_wall_ns=574098875; cleanup=PASS; target_status=PASS
edit_length_changing,truncate-tail-4k-on-500mib-ops-1,performance,edit_commit_ns,10.89 ms,10890000,10890500,6.90 ms,6900000,"undeclared (historical context, never a paired claim)",1.58×,+4.00 ms,1,WARN,PASS,fresh,fresh-campaign-receipt,c55daf13… @ 1ff1f2ddd,c55daf13e372331a5ab6dbd465ece351a55923831c45864325ac46b1508fa295,benchmark-results/host-store/issue120/performance/edit_length_changing/truncate-tail-4k-on-500mib-ops-1/perf.jsonl,benchmark-results/host-store/issue120/verification/edit_length_changing/truncate-tail-4k-on-500mib-ops-1/verification.json,timer=edit_commit_ns; completion=COMPLETE; command_wall_ns=589703666; cleanup=PASS; target_status=PASS
edit_length_changing,zero-extend-tail-4k-on-1mib-ops-1,performance,edit_commit_ns,7.73 ms,7730000,7733375,5.63 ms,5630000,"undeclared (historical context, never a paired claim)",1.37×,+2.10 ms,1,PASS,PASS,fresh,fresh-campaign-receipt,c55daf13… @ 1ff1f2ddd,c55daf13e372331a5ab6dbd465ece351a55923831c45864325ac46b1508fa295,benchmark-results/host-store/issue120/performance/edit_length_changing/zero-extend-tail-4k-on-1mib-ops-1/perf.jsonl,benchmark-results/host-store/issue120/verification/edit_length_changing/zero-extend-tail-4k-on-1mib-ops-1/verification.json,timer=edit_commit_ns; completion=COMPLETE; command_wall_ns=504540583; cleanup=PASS; target_status=PASS
edit_length_changing,zero-extend-tail-4k-on-10mib-ops-1,performance,edit_commit_ns,9.80 ms,9800000,9804375,5.64 ms,5640000,"undeclared (historical context, never a paired claim)",1.74×,+4.17 ms,1,WARN,PASS,fresh,fresh-campaign-receipt,c55daf13… @ 1ff1f2ddd,c55daf13e372331a5ab6dbd465ece351a55923831c45864325ac46b1508fa295,benchmark-results/host-store/issue120/performance/edit_length_changing/zero-extend-tail-4k-on-10mib-ops-1/perf.jsonl,benchmark-results/host-store/issue120/verification/edit_length_changing/zero-extend-tail-4k-on-10mib-ops-1/verification.json,timer=edit_commit_ns; completion=COMPLETE; command_wall_ns=519345625; cleanup=PASS; target_status=PASS
edit_length_changing,zero-extend-tail-4k-on-100mib-ops-1,performance,edit_commit_ns,9.45 ms,9450000,9447500,6.40 ms,6400000,"undeclared (historical context, never a paired claim)",1.48×,+3.04 ms,1,WARN,PASS,fresh,fresh-campaign-receipt,c55daf13… @ 1ff1f2ddd,c55daf13e372331a5ab6dbd465ece351a55923831c45864325ac46b1508fa295,benchmark-results/host-store/issue120/performance/edit_length_changing/zero-extend-tail-4k-on-100mib-ops-1/perf.jsonl,benchmark-results/host-store/issue120/verification/edit_length_changing/zero-extend-tail-4k-on-100mib-ops-1/verification.json,timer=edit_commit_ns; completion=COMPLETE; command_wall_ns=590067000; cleanup=PASS; target_status=PASS
edit_length_changing,zero-extend-tail-4k-on-500mib-result-capped-v2-ops-1,performance,edit_commit_ns,10.33 ms,10330000,10330625,6.66 ms,6660000,"undeclared (historical context, never a paired claim)",1.55×,+3.67 ms,1,WARN,PASS,fresh,fresh-campaign-receipt,c55daf13… @ 1ff1f2ddd,c55daf13e372331a5ab6dbd465ece351a55923831c45864325ac46b1508fa295,benchmark-results/host-store/issue120/performance/edit_length_changing/zero-extend-tail-4k-on-500mib-result-capped-v2-ops-1/perf.jsonl,benchmark-results/host-store/issue120/verification/edit_length_changing/zero-extend-tail-4k-on-500mib-result-capped-v2-ops-1/verification.json,timer=edit_commit_ns; completion=COMPLETE; command_wall_ns=562875375; cleanup=PASS; target_status=PASS
edit_canonical_chunk_count,overwrite-fixed-64k-chunk-count-preserve-on-1mib-ops-1,performance,edit_commit_ns,11.02 ms,11020000,11020416,6.85 ms,6850000,"undeclared (historical context, never a paired claim)",1.61×,+4.17 ms,1,WARN,PASS,fresh,fresh-campaign-receipt,c55daf13… @ 1ff1f2ddd,c55daf13e372331a5ab6dbd465ece351a55923831c45864325ac46b1508fa295,benchmark-results/host-store/issue120/performance/edit_canonical_chunk_count/overwrite-fixed-64k-chunk-count-preserve-on-1mib-ops-1/perf.jsonl,benchmark-results/host-store/issue120/verification/edit_canonical_chunk_count/overwrite-fixed-64k-chunk-count-preserve-on-1mib-ops-1/verification.json,timer=edit_commit_ns; completion=COMPLETE; command_wall_ns=658711875; cleanup=PASS; target_status=PASS
edit_canonical_chunk_count,overwrite-fixed-64k-chunk-count-preserve-on-10mib-ops-1,performance,edit_commit_ns,13.05 ms,13050000,13045625,8.51 ms,8510000,"undeclared (historical context, never a paired claim)",1.53×,+4.54 ms,1,WARN,PASS,fresh,fresh-campaign-receipt,c55daf13… @ 1ff1f2ddd,c55daf13e372331a5ab6dbd465ece351a55923831c45864325ac46b1508fa295,benchmark-results/host-store/issue120/performance/edit_canonical_chunk_count/overwrite-fixed-64k-chunk-count-preserve-on-10mib-ops-1/perf.jsonl,benchmark-results/host-store/issue120/verification/edit_canonical_chunk_count/overwrite-fixed-64k-chunk-count-preserve-on-10mib-ops-1/verification.json,timer=edit_commit_ns; completion=COMPLETE; command_wall_ns=490512041; cleanup=PASS; target_status=PASS
edit_canonical_chunk_count,overwrite-fixed-64k-chunk-count-preserve-on-100mib-ops-1,performance,edit_commit_ns,9.27 ms,9270000,9271500,7.34 ms,7340000,"undeclared (historical context, never a paired claim)",1.26×,+1.94 ms,1,PASS,PASS,fresh,fresh-campaign-receipt,c55daf13… @ 1ff1f2ddd,c55daf13e372331a5ab6dbd465ece351a55923831c45864325ac46b1508fa295,benchmark-results/host-store/issue120/performance/edit_canonical_chunk_count/overwrite-fixed-64k-chunk-count-preserve-on-100mib-ops-1/perf.jsonl,benchmark-results/host-store/issue120/verification/edit_canonical_chunk_count/overwrite-fixed-64k-chunk-count-preserve-on-100mib-ops-1/verification.json,timer=edit_commit_ns; completion=COMPLETE; command_wall_ns=484245875; cleanup=PASS; target_status=PASS
edit_canonical_chunk_count,overwrite-fixed-64k-chunk-count-preserve-on-500mib-ops-1,performance,edit_commit_ns,10.04 ms,10040000,10036917,8.27 ms,8270000,"undeclared (historical context, never a paired claim)",1.21×,+1.77 ms,1,PASS,PASS,fresh,fresh-campaign-receipt,c55daf13… @ 1ff1f2ddd,c55daf13e372331a5ab6dbd465ece351a55923831c45864325ac46b1508fa295,benchmark-results/host-store/issue120/performance/edit_canonical_chunk_count/overwrite-fixed-64k-chunk-count-preserve-on-500mib-ops-1/perf.jsonl,benchmark-results/host-store/issue120/verification/edit_canonical_chunk_count/overwrite-fixed-64k-chunk-count-preserve-on-500mib-ops-1/verification.json,timer=edit_commit_ns; completion=COMPLETE; command_wall_ns=355462917; cleanup=PASS; target_status=PASS
edit_canonical_chunk_count,overwrite-fixed-64k-chunk-count-increase-on-1mib-ops-1,performance,edit_commit_ns,8.43 ms,8430000,8425875,7.85 ms,7850000,"undeclared (historical context, never a paired claim)",1.07×,+0.57 ms,1,PASS,PASS,fresh,fresh-campaign-receipt,c55daf13… @ 1ff1f2ddd,c55daf13e372331a5ab6dbd465ece351a55923831c45864325ac46b1508fa295,benchmark-results/host-store/issue120/performance/edit_canonical_chunk_count/overwrite-fixed-64k-chunk-count-increase-on-1mib-ops-1/perf.jsonl,benchmark-results/host-store/issue120/verification/edit_canonical_chunk_count/overwrite-fixed-64k-chunk-count-increase-on-1mib-ops-1/verification.json,timer=edit_commit_ns; completion=COMPLETE; command_wall_ns=498385583; cleanup=PASS; target_status=PASS
edit_canonical_chunk_count,overwrite-fixed-64k-chunk-count-increase-on-10mib-ops-1,performance,edit_commit_ns,10.31 ms,10310000,10311708,7.52 ms,7520000,"undeclared (historical context, never a paired claim)",1.37×,+2.80 ms,1,PASS,PASS,fresh,fresh-campaign-receipt,c55daf13… @ 1ff1f2ddd,c55daf13e372331a5ab6dbd465ece351a55923831c45864325ac46b1508fa295,benchmark-results/host-store/issue120/performance/edit_canonical_chunk_count/overwrite-fixed-64k-chunk-count-increase-on-10mib-ops-1/perf.jsonl,benchmark-results/host-store/issue120/verification/edit_canonical_chunk_count/overwrite-fixed-64k-chunk-count-increase-on-10mib-ops-1/verification.json,timer=edit_commit_ns; completion=COMPLETE; command_wall_ns=419919959; cleanup=PASS; target_status=PASS
edit_canonical_chunk_count,overwrite-fixed-64k-chunk-count-increase-on-100mib-ops-1,performance,edit_commit_ns,9.54 ms,9540000,9544667,7.87 ms,7870000,"undeclared (historical context, never a paired claim)",1.21×,+1.67 ms,1,PASS,PASS,fresh,fresh-campaign-receipt,c55daf13… @ 1ff1f2ddd,c55daf13e372331a5ab6dbd465ece351a55923831c45864325ac46b1508fa295,benchmark-results/host-store/issue120/performance/edit_canonical_chunk_count/overwrite-fixed-64k-chunk-count-increase-on-100mib-ops-1/perf.jsonl,benchmark-results/host-store/issue120/verification/edit_canonical_chunk_count/overwrite-fixed-64k-chunk-count-increase-on-100mib-ops-1/verification.json,timer=edit_commit_ns; completion=COMPLETE; command_wall_ns=541577667; cleanup=PASS; target_status=PASS
edit_canonical_chunk_count,overwrite-fixed-64k-chunk-count-increase-on-500mib-ops-1,performance,edit_commit_ns,12.26 ms,12260000,12256500,8.47 ms,8470000,"undeclared (historical context, never a paired claim)",1.45×,+3.79 ms,1,WARN,PASS,fresh,fresh-campaign-receipt,c55daf13… @ 1ff1f2ddd,c55daf13e372331a5ab6dbd465ece351a55923831c45864325ac46b1508fa295,benchmark-results/host-store/issue120/performance/edit_canonical_chunk_count/overwrite-fixed-64k-chunk-count-increase-on-500mib-ops-1/perf.jsonl,benchmark-results/host-store/issue120/verification/edit_canonical_chunk_count/overwrite-fixed-64k-chunk-count-increase-on-500mib-ops-1/verification.json,timer=edit_commit_ns; completion=COMPLETE; command_wall_ns=491995416; cleanup=PASS; target_status=PASS
edit_canonical_chunk_count,overwrite-fixed-64k-chunk-count-decrease-on-1mib-ops-1,performance,edit_commit_ns,7.59 ms,7590000,7590750,7.18 ms,7180000,"undeclared (historical context, never a paired claim)",1.06×,+0.42 ms,1,PASS,PASS,fresh,fresh-campaign-receipt,c55daf13… @ 1ff1f2ddd,c55daf13e372331a5ab6dbd465ece351a55923831c45864325ac46b1508fa295,benchmark-results/host-store/issue120/performance/edit_canonical_chunk_count/overwrite-fixed-64k-chunk-count-decrease-on-1mib-ops-1/perf.jsonl,benchmark-results/host-store/issue120/verification/edit_canonical_chunk_count/overwrite-fixed-64k-chunk-count-decrease-on-1mib-ops-1/verification.json,timer=edit_commit_ns; completion=COMPLETE; command_wall_ns=443527083; cleanup=PASS; target_status=PASS
edit_canonical_chunk_count,overwrite-fixed-64k-chunk-count-decrease-on-10mib-ops-1,performance,edit_commit_ns,11.77 ms,11770000,11765500,7.01 ms,7010000,"undeclared (historical context, never a paired claim)",1.68×,+4.75 ms,1,WARN,PASS,fresh,fresh-campaign-receipt,c55daf13… @ 1ff1f2ddd,c55daf13e372331a5ab6dbd465ece351a55923831c45864325ac46b1508fa295,benchmark-results/host-store/issue120/performance/edit_canonical_chunk_count/overwrite-fixed-64k-chunk-count-decrease-on-10mib-ops-1/perf.jsonl,benchmark-results/host-store/issue120/verification/edit_canonical_chunk_count/overwrite-fixed-64k-chunk-count-decrease-on-10mib-ops-1/verification.json,timer=edit_commit_ns; completion=COMPLETE; command_wall_ns=458948500; cleanup=PASS; target_status=PASS
edit_canonical_chunk_count,overwrite-fixed-64k-chunk-count-decrease-on-100mib-ops-1,performance,edit_commit_ns,10.91 ms,10910000,10909958,7.58 ms,7580000,"undeclared (historical context, never a paired claim)",1.44×,+3.33 ms,1,WARN,PASS,fresh,fresh-campaign-receipt,c55daf13… @ 1ff1f2ddd,c55daf13e372331a5ab6dbd465ece351a55923831c45864325ac46b1508fa295,benchmark-results/host-store/issue120/performance/edit_canonical_chunk_count/overwrite-fixed-64k-chunk-count-decrease-on-100mib-ops-1/perf.jsonl,benchmark-results/host-store/issue120/verification/edit_canonical_chunk_count/overwrite-fixed-64k-chunk-count-decrease-on-100mib-ops-1/verification.json,timer=edit_commit_ns; completion=COMPLETE; command_wall_ns=509263333; cleanup=PASS; target_status=PASS
edit_canonical_chunk_count,overwrite-fixed-64k-chunk-count-decrease-on-500mib-ops-1,performance,edit_commit_ns,15.38 ms,15380000,15376625,8.10 ms,8100000,"undeclared (historical context, never a paired claim)",1.90×,+7.28 ms,1,WARN,PASS,fresh,fresh-campaign-receipt,c55daf13… @ 1ff1f2ddd,c55daf13e372331a5ab6dbd465ece351a55923831c45864325ac46b1508fa295,benchmark-results/host-store/issue120/performance/edit_canonical_chunk_count/overwrite-fixed-64k-chunk-count-decrease-on-500mib-ops-1/perf.jsonl,benchmark-results/host-store/issue120/verification/edit_canonical_chunk_count/overwrite-fixed-64k-chunk-count-decrease-on-500mib-ops-1/verification.json,timer=edit_commit_ns; completion=COMPLETE; command_wall_ns=516724042; cleanup=PASS; target_status=PASS
init_namespace,namespace-100-compact-v3,performance,layerstack_init_ns,28.70 ms,28700000,28703959,8.90 ms,8900000,"undeclared (historical context, never a paired claim)",3.22×,+19.80 ms,1,WARN,PASS,fresh,fresh-campaign-receipt,c55daf13… @ 1ff1f2ddd,c55daf13e372331a5ab6dbd465ece351a55923831c45864325ac46b1508fa295,benchmark-results/host-store/issue120/performance/init_namespace/namespace-100-compact-v3/perf.jsonl,benchmark-results/host-store/issue120/verification/init_namespace/namespace-100-compact-v3/verification.json,timer=layerstack_init_ns; completion=COMPLETE; command_wall_ns=590273500; cleanup=PASS; target_status=PASS
init_namespace,namespace-1000-compact-v3,performance,layerstack_init_ns,112.73 ms,112730000,112732750,38.08 ms,38080000,"undeclared (historical context, never a paired claim)",2.96×,+74.66 ms,1,WARN,PASS,fresh,fresh-campaign-receipt,c55daf13… @ 1ff1f2ddd,c55daf13e372331a5ab6dbd465ece351a55923831c45864325ac46b1508fa295,benchmark-results/host-store/issue120/performance/init_namespace/namespace-1000-compact-v3/perf.jsonl,benchmark-results/host-store/issue120/verification/init_namespace/namespace-1000-compact-v3/verification.json,timer=layerstack_init_ns; completion=COMPLETE; command_wall_ns=584932500; cleanup=PASS; target_status=PASS
init_namespace,namespace-10000,performance,layerstack_init_ns,1.020 s,1020000000,1020422292,403.47 ms,403470000,"undeclared (historical context, never a paired claim)",2.53×,+616.95 ms,1,WARN,PASS,fresh,fresh-campaign-receipt,c55daf13… @ 1ff1f2ddd,c55daf13e372331a5ab6dbd465ece351a55923831c45864325ac46b1508fa295,benchmark-results/host-store/issue120/performance/init_namespace/namespace-10000/perf.jsonl,benchmark-results/host-store/issue120/verification/init_namespace/namespace-10000/verification.json,timer=layerstack_init_ns; completion=COMPLETE; command_wall_ns=1602003333; cleanup=PASS; target_status=PASS
init_namespace,namespace-100000,performance,layerstack_init_ns,4.398 s,4398000000,4397542208,2.603 s,2603000000,"undeclared (historical context, never a paired claim)",1.69×,"+1,794.38 ms",1,WARN,PASS,fresh,fresh-campaign-receipt,c55daf13… @ 1ff1f2ddd,c55daf13e372331a5ab6dbd465ece351a55923831c45864325ac46b1508fa295,benchmark-results/host-store/issue120/performance/init_namespace/namespace-100000/perf.jsonl,benchmark-results/host-store/issue120/verification/init_namespace/namespace-100000/verification.json,timer=layerstack_init_ns; completion=COMPLETE; command_wall_ns=4918665583; cleanup=PASS; target_status=NOT_APPLICABLE_COLD_CONTRACT
store_footprint,store-footprint-unique-100000,performance,product_call_sum_ns,5.397 s,5397000000,5397130666,2.982 s,2982000000,"undeclared (historical context, never a paired claim)",1.81×,"+2,414.67 ms",1,WARN,PASS,fresh,fresh-campaign-receipt,c55daf13… @ 1ff1f2ddd,c55daf13e372331a5ab6dbd465ece351a55923831c45864325ac46b1508fa295,benchmark-results/host-store/issue120/performance/store_footprint/store-footprint-unique-100000/perf.jsonl,benchmark-results/host-store/issue120/verification/store_footprint/store-footprint-unique-100000/verification.json,timer=product_call_sum_ns; completion=COMPLETE; command_wall_ns=6099821500; cleanup=PASS; target_status=PASS
store_footprint,store-footprint-metadata-cardinality-100000,performance,product_call_sum_ns,6.640 s,6640000000,6639510832,4.570 s,4570000000,"undeclared (historical context, never a paired claim)",1.45×,"+2,069.08 ms",1,WARN,PASS,fresh,fresh-campaign-receipt,c55daf13… @ 1ff1f2ddd,c55daf13e372331a5ab6dbd465ece351a55923831c45864325ac46b1508fa295,benchmark-results/host-store/issue120/performance/store_footprint/store-footprint-metadata-cardinality-100000/perf.jsonl,benchmark-results/host-store/issue120/verification/store_footprint/store-footprint-metadata-cardinality-100000/verification.json,timer=product_call_sum_ns; completion=COMPLETE; command_wall_ns=7347661500; cleanup=PASS; target_status=PASS
store_footprint,store-footprint-large-object-500m,performance,product_call_sum_ns,1.254 s,1254000000,1253795750,491.91 ms,491910000,"undeclared (historical context, never a paired claim)",2.55×,+761.89 ms,1,WARN,PASS,fresh,fresh-campaign-receipt,c55daf13… @ 1ff1f2ddd,c55daf13e372331a5ab6dbd465ece351a55923831c45864325ac46b1508fa295,benchmark-results/host-store/issue120/performance/store_footprint/store-footprint-large-object-500m/perf.jsonl,benchmark-results/host-store/issue120/verification/store_footprint/store-footprint-large-object-500m/verification.json,timer=product_call_sum_ns; completion=COMPLETE; command_wall_ns=2077668375; cleanup=PASS; target_status=PASS
store_footprint,store-footprint-unique-100-low-v1,performance,product_call_sum_ns,49.65 ms,49650000,49652000,31.95 ms,31950000,"undeclared (historical context, never a paired claim)",1.55×,+17.70 ms,1,WARN,PASS,fresh,fresh-campaign-receipt,c55daf13… @ 1ff1f2ddd,c55daf13e372331a5ab6dbd465ece351a55923831c45864325ac46b1508fa295,benchmark-results/host-store/issue120/performance/store_footprint/store-footprint-unique-100-low-v1/perf.jsonl,benchmark-results/host-store/issue120/verification/store_footprint/store-footprint-unique-100-low-v1/verification.json,timer=product_call_sum_ns; completion=COMPLETE; command_wall_ns=652721083; cleanup=PASS; target_status=PASS
store_footprint,store-footprint-metadata-cardinality-100-low-v1,performance,product_call_sum_ns,60.36 ms,60360000,60355958,35.87 ms,35870000,"undeclared (historical context, never a paired claim)",1.68×,+24.49 ms,1,WARN,PASS,fresh,fresh-campaign-receipt,c55daf13… @ 1ff1f2ddd,c55daf13e372331a5ab6dbd465ece351a55923831c45864325ac46b1508fa295,benchmark-results/host-store/issue120/performance/store_footprint/store-footprint-metadata-cardinality-100-low-v1/perf.jsonl,benchmark-results/host-store/issue120/verification/store_footprint/store-footprint-metadata-cardinality-100-low-v1/verification.json,timer=product_call_sum_ns; completion=COMPLETE; command_wall_ns=809440833; cleanup=PASS; target_status=PASS
store_footprint,store-footprint-large-object-10m-low-v1,performance,product_call_sum_ns,63.20 ms,63200000,63198040,43.89 ms,43890000,"undeclared (historical context, never a paired claim)",1.44×,+19.30 ms,1,WARN,PASS,fresh,fresh-campaign-receipt,c55daf13… @ 1ff1f2ddd,c55daf13e372331a5ab6dbd465ece351a55923831c45864325ac46b1508fa295,benchmark-results/host-store/issue120/performance/store_footprint/store-footprint-large-object-10m-low-v1/perf.jsonl,benchmark-results/host-store/issue120/verification/store_footprint/store-footprint-large-object-10m-low-v1/verification.json,timer=product_call_sum_ns; completion=COMPLETE; command_wall_ns=736973125; cleanup=PASS; target_status=PASS
tiny_file_churn,tiny-create-1-compact-v2,performance,pure_call_sum_ns,23.26 ms,23260000,23261583,19.05 ms,19050000,"undeclared (historical context, never a paired claim)",1.22×,+4.21 ms,1,WARN,PASS,fresh,fresh-campaign-receipt,c55daf13… @ 1ff1f2ddd,c55daf13e372331a5ab6dbd465ece351a55923831c45864325ac46b1508fa295,benchmark-results/host-store/issue120/performance/tiny_file_churn/tiny-create-1-compact-v2/perf.jsonl,benchmark-results/host-store/issue120/verification/tiny_file_churn/tiny-create-1-compact-v2/verification.json,timer=pure_call_sum_ns; completion=COMPLETE; command_wall_ns=445346792; cleanup=PASS; target_status=PASS
tiny_file_churn,tiny-create-10-compact-v2,performance,pure_call_sum_ns,30.16 ms,30160000,30161376,26.71 ms,26710000,"undeclared (historical context, never a paired claim)",1.13×,+3.45 ms,1,WARN,PASS,fresh,fresh-campaign-receipt,c55daf13… @ 1ff1f2ddd,c55daf13e372331a5ab6dbd465ece351a55923831c45864325ac46b1508fa295,benchmark-results/host-store/issue120/performance/tiny_file_churn/tiny-create-10-compact-v2/perf.jsonl,benchmark-results/host-store/issue120/verification/tiny_file_churn/tiny-create-10-compact-v2/verification.json,timer=pure_call_sum_ns; completion=COMPLETE; command_wall_ns=549983917; cleanup=PASS; target_status=PASS
tiny_file_churn,tiny-create-100-mixed-v4,performance,pure_call_sum_ns,78.98 ms,78980000,78975251,53.62 ms,53620000,"undeclared (historical context, never a paired claim)",1.47×,+25.36 ms,1,WARN,PASS,fresh,fresh-campaign-receipt,c55daf13… @ 1ff1f2ddd,c55daf13e372331a5ab6dbd465ece351a55923831c45864325ac46b1508fa295,benchmark-results/host-store/issue120/performance/tiny_file_churn/tiny-create-100-mixed-v4/perf.jsonl,benchmark-results/host-store/issue120/verification/tiny_file_churn/tiny-create-100-mixed-v4/verification.json,timer=pure_call_sum_ns; completion=COMPLETE; command_wall_ns=535338250; cleanup=PASS; target_status=PASS
tiny_file_churn,tiny-create-500-mixed-v4,performance,pure_call_sum_ns,242.66 ms,242660000,242659707,201.74 ms,201740000,"undeclared (historical context, never a paired claim)",1.20×,+40.92 ms,1,WARN,PASS,fresh,fresh-campaign-receipt,c55daf13… @ 1ff1f2ddd,c55daf13e372331a5ab6dbd465ece351a55923831c45864325ac46b1508fa295,benchmark-results/host-store/issue120/performance/tiny_file_churn/tiny-create-500-mixed-v4/perf.jsonl,benchmark-results/host-store/issue120/verification/tiny_file_churn/tiny-create-500-mixed-v4/verification.json,timer=pure_call_sum_ns; completion=COMPLETE; command_wall_ns=834322667; cleanup=PASS; target_status=PASS
tiny_file_churn,tiny-stat-1-compact-v2,performance,pure_call_sum_ns,21.81 ms,21810000,21807583,15.83 ms,15830000,"undeclared (historical context, never a paired claim)",1.38×,+5.97 ms,1,WARN,PASS,fresh,fresh-campaign-receipt,c55daf13… @ 1ff1f2ddd,c55daf13e372331a5ab6dbd465ece351a55923831c45864325ac46b1508fa295,benchmark-results/host-store/issue120/performance/tiny_file_churn/tiny-stat-1-compact-v2/perf.jsonl,benchmark-results/host-store/issue120/verification/tiny_file_churn/tiny-stat-1-compact-v2/verification.json,timer=pure_call_sum_ns; completion=COMPLETE; command_wall_ns=498694500; cleanup=PASS; target_status=PASS
tiny_file_churn,tiny-stat-10-compact-v2,performance,pure_call_sum_ns,28.63 ms,28630000,28626292,21.19 ms,21190000,"undeclared (historical context, never a paired claim)",1.35×,+7.43 ms,1,WARN,PASS,fresh,fresh-campaign-receipt,c55daf13… @ 1ff1f2ddd,c55daf13e372331a5ab6dbd465ece351a55923831c45864325ac46b1508fa295,benchmark-results/host-store/issue120/performance/tiny_file_churn/tiny-stat-10-compact-v2/perf.jsonl,benchmark-results/host-store/issue120/verification/tiny_file_churn/tiny-stat-10-compact-v2/verification.json,timer=pure_call_sum_ns; completion=COMPLETE; command_wall_ns=501193542; cleanup=PASS; target_status=PASS
tiny_file_churn,tiny-stat-100-mixed-v4,performance,pure_call_sum_ns,45.70 ms,45700000,45704626,37.81 ms,37810000,"undeclared (historical context, never a paired claim)",1.21×,+7.89 ms,1,WARN,PASS,fresh,fresh-campaign-receipt,c55daf13… @ 1ff1f2ddd,c55daf13e372331a5ab6dbd465ece351a55923831c45864325ac46b1508fa295,benchmark-results/host-store/issue120/performance/tiny_file_churn/tiny-stat-100-mixed-v4/perf.jsonl,benchmark-results/host-store/issue120/verification/tiny_file_churn/tiny-stat-100-mixed-v4/verification.json,timer=pure_call_sum_ns; completion=COMPLETE; command_wall_ns=656671417; cleanup=PASS; target_status=PASS
tiny_file_churn,tiny-stat-500-mixed-v4,performance,pure_call_sum_ns,69.84 ms,69840000,69836625,55.35 ms,55350000,"undeclared (historical context, never a paired claim)",1.26×,+14.49 ms,1,WARN,PASS,fresh,fresh-campaign-receipt,c55daf13… @ 1ff1f2ddd,c55daf13e372331a5ab6dbd465ece351a55923831c45864325ac46b1508fa295,benchmark-results/host-store/issue120/performance/tiny_file_churn/tiny-stat-500-mixed-v4/perf.jsonl,benchmark-results/host-store/issue120/verification/tiny_file_churn/tiny-stat-500-mixed-v4/verification.json,timer=pure_call_sum_ns; completion=COMPLETE; command_wall_ns=740748334; cleanup=PASS; target_status=PASS
tiny_file_churn,tiny-unlink-1-compact-v2,performance,pure_call_sum_ns,19.56 ms,19560000,19562543,17.63 ms,17630000,"undeclared (historical context, never a paired claim)",1.11×,+1.93 ms,1,PASS,PASS,fresh,fresh-campaign-receipt,c55daf13… @ 1ff1f2ddd,c55daf13e372331a5ab6dbd465ece351a55923831c45864325ac46b1508fa295,benchmark-results/host-store/issue120/performance/tiny_file_churn/tiny-unlink-1-compact-v2/perf.jsonl,benchmark-results/host-store/issue120/verification/tiny_file_churn/tiny-unlink-1-compact-v2/verification.json,timer=pure_call_sum_ns; completion=COMPLETE; command_wall_ns=490108084; cleanup=PASS; target_status=PASS
tiny_file_churn,tiny-unlink-10-compact-v2,performance,pure_call_sum_ns,28.36 ms,28360000,28359917,25.21 ms,25210000,"undeclared (historical context, never a paired claim)",1.12×,+3.15 ms,1,WARN,PASS,fresh,fresh-campaign-receipt,c55daf13… @ 1ff1f2ddd,c55daf13e372331a5ab6dbd465ece351a55923831c45864325ac46b1508fa295,benchmark-results/host-store/issue120/performance/tiny_file_churn/tiny-unlink-10-compact-v2/perf.jsonl,benchmark-results/host-store/issue120/verification/tiny_file_churn/tiny-unlink-10-compact-v2/verification.json,timer=pure_call_sum_ns; completion=COMPLETE; command_wall_ns=468375625; cleanup=PASS; target_status=PASS
tiny_file_churn,tiny-unlink-100-mixed-v4,performance,pure_call_sum_ns,63.78 ms,63780000,63784084,50.92 ms,50920000,"undeclared (historical context, never a paired claim)",1.25×,+12.87 ms,1,WARN,PASS,fresh,fresh-campaign-receipt,c55daf13… @ 1ff1f2ddd,c55daf13e372331a5ab6dbd465ece351a55923831c45864325ac46b1508fa295,benchmark-results/host-store/issue120/performance/tiny_file_churn/tiny-unlink-100-mixed-v4/perf.jsonl,benchmark-results/host-store/issue120/verification/tiny_file_churn/tiny-unlink-100-mixed-v4/verification.json,timer=pure_call_sum_ns; completion=COMPLETE; command_wall_ns=573784417; cleanup=PASS; target_status=PASS
tiny_file_churn,tiny-unlink-500-mixed-v4,performance,pure_call_sum_ns,119.58 ms,119580000,119579792,114.28 ms,114280000,"undeclared (historical context, never a paired claim)",1.05×,+5.30 ms,1,WARN,PASS,fresh,fresh-campaign-receipt,c55daf13… @ 1ff1f2ddd,c55daf13e372331a5ab6dbd465ece351a55923831c45864325ac46b1508fa295,benchmark-results/host-store/issue120/performance/tiny_file_churn/tiny-unlink-500-mixed-v4/perf.jsonl,benchmark-results/host-store/issue120/verification/tiny_file_churn/tiny-unlink-500-mixed-v4/verification.json,timer=pure_call_sum_ns; completion=COMPLETE; command_wall_ns=634531584; cleanup=PASS; target_status=PASS
tiny_file_churn,tiny-bulk-create-1-compact-v2,performance,pure_call_sum_ns,97.12 ms,97120000,97120710,96.73 ms,96730000,"undeclared (historical context, never a paired claim)",1.00×,+0.39 ms,1,PASS,PASS,fresh,fresh-campaign-receipt,c55daf13… @ 1ff1f2ddd,c55daf13e372331a5ab6dbd465ece351a55923831c45864325ac46b1508fa295,benchmark-results/host-store/issue120/performance/tiny_file_churn/tiny-bulk-create-1-compact-v2/perf.jsonl,benchmark-results/host-store/issue120/verification/tiny_file_churn/tiny-bulk-create-1-compact-v2/verification.json,timer=pure_call_sum_ns; completion=COMPLETE; command_wall_ns=570555875; cleanup=PASS; target_status=PASS
tiny_file_churn,tiny-bulk-create-10-compact-v2,performance,pure_call_sum_ns,316.83 ms,316830000,316833541,295.90 ms,295900000,"undeclared (historical context, never a paired claim)",1.07×,+20.94 ms,1,WARN,PASS,fresh,fresh-campaign-receipt,c55daf13… @ 1ff1f2ddd,c55daf13e372331a5ab6dbd465ece351a55923831c45864325ac46b1508fa295,benchmark-results/host-store/issue120/performance/tiny_file_churn/tiny-bulk-create-10-compact-v2/perf.jsonl,benchmark-results/host-store/issue120/verification/tiny_file_churn/tiny-bulk-create-10-compact-v2/verification.json,timer=pure_call_sum_ns; completion=COMPLETE; command_wall_ns=699069042; cleanup=PASS; target_status=PASS
tiny_file_churn,tiny-bulk-create-100-mixed-v3,performance,pure_call_sum_ns,983.33 ms,983330000,,989.89 ms,989890000,"undeclared (historical context, never a paired claim)",0.99×,-6.56 ms,1,REUSED-FROM fsync-qualified remaining-shared,reused,reused,reused-issue118-receipt,"fsync-qualified 440ae2c4… (commit f8fa59fab, pre-#107/#116)",440ae2c4ce03741676a2845becb9b1661dde341079cc62faad0998847d33a4e5,benchmark-results/host-store/issue118/20260912/remaining-shared/tiny-bulk-create-100-mixed-v3/perf.jsonl,benchmark-results/host-store/issue118/20260912/remaining-shared/tiny-bulk-create-100-mixed-v3-proof/verification.json,
tiny_file_churn,tiny-bulk-create-500-mixed-v3,performance,pure_call_sum_ns,5.733 s,5733000000,5732993668,5.054 s,5054000000,"undeclared (historical context, never a paired claim)",1.13×,+678.94 ms,1,WARN,PASS,fresh,fresh-campaign-receipt,c55daf13… @ 1ff1f2ddd,c55daf13e372331a5ab6dbd465ece351a55923831c45864325ac46b1508fa295,benchmark-results/host-store/issue120/performance/tiny_file_churn/tiny-bulk-create-500-mixed-v3/perf.jsonl,benchmark-results/host-store/issue120/verification/tiny_file_churn/tiny-bulk-create-500-mixed-v3/verification.json,timer=pure_call_sum_ns; completion=COMPLETE; command_wall_ns=6628152708; cleanup=PASS; target_status=PASS
tiny_file_churn,tiny-bulk-delete-1-compact-v2,performance,pure_call_sum_ns,110.07 ms,110070000,110066333,93.35 ms,93350000,"undeclared (historical context, never a paired claim)",1.18×,+16.72 ms,1,WARN,PASS,fresh,fresh-campaign-receipt,c55daf13… @ 1ff1f2ddd,c55daf13e372331a5ab6dbd465ece351a55923831c45864325ac46b1508fa295,benchmark-results/host-store/issue120/performance/tiny_file_churn/tiny-bulk-delete-1-compact-v2/perf.jsonl,benchmark-results/host-store/issue120/verification/tiny_file_churn/tiny-bulk-delete-1-compact-v2/verification.json,timer=pure_call_sum_ns; completion=COMPLETE; command_wall_ns=741817333; cleanup=PASS; target_status=PASS
tiny_file_churn,tiny-bulk-delete-10-compact-v2,performance,pure_call_sum_ns,209.75 ms,209750000,209748123,168.25 ms,168250000,"undeclared (historical context, never a paired claim)",1.25×,+41.49 ms,1,WARN,PASS,fresh,fresh-campaign-receipt,c55daf13… @ 1ff1f2ddd,c55daf13e372331a5ab6dbd465ece351a55923831c45864325ac46b1508fa295,benchmark-results/host-store/issue120/performance/tiny_file_churn/tiny-bulk-delete-10-compact-v2/perf.jsonl,benchmark-results/host-store/issue120/verification/tiny_file_churn/tiny-bulk-delete-10-compact-v2/verification.json,timer=pure_call_sum_ns; completion=COMPLETE; command_wall_ns=693756542; cleanup=PASS; target_status=PASS
tiny_file_churn,tiny-bulk-delete-100-mixed-v3,performance,pure_call_sum_ns,306.85 ms,306850000,306845124,259.28 ms,259280000,"undeclared (historical context, never a paired claim)",1.18×,+47.57 ms,1,WARN,PASS,fresh,fresh-campaign-receipt,c55daf13… @ 1ff1f2ddd,c55daf13e372331a5ab6dbd465ece351a55923831c45864325ac46b1508fa295,benchmark-results/host-store/issue120/performance/tiny_file_churn/tiny-bulk-delete-100-mixed-v3/perf.jsonl,benchmark-results/host-store/issue120/verification/tiny_file_churn/tiny-bulk-delete-100-mixed-v3/verification.json,timer=pure_call_sum_ns; completion=COMPLETE; command_wall_ns=839938166; cleanup=PASS; target_status=PASS
tiny_file_churn,tiny-bulk-delete-500-mixed-v3,performance,pure_call_sum_ns,1.185 s,1185000000,1185336667,933.00 ms,933000000,"undeclared (historical context, never a paired claim)",1.27×,+252.34 ms,1,WARN,PASS,fresh,fresh-campaign-receipt,c55daf13… @ 1ff1f2ddd,c55daf13e372331a5ab6dbd465ece351a55923831c45864325ac46b1508fa295,benchmark-results/host-store/issue120/performance/tiny_file_churn/tiny-bulk-delete-500-mixed-v3/perf.jsonl,benchmark-results/host-store/issue120/verification/tiny_file_churn/tiny-bulk-delete-500-mixed-v3/verification.json,timer=pure_call_sum_ns; completion=COMPLETE; command_wall_ns=1711901042; cleanup=PASS; target_status=PASS
namespace_mutation,namespace-subtree-relocate-delete-1-compact-v2,performance,pure_call_sum_ns,29.55 ms,29550000,29545292,21.31 ms,21310000,"undeclared (historical context, never a paired claim)",1.39×,+8.23 ms,1,WARN,PASS,fresh,fresh-campaign-receipt,c55daf13… @ 1ff1f2ddd,c55daf13e372331a5ab6dbd465ece351a55923831c45864325ac46b1508fa295,benchmark-results/host-store/issue120/performance/namespace_mutation/namespace-subtree-relocate-delete-1-compact-v2/perf.jsonl,benchmark-results/host-store/issue120/verification/namespace_mutation/namespace-subtree-relocate-delete-1-compact-v2/verification.json,timer=pure_call_sum_ns; completion=COMPLETE; command_wall_ns=591515250; cleanup=PASS; target_status=PASS
namespace_mutation,namespace-subtree-relocate-delete-10-compact-v2,performance,pure_call_sum_ns,73.48 ms,73480000,73478126,59.14 ms,59140000,"undeclared (historical context, never a paired claim)",1.24×,+14.33 ms,1,WARN,PASS,fresh,fresh-campaign-receipt,c55daf13… @ 1ff1f2ddd,c55daf13e372331a5ab6dbd465ece351a55923831c45864325ac46b1508fa295,benchmark-results/host-store/issue120/performance/namespace_mutation/namespace-subtree-relocate-delete-10-compact-v2/perf.jsonl,benchmark-results/host-store/issue120/verification/namespace_mutation/namespace-subtree-relocate-delete-10-compact-v2/verification.json,timer=pure_call_sum_ns; completion=COMPLETE; command_wall_ns=538950208; cleanup=PASS; target_status=PASS
namespace_mutation,namespace-subtree-relocate-delete-100-mixed-v4,performance,pure_call_sum_ns,74.19 ms,74190000,74188707,51.02 ms,51020000,"undeclared (historical context, never a paired claim)",1.45×,+23.17 ms,1,WARN,PASS,fresh,fresh-campaign-receipt,c55daf13… @ 1ff1f2ddd,c55daf13e372331a5ab6dbd465ece351a55923831c45864325ac46b1508fa295,benchmark-results/host-store/issue120/performance/namespace_mutation/namespace-subtree-relocate-delete-100-mixed-v4/perf.jsonl,benchmark-results/host-store/issue120/verification/namespace_mutation/namespace-subtree-relocate-delete-100-mixed-v4/verification.json,timer=pure_call_sum_ns; completion=COMPLETE; command_wall_ns=588020791; cleanup=PASS; target_status=PASS
namespace_mutation,namespace-subtree-relocate-delete-500-mixed-v4,performance,pure_call_sum_ns,274.96 ms,274960000,274960582,182.89 ms,182890000,"undeclared (historical context, never a paired claim)",1.50×,+92.07 ms,1,WARN,PASS,fresh,fresh-campaign-receipt,c55daf13… @ 1ff1f2ddd,c55daf13e372331a5ab6dbd465ece351a55923831c45864325ac46b1508fa295,benchmark-results/host-store/issue120/performance/namespace_mutation/namespace-subtree-relocate-delete-500-mixed-v4/perf.jsonl,benchmark-results/host-store/issue120/verification/namespace_mutation/namespace-subtree-relocate-delete-500-mixed-v4/verification.json,timer=pure_call_sum_ns; completion=COMPLETE; command_wall_ns=770883417; cleanup=PASS; target_status=PASS
directory_construction_traversal,directory-construct-1-compact-v2,performance,pure_call_sum_ns,22.38 ms,22380000,22384083,17.02 ms,17020000,"undeclared (historical context, never a paired claim)",1.31×,+5.36 ms,1,WARN,PASS,fresh,fresh-campaign-receipt,c55daf13… @ 1ff1f2ddd,c55daf13e372331a5ab6dbd465ece351a55923831c45864325ac46b1508fa295,benchmark-results/host-store/issue120/performance/directory_construction_traversal/directory-construct-1-compact-v2/perf.jsonl,benchmark-results/host-store/issue120/verification/directory_construction_traversal/directory-construct-1-compact-v2/verification.json,timer=pure_call_sum_ns; completion=COMPLETE; command_wall_ns=587696959; cleanup=PASS; target_status=PASS
directory_construction_traversal,directory-construct-10-compact-v2,performance,pure_call_sum_ns,38.60 ms,38600000,38598917,39.35 ms,39350000,"undeclared (historical context, never a paired claim)",0.98×,-0.75 ms,1,PASS,PASS,fresh,fresh-campaign-receipt,c55daf13… @ 1ff1f2ddd,c55daf13e372331a5ab6dbd465ece351a55923831c45864325ac46b1508fa295,benchmark-results/host-store/issue120/performance/directory_construction_traversal/directory-construct-10-compact-v2/perf.jsonl,benchmark-results/host-store/issue120/verification/directory_construction_traversal/directory-construct-10-compact-v2/verification.json,timer=pure_call_sum_ns; completion=COMPLETE; command_wall_ns=482234791; cleanup=PASS; target_status=PASS
directory_construction_traversal,directory-construct-100-mixed-v4,performance,pure_call_sum_ns,253.42 ms,253420000,253421666,216.06 ms,216060000,"undeclared (historical context, never a paired claim)",1.17×,+37.36 ms,1,WARN,PASS,fresh,fresh-campaign-receipt,c55daf13… @ 1ff1f2ddd,c55daf13e372331a5ab6dbd465ece351a55923831c45864325ac46b1508fa295,benchmark-results/host-store/issue120/performance/directory_construction_traversal/directory-construct-100-mixed-v4/perf.jsonl,benchmark-results/host-store/issue120/verification/directory_construction_traversal/directory-construct-100-mixed-v4/verification.json,timer=pure_call_sum_ns; completion=COMPLETE; command_wall_ns=724048000; cleanup=PASS; target_status=PASS
directory_construction_traversal,directory-construct-500-mixed-v4,performance,pure_call_sum_ns,1.140 s,1140000000,1140328543,1.031 s,1031000000,"undeclared (historical context, never a paired claim)",1.11×,+109.75 ms,1,WARN,PASS,fresh,fresh-campaign-receipt,c55daf13… @ 1ff1f2ddd,c55daf13e372331a5ab6dbd465ece351a55923831c45864325ac46b1508fa295,benchmark-results/host-store/issue120/performance/directory_construction_traversal/directory-construct-500-mixed-v4/perf.jsonl,benchmark-results/host-store/issue120/verification/directory_construction_traversal/directory-construct-500-mixed-v4/verification.json,timer=pure_call_sum_ns; completion=COMPLETE; command_wall_ns=1658332250; cleanup=PASS; target_status=PASS
directory_construction_traversal,directory-metadata-scan-1-compact-v2,performance,pure_call_sum_ns,87.97 ms,87970000,87967374,70.53 ms,70530000,"undeclared (historical context, never a paired claim)",1.25×,+17.44 ms,1,WARN,PASS,fresh,fresh-campaign-receipt,c55daf13… @ 1ff1f2ddd,c55daf13e372331a5ab6dbd465ece351a55923831c45864325ac46b1508fa295,benchmark-results/host-store/issue120/performance/directory_construction_traversal/directory-metadata-scan-1-compact-v2/perf.jsonl,benchmark-results/host-store/issue120/verification/directory_construction_traversal/directory-metadata-scan-1-compact-v2/verification.json,timer=pure_call_sum_ns; completion=COMPLETE; command_wall_ns=683311458; cleanup=PASS; target_status=PASS
directory_construction_traversal,directory-metadata-scan-10-compact-v2,performance,pure_call_sum_ns,137.61 ms,137610000,137608209,100.74 ms,100740000,"undeclared (historical context, never a paired claim)",1.37×,+36.87 ms,1,WARN,PASS,fresh,fresh-campaign-receipt,c55daf13… @ 1ff1f2ddd,c55daf13e372331a5ab6dbd465ece351a55923831c45864325ac46b1508fa295,benchmark-results/host-store/issue120/performance/directory_construction_traversal/directory-metadata-scan-10-compact-v2/perf.jsonl,benchmark-results/host-store/issue120/verification/directory_construction_traversal/directory-metadata-scan-10-compact-v2/verification.json,timer=pure_call_sum_ns; completion=COMPLETE; command_wall_ns=622587333; cleanup=PASS; target_status=PASS
directory_construction_traversal,directory-metadata-scan-100-mixed-v4,performance,pure_call_sum_ns,333.03 ms,333030000,333027500,244.24 ms,244240000,"undeclared (historical context, never a paired claim)",1.36×,+88.79 ms,1,WARN,PASS,fresh,fresh-campaign-receipt,c55daf13… @ 1ff1f2ddd,c55daf13e372331a5ab6dbd465ece351a55923831c45864325ac46b1508fa295,benchmark-results/host-store/issue120/performance/directory_construction_traversal/directory-metadata-scan-100-mixed-v4/perf.jsonl,benchmark-results/host-store/issue120/verification/directory_construction_traversal/directory-metadata-scan-100-mixed-v4/verification.json,timer=pure_call_sum_ns; completion=COMPLETE; command_wall_ns=860520500; cleanup=PASS; target_status=PASS
directory_construction_traversal,directory-metadata-scan-500-mixed-v4,performance,pure_call_sum_ns,694.66 ms,694660000,694664875,504.93 ms,504930000,"undeclared (historical context, never a paired claim)",1.38×,+189.73 ms,1,WARN,PASS,fresh,fresh-campaign-receipt,c55daf13… @ 1ff1f2ddd,c55daf13e372331a5ab6dbd465ece351a55923831c45864325ac46b1508fa295,benchmark-results/host-store/issue120/performance/directory_construction_traversal/directory-metadata-scan-500-mixed-v4/perf.jsonl,benchmark-results/host-store/issue120/verification/directory_construction_traversal/directory-metadata-scan-500-mixed-v4/verification.json,timer=pure_call_sum_ns; completion=COMPLETE; command_wall_ns=1349994750; cleanup=PASS; target_status=PASS
directory_construction_traversal,directory-content-scan-1-compact-v2,performance,pure_call_sum_ns,105.53 ms,105530000,105525085,84.76 ms,84760000,"undeclared (historical context, never a paired claim)",1.25×,+20.77 ms,1,WARN,PASS,fresh,fresh-campaign-receipt,c55daf13… @ 1ff1f2ddd,c55daf13e372331a5ab6dbd465ece351a55923831c45864325ac46b1508fa295,benchmark-results/host-store/issue120/performance/directory_construction_traversal/directory-content-scan-1-compact-v2/perf.jsonl,benchmark-results/host-store/issue120/verification/directory_construction_traversal/directory-content-scan-1-compact-v2/verification.json,timer=pure_call_sum_ns; completion=COMPLETE; command_wall_ns=749908125; cleanup=PASS; target_status=PASS
directory_construction_traversal,directory-content-scan-10-compact-v2,performance,pure_call_sum_ns,348.62 ms,348620000,348615250,308.87 ms,308870000,"undeclared (historical context, never a paired claim)",1.13×,+39.74 ms,1,WARN,PASS,fresh,fresh-campaign-receipt,c55daf13… @ 1ff1f2ddd,c55daf13e372331a5ab6dbd465ece351a55923831c45864325ac46b1508fa295,benchmark-results/host-store/issue120/performance/directory_construction_traversal/directory-content-scan-10-compact-v2/perf.jsonl,benchmark-results/host-store/issue120/verification/directory_construction_traversal/directory-content-scan-10-compact-v2/verification.json,timer=pure_call_sum_ns; completion=COMPLETE; command_wall_ns=865377083; cleanup=PASS; target_status=PASS
directory_construction_traversal,directory-content-scan-100-mixed-v4,performance,pure_call_sum_ns,1.231 s,1231000000,1231326957,1.105 s,1105000000,"undeclared (historical context, never a paired claim)",1.11×,+126.19 ms,1,WARN,PASS,fresh,fresh-campaign-receipt,c55daf13… @ 1ff1f2ddd,c55daf13e372331a5ab6dbd465ece351a55923831c45864325ac46b1508fa295,benchmark-results/host-store/issue120/performance/directory_construction_traversal/directory-content-scan-100-mixed-v4/perf.jsonl,benchmark-results/host-store/issue120/verification/directory_construction_traversal/directory-content-scan-100-mixed-v4/verification.json,timer=pure_call_sum_ns; completion=COMPLETE; command_wall_ns=1799011375; cleanup=PASS; target_status=PASS
directory_construction_traversal,directory-content-scan-500-mixed-v4,performance,pure_call_sum_ns,4.434 s,4434000000,,3.907 s,3907000000,"undeclared (historical context, never a paired claim)",1.14×,+527.55 ms,1,REUSED-FROM fsync-qualified remaining-shared,reused,reused,reused-issue118-receipt,"fsync-qualified 440ae2c4… (commit f8fa59fab, pre-#107/#116)",440ae2c4ce03741676a2845becb9b1661dde341079cc62faad0998847d33a4e5,benchmark-results/host-store/issue118/20260912/remaining-shared/directory-content-scan-500-mixed-v4/perf.jsonl,benchmark-results/host-store/issue118/20260912/remaining-shared/directory-content-scan-500-mixed-v4-proof/verification.json,
workspace_change_locality,workspace-clean-commit-1-compact-v2,performance,pure_call_sum_ns,10.50 ms,10500000,10495167,11.32 ms,11320000,"undeclared (historical context, never a paired claim)",0.93×,-0.82 ms,1,PASS,PASS,fresh,fresh-campaign-receipt,c55daf13… @ 1ff1f2ddd,c55daf13e372331a5ab6dbd465ece351a55923831c45864325ac46b1508fa295,benchmark-results/host-store/issue120/performance/workspace_change_locality/workspace-clean-commit-1-compact-v2/perf.jsonl,benchmark-results/host-store/issue120/verification/workspace_change_locality/workspace-clean-commit-1-compact-v2/verification.json,timer=pure_call_sum_ns; completion=COMPLETE; command_wall_ns=581574375; cleanup=PASS; target_status=PASS
workspace_change_locality,workspace-clean-commit-10-compact-v2,performance,pure_call_sum_ns,11.87 ms,11870000,11871750,10.87 ms,10870000,"undeclared (historical context, never a paired claim)",1.09×,+1.00 ms,1,PASS,PASS,fresh,fresh-campaign-receipt,c55daf13… @ 1ff1f2ddd,c55daf13e372331a5ab6dbd465ece351a55923831c45864325ac46b1508fa295,benchmark-results/host-store/issue120/performance/workspace_change_locality/workspace-clean-commit-10-compact-v2/perf.jsonl,benchmark-results/host-store/issue120/verification/workspace_change_locality/workspace-clean-commit-10-compact-v2/verification.json,timer=pure_call_sum_ns; completion=COMPLETE; command_wall_ns=447344791; cleanup=PASS; target_status=PASS
workspace_change_locality,workspace-clean-commit-100-mixed-v4,performance,pure_call_sum_ns,15.47 ms,15470000,15469750,11.56 ms,11560000,"undeclared (historical context, never a paired claim)",1.34×,+3.91 ms,1,WARN,PASS,fresh,fresh-campaign-receipt,c55daf13… @ 1ff1f2ddd,c55daf13e372331a5ab6dbd465ece351a55923831c45864325ac46b1508fa295,benchmark-results/host-store/issue120/performance/workspace_change_locality/workspace-clean-commit-100-mixed-v4/perf.jsonl,benchmark-results/host-store/issue120/verification/workspace_change_locality/workspace-clean-commit-100-mixed-v4/verification.json,timer=pure_call_sum_ns; completion=COMPLETE; command_wall_ns=570100334; cleanup=PASS; target_status=PASS
workspace_change_locality,workspace-clean-commit-500-mixed-v4,performance,pure_call_sum_ns,17.80 ms,17800000,17795083,11.87 ms,11870000,"undeclared (historical context, never a paired claim)",1.50×,+5.93 ms,1,WARN,PASS,fresh,fresh-campaign-receipt,c55daf13… @ 1ff1f2ddd,c55daf13e372331a5ab6dbd465ece351a55923831c45864325ac46b1508fa295,benchmark-results/host-store/issue120/performance/workspace_change_locality/workspace-clean-commit-500-mixed-v4/perf.jsonl,benchmark-results/host-store/issue120/verification/workspace_change_locality/workspace-clean-commit-500-mixed-v4/verification.json,timer=pure_call_sum_ns; completion=COMPLETE; command_wall_ns=653667584; cleanup=PASS; target_status=PASS
workspace_change_locality,workspace-fixed-move-1-compact-v2,performance,pure_call_sum_ns,26.56 ms,26560000,26557334,19.71 ms,19710000,"undeclared (historical context, never a paired claim)",1.35×,+6.85 ms,1,WARN,PASS,fresh,fresh-campaign-receipt,c55daf13… @ 1ff1f2ddd,c55daf13e372331a5ab6dbd465ece351a55923831c45864325ac46b1508fa295,benchmark-results/host-store/issue120/performance/workspace_change_locality/workspace-fixed-move-1-compact-v2/perf.jsonl,benchmark-results/host-store/issue120/verification/workspace_change_locality/workspace-fixed-move-1-compact-v2/verification.json,timer=pure_call_sum_ns; completion=COMPLETE; command_wall_ns=582974625; cleanup=PASS; target_status=PASS
workspace_change_locality,workspace-fixed-move-10-compact-v2,performance,pure_call_sum_ns,28.83 ms,28830000,28828876,21.32 ms,21320000,"undeclared (historical context, never a paired claim)",1.35×,+7.51 ms,1,WARN,PASS,fresh,fresh-campaign-receipt,c55daf13… @ 1ff1f2ddd,c55daf13e372331a5ab6dbd465ece351a55923831c45864325ac46b1508fa295,benchmark-results/host-store/issue120/performance/workspace_change_locality/workspace-fixed-move-10-compact-v2/perf.jsonl,benchmark-results/host-store/issue120/verification/workspace_change_locality/workspace-fixed-move-10-compact-v2/verification.json,timer=pure_call_sum_ns; completion=COMPLETE; command_wall_ns=503590000; cleanup=PASS; target_status=PASS
workspace_change_locality,workspace-fixed-move-100-mixed-v4,performance,pure_call_sum_ns,35.95 ms,35950000,35948959,28.35 ms,28350000,"undeclared (historical context, never a paired claim)",1.27×,+7.60 ms,1,WARN,PASS,fresh,fresh-campaign-receipt,c55daf13… @ 1ff1f2ddd,c55daf13e372331a5ab6dbd465ece351a55923831c45864325ac46b1508fa295,benchmark-results/host-store/issue120/performance/workspace_change_locality/workspace-fixed-move-100-mixed-v4/perf.jsonl,benchmark-results/host-store/issue120/verification/workspace_change_locality/workspace-fixed-move-100-mixed-v4/verification.json,timer=pure_call_sum_ns; completion=COMPLETE; command_wall_ns=571829125; cleanup=PASS; target_status=PASS
workspace_change_locality,workspace-fixed-move-500-mixed-v4,performance,pure_call_sum_ns,47.75 ms,47750000,,27.59 ms,27590000,"undeclared (historical context, never a paired claim)",1.73×,+20.16 ms,1,REUSED-FROM fsync-qualified remaining-shared,reused,reused,reused-issue118-receipt,"fsync-qualified 440ae2c4… (commit f8fa59fab, pre-#107/#116)",440ae2c4ce03741676a2845becb9b1661dde341079cc62faad0998847d33a4e5,benchmark-results/host-store/issue118/20260912/remaining-shared/workspace-fixed-move-500-mixed-v4/perf.jsonl,benchmark-results/host-store/issue118/20260912/remaining-shared/workspace-fixed-move-500-mixed-v4-proof/verification.json,
workspace_change_locality,workspace-distributed-sdk-edit-1-compact-v2,performance,pure_call_sum_ns,25.27 ms,25270000,25273042,16.94 ms,16940000,"undeclared (historical context, never a paired claim)",1.49×,+8.34 ms,1,WARN,PASS,fresh,fresh-campaign-receipt,c55daf13… @ 1ff1f2ddd,c55daf13e372331a5ab6dbd465ece351a55923831c45864325ac46b1508fa295,benchmark-results/host-store/issue120/performance/workspace_change_locality/workspace-distributed-sdk-edit-1-compact-v2/perf.jsonl,benchmark-results/host-store/issue120/verification/workspace_change_locality/workspace-distributed-sdk-edit-1-compact-v2/verification.json,timer=pure_call_sum_ns; completion=COMPLETE; command_wall_ns=516625375; cleanup=PASS; target_status=PASS
workspace_change_locality,workspace-distributed-sdk-edit-10-compact-v2,performance,pure_call_sum_ns,42.31 ms,42310000,42314374,39.18 ms,39180000,"undeclared (historical context, never a paired claim)",1.08×,+3.13 ms,1,WARN,PASS,fresh,fresh-campaign-receipt,c55daf13… @ 1ff1f2ddd,c55daf13e372331a5ab6dbd465ece351a55923831c45864325ac46b1508fa295,benchmark-results/host-store/issue120/performance/workspace_change_locality/workspace-distributed-sdk-edit-10-compact-v2/perf.jsonl,benchmark-results/host-store/issue120/verification/workspace_change_locality/workspace-distributed-sdk-edit-10-compact-v2/verification.json,timer=pure_call_sum_ns; completion=COMPLETE; command_wall_ns=580590833; cleanup=PASS; target_status=PASS
workspace_change_locality,workspace-distributed-sdk-edit-100-mixed-v4,performance,pure_call_sum_ns,213.09 ms,213090000,213086041,336.40 ms,336400000,"undeclared (historical context, never a paired claim)",0.63×,-123.31 ms,1,PASS,PASS,fresh,fresh-campaign-receipt,c55daf13… @ 1ff1f2ddd,c55daf13e372331a5ab6dbd465ece351a55923831c45864325ac46b1508fa295,benchmark-results/host-store/issue120/performance/workspace_change_locality/workspace-distributed-sdk-edit-100-mixed-v4/perf.jsonl,benchmark-results/host-store/issue120/verification/workspace_change_locality/workspace-distributed-sdk-edit-100-mixed-v4/verification.json,timer=pure_call_sum_ns; completion=COMPLETE; command_wall_ns=798210042; cleanup=PASS; target_status=PASS
workspace_change_locality,workspace-distributed-sdk-edit-500-mixed-v4,performance,pure_call_sum_ns,666.10 ms,666100000,,2.849 s,2849000000,"undeclared (historical context, never a paired claim)",0.23×,"-2,183.08 ms",1,REUSED-FROM fsync-qualified remaining-shared,reused,reused,reused-issue118-receipt,"fsync-qualified 440ae2c4… (commit f8fa59fab, pre-#107/#116)",440ae2c4ce03741676a2845becb9b1661dde341079cc62faad0998847d33a4e5,benchmark-results/host-store/issue118/20260912/remaining-shared/workspace-distributed-sdk-edit-500-mixed-v4/perf.jsonl,benchmark-results/host-store/issue118/20260912/remaining-shared/workspace-distributed-sdk-edit-500-mixed-v4-proof/verification.json,
workspace_change_locality,workspace-dense-rewrite-1-compact-v2,performance,pure_call_sum_ns,109.38 ms,109380000,109375707,84.12 ms,84120000,"undeclared (historical context, never a paired claim)",1.30×,+25.26 ms,1,WARN,PASS,fresh,fresh-campaign-receipt,c55daf13… @ 1ff1f2ddd,c55daf13e372331a5ab6dbd465ece351a55923831c45864325ac46b1508fa295,benchmark-results/host-store/issue120/performance/workspace_change_locality/workspace-dense-rewrite-1-compact-v2/perf.jsonl,benchmark-results/host-store/issue120/verification/workspace_change_locality/workspace-dense-rewrite-1-compact-v2/verification.json,timer=pure_call_sum_ns; completion=COMPLETE; command_wall_ns=652242500; cleanup=PASS; target_status=PASS
workspace_change_locality,workspace-dense-rewrite-10-compact-v2,performance,pure_call_sum_ns,583.17 ms,583170000,583170375,316.62 ms,316620000,"undeclared (historical context, never a paired claim)",1.84×,+266.55 ms,1,WARN,PASS,fresh,fresh-campaign-receipt,c55daf13… @ 1ff1f2ddd,c55daf13e372331a5ab6dbd465ece351a55923831c45864325ac46b1508fa295,benchmark-results/host-store/issue120/performance/workspace_change_locality/workspace-dense-rewrite-10-compact-v2/perf.jsonl,benchmark-results/host-store/issue120/verification/workspace_change_locality/workspace-dense-rewrite-10-compact-v2/verification.json,timer=pure_call_sum_ns; completion=COMPLETE; command_wall_ns=1142252166; cleanup=PASS; target_status=PASS
workspace_change_locality,workspace-dense-rewrite-100-mixed-v4,performance,pure_call_sum_ns,2.894 s,2894000000,,1.498 s,1498000000,"undeclared (historical context, never a paired claim)",1.93×,"+1,396.44 ms",1,REUSED-FROM fsync-qualified remaining-shared,reused,reused,reused-issue118-receipt,"fsync-qualified 440ae2c4… (commit f8fa59fab, pre-#107/#116)",440ae2c4ce03741676a2845becb9b1661dde341079cc62faad0998847d33a4e5,benchmark-results/host-store/issue118/20260912/remaining-shared/workspace-dense-rewrite-100-mixed-v4/perf.jsonl,benchmark-results/host-store/issue118/20260912/remaining-shared/workspace-dense-rewrite-100-mixed-v4-proof/verification.json,
workspace_change_locality,workspace-dense-rewrite-500-mixed-v4,performance,pure_call_sum_ns,10.499 s,10499000000,,5.689 s,5689000000,"undeclared (historical context, never a paired claim)",1.85×,"+4,810.45 ms",1,REUSED-FROM fsync-qualified remaining-shared,reused,reused,reused-issue118-receipt,"fsync-qualified 440ae2c4… (commit f8fa59fab, pre-#107/#116)",440ae2c4ce03741676a2845becb9b1661dde341079cc62faad0998847d33a4e5,benchmark-results/host-store/issue118/20260912/remaining-shared/workspace-dense-rewrite-500-mixed-v4/perf.jsonl,benchmark-results/host-store/issue118/20260912/remaining-shared/workspace-dense-rewrite-500-mixed-v4-proof/verification.json,
dedup_branch_history,dedup-history-distributed-1,performance,pure_call_sum_ns,17.14 ms,17140000,17135875,22.16 ms,22160000,"undeclared (historical context, never a paired claim)",0.77×,-5.03 ms,1,PASS,PASS,fresh,fresh-campaign-receipt,c55daf13… @ 1ff1f2ddd,c55daf13e372331a5ab6dbd465ece351a55923831c45864325ac46b1508fa295,benchmark-results/host-store/issue120/performance/dedup_branch_history/dedup-history-distributed-1/perf.jsonl,benchmark-results/host-store/issue120/verification/dedup_branch_history/dedup-history-distributed-1/verification.json,timer=pure_call_sum_ns; completion=COMPLETE; command_wall_ns=532738333; cleanup=PASS; target_status=PASS
dedup_branch_history,dedup-history-distributed-10,performance,pure_call_sum_ns,69.57 ms,69570000,69572246,82.27 ms,82270000,"undeclared (historical context, never a paired claim)",0.85×,-12.69 ms,1,PASS,PASS,fresh,fresh-campaign-receipt,c55daf13… @ 1ff1f2ddd,c55daf13e372331a5ab6dbd465ece351a55923831c45864325ac46b1508fa295,benchmark-results/host-store/issue120/performance/dedup_branch_history/dedup-history-distributed-10/perf.jsonl,benchmark-results/host-store/issue120/verification/dedup_branch_history/dedup-history-distributed-10/verification.json,timer=pure_call_sum_ns; completion=COMPLETE; command_wall_ns=652896333; cleanup=PASS; target_status=PASS
dedup_branch_history,dedup-history-distributed-100,performance,pure_call_sum_ns,735.40 ms,735400000,735401993,586.40 ms,586400000,"undeclared (historical context, never a paired claim)",1.25×,+149.00 ms,1,WARN,PASS,fresh,fresh-campaign-receipt,c55daf13… @ 1ff1f2ddd,c55daf13e372331a5ab6dbd465ece351a55923831c45864325ac46b1508fa295,benchmark-results/host-store/issue120/performance/dedup_branch_history/dedup-history-distributed-100/perf.jsonl,benchmark-results/host-store/issue120/verification/dedup_branch_history/dedup-history-distributed-100/verification.json,timer=pure_call_sum_ns; completion=COMPLETE; command_wall_ns=1475242625; cleanup=PASS; target_status=PASS
dedup_branch_history,dedup-history-distributed-500,performance,pure_call_sum_ns,4.304 s,4304000000,4303859826,2.925 s,2925000000,"undeclared (historical context, never a paired claim)",1.47×,"+1,378.64 ms",1,WARN,PASS,fresh,fresh-campaign-receipt,c55daf13… @ 1ff1f2ddd,c55daf13e372331a5ab6dbd465ece351a55923831c45864325ac46b1508fa295,benchmark-results/host-store/issue120/performance/dedup_branch_history/dedup-history-distributed-500/perf.jsonl,benchmark-results/host-store/issue120/verification/dedup_branch_history/dedup-history-distributed-500/verification.json,timer=pure_call_sum_ns; completion=COMPLETE; command_wall_ns=5832195458; cleanup=PASS; target_status=PASS
dedup_branch_history,dedup-history-hotset-1,performance,pure_call_sum_ns,23.41 ms,23410000,23411501,23.58 ms,23580000,"undeclared (historical context, never a paired claim)",0.99×,-0.17 ms,1,PASS,PASS,fresh,fresh-campaign-receipt,c55daf13… @ 1ff1f2ddd,c55daf13e372331a5ab6dbd465ece351a55923831c45864325ac46b1508fa295,benchmark-results/host-store/issue120/performance/dedup_branch_history/dedup-history-hotset-1/perf.jsonl,benchmark-results/host-store/issue120/verification/dedup_branch_history/dedup-history-hotset-1/verification.json,timer=pure_call_sum_ns; completion=COMPLETE; command_wall_ns=500198917; cleanup=PASS; target_status=PASS
dedup_branch_history,dedup-history-hotset-10,performance,pure_call_sum_ns,125.41 ms,125410000,125411582,118.46 ms,118460000,"undeclared (historical context, never a paired claim)",1.06×,+6.95 ms,1,WARN,PASS,fresh,fresh-campaign-receipt,c55daf13… @ 1ff1f2ddd,c55daf13e372331a5ab6dbd465ece351a55923831c45864325ac46b1508fa295,benchmark-results/host-store/issue120/performance/dedup_branch_history/dedup-history-hotset-10/perf.jsonl,benchmark-results/host-store/issue120/verification/dedup_branch_history/dedup-history-hotset-10/verification.json,timer=pure_call_sum_ns; completion=COMPLETE; command_wall_ns=703637209; cleanup=PASS; target_status=PASS
dedup_branch_history,dedup-history-hotset-100,performance,pure_call_sum_ns,985.36 ms,985360000,985360790,799.50 ms,799500000,"undeclared (historical context, never a paired claim)",1.23×,+185.86 ms,1,WARN,PASS,fresh,fresh-campaign-receipt,c55daf13… @ 1ff1f2ddd,c55daf13e372331a5ab6dbd465ece351a55923831c45864325ac46b1508fa295,benchmark-results/host-store/issue120/performance/dedup_branch_history/dedup-history-hotset-100/perf.jsonl,benchmark-results/host-store/issue120/verification/dedup_branch_history/dedup-history-hotset-100/verification.json,timer=pure_call_sum_ns; completion=COMPLETE; command_wall_ns=1701268416; cleanup=PASS; target_status=PASS
dedup_branch_history,dedup-history-hotset-500,performance,pure_call_sum_ns,4.914 s,4914000000,4914477906,3.684 s,3684000000,"undeclared (historical context, never a paired claim)",1.33×,"+1,230.72 ms",1,WARN,PASS,fresh,fresh-campaign-receipt,c55daf13… @ 1ff1f2ddd,c55daf13e372331a5ab6dbd465ece351a55923831c45864325ac46b1508fa295,benchmark-results/host-store/issue120/performance/dedup_branch_history/dedup-history-hotset-500/perf.jsonl,benchmark-results/host-store/issue120/verification/dedup_branch_history/dedup-history-hotset-500/verification.json,timer=pure_call_sum_ns; completion=COMPLETE; command_wall_ns=6211741834; cleanup=PASS; target_status=PASS
dedup_branch_history,dedup-history-recurring-1,performance,pure_call_sum_ns,24.06 ms,24060000,24056293,21.46 ms,21460000,"undeclared (historical context, never a paired claim)",1.12×,+2.60 ms,1,PASS,PASS,fresh,fresh-campaign-receipt,c55daf13… @ 1ff1f2ddd,c55daf13e372331a5ab6dbd465ece351a55923831c45864325ac46b1508fa295,benchmark-results/host-store/issue120/performance/dedup_branch_history/dedup-history-recurring-1/perf.jsonl,benchmark-results/host-store/issue120/verification/dedup_branch_history/dedup-history-recurring-1/verification.json,timer=pure_call_sum_ns; completion=COMPLETE; command_wall_ns=648333833; cleanup=PASS; target_status=PASS
dedup_branch_history,dedup-history-recurring-10,performance,pure_call_sum_ns,101.62 ms,101620000,101618039,62.92 ms,62920000,"undeclared (historical context, never a paired claim)",1.61×,+38.70 ms,1,WARN,PASS,fresh,fresh-campaign-receipt,c55daf13… @ 1ff1f2ddd,c55daf13e372331a5ab6dbd465ece351a55923831c45864325ac46b1508fa295,benchmark-results/host-store/issue120/performance/dedup_branch_history/dedup-history-recurring-10/perf.jsonl,benchmark-results/host-store/issue120/verification/dedup_branch_history/dedup-history-recurring-10/verification.json,timer=pure_call_sum_ns; completion=COMPLETE; command_wall_ns=788050583; cleanup=PASS; target_status=PASS
dedup_branch_history,dedup-history-recurring-100,performance,pure_call_sum_ns,618.64 ms,618640000,618637324,462.84 ms,462840000,"undeclared (historical context, never a paired claim)",1.34×,+155.80 ms,1,WARN,PASS,fresh,fresh-campaign-receipt,c55daf13… @ 1ff1f2ddd,c55daf13e372331a5ab6dbd465ece351a55923831c45864325ac46b1508fa295,benchmark-results/host-store/issue120/performance/dedup_branch_history/dedup-history-recurring-100/perf.jsonl,benchmark-results/host-store/issue120/verification/dedup_branch_history/dedup-history-recurring-100/verification.json,timer=pure_call_sum_ns; completion=COMPLETE; command_wall_ns=1275514666; cleanup=PASS; target_status=PASS
dedup_branch_history,dedup-history-recurring-500,performance,pure_call_sum_ns,2.787 s,2787000000,2787071655,2.145 s,2145000000,"undeclared (historical context, never a paired claim)",1.30×,+641.66 ms,1,WARN,PASS,fresh,fresh-campaign-receipt,c55daf13… @ 1ff1f2ddd,c55daf13e372331a5ab6dbd465ece351a55923831c45864325ac46b1508fa295,benchmark-results/host-store/issue120/performance/dedup_branch_history/dedup-history-recurring-500/perf.jsonl,benchmark-results/host-store/issue120/verification/dedup_branch_history/dedup-history-recurring-500/verification.json,timer=pure_call_sum_ns; completion=COMPLETE; command_wall_ns=4150904792; cleanup=PASS; target_status=PASS
dedup_branch_history,dedup-history-metadata-1,performance,pure_call_sum_ns,29.65 ms,29650000,29651664,20.65 ms,20650000,"undeclared (historical context, never a paired claim)",1.44×,+9.00 ms,1,WARN,PASS,fresh,fresh-campaign-receipt,c55daf13… @ 1ff1f2ddd,c55daf13e372331a5ab6dbd465ece351a55923831c45864325ac46b1508fa295,benchmark-results/host-store/issue120/performance/dedup_branch_history/dedup-history-metadata-1/perf.jsonl,benchmark-results/host-store/issue120/verification/dedup_branch_history/dedup-history-metadata-1/verification.json,timer=pure_call_sum_ns; completion=COMPLETE; command_wall_ns=606465125; cleanup=PASS; target_status=PASS
dedup_branch_history,dedup-history-metadata-10,performance,pure_call_sum_ns,101.61 ms,101610000,101610504,76.47 ms,76470000,"undeclared (historical context, never a paired claim)",1.33×,+25.14 ms,1,WARN,PASS,fresh,fresh-campaign-receipt,c55daf13… @ 1ff1f2ddd,c55daf13e372331a5ab6dbd465ece351a55923831c45864325ac46b1508fa295,benchmark-results/host-store/issue120/performance/dedup_branch_history/dedup-history-metadata-10/perf.jsonl,benchmark-results/host-store/issue120/verification/dedup_branch_history/dedup-history-metadata-10/verification.json,timer=pure_call_sum_ns; completion=COMPLETE; command_wall_ns=725616917; cleanup=PASS; target_status=PASS
dedup_branch_history,dedup-history-metadata-100,performance,pure_call_sum_ns,918.53 ms,918530000,918530093,649.61 ms,649610000,"undeclared (historical context, never a paired claim)",1.41×,+268.92 ms,1,WARN,PASS,fresh,fresh-campaign-receipt,c55daf13… @ 1ff1f2ddd,c55daf13e372331a5ab6dbd465ece351a55923831c45864325ac46b1508fa295,benchmark-results/host-store/issue120/performance/dedup_branch_history/dedup-history-metadata-100/perf.jsonl,benchmark-results/host-store/issue120/verification/dedup_branch_history/dedup-history-metadata-100/verification.json,timer=pure_call_sum_ns; completion=COMPLETE; command_wall_ns=1671662042; cleanup=PASS; target_status=PASS
dedup_branch_history,dedup-history-metadata-500,performance,pure_call_sum_ns,4.442 s,4442000000,4442021910,3.232 s,3232000000,"undeclared (historical context, never a paired claim)",1.37×,"+1,210.06 ms",1,WARN,PASS,fresh,fresh-campaign-receipt,c55daf13… @ 1ff1f2ddd,c55daf13e372331a5ab6dbd465ece351a55923831c45864325ac46b1508fa295,benchmark-results/host-store/issue120/performance/dedup_branch_history/dedup-history-metadata-500/perf.jsonl,benchmark-results/host-store/issue120/verification/dedup_branch_history/dedup-history-metadata-500/verification.json,timer=pure_call_sum_ns; completion=COMPLETE; command_wall_ns=5732037542; cleanup=PASS; target_status=PASS
dedup_branch_history,dedup-history-unrelated-1,performance,pure_call_sum_ns,453.82 ms,453820000,453818625,880.16 ms,880160000,"undeclared (historical context, never a paired claim)",0.52×,-426.34 ms,1,PASS,PASS,fresh,fresh-campaign-receipt,c55daf13… @ 1ff1f2ddd,c55daf13e372331a5ab6dbd465ece351a55923831c45864325ac46b1508fa295,benchmark-results/host-store/issue120/performance/dedup_branch_history/dedup-history-unrelated-1/perf.jsonl,benchmark-results/host-store/issue120/verification/dedup_branch_history/dedup-history-unrelated-1/verification.json,timer=pure_call_sum_ns; completion=COMPLETE; command_wall_ns=1028551666; cleanup=PASS; target_status=PASS
dedup_branch_history,dedup-history-unrelated-10,performance,pure_call_sum_ns,5.666 s,5666000000,5665896792,9.543 s,9543000000,"undeclared (historical context, never a paired claim)",0.59×,"-3,877.58 ms",1,PASS,PASS,fresh,fresh-campaign-receipt,c55daf13… @ 1ff1f2ddd,c55daf13e372331a5ab6dbd465ece351a55923831c45864325ac46b1508fa295,benchmark-results/host-store/issue120/performance/dedup_branch_history/dedup-history-unrelated-10/perf.jsonl,benchmark-results/host-store/issue120/verification/dedup_branch_history/dedup-history-unrelated-10/verification.json,timer=pure_call_sum_ns; completion=COMPLETE; command_wall_ns=6208416042; cleanup=PASS; target_status=PASS
dedup_branch_history,dedup-history-unrelated-100-mixed-v2,performance,pure_call_sum_ns,3.190 s,3190000000,3189752295,3.550 s,3550000000,"undeclared (historical context, never a paired claim)",0.90×,-359.86 ms,1,PASS,PASS,fresh,fresh-campaign-receipt,c55daf13… @ 1ff1f2ddd,c55daf13e372331a5ab6dbd465ece351a55923831c45864325ac46b1508fa295,benchmark-results/host-store/issue120/performance/dedup_branch_history/dedup-history-unrelated-100-mixed-v2/perf.jsonl,benchmark-results/host-store/issue120/verification/dedup_branch_history/dedup-history-unrelated-100-mixed-v2/verification.json,timer=pure_call_sum_ns; completion=COMPLETE; command_wall_ns=3963776542; cleanup=PASS; target_status=PASS
dedup_branch_history,dedup-history-unrelated-500-mixed-v2,performance,pure_call_sum_ns,16.107 s,16107000000,16106808892,18.164 s,18164000000,"undeclared (historical context, never a paired claim)",0.89×,"-2,057.08 ms",1,FAIL,PASS,fresh,fresh-campaign-receipt,c55daf13… @ 1ff1f2ddd,c55daf13e372331a5ab6dbd465ece351a55923831c45864325ac46b1508fa295,benchmark-results/host-store/issue120/performance/dedup_branch_history/dedup-history-unrelated-500-mixed-v2/perf.jsonl,benchmark-results/host-store/issue120/verification/dedup_branch_history/dedup-history-unrelated-500-mixed-v2/verification.json,timer=pure_call_sum_ns; completion=COMPLETE; command_wall_ns=17498032708; cleanup=PASS; target_status=TARGET_MISS
git_tool_workflow,git-tool-1-compact-v2,performance,pure_call_sum_ns,337.08 ms,337080000,337083375,318.66 ms,318660000,"undeclared (historical context, never a paired claim)",1.06×,+18.43 ms,1,WARN,PASS,fresh,fresh-campaign-receipt,c55daf13… @ 1ff1f2ddd,c55daf13e372331a5ab6dbd465ece351a55923831c45864325ac46b1508fa295,benchmark-results/host-store/issue120/performance/git_tool_workflow/git-tool-1-compact-v2/perf.jsonl,benchmark-results/host-store/issue120/verification/git_tool_workflow/git-tool-1-compact-v2/verification.json,timer=pure_call_sum_ns; completion=COMPLETE; command_wall_ns=744319542; cleanup=PASS; target_status=PASS
git_tool_workflow,git-tool-10-compact-v2,performance,pure_call_sum_ns,705.41 ms,705410000,705407417,611.38 ms,611380000,"undeclared (historical context, never a paired claim)",1.15×,+94.02 ms,1,WARN,PASS,fresh,fresh-campaign-receipt,c55daf13… @ 1ff1f2ddd,c55daf13e372331a5ab6dbd465ece351a55923831c45864325ac46b1508fa295,benchmark-results/host-store/issue120/performance/git_tool_workflow/git-tool-10-compact-v2/perf.jsonl,benchmark-results/host-store/issue120/verification/git_tool_workflow/git-tool-10-compact-v2/verification.json,timer=pure_call_sum_ns; completion=COMPLETE; command_wall_ns=1045195750; cleanup=PASS; target_status=PASS
git_tool_workflow,git-tool-100-mixed-v4,performance,pure_call_sum_ns,2.838 s,2838000000,2838250042,1.879 s,1879000000,"undeclared (historical context, never a paired claim)",1.51×,+959.07 ms,1,WARN,PASS,fresh,fresh-campaign-receipt,c55daf13… @ 1ff1f2ddd,c55daf13e372331a5ab6dbd465ece351a55923831c45864325ac46b1508fa295,benchmark-results/host-store/issue120/performance/git_tool_workflow/git-tool-100-mixed-v4/perf.jsonl,benchmark-results/host-store/issue120/verification/git_tool_workflow/git-tool-100-mixed-v4/verification.json,timer=pure_call_sum_ns; completion=COMPLETE; command_wall_ns=3279391625; cleanup=PASS; target_status=PASS
git_tool_workflow,git-tool-500-mixed-v4,performance,pure_call_sum_ns,8.803 s,8803000000,,4.689 s,4689000000,"undeclared (historical context, never a paired claim)",1.88×,"+4,113.73 ms",1,REUSED-FROM fsync-qualified remaining-shared,reused,reused,reused-issue118-receipt,"fsync-qualified 440ae2c4… (commit f8fa59fab, pre-#107/#116)",440ae2c4ce03741676a2845becb9b1661dde341079cc62faad0998847d33a4e5,benchmark-results/host-store/issue118/20260912/remaining-shared/git-tool-500-mixed-v4/perf.jsonl,benchmark-results/host-store/issue118/20260912/remaining-shared/git-tool-500-mixed-v4-proof/verification.json,
mixed_load_bearing,agent-episodes-1-compact-v2,performance,pure_call_sum_ns,34.38 ms,34380000,34382915,26.24 ms,26240000,"undeclared (historical context, never a paired claim)",1.31×,+8.14 ms,1,WARN,PASS,fresh,fresh-campaign-receipt,c55daf13… @ 1ff1f2ddd,c55daf13e372331a5ab6dbd465ece351a55923831c45864325ac46b1508fa295,benchmark-results/host-store/issue120/performance/mixed_load_bearing/agent-episodes-1-compact-v2/perf.jsonl,benchmark-results/host-store/issue120/verification/mixed_load_bearing/agent-episodes-1-compact-v2/verification.json,timer=pure_call_sum_ns; completion=COMPLETE; command_wall_ns=629098000; cleanup=PASS; target_status=PASS
mixed_load_bearing,agent-episodes-10-compact-v2,performance,pure_call_sum_ns,62.13 ms,62130000,62125917,89.91 ms,89910000,"undeclared (historical context, never a paired claim)",0.69×,-27.79 ms,1,PASS,PASS,fresh,fresh-campaign-receipt,c55daf13… @ 1ff1f2ddd,c55daf13e372331a5ab6dbd465ece351a55923831c45864325ac46b1508fa295,benchmark-results/host-store/issue120/performance/mixed_load_bearing/agent-episodes-10-compact-v2/perf.jsonl,benchmark-results/host-store/issue120/verification/mixed_load_bearing/agent-episodes-10-compact-v2/verification.json,timer=pure_call_sum_ns; completion=COMPLETE; command_wall_ns=510609792; cleanup=PASS; target_status=PASS
mixed_load_bearing,agent-episodes-100,performance,pure_call_sum_ns,1.030 s,1030000000,1030079667,908.41 ms,908410000,"undeclared (historical context, never a paired claim)",1.13×,+121.67 ms,1,WARN,PASS,fresh,fresh-campaign-receipt,c55daf13… @ 1ff1f2ddd,c55daf13e372331a5ab6dbd465ece351a55923831c45864325ac46b1508fa295,benchmark-results/host-store/issue120/performance/mixed_load_bearing/agent-episodes-100/perf.jsonl,benchmark-results/host-store/issue120/verification/mixed_load_bearing/agent-episodes-100/verification.json,timer=pure_call_sum_ns; completion=COMPLETE; command_wall_ns=1645956667; cleanup=PASS; target_status=PASS
mixed_load_bearing,agent-episodes-500,performance,pure_call_sum_ns,8.219 s,8219000000,,7.535 s,7535000000,"undeclared (historical context, never a paired claim)",1.09×,+683.31 ms,1,REUSED-FROM fsync-qualified remaining-shared,reused,reused,reused-issue118-receipt,"fsync-qualified 440ae2c4… (commit f8fa59fab, pre-#107/#116)",440ae2c4ce03741676a2845becb9b1661dde341079cc62faad0998847d33a4e5,benchmark-results/host-store/issue118/20260912/remaining-shared/agent-episodes-500/perf.jsonl,benchmark-results/host-store/issue118/20260912/remaining-shared/agent-episodes-500-proof/verification.json,
