family,case,tier,fixture_bytes,fixture_files,fixture_profile,seed,sample_count,timer,elapsed_ns,status,verification,target_ns,target_status,preparation_wall_ns,command_wall_ns,create_ns,exec_ns,sdk_edit_ns,commit_ns,visibility_ns,end_ns,host_peak_rss_bytes,container_peak_bytes,host_cpu_ns,host_cpu_scope,container_cpu_ns,verification_wall_seconds,apply_ns,git_first_status_ns,git_diff_ns,git_add_ns,git_cached_check_ns,git_commit_ns,git_final_status_ns,previous_elapsed_ns,difference_ns,difference_percent,resource_status,cleanup_status,cleanup_wall_ns,source_identity,product_identity,harness_identity,input_identity,image,proof_evidence,evidence,comparison_eligibility,comparison_reason,historical_checkpoint
payload_create_read,payload-create-1m-compact-v2,1,0,0,compact-low-tier-v2,1,1,pure_call_sum_ns,32793624,PASS,PASS,15000000000,PASS,647710750,443426375,9404125,9790791,,10851333,69000,2678375,13467648,8531968,37690416,host process after-product minus before counters,22995000,1.9868718750076368,,,,,,,,28837459,3956165,13.718840484523966,PASS,PASS,344543583,f592c3ae20935d7623d465e8aacf22703c6861876d758117adba705110f2d0fc,446df40465ad55181b95112968f999534c7d6cb1a2f4d22b4014ecdda120b493,c2cb953968812a9e401ea362c4aa6cdeea9e03453fbdcaa651cfb01734914405,fd07ace3525b0580c3b99a68675bfd51139418e7f466eddc8b6fc1e9a9dbac08,sha256:8e74a58284a6e8c22ac9cbf60231f69217c3cae31c231ef17b0afd81726b8249,verification/payload_create_read/payload-create-1m-compact-v2/verification.json,performance/payload_create_read/payload-create-1m-compact-v2/perf.jsonl,directly-comparable,"Identical family, fixture generator, schedule, operation and timer source at v0.1.3 and candidate; runtime recipe/content and timer validation required. Optional endurance unexecuted historically.",9f5a641d223606c45e5e6aa8a20094c12f9139a1
payload_create_read,payload-create-10m-compact-v2,10,0,0,compact-low-tier-v2,1,1,pure_call_sum_ns,84415708,PASS,PASS,15000000000,PASS,579968750,439740750,8321709,33569875,,39713458,67041,2743625,29573120,10117120,87518542,host process after-product minus before counters,30882000,2.2637014580104733,,,,,,,,91556041,-7140333,-7.798866051886188,PASS,PASS,355666917,f592c3ae20935d7623d465e8aacf22703c6861876d758117adba705110f2d0fc,446df40465ad55181b95112968f999534c7d6cb1a2f4d22b4014ecdda120b493,c2cb953968812a9e401ea362c4aa6cdeea9e03453fbdcaa651cfb01734914405,4f0a670fc6f9e4beacdde97ee2cfcc4e9c17f22d93ff5e67cdb2c2ca5a6639e3,sha256:8e74a58284a6e8c22ac9cbf60231f69217c3cae31c231ef17b0afd81726b8249,verification/payload_create_read/payload-create-10m-compact-v2/verification.json,performance/payload_create_read/payload-create-10m-compact-v2/perf.jsonl,directly-comparable,"Identical family, fixture generator, schedule, operation and timer source at v0.1.3 and candidate; runtime recipe/content and timer validation required. Optional endurance unexecuted historically.",9f5a641d223606c45e5e6aa8a20094c12f9139a1
payload_create_read,payload-create-100m,100,0,0,registered-fixture,1,1,pure_call_sum_ns,662002582,PASS,PASS,15000000000,PASS,696859292,1124662959,8321625,282778000,,361894875,96291,8911791,57262080,12603392,585747291,host process after-product minus before counters,189974000,3.9128714580001542,,,,,,,,682771167,-20768585,-3.0418075636166986,PASS,PASS,400011875,f592c3ae20935d7623d465e8aacf22703c6861876d758117adba705110f2d0fc,446df40465ad55181b95112968f999534c7d6cb1a2f4d22b4014ecdda120b493,c2cb953968812a9e401ea362c4aa6cdeea9e03453fbdcaa651cfb01734914405,36fde02efe1c65803bb5943593b9896b59e02b98f7b369a56f349a4613d40f1f,sha256:8e74a58284a6e8c22ac9cbf60231f69217c3cae31c231ef17b0afd81726b8249,verification/payload_create_read/payload-create-100m/verification.json,performance/payload_create_read/payload-create-100m/perf.jsonl,directly-comparable,"Identical family, fixture generator, schedule, operation and timer source at v0.1.3 and candidate; runtime recipe/content and timer validation required. Optional endurance unexecuted historically.",9f5a641d223606c45e5e6aa8a20094c12f9139a1
payload_create_read,payload-create-500m,500,0,0,registered-fixture,1,1,pure_call_sum_ns,2701167542,PASS,PASS,15000000000,PASS,628893667,3348548209,8546291,1215712792,,1468741417,102750,8064292,58228736,13135872,2484299207,host process after-product minus before counters,469194000,11.078752832996543,,,,,,,,3068249542,-367082000,-11.963889995750547,PASS,PASS,421858625,f592c3ae20935d7623d465e8aacf22703c6861876d758117adba705110f2d0fc,446df40465ad55181b95112968f999534c7d6cb1a2f4d22b4014ecdda120b493,c2cb953968812a9e401ea362c4aa6cdeea9e03453fbdcaa651cfb01734914405,24934b53f5e2f462510a2cbe05cd74e0c2237120d5897229adf476b483906a99,sha256:8e74a58284a6e8c22ac9cbf60231f69217c3cae31c231ef17b0afd81726b8249,verification/payload_create_read/payload-create-500m/verification.json,performance/payload_create_read/payload-create-500m/perf.jsonl,directly-comparable,"Identical family, fixture generator, schedule, operation and timer source at v0.1.3 and candidate; runtime recipe/content and timer validation required. Optional endurance unexecuted historically.",9f5a641d223606c45e5e6aa8a20094c12f9139a1
payload_create_read,payload-random-read-1-compact-v2,1,1048576,1,compact-low-tier-v2,1,1,pure_call_sum_ns,17123751,PASS,PASS,15000000000,PASS,648819041,390449292,8982333,3689334,,1872542,150125,2429417,8077312,5918720,29849292,host process after-product minus before counters,19693000,2.1241928749950603,,,,,,,,14584500,2539251,17.410614008022215,PASS,PASS,350507666,f592c3ae20935d7623d465e8aacf22703c6861876d758117adba705110f2d0fc,446df40465ad55181b95112968f999534c7d6cb1a2f4d22b4014ecdda120b493,c2cb953968812a9e401ea362c4aa6cdeea9e03453fbdcaa651cfb01734914405,38e00c73a990323831ffa8398094b654cebbe7a2af0ab162d0939888a4e69455,sha256:8e74a58284a6e8c22ac9cbf60231f69217c3cae31c231ef17b0afd81726b8249,verification/payload_create_read/payload-random-read-1-compact-v2/verification.json,performance/payload_create_read/payload-random-read-1-compact-v2/perf.jsonl,directly-comparable,"Identical family, fixture generator, schedule, operation and timer source at v0.1.3 and candidate; runtime recipe/content and timer validation required. Optional endurance unexecuted historically.",9f5a641d223606c45e5e6aa8a20094c12f9139a1
payload_create_read,payload-random-read-10-compact-v2,10,10485760,1,compact-low-tier-v2,1,1,pure_call_sum_ns,22835958,PASS,PASS,15000000000,PASS,840959209,391969417,9517167,8952333,,1713000,78000,2575458,10190848,5636096,33367458,host process after-product minus before counters,21552000,2.488251750008203,,,,,,,,17420292,5415666,31.088261895954442,PASS,PASS,361952125,f592c3ae20935d7623d465e8aacf22703c6861876d758117adba705110f2d0fc,446df40465ad55181b95112968f999534c7d6cb1a2f4d22b4014ecdda120b493,c2cb953968812a9e401ea362c4aa6cdeea9e03453fbdcaa651cfb01734914405,fc1e3010b06ad7e25bc9ac0be6cfd436ba617f484dac4ac5bed5fdecc02f40a0,sha256:8e74a58284a6e8c22ac9cbf60231f69217c3cae31c231ef17b0afd81726b8249,verification/payload_create_read/payload-random-read-10-compact-v2/verification.json,performance/payload_create_read/payload-random-read-10-compact-v2/perf.jsonl,directly-comparable,"Identical family, fixture generator, schedule, operation and timer source at v0.1.3 and candidate; runtime recipe/content and timer validation required. Optional endurance unexecuted historically.",9f5a641d223606c45e5e6aa8a20094c12f9139a1
payload_create_read,payload-random-read-100,100,524288000,1,registered-fixture,1,1,pure_call_sum_ns,64856375,PASS,PASS,15000000000,PASS,8472920375,549706625,8068625,52621500,,1798750,76541,2290959,30916608,5660672,87078416,host process after-product minus before counters,30448000,16.31882716700784,,,,,,,,56396250,8460125,15.00121905268524,PASS,PASS,709173500,f592c3ae20935d7623d465e8aacf22703c6861876d758117adba705110f2d0fc,446df40465ad55181b95112968f999534c7d6cb1a2f4d22b4014ecdda120b493,c2cb953968812a9e401ea362c4aa6cdeea9e03453fbdcaa651cfb01734914405,29d0297ea26c5b24d313d17b61157f1a5737a091a0bb6611f9568d0763f8a1dd,sha256:8e74a58284a6e8c22ac9cbf60231f69217c3cae31c231ef17b0afd81726b8249,verification/payload_create_read/payload-random-read-100/verification.json,performance/payload_create_read/payload-random-read-100/perf.jsonl,directly-comparable,"Identical family, fixture generator, schedule, operation and timer source at v0.1.3 and candidate; runtime recipe/content and timer validation required. Optional endurance unexecuted historically.",9f5a641d223606c45e5e6aa8a20094c12f9139a1
payload_create_read,payload-random-read-500,500,524288000,1,registered-fixture,1,1,pure_call_sum_ns,259409875,PASS,PASS,15000000000,PASS,2284327166,709334708,8620417,245249750,,2357125,84292,3098291,45432832,12042240,162618500,host process after-product minus before counters,71947000,9.802170583992847,,,,,,,,219687084,39722791,18.081532276153293,PASS,PASS,750280250,f592c3ae20935d7623d465e8aacf22703c6861876d758117adba705110f2d0fc,446df40465ad55181b95112968f999534c7d6cb1a2f4d22b4014ecdda120b493,c2cb953968812a9e401ea362c4aa6cdeea9e03453fbdcaa651cfb01734914405,9617a664386ac9453b520f0a86ce739d26f9a84d4dfc9050eb469c6ecfe597e3,sha256:8e74a58284a6e8c22ac9cbf60231f69217c3cae31c231ef17b0afd81726b8249,verification/payload_create_read/payload-random-read-500/verification.json,performance/payload_create_read/payload-random-read-500/perf.jsonl,directly-comparable,"Identical family, fixture generator, schedule, operation and timer source at v0.1.3 and candidate; runtime recipe/content and timer validation required. Optional endurance unexecuted historically.",9f5a641d223606c45e5e6aa8a20094c12f9139a1
dedup_workspace_reuse,dedup-workspace-exact-1-compact-v2,1,1048576,1,compact-low-tier-v2,1,1,pure_call_sum_ns,36174457,PASS,PASS,15000000000,PASS,640277667,431534250,9486208,13923333,,9501542,91583,3171791,12615680,7831552,38071208,host process after-product minus before counters,23661000,2.863152333011385,,,,,,,,31563458,4610999,14.60866233351238,PASS,PASS,343698292,f592c3ae20935d7623d465e8aacf22703c6861876d758117adba705110f2d0fc,446df40465ad55181b95112968f999534c7d6cb1a2f4d22b4014ecdda120b493,c2cb953968812a9e401ea362c4aa6cdeea9e03453fbdcaa651cfb01734914405,5daeae93a23255c39e9276017e14d78a545bbb684b9c6400928f4fbb1f653e49,sha256:8e74a58284a6e8c22ac9cbf60231f69217c3cae31c231ef17b0afd81726b8249,verification/dedup_workspace_reuse/dedup-workspace-exact-1-compact-v2/verification.json,performance/dedup_workspace_reuse/dedup-workspace-exact-1-compact-v2/perf.jsonl,directly-comparable,"Identical family, fixture generator, schedule, operation and timer source at v0.1.3 and candidate; runtime recipe/content and timer validation required. Optional endurance unexecuted historically.",9f5a641d223606c45e5e6aa8a20094c12f9139a1
dedup_workspace_reuse,dedup-workspace-exact-10-compact-v2,10,10485760,10,compact-low-tier-v2,1,1,pure_call_sum_ns,94423792,PASS,PASS,15000000000,PASS,955406750,489003208,8759417,49605292,,32667166,70709,3321208,26640384,10739712,93538625,host process after-product minus before counters,38820000,2.3816247079957975,,,,,,,,109324875,-14901083,-13.630093791554758,PASS,PASS,353684458,f592c3ae20935d7623d465e8aacf22703c6861876d758117adba705110f2d0fc,446df40465ad55181b95112968f999534c7d6cb1a2f4d22b4014ecdda120b493,c2cb953968812a9e401ea362c4aa6cdeea9e03453fbdcaa651cfb01734914405,770d1f91a4a1be8c832f7db61822e9825fe1dc542ad8e1d4fc8a2a2d72a278dd,sha256:8e74a58284a6e8c22ac9cbf60231f69217c3cae31c231ef17b0afd81726b8249,verification/dedup_workspace_reuse/dedup-workspace-exact-10-compact-v2/verification.json,performance/dedup_workspace_reuse/dedup-workspace-exact-10-compact-v2/perf.jsonl,directly-comparable,"Identical family, fixture generator, schedule, operation and timer source at v0.1.3 and candidate; runtime recipe/content and timer validation required. Optional endurance unexecuted historically.",9f5a641d223606c45e5e6aa8a20094c12f9139a1
dedup_workspace_reuse,dedup-workspace-exact-100,100,134217728,128,registered-fixture,1,1,pure_call_sum_ns,718355875,PASS,PASS,15000000000,PASS,2664201500,1172530959,10565458,418488333,,282593042,80833,6628209,57540608,13160448,604011666,host process after-product minus before counters,158093000,8.367592041991884,,,,,,,,840527750,-122171875,-14.535138786316097,PASS,PASS,467416458,f592c3ae20935d7623d465e8aacf22703c6861876d758117adba705110f2d0fc,446df40465ad55181b95112968f999534c7d6cb1a2f4d22b4014ecdda120b493,c2cb953968812a9e401ea362c4aa6cdeea9e03453fbdcaa651cfb01734914405,507b6d0d3bcb7b1ea8363690c4f9f5f34c0bd0867300315f66b8ec6048d25fcd,sha256:8e74a58284a6e8c22ac9cbf60231f69217c3cae31c231ef17b0afd81726b8249,verification/dedup_workspace_reuse/dedup-workspace-exact-100/verification.json,performance/dedup_workspace_reuse/dedup-workspace-exact-100/perf.jsonl,directly-comparable,"Identical family, fixture generator, schedule, operation and timer source at v0.1.3 and candidate; runtime recipe/content and timer validation required. Optional endurance unexecuted historically.",9f5a641d223606c45e5e6aa8a20094c12f9139a1
dedup_workspace_reuse,dedup-workspace-exact-500,500,134217728,128,registered-fixture,1,1,pure_call_sum_ns,3925196458,PASS,PASS,15000000000,PASS,1028850625,4367664208,10610458,2614094875,,1293431167,85458,6974500,59195392,13406208,2988200041,host process after-product minus before counters,751370000,16.019578208986786,,,,,,,,4296598375,-371401917,-8.64409201383641,PASS,PASS,443608458,f592c3ae20935d7623d465e8aacf22703c6861876d758117adba705110f2d0fc,446df40465ad55181b95112968f999534c7d6cb1a2f4d22b4014ecdda120b493,c2cb953968812a9e401ea362c4aa6cdeea9e03453fbdcaa651cfb01734914405,f0335a29f3cdb43bcacef5dc85544bfb663da9ccb0ba5ed975b68644065ef4d4,sha256:8e74a58284a6e8c22ac9cbf60231f69217c3cae31c231ef17b0afd81726b8249,verification/dedup_workspace_reuse/dedup-workspace-exact-500/verification.json,performance/dedup_workspace_reuse/dedup-workspace-exact-500/perf.jsonl,directly-comparable,"Identical family, fixture generator, schedule, operation and timer source at v0.1.3 and candidate; runtime recipe/content and timer validation required. Optional endurance unexecuted historically.",9f5a641d223606c45e5e6aa8a20094c12f9139a1
dedup_workspace_reuse,dedup-workspace-local-1-compact-v2,1,1048576,1,compact-low-tier-v2,1,1,pure_call_sum_ns,31678749,PASS,PASS,15000000000,PASS,578961292,392513958,8122250,11497541,,9399875,74083,2585000,12992512,7544832,35866499,host process after-product minus before counters,22911000,1.837970624997979,,,,,,,,30610293,1068456,3.4905121620364756,PASS,PASS,354978292,f592c3ae20935d7623d465e8aacf22703c6861876d758117adba705110f2d0fc,446df40465ad55181b95112968f999534c7d6cb1a2f4d22b4014ecdda120b493,c2cb953968812a9e401ea362c4aa6cdeea9e03453fbdcaa651cfb01734914405,60f9c1140c874f07a8fb0e4a253e431c7f6662dd06f0ddfd80a08e08cf40a14d,sha256:8e74a58284a6e8c22ac9cbf60231f69217c3cae31c231ef17b0afd81726b8249,verification/dedup_workspace_reuse/dedup-workspace-local-1-compact-v2/verification.json,performance/dedup_workspace_reuse/dedup-workspace-local-1-compact-v2/perf.jsonl,directly-comparable,"Identical family, fixture generator, schedule, operation and timer source at v0.1.3 and candidate; runtime recipe/content and timer validation required. Optional endurance unexecuted historically.",9f5a641d223606c45e5e6aa8a20094c12f9139a1
dedup_workspace_reuse,dedup-workspace-local-10-compact-v2,10,10485760,10,compact-low-tier-v2,1,1,pure_call_sum_ns,95429584,PASS,PASS,15000000000,PASS,669151083,442264667,9212292,49561917,,33062750,100000,3492625,27770880,10813440,91879166,host process after-product minus before counters,35985000,2.26244420799776,,,,,,,,103153458,-7723874,-7.487750919605623,PASS,PASS,351817125,f592c3ae20935d7623d465e8aacf22703c6861876d758117adba705110f2d0fc,446df40465ad55181b95112968f999534c7d6cb1a2f4d22b4014ecdda120b493,c2cb953968812a9e401ea362c4aa6cdeea9e03453fbdcaa651cfb01734914405,ae192281371b6f6232fedca349f4e6b27b0d9bfa034bee37f2a3b64b5a82cdef,sha256:8e74a58284a6e8c22ac9cbf60231f69217c3cae31c231ef17b0afd81726b8249,verification/dedup_workspace_reuse/dedup-workspace-local-10-compact-v2/verification.json,performance/dedup_workspace_reuse/dedup-workspace-local-10-compact-v2/perf.jsonl,directly-comparable,"Identical family, fixture generator, schedule, operation and timer source at v0.1.3 and candidate; runtime recipe/content and timer validation required. Optional endurance unexecuted historically.",9f5a641d223606c45e5e6aa8a20094c12f9139a1
dedup_workspace_reuse,dedup-workspace-local-100,100,134217728,128,registered-fixture,1,1,pure_call_sum_ns,793132584,PASS,PASS,15000000000,PASS,1076489500,1232248125,10103958,437884583,,337872042,94209,7177792,60325888,12357632,620007125,host process after-product minus before counters,163622000,6.718023249995895,,,,,,,,808387126,-15254542,-1.8870342573961278,PASS,PASS,436936667,f592c3ae20935d7623d465e8aacf22703c6861876d758117adba705110f2d0fc,446df40465ad55181b95112968f999534c7d6cb1a2f4d22b4014ecdda120b493,c2cb953968812a9e401ea362c4aa6cdeea9e03453fbdcaa651cfb01734914405,3c68471f6c29ae8ca6a1dada1807cb4d55d5eddbdd8c8ef04cd239a3482a0864,sha256:8e74a58284a6e8c22ac9cbf60231f69217c3cae31c231ef17b0afd81726b8249,verification/dedup_workspace_reuse/dedup-workspace-local-100/verification.json,performance/dedup_workspace_reuse/dedup-workspace-local-100/perf.jsonl,directly-comparable,"Identical family, fixture generator, schedule, operation and timer source at v0.1.3 and candidate; runtime recipe/content and timer validation required. Optional endurance unexecuted historically.",9f5a641d223606c45e5e6aa8a20094c12f9139a1
dedup_workspace_reuse,dedup-workspace-local-500,500,134217728,128,registered-fixture,1,1,pure_call_sum_ns,3973389666,PASS,PASS,15000000000,PASS,1124845584,4407949709,10793083,2576972042,,1380216583,99458,5308500,62816256,13488128,3082063749,host process after-product minus before counters,757677000,16.468694416005746,,,,,,,,4307360416,-333970750,-7.753489788303798,PASS,PASS,439060458,f592c3ae20935d7623d465e8aacf22703c6861876d758117adba705110f2d0fc,446df40465ad55181b95112968f999534c7d6cb1a2f4d22b4014ecdda120b493,c2cb953968812a9e401ea362c4aa6cdeea9e03453fbdcaa651cfb01734914405,8b8d3201af3de16dc3536e12f4bc986490253640376835751fc7f9f77c10f31d,sha256:8e74a58284a6e8c22ac9cbf60231f69217c3cae31c231ef17b0afd81726b8249,verification/dedup_workspace_reuse/dedup-workspace-local-500/verification.json,performance/dedup_workspace_reuse/dedup-workspace-local-500/perf.jsonl,directly-comparable,"Identical family, fixture generator, schedule, operation and timer source at v0.1.3 and candidate; runtime recipe/content and timer validation required. Optional endurance unexecuted historically.",9f5a641d223606c45e5e6aa8a20094c12f9139a1
dedup_workspace_reuse,dedup-workspace-unique-1-compact-v2,1,1048576,1,compact-low-tier-v2,1,1,pure_call_sum_ns,37898958,PASS,PASS,15000000000,PASS,644805250,441637666,10170291,13681542,,10871125,83959,3092041,14761984,7598080,43371333,host process after-product minus before counters,25411000,1.810568000000785,,,,,,,,27475043,10423915,37.93957665507566,PASS,PASS,347147042,f592c3ae20935d7623d465e8aacf22703c6861876d758117adba705110f2d0fc,446df40465ad55181b95112968f999534c7d6cb1a2f4d22b4014ecdda120b493,c2cb953968812a9e401ea362c4aa6cdeea9e03453fbdcaa651cfb01734914405,df72f3c2409d2a277d35b695a2e9ba4f799dbf4955427ece6b0b3d3bcb063742,sha256:8e74a58284a6e8c22ac9cbf60231f69217c3cae31c231ef17b0afd81726b8249,verification/dedup_workspace_reuse/dedup-workspace-unique-1-compact-v2/verification.json,performance/dedup_workspace_reuse/dedup-workspace-unique-1-compact-v2/perf.jsonl,directly-comparable,"Identical family, fixture generator, schedule, operation and timer source at v0.1.3 and candidate; runtime recipe/content and timer validation required. Optional endurance unexecuted historically.",9f5a641d223606c45e5e6aa8a20094c12f9139a1
dedup_workspace_reuse,dedup-workspace-unique-10-compact-v2,10,10485760,10,compact-low-tier-v2,1,1,pure_call_sum_ns,105688210,PASS,PASS,15000000000,PASS,676523834,496339625,7803000,52313209,,41974709,74125,3523167,33980416,10506240,103100541,host process after-product minus before counters,38577000,2.2860012499877485,,,,,,,,95669332,10018878,10.472403005803365,PASS,PASS,355677416,f592c3ae20935d7623d465e8aacf22703c6861876d758117adba705110f2d0fc,446df40465ad55181b95112968f999534c7d6cb1a2f4d22b4014ecdda120b493,c2cb953968812a9e401ea362c4aa6cdeea9e03453fbdcaa651cfb01734914405,ac027071d5c9f1402365bd26d0386dec2eb8a5f0d4f60ee0ad54348d514954ca,sha256:8e74a58284a6e8c22ac9cbf60231f69217c3cae31c231ef17b0afd81726b8249,verification/dedup_workspace_reuse/dedup-workspace-unique-10-compact-v2/verification.json,performance/dedup_workspace_reuse/dedup-workspace-unique-10-compact-v2/perf.jsonl,directly-comparable,"Identical family, fixture generator, schedule, operation and timer source at v0.1.3 and candidate; runtime recipe/content and timer validation required. Optional endurance unexecuted historically.",9f5a641d223606c45e5e6aa8a20094c12f9139a1
dedup_workspace_reuse,dedup-workspace-unique-100,100,134217728,128,registered-fixture,1,1,pure_call_sum_ns,831453625,PASS,PASS,15000000000,PASS,1192586000,1274545834,9774625,455037791,,360944000,94792,5602417,62111744,12992512,618368708,host process after-product minus before counters,174156000,6.692703166001593,,,,,,,,768004167,63449458,8.261603351430773,PASS,PASS,448294500,f592c3ae20935d7623d465e8aacf22703c6861876d758117adba705110f2d0fc,446df40465ad55181b95112968f999534c7d6cb1a2f4d22b4014ecdda120b493,c2cb953968812a9e401ea362c4aa6cdeea9e03453fbdcaa651cfb01734914405,2ef10675997543dd399405870d14c7640f23bc2e1618680b2690e13df7c48393,sha256:8e74a58284a6e8c22ac9cbf60231f69217c3cae31c231ef17b0afd81726b8249,verification/dedup_workspace_reuse/dedup-workspace-unique-100/verification.json,performance/dedup_workspace_reuse/dedup-workspace-unique-100/perf.jsonl,directly-comparable,"Identical family, fixture generator, schedule, operation and timer source at v0.1.3 and candidate; runtime recipe/content and timer validation required. Optional endurance unexecuted historically.",9f5a641d223606c45e5e6aa8a20094c12f9139a1
dedup_workspace_reuse,dedup-workspace-unique-500,500,134217728,128,registered-fixture,1,1,pure_call_sum_ns,3936558000,PASS,PASS,15000000000,PASS,1019970375,4470163000,11464167,2575200750,,1343395625,81708,6415750,64372736,13557760,3040777292,host process after-product minus before counters,758310000,17.145474666001974,,,,,,,,4319934208,-383376208,-8.87458441589303,PASS,PASS,482455042,f592c3ae20935d7623d465e8aacf22703c6861876d758117adba705110f2d0fc,446df40465ad55181b95112968f999534c7d6cb1a2f4d22b4014ecdda120b493,c2cb953968812a9e401ea362c4aa6cdeea9e03453fbdcaa651cfb01734914405,41443eff0245114ad5ddf43b3f30351c1fefd32b9eb4c9c91251f40b030c4bb5,sha256:8e74a58284a6e8c22ac9cbf60231f69217c3cae31c231ef17b0afd81726b8249,verification/dedup_workspace_reuse/dedup-workspace-unique-500/verification.json,performance/dedup_workspace_reuse/dedup-workspace-unique-500/perf.jsonl,directly-comparable,"Identical family, fixture generator, schedule, operation and timer source at v0.1.3 and candidate; runtime recipe/content and timer validation required. Optional endurance unexecuted historically.",9f5a641d223606c45e5e6aa8a20094c12f9139a1
dedup_workspace_reuse,dedup-workspace-unique-1-base128-v3,1,134217728,128,registered-fixture,1,1,pure_call_sum_ns,32976207,PASS,PASS,15000000000,PASS,1013098917,451618959,9817666,10413625,,10118458,61875,2564583,17989632,7491584,61478001,host process after-product minus before counters,22874000,4.6470338749932125,,,,,,,,33382084,-405877,-1.2158527909761416,PASS,PASS,448515167,f592c3ae20935d7623d465e8aacf22703c6861876d758117adba705110f2d0fc,446df40465ad55181b95112968f999534c7d6cb1a2f4d22b4014ecdda120b493,c2cb953968812a9e401ea362c4aa6cdeea9e03453fbdcaa651cfb01734914405,01e1a5de1e0c171229cb8d32062faf73a75e23ee591c04593f29241223e06012,sha256:8e74a58284a6e8c22ac9cbf60231f69217c3cae31c231ef17b0afd81726b8249,verification/dedup_workspace_reuse/dedup-workspace-unique-1-base128-v3/verification.json,performance/dedup_workspace_reuse/dedup-workspace-unique-1-base128-v3/perf.jsonl,directly-comparable,"Identical family, fixture generator, schedule, operation and timer source at v0.1.3 and candidate; runtime recipe/content and timer validation required. Optional endurance unexecuted historically.",9f5a641d223606c45e5e6aa8a20094c12f9139a1
dedup_workspace_reuse,dedup-workspace-unique-10-base128-v3,10,134217728,128,registered-fixture,1,1,pure_call_sum_ns,106992709,PASS,PASS,15000000000,PASS,1021003667,547873750,9088250,48255584,,46166709,103000,3379166,37371904,10801152,123666917,host process after-product minus before counters,39618000,4.78530824999325,,,,,,,,103006542,3986167,3.869819258664173,PASS,PASS,442950459,f592c3ae20935d7623d465e8aacf22703c6861876d758117adba705110f2d0fc,446df40465ad55181b95112968f999534c7d6cb1a2f4d22b4014ecdda120b493,c2cb953968812a9e401ea362c4aa6cdeea9e03453fbdcaa651cfb01734914405,db3984a3d44bf1f1ec13086c69880534a8bfb6786b80b98963e340d6fc089198,sha256:8e74a58284a6e8c22ac9cbf60231f69217c3cae31c231ef17b0afd81726b8249,verification/dedup_workspace_reuse/dedup-workspace-unique-10-base128-v3/verification.json,performance/dedup_workspace_reuse/dedup-workspace-unique-10-base128-v3/perf.jsonl,directly-comparable,"Identical family, fixture generator, schedule, operation and timer source at v0.1.3 and candidate; runtime recipe/content and timer validation required. Optional endurance unexecuted historically.",9f5a641d223606c45e5e6aa8a20094c12f9139a1
dedup_cross_file,dedup-cross-file-anchor-1,1,1048576,1,registered-fixture,1,1,pure_call_sum_ns,6507500,PASS,PASS,15000000000,PASS,706812375,389274625,,,,,,,14663680,5599232,,unavailable: no host CPU counter in this route receipt,13646000,1.8088304170087213,,,,,,,,3808291,2699209,70.87717298914394,PASS,PASS,341891959,f592c3ae20935d7623d465e8aacf22703c6861876d758117adba705110f2d0fc,446df40465ad55181b95112968f999534c7d6cb1a2f4d22b4014ecdda120b493,c2cb953968812a9e401ea362c4aa6cdeea9e03453fbdcaa651cfb01734914405,55c77b1a2ea14ecd3793917645738a65888d320999576f031f655ee225c10f97,sha256:8e74a58284a6e8c22ac9cbf60231f69217c3cae31c231ef17b0afd81726b8249,verification/dedup_cross_file/dedup-cross-file-anchor-1/verification.json,performance/dedup_cross_file/dedup-cross-file-anchor-1/perf.jsonl,directly-comparable,"Identical family, fixture generator, schedule, operation and timer source at v0.1.3 and candidate; runtime recipe/content and timer validation required. Optional endurance unexecuted historically.",9f5a641d223606c45e5e6aa8a20094c12f9139a1
dedup_cross_file,dedup-cross-file-unique-10,10,10485760,10,registered-fixture,1,1,pure_call_sum_ns,33043916,PASS,PASS,15000000000,PASS,9122191000,435565458,,,,,,,31997952,5398528,,unavailable: no host CPU counter in this route receipt,15055000,2.0889084999944316,,,,,,,,22389542,10654374,47.58638653707164,PASS,PASS,351649375,f592c3ae20935d7623d465e8aacf22703c6861876d758117adba705110f2d0fc,446df40465ad55181b95112968f999534c7d6cb1a2f4d22b4014ecdda120b493,c2cb953968812a9e401ea362c4aa6cdeea9e03453fbdcaa651cfb01734914405,d996fec285db3e48a22ad76e6862f7e7aee05bb3817ed7fd1be72973c3109910,sha256:8e74a58284a6e8c22ac9cbf60231f69217c3cae31c231ef17b0afd81726b8249,verification/dedup_cross_file/dedup-cross-file-unique-10/verification.json,performance/dedup_cross_file/dedup-cross-file-unique-10/perf.jsonl,directly-comparable,"Identical family, fixture generator, schedule, operation and timer source at v0.1.3 and candidate; runtime recipe/content and timer validation required. Optional endurance unexecuted historically.",9f5a641d223606c45e5e6aa8a20094c12f9139a1
dedup_cross_file,dedup-cross-file-unique-100,100,104857600,100,registered-fixture,1,1,pure_call_sum_ns,296812834,PASS,PASS,15000000000,PASS,1715055667,704969708,,,,,,,63029248,5926912,,unavailable: no host CPU counter in this route receipt,15302000,4.967885416990612,,,,,,,,93266750,203546084,218.24078141459844,PASS,PASS,351490375,f592c3ae20935d7623d465e8aacf22703c6861876d758117adba705110f2d0fc,446df40465ad55181b95112968f999534c7d6cb1a2f4d22b4014ecdda120b493,c2cb953968812a9e401ea362c4aa6cdeea9e03453fbdcaa651cfb01734914405,8466c9c4685e2423c774f8b1ab1dde3298e09775ea49252f84b269d69ee72b9f,sha256:8e74a58284a6e8c22ac9cbf60231f69217c3cae31c231ef17b0afd81726b8249,verification/dedup_cross_file/dedup-cross-file-unique-100/verification.json,performance/dedup_cross_file/dedup-cross-file-unique-100/perf.jsonl,directly-comparable,"Identical family, fixture generator, schedule, operation and timer source at v0.1.3 and candidate; runtime recipe/content and timer validation required. Optional endurance unexecuted historically.",9f5a641d223606c45e5e6aa8a20094c12f9139a1
dedup_cross_file,dedup-cross-file-unique-500,500,524288000,500,registered-fixture,1,1,pure_call_sum_ns,1442647875,PASS,PASS,15000000000,PASS,5528014833,1924946875,,,,,,,66404352,5656576,,unavailable: no host CPU counter in this route receipt,14547000,16.35377650000737,,,,,,,,444949333,997698542,224.2274497352713,PASS,PASS,364284500,f592c3ae20935d7623d465e8aacf22703c6861876d758117adba705110f2d0fc,446df40465ad55181b95112968f999534c7d6cb1a2f4d22b4014ecdda120b493,c2cb953968812a9e401ea362c4aa6cdeea9e03453fbdcaa651cfb01734914405,526fe636c3832f3540f9bdc0a4bbda75c771e6810c51eed409caeeb3fb3fd572,sha256:8e74a58284a6e8c22ac9cbf60231f69217c3cae31c231ef17b0afd81726b8249,verification/dedup_cross_file/dedup-cross-file-unique-500/verification.json,performance/dedup_cross_file/dedup-cross-file-unique-500/perf.jsonl,directly-comparable,"Identical family, fixture generator, schedule, operation and timer source at v0.1.3 and candidate; runtime recipe/content and timer validation required. Optional endurance unexecuted historically.",9f5a641d223606c45e5e6aa8a20094c12f9139a1
dedup_cross_file,dedup-cross-file-identical-10,10,10485760,10,registered-fixture,1,1,pure_call_sum_ns,19477583,PASS,PASS,15000000000,PASS,818119542,444909542,,,,,,,18907136,5668864,,unavailable: no host CPU counter in this route receipt,15753000,2.0977917080017505,,,,,,,,18395375,1082208,5.8830439716504825,PASS,PASS,400455208,f592c3ae20935d7623d465e8aacf22703c6861876d758117adba705110f2d0fc,446df40465ad55181b95112968f999534c7d6cb1a2f4d22b4014ecdda120b493,c2cb953968812a9e401ea362c4aa6cdeea9e03453fbdcaa651cfb01734914405,6ea626325ad8b5d6e8f780af1cd96fb84faf76f81a3c176909197a298ae7e490,sha256:8e74a58284a6e8c22ac9cbf60231f69217c3cae31c231ef17b0afd81726b8249,verification/dedup_cross_file/dedup-cross-file-identical-10/verification.json,performance/dedup_cross_file/dedup-cross-file-identical-10/perf.jsonl,directly-comparable,"Identical family, fixture generator, schedule, operation and timer source at v0.1.3 and candidate; runtime recipe/content and timer validation required. Optional endurance unexecuted historically.",9f5a641d223606c45e5e6aa8a20094c12f9139a1
dedup_cross_file,dedup-cross-file-identical-100,100,104857600,100,registered-fixture,1,1,pure_call_sum_ns,125687167,PASS,PASS,15000000000,PASS,1608345250,548989417,,,,,,,23281664,5431296,,unavailable: no host CPU counter in this route receipt,14807000,3.78707145799126,,,,,,,,28959584,96727583,334.00888286240576,PASS,PASS,344373250,f592c3ae20935d7623d465e8aacf22703c6861876d758117adba705110f2d0fc,446df40465ad55181b95112968f999534c7d6cb1a2f4d22b4014ecdda120b493,c2cb953968812a9e401ea362c4aa6cdeea9e03453fbdcaa651cfb01734914405,d6b8f7c8247a59c4f41834106619c7f9cfe45ac5028851eb17c961f1dd2a1435,sha256:8e74a58284a6e8c22ac9cbf60231f69217c3cae31c231ef17b0afd81726b8249,verification/dedup_cross_file/dedup-cross-file-identical-100/verification.json,performance/dedup_cross_file/dedup-cross-file-identical-100/perf.jsonl,directly-comparable,"Identical family, fixture generator, schedule, operation and timer source at v0.1.3 and candidate; runtime recipe/content and timer validation required. Optional endurance unexecuted historically.",9f5a641d223606c45e5e6aa8a20094c12f9139a1
dedup_cross_file,dedup-cross-file-identical-500,500,524288000,500,registered-fixture,1,1,pure_call_sum_ns,682648958,PASS,PASS,15000000000,PASS,5621137792,1081974375,,,,,,,24051712,5398528,,unavailable: no host CPU counter in this route receipt,15282000,11.414002584002446,,,,,,,,110630125,572018833,517.0552171029365,PASS,PASS,387009250,f592c3ae20935d7623d465e8aacf22703c6861876d758117adba705110f2d0fc,446df40465ad55181b95112968f999534c7d6cb1a2f4d22b4014ecdda120b493,c2cb953968812a9e401ea362c4aa6cdeea9e03453fbdcaa651cfb01734914405,16d607d27f8e57a92a9539b30b9340ec2bcf894209d41c6d4ef50f2d2f433ed3,sha256:8e74a58284a6e8c22ac9cbf60231f69217c3cae31c231ef17b0afd81726b8249,verification/dedup_cross_file/dedup-cross-file-identical-500/verification.json,performance/dedup_cross_file/dedup-cross-file-identical-500/perf.jsonl,directly-comparable,"Identical family, fixture generator, schedule, operation and timer source at v0.1.3 and candidate; runtime recipe/content and timer validation required. Optional endurance unexecuted historically.",9f5a641d223606c45e5e6aa8a20094c12f9139a1
dedup_cross_file,dedup-cross-file-mixed-10,10,10485760,10,registered-fixture,1,1,pure_call_sum_ns,30754875,PASS,PASS,15000000000,PASS,728440958,440464667,,,,,,,29147136,5672960,,unavailable: no host CPU counter in this route receipt,14935000,2.191850917006377,,,,,,,,24046375,6708500,27.898175920486974,PASS,PASS,349006000,f592c3ae20935d7623d465e8aacf22703c6861876d758117adba705110f2d0fc,446df40465ad55181b95112968f999534c7d6cb1a2f4d22b4014ecdda120b493,c2cb953968812a9e401ea362c4aa6cdeea9e03453fbdcaa651cfb01734914405,959095b2059776153232e68d47d2297b72c689a7b655f241970e201154ea499f,sha256:8e74a58284a6e8c22ac9cbf60231f69217c3cae31c231ef17b0afd81726b8249,verification/dedup_cross_file/dedup-cross-file-mixed-10/verification.json,performance/dedup_cross_file/dedup-cross-file-mixed-10/perf.jsonl,directly-comparable,"Identical family, fixture generator, schedule, operation and timer source at v0.1.3 and candidate; runtime recipe/content and timer validation required. Optional endurance unexecuted historically.",9f5a641d223606c45e5e6aa8a20094c12f9139a1
dedup_cross_file,dedup-cross-file-mixed-100,100,104857600,100,registered-fixture,1,1,pure_call_sum_ns,296842625,PASS,PASS,15000000000,PASS,1603963500,766192500,,,,,,,63242240,5398528,,unavailable: no host CPU counter in this route receipt,16026000,4.619159499998204,,,,,,,,113943625,182899000,160.51709781920664,PASS,PASS,353865459,f592c3ae20935d7623d465e8aacf22703c6861876d758117adba705110f2d0fc,446df40465ad55181b95112968f999534c7d6cb1a2f4d22b4014ecdda120b493,c2cb953968812a9e401ea362c4aa6cdeea9e03453fbdcaa651cfb01734914405,b0ee5860798fd072f12f6086366b02d0282718eecb2d2cb06cb120c6f0f8e101,sha256:8e74a58284a6e8c22ac9cbf60231f69217c3cae31c231ef17b0afd81726b8249,verification/dedup_cross_file/dedup-cross-file-mixed-100/verification.json,performance/dedup_cross_file/dedup-cross-file-mixed-100/perf.jsonl,directly-comparable,"Identical family, fixture generator, schedule, operation and timer source at v0.1.3 and candidate; runtime recipe/content and timer validation required. Optional endurance unexecuted historically.",9f5a641d223606c45e5e6aa8a20094c12f9139a1
dedup_cross_file,dedup-cross-file-mixed-500,500,524288000,500,registered-fixture,1,1,pure_call_sum_ns,1350345000,PASS,PASS,15000000000,PASS,5722037667,2044641833,,,,,,,66945024,5685248,,unavailable: no host CPU counter in this route receipt,16287000,15.386793124998803,,,,,,,,541992375,808352625,149.14464894455386,PASS,PASS,356657042,f592c3ae20935d7623d465e8aacf22703c6861876d758117adba705110f2d0fc,446df40465ad55181b95112968f999534c7d6cb1a2f4d22b4014ecdda120b493,c2cb953968812a9e401ea362c4aa6cdeea9e03453fbdcaa651cfb01734914405,af798871942d0dd42346a67e9a4b7a6784d0103fe537103e64523af6de852840,sha256:8e74a58284a6e8c22ac9cbf60231f69217c3cae31c231ef17b0afd81726b8249,verification/dedup_cross_file/dedup-cross-file-mixed-500/verification.json,performance/dedup_cross_file/dedup-cross-file-mixed-500/perf.jsonl,directly-comparable,"Identical family, fixture generator, schedule, operation and timer source at v0.1.3 and candidate; runtime recipe/content and timer validation required. Optional endurance unexecuted historically.",9f5a641d223606c45e5e6aa8a20094c12f9139a1
dedup_cdc_locality,dedup-cdc-overwrite-1,1,2097152,2,registered-fixture,1,1,pure_call_sum_ns,7247375,PASS,PASS,15000000000,PASS,599556750,441447250,,,,,,,15335424,5660672,,unavailable: no host CPU counter in this route receipt,14144000,1.8937429999932647,,,,,,,,4002292,3245083,81.08061580714251,PASS,PASS,348636291,f592c3ae20935d7623d465e8aacf22703c6861876d758117adba705110f2d0fc,446df40465ad55181b95112968f999534c7d6cb1a2f4d22b4014ecdda120b493,c2cb953968812a9e401ea362c4aa6cdeea9e03453fbdcaa651cfb01734914405,014d84f7f7ea61c58d9c28f95c05933f815065efc9f455e8752de1ee87b4e163,sha256:8e74a58284a6e8c22ac9cbf60231f69217c3cae31c231ef17b0afd81726b8249,verification/dedup_cdc_locality/dedup-cdc-overwrite-1/verification.json,performance/dedup_cdc_locality/dedup-cdc-overwrite-1/perf.jsonl,directly-comparable,"Identical family, fixture generator, schedule, operation and timer source at v0.1.3 and candidate; runtime recipe/content and timer validation required. Optional endurance unexecuted historically.",9f5a641d223606c45e5e6aa8a20094c12f9139a1
dedup_cdc_locality,dedup-cdc-overwrite-10,10,11534336,11,registered-fixture,1,1,pure_call_sum_ns,19061417,PASS,PASS,15000000000,PASS,962885916,391779583,,,,,,,18415616,5869568,,unavailable: no host CPU counter in this route receipt,14913000,2.3053038330108393,,,,,,,,20448459,-1387042,-6.783112605209028,PASS,PASS,340850458,f592c3ae20935d7623d465e8aacf22703c6861876d758117adba705110f2d0fc,446df40465ad55181b95112968f999534c7d6cb1a2f4d22b4014ecdda120b493,c2cb953968812a9e401ea362c4aa6cdeea9e03453fbdcaa651cfb01734914405,99327281c86bc779d00afa54a824e1bfae6f903557a02db921cc754f5e777082,sha256:8e74a58284a6e8c22ac9cbf60231f69217c3cae31c231ef17b0afd81726b8249,verification/dedup_cdc_locality/dedup-cdc-overwrite-10/verification.json,performance/dedup_cdc_locality/dedup-cdc-overwrite-10/perf.jsonl,directly-comparable,"Identical family, fixture generator, schedule, operation and timer source at v0.1.3 and candidate; runtime recipe/content and timer validation required. Optional endurance unexecuted historically.",9f5a641d223606c45e5e6aa8a20094c12f9139a1
dedup_cdc_locality,dedup-cdc-overwrite-100,100,105906176,101,registered-fixture,1,1,pure_call_sum_ns,143658542,PASS,PASS,15000000000,PASS,2144046000,545528167,,,,,,,29081600,5656576,,unavailable: no host CPU counter in this route receipt,16213000,5.526330166001571,,,,,,,,30952625,112705917,364.1239377920289,PASS,PASS,398162500,f592c3ae20935d7623d465e8aacf22703c6861876d758117adba705110f2d0fc,446df40465ad55181b95112968f999534c7d6cb1a2f4d22b4014ecdda120b493,c2cb953968812a9e401ea362c4aa6cdeea9e03453fbdcaa651cfb01734914405,6aa7abed7c0136a5da34ba34d692c31a22f64b35fe9d508dc7f559c998dbd0bd,sha256:8e74a58284a6e8c22ac9cbf60231f69217c3cae31c231ef17b0afd81726b8249,verification/dedup_cdc_locality/dedup-cdc-overwrite-100/verification.json,performance/dedup_cdc_locality/dedup-cdc-overwrite-100/perf.jsonl,directly-comparable,"Identical family, fixture generator, schedule, operation and timer source at v0.1.3 and candidate; runtime recipe/content and timer validation required. Optional endurance unexecuted historically.",9f5a641d223606c45e5e6aa8a20094c12f9139a1
dedup_cdc_locality,dedup-cdc-overwrite-500,500,525336576,501,registered-fixture,1,1,pure_call_sum_ns,769798750,PASS,PASS,15000000000,PASS,7984531084,1193249833,,,,,,,40534016,5398528,,unavailable: no host CPU counter in this route receipt,16397000,19.509087458005524,,,,,,,,122035083,647763667,530.801185262438,PASS,PASS,342487500,f592c3ae20935d7623d465e8aacf22703c6861876d758117adba705110f2d0fc,446df40465ad55181b95112968f999534c7d6cb1a2f4d22b4014ecdda120b493,c2cb953968812a9e401ea362c4aa6cdeea9e03453fbdcaa651cfb01734914405,edee2b3e69e3e01c4d13356c6419259d56cbdf56c5f35df2fc34beca9b0c6528,sha256:8e74a58284a6e8c22ac9cbf60231f69217c3cae31c231ef17b0afd81726b8249,verification/dedup_cdc_locality/dedup-cdc-overwrite-500/verification.json,performance/dedup_cdc_locality/dedup-cdc-overwrite-500/perf.jsonl,directly-comparable,"Identical family, fixture generator, schedule, operation and timer source at v0.1.3 and candidate; runtime recipe/content and timer validation required. Optional endurance unexecuted historically.",9f5a641d223606c45e5e6aa8a20094c12f9139a1
dedup_cdc_locality,dedup-cdc-insert-1,1,2101248,2,registered-fixture,1,1,pure_call_sum_ns,5957917,PASS,PASS,15000000000,PASS,728843667,393328750,,,,,,,16842752,5931008,,unavailable: no host CPU counter in this route receipt,14400000,2.075602833996527,,,,,,,,3897167,2060750,52.87815482374761,PASS,PASS,344531416,f592c3ae20935d7623d465e8aacf22703c6861876d758117adba705110f2d0fc,446df40465ad55181b95112968f999534c7d6cb1a2f4d22b4014ecdda120b493,c2cb953968812a9e401ea362c4aa6cdeea9e03453fbdcaa651cfb01734914405,2381faffe21212b8b9f167c5a0550134a7b8f9bca732477d633cb5a0a458a345,sha256:8e74a58284a6e8c22ac9cbf60231f69217c3cae31c231ef17b0afd81726b8249,verification/dedup_cdc_locality/dedup-cdc-insert-1/verification.json,performance/dedup_cdc_locality/dedup-cdc-insert-1/perf.jsonl,directly-comparable,"Identical family, fixture generator, schedule, operation and timer source at v0.1.3 and candidate; runtime recipe/content and timer validation required. Optional endurance unexecuted historically.",9f5a641d223606c45e5e6aa8a20094c12f9139a1
dedup_cdc_locality,dedup-cdc-insert-10,10,11575296,11,registered-fixture,1,1,pure_call_sum_ns,19470709,PASS,PASS,15000000000,PASS,728222291,388122542,,,,,,,20283392,5664768,,unavailable: no host CPU counter in this route receipt,14438000,2.1921925000060583,,,,,,,,18057833,1412876,7.824172479610372,PASS,PASS,341201375,f592c3ae20935d7623d465e8aacf22703c6861876d758117adba705110f2d0fc,446df40465ad55181b95112968f999534c7d6cb1a2f4d22b4014ecdda120b493,c2cb953968812a9e401ea362c4aa6cdeea9e03453fbdcaa651cfb01734914405,17d83616cb5bede2d5a30839ec1af624e45e8eba77d7647324c5074ee46c364b,sha256:8e74a58284a6e8c22ac9cbf60231f69217c3cae31c231ef17b0afd81726b8249,verification/dedup_cdc_locality/dedup-cdc-insert-10/verification.json,performance/dedup_cdc_locality/dedup-cdc-insert-10/perf.jsonl,directly-comparable,"Identical family, fixture generator, schedule, operation and timer source at v0.1.3 and candidate; runtime recipe/content and timer validation required. Optional endurance unexecuted historically.",9f5a641d223606c45e5e6aa8a20094c12f9139a1
dedup_cdc_locality,dedup-cdc-insert-100,100,106315776,101,registered-fixture,1,1,pure_call_sum_ns,158100250,PASS,PASS,15000000000,PASS,2220654125,549049333,,,,,,,30851072,5918720,,unavailable: no host CPU counter in this route receipt,15241000,5.522222375002457,,,,,,,,34183250,123917000,362.50795345673686,PASS,PASS,351118583,f592c3ae20935d7623d465e8aacf22703c6861876d758117adba705110f2d0fc,446df40465ad55181b95112968f999534c7d6cb1a2f4d22b4014ecdda120b493,c2cb953968812a9e401ea362c4aa6cdeea9e03453fbdcaa651cfb01734914405,497db35f613646765c10b748a6cafc8eb48f8b37ac8d046a7eb642e850d14ed9,sha256:8e74a58284a6e8c22ac9cbf60231f69217c3cae31c231ef17b0afd81726b8249,verification/dedup_cdc_locality/dedup-cdc-insert-100/verification.json,performance/dedup_cdc_locality/dedup-cdc-insert-100/perf.jsonl,directly-comparable,"Identical family, fixture generator, schedule, operation and timer source at v0.1.3 and candidate; runtime recipe/content and timer validation required. Optional endurance unexecuted historically.",9f5a641d223606c45e5e6aa8a20094c12f9139a1
dedup_cdc_locality,dedup-cdc-insert-500,500,527384576,501,registered-fixture,1,1,pure_call_sum_ns,775264250,PASS,PASS,15000000000,PASS,8174043334,1179416500,,,,,,,44351488,5595136,,unavailable: no host CPU counter in this route receipt,16062000,19.590034375010873,,,,,,,,136775833,638488417,466.8137659962195,PASS,PASS,395190542,f592c3ae20935d7623d465e8aacf22703c6861876d758117adba705110f2d0fc,446df40465ad55181b95112968f999534c7d6cb1a2f4d22b4014ecdda120b493,c2cb953968812a9e401ea362c4aa6cdeea9e03453fbdcaa651cfb01734914405,c2ab7b3bd63b6acda5edb1285af7037230c203b4e1c1e5426e8e7aab3e45fba7,sha256:8e74a58284a6e8c22ac9cbf60231f69217c3cae31c231ef17b0afd81726b8249,verification/dedup_cdc_locality/dedup-cdc-insert-500/verification.json,performance/dedup_cdc_locality/dedup-cdc-insert-500/perf.jsonl,directly-comparable,"Identical family, fixture generator, schedule, operation and timer source at v0.1.3 and candidate; runtime recipe/content and timer validation required. Optional endurance unexecuted historically.",9f5a641d223606c45e5e6aa8a20094c12f9139a1
dedup_cdc_locality,dedup-cdc-delete-1,1,2093056,2,registered-fixture,1,1,pure_call_sum_ns,6297917,PASS,PASS,15000000000,PASS,608233125,388186459,,,,,,,16646144,5394432,,unavailable: no host CPU counter in this route receipt,14535000,1.823948291988927,,,,,,,,4411750,1886167,42.75326117753726,PASS,PASS,396000750,f592c3ae20935d7623d465e8aacf22703c6861876d758117adba705110f2d0fc,446df40465ad55181b95112968f999534c7d6cb1a2f4d22b4014ecdda120b493,c2cb953968812a9e401ea362c4aa6cdeea9e03453fbdcaa651cfb01734914405,01d624bfe7ff8d70126de9130de55639a868ea8dd8f496ce05367c28604b164b,sha256:8e74a58284a6e8c22ac9cbf60231f69217c3cae31c231ef17b0afd81726b8249,verification/dedup_cdc_locality/dedup-cdc-delete-1/verification.json,performance/dedup_cdc_locality/dedup-cdc-delete-1/perf.jsonl,directly-comparable,"Identical family, fixture generator, schedule, operation and timer source at v0.1.3 and candidate; runtime recipe/content and timer validation required. Optional endurance unexecuted historically.",9f5a641d223606c45e5e6aa8a20094c12f9139a1
dedup_cdc_locality,dedup-cdc-delete-10,10,11493376,11,registered-fixture,1,1,pure_call_sum_ns,19955209,PASS,PASS,15000000000,PASS,776027666,443390125,,,,,,,21282816,5337088,,unavailable: no host CPU counter in this route receipt,14193000,2.2334594999992987,,,,,,,,18224917,1730292,9.494100851049144,PASS,PASS,345673833,f592c3ae20935d7623d465e8aacf22703c6861876d758117adba705110f2d0fc,446df40465ad55181b95112968f999534c7d6cb1a2f4d22b4014ecdda120b493,c2cb953968812a9e401ea362c4aa6cdeea9e03453fbdcaa651cfb01734914405,285806c8615ae80dcf272c3a7b6de9f5777272910fb3a0aeccb6a2c58c656e75,sha256:8e74a58284a6e8c22ac9cbf60231f69217c3cae31c231ef17b0afd81726b8249,verification/dedup_cdc_locality/dedup-cdc-delete-10/verification.json,performance/dedup_cdc_locality/dedup-cdc-delete-10/perf.jsonl,directly-comparable,"Identical family, fixture generator, schedule, operation and timer source at v0.1.3 and candidate; runtime recipe/content and timer validation required. Optional endurance unexecuted historically.",9f5a641d223606c45e5e6aa8a20094c12f9139a1
dedup_cdc_locality,dedup-cdc-delete-100,100,105496576,101,registered-fixture,1,1,pure_call_sum_ns,150029916,PASS,PASS,15000000000,PASS,2048929333,557708459,,,,,,,30474240,5419008,,unavailable: no host CPU counter in this route receipt,16378000,5.371818624989828,,,,,,,,33165583,116864333,352.3662858572394,PASS,PASS,348790000,f592c3ae20935d7623d465e8aacf22703c6861876d758117adba705110f2d0fc,446df40465ad55181b95112968f999534c7d6cb1a2f4d22b4014ecdda120b493,c2cb953968812a9e401ea362c4aa6cdeea9e03453fbdcaa651cfb01734914405,4993cd658dee0cb0f39cb76caa32ccdeacae73d4178db526c5d4d665381a0456,sha256:8e74a58284a6e8c22ac9cbf60231f69217c3cae31c231ef17b0afd81726b8249,verification/dedup_cdc_locality/dedup-cdc-delete-100/verification.json,performance/dedup_cdc_locality/dedup-cdc-delete-100/perf.jsonl,directly-comparable,"Identical family, fixture generator, schedule, operation and timer source at v0.1.3 and candidate; runtime recipe/content and timer validation required. Optional endurance unexecuted historically.",9f5a641d223606c45e5e6aa8a20094c12f9139a1
dedup_cdc_locality,dedup-cdc-delete-500,500,523288576,501,registered-fixture,1,1,pure_call_sum_ns,765470333,PASS,PASS,15000000000,PASS,8597545625,1182949750,,,,,,,41582592,5419008,,unavailable: no host CPU counter in this route receipt,15733000,20.81625316699501,,,,,,,,130863875,634606458,484.9363187510686,PASS,PASS,345327833,f592c3ae20935d7623d465e8aacf22703c6861876d758117adba705110f2d0fc,446df40465ad55181b95112968f999534c7d6cb1a2f4d22b4014ecdda120b493,c2cb953968812a9e401ea362c4aa6cdeea9e03453fbdcaa651cfb01734914405,323e4ba85021594140043c149656718a8911a8e5499ec6399134e0a68ce7d6b1,sha256:8e74a58284a6e8c22ac9cbf60231f69217c3cae31c231ef17b0afd81726b8249,verification/dedup_cdc_locality/dedup-cdc-delete-500/verification.json,performance/dedup_cdc_locality/dedup-cdc-delete-500/perf.jsonl,directly-comparable,"Identical family, fixture generator, schedule, operation and timer source at v0.1.3 and candidate; runtime recipe/content and timer validation required. Optional endurance unexecuted historically.",9f5a641d223606c45e5e6aa8a20094c12f9139a1
dedup_cdc_locality,dedup-cdc-common-body-1,1,2097152,2,registered-fixture,1,1,pure_call_sum_ns,6691667,PASS,PASS,15000000000,PASS,623737042,389518292,,,,,,,16629760,5656576,,unavailable: no host CPU counter in this route receipt,15262000,1.9369902499893215,,,,,,,,4125125,2566542,62.21731462682949,PASS,PASS,352844875,f592c3ae20935d7623d465e8aacf22703c6861876d758117adba705110f2d0fc,446df40465ad55181b95112968f999534c7d6cb1a2f4d22b4014ecdda120b493,c2cb953968812a9e401ea362c4aa6cdeea9e03453fbdcaa651cfb01734914405,ea8e8cc090f7ab85184421ad5de4fad737368bf6d03374a088c15e21df6a8d46,sha256:8e74a58284a6e8c22ac9cbf60231f69217c3cae31c231ef17b0afd81726b8249,verification/dedup_cdc_locality/dedup-cdc-common-body-1/verification.json,performance/dedup_cdc_locality/dedup-cdc-common-body-1/perf.jsonl,directly-comparable,"Identical family, fixture generator, schedule, operation and timer source at v0.1.3 and candidate; runtime recipe/content and timer validation required. Optional endurance unexecuted historically.",9f5a641d223606c45e5e6aa8a20094c12f9139a1
dedup_cdc_locality,dedup-cdc-common-body-10,10,11534336,11,registered-fixture,1,1,pure_call_sum_ns,25391000,PASS,PASS,15000000000,PASS,777102458,449998875,,,,,,,25673728,5689344,,unavailable: no host CPU counter in this route receipt,15477000,2.2215032919921214,,,,,,,,20395333,4995667,24.494167366622552,PASS,PASS,340353833,f592c3ae20935d7623d465e8aacf22703c6861876d758117adba705110f2d0fc,446df40465ad55181b95112968f999534c7d6cb1a2f4d22b4014ecdda120b493,c2cb953968812a9e401ea362c4aa6cdeea9e03453fbdcaa651cfb01734914405,29abdcdce00c40775b3928b674e6dbe37a610002c35d4c8dc19b0ae98a3f2a44,sha256:8e74a58284a6e8c22ac9cbf60231f69217c3cae31c231ef17b0afd81726b8249,verification/dedup_cdc_locality/dedup-cdc-common-body-10/verification.json,performance/dedup_cdc_locality/dedup-cdc-common-body-10/perf.jsonl,directly-comparable,"Identical family, fixture generator, schedule, operation and timer source at v0.1.3 and candidate; runtime recipe/content and timer validation required. Optional endurance unexecuted historically.",9f5a641d223606c45e5e6aa8a20094c12f9139a1
dedup_cdc_locality,dedup-cdc-common-body-100,100,105906176,101,registered-fixture,1,1,pure_call_sum_ns,189509833,PASS,PASS,15000000000,PASS,2036623625,550828083,,,,,,,60588032,5394432,,unavailable: no host CPU counter in this route receipt,13950000,5.499138500003028,,,,,,,,58208209,131301624,225.572348395052,PASS,PASS,347150708,f592c3ae20935d7623d465e8aacf22703c6861876d758117adba705110f2d0fc,446df40465ad55181b95112968f999534c7d6cb1a2f4d22b4014ecdda120b493,c2cb953968812a9e401ea362c4aa6cdeea9e03453fbdcaa651cfb01734914405,0cbd0081c23afe07dd7abc8ff800eecf6e4b6a8035f48f722bafe95b8d37d6fa,sha256:8e74a58284a6e8c22ac9cbf60231f69217c3cae31c231ef17b0afd81726b8249,verification/dedup_cdc_locality/dedup-cdc-common-body-100/verification.json,performance/dedup_cdc_locality/dedup-cdc-common-body-100/perf.jsonl,directly-comparable,"Identical family, fixture generator, schedule, operation and timer source at v0.1.3 and candidate; runtime recipe/content and timer validation required. Optional endurance unexecuted historically.",9f5a641d223606c45e5e6aa8a20094c12f9139a1
dedup_cdc_locality,dedup-cdc-common-body-500,500,525336576,501,registered-fixture,1,1,pure_call_sum_ns,990060125,PASS,PASS,15000000000,PASS,7955023125,1388517875,,,,,,,63897600,5423104,,unavailable: no host CPU counter in this route receipt,15320000,19.990675708992057,,,,,,,,244350083,745710042,305.181006220489,PASS,PASS,398224292,f592c3ae20935d7623d465e8aacf22703c6861876d758117adba705110f2d0fc,446df40465ad55181b95112968f999534c7d6cb1a2f4d22b4014ecdda120b493,c2cb953968812a9e401ea362c4aa6cdeea9e03453fbdcaa651cfb01734914405,473212c9eeb6d7e648334c1b5a3740d65b6c58397491e914efe09d62df7b7265,sha256:8e74a58284a6e8c22ac9cbf60231f69217c3cae31c231ef17b0afd81726b8249,verification/dedup_cdc_locality/dedup-cdc-common-body-500/verification.json,performance/dedup_cdc_locality/dedup-cdc-common-body-500/perf.jsonl,directly-comparable,"Identical family, fixture generator, schedule, operation and timer source at v0.1.3 and candidate; runtime recipe/content and timer validation required. Optional endurance unexecuted historically.",9f5a641d223606c45e5e6aa8a20094c12f9139a1
dedup_cdc_locality,dedup-cdc-scattered-1,1,2097152,2,registered-fixture,1,1,pure_call_sum_ns,8233292,PASS,PASS,15000000000,PASS,674900791,393080291,,,,,,,18317312,5656576,,unavailable: no host CPU counter in this route receipt,12623000,1.9648935000004712,,,,,,,,4647500,3585792,77.15528778913394,PASS,PASS,345013417,f592c3ae20935d7623d465e8aacf22703c6861876d758117adba705110f2d0fc,446df40465ad55181b95112968f999534c7d6cb1a2f4d22b4014ecdda120b493,c2cb953968812a9e401ea362c4aa6cdeea9e03453fbdcaa651cfb01734914405,bf6574b4204b59d715514d6c12e7b701779357adab5f2f893ee8d560fc453f10,sha256:8e74a58284a6e8c22ac9cbf60231f69217c3cae31c231ef17b0afd81726b8249,verification/dedup_cdc_locality/dedup-cdc-scattered-1/verification.json,performance/dedup_cdc_locality/dedup-cdc-scattered-1/perf.jsonl,directly-comparable,"Identical family, fixture generator, schedule, operation and timer source at v0.1.3 and candidate; runtime recipe/content and timer validation required. Optional endurance unexecuted historically.",9f5a641d223606c45e5e6aa8a20094c12f9139a1
dedup_cdc_locality,dedup-cdc-scattered-10,10,11534336,11,registered-fixture,1,1,pure_call_sum_ns,34552500,PASS,PASS,15000000000,PASS,797819542,395820416,,,,,,,35094528,5967872,,unavailable: no host CPU counter in this route receipt,14137000,2.218973625000217,,,,,,,,23469041,11083459,47.225870882410575,PASS,PASS,408550000,f592c3ae20935d7623d465e8aacf22703c6861876d758117adba705110f2d0fc,446df40465ad55181b95112968f999534c7d6cb1a2f4d22b4014ecdda120b493,c2cb953968812a9e401ea362c4aa6cdeea9e03453fbdcaa651cfb01734914405,092b8b457a9d1505001a2acf47597a3a7aa22cde13226d2ddb140824861e3384,sha256:8e74a58284a6e8c22ac9cbf60231f69217c3cae31c231ef17b0afd81726b8249,verification/dedup_cdc_locality/dedup-cdc-scattered-10/verification.json,performance/dedup_cdc_locality/dedup-cdc-scattered-10/perf.jsonl,directly-comparable,"Identical family, fixture generator, schedule, operation and timer source at v0.1.3 and candidate; runtime recipe/content and timer validation required. Optional endurance unexecuted historically.",9f5a641d223606c45e5e6aa8a20094c12f9139a1
dedup_cdc_locality,dedup-cdc-scattered-100,100,105906176,101,registered-fixture,1,1,pure_call_sum_ns,306408500,PASS,PASS,15000000000,PASS,2141798292,712488375,,,,,,,63750144,6205440,,unavailable: no host CPU counter in this route receipt,15997000,6.17798487500113,,,,,,,,89368333,217040167,242.86026125160015,PASS,PASS,350282333,f592c3ae20935d7623d465e8aacf22703c6861876d758117adba705110f2d0fc,446df40465ad55181b95112968f999534c7d6cb1a2f4d22b4014ecdda120b493,c2cb953968812a9e401ea362c4aa6cdeea9e03453fbdcaa651cfb01734914405,3efbef6426d1ab2d3e47878f09b93b4010e09802b3c85ed5dba93b283b2b9ba5,sha256:8e74a58284a6e8c22ac9cbf60231f69217c3cae31c231ef17b0afd81726b8249,verification/dedup_cdc_locality/dedup-cdc-scattered-100/verification.json,performance/dedup_cdc_locality/dedup-cdc-scattered-100/perf.jsonl,directly-comparable,"Identical family, fixture generator, schedule, operation and timer source at v0.1.3 and candidate; runtime recipe/content and timer validation required. Optional endurance unexecuted historically.",9f5a641d223606c45e5e6aa8a20094c12f9139a1
dedup_cdc_locality,dedup-cdc-scattered-500,500,525336576,501,registered-fixture,1,1,pure_call_sum_ns,1332843667,PASS,PASS,15000000000,PASS,8724982667,1867043334,,,,,,,66060288,5361664,,unavailable: no host CPU counter in this route receipt,14135000,22.8749262909987,,,,,,,,483006833,849836834,175.9471659482714,PASS,PASS,361329667,f592c3ae20935d7623d465e8aacf22703c6861876d758117adba705110f2d0fc,446df40465ad55181b95112968f999534c7d6cb1a2f4d22b4014ecdda120b493,c2cb953968812a9e401ea362c4aa6cdeea9e03453fbdcaa651cfb01734914405,f7f79d4fd8626d625789f7fb4ea4159683e942d472f6fa6ccd23f44ae965b9ed,sha256:8e74a58284a6e8c22ac9cbf60231f69217c3cae31c231ef17b0afd81726b8249,verification/dedup_cdc_locality/dedup-cdc-scattered-500/verification.json,performance/dedup_cdc_locality/dedup-cdc-scattered-500/perf.jsonl,directly-comparable,"Identical family, fixture generator, schedule, operation and timer source at v0.1.3 and candidate; runtime recipe/content and timer validation required. Optional endurance unexecuted historically.",9f5a641d223606c45e5e6aa8a20094c12f9139a1
edit_length_preserving,overwrite-head-4k-on-1mib-ops-1,1,1048576,1,registered-fixture,1,1,edit_commit_ns,7944708,PASS,PASS,15000000000,PASS,877334208,383246792,9935791,,1925541,6019167,113334,2691125,31440896,5390336,,unavailable: no host CPU counter in this route receipt,43423000,1.8475475419982104,,,,,,,,5777000,2167708,37.52307425999654,PASS,PASS,347513625,f592c3ae20935d7623d465e8aacf22703c6861876d758117adba705110f2d0fc,446df40465ad55181b95112968f999534c7d6cb1a2f4d22b4014ecdda120b493,c2cb953968812a9e401ea362c4aa6cdeea9e03453fbdcaa651cfb01734914405,6e0189b85940c6d85d324c8cd2044ed4bc8c879254603ae3748324f342b086a3,sha256:8e74a58284a6e8c22ac9cbf60231f69217c3cae31c231ef17b0afd81726b8249,verification/edit_length_preserving/overwrite-head-4k-on-1mib-ops-1/verification.json,performance/edit_length_preserving/overwrite-head-4k-on-1mib-ops-1/perf.jsonl,directly-comparable,"Identical family, fixture generator, schedule, operation and timer source at v0.1.3 and candidate; runtime recipe/content and timer validation required. Optional endurance unexecuted historically.",9f5a641d223606c45e5e6aa8a20094c12f9139a1
edit_length_preserving,overwrite-head-4k-on-10mib-ops-1,10,10485760,1,registered-fixture,1,1,edit_commit_ns,8576458,PASS,PASS,15000000000,PASS,1018428958,391324833,9216125,,2227083,6349375,82834,2630250,31064064,7786496,,unavailable: no host CPU counter in this route receipt,43718000,1.980406167000183,,,,,,,,6154125,2422333,39.36112769890114,PASS,PASS,347686125,f592c3ae20935d7623d465e8aacf22703c6861876d758117adba705110f2d0fc,446df40465ad55181b95112968f999534c7d6cb1a2f4d22b4014ecdda120b493,c2cb953968812a9e401ea362c4aa6cdeea9e03453fbdcaa651cfb01734914405,91c673626d6c315eb9dac51ad34147a81416abddc500004692c923a2710dcafb,sha256:8e74a58284a6e8c22ac9cbf60231f69217c3cae31c231ef17b0afd81726b8249,verification/edit_length_preserving/overwrite-head-4k-on-10mib-ops-1/verification.json,performance/edit_length_preserving/overwrite-head-4k-on-10mib-ops-1/perf.jsonl,directly-comparable,"Identical family, fixture generator, schedule, operation and timer source at v0.1.3 and candidate; runtime recipe/content and timer validation required. Optional endurance unexecuted historically.",9f5a641d223606c45e5e6aa8a20094c12f9139a1
edit_length_preserving,overwrite-head-4k-on-100mib-ops-1,100,104857600,1,registered-fixture,1,1,edit_commit_ns,7944583,PASS,PASS,15000000000,PASS,2440877541,389475583,7472750,,2194208,5750375,116583,2696542,31014912,5390336,,unavailable: no host CPU counter in this route receipt,42526000,3.8586084579874296,,,,,,,,6651583,1293000,19.43898166797287,PASS,PASS,419328458,f592c3ae20935d7623d465e8aacf22703c6861876d758117adba705110f2d0fc,446df40465ad55181b95112968f999534c7d6cb1a2f4d22b4014ecdda120b493,c2cb953968812a9e401ea362c4aa6cdeea9e03453fbdcaa651cfb01734914405,04f1a5015e6ecca0cbdee33612b34313129d5a2ada561c205dad625ca1273ba2,sha256:8e74a58284a6e8c22ac9cbf60231f69217c3cae31c231ef17b0afd81726b8249,verification/edit_length_preserving/overwrite-head-4k-on-100mib-ops-1/verification.json,performance/edit_length_preserving/overwrite-head-4k-on-100mib-ops-1/perf.jsonl,directly-comparable,"Identical family, fixture generator, schedule, operation and timer source at v0.1.3 and candidate; runtime recipe/content and timer validation required. Optional endurance unexecuted historically.",9f5a641d223606c45e5e6aa8a20094c12f9139a1
edit_length_preserving,overwrite-head-4k-on-500mib-ops-1,500,524288000,1,registered-fixture,1,1,edit_commit_ns,9620167,PASS,PASS,15000000000,PASS,8729945666,448775042,8727083,,2420417,7199750,99500,3191542,30851072,5939200,,unavailable: no host CPU counter in this route receipt,47735000,10.954548583002179,,,,,,,,8411084,1209083,14.374877245311069,PASS,PASS,685682584,f592c3ae20935d7623d465e8aacf22703c6861876d758117adba705110f2d0fc,446df40465ad55181b95112968f999534c7d6cb1a2f4d22b4014ecdda120b493,c2cb953968812a9e401ea362c4aa6cdeea9e03453fbdcaa651cfb01734914405,b717ade0dce8a5c3311add41a4f08f25e627077120710d56c5310606ba158e10,sha256:8e74a58284a6e8c22ac9cbf60231f69217c3cae31c231ef17b0afd81726b8249,verification/edit_length_preserving/overwrite-head-4k-on-500mib-ops-1/verification.json,performance/edit_length_preserving/overwrite-head-4k-on-500mib-ops-1/perf.jsonl,directly-comparable,"Identical family, fixture generator, schedule, operation and timer source at v0.1.3 and candidate; runtime recipe/content and timer validation required. Optional endurance unexecuted historically.",9f5a641d223606c45e5e6aa8a20094c12f9139a1
edit_length_preserving,overwrite-middle-4k-on-1mib-ops-1,1,1048576,1,registered-fixture,1,1,edit_commit_ns,7083666,PASS,PASS,15000000000,PASS,559179166,388657916,8883000,,1985583,5098083,112125,2829667,30654464,5660672,,unavailable: no host CPU counter in this route receipt,41557000,1.7929103339993162,,,,,,,,6138666,945000,15.394224087122511,PASS,PASS,342244166,f592c3ae20935d7623d465e8aacf22703c6861876d758117adba705110f2d0fc,446df40465ad55181b95112968f999534c7d6cb1a2f4d22b4014ecdda120b493,c2cb953968812a9e401ea362c4aa6cdeea9e03453fbdcaa651cfb01734914405,575bfaa072456a2b646f4dca578f48853991abe65a286290fea27dced496b72e,sha256:8e74a58284a6e8c22ac9cbf60231f69217c3cae31c231ef17b0afd81726b8249,verification/edit_length_preserving/overwrite-middle-4k-on-1mib-ops-1/verification.json,performance/edit_length_preserving/overwrite-middle-4k-on-1mib-ops-1/perf.jsonl,directly-comparable,"Identical family, fixture generator, schedule, operation and timer source at v0.1.3 and candidate; runtime recipe/content and timer validation required. Optional endurance unexecuted historically.",9f5a641d223606c45e5e6aa8a20094c12f9139a1
edit_length_preserving,overwrite-middle-4k-on-10mib-ops-1,10,10485760,1,registered-fixture,1,1,edit_commit_ns,12248792,PASS,PASS,15000000000,PASS,650845959,436624666,9137458,,4103917,8144875,114500,3172958,31358976,5648384,,unavailable: no host CPU counter in this route receipt,54924000,1.8630845000006957,,,,,,,,5924958,6323834,106.73213210962845,PASS,PASS,405619750,f592c3ae20935d7623d465e8aacf22703c6861876d758117adba705110f2d0fc,446df40465ad55181b95112968f999534c7d6cb1a2f4d22b4014ecdda120b493,c2cb953968812a9e401ea362c4aa6cdeea9e03453fbdcaa651cfb01734914405,c6d1cb4df675e65eb42bc087a72e18033b7e17d7b370718c03923c841fba8317,sha256:8e74a58284a6e8c22ac9cbf60231f69217c3cae31c231ef17b0afd81726b8249,verification/edit_length_preserving/overwrite-middle-4k-on-10mib-ops-1/verification.json,performance/edit_length_preserving/overwrite-middle-4k-on-10mib-ops-1/perf.jsonl,directly-comparable,"Identical family, fixture generator, schedule, operation and timer source at v0.1.3 and candidate; runtime recipe/content and timer validation required. Optional endurance unexecuted historically.",9f5a641d223606c45e5e6aa8a20094c12f9139a1
edit_length_preserving,overwrite-middle-4k-on-100mib-ops-1,100,104857600,1,registered-fixture,1,1,edit_commit_ns,9383375,PASS,PASS,15000000000,PASS,937164875,441306625,10575625,,2277125,7106250,93042,2574209,31162368,5959680,,unavailable: no host CPU counter in this route receipt,48014000,2.149253249997855,,,,,,,,6188333,3195042,51.63009165796346,PASS,PASS,403206584,f592c3ae20935d7623d465e8aacf22703c6861876d758117adba705110f2d0fc,446df40465ad55181b95112968f999534c7d6cb1a2f4d22b4014ecdda120b493,c2cb953968812a9e401ea362c4aa6cdeea9e03453fbdcaa651cfb01734914405,31147a53c9f249b19cbb315a6b6978b9203b06bd9c5e45296c894c89e74bc230,sha256:8e74a58284a6e8c22ac9cbf60231f69217c3cae31c231ef17b0afd81726b8249,verification/edit_length_preserving/overwrite-middle-4k-on-100mib-ops-1/verification.json,performance/edit_length_preserving/overwrite-middle-4k-on-100mib-ops-1/perf.jsonl,directly-comparable,"Identical family, fixture generator, schedule, operation and timer source at v0.1.3 and candidate; runtime recipe/content and timer validation required. Optional endurance unexecuted historically.",9f5a641d223606c45e5e6aa8a20094c12f9139a1
edit_length_preserving,overwrite-middle-4k-on-500mib-ops-1,500,524288000,1,registered-fixture,1,1,edit_commit_ns,11123125,PASS,PASS,15000000000,PASS,2338219292,500356959,7958667,,2530708,8592417,118000,3417166,30982144,5603328,,unavailable: no host CPU counter in this route receipt,52285000,3.8273802079929737,,,,,,,,7174000,3949125,55.04774184555339,PASS,PASS,706909875,f592c3ae20935d7623d465e8aacf22703c6861876d758117adba705110f2d0fc,446df40465ad55181b95112968f999534c7d6cb1a2f4d22b4014ecdda120b493,c2cb953968812a9e401ea362c4aa6cdeea9e03453fbdcaa651cfb01734914405,2a3c1be555b979c65cdc091ca11a705bc63c668b82468a1ebd5890e476a060fb,sha256:8e74a58284a6e8c22ac9cbf60231f69217c3cae31c231ef17b0afd81726b8249,verification/edit_length_preserving/overwrite-middle-4k-on-500mib-ops-1/verification.json,performance/edit_length_preserving/overwrite-middle-4k-on-500mib-ops-1/perf.jsonl,directly-comparable,"Identical family, fixture generator, schedule, operation and timer source at v0.1.3 and candidate; runtime recipe/content and timer validation required. Optional endurance unexecuted historically.",9f5a641d223606c45e5e6aa8a20094c12f9139a1
edit_length_preserving,overwrite-tail-4k-on-1mib-ops-1,1,1048576,1,registered-fixture,1,1,edit_commit_ns,7900875,PASS,PASS,15000000000,PASS,564307000,438990375,9015250,,1906917,5993958,103209,3075917,31080448,5668864,,unavailable: no host CPU counter in this route receipt,43422000,1.6417941660038196,,,,,,,,6112375,1788500,29.26031207182151,PASS,PASS,358886458,f592c3ae20935d7623d465e8aacf22703c6861876d758117adba705110f2d0fc,446df40465ad55181b95112968f999534c7d6cb1a2f4d22b4014ecdda120b493,c2cb953968812a9e401ea362c4aa6cdeea9e03453fbdcaa651cfb01734914405,3e3ad18c0d9708812230fd5273fe91559bf208e019d9f54bb5e9e990fb37e653,sha256:8e74a58284a6e8c22ac9cbf60231f69217c3cae31c231ef17b0afd81726b8249,verification/edit_length_preserving/overwrite-tail-4k-on-1mib-ops-1/verification.json,performance/edit_length_preserving/overwrite-tail-4k-on-1mib-ops-1/perf.jsonl,directly-comparable,"Identical family, fixture generator, schedule, operation and timer source at v0.1.3 and candidate; runtime recipe/content and timer validation required. Optional endurance unexecuted historically.",9f5a641d223606c45e5e6aa8a20094c12f9139a1
edit_length_preserving,overwrite-tail-4k-on-10mib-ops-1,10,10485760,1,registered-fixture,1,1,edit_commit_ns,8920709,PASS,PASS,15000000000,PASS,582395958,434549292,10020208,,2463667,6457042,117500,3024333,31096832,5918720,,unavailable: no host CPU counter in this route receipt,46085000,1.7036557500105118,,,,,,,,7265084,1655625,22.788793632668252,PASS,PASS,359416125,f592c3ae20935d7623d465e8aacf22703c6861876d758117adba705110f2d0fc,446df40465ad55181b95112968f999534c7d6cb1a2f4d22b4014ecdda120b493,c2cb953968812a9e401ea362c4aa6cdeea9e03453fbdcaa651cfb01734914405,c259e1639e262648f7dda0f4012dbe6273d6a426f25c0c2dd7b484f4eb3a0d65,sha256:8e74a58284a6e8c22ac9cbf60231f69217c3cae31c231ef17b0afd81726b8249,verification/edit_length_preserving/overwrite-tail-4k-on-10mib-ops-1/verification.json,performance/edit_length_preserving/overwrite-tail-4k-on-10mib-ops-1/perf.jsonl,directly-comparable,"Identical family, fixture generator, schedule, operation and timer source at v0.1.3 and candidate; runtime recipe/content and timer validation required. Optional endurance unexecuted historically.",9f5a641d223606c45e5e6aa8a20094c12f9139a1
edit_length_preserving,overwrite-tail-4k-on-100mib-ops-1,100,104857600,1,registered-fixture,1,1,edit_commit_ns,9244042,PASS,PASS,15000000000,PASS,828286958,440169875,10967334,,2403750,6840292,102042,3191000,30785536,5136384,,unavailable: no host CPU counter in this route receipt,48792000,2.2169682920066407,,,,,,,,7631041,1613001,21.137365137993623,PASS,PASS,471064291,f592c3ae20935d7623d465e8aacf22703c6861876d758117adba705110f2d0fc,446df40465ad55181b95112968f999534c7d6cb1a2f4d22b4014ecdda120b493,c2cb953968812a9e401ea362c4aa6cdeea9e03453fbdcaa651cfb01734914405,11bfddf5a931778690a9c0a08c254424ce56111520d3fb63bae8174045ed67ca,sha256:8e74a58284a6e8c22ac9cbf60231f69217c3cae31c231ef17b0afd81726b8249,verification/edit_length_preserving/overwrite-tail-4k-on-100mib-ops-1/verification.json,performance/edit_length_preserving/overwrite-tail-4k-on-100mib-ops-1/perf.jsonl,directly-comparable,"Identical family, fixture generator, schedule, operation and timer source at v0.1.3 and candidate; runtime recipe/content and timer validation required. Optional endurance unexecuted historically.",9f5a641d223606c45e5e6aa8a20094c12f9139a1
edit_length_preserving,overwrite-tail-4k-on-500mib-ops-1,500,524288000,1,registered-fixture,1,1,edit_commit_ns,10039333,PASS,PASS,15000000000,PASS,2436155458,446950583,8141500,,2294208,7745125,103458,2725458,30949376,5693440,,unavailable: no host CPU counter in this route receipt,47504000,3.964256541003124,,,,,,,,9377875,661458,7.053388960718713,PASS,PASS,736673250,f592c3ae20935d7623d465e8aacf22703c6861876d758117adba705110f2d0fc,446df40465ad55181b95112968f999534c7d6cb1a2f4d22b4014ecdda120b493,c2cb953968812a9e401ea362c4aa6cdeea9e03453fbdcaa651cfb01734914405,42c93bb2a96cedf2a3018daf379e44be58b14dfb568819543938c77f7107d59d,sha256:8e74a58284a6e8c22ac9cbf60231f69217c3cae31c231ef17b0afd81726b8249,verification/edit_length_preserving/overwrite-tail-4k-on-500mib-ops-1/verification.json,performance/edit_length_preserving/overwrite-tail-4k-on-500mib-ops-1/perf.jsonl,directly-comparable,"Identical family, fixture generator, schedule, operation and timer source at v0.1.3 and candidate; runtime recipe/content and timer validation required. Optional endurance unexecuted historically.",9f5a641d223606c45e5e6aa8a20094c12f9139a1
edit_length_changing,insert-middle-4k-on-1mib-ops-1,1,1048576,1,registered-fixture,1,1,edit_commit_ns,8821542,PASS,PASS,15000000000,PASS,552388042,394901208,8922791,,2131417,6690125,158500,3378250,31113216,7495680,,unavailable: no host CPU counter in this route receipt,47098000,1.7774745839997195,,,,,,,,5589750,3231792,57.816396082114586,PASS,PASS,350237041,f592c3ae20935d7623d465e8aacf22703c6861876d758117adba705110f2d0fc,446df40465ad55181b95112968f999534c7d6cb1a2f4d22b4014ecdda120b493,c2cb953968812a9e401ea362c4aa6cdeea9e03453fbdcaa651cfb01734914405,db9f23b1087de515f1c26e57b4905d1124538573fc82bde618faa8334a42a64b,sha256:8e74a58284a6e8c22ac9cbf60231f69217c3cae31c231ef17b0afd81726b8249,verification/edit_length_changing/insert-middle-4k-on-1mib-ops-1/verification.json,performance/edit_length_changing/insert-middle-4k-on-1mib-ops-1/perf.jsonl,directly-comparable,"Identical family, fixture generator, schedule, operation and timer source at v0.1.3 and candidate; runtime recipe/content and timer validation required. Optional endurance unexecuted historically.",9f5a641d223606c45e5e6aa8a20094c12f9139a1
edit_length_changing,insert-middle-4k-on-10mib-ops-1,10,10485760,1,registered-fixture,1,1,edit_commit_ns,9766500,PASS,PASS,15000000000,PASS,648953542,443596833,9561167,,2438625,7327875,145041,4017875,31047680,5398528,,unavailable: no host CPU counter in this route receipt,52195000,1.888940459000878,,,,,,,,7396250,2370250,32.04664525942201,PASS,PASS,407975167,f592c3ae20935d7623d465e8aacf22703c6861876d758117adba705110f2d0fc,446df40465ad55181b95112968f999534c7d6cb1a2f4d22b4014ecdda120b493,c2cb953968812a9e401ea362c4aa6cdeea9e03453fbdcaa651cfb01734914405,7fb65de42afb9366cb871e5477b91bf2a1dc57a19f457accb91b0685371db478,sha256:8e74a58284a6e8c22ac9cbf60231f69217c3cae31c231ef17b0afd81726b8249,verification/edit_length_changing/insert-middle-4k-on-10mib-ops-1/verification.json,performance/edit_length_changing/insert-middle-4k-on-10mib-ops-1/perf.jsonl,directly-comparable,"Identical family, fixture generator, schedule, operation and timer source at v0.1.3 and candidate; runtime recipe/content and timer validation required. Optional endurance unexecuted historically.",9f5a641d223606c45e5e6aa8a20094c12f9139a1
edit_length_changing,insert-middle-4k-on-100mib-ops-1,100,104857600,1,registered-fixture,1,1,edit_commit_ns,10678584,PASS,PASS,15000000000,PASS,1042902083,442549292,10272167,,2447875,8230709,125667,4310833,30949376,5414912,,unavailable: no host CPU counter in this route receipt,53616000,2.236307749990374,,,,,,,,12439416,-1760832,-14.155262594321147,PASS,PASS,424557583,f592c3ae20935d7623d465e8aacf22703c6861876d758117adba705110f2d0fc,446df40465ad55181b95112968f999534c7d6cb1a2f4d22b4014ecdda120b493,c2cb953968812a9e401ea362c4aa6cdeea9e03453fbdcaa651cfb01734914405,190bcbe35ba33206debf7a7e6a3958cf37d5fc63fda63fecb34f713b9630d41d,sha256:8e74a58284a6e8c22ac9cbf60231f69217c3cae31c231ef17b0afd81726b8249,verification/edit_length_changing/insert-middle-4k-on-100mib-ops-1/verification.json,performance/edit_length_changing/insert-middle-4k-on-100mib-ops-1/perf.jsonl,directly-comparable,"Identical family, fixture generator, schedule, operation and timer source at v0.1.3 and candidate; runtime recipe/content and timer validation required. Optional endurance unexecuted historically.",9f5a641d223606c45e5e6aa8a20094c12f9139a1
edit_length_changing,insert-middle-4k-on-500mib-result-capped-v2-ops-1,500,524283904,1,registered-fixture,1,1,edit_commit_ns,9689791,PASS,PASS,15000000000,PASS,8710771041,444076083,8538625,,1995666,7694125,140417,3131625,31129600,5136384,,unavailable: no host CPU counter in this route receipt,50009000,10.592876084003365,,,,,,,,18010583,-8320792,-46.19945950666894,PASS,PASS,696360208,f592c3ae20935d7623d465e8aacf22703c6861876d758117adba705110f2d0fc,446df40465ad55181b95112968f999534c7d6cb1a2f4d22b4014ecdda120b493,c2cb953968812a9e401ea362c4aa6cdeea9e03453fbdcaa651cfb01734914405,985aadfbba77bf4db982cb018cf24d2ab02994d373a8d59355b5391520a285bc,sha256:8e74a58284a6e8c22ac9cbf60231f69217c3cae31c231ef17b0afd81726b8249,verification/edit_length_changing/insert-middle-4k-on-500mib-result-capped-v2-ops-1/verification.json,performance/edit_length_changing/insert-middle-4k-on-500mib-result-capped-v2-ops-1/perf.jsonl,directly-comparable,"Identical family, fixture generator, schedule, operation and timer source at v0.1.3 and candidate; runtime recipe/content and timer validation required. Optional endurance unexecuted historically.",9f5a641d223606c45e5e6aa8a20094c12f9139a1
edit_length_changing,delete-middle-4k-on-1mib-ops-1,1,1048576,1,registered-fixture,1,1,edit_commit_ns,9299541,PASS,PASS,15000000000,PASS,630837583,449759208,10130375,,2474333,6825208,138000,5751042,31064064,5685248,,unavailable: no host CPU counter in this route receipt,52596000,1.7915914580080425,,,,,,,,5290000,4009541,75.7947258979206,PASS,PASS,344435625,f592c3ae20935d7623d465e8aacf22703c6861876d758117adba705110f2d0fc,446df40465ad55181b95112968f999534c7d6cb1a2f4d22b4014ecdda120b493,c2cb953968812a9e401ea362c4aa6cdeea9e03453fbdcaa651cfb01734914405,75f25e1166b0529fd0519181fdcd00a46d1f1901be9a9d6505251af6ced07cca,sha256:8e74a58284a6e8c22ac9cbf60231f69217c3cae31c231ef17b0afd81726b8249,verification/edit_length_changing/delete-middle-4k-on-1mib-ops-1/verification.json,performance/edit_length_changing/delete-middle-4k-on-1mib-ops-1/perf.jsonl,directly-comparable,"Identical family, fixture generator, schedule, operation and timer source at v0.1.3 and candidate; runtime recipe/content and timer validation required. Optional endurance unexecuted historically.",9f5a641d223606c45e5e6aa8a20094c12f9139a1
edit_length_changing,delete-middle-4k-on-10mib-ops-1,10,10485760,1,registered-fixture,1,1,edit_commit_ns,8249333,PASS,PASS,15000000000,PASS,760981167,451074333,9080208,,1983375,6265958,111625,2666625,31080448,8019968,,unavailable: no host CPU counter in this route receipt,43687000,1.803129916996113,,,,,,,,6569875,1679458,25.563012994919994,PASS,PASS,357391042,f592c3ae20935d7623d465e8aacf22703c6861876d758117adba705110f2d0fc,446df40465ad55181b95112968f999534c7d6cb1a2f4d22b4014ecdda120b493,c2cb953968812a9e401ea362c4aa6cdeea9e03453fbdcaa651cfb01734914405,8400fa9b57ed5f4df9ba495af1eb63b277e6b19906751115fa43c8857586802c,sha256:8e74a58284a6e8c22ac9cbf60231f69217c3cae31c231ef17b0afd81726b8249,verification/edit_length_changing/delete-middle-4k-on-10mib-ops-1/verification.json,performance/edit_length_changing/delete-middle-4k-on-10mib-ops-1/perf.jsonl,directly-comparable,"Identical family, fixture generator, schedule, operation and timer source at v0.1.3 and candidate; runtime recipe/content and timer validation required. Optional endurance unexecuted historically.",9f5a641d223606c45e5e6aa8a20094c12f9139a1
edit_length_changing,delete-middle-4k-on-100mib-ops-1,100,104857600,1,registered-fixture,1,1,edit_commit_ns,9839916,PASS,PASS,15000000000,PASS,947901250,435223708,10378125,,2754625,7085291,107042,3247584,30883840,5664768,,unavailable: no host CPU counter in this route receipt,47811000,2.291404165996937,,,,,,,,6758000,3081916,45.60396567031666,PASS,PASS,430062250,f592c3ae20935d7623d465e8aacf22703c6861876d758117adba705110f2d0fc,446df40465ad55181b95112968f999534c7d6cb1a2f4d22b4014ecdda120b493,c2cb953968812a9e401ea362c4aa6cdeea9e03453fbdcaa651cfb01734914405,25ca012a3d3be42772b039e9e22197ca6347ec380cc07713ecf9dedc094f66ea,sha256:8e74a58284a6e8c22ac9cbf60231f69217c3cae31c231ef17b0afd81726b8249,verification/edit_length_changing/delete-middle-4k-on-100mib-ops-1/verification.json,performance/edit_length_changing/delete-middle-4k-on-100mib-ops-1/perf.jsonl,directly-comparable,"Identical family, fixture generator, schedule, operation and timer source at v0.1.3 and candidate; runtime recipe/content and timer validation required. Optional endurance unexecuted historically.",9f5a641d223606c45e5e6aa8a20094c12f9139a1
edit_length_changing,delete-middle-4k-on-500mib-ops-1,500,524288000,1,registered-fixture,1,1,edit_commit_ns,10336083,PASS,PASS,15000000000,PASS,2286027375,498205125,10064833,,2321916,8014167,111958,3197625,31031296,5926912,,unavailable: no host CPU counter in this route receipt,48463000,4.114484833000461,,,,,,,,7488083,2848000,38.033766452642155,PASS,PASS,705957917,f592c3ae20935d7623d465e8aacf22703c6861876d758117adba705110f2d0fc,446df40465ad55181b95112968f999534c7d6cb1a2f4d22b4014ecdda120b493,c2cb953968812a9e401ea362c4aa6cdeea9e03453fbdcaa651cfb01734914405,c2dbd414497aa7aa79e3bc42b07c2e4fd27b95c3a9a40b39822472c5703c9265,sha256:8e74a58284a6e8c22ac9cbf60231f69217c3cae31c231ef17b0afd81726b8249,verification/edit_length_changing/delete-middle-4k-on-500mib-ops-1/verification.json,performance/edit_length_changing/delete-middle-4k-on-500mib-ops-1/perf.jsonl,directly-comparable,"Identical family, fixture generator, schedule, operation and timer source at v0.1.3 and candidate; runtime recipe/content and timer validation required. Optional endurance unexecuted historically.",9f5a641d223606c45e5e6aa8a20094c12f9139a1
edit_length_changing,append-tail-4k-on-1mib-ops-1,1,1048576,1,registered-fixture,1,1,edit_commit_ns,8331125,PASS,PASS,15000000000,PASS,613777500,437174709,10203000,,2251750,6079375,205584,3188208,31244288,5660672,,unavailable: no host CPU counter in this route receipt,45240000,1.837592541007325,,,,,,,,6261125,2070000,33.061151150951304,PASS,PASS,346805458,f592c3ae20935d7623d465e8aacf22703c6861876d758117adba705110f2d0fc,446df40465ad55181b95112968f999534c7d6cb1a2f4d22b4014ecdda120b493,c2cb953968812a9e401ea362c4aa6cdeea9e03453fbdcaa651cfb01734914405,a1d4c6514aac4cb75f5c5314181c07755ad94818c6e88b6d2e53a079d72bfa8b,sha256:8e74a58284a6e8c22ac9cbf60231f69217c3cae31c231ef17b0afd81726b8249,verification/edit_length_changing/append-tail-4k-on-1mib-ops-1/verification.json,performance/edit_length_changing/append-tail-4k-on-1mib-ops-1/perf.jsonl,directly-comparable,"Identical family, fixture generator, schedule, operation and timer source at v0.1.3 and candidate; runtime recipe/content and timer validation required. Optional endurance unexecuted historically.",9f5a641d223606c45e5e6aa8a20094c12f9139a1
edit_length_changing,append-tail-4k-on-10mib-ops-1,10,10485760,1,registered-fixture,1,1,edit_commit_ns,7837959,PASS,PASS,15000000000,PASS,527278542,430563333,9130625,,1942875,5895084,133875,2777875,30965760,5398528,,unavailable: no host CPU counter in this route receipt,43609000,1.6037975420040311,,,,,,,,5905416,1932543,32.72492572919503,PASS,PASS,404473459,f592c3ae20935d7623d465e8aacf22703c6861876d758117adba705110f2d0fc,446df40465ad55181b95112968f999534c7d6cb1a2f4d22b4014ecdda120b493,c2cb953968812a9e401ea362c4aa6cdeea9e03453fbdcaa651cfb01734914405,0b77eb57f18c0e35ff7c8224a9329be1bc21c019379e1d26bb23f33c0bfee99a,sha256:8e74a58284a6e8c22ac9cbf60231f69217c3cae31c231ef17b0afd81726b8249,verification/edit_length_changing/append-tail-4k-on-10mib-ops-1/verification.json,performance/edit_length_changing/append-tail-4k-on-10mib-ops-1/perf.jsonl,directly-comparable,"Identical family, fixture generator, schedule, operation and timer source at v0.1.3 and candidate; runtime recipe/content and timer validation required. Optional endurance unexecuted historically.",9f5a641d223606c45e5e6aa8a20094c12f9139a1
edit_length_changing,append-tail-4k-on-100mib-ops-1,100,104857600,1,registered-fixture,1,1,edit_commit_ns,7736833,PASS,PASS,15000000000,PASS,811219667,447664750,9137250,,2047583,5689250,96167,2638500,30998528,5406720,,unavailable: no host CPU counter in this route receipt,45149000,2.1850692499865545,,,,,,,,6254875,1481958,23.69284757888847,PASS,PASS,415253709,f592c3ae20935d7623d465e8aacf22703c6861876d758117adba705110f2d0fc,446df40465ad55181b95112968f999534c7d6cb1a2f4d22b4014ecdda120b493,c2cb953968812a9e401ea362c4aa6cdeea9e03453fbdcaa651cfb01734914405,8a36fb9aa8a2b5fcabc60f79e1f28a4c1af2e84360519bf333913d8f673a23ae,sha256:8e74a58284a6e8c22ac9cbf60231f69217c3cae31c231ef17b0afd81726b8249,verification/edit_length_changing/append-tail-4k-on-100mib-ops-1/verification.json,performance/edit_length_changing/append-tail-4k-on-100mib-ops-1/perf.jsonl,directly-comparable,"Identical family, fixture generator, schedule, operation and timer source at v0.1.3 and candidate; runtime recipe/content and timer validation required. Optional endurance unexecuted historically.",9f5a641d223606c45e5e6aa8a20094c12f9139a1
edit_length_changing,append-tail-4k-on-500mib-result-capped-v2-ops-1,500,524283904,1,registered-fixture,1,1,edit_commit_ns,9916500,PASS,PASS,15000000000,PASS,2280933250,485902959,8803458,,2320583,7595917,148667,3366875,30900224,5394432,,unavailable: no host CPU counter in this route receipt,49945000,4.14192241699493,,,,,,,,6686041,3230459,48.31647009044665,PASS,PASS,720147834,f592c3ae20935d7623d465e8aacf22703c6861876d758117adba705110f2d0fc,446df40465ad55181b95112968f999534c7d6cb1a2f4d22b4014ecdda120b493,c2cb953968812a9e401ea362c4aa6cdeea9e03453fbdcaa651cfb01734914405,3271e475bae8161a67df075ffc9a6b3e410b46bc5cac103cb9dd586796580cc0,sha256:8e74a58284a6e8c22ac9cbf60231f69217c3cae31c231ef17b0afd81726b8249,verification/edit_length_changing/append-tail-4k-on-500mib-result-capped-v2-ops-1/verification.json,performance/edit_length_changing/append-tail-4k-on-500mib-result-capped-v2-ops-1/perf.jsonl,directly-comparable,"Identical family, fixture generator, schedule, operation and timer source at v0.1.3 and candidate; runtime recipe/content and timer validation required. Optional endurance unexecuted historically.",9f5a641d223606c45e5e6aa8a20094c12f9139a1
edit_length_changing,prepend-head-4k-on-1mib-ops-1,1,1048576,1,registered-fixture,1,1,edit_commit_ns,9342000,PASS,PASS,15000000000,PASS,617441125,446271583,10868792,,2958542,6383458,146500,3939750,31227904,7958528,,unavailable: no host CPU counter in this route receipt,50704000,1.7200156250037253,,,,,,,,5905500,3436500,58.19151638303276,PASS,PASS,349855792,f592c3ae20935d7623d465e8aacf22703c6861876d758117adba705110f2d0fc,446df40465ad55181b95112968f999534c7d6cb1a2f4d22b4014ecdda120b493,c2cb953968812a9e401ea362c4aa6cdeea9e03453fbdcaa651cfb01734914405,c8737325bf94f3a2fb180b086048960c9b5b6a45c6652b118ca4dab0acdddcae,sha256:8e74a58284a6e8c22ac9cbf60231f69217c3cae31c231ef17b0afd81726b8249,verification/edit_length_changing/prepend-head-4k-on-1mib-ops-1/verification.json,performance/edit_length_changing/prepend-head-4k-on-1mib-ops-1/perf.jsonl,directly-comparable,"Identical family, fixture generator, schedule, operation and timer source at v0.1.3 and candidate; runtime recipe/content and timer validation required. Optional endurance unexecuted historically.",9f5a641d223606c45e5e6aa8a20094c12f9139a1
edit_length_changing,prepend-head-4k-on-10mib-ops-1,10,10485760,1,registered-fixture,1,1,edit_commit_ns,9153166,PASS,PASS,15000000000,PASS,643022125,434341708,8630792,,2551166,6602000,145083,3672125,30834688,5390336,,unavailable: no host CPU counter in this route receipt,48306000,1.779393542004982,,,,,,,,5671583,3481583,61.3864418452485,PASS,PASS,352678542,f592c3ae20935d7623d465e8aacf22703c6861876d758117adba705110f2d0fc,446df40465ad55181b95112968f999534c7d6cb1a2f4d22b4014ecdda120b493,c2cb953968812a9e401ea362c4aa6cdeea9e03453fbdcaa651cfb01734914405,be05273386e9ed6c1e269ea9413e8e7e27552343d87ffdbc85d02c1ee019e2a5,sha256:8e74a58284a6e8c22ac9cbf60231f69217c3cae31c231ef17b0afd81726b8249,verification/edit_length_changing/prepend-head-4k-on-10mib-ops-1/verification.json,performance/edit_length_changing/prepend-head-4k-on-10mib-ops-1/perf.jsonl,directly-comparable,"Identical family, fixture generator, schedule, operation and timer source at v0.1.3 and candidate; runtime recipe/content and timer validation required. Optional endurance unexecuted historically.",9f5a641d223606c45e5e6aa8a20094c12f9139a1
edit_length_changing,prepend-head-4k-on-100mib-ops-1,100,104857600,1,registered-fixture,1,1,edit_commit_ns,9046042,PASS,PASS,15000000000,PASS,1004376584,436863125,10056167,,2657417,6388625,122250,2812125,30621696,5660672,,unavailable: no host CPU counter in this route receipt,45262000,2.28030545799993,,,,,,,,6269458,2776584,44.287464721830816,PASS,PASS,426207125,f592c3ae20935d7623d465e8aacf22703c6861876d758117adba705110f2d0fc,446df40465ad55181b95112968f999534c7d6cb1a2f4d22b4014ecdda120b493,c2cb953968812a9e401ea362c4aa6cdeea9e03453fbdcaa651cfb01734914405,c214b7bee90bb150e92dc3f515ba2f668af34f77d7f87351eedef74881168917,sha256:8e74a58284a6e8c22ac9cbf60231f69217c3cae31c231ef17b0afd81726b8249,verification/edit_length_changing/prepend-head-4k-on-100mib-ops-1/verification.json,performance/edit_length_changing/prepend-head-4k-on-100mib-ops-1/perf.jsonl,directly-comparable,"Identical family, fixture generator, schedule, operation and timer source at v0.1.3 and candidate; runtime recipe/content and timer validation required. Optional endurance unexecuted historically.",9f5a641d223606c45e5e6aa8a20094c12f9139a1
edit_length_changing,prepend-head-4k-on-500mib-result-capped-v2-ops-1,500,524283904,1,registered-fixture,1,1,edit_commit_ns,9857667,PASS,PASS,15000000000,PASS,2170109375,494493125,8527417,,2131000,7726667,106125,2804625,30949376,6197248,,unavailable: no host CPU counter in this route receipt,48064000,4.245487124993815,,,,,,,,7098667,2759000,38.866451969080956,PASS,PASS,740110666,f592c3ae20935d7623d465e8aacf22703c6861876d758117adba705110f2d0fc,446df40465ad55181b95112968f999534c7d6cb1a2f4d22b4014ecdda120b493,c2cb953968812a9e401ea362c4aa6cdeea9e03453fbdcaa651cfb01734914405,aaa23ce766757e62fdf4cf43db755ab1b92493fb897d654521ef4b4e6597e0cf,sha256:8e74a58284a6e8c22ac9cbf60231f69217c3cae31c231ef17b0afd81726b8249,verification/edit_length_changing/prepend-head-4k-on-500mib-result-capped-v2-ops-1/verification.json,performance/edit_length_changing/prepend-head-4k-on-500mib-result-capped-v2-ops-1/perf.jsonl,directly-comparable,"Identical family, fixture generator, schedule, operation and timer source at v0.1.3 and candidate; runtime recipe/content and timer validation required. Optional endurance unexecuted historically.",9f5a641d223606c45e5e6aa8a20094c12f9139a1
edit_length_changing,replace-grow-middle-2k-to-4k-on-1mib-ops-1,1,1048576,1,registered-fixture,1,1,edit_commit_ns,13715708,PASS,PASS,15000000000,PASS,557792833,401971959,9127083,,4320375,9395333,112792,5864833,30900224,5685248,,unavailable: no host CPU counter in this route receipt,67240000,1.7398471250053262,,,,,,,,5744083,7971625,138.779766935819,PASS,PASS,342532500,f592c3ae20935d7623d465e8aacf22703c6861876d758117adba705110f2d0fc,446df40465ad55181b95112968f999534c7d6cb1a2f4d22b4014ecdda120b493,c2cb953968812a9e401ea362c4aa6cdeea9e03453fbdcaa651cfb01734914405,d5b21f85005ed2fa495edf3319059f6ec6f32152e7bc147b77df60106f9b069c,sha256:8e74a58284a6e8c22ac9cbf60231f69217c3cae31c231ef17b0afd81726b8249,verification/edit_length_changing/replace-grow-middle-2k-to-4k-on-1mib-ops-1/verification.json,performance/edit_length_changing/replace-grow-middle-2k-to-4k-on-1mib-ops-1/perf.jsonl,directly-comparable,"Identical family, fixture generator, schedule, operation and timer source at v0.1.3 and candidate; runtime recipe/content and timer validation required. Optional endurance unexecuted historically.",9f5a641d223606c45e5e6aa8a20094c12f9139a1
edit_length_changing,replace-grow-middle-2k-to-4k-on-10mib-ops-1,10,10485760,1,registered-fixture,1,1,edit_commit_ns,7474292,PASS,PASS,15000000000,PASS,537289083,334728708,7341958,,1754667,5719625,97834,2275291,31080448,5918720,,unavailable: no host CPU counter in this route receipt,39650000,1.7945018749887822,,,,,,,,6462958,1011334,15.648159867354854,PASS,PASS,412766208,f592c3ae20935d7623d465e8aacf22703c6861876d758117adba705110f2d0fc,446df40465ad55181b95112968f999534c7d6cb1a2f4d22b4014ecdda120b493,c2cb953968812a9e401ea362c4aa6cdeea9e03453fbdcaa651cfb01734914405,88d80ec5eca8acd35db497147d2282319aee9365fd9af741814a8dcf93b36731,sha256:8e74a58284a6e8c22ac9cbf60231f69217c3cae31c231ef17b0afd81726b8249,verification/edit_length_changing/replace-grow-middle-2k-to-4k-on-10mib-ops-1/verification.json,performance/edit_length_changing/replace-grow-middle-2k-to-4k-on-10mib-ops-1/perf.jsonl,directly-comparable,"Identical family, fixture generator, schedule, operation and timer source at v0.1.3 and candidate; runtime recipe/content and timer validation required. Optional endurance unexecuted historically.",9f5a641d223606c45e5e6aa8a20094c12f9139a1
edit_length_changing,replace-grow-middle-2k-to-4k-on-100mib-ops-1,100,104857600,1,registered-fixture,1,1,edit_commit_ns,14170208,PASS,PASS,15000000000,PASS,848231917,441866250,12080209,,5581292,8588916,150292,3477959,31014912,5926912,,unavailable: no host CPU counter in this route receipt,62736000,2.2856844580092,,,,,,,,6381708,7788500,122.04412987870958,PASS,PASS,420847875,f592c3ae20935d7623d465e8aacf22703c6861876d758117adba705110f2d0fc,446df40465ad55181b95112968f999534c7d6cb1a2f4d22b4014ecdda120b493,c2cb953968812a9e401ea362c4aa6cdeea9e03453fbdcaa651cfb01734914405,df5e4fe13868295526361dee8282b199c4f3a8b2a113ba87257ee8e27d272520,sha256:8e74a58284a6e8c22ac9cbf60231f69217c3cae31c231ef17b0afd81726b8249,verification/edit_length_changing/replace-grow-middle-2k-to-4k-on-100mib-ops-1/verification.json,performance/edit_length_changing/replace-grow-middle-2k-to-4k-on-100mib-ops-1/perf.jsonl,directly-comparable,"Identical family, fixture generator, schedule, operation and timer source at v0.1.3 and candidate; runtime recipe/content and timer validation required. Optional endurance unexecuted historically.",9f5a641d223606c45e5e6aa8a20094c12f9139a1
edit_length_changing,replace-grow-middle-2k-to-4k-on-500mib-result-capped-v2-ops-1,500,524285952,1,registered-fixture,1,1,edit_commit_ns,10596041,PASS,PASS,15000000000,PASS,8236386625,502238542,8912458,,2483208,8112833,151250,3008417,30474240,5660672,,unavailable: no host CPU counter in this route receipt,52315000,9.973089458988397,,,,,,,,7921917,2674124,33.75602142764182,PASS,PASS,740517292,f592c3ae20935d7623d465e8aacf22703c6861876d758117adba705110f2d0fc,446df40465ad55181b95112968f999534c7d6cb1a2f4d22b4014ecdda120b493,c2cb953968812a9e401ea362c4aa6cdeea9e03453fbdcaa651cfb01734914405,9d75667454e46b75f797bb6f0dcbabe9ec79306599d81433b93775fb0f097bcc,sha256:8e74a58284a6e8c22ac9cbf60231f69217c3cae31c231ef17b0afd81726b8249,verification/edit_length_changing/replace-grow-middle-2k-to-4k-on-500mib-result-capped-v2-ops-1/verification.json,performance/edit_length_changing/replace-grow-middle-2k-to-4k-on-500mib-result-capped-v2-ops-1/perf.jsonl,directly-comparable,"Identical family, fixture generator, schedule, operation and timer source at v0.1.3 and candidate; runtime recipe/content and timer validation required. Optional endurance unexecuted historically.",9f5a641d223606c45e5e6aa8a20094c12f9139a1
edit_length_changing,replace-shrink-middle-4k-to-2k-on-1mib-ops-1,1,1048576,1,registered-fixture,1,1,edit_commit_ns,7777084,PASS,PASS,15000000000,PASS,615953458,388744625,8608541,,2048334,5728750,111541,3089791,30703616,5402624,,unavailable: no host CPU counter in this route receipt,43765000,1.8320273749995977,,,,,,,,5880000,1897084,32.263333333333335,PASS,PASS,346539167,f592c3ae20935d7623d465e8aacf22703c6861876d758117adba705110f2d0fc,446df40465ad55181b95112968f999534c7d6cb1a2f4d22b4014ecdda120b493,c2cb953968812a9e401ea362c4aa6cdeea9e03453fbdcaa651cfb01734914405,d8fa8e5528ca5ae0be56f6388beed585e6760332144b45911352d5c536bb33c6,sha256:8e74a58284a6e8c22ac9cbf60231f69217c3cae31c231ef17b0afd81726b8249,verification/edit_length_changing/replace-shrink-middle-4k-to-2k-on-1mib-ops-1/verification.json,performance/edit_length_changing/replace-shrink-middle-4k-to-2k-on-1mib-ops-1/perf.jsonl,directly-comparable,"Identical family, fixture generator, schedule, operation and timer source at v0.1.3 and candidate; runtime recipe/content and timer validation required. Optional endurance unexecuted historically.",9f5a641d223606c45e5e6aa8a20094c12f9139a1
edit_length_changing,replace-shrink-middle-4k-to-2k-on-10mib-ops-1,10,10485760,1,registered-fixture,1,1,edit_commit_ns,9974916,PASS,PASS,15000000000,PASS,591137916,444488042,11128917,,2631125,7343791,125375,3906917,30949376,5664768,,unavailable: no host CPU counter in this route receipt,50276000,1.5861151660064934,,,,,,,,5769750,4205166,72.88298453139217,PASS,PASS,360023416,f592c3ae20935d7623d465e8aacf22703c6861876d758117adba705110f2d0fc,446df40465ad55181b95112968f999534c7d6cb1a2f4d22b4014ecdda120b493,c2cb953968812a9e401ea362c4aa6cdeea9e03453fbdcaa651cfb01734914405,91438cb097754af0e1efd0cbc7982d0ac11affefa80232c04e9ac0a0f3117216,sha256:8e74a58284a6e8c22ac9cbf60231f69217c3cae31c231ef17b0afd81726b8249,verification/edit_length_changing/replace-shrink-middle-4k-to-2k-on-10mib-ops-1/verification.json,performance/edit_length_changing/replace-shrink-middle-4k-to-2k-on-10mib-ops-1/perf.jsonl,directly-comparable,"Identical family, fixture generator, schedule, operation and timer source at v0.1.3 and candidate; runtime recipe/content and timer validation required. Optional endurance unexecuted historically.",9f5a641d223606c45e5e6aa8a20094c12f9139a1
edit_length_changing,replace-shrink-middle-4k-to-2k-on-100mib-ops-1,100,104857600,1,registered-fixture,1,1,edit_commit_ns,9389917,PASS,PASS,15000000000,PASS,892644375,442245958,9854209,,1967959,7421958,117459,3228625,31113216,5693440,,unavailable: no host CPU counter in this route receipt,49921000,2.1557470839907182,,,,,,,,7007625,2382292,33.995711813916984,PASS,PASS,422157375,f592c3ae20935d7623d465e8aacf22703c6861876d758117adba705110f2d0fc,446df40465ad55181b95112968f999534c7d6cb1a2f4d22b4014ecdda120b493,c2cb953968812a9e401ea362c4aa6cdeea9e03453fbdcaa651cfb01734914405,fbb267a35931749761633ffcdce85fe18670468585fc41252c5486f8341741cb,sha256:8e74a58284a6e8c22ac9cbf60231f69217c3cae31c231ef17b0afd81726b8249,verification/edit_length_changing/replace-shrink-middle-4k-to-2k-on-100mib-ops-1/verification.json,performance/edit_length_changing/replace-shrink-middle-4k-to-2k-on-100mib-ops-1/perf.jsonl,directly-comparable,"Identical family, fixture generator, schedule, operation and timer source at v0.1.3 and candidate; runtime recipe/content and timer validation required. Optional endurance unexecuted historically.",9f5a641d223606c45e5e6aa8a20094c12f9139a1
edit_length_changing,replace-shrink-middle-4k-to-2k-on-500mib-ops-1,500,524288000,1,registered-fixture,1,1,edit_commit_ns,12269917,PASS,PASS,15000000000,PASS,2393373416,504057958,10005375,,2543292,9726625,135208,3032500,30916608,5652480,,unavailable: no host CPU counter in this route receipt,54742000,4.055619624996325,,,,,,,,6996750,5273167,75.36594847607817,PASS,PASS,760270625,f592c3ae20935d7623d465e8aacf22703c6861876d758117adba705110f2d0fc,446df40465ad55181b95112968f999534c7d6cb1a2f4d22b4014ecdda120b493,c2cb953968812a9e401ea362c4aa6cdeea9e03453fbdcaa651cfb01734914405,00d9b37b199001918a32f868fe38df74458f51c82c836ef62d09a32c02b7bacb,sha256:8e74a58284a6e8c22ac9cbf60231f69217c3cae31c231ef17b0afd81726b8249,verification/edit_length_changing/replace-shrink-middle-4k-to-2k-on-500mib-ops-1/verification.json,performance/edit_length_changing/replace-shrink-middle-4k-to-2k-on-500mib-ops-1/perf.jsonl,directly-comparable,"Identical family, fixture generator, schedule, operation and timer source at v0.1.3 and candidate; runtime recipe/content and timer validation required. Optional endurance unexecuted historically.",9f5a641d223606c45e5e6aa8a20094c12f9139a1
edit_length_changing,truncate-tail-4k-on-1mib-ops-1,1,1048576,1,registered-fixture,1,1,edit_commit_ns,8424666,PASS,PASS,15000000000,PASS,554979500,432252709,9253541,,1733458,6691208,130833,2483334,31031296,5926912,,unavailable: no host CPU counter in this route receipt,44277000,1.6827613750065211,,,,,,,,5293459,3131207,59.15238032447215,PASS,PASS,349199958,f592c3ae20935d7623d465e8aacf22703c6861876d758117adba705110f2d0fc,446df40465ad55181b95112968f999534c7d6cb1a2f4d22b4014ecdda120b493,c2cb953968812a9e401ea362c4aa6cdeea9e03453fbdcaa651cfb01734914405,43b47a63e27a8e2286bcc9bccb0fa0eb926e99649d44bfe50195b6e72511dca2,sha256:8e74a58284a6e8c22ac9cbf60231f69217c3cae31c231ef17b0afd81726b8249,verification/edit_length_changing/truncate-tail-4k-on-1mib-ops-1/verification.json,performance/edit_length_changing/truncate-tail-4k-on-1mib-ops-1/perf.jsonl,directly-comparable,"Identical family, fixture generator, schedule, operation and timer source at v0.1.3 and candidate; runtime recipe/content and timer validation required. Optional endurance unexecuted historically.",9f5a641d223606c45e5e6aa8a20094c12f9139a1
edit_length_changing,truncate-tail-4k-on-10mib-ops-1,10,10485760,1,registered-fixture,1,1,edit_commit_ns,8465000,PASS,PASS,15000000000,PASS,636125959,437261417,9015708,,3066750,5398250,120292,2905750,30801920,5959680,,unavailable: no host CPU counter in this route receipt,46322000,1.6619550829927903,,,,,,,,15641333,-7176333,-45.880571687847834,PASS,PASS,362757333,f592c3ae20935d7623d465e8aacf22703c6861876d758117adba705110f2d0fc,446df40465ad55181b95112968f999534c7d6cb1a2f4d22b4014ecdda120b493,c2cb953968812a9e401ea362c4aa6cdeea9e03453fbdcaa651cfb01734914405,9d9e83bb4a6e7ff53433d64684b4c65f90383c0d1741b4a6b8aa122742ae12d5,sha256:8e74a58284a6e8c22ac9cbf60231f69217c3cae31c231ef17b0afd81726b8249,verification/edit_length_changing/truncate-tail-4k-on-10mib-ops-1/verification.json,performance/edit_length_changing/truncate-tail-4k-on-10mib-ops-1/perf.jsonl,directly-comparable,"Identical family, fixture generator, schedule, operation and timer source at v0.1.3 and candidate; runtime recipe/content and timer validation required. Optional endurance unexecuted historically.",9f5a641d223606c45e5e6aa8a20094c12f9139a1
edit_length_changing,truncate-tail-4k-on-100mib-ops-1,100,104857600,1,registered-fixture,1,1,edit_commit_ns,10381792,PASS,PASS,15000000000,PASS,844952250,437719875,8764083,,3249667,7132125,162917,2727958,31162368,8024064,,unavailable: no host CPU counter in this route receipt,49605000,2.1448318750044564,,,,,,,,6527834,3853958,59.03884810796353,PASS,PASS,430542125,f592c3ae20935d7623d465e8aacf22703c6861876d758117adba705110f2d0fc,446df40465ad55181b95112968f999534c7d6cb1a2f4d22b4014ecdda120b493,c2cb953968812a9e401ea362c4aa6cdeea9e03453fbdcaa651cfb01734914405,2c96075ce459d96064d5a2835e26d700e9700ff9ba59256859b7972226e51016,sha256:8e74a58284a6e8c22ac9cbf60231f69217c3cae31c231ef17b0afd81726b8249,verification/edit_length_changing/truncate-tail-4k-on-100mib-ops-1/verification.json,performance/edit_length_changing/truncate-tail-4k-on-100mib-ops-1/perf.jsonl,directly-comparable,"Identical family, fixture generator, schedule, operation and timer source at v0.1.3 and candidate; runtime recipe/content and timer validation required. Optional endurance unexecuted historically.",9f5a641d223606c45e5e6aa8a20094c12f9139a1
edit_length_changing,truncate-tail-4k-on-500mib-ops-1,500,524288000,1,registered-fixture,1,1,edit_commit_ns,9530917,PASS,PASS,15000000000,PASS,2183378167,447572417,14478625,,2230958,7299959,126292,2912625,31014912,5664768,,unavailable: no host CPU counter in this route receipt,46156000,3.731173708991264,,,,,,,,6895459,2635458,38.22019679908183,PASS,PASS,693985792,f592c3ae20935d7623d465e8aacf22703c6861876d758117adba705110f2d0fc,446df40465ad55181b95112968f999534c7d6cb1a2f4d22b4014ecdda120b493,c2cb953968812a9e401ea362c4aa6cdeea9e03453fbdcaa651cfb01734914405,04ba7dfd91568267c1e89d9c037438201f42e92524b356ecbb6b71e3ed0662fb,sha256:8e74a58284a6e8c22ac9cbf60231f69217c3cae31c231ef17b0afd81726b8249,verification/edit_length_changing/truncate-tail-4k-on-500mib-ops-1/verification.json,performance/edit_length_changing/truncate-tail-4k-on-500mib-ops-1/perf.jsonl,directly-comparable,"Identical family, fixture generator, schedule, operation and timer source at v0.1.3 and candidate; runtime recipe/content and timer validation required. Optional endurance unexecuted historically.",9f5a641d223606c45e5e6aa8a20094c12f9139a1
edit_length_changing,zero-extend-tail-4k-on-1mib-ops-1,1,1048576,1,registered-fixture,1,1,edit_commit_ns,10496292,PASS,PASS,15000000000,PASS,495423916,394011250,8983750,,3188084,7308208,132125,3610917,30818304,5648384,,unavailable: no host CPU counter in this route receipt,50669000,1.5976098749961238,,,,,,,,5633000,4863292,86.33573584235754,PASS,PASS,350605667,f592c3ae20935d7623d465e8aacf22703c6861876d758117adba705110f2d0fc,446df40465ad55181b95112968f999534c7d6cb1a2f4d22b4014ecdda120b493,c2cb953968812a9e401ea362c4aa6cdeea9e03453fbdcaa651cfb01734914405,307afa7f270349651bffe3c623e66351ce6f82104c28e5b463945d17276237dd,sha256:8e74a58284a6e8c22ac9cbf60231f69217c3cae31c231ef17b0afd81726b8249,verification/edit_length_changing/zero-extend-tail-4k-on-1mib-ops-1/verification.json,performance/edit_length_changing/zero-extend-tail-4k-on-1mib-ops-1/perf.jsonl,directly-comparable,"Identical family, fixture generator, schedule, operation and timer source at v0.1.3 and candidate; runtime recipe/content and timer validation required. Optional endurance unexecuted historically.",9f5a641d223606c45e5e6aa8a20094c12f9139a1
edit_length_changing,zero-extend-tail-4k-on-10mib-ops-1,10,10485760,1,registered-fixture,1,1,edit_commit_ns,7954875,PASS,PASS,15000000000,PASS,654435667,453251792,9322667,,2204917,5749958,104125,3154834,30982144,5689344,,unavailable: no host CPU counter in this route receipt,44884000,1.9053765830030898,,,,,,,,5637917,2316958,41.09599343161668,PASS,PASS,404564542,f592c3ae20935d7623d465e8aacf22703c6861876d758117adba705110f2d0fc,446df40465ad55181b95112968f999534c7d6cb1a2f4d22b4014ecdda120b493,c2cb953968812a9e401ea362c4aa6cdeea9e03453fbdcaa651cfb01734914405,9088b0f752dd9bbaf1604e914d52c42538e04c0b166d5b60a796dff9890550ff,sha256:8e74a58284a6e8c22ac9cbf60231f69217c3cae31c231ef17b0afd81726b8249,verification/edit_length_changing/zero-extend-tail-4k-on-10mib-ops-1/verification.json,performance/edit_length_changing/zero-extend-tail-4k-on-10mib-ops-1/perf.jsonl,directly-comparable,"Identical family, fixture generator, schedule, operation and timer source at v0.1.3 and candidate; runtime recipe/content and timer validation required. Optional endurance unexecuted historically.",9f5a641d223606c45e5e6aa8a20094c12f9139a1
edit_length_changing,zero-extend-tail-4k-on-100mib-ops-1,100,104857600,1,registered-fixture,1,1,edit_commit_ns,8436791,PASS,PASS,15000000000,PASS,1011564041,442067375,9216250,,2288166,6148625,121208,3176792,30998528,5656576,,unavailable: no host CPU counter in this route receipt,45936000,2.1319220410077833,,,,,,,,6403792,2032999,31.74679939635766,PASS,PASS,425554625,f592c3ae20935d7623d465e8aacf22703c6861876d758117adba705110f2d0fc,446df40465ad55181b95112968f999534c7d6cb1a2f4d22b4014ecdda120b493,c2cb953968812a9e401ea362c4aa6cdeea9e03453fbdcaa651cfb01734914405,1d754a505932fde6aea7d8e79e74782c9b64a767115c33e7e6d4641023b192ff,sha256:8e74a58284a6e8c22ac9cbf60231f69217c3cae31c231ef17b0afd81726b8249,verification/edit_length_changing/zero-extend-tail-4k-on-100mib-ops-1/verification.json,performance/edit_length_changing/zero-extend-tail-4k-on-100mib-ops-1/perf.jsonl,directly-comparable,"Identical family, fixture generator, schedule, operation and timer source at v0.1.3 and candidate; runtime recipe/content and timer validation required. Optional endurance unexecuted historically.",9f5a641d223606c45e5e6aa8a20094c12f9139a1
edit_length_changing,zero-extend-tail-4k-on-500mib-result-capped-v2-ops-1,500,524283904,1,registered-fixture,1,1,edit_commit_ns,9305416,PASS,PASS,15000000000,PASS,2222837292,486442208,9583667,,2224250,7081166,115875,2903959,30834688,6189056,,unavailable: no host CPU counter in this route receipt,46304000,4.079063582990784,,,,,,,,6663791,2641625,39.64147434996086,PASS,PASS,705871167,f592c3ae20935d7623d465e8aacf22703c6861876d758117adba705110f2d0fc,446df40465ad55181b95112968f999534c7d6cb1a2f4d22b4014ecdda120b493,c2cb953968812a9e401ea362c4aa6cdeea9e03453fbdcaa651cfb01734914405,225f402edb8feb326fbdf518d519d0be3042387aef8bdeb63533f726d6256dad,sha256:8e74a58284a6e8c22ac9cbf60231f69217c3cae31c231ef17b0afd81726b8249,verification/edit_length_changing/zero-extend-tail-4k-on-500mib-result-capped-v2-ops-1/verification.json,performance/edit_length_changing/zero-extend-tail-4k-on-500mib-result-capped-v2-ops-1/perf.jsonl,directly-comparable,"Identical family, fixture generator, schedule, operation and timer source at v0.1.3 and candidate; runtime recipe/content and timer validation required. Optional endurance unexecuted historically.",9f5a641d223606c45e5e6aa8a20094c12f9139a1
edit_canonical_chunk_count,overwrite-fixed-64k-chunk-count-preserve-on-1mib-ops-1,1,1048576,1,registered-fixture,1,1,edit_commit_ns,10109542,PASS,PASS,15000000000,PASS,507205250,391662459,9609084,,2602875,7506667,120958,3460958,30916608,5439488,,unavailable: no host CPU counter in this route receipt,49892000,1.8478067090036348,,,,,,,,6854625,3254917,47.48497547276474,PASS,PASS,344661458,f592c3ae20935d7623d465e8aacf22703c6861876d758117adba705110f2d0fc,446df40465ad55181b95112968f999534c7d6cb1a2f4d22b4014ecdda120b493,c2cb953968812a9e401ea362c4aa6cdeea9e03453fbdcaa651cfb01734914405,bc31bd700fc67c484851d60dba4d48e6c56d8274c87ec98dae5de6502960bf0d,sha256:8e74a58284a6e8c22ac9cbf60231f69217c3cae31c231ef17b0afd81726b8249,verification/edit_canonical_chunk_count/overwrite-fixed-64k-chunk-count-preserve-on-1mib-ops-1/verification.json,performance/edit_canonical_chunk_count/overwrite-fixed-64k-chunk-count-preserve-on-1mib-ops-1/perf.jsonl,directly-comparable,"Identical family, fixture generator, schedule, operation and timer source at v0.1.3 and candidate; runtime recipe/content and timer validation required. Optional endurance unexecuted historically.",9f5a641d223606c45e5e6aa8a20094c12f9139a1
edit_canonical_chunk_count,overwrite-fixed-64k-chunk-count-preserve-on-10mib-ops-1,10,10485760,1,registered-fixture,1,1,edit_commit_ns,10518334,PASS,PASS,15000000000,PASS,583353459,446683750,8419417,,2455250,8063084,127417,3460458,30588928,5431296,,unavailable: no host CPU counter in this route receipt,51192000,1.6475708330108318,,,,,,,,8506500,2011834,23.650549579733145,PASS,PASS,356672875,f592c3ae20935d7623d465e8aacf22703c6861876d758117adba705110f2d0fc,446df40465ad55181b95112968f999534c7d6cb1a2f4d22b4014ecdda120b493,c2cb953968812a9e401ea362c4aa6cdeea9e03453fbdcaa651cfb01734914405,f4ffbed465ad4611550a04c060724338158d464facf12c5ac83fcf753f0f9c85,sha256:8e74a58284a6e8c22ac9cbf60231f69217c3cae31c231ef17b0afd81726b8249,verification/edit_canonical_chunk_count/overwrite-fixed-64k-chunk-count-preserve-on-10mib-ops-1/verification.json,performance/edit_canonical_chunk_count/overwrite-fixed-64k-chunk-count-preserve-on-10mib-ops-1/perf.jsonl,directly-comparable,"Identical family, fixture generator, schedule, operation and timer source at v0.1.3 and candidate; runtime recipe/content and timer validation required. Optional endurance unexecuted historically.",9f5a641d223606c45e5e6aa8a20094c12f9139a1
edit_canonical_chunk_count,overwrite-fixed-64k-chunk-count-preserve-on-100mib-ops-1,100,104857600,1,registered-fixture,1,1,edit_commit_ns,10190125,PASS,PASS,15000000000,PASS,934202709,440816917,9131917,,2273625,7916500,107584,2801625,30769152,5922816,,unavailable: no host CPU counter in this route receipt,47796000,2.2539729589916533,,,,,,,,7335375,2854750,38.91757408448784,PASS,PASS,418445250,f592c3ae20935d7623d465e8aacf22703c6861876d758117adba705110f2d0fc,446df40465ad55181b95112968f999534c7d6cb1a2f4d22b4014ecdda120b493,c2cb953968812a9e401ea362c4aa6cdeea9e03453fbdcaa651cfb01734914405,02dd41467811ef009e99575b6e69cf363bd73086bc681cec8e2eccbba6677d1b,sha256:8e74a58284a6e8c22ac9cbf60231f69217c3cae31c231ef17b0afd81726b8249,verification/edit_canonical_chunk_count/overwrite-fixed-64k-chunk-count-preserve-on-100mib-ops-1/verification.json,performance/edit_canonical_chunk_count/overwrite-fixed-64k-chunk-count-preserve-on-100mib-ops-1/perf.jsonl,directly-comparable,"Identical family, fixture generator, schedule, operation and timer source at v0.1.3 and candidate; runtime recipe/content and timer validation required. Optional endurance unexecuted historically.",9f5a641d223606c45e5e6aa8a20094c12f9139a1
edit_canonical_chunk_count,overwrite-fixed-64k-chunk-count-preserve-on-500mib-ops-1,500,524288000,1,registered-fixture,1,1,edit_commit_ns,13067750,PASS,PASS,15000000000,PASS,2258532417,487872000,10159917,,3404833,9662917,121584,3324208,30818304,5672960,,unavailable: no host CPU counter in this route receipt,55330000,4.092843291000463,,,,,,,,8269583,4798167,58.02187365433058,PASS,PASS,692523166,f592c3ae20935d7623d465e8aacf22703c6861876d758117adba705110f2d0fc,446df40465ad55181b95112968f999534c7d6cb1a2f4d22b4014ecdda120b493,c2cb953968812a9e401ea362c4aa6cdeea9e03453fbdcaa651cfb01734914405,731c094f1d6879565458ac736b328f2bbe5d6b688cdd363043b4a3c746ce3c4d,sha256:8e74a58284a6e8c22ac9cbf60231f69217c3cae31c231ef17b0afd81726b8249,verification/edit_canonical_chunk_count/overwrite-fixed-64k-chunk-count-preserve-on-500mib-ops-1/verification.json,performance/edit_canonical_chunk_count/overwrite-fixed-64k-chunk-count-preserve-on-500mib-ops-1/perf.jsonl,directly-comparable,"Identical family, fixture generator, schedule, operation and timer source at v0.1.3 and candidate; runtime recipe/content and timer validation required. Optional endurance unexecuted historically.",9f5a641d223606c45e5e6aa8a20094c12f9139a1
edit_canonical_chunk_count,overwrite-fixed-64k-chunk-count-increase-on-1mib-ops-1,1,1048576,1,registered-fixture,1,1,edit_commit_ns,9832542,PASS,PASS,15000000000,PASS,503322583,434221375,8027834,,2574875,7257667,128833,3204458,30982144,5423104,,unavailable: no host CPU counter in this route receipt,48119000,1.9106646250002086,,,,,,,,7852416,1980126,25.21677404763069,PASS,PASS,352759583,f592c3ae20935d7623d465e8aacf22703c6861876d758117adba705110f2d0fc,446df40465ad55181b95112968f999534c7d6cb1a2f4d22b4014ecdda120b493,c2cb953968812a9e401ea362c4aa6cdeea9e03453fbdcaa651cfb01734914405,38b259972b5fd2a1f34c95a0302c0feb59259a365e0610c2d7be69b7c397e386,sha256:8e74a58284a6e8c22ac9cbf60231f69217c3cae31c231ef17b0afd81726b8249,verification/edit_canonical_chunk_count/overwrite-fixed-64k-chunk-count-increase-on-1mib-ops-1/verification.json,performance/edit_canonical_chunk_count/overwrite-fixed-64k-chunk-count-increase-on-1mib-ops-1/perf.jsonl,directly-comparable,"Identical family, fixture generator, schedule, operation and timer source at v0.1.3 and candidate; runtime recipe/content and timer validation required. Optional endurance unexecuted historically.",9f5a641d223606c45e5e6aa8a20094c12f9139a1
edit_canonical_chunk_count,overwrite-fixed-64k-chunk-count-increase-on-10mib-ops-1,10,10485760,1,registered-fixture,1,1,edit_commit_ns,12497250,PASS,PASS,15000000000,PASS,536234167,384378875,10436500,,3188417,9308833,149833,3381834,31064064,5664768,,unavailable: no host CPU counter in this route receipt,55426000,1.8543050000007497,,,,,,,,7515667,4981583,66.28264663668574,PASS,PASS,358647250,f592c3ae20935d7623d465e8aacf22703c6861876d758117adba705110f2d0fc,446df40465ad55181b95112968f999534c7d6cb1a2f4d22b4014ecdda120b493,c2cb953968812a9e401ea362c4aa6cdeea9e03453fbdcaa651cfb01734914405,ebf0b18830ff43beab63406788ec824320928a08b136cf6884cc35eb02be8978,sha256:8e74a58284a6e8c22ac9cbf60231f69217c3cae31c231ef17b0afd81726b8249,verification/edit_canonical_chunk_count/overwrite-fixed-64k-chunk-count-increase-on-10mib-ops-1/verification.json,performance/edit_canonical_chunk_count/overwrite-fixed-64k-chunk-count-increase-on-10mib-ops-1/perf.jsonl,directly-comparable,"Identical family, fixture generator, schedule, operation and timer source at v0.1.3 and candidate; runtime recipe/content and timer validation required. Optional endurance unexecuted historically.",9f5a641d223606c45e5e6aa8a20094c12f9139a1
edit_canonical_chunk_count,overwrite-fixed-64k-chunk-count-increase-on-100mib-ops-1,100,104857600,1,registered-fixture,1,1,edit_commit_ns,11892666,PASS,PASS,15000000000,PASS,997446667,433891667,9923125,,2835791,9056875,115625,3025792,30834688,5414912,,unavailable: no host CPU counter in this route receipt,54099000,2.311351249998552,,,,,,,,7869709,4022957,51.1195140760605,PASS,PASS,422675334,f592c3ae20935d7623d465e8aacf22703c6861876d758117adba705110f2d0fc,446df40465ad55181b95112968f999534c7d6cb1a2f4d22b4014ecdda120b493,c2cb953968812a9e401ea362c4aa6cdeea9e03453fbdcaa651cfb01734914405,40836e4902f0258f5a5ccc42fe201e4bd51be26e3ff222d6844debe8ff143f4b,sha256:8e74a58284a6e8c22ac9cbf60231f69217c3cae31c231ef17b0afd81726b8249,verification/edit_canonical_chunk_count/overwrite-fixed-64k-chunk-count-increase-on-100mib-ops-1/verification.json,performance/edit_canonical_chunk_count/overwrite-fixed-64k-chunk-count-increase-on-100mib-ops-1/perf.jsonl,directly-comparable,"Identical family, fixture generator, schedule, operation and timer source at v0.1.3 and candidate; runtime recipe/content and timer validation required. Optional endurance unexecuted historically.",9f5a641d223606c45e5e6aa8a20094c12f9139a1
edit_canonical_chunk_count,overwrite-fixed-64k-chunk-count-increase-on-500mib-ops-1,500,524288000,1,registered-fixture,1,1,edit_commit_ns,11197292,PASS,PASS,15000000000,PASS,2138065209,448528500,8064875,,2243250,8954042,84583,2913500,30752768,5935104,,unavailable: no host CPU counter in this route receipt,51215000,3.9996202500042273,,,,,,,,8466250,2731042,32.25798907426547,PASS,PASS,715970625,f592c3ae20935d7623d465e8aacf22703c6861876d758117adba705110f2d0fc,446df40465ad55181b95112968f999534c7d6cb1a2f4d22b4014ecdda120b493,c2cb953968812a9e401ea362c4aa6cdeea9e03453fbdcaa651cfb01734914405,cf010872f44f97a572b0be89dcf850e4fb0fdd9c090bcf9f8c220228f18f29b7,sha256:8e74a58284a6e8c22ac9cbf60231f69217c3cae31c231ef17b0afd81726b8249,verification/edit_canonical_chunk_count/overwrite-fixed-64k-chunk-count-increase-on-500mib-ops-1/verification.json,performance/edit_canonical_chunk_count/overwrite-fixed-64k-chunk-count-increase-on-500mib-ops-1/perf.jsonl,directly-comparable,"Identical family, fixture generator, schedule, operation and timer source at v0.1.3 and candidate; runtime recipe/content and timer validation required. Optional endurance unexecuted historically.",9f5a641d223606c45e5e6aa8a20094c12f9139a1
edit_canonical_chunk_count,overwrite-fixed-64k-chunk-count-decrease-on-1mib-ops-1,1,1048576,1,registered-fixture,1,1,edit_commit_ns,8412959,PASS,PASS,15000000000,PASS,506885875,387540083,7906292,,1987834,6425125,97250,2579541,31129600,5664768,,unavailable: no host CPU counter in this route receipt,43275000,1.7268055000022287,,,,,,,,7175375,1237584,17.24765604585126,PASS,PASS,349190500,f592c3ae20935d7623d465e8aacf22703c6861876d758117adba705110f2d0fc,446df40465ad55181b95112968f999534c7d6cb1a2f4d22b4014ecdda120b493,c2cb953968812a9e401ea362c4aa6cdeea9e03453fbdcaa651cfb01734914405,492e31c72ed79d32fababace8e73fe38ec587cb16d1edbd3b1bcae1fc827ec9c,sha256:8e74a58284a6e8c22ac9cbf60231f69217c3cae31c231ef17b0afd81726b8249,verification/edit_canonical_chunk_count/overwrite-fixed-64k-chunk-count-decrease-on-1mib-ops-1/verification.json,performance/edit_canonical_chunk_count/overwrite-fixed-64k-chunk-count-decrease-on-1mib-ops-1/perf.jsonl,directly-comparable,"Identical family, fixture generator, schedule, operation and timer source at v0.1.3 and candidate; runtime recipe/content and timer validation required. Optional endurance unexecuted historically.",9f5a641d223606c45e5e6aa8a20094c12f9139a1
edit_canonical_chunk_count,overwrite-fixed-64k-chunk-count-decrease-on-10mib-ops-1,10,10485760,1,registered-fixture,1,1,edit_commit_ns,8238250,PASS,PASS,15000000000,PASS,526480666,384140292,8812875,,2151833,6086417,120459,2640250,31129600,5394432,,unavailable: no host CPU counter in this route receipt,42768000,1.7514523749996442,,,,,,,,7013292,1224958,17.4662341165889,PASS,PASS,350845750,f592c3ae20935d7623d465e8aacf22703c6861876d758117adba705110f2d0fc,446df40465ad55181b95112968f999534c7d6cb1a2f4d22b4014ecdda120b493,c2cb953968812a9e401ea362c4aa6cdeea9e03453fbdcaa651cfb01734914405,34b7a32a17ecdfcee43d3119d82ece26f54b5d902c91825ae25c8b15df20e4ad,sha256:8e74a58284a6e8c22ac9cbf60231f69217c3cae31c231ef17b0afd81726b8249,verification/edit_canonical_chunk_count/overwrite-fixed-64k-chunk-count-decrease-on-10mib-ops-1/verification.json,performance/edit_canonical_chunk_count/overwrite-fixed-64k-chunk-count-decrease-on-10mib-ops-1/perf.jsonl,directly-comparable,"Identical family, fixture generator, schedule, operation and timer source at v0.1.3 and candidate; runtime recipe/content and timer validation required. Optional endurance unexecuted historically.",9f5a641d223606c45e5e6aa8a20094c12f9139a1
edit_canonical_chunk_count,overwrite-fixed-64k-chunk-count-decrease-on-100mib-ops-1,100,104857600,1,registered-fixture,1,1,edit_commit_ns,9330750,PASS,PASS,15000000000,PASS,813156334,382827333,9382875,,2409917,6920833,91958,2685000,30965760,5664768,,unavailable: no host CPU counter in this route receipt,45341000,2.112886624992825,,,,,,,,7582042,1748708,23.063813152182487,PASS,PASS,420111375,f592c3ae20935d7623d465e8aacf22703c6861876d758117adba705110f2d0fc,446df40465ad55181b95112968f999534c7d6cb1a2f4d22b4014ecdda120b493,c2cb953968812a9e401ea362c4aa6cdeea9e03453fbdcaa651cfb01734914405,e17972cbe1bcb495120c3abaf28c671ca3c2cb88285ffd865cc7eab13f102960,sha256:8e74a58284a6e8c22ac9cbf60231f69217c3cae31c231ef17b0afd81726b8249,verification/edit_canonical_chunk_count/overwrite-fixed-64k-chunk-count-decrease-on-100mib-ops-1/verification.json,performance/edit_canonical_chunk_count/overwrite-fixed-64k-chunk-count-decrease-on-100mib-ops-1/perf.jsonl,directly-comparable,"Identical family, fixture generator, schedule, operation and timer source at v0.1.3 and candidate; runtime recipe/content and timer validation required. Optional endurance unexecuted historically.",9f5a641d223606c45e5e6aa8a20094c12f9139a1
edit_canonical_chunk_count,overwrite-fixed-64k-chunk-count-decrease-on-500mib-ops-1,500,524288000,1,registered-fixture,1,1,edit_commit_ns,12063292,PASS,PASS,15000000000,PASS,2302787834,501563500,9639334,,2689000,9374292,118833,3334667,30900224,5926912,,unavailable: no host CPU counter in this route receipt,53350000,4.0621043749997625,,,,,,,,8095500,3967792,49.01231548391082,PASS,PASS,705661541,f592c3ae20935d7623d465e8aacf22703c6861876d758117adba705110f2d0fc,446df40465ad55181b95112968f999534c7d6cb1a2f4d22b4014ecdda120b493,c2cb953968812a9e401ea362c4aa6cdeea9e03453fbdcaa651cfb01734914405,b0856fa9ad3f7e22a6aed7652292d8c5d53ca290b08b836affde2990f2e0aec4,sha256:8e74a58284a6e8c22ac9cbf60231f69217c3cae31c231ef17b0afd81726b8249,verification/edit_canonical_chunk_count/overwrite-fixed-64k-chunk-count-decrease-on-500mib-ops-1/verification.json,performance/edit_canonical_chunk_count/overwrite-fixed-64k-chunk-count-decrease-on-500mib-ops-1/perf.jsonl,directly-comparable,"Identical family, fixture generator, schedule, operation and timer source at v0.1.3 and candidate; runtime recipe/content and timer validation required. Optional endurance unexecuted historically.",9f5a641d223606c45e5e6aa8a20094c12f9139a1
init_namespace,namespace-100-compact-v3,100,5000000,100,compact-low-tier-v2,1,1,layerstack_init_ns,19893333,PASS,PASS,15000000000,PASS,621846291,383234042,,,,,,,27459584,5652480,37438916,native initialization phase,14984000,1.92011520799133,,,,,,,,8901875,10991458,123.47351541107912,PASS,PASS,343828875,f592c3ae20935d7623d465e8aacf22703c6861876d758117adba705110f2d0fc,446df40465ad55181b95112968f999534c7d6cb1a2f4d22b4014ecdda120b493,c2cb953968812a9e401ea362c4aa6cdeea9e03453fbdcaa651cfb01734914405,0ceeef25cecad2244bb0f6411c939e379bb05a89f67a8cb62d52a838fd91f025,sha256:8e74a58284a6e8c22ac9cbf60231f69217c3cae31c231ef17b0afd81726b8249,verification/init_namespace/namespace-100-compact-v3/verification.json,performance/init_namespace/namespace-100-compact-v3/perf.jsonl,directly-comparable,"Identical family, fixture generator, schedule, operation and timer source at v0.1.3 and candidate; runtime recipe/content and timer validation required. Optional endurance unexecuted historically.",9f5a641d223606c45e5e6aa8a20094c12f9139a1
init_namespace,namespace-1000-compact-v3,1000,20000000,1000,compact-low-tier-v2,1,1,layerstack_init_ns,81556500,PASS,PASS,15000000000,PASS,1002090000,453898500,,,,,,,50167808,5926912,170587750,native initialization phase,15831000,2.196545334008988,,,,,,,,38077083,43479417,114.18788828965707,PASS,PASS,347124583,f592c3ae20935d7623d465e8aacf22703c6861876d758117adba705110f2d0fc,446df40465ad55181b95112968f999534c7d6cb1a2f4d22b4014ecdda120b493,c2cb953968812a9e401ea362c4aa6cdeea9e03453fbdcaa651cfb01734914405,eec3b1e16b3a8a222376683ef87d359b1eb6eaf0485fbf9e7d2366799f3d7dfe,sha256:8e74a58284a6e8c22ac9cbf60231f69217c3cae31c231ef17b0afd81726b8249,verification/init_namespace/namespace-1000-compact-v3/verification.json,performance/init_namespace/namespace-1000-compact-v3/perf.jsonl,directly-comparable,"Identical family, fixture generator, schedule, operation and timer source at v0.1.3 and candidate; runtime recipe/content and timer validation required. Optional endurance unexecuted historically.",9f5a641d223606c45e5e6aa8a20094c12f9139a1
init_namespace,namespace-10000,10000,300000000,10000,registered-fixture,1,1,layerstack_init_ns,997947125,PASS,PASS,15000000000,PASS,4707948458,1424200209,,,,,,,72302592,5332992,1882654125,native initialization phase,14825000,6.87217404099647,,,,,,,,403467916,594479209,147.34237480236223,PASS,PASS,355164042,f592c3ae20935d7623d465e8aacf22703c6861876d758117adba705110f2d0fc,446df40465ad55181b95112968f999534c7d6cb1a2f4d22b4014ecdda120b493,c2cb953968812a9e401ea362c4aa6cdeea9e03453fbdcaa651cfb01734914405,d2b79e9be57610c629baa50dad05c986632ab45d3cf3d0b32ef1e91847ab3efe,sha256:8e74a58284a6e8c22ac9cbf60231f69217c3cae31c231ef17b0afd81726b8249,verification/init_namespace/namespace-10000/verification.json,performance/init_namespace/namespace-10000/perf.jsonl,directly-comparable,"Identical family, fixture generator, schedule, operation and timer source at v0.1.3 and candidate; runtime recipe/content and timer validation required. Optional endurance unexecuted historically.",9f5a641d223606c45e5e6aa8a20094c12f9139a1
init_namespace,namespace-100000,100000,500000000,100000,registered-fixture,1,1,layerstack_init_ns,3803760250,PASS,PASS,15000000000,PASS,29938456167,4237907208,,,,,,,94601216,5615616,10173535958,native initialization phase,15420000,7.098156834006659,,,,,,,,2603162083,1200598167,46.1207611635299,PASS,PASS,352557250,f592c3ae20935d7623d465e8aacf22703c6861876d758117adba705110f2d0fc,446df40465ad55181b95112968f999534c7d6cb1a2f4d22b4014ecdda120b493,c2cb953968812a9e401ea362c4aa6cdeea9e03453fbdcaa651cfb01734914405,ca4a66a11e982d74387c68427b036ad151249fb43d1782abd02c57b635bace4e,sha256:8e74a58284a6e8c22ac9cbf60231f69217c3cae31c231ef17b0afd81726b8249,verification/init_namespace/namespace-100000/verification.json,performance/init_namespace/namespace-100000/perf.jsonl,directly-comparable,"Identical family, fixture generator, schedule, operation and timer source at v0.1.3 and candidate; runtime recipe/content and timer validation required. Optional endurance unexecuted historically.",9f5a641d223606c45e5e6aa8a20094c12f9139a1
store_footprint,store-footprint-unique-100000,100000,500000000,100000,registered-fixture,1,1,product_call_sum_ns,4082417459,PASS,PASS,15000000000,PASS,28867760750,4679412916,,,,,,,98566144,5660672,10295486959,host process cumulative at observation,58025000,7.047733291008626,,,,,,,,2982459252,1099958207,36.880913167963044,PASS,PASS,345749125,f592c3ae20935d7623d465e8aacf22703c6861876d758117adba705110f2d0fc,446df40465ad55181b95112968f999534c7d6cb1a2f4d22b4014ecdda120b493,c2cb953968812a9e401ea362c4aa6cdeea9e03453fbdcaa651cfb01734914405,9960b8df0bf288e95859574779cd9dc21109cab697f6ea1ba6b53278a0c9e5c8,sha256:8e74a58284a6e8c22ac9cbf60231f69217c3cae31c231ef17b0afd81726b8249,verification/store_footprint/store-footprint-unique-100000/verification.json,performance/store_footprint/store-footprint-unique-100000/perf.jsonl,directly-comparable,"Identical family, fixture generator, schedule, operation and timer source at v0.1.3 and candidate; runtime recipe/content and timer validation required. Optional endurance unexecuted historically.",9f5a641d223606c45e5e6aa8a20094c12f9139a1
store_footprint,store-footprint-metadata-cardinality-100000,100000,500000000,100000,registered-fixture,1,1,product_call_sum_ns,6897713625,PASS,PASS,15000000000,PASS,31496621083,7517218875,,,,,,,109576192,6193152,13649053875,host process cumulative at observation,59428000,11.196098917003837,,,,,,,,4570429959,2327283666,50.92045358702323,PASS,PASS,363630292,f592c3ae20935d7623d465e8aacf22703c6861876d758117adba705110f2d0fc,446df40465ad55181b95112968f999534c7d6cb1a2f4d22b4014ecdda120b493,c2cb953968812a9e401ea362c4aa6cdeea9e03453fbdcaa651cfb01734914405,fd37237d653501a75f3c2f79b650ea1e92c5ee8b516f7b3e0c8db095fcd59a8d,sha256:8e74a58284a6e8c22ac9cbf60231f69217c3cae31c231ef17b0afd81726b8249,verification/store_footprint/store-footprint-metadata-cardinality-100000/verification.json,performance/store_footprint/store-footprint-metadata-cardinality-100000/perf.jsonl,directly-comparable,"Identical family, fixture generator, schedule, operation and timer source at v0.1.3 and candidate; runtime recipe/content and timer validation required. Optional endurance unexecuted historically.",9f5a641d223606c45e5e6aa8a20094c12f9139a1
store_footprint,store-footprint-large-object-500m,100000,500000000,100,registered-fixture,1,1,product_call_sum_ns,1505693374,PASS,PASS,15000000000,PASS,3680754625,2047093167,,,,,,,65060864,7700480,2203894292,host process cumulative at observation,66964000,6.7499664170027245,,,,,,,,491905625,1013787749,206.093953286263,PASS,PASS,359834917,f592c3ae20935d7623d465e8aacf22703c6861876d758117adba705110f2d0fc,446df40465ad55181b95112968f999534c7d6cb1a2f4d22b4014ecdda120b493,c2cb953968812a9e401ea362c4aa6cdeea9e03453fbdcaa651cfb01734914405,77bc7eb5bb9de312c91633d6b162a8d529a4f0aaaec123ccbe6d4ca2d2beb090,sha256:8e74a58284a6e8c22ac9cbf60231f69217c3cae31c231ef17b0afd81726b8249,verification/store_footprint/store-footprint-large-object-500m/verification.json,performance/store_footprint/store-footprint-large-object-500m/perf.jsonl,directly-comparable,"Identical family, fixture generator, schedule, operation and timer source at v0.1.3 and candidate; runtime recipe/content and timer validation required. Optional endurance unexecuted historically.",9f5a641d223606c45e5e6aa8a20094c12f9139a1
store_footprint,store-footprint-unique-100-low-v1,100,5000000,100,compact-low-tier-v2,1,1,product_call_sum_ns,47905166,PASS,PASS,15000000000,PASS,910672708,549219125,,,,,,,29605888,5689344,68749000,host process cumulative at observation,50972000,2.124764124993817,,,,,,,,31947543,15957623,49.94945307687668,PASS,PASS,344494083,f592c3ae20935d7623d465e8aacf22703c6861876d758117adba705110f2d0fc,446df40465ad55181b95112968f999534c7d6cb1a2f4d22b4014ecdda120b493,c2cb953968812a9e401ea362c4aa6cdeea9e03453fbdcaa651cfb01734914405,755b06f386ad1180df5a565294b62ee31ecadc3ff6c3b64df14a791c617d4991,sha256:8e74a58284a6e8c22ac9cbf60231f69217c3cae31c231ef17b0afd81726b8249,verification/store_footprint/store-footprint-unique-100-low-v1/verification.json,performance/store_footprint/store-footprint-unique-100-low-v1/perf.jsonl,directly-comparable,"Identical family, fixture generator, schedule, operation and timer source at v0.1.3 and candidate; runtime recipe/content and timer validation required. Optional endurance unexecuted historically.",9f5a641d223606c45e5e6aa8a20094c12f9139a1
store_footprint,store-footprint-metadata-cardinality-100-low-v1,100,5000000,100,compact-low-tier-v2,1,1,product_call_sum_ns,56222458,PASS,PASS,15000000000,PASS,968463875,589816959,,,,,,,29736960,5918720,81797959,host process cumulative at observation,49806000,2.1978761659993324,,,,,,,,35869626,20352832,56.74113245563252,PASS,PASS,353664541,f592c3ae20935d7623d465e8aacf22703c6861876d758117adba705110f2d0fc,446df40465ad55181b95112968f999534c7d6cb1a2f4d22b4014ecdda120b493,c2cb953968812a9e401ea362c4aa6cdeea9e03453fbdcaa651cfb01734914405,5e1a6493726abe69343cbe42283b55a32e12578ab8b414421776b3d114d7566e,sha256:8e74a58284a6e8c22ac9cbf60231f69217c3cae31c231ef17b0afd81726b8249,verification/store_footprint/store-footprint-metadata-cardinality-100-low-v1/verification.json,performance/store_footprint/store-footprint-metadata-cardinality-100-low-v1/perf.jsonl,directly-comparable,"Identical family, fixture generator, schedule, operation and timer source at v0.1.3 and candidate; runtime recipe/content and timer validation required. Optional endurance unexecuted historically.",9f5a641d223606c45e5e6aa8a20094c12f9139a1
store_footprint,store-footprint-large-object-10m-low-v1,10,10000000,10,compact-low-tier-v2,1,1,product_call_sum_ns,71377250,PASS,PASS,15000000000,PASS,968723042,595384417,,,,,,,35536896,5398528,90849916,host process cumulative at observation,51107000,2.2874070830002893,,,,,,,,43893543,27483707,62.61446472890101,PASS,PASS,399963791,f592c3ae20935d7623d465e8aacf22703c6861876d758117adba705110f2d0fc,446df40465ad55181b95112968f999534c7d6cb1a2f4d22b4014ecdda120b493,c2cb953968812a9e401ea362c4aa6cdeea9e03453fbdcaa651cfb01734914405,7b3582d48e800589fdbe55278a836f5a9645f12be2f9307f6f91dcdc7c089e75,sha256:8e74a58284a6e8c22ac9cbf60231f69217c3cae31c231ef17b0afd81726b8249,verification/store_footprint/store-footprint-large-object-10m-low-v1/verification.json,performance/store_footprint/store-footprint-large-object-10m-low-v1/perf.jsonl,directly-comparable,"Identical family, fixture generator, schedule, operation and timer source at v0.1.3 and candidate; runtime recipe/content and timer validation required. Optional endurance unexecuted historically.",9f5a641d223606c45e5e6aa8a20094c12f9139a1
tiny_file_churn,tiny-create-1-compact-v2,1,1048576,50,compact-low-tier-v2,1,1,pure_call_sum_ns,23598085,PASS,PASS,15000000000,PASS,1686811667,442714834,9279667,6893750,,4725917,72417,2626334,9486336,5386240,33781584,host process after-product minus before counters,22998000,2.9827153329970315,,,,,,,,19053709,4544376,23.850348506949487,PASS,PASS,347215042,f592c3ae20935d7623d465e8aacf22703c6861876d758117adba705110f2d0fc,446df40465ad55181b95112968f999534c7d6cb1a2f4d22b4014ecdda120b493,c2cb953968812a9e401ea362c4aa6cdeea9e03453fbdcaa651cfb01734914405,d0b7013ff94349f8a479d1cb1a7b9e8dc85ab48c9f684bfa7a12deef5627aded,sha256:8e74a58284a6e8c22ac9cbf60231f69217c3cae31c231ef17b0afd81726b8249,verification/tiny_file_churn/tiny-create-1-compact-v2/verification.json,performance/tiny_file_churn/tiny-create-1-compact-v2/perf.jsonl,directly-comparable,"Identical family, fixture generator, schedule, operation and timer source at v0.1.3 and candidate; runtime recipe/content and timer validation required. Optional endurance unexecuted historically.",9f5a641d223606c45e5e6aa8a20094c12f9139a1
tiny_file_churn,tiny-create-10-compact-v2,10,10485760,500,compact-low-tier-v2,1,1,pure_call_sum_ns,33638917,PASS,PASS,15000000000,PASS,8794948959,438016291,9004292,12777000,,8763542,81833,3012250,11452416,5931008,41719708,host process after-product minus before counters,25635000,10.8172775409912,,,,,,,,26711667,6927250,25.9334245219514,PASS,PASS,415059750,f592c3ae20935d7623d465e8aacf22703c6861876d758117adba705110f2d0fc,446df40465ad55181b95112968f999534c7d6cb1a2f4d22b4014ecdda120b493,c2cb953968812a9e401ea362c4aa6cdeea9e03453fbdcaa651cfb01734914405,f4b89fef63b555c54bd10b7658fab293023dc697951badee4d799f60e792f86a,sha256:8e74a58284a6e8c22ac9cbf60231f69217c3cae31c231ef17b0afd81726b8249,verification/tiny_file_churn/tiny-create-10-compact-v2/verification.json,performance/tiny_file_churn/tiny-create-10-compact-v2/perf.jsonl,directly-comparable,"Identical family, fixture generator, schedule, operation and timer source at v0.1.3 and candidate; runtime recipe/content and timer validation required. Optional endurance unexecuted historically.",9f5a641d223606c45e5e6aa8a20094c12f9139a1
tiny_file_churn,tiny-create-100-mixed-v4,100,104857600,2000,workspace-mixed-v4,1,1,pure_call_sum_ns,63617626,PASS,PASS,15000000000,PASS,9597100375,440203500,7658208,37747250,,15282792,59292,2870084,15876096,5402624,56036375,host process after-product minus before counters,40327000,12.470610000003944,,,,,,,,53616291,10001335,18.653537597369425,PASS,PASS,431232000,f592c3ae20935d7623d465e8aacf22703c6861876d758117adba705110f2d0fc,446df40465ad55181b95112968f999534c7d6cb1a2f4d22b4014ecdda120b493,c2cb953968812a9e401ea362c4aa6cdeea9e03453fbdcaa651cfb01734914405,f6557b32dc7364b8e8fa79440a1b7ec50ff3c691197584e8be524991a6bb3f18,sha256:8e74a58284a6e8c22ac9cbf60231f69217c3cae31c231ef17b0afd81726b8249,verification/tiny_file_churn/tiny-create-100-mixed-v4/verification.json,performance/tiny_file_churn/tiny-create-100-mixed-v4/perf.jsonl,directly-comparable,"Identical family, fixture generator, schedule, operation and timer source at v0.1.3 and candidate; runtime recipe/content and timer validation required. Optional endurance unexecuted historically.",9f5a641d223606c45e5e6aa8a20094c12f9139a1
tiny_file_churn,tiny-create-500-mixed-v4,500,524288000,5000,workspace-mixed-v4,1,1,pure_call_sum_ns,231759166,PASS,PASS,15000000000,PASS,16789705083,708563208,8820833,159981375,,58224000,107333,4625625,31801344,7581696,166864874,host process after-product minus before counters,115287000,20.35009816699312,,,,,,,,201739625,30019541,14.880339447443705,PASS,PASS,926464041,f592c3ae20935d7623d465e8aacf22703c6861876d758117adba705110f2d0fc,446df40465ad55181b95112968f999534c7d6cb1a2f4d22b4014ecdda120b493,c2cb953968812a9e401ea362c4aa6cdeea9e03453fbdcaa651cfb01734914405,ad3376d3890b0d48132aad5723b9835f3b5aded5343d0381a0ed711b8f7d1d2c,sha256:8e74a58284a6e8c22ac9cbf60231f69217c3cae31c231ef17b0afd81726b8249,verification/tiny_file_churn/tiny-create-500-mixed-v4/verification.json,performance/tiny_file_churn/tiny-create-500-mixed-v4/perf.jsonl,directly-comparable,"Identical family, fixture generator, schedule, operation and timer source at v0.1.3 and candidate; runtime recipe/content and timer validation required. Optional endurance unexecuted historically.",9f5a641d223606c45e5e6aa8a20094c12f9139a1
tiny_file_churn,tiny-stat-1-compact-v2,1,1048576,51,compact-low-tier-v2,1,1,pure_call_sum_ns,19920041,PASS,PASS,15000000000,PASS,801396459,444945834,9623750,5998750,,1628791,91417,2577333,8192000,7774208,32600542,host process after-product minus before counters,21942000,1.8853386249975301,,,,,,,,15833917,4086124,25.806147651272898,PASS,PASS,347065292,f592c3ae20935d7623d465e8aacf22703c6861876d758117adba705110f2d0fc,446df40465ad55181b95112968f999534c7d6cb1a2f4d22b4014ecdda120b493,c2cb953968812a9e401ea362c4aa6cdeea9e03453fbdcaa651cfb01734914405,84a39a1d7a9f4e3f53c3c4e478a2f2f0ae092757bdd1e8a9f16e99cae74eff65,sha256:8e74a58284a6e8c22ac9cbf60231f69217c3cae31c231ef17b0afd81726b8249,verification/tiny_file_churn/tiny-stat-1-compact-v2/verification.json,performance/tiny_file_churn/tiny-stat-1-compact-v2/perf.jsonl,directly-comparable,"Identical family, fixture generator, schedule, operation and timer source at v0.1.3 and candidate; runtime recipe/content and timer validation required. Optional endurance unexecuted historically.",9f5a641d223606c45e5e6aa8a20094c12f9139a1
tiny_file_churn,tiny-stat-10-compact-v2,10,10502249,510,compact-low-tier-v2,1,1,pure_call_sum_ns,25328083,PASS,PASS,15000000000,PASS,997559459,441301584,10415000,10552333,,1788208,90125,2482417,9027584,5668864,33237833,host process after-product minus before counters,22400000,2.289218499994604,,,,,,,,21194250,4133833,19.504502400415205,PASS,PASS,348549583,f592c3ae20935d7623d465e8aacf22703c6861876d758117adba705110f2d0fc,446df40465ad55181b95112968f999534c7d6cb1a2f4d22b4014ecdda120b493,c2cb953968812a9e401ea362c4aa6cdeea9e03453fbdcaa651cfb01734914405,e299c05f84bb445f35a364c20b879e57d09289288f2a2fa1abb11ce60347cf02,sha256:8e74a58284a6e8c22ac9cbf60231f69217c3cae31c231ef17b0afd81726b8249,verification/tiny_file_churn/tiny-stat-10-compact-v2/verification.json,performance/tiny_file_churn/tiny-stat-10-compact-v2/perf.jsonl,directly-comparable,"Identical family, fixture generator, schedule, operation and timer source at v0.1.3 and candidate; runtime recipe/content and timer validation required. Optional endurance unexecuted historically.",9f5a641d223606c45e5e6aa8a20094c12f9139a1
tiny_file_churn,tiny-stat-100-mixed-v4,100,105682050,2500,workspace-mixed-v4,1,1,pure_call_sum_ns,60026834,PASS,PASS,15000000000,PASS,2914964250,486138333,9138083,45986667,,2324334,90792,2486958,16515072,5697536,70594167,host process after-product minus before counters,28396000,4.389714458986418,,,,,,,,37810208,22216626,58.75827501398564,PASS,PASS,421473083,f592c3ae20935d7623d465e8aacf22703c6861876d758117adba705110f2d0fc,446df40465ad55181b95112968f999534c7d6cb1a2f4d22b4014ecdda120b493,c2cb953968812a9e401ea362c4aa6cdeea9e03453fbdcaa651cfb01734914405,4d4c85891caf3615869a03307bc97d969e21ef6c6aef6b0b092425bf065d59d4,sha256:8e74a58284a6e8c22ac9cbf60231f69217c3cae31c231ef17b0afd81726b8249,verification/tiny_file_churn/tiny-stat-100-mixed-v4/verification.json,performance/tiny_file_churn/tiny-stat-100-mixed-v4/perf.jsonl,directly-comparable,"Identical family, fixture generator, schedule, operation and timer source at v0.1.3 and candidate; runtime recipe/content and timer validation required. Optional endurance unexecuted historically.",9f5a641d223606c45e5e6aa8a20094c12f9139a1
tiny_file_churn,tiny-stat-500-mixed-v4,500,525112450,5500,workspace-mixed-v4,1,1,pure_call_sum_ns,94356709,PASS,PASS,15000000000,PASS,10207421500,550127250,9844875,77926417,,2307625,142292,4135500,26525696,6017024,126985542,host process after-product minus before counters,47905000,12.056146041999455,,,,,,,,55349375,39007334,70.47475061823191,PASS,PASS,756085167,f592c3ae20935d7623d465e8aacf22703c6861876d758117adba705110f2d0fc,446df40465ad55181b95112968f999534c7d6cb1a2f4d22b4014ecdda120b493,c2cb953968812a9e401ea362c4aa6cdeea9e03453fbdcaa651cfb01734914405,529599b7ac1439fae9042c247770459cf9f7116e794dce421521305611e17cf7,sha256:8e74a58284a6e8c22ac9cbf60231f69217c3cae31c231ef17b0afd81726b8249,verification/tiny_file_churn/tiny-stat-500-mixed-v4/verification.json,performance/tiny_file_churn/tiny-stat-500-mixed-v4/perf.jsonl,directly-comparable,"Identical family, fixture generator, schedule, operation and timer source at v0.1.3 and candidate; runtime recipe/content and timer validation required. Optional endurance unexecuted historically.",9f5a641d223606c45e5e6aa8a20094c12f9139a1
tiny_file_churn,tiny-unlink-1-compact-v2,1,1048576,51,compact-low-tier-v2,1,1,pure_call_sum_ns,32923207,PASS,PASS,15000000000,PASS,611936000,390369250,11859708,13248875,,4449541,101083,3264000,9256960,5689344,31953208,host process after-product minus before counters,24436000,1.5237022079963936,,,,,,,,17634874,15288333,86.6937467202771,PASS,PASS,343906041,f592c3ae20935d7623d465e8aacf22703c6861876d758117adba705110f2d0fc,446df40465ad55181b95112968f999534c7d6cb1a2f4d22b4014ecdda120b493,c2cb953968812a9e401ea362c4aa6cdeea9e03453fbdcaa651cfb01734914405,62f9b7d03cfebfe1ae40ae533985453af4cea3c120fd79247b5dfacc25967d12,sha256:8e74a58284a6e8c22ac9cbf60231f69217c3cae31c231ef17b0afd81726b8249,verification/tiny_file_churn/tiny-unlink-1-compact-v2/verification.json,performance/tiny_file_churn/tiny-unlink-1-compact-v2/perf.jsonl,directly-comparable,"Identical family, fixture generator, schedule, operation and timer source at v0.1.3 and candidate; runtime recipe/content and timer validation required. Optional endurance unexecuted historically.",9f5a641d223606c45e5e6aa8a20094c12f9139a1
tiny_file_churn,tiny-unlink-10-compact-v2,10,10502249,510,compact-low-tier-v2,1,1,pure_call_sum_ns,36253667,PASS,PASS,15000000000,PASS,546476375,443629041,9136042,16317750,,7142125,72250,3585500,10305536,5955584,36930667,host process after-product minus before counters,25857000,1.9362801249953918,,,,,,,,25205291,11048376,43.833558596883485,PASS,PASS,348981291,f592c3ae20935d7623d465e8aacf22703c6861876d758117adba705110f2d0fc,446df40465ad55181b95112968f999534c7d6cb1a2f4d22b4014ecdda120b493,c2cb953968812a9e401ea362c4aa6cdeea9e03453fbdcaa651cfb01734914405,9df104520c059d723504c041c727f3933805573452b4681df0b7675ec98777b4,sha256:8e74a58284a6e8c22ac9cbf60231f69217c3cae31c231ef17b0afd81726b8249,verification/tiny_file_churn/tiny-unlink-10-compact-v2/verification.json,performance/tiny_file_churn/tiny-unlink-10-compact-v2/perf.jsonl,directly-comparable,"Identical family, fixture generator, schedule, operation and timer source at v0.1.3 and candidate; runtime recipe/content and timer validation required. Optional endurance unexecuted historically.",9f5a641d223606c45e5e6aa8a20094c12f9139a1
tiny_file_churn,tiny-unlink-100-mixed-v4,100,105682050,2500,workspace-mixed-v4,1,1,pure_call_sum_ns,85589541,PASS,PASS,15000000000,PASS,975769250,487896792,8684667,60323208,,12634041,78917,3868708,17776640,5693440,77368291,host process after-product minus before counters,35478000,2.2852495840052143,,,,,,,,50918082,34671459,68.09262571987688,PASS,PASS,464516167,f592c3ae20935d7623d465e8aacf22703c6861876d758117adba705110f2d0fc,446df40465ad55181b95112968f999534c7d6cb1a2f4d22b4014ecdda120b493,c2cb953968812a9e401ea362c4aa6cdeea9e03453fbdcaa651cfb01734914405,08217dbe456dbe16ccd3b8ee12cc78f830c0dec2783bd4d8f44b1faac43ab5bf,sha256:8e74a58284a6e8c22ac9cbf60231f69217c3cae31c231ef17b0afd81726b8249,verification/tiny_file_churn/tiny-unlink-100-mixed-v4/verification.json,performance/tiny_file_churn/tiny-unlink-100-mixed-v4/perf.jsonl,directly-comparable,"Identical family, fixture generator, schedule, operation and timer source at v0.1.3 and candidate; runtime recipe/content and timer validation required. Optional endurance unexecuted historically.",9f5a641d223606c45e5e6aa8a20094c12f9139a1
tiny_file_churn,tiny-unlink-500-mixed-v4,500,525112450,5500,workspace-mixed-v4,1,1,pure_call_sum_ns,139472626,PASS,PASS,15000000000,PASS,2406516542,610189875,8180542,109597292,,18311000,70375,3313417,28934144,5668864,131266208,host process after-product minus before counters,64427000,4.326627874994301,,,,,,,,114278709,25193917,22.046028713887555,PASS,PASS,694405542,f592c3ae20935d7623d465e8aacf22703c6861876d758117adba705110f2d0fc,446df40465ad55181b95112968f999534c7d6cb1a2f4d22b4014ecdda120b493,c2cb953968812a9e401ea362c4aa6cdeea9e03453fbdcaa651cfb01734914405,1bece1c758d728d99f8265c0b9ba77cfccdf7620f1af307c18a303fc984f8d58,sha256:8e74a58284a6e8c22ac9cbf60231f69217c3cae31c231ef17b0afd81726b8249,verification/tiny_file_churn/tiny-unlink-500-mixed-v4/verification.json,performance/tiny_file_churn/tiny-unlink-500-mixed-v4/perf.jsonl,directly-comparable,"Identical family, fixture generator, schedule, operation and timer source at v0.1.3 and candidate; runtime recipe/content and timer validation required. Optional endurance unexecuted historically.",9f5a641d223606c45e5e6aa8a20094c12f9139a1
tiny_file_churn,tiny-bulk-create-1-compact-v2,1,1048576,50,compact-low-tier-v2,1,1,pure_call_sum_ns,107711042,PASS,PASS,15000000000,PASS,758464084,547814792,10636875,77416875,,16224417,80875,3352000,14843904,7049216,53226208,host process after-product minus before counters,66773000,2.0056307500053663,,,,,,,,96728291,10982751,11.354228309481867,PASS,PASS,359068416,f592c3ae20935d7623d465e8aacf22703c6861876d758117adba705110f2d0fc,446df40465ad55181b95112968f999534c7d6cb1a2f4d22b4014ecdda120b493,c2cb953968812a9e401ea362c4aa6cdeea9e03453fbdcaa651cfb01734914405,ce034df7ee82d1282850a8040cf2dbb295046b92f10a81549fa72b31308aa7f6,sha256:8e74a58284a6e8c22ac9cbf60231f69217c3cae31c231ef17b0afd81726b8249,verification/tiny_file_churn/tiny-bulk-create-1-compact-v2/verification.json,performance/tiny_file_churn/tiny-bulk-create-1-compact-v2/perf.jsonl,directly-comparable,"Identical family, fixture generator, schedule, operation and timer source at v0.1.3 and candidate; runtime recipe/content and timer validation required. Optional endurance unexecuted historically.",9f5a641d223606c45e5e6aa8a20094c12f9139a1
tiny_file_churn,tiny-bulk-create-10-compact-v2,10,1048576,50,compact-low-tier-v2,1,1,pure_call_sum_ns,354670542,PASS,PASS,15000000000,PASS,663843583,804168791,9574125,260383500,,79685000,84500,4943417,36159488,9433088,144404292,host process after-product minus before counters,165395000,2.0800247919978574,,,,,,,,295897791,58772751,19.862517662391067,PASS,PASS,397865375,f592c3ae20935d7623d465e8aacf22703c6861876d758117adba705110f2d0fc,446df40465ad55181b95112968f999534c7d6cb1a2f4d22b4014ecdda120b493,c2cb953968812a9e401ea362c4aa6cdeea9e03453fbdcaa651cfb01734914405,81a07caf9d8e8cee9934d9e18128228f84f9cc1d20b19c715f932698c1d01f78,sha256:8e74a58284a6e8c22ac9cbf60231f69217c3cae31c231ef17b0afd81726b8249,verification/tiny_file_churn/tiny-bulk-create-10-compact-v2/verification.json,performance/tiny_file_churn/tiny-bulk-create-10-compact-v2/perf.jsonl,directly-comparable,"Identical family, fixture generator, schedule, operation and timer source at v0.1.3 and candidate; runtime recipe/content and timer validation required. Optional endurance unexecuted historically.",9f5a641d223606c45e5e6aa8a20094c12f9139a1
tiny_file_churn,tiny-bulk-create-100-mixed-v3,100,1048576,200,tiny-bulk-mixed-v3,1,1,pure_call_sum_ns,1139657665,PASS,PASS,15000000000,PASS,1239435416,1596926084,10148583,694169583,,427400416,100208,7838875,66666496,14561280,658543583,host process after-product minus before counters,368462000,3.5594885410100687,,,,,,,,989887791,149769874,15.129984970185374,PASS,PASS,350607459,f592c3ae20935d7623d465e8aacf22703c6861876d758117adba705110f2d0fc,446df40465ad55181b95112968f999534c7d6cb1a2f4d22b4014ecdda120b493,c2cb953968812a9e401ea362c4aa6cdeea9e03453fbdcaa651cfb01734914405,43e4ffc61aa83fe230cefcd44c20d04da7424de3ebbae47e2d64c7325f71cbde,sha256:8e74a58284a6e8c22ac9cbf60231f69217c3cae31c231ef17b0afd81726b8249,verification/tiny_file_churn/tiny-bulk-create-100-mixed-v3/verification.json,performance/tiny_file_churn/tiny-bulk-create-100-mixed-v3/perf.jsonl,directly-comparable,"Identical family, fixture generator, schedule, operation and timer source at v0.1.3 and candidate; runtime recipe/content and timer validation required. Optional endurance unexecuted historically.",9f5a641d223606c45e5e6aa8a20094c12f9139a1
tiny_file_churn,tiny-bulk-create-500-mixed-v3,500,1048576,200,tiny-bulk-mixed-v3,1,1,pure_call_sum_ns,5319529625,PASS,PASS,15000000000,PASS,3243669042,5964011667,9622291,3297685875,,1986452875,122417,25646167,78839808,25710592,3049858000,host process after-product minus before counters,1615645000,10.040339083003346,,,,,,,,5054054042,265475583,5.252725451565324,PASS,PASS,368411625,f592c3ae20935d7623d465e8aacf22703c6861876d758117adba705110f2d0fc,446df40465ad55181b95112968f999534c7d6cb1a2f4d22b4014ecdda120b493,c2cb953968812a9e401ea362c4aa6cdeea9e03453fbdcaa651cfb01734914405,f356ba5d46324b326981775ba50ca24eed165de7327b8e8453bd97452dd9f627,sha256:8e74a58284a6e8c22ac9cbf60231f69217c3cae31c231ef17b0afd81726b8249,verification/tiny_file_churn/tiny-bulk-create-500-mixed-v3/verification.json,performance/tiny_file_churn/tiny-bulk-create-500-mixed-v3/perf.jsonl,directly-comparable,"Identical family, fixture generator, schedule, operation and timer source at v0.1.3 and candidate; runtime recipe/content and timer validation required. Optional endurance unexecuted historically.",9f5a641d223606c45e5e6aa8a20094c12f9139a1
tiny_file_churn,tiny-bulk-delete-1-compact-v2,1,2097152,100,compact-low-tier-v2,1,1,pure_call_sum_ns,111209083,PASS,PASS,15000000000,PASS,815951666,540504041,9653500,92029750,,5734667,76458,3714708,9895936,5668864,54189458,host process after-product minus before counters,53873000,2.0774274169962155,,,,,,,,93346584,17862499,19.135675066588405,PASS,PASS,352128542,f592c3ae20935d7623d465e8aacf22703c6861876d758117adba705110f2d0fc,446df40465ad55181b95112968f999534c7d6cb1a2f4d22b4014ecdda120b493,c2cb953968812a9e401ea362c4aa6cdeea9e03453fbdcaa651cfb01734914405,04169004528025229cfb0fe4623600603b902b22b856eeead3d6245e7420e3e9,sha256:8e74a58284a6e8c22ac9cbf60231f69217c3cae31c231ef17b0afd81726b8249,verification/tiny_file_churn/tiny-bulk-delete-1-compact-v2/verification.json,performance/tiny_file_churn/tiny-bulk-delete-1-compact-v2/perf.jsonl,directly-comparable,"Identical family, fixture generator, schedule, operation and timer source at v0.1.3 and candidate; runtime recipe/content and timer validation required. Optional endurance unexecuted historically.",9f5a641d223606c45e5e6aa8a20094c12f9139a1
tiny_file_churn,tiny-bulk-delete-10-compact-v2,10,11534336,550,compact-low-tier-v2,1,1,pure_call_sum_ns,188448499,PASS,PASS,15000000000,PASS,1163370958,594830375,8533667,171030416,,5787000,76958,3020458,12713984,8024064,66231501,host process after-product minus before counters,95275000,2.5047305000043707,,,,,,,,168254959,20193540,12.001750272335212,PASS,PASS,360075125,f592c3ae20935d7623d465e8aacf22703c6861876d758117adba705110f2d0fc,446df40465ad55181b95112968f999534c7d6cb1a2f4d22b4014ecdda120b493,c2cb953968812a9e401ea362c4aa6cdeea9e03453fbdcaa651cfb01734914405,cb147f2b80dc76633da5c1830c76925b6e707a7459d5b28784a69065e9ccd805,sha256:8e74a58284a6e8c22ac9cbf60231f69217c3cae31c231ef17b0afd81726b8249,verification/tiny_file_churn/tiny-bulk-delete-10-compact-v2/verification.json,performance/tiny_file_churn/tiny-bulk-delete-10-compact-v2/perf.jsonl,directly-comparable,"Identical family, fixture generator, schedule, operation and timer source at v0.1.3 and candidate; runtime recipe/content and timer validation required. Optional endurance unexecuted historically.",9f5a641d223606c45e5e6aa8a20094c12f9139a1
tiny_file_churn,tiny-bulk-delete-100-mixed-v3,100,105906176,1200,tiny-bulk-mixed-v3,1,1,pure_call_sum_ns,320917959,PASS,PASS,15000000000,PASS,3250812208,754221334,11286042,299496250,,7283541,70042,2782084,21626880,9170944,122858250,host process after-product minus before counters,145128000,4.6276638340059435,,,,,,,,259278875,61639084,23.773276554057865,PASS,PASS,419781000,f592c3ae20935d7623d465e8aacf22703c6861876d758117adba705110f2d0fc,446df40465ad55181b95112968f999534c7d6cb1a2f4d22b4014ecdda120b493,c2cb953968812a9e401ea362c4aa6cdeea9e03453fbdcaa651cfb01734914405,16ea9650098732f91e463ba897ea824ca878e33ce28eca1ee5078fbbcf837b69,sha256:8e74a58284a6e8c22ac9cbf60231f69217c3cae31c231ef17b0afd81726b8249,verification/tiny_file_churn/tiny-bulk-delete-100-mixed-v3/verification.json,performance/tiny_file_churn/tiny-bulk-delete-100-mixed-v3/perf.jsonl,directly-comparable,"Identical family, fixture generator, schedule, operation and timer source at v0.1.3 and candidate; runtime recipe/content and timer validation required. Optional endurance unexecuted historically.",9f5a641d223606c45e5e6aa8a20094c12f9139a1
tiny_file_churn,tiny-bulk-delete-500-mixed-v3,500,525336576,5200,tiny-bulk-mixed-v3,1,1,pure_call_sum_ns,1143208791,PASS,PASS,15000000000,PASS,12720421916,1644820292,9027375,1112459792,,16928416,87833,4705375,53051392,26402816,423084625,host process after-product minus before counters,499673000,15.25484549999237,,,,,,,,933000457,210208334,22.530357024251703,PASS,PASS,761937000,f592c3ae20935d7623d465e8aacf22703c6861876d758117adba705110f2d0fc,446df40465ad55181b95112968f999534c7d6cb1a2f4d22b4014ecdda120b493,c2cb953968812a9e401ea362c4aa6cdeea9e03453fbdcaa651cfb01734914405,792ff683a560c10823b979a425af2a667dd92aed2e5f20b7d6f72f7d3fc060e1,sha256:8e74a58284a6e8c22ac9cbf60231f69217c3cae31c231ef17b0afd81726b8249,verification/tiny_file_churn/tiny-bulk-delete-500-mixed-v3/verification.json,performance/tiny_file_churn/tiny-bulk-delete-500-mixed-v3/perf.jsonl,directly-comparable,"Identical family, fixture generator, schedule, operation and timer source at v0.1.3 and candidate; runtime recipe/content and timer validation required. Optional endurance unexecuted historically.",9f5a641d223606c45e5e6aa8a20094c12f9139a1
namespace_mutation,namespace-subtree-relocate-delete-1-compact-v2,1,551200,250,compact-low-tier-v2,1,1,pure_call_sum_ns,27011749,PASS,PASS,15000000000,PASS,827820125,443512208,9660791,9753833,,4733458,62667,2801000,9601024,5681152,35958749,host process after-product minus before counters,21812000,2.122025084012421,,,,,,,,21310793,5700956,26.751496295797157,PASS,PASS,344710709,f592c3ae20935d7623d465e8aacf22703c6861876d758117adba705110f2d0fc,446df40465ad55181b95112968f999534c7d6cb1a2f4d22b4014ecdda120b493,c2cb953968812a9e401ea362c4aa6cdeea9e03453fbdcaa651cfb01734914405,443e4b3a9dc2ac2ed8c374193882de879f18ae2ec1b05820895d9681a43da804,sha256:8e74a58284a6e8c22ac9cbf60231f69217c3cae31c231ef17b0afd81726b8249,verification/namespace_mutation/namespace-subtree-relocate-delete-1-compact-v2/verification.json,performance/namespace_mutation/namespace-subtree-relocate-delete-1-compact-v2/perf.jsonl,directly-comparable,"Identical family, fixture generator, schedule, operation and timer source at v0.1.3 and candidate; runtime recipe/content and timer validation required. Optional endurance unexecuted historically.",9f5a641d223606c45e5e6aa8a20094c12f9139a1
namespace_mutation,namespace-subtree-relocate-delete-10-compact-v2,10,1012000,700,compact-low-tier-v2,1,1,pure_call_sum_ns,75995500,PASS,PASS,15000000000,PASS,871192042,487390209,9153375,56514208,,6515375,79542,3733000,11386880,5689344,50948542,host process after-product minus before counters,42206000,2.344779250008287,,,,,,,,59144541,16850959,28.491148489934176,PASS,PASS,349123584,f592c3ae20935d7623d465e8aacf22703c6861876d758117adba705110f2d0fc,446df40465ad55181b95112968f999534c7d6cb1a2f4d22b4014ecdda120b493,c2cb953968812a9e401ea362c4aa6cdeea9e03453fbdcaa651cfb01734914405,45a7518cf5438c8d20d02ac54b7a221c8477bbc2730901a5e808ea427f9e6b9c,sha256:8e74a58284a6e8c22ac9cbf60231f69217c3cae31c231ef17b0afd81726b8249,verification/namespace_mutation/namespace-subtree-relocate-delete-10-compact-v2/verification.json,performance/namespace_mutation/namespace-subtree-relocate-delete-10-compact-v2/perf.jsonl,directly-comparable,"Identical family, fixture generator, schedule, operation and timer source at v0.1.3 and candidate; runtime recipe/content and timer validation required. Optional endurance unexecuted historically.",9f5a641d223606c45e5e6aa8a20094c12f9139a1
namespace_mutation,namespace-subtree-relocate-delete-100-mixed-v4,100,105267200,2400,workspace-mixed-v4,1,1,pure_call_sum_ns,66061667,PASS,PASS,15000000000,PASS,2742779834,489345042,8114125,44256833,,10606334,74500,3009875,14827520,6189056,59110000,host process after-product minus before counters,37258000,4.059544666990405,,,,,,,,51018082,15043585,29.48677098445214,PASS,PASS,414272709,f592c3ae20935d7623d465e8aacf22703c6861876d758117adba705110f2d0fc,446df40465ad55181b95112968f999534c7d6cb1a2f4d22b4014ecdda120b493,c2cb953968812a9e401ea362c4aa6cdeea9e03453fbdcaa651cfb01734914405,8e04a5b80b8213bd266e0c9fe7d16d930ba4755f22dcf490978cb265b7db4020,sha256:8e74a58284a6e8c22ac9cbf60231f69217c3cae31c231ef17b0afd81726b8249,verification/namespace_mutation/namespace-subtree-relocate-delete-100-mixed-v4/verification.json,performance/namespace_mutation/namespace-subtree-relocate-delete-100-mixed-v4/perf.jsonl,directly-comparable,"Identical family, fixture generator, schedule, operation and timer source at v0.1.3 and candidate; runtime recipe/content and timer validation required. Optional endurance unexecuted historically.",9f5a641d223606c45e5e6aa8a20094c12f9139a1
namespace_mutation,namespace-subtree-relocate-delete-500-mixed-v4,500,526336000,7000,workspace-mixed-v4,1,1,pure_call_sum_ns,245514375,PASS,PASS,15000000000,PASS,9825156875,661157291,10344250,211860292,,19891000,135833,3283000,29474816,5693440,167247833,host process after-product minus before counters,110250000,12.045600500001456,,,,,,,,182893833,62620542,34.2387389300327,PASS,PASS,700371125,f592c3ae20935d7623d465e8aacf22703c6861876d758117adba705110f2d0fc,446df40465ad55181b95112968f999534c7d6cb1a2f4d22b4014ecdda120b493,c2cb953968812a9e401ea362c4aa6cdeea9e03453fbdcaa651cfb01734914405,f10a0ca84cc544bba7c59dbe1f5bcebd174871e01c34fe5b124e045888e27d65,sha256:8e74a58284a6e8c22ac9cbf60231f69217c3cae31c231ef17b0afd81726b8249,verification/namespace_mutation/namespace-subtree-relocate-delete-500-mixed-v4/verification.json,performance/namespace_mutation/namespace-subtree-relocate-delete-500-mixed-v4/perf.jsonl,directly-comparable,"Identical family, fixture generator, schedule, operation and timer source at v0.1.3 and candidate; runtime recipe/content and timer validation required. Optional endurance unexecuted historically.",9f5a641d223606c45e5e6aa8a20094c12f9139a1
directory_construction_traversal,directory-construct-1-compact-v2,1,1048576,50,compact-low-tier-v2,1,1,pure_call_sum_ns,25454167,PASS,PASS,15000000000,PASS,653827000,439716958,9612875,6998250,,5174208,92917,3575917,9109504,5955584,33540459,host process after-product minus before counters,21827000,2.2043334170011804,,,,,,,,17022374,8431793,49.53359032059806,PASS,PASS,346476167,f592c3ae20935d7623d465e8aacf22703c6861876d758117adba705110f2d0fc,446df40465ad55181b95112968f999534c7d6cb1a2f4d22b4014ecdda120b493,c2cb953968812a9e401ea362c4aa6cdeea9e03453fbdcaa651cfb01734914405,1275fbf23c0f5767fb065f977d5e12452a47eeb8d24cf3be43cd166f8275337b,sha256:8e74a58284a6e8c22ac9cbf60231f69217c3cae31c231ef17b0afd81726b8249,verification/directory_construction_traversal/directory-construct-1-compact-v2/verification.json,performance/directory_construction_traversal/directory-construct-1-compact-v2/perf.jsonl,directly-comparable,"Identical family, fixture generator, schedule, operation and timer source at v0.1.3 and candidate; runtime recipe/content and timer validation required. Optional endurance unexecuted historically.",9f5a641d223606c45e5e6aa8a20094c12f9139a1
directory_construction_traversal,directory-construct-10-compact-v2,10,10485760,500,compact-low-tier-v2,1,1,pure_call_sum_ns,47304707,PASS,PASS,15000000000,PASS,882814375,433527417,9733291,24295000,,9572875,82750,3620791,10387456,7761920,35668667,host process after-product minus before counters,32401000,2.806862750003347,,,,,,,,39346916,7957791,20.224688003501978,PASS,PASS,350628000,f592c3ae20935d7623d465e8aacf22703c6861876d758117adba705110f2d0fc,446df40465ad55181b95112968f999534c7d6cb1a2f4d22b4014ecdda120b493,c2cb953968812a9e401ea362c4aa6cdeea9e03453fbdcaa651cfb01734914405,354a542cf92ab79fe1d671579cfe6e11bd291e1ec65c78b9b2a416a62f4ecd87,sha256:8e74a58284a6e8c22ac9cbf60231f69217c3cae31c231ef17b0afd81726b8249,verification/directory_construction_traversal/directory-construct-10-compact-v2/verification.json,performance/directory_construction_traversal/directory-construct-10-compact-v2/perf.jsonl,directly-comparable,"Identical family, fixture generator, schedule, operation and timer source at v0.1.3 and candidate; runtime recipe/content and timer validation required. Optional endurance unexecuted historically.",9f5a641d223606c45e5e6aa8a20094c12f9139a1
directory_construction_traversal,directory-construct-100-mixed-v4,100,104857600,2000,workspace-mixed-v4,1,1,pure_call_sum_ns,339071500,PASS,PASS,15000000000,PASS,2847687166,759135458,11971584,289401291,,32607959,112500,4978166,17514496,5656576,69051458,host process after-product minus before counters,188037000,4.407854957986274,,,,,,,,216059959,123011541,56.93398331154918,PASS,PASS,422235416,f592c3ae20935d7623d465e8aacf22703c6861876d758117adba705110f2d0fc,446df40465ad55181b95112968f999534c7d6cb1a2f4d22b4014ecdda120b493,c2cb953968812a9e401ea362c4aa6cdeea9e03453fbdcaa651cfb01734914405,34f2df3e381dc7aff48bef2435cf5663a836c31565d40d7710a3a61b9216fa2c,sha256:8e74a58284a6e8c22ac9cbf60231f69217c3cae31c231ef17b0afd81726b8249,verification/directory_construction_traversal/directory-construct-100-mixed-v4/verification.json,performance/directory_construction_traversal/directory-construct-100-mixed-v4/perf.jsonl,directly-comparable,"Identical family, fixture generator, schedule, operation and timer source at v0.1.3 and candidate; runtime recipe/content and timer validation required. Optional endurance unexecuted historically.",9f5a641d223606c45e5e6aa8a20094c12f9139a1
directory_construction_traversal,directory-construct-500-mixed-v4,500,524288000,5000,workspace-mixed-v4,1,1,pure_call_sum_ns,1245070418,PASS,PASS,15000000000,PASS,9841849167,1725444333,7828667,968686834,,262787917,93459,5673541,37371904,12316672,350108667,host process after-product minus before counters,576910000,12.381380874998285,,,,,,,,1030580667,214489751,20.812514523911595,PASS,PASS,769771125,f592c3ae20935d7623d465e8aacf22703c6861876d758117adba705110f2d0fc,446df40465ad55181b95112968f999534c7d6cb1a2f4d22b4014ecdda120b493,c2cb953968812a9e401ea362c4aa6cdeea9e03453fbdcaa651cfb01734914405,60300a12821214dfa1984f496ac8ad92bdec76d9493cd805596082ffb04303d3,sha256:8e74a58284a6e8c22ac9cbf60231f69217c3cae31c231ef17b0afd81726b8249,verification/directory_construction_traversal/directory-construct-500-mixed-v4/verification.json,performance/directory_construction_traversal/directory-construct-500-mixed-v4/perf.jsonl,directly-comparable,"Identical family, fixture generator, schedule, operation and timer source at v0.1.3 and candidate; runtime recipe/content and timer validation required. Optional endurance unexecuted historically.",9f5a641d223606c45e5e6aa8a20094c12f9139a1
directory_construction_traversal,directory-metadata-scan-1-compact-v2,1,1048576,50,compact-low-tier-v2,1,1,pure_call_sum_ns,95406834,PASS,PASS,15000000000,PASS,755881541,499381834,9920500,80681625,,1869625,83584,2851500,8683520,5398528,52222751,host process after-product minus before counters,44814000,2.1718460000120103,,,,,,,,70526833,24880001,35.277354648832734,PASS,PASS,401872041,f592c3ae20935d7623d465e8aacf22703c6861876d758117adba705110f2d0fc,446df40465ad55181b95112968f999534c7d6cb1a2f4d22b4014ecdda120b493,c2cb953968812a9e401ea362c4aa6cdeea9e03453fbdcaa651cfb01734914405,e5d92298e362f71c266993170501dacac7a728136cbfc524fcba34b8bae007c8,sha256:8e74a58284a6e8c22ac9cbf60231f69217c3cae31c231ef17b0afd81726b8249,verification/directory_construction_traversal/directory-metadata-scan-1-compact-v2/verification.json,performance/directory_construction_traversal/directory-metadata-scan-1-compact-v2/perf.jsonl,directly-comparable,"Identical family, fixture generator, schedule, operation and timer source at v0.1.3 and candidate; runtime recipe/content and timer validation required. Optional endurance unexecuted historically.",9f5a641d223606c45e5e6aa8a20094c12f9139a1
directory_construction_traversal,directory-metadata-scan-10-compact-v2,10,10485760,500,compact-low-tier-v2,1,1,pure_call_sum_ns,98781125,PASS,PASS,15000000000,PASS,1006771667,494051833,9366667,83640292,,2295291,76875,3402000,11878400,5738496,55436126,host process after-product minus before counters,45099000,2.8906948329968145,,,,,,,,100738749,-1957624,-1.9432681261507427,PASS,PASS,346320500,f592c3ae20935d7623d465e8aacf22703c6861876d758117adba705110f2d0fc,446df40465ad55181b95112968f999534c7d6cb1a2f4d22b4014ecdda120b493,c2cb953968812a9e401ea362c4aa6cdeea9e03453fbdcaa651cfb01734914405,47c6dd505721626016534c7ab87bb59bba1eda56e384174e3f9935317a40a104,sha256:8e74a58284a6e8c22ac9cbf60231f69217c3cae31c231ef17b0afd81726b8249,verification/directory_construction_traversal/directory-metadata-scan-10-compact-v2/verification.json,performance/directory_construction_traversal/directory-metadata-scan-10-compact-v2/perf.jsonl,directly-comparable,"Identical family, fixture generator, schedule, operation and timer source at v0.1.3 and candidate; runtime recipe/content and timer validation required. Optional endurance unexecuted historically.",9f5a641d223606c45e5e6aa8a20094c12f9139a1
directory_construction_traversal,directory-metadata-scan-100-mixed-v4,100,104857600,2000,workspace-mixed-v4,1,1,pure_call_sum_ns,344608875,PASS,PASS,15000000000,PASS,2750414625,767354167,9740500,325866792,,3584917,74375,5342291,24821760,17043456,166934459,host process after-product minus before counters,131719000,4.262733458002913,,,,,,,,244238709,100370166,41.09510994835794,PASS,PASS,422832375,f592c3ae20935d7623d465e8aacf22703c6861876d758117adba705110f2d0fc,446df40465ad55181b95112968f999534c7d6cb1a2f4d22b4014ecdda120b493,c2cb953968812a9e401ea362c4aa6cdeea9e03453fbdcaa651cfb01734914405,5dd5365a24624628667e4952c2656a958378e785b2386e0ab4895cba0dd33007,sha256:8e74a58284a6e8c22ac9cbf60231f69217c3cae31c231ef17b0afd81726b8249,verification/directory_construction_traversal/directory-metadata-scan-100-mixed-v4/verification.json,performance/directory_construction_traversal/directory-metadata-scan-100-mixed-v4/perf.jsonl,directly-comparable,"Identical family, fixture generator, schedule, operation and timer source at v0.1.3 and candidate; runtime recipe/content and timer validation required. Optional endurance unexecuted historically.",9f5a641d223606c45e5e6aa8a20094c12f9139a1
directory_construction_traversal,directory-metadata-scan-500-mixed-v4,500,524288000,5000,workspace-mixed-v4,1,1,pure_call_sum_ns,676262332,PASS,PASS,15000000000,PASS,10198972250,1084884791,8199791,651623333,,6054041,90750,10294417,50266112,35332096,370187209,host process after-product minus before counters,239350000,11.782383249999839,,,,,,,,504932250,171330082,33.931301080491494,PASS,PASS,689643667,f592c3ae20935d7623d465e8aacf22703c6861876d758117adba705110f2d0fc,446df40465ad55181b95112968f999534c7d6cb1a2f4d22b4014ecdda120b493,c2cb953968812a9e401ea362c4aa6cdeea9e03453fbdcaa651cfb01734914405,5b470201816c70fab10713418b5bb84a0e62efe7b5c10a806e2112552db37ce6,sha256:8e74a58284a6e8c22ac9cbf60231f69217c3cae31c231ef17b0afd81726b8249,verification/directory_construction_traversal/directory-metadata-scan-500-mixed-v4/verification.json,performance/directory_construction_traversal/directory-metadata-scan-500-mixed-v4/perf.jsonl,directly-comparable,"Identical family, fixture generator, schedule, operation and timer source at v0.1.3 and candidate; runtime recipe/content and timer validation required. Optional endurance unexecuted historically.",9f5a641d223606c45e5e6aa8a20094c12f9139a1
directory_construction_traversal,directory-content-scan-1-compact-v2,1,1048576,50,compact-low-tier-v2,1,1,pure_call_sum_ns,108693500,PASS,PASS,15000000000,PASS,618288792,496191292,7946667,96493625,,1940833,76375,2236000,10108928,7831552,52803625,host process after-product minus before counters,49332000,1.812671332998434,,,,,,,,84759585,23933915,28.237414093049182,PASS,PASS,342774500,f592c3ae20935d7623d465e8aacf22703c6861876d758117adba705110f2d0fc,446df40465ad55181b95112968f999534c7d6cb1a2f4d22b4014ecdda120b493,c2cb953968812a9e401ea362c4aa6cdeea9e03453fbdcaa651cfb01734914405,1bce65f6ecbdb66510219bc415b28d7a4947582cc3ca512559e153b89e937ffd,sha256:8e74a58284a6e8c22ac9cbf60231f69217c3cae31c231ef17b0afd81726b8249,verification/directory_construction_traversal/directory-content-scan-1-compact-v2/verification.json,performance/directory_construction_traversal/directory-content-scan-1-compact-v2/perf.jsonl,directly-comparable,"Identical family, fixture generator, schedule, operation and timer source at v0.1.3 and candidate; runtime recipe/content and timer validation required. Optional endurance unexecuted historically.",9f5a641d223606c45e5e6aa8a20094c12f9139a1
directory_construction_traversal,directory-content-scan-10-compact-v2,10,10485760,500,compact-low-tier-v2,1,1,pure_call_sum_ns,394740751,PASS,PASS,15000000000,PASS,541806541,751511250,8088750,379681334,,3288958,79834,3601875,21118976,30515200,132304667,host process after-product minus before counters,147136000,2.687661541000125,,,,,,,,308870416,85870335,27.801411385414134,PASS,PASS,350800959,f592c3ae20935d7623d465e8aacf22703c6861876d758117adba705110f2d0fc,446df40465ad55181b95112968f999534c7d6cb1a2f4d22b4014ecdda120b493,c2cb953968812a9e401ea362c4aa6cdeea9e03453fbdcaa651cfb01734914405,13fed21a52ce89d34c950015b7dd0093001fc1ba85cd725898841525ffe41c97,sha256:8e74a58284a6e8c22ac9cbf60231f69217c3cae31c231ef17b0afd81726b8249,verification/directory_construction_traversal/directory-content-scan-10-compact-v2/verification.json,performance/directory_construction_traversal/directory-content-scan-10-compact-v2/perf.jsonl,directly-comparable,"Identical family, fixture generator, schedule, operation and timer source at v0.1.3 and candidate; runtime recipe/content and timer validation required. Optional endurance unexecuted historically.",9f5a641d223606c45e5e6aa8a20094c12f9139a1
directory_construction_traversal,directory-content-scan-100-mixed-v4,100,104857600,2000,workspace-mixed-v4,1,1,pure_call_sum_ns,1406811707,PASS,PASS,15000000000,PASS,1035134625,1839621375,10316666,1383158042,,7617625,84166,5635208,49283072,183218176,546252375,host process after-product minus before counters,501773000,3.5046589999983553,,,,,,,,1105140625,301671082,27.297076514583836,PASS,PASS,414311209,f592c3ae20935d7623d465e8aacf22703c6861876d758117adba705110f2d0fc,446df40465ad55181b95112968f999534c7d6cb1a2f4d22b4014ecdda120b493,c2cb953968812a9e401ea362c4aa6cdeea9e03453fbdcaa651cfb01734914405,9dc3655a9e6cefdb32c461173d78c5f55d105102fa73223578feadc26e5e2462,sha256:8e74a58284a6e8c22ac9cbf60231f69217c3cae31c231ef17b0afd81726b8249,verification/directory_construction_traversal/directory-content-scan-100-mixed-v4/verification.json,performance/directory_construction_traversal/directory-content-scan-100-mixed-v4/perf.jsonl,directly-comparable,"Identical family, fixture generator, schedule, operation and timer source at v0.1.3 and candidate; runtime recipe/content and timer validation required. Optional endurance unexecuted historically.",9f5a641d223606c45e5e6aa8a20094c12f9139a1
directory_construction_traversal,directory-content-scan-500-mixed-v4,500,524288000,5000,workspace-mixed-v4,1,1,pure_call_sum_ns,5415184667,PASS,PASS,15000000000,PASS,2453655292,5913380250,9698709,5364745958,,22547042,108125,18084833,55967744,623554560,2347432666,host process after-product minus before counters,1831103000,8.787645582997357,,,,,,,,3906595000,1508589667,38.616484867256524,PASS,PASS,712982459,f592c3ae20935d7623d465e8aacf22703c6861876d758117adba705110f2d0fc,446df40465ad55181b95112968f999534c7d6cb1a2f4d22b4014ecdda120b493,c2cb953968812a9e401ea362c4aa6cdeea9e03453fbdcaa651cfb01734914405,1ef06bb35047bac524a03eb8907cffd403e768f57e26c1a338f45aaed01376ac,sha256:8e74a58284a6e8c22ac9cbf60231f69217c3cae31c231ef17b0afd81726b8249,verification/directory_construction_traversal/directory-content-scan-500-mixed-v4/verification.json,performance/directory_construction_traversal/directory-content-scan-500-mixed-v4/perf.jsonl,directly-comparable,"Identical family, fixture generator, schedule, operation and timer source at v0.1.3 and candidate; runtime recipe/content and timer validation required. Optional endurance unexecuted historically.",9f5a641d223606c45e5e6aa8a20094c12f9139a1
workspace_change_locality,workspace-clean-commit-1-compact-v2,1,1048576,50,compact-low-tier-v2,1,1,pure_call_sum_ns,12733583,PASS,PASS,15000000000,PASS,673289958,439538500,8625875,,,1591125,72208,2444375,7782400,5947392,29671125,host process after-product minus before counters,19162000,1.8640412090026075,,,,,,,,11315960,1417623,12.527642374133524,PASS,PASS,347378292,f592c3ae20935d7623d465e8aacf22703c6861876d758117adba705110f2d0fc,446df40465ad55181b95112968f999534c7d6cb1a2f4d22b4014ecdda120b493,c2cb953968812a9e401ea362c4aa6cdeea9e03453fbdcaa651cfb01734914405,b96e1866dbb63922497384c22c24122c4de6048716cffd810214fd72609e65d2,sha256:8e74a58284a6e8c22ac9cbf60231f69217c3cae31c231ef17b0afd81726b8249,verification/workspace_change_locality/workspace-clean-commit-1-compact-v2/verification.json,performance/workspace_change_locality/workspace-clean-commit-1-compact-v2/perf.jsonl,directly-comparable,"Identical family, fixture generator, schedule, operation and timer source at v0.1.3 and candidate; runtime recipe/content and timer validation required. Optional endurance unexecuted historically.",9f5a641d223606c45e5e6aa8a20094c12f9139a1
workspace_change_locality,workspace-clean-commit-10-compact-v2,10,10485760,500,compact-low-tier-v2,1,1,pure_call_sum_ns,12446083,PASS,PASS,15000000000,PASS,606540667,396740791,8125833,,,1863208,73417,2383625,8142848,5656576,30443417,host process after-product minus before counters,18788000,2.3233794169937028,,,,,,,,10872708,1573375,14.470865951702189,PASS,PASS,357755250,f592c3ae20935d7623d465e8aacf22703c6861876d758117adba705110f2d0fc,446df40465ad55181b95112968f999534c7d6cb1a2f4d22b4014ecdda120b493,c2cb953968812a9e401ea362c4aa6cdeea9e03453fbdcaa651cfb01734914405,f5bcea264c8491a2e94ddcf2b2c18013e57acdd7dd66b7303da6ba39f061f7df,sha256:8e74a58284a6e8c22ac9cbf60231f69217c3cae31c231ef17b0afd81726b8249,verification/workspace_change_locality/workspace-clean-commit-10-compact-v2/verification.json,performance/workspace_change_locality/workspace-clean-commit-10-compact-v2/perf.jsonl,directly-comparable,"Identical family, fixture generator, schedule, operation and timer source at v0.1.3 and candidate; runtime recipe/content and timer validation required. Optional endurance unexecuted historically.",9f5a641d223606c45e5e6aa8a20094c12f9139a1
workspace_change_locality,workspace-clean-commit-100-mixed-v4,100,104857600,2000,workspace-mixed-v4,1,1,pure_call_sum_ns,14588749,PASS,PASS,15000000000,PASS,1067564000,452078792,9945041,,,1801625,86458,2755625,10928128,5361664,41369750,host process after-product minus before counters,20333000,2.28293924999889,,,,,,,,11559208,3029541,26.20889770302602,PASS,PASS,419689708,f592c3ae20935d7623d465e8aacf22703c6861876d758117adba705110f2d0fc,446df40465ad55181b95112968f999534c7d6cb1a2f4d22b4014ecdda120b493,c2cb953968812a9e401ea362c4aa6cdeea9e03453fbdcaa651cfb01734914405,6ef8cc72d8fbad7af19e29790f1ee19d347c3a1a59813bf43836cd486311c90d,sha256:8e74a58284a6e8c22ac9cbf60231f69217c3cae31c231ef17b0afd81726b8249,verification/workspace_change_locality/workspace-clean-commit-100-mixed-v4/verification.json,performance/workspace_change_locality/workspace-clean-commit-100-mixed-v4/perf.jsonl,directly-comparable,"Identical family, fixture generator, schedule, operation and timer source at v0.1.3 and candidate; runtime recipe/content and timer validation required. Optional endurance unexecuted historically.",9f5a641d223606c45e5e6aa8a20094c12f9139a1
workspace_change_locality,workspace-clean-commit-500-mixed-v4,500,524288000,5000,workspace-mixed-v4,1,1,pure_call_sum_ns,18544000,PASS,PASS,15000000000,PASS,2421652500,503442209,13340500,,,1972333,88417,3142750,20365312,5390336,93222249,host process after-product minus before counters,19072000,4.038838083986775,,,,,,,,11866166,6677834,56.27625637463693,PASS,PASS,741139500,f592c3ae20935d7623d465e8aacf22703c6861876d758117adba705110f2d0fc,446df40465ad55181b95112968f999534c7d6cb1a2f4d22b4014ecdda120b493,c2cb953968812a9e401ea362c4aa6cdeea9e03453fbdcaa651cfb01734914405,354e1d30e9a6a2975d953e8f0fd281b9a6be2d81a0571b01e2a8af3f4f1b8a4d,sha256:8e74a58284a6e8c22ac9cbf60231f69217c3cae31c231ef17b0afd81726b8249,verification/workspace_change_locality/workspace-clean-commit-500-mixed-v4/verification.json,performance/workspace_change_locality/workspace-clean-commit-500-mixed-v4/perf.jsonl,directly-comparable,"Identical family, fixture generator, schedule, operation and timer source at v0.1.3 and candidate; runtime recipe/content and timer validation required. Optional endurance unexecuted historically.",9f5a641d223606c45e5e6aa8a20094c12f9139a1
workspace_change_locality,workspace-fixed-move-1-compact-v2,1,1048576,50,compact-low-tier-v2,1,1,pure_call_sum_ns,24738083,PASS,PASS,15000000000,PASS,623542667,442959500,9455250,7064375,,4819791,76292,3322375,9551872,5423104,33430917,host process after-product minus before counters,21923000,1.9129476250091102,,,,,,,,19708292,5029791,25.521191790744727,PASS,PASS,357920541,f592c3ae20935d7623d465e8aacf22703c6861876d758117adba705110f2d0fc,446df40465ad55181b95112968f999534c7d6cb1a2f4d22b4014ecdda120b493,c2cb953968812a9e401ea362c4aa6cdeea9e03453fbdcaa651cfb01734914405,bc7db705476dbc2bff15b367fa193fc065a506cfd18272ca4fd2d3b01107289e,sha256:8e74a58284a6e8c22ac9cbf60231f69217c3cae31c231ef17b0afd81726b8249,verification/workspace_change_locality/workspace-fixed-move-1-compact-v2/verification.json,performance/workspace_change_locality/workspace-fixed-move-1-compact-v2/perf.jsonl,directly-comparable,"Identical family, fixture generator, schedule, operation and timer source at v0.1.3 and candidate; runtime recipe/content and timer validation required. Optional endurance unexecuted historically.",9f5a641d223606c45e5e6aa8a20094c12f9139a1
workspace_change_locality,workspace-fixed-move-10-compact-v2,10,10485760,500,compact-low-tier-v2,1,1,pure_call_sum_ns,23145542,PASS,PASS,15000000000,PASS,769238542,450133041,8512333,7260584,,4576750,110833,2685042,10485760,5591040,34351000,host process after-product minus before counters,20345000,2.318935584000428,,,,,,,,21320084,1825458,8.562152006530557,PASS,PASS,404000459,f592c3ae20935d7623d465e8aacf22703c6861876d758117adba705110f2d0fc,446df40465ad55181b95112968f999534c7d6cb1a2f4d22b4014ecdda120b493,c2cb953968812a9e401ea362c4aa6cdeea9e03453fbdcaa651cfb01734914405,692fe8ab2d8b78a7101f0cc0ac43ab1b830ae6b531a7db4ddd03c7c3cd34290c,sha256:8e74a58284a6e8c22ac9cbf60231f69217c3cae31c231ef17b0afd81726b8249,verification/workspace_change_locality/workspace-fixed-move-10-compact-v2/verification.json,performance/workspace_change_locality/workspace-fixed-move-10-compact-v2/perf.jsonl,directly-comparable,"Identical family, fixture generator, schedule, operation and timer source at v0.1.3 and candidate; runtime recipe/content and timer validation required. Optional endurance unexecuted historically.",9f5a641d223606c45e5e6aa8a20094c12f9139a1
workspace_change_locality,workspace-fixed-move-100-mixed-v4,100,104857600,2000,workspace-mixed-v4,1,1,pure_call_sum_ns,35468083,PASS,PASS,15000000000,PASS,1021104083,495458208,8793750,18348125,,5288833,71875,2965500,15761408,5427200,54280708,host process after-product minus before counters,23083000,2.216246042007697,,,,,,,,28352083,7116000,25.098684989035903,PASS,PASS,425991625,f592c3ae20935d7623d465e8aacf22703c6861876d758117adba705110f2d0fc,446df40465ad55181b95112968f999534c7d6cb1a2f4d22b4014ecdda120b493,c2cb953968812a9e401ea362c4aa6cdeea9e03453fbdcaa651cfb01734914405,d8da398ab470994a9b893b3d6ee4303e5abe5949f8df0880725427a6de53cf61,sha256:8e74a58284a6e8c22ac9cbf60231f69217c3cae31c231ef17b0afd81726b8249,verification/workspace_change_locality/workspace-fixed-move-100-mixed-v4/verification.json,performance/workspace_change_locality/workspace-fixed-move-100-mixed-v4/perf.jsonl,directly-comparable,"Identical family, fixture generator, schedule, operation and timer source at v0.1.3 and candidate; runtime recipe/content and timer validation required. Optional endurance unexecuted historically.",9f5a641d223606c45e5e6aa8a20094c12f9139a1
workspace_change_locality,workspace-fixed-move-500-mixed-v4,500,524288000,5000,workspace-mixed-v4,1,1,pure_call_sum_ns,36072125,PASS,PASS,15000000000,PASS,2512026959,497125375,8631250,18538542,,5993000,83750,2825583,26099712,5660672,94617250,host process after-product minus before counters,22120000,4.073624915996334,,,,,,,,27589207,8482918,30.74723387301418,PASS,PASS,842558375,f592c3ae20935d7623d465e8aacf22703c6861876d758117adba705110f2d0fc,446df40465ad55181b95112968f999534c7d6cb1a2f4d22b4014ecdda120b493,c2cb953968812a9e401ea362c4aa6cdeea9e03453fbdcaa651cfb01734914405,c8763e56cb0895c32173ee1e396cc591b438aa39afe12f8dba623cf4758dd692,sha256:8e74a58284a6e8c22ac9cbf60231f69217c3cae31c231ef17b0afd81726b8249,verification/workspace_change_locality/workspace-fixed-move-500-mixed-v4/verification.json,performance/workspace_change_locality/workspace-fixed-move-500-mixed-v4/perf.jsonl,directly-comparable,"Identical family, fixture generator, schedule, operation and timer source at v0.1.3 and candidate; runtime recipe/content and timer validation required. Optional endurance unexecuted historically.",9f5a641d223606c45e5e6aa8a20094c12f9139a1
workspace_change_locality,workspace-distributed-sdk-edit-1-compact-v2,1,1048576,50,compact-low-tier-v2,1,1,pure_call_sum_ns,25370624,PASS,PASS,15000000000,PASS,676254833,442120791,10319417,,4758958,6957250,97958,3237041,10305536,5664768,37036334,host process after-product minus before counters,21012000,1.8759311249887105,,,,,,,,16937333,8433291,49.79113890008539,PASS,PASS,397116375,f592c3ae20935d7623d465e8aacf22703c6861876d758117adba705110f2d0fc,446df40465ad55181b95112968f999534c7d6cb1a2f4d22b4014ecdda120b493,c2cb953968812a9e401ea362c4aa6cdeea9e03453fbdcaa651cfb01734914405,24d3a45de19aba8d58aacab36b7fdd00e1ecfcf4b965e2266821c0e6d035e5fd,sha256:8e74a58284a6e8c22ac9cbf60231f69217c3cae31c231ef17b0afd81726b8249,verification/workspace_change_locality/workspace-distributed-sdk-edit-1-compact-v2/verification.json,performance/workspace_change_locality/workspace-distributed-sdk-edit-1-compact-v2/perf.jsonl,directly-comparable,"Identical family, fixture generator, schedule, operation and timer source at v0.1.3 and candidate; runtime recipe/content and timer validation required. Optional endurance unexecuted historically.",9f5a641d223606c45e5e6aa8a20094c12f9139a1
workspace_change_locality,workspace-distributed-sdk-edit-10-compact-v2,10,10485760,500,compact-low-tier-v2,1,1,pure_call_sum_ns,54443417,PASS,PASS,15000000000,PASS,587631709,486249958,9742458,,32150291,9429834,69834,3051000,13926400,5685248,49472792,host process after-product minus before counters,24266000,2.3366433339979267,,,,,,,,39179873,15263544,38.95761479369777,PASS,PASS,356188167,f592c3ae20935d7623d465e8aacf22703c6861876d758117adba705110f2d0fc,446df40465ad55181b95112968f999534c7d6cb1a2f4d22b4014ecdda120b493,c2cb953968812a9e401ea362c4aa6cdeea9e03453fbdcaa651cfb01734914405,7a5d30789a04ea132861664c897114c70d5f1d404b45fe29442d9eca81c82a2c,sha256:8e74a58284a6e8c22ac9cbf60231f69217c3cae31c231ef17b0afd81726b8249,verification/workspace_change_locality/workspace-distributed-sdk-edit-10-compact-v2/verification.json,performance/workspace_change_locality/workspace-distributed-sdk-edit-10-compact-v2/perf.jsonl,directly-comparable,"Identical family, fixture generator, schedule, operation and timer source at v0.1.3 and candidate; runtime recipe/content and timer validation required. Optional endurance unexecuted historically.",9f5a641d223606c45e5e6aa8a20094c12f9139a1
workspace_change_locality,workspace-distributed-sdk-edit-100-mixed-v4,100,104857600,2000,workspace-mixed-v4,1,1,pure_call_sum_ns,430540914,PASS,PASS,15000000000,PASS,958215167,866781500,8350667,,386896830,32120709,139583,3033125,33210368,13619200,236277750,host process after-product minus before counters,70824000,2.614487792001455,,,,,,,,336399086,94141828,27.985161648150257,PASS,PASS,416510333,f592c3ae20935d7623d465e8aacf22703c6861876d758117adba705110f2d0fc,446df40465ad55181b95112968f999534c7d6cb1a2f4d22b4014ecdda120b493,c2cb953968812a9e401ea362c4aa6cdeea9e03453fbdcaa651cfb01734914405,c4d5bdc0fcdf11cc403d5114cce5a48c7be3fe17169c040d195efcc3eb335d0c,sha256:8e74a58284a6e8c22ac9cbf60231f69217c3cae31c231ef17b0afd81726b8249,verification/workspace_change_locality/workspace-distributed-sdk-edit-100-mixed-v4/verification.json,performance/workspace_change_locality/workspace-distributed-sdk-edit-100-mixed-v4/perf.jsonl,directly-comparable,"Identical family, fixture generator, schedule, operation and timer source at v0.1.3 and candidate; runtime recipe/content and timer validation required. Optional endurance unexecuted historically.",9f5a641d223606c45e5e6aa8a20094c12f9139a1
workspace_change_locality,workspace-distributed-sdk-edit-500-mixed-v4,500,524288000,5000,workspace-mixed-v4,1,1,pure_call_sum_ns,3473777663,PASS,PASS,15000000000,PASS,2624375792,3978625750,9788500,,3349116914,111815833,90625,2965791,67207168,31596544,1363170125,host process after-product minus before counters,613695000,7.340896000008797,,,,,,,,2849182039,624595624,21.92192760765891,PASS,PASS,697197625,f592c3ae20935d7623d465e8aacf22703c6861876d758117adba705110f2d0fc,446df40465ad55181b95112968f999534c7d6cb1a2f4d22b4014ecdda120b493,c2cb953968812a9e401ea362c4aa6cdeea9e03453fbdcaa651cfb01734914405,11929a1cb53b8e4ac653c92f074f6fe747e474dbf7440b36ca6e2a33d6e49e4d,sha256:8e74a58284a6e8c22ac9cbf60231f69217c3cae31c231ef17b0afd81726b8249,verification/workspace_change_locality/workspace-distributed-sdk-edit-500-mixed-v4/verification.json,performance/workspace_change_locality/workspace-distributed-sdk-edit-500-mixed-v4/perf.jsonl,directly-comparable,"Identical family, fixture generator, schedule, operation and timer source at v0.1.3 and candidate; runtime recipe/content and timer validation required. Optional endurance unexecuted historically.",9f5a641d223606c45e5e6aa8a20094c12f9139a1
workspace_change_locality,workspace-dense-rewrite-1-compact-v2,1,1048576,50,compact-low-tier-v2,1,1,pure_call_sum_ns,144800667,PASS,PASS,15000000000,PASS,621807583,601541542,11551458,100924500,,29069500,78125,3177084,18153472,8675328,81090749,host process after-product minus before counters,54893000,1.95272699999623,,,,,,,,84118125,60682542,72.1396750105878,PASS,PASS,404662959,f592c3ae20935d7623d465e8aacf22703c6861876d758117adba705110f2d0fc,446df40465ad55181b95112968f999534c7d6cb1a2f4d22b4014ecdda120b493,c2cb953968812a9e401ea362c4aa6cdeea9e03453fbdcaa651cfb01734914405,bd0abf16f18fbc354adb84cfed8a7eec67cea55524d9c68df55f4f9f9e54f30a,sha256:8e74a58284a6e8c22ac9cbf60231f69217c3cae31c231ef17b0afd81726b8249,verification/workspace_change_locality/workspace-dense-rewrite-1-compact-v2/verification.json,performance/workspace_change_locality/workspace-dense-rewrite-1-compact-v2/perf.jsonl,directly-comparable,"Identical family, fixture generator, schedule, operation and timer source at v0.1.3 and candidate; runtime recipe/content and timer validation required. Optional endurance unexecuted historically.",9f5a641d223606c45e5e6aa8a20094c12f9139a1
workspace_change_locality,workspace-dense-rewrite-10-compact-v2,10,10485760,500,compact-low-tier-v2,1,1,pure_call_sum_ns,449219043,PASS,PASS,15000000000,PASS,548480583,863989375,9597125,275048417,,159861250,88167,4624084,45465600,22175744,286276000,host process after-product minus before counters,152603000,2.787893749991781,,,,,,,,316616500,132602543,41.88112211460868,PASS,PASS,360737625,f592c3ae20935d7623d465e8aacf22703c6861876d758117adba705110f2d0fc,446df40465ad55181b95112968f999534c7d6cb1a2f4d22b4014ecdda120b493,c2cb953968812a9e401ea362c4aa6cdeea9e03453fbdcaa651cfb01734914405,bf5ff0c9860f92f38a8db988c093b4b0c2bffd150ca56a26f11022b91a56db80,sha256:8e74a58284a6e8c22ac9cbf60231f69217c3cae31c231ef17b0afd81726b8249,verification/workspace_change_locality/workspace-dense-rewrite-10-compact-v2/verification.json,performance/workspace_change_locality/workspace-dense-rewrite-10-compact-v2/perf.jsonl,directly-comparable,"Identical family, fixture generator, schedule, operation and timer source at v0.1.3 and candidate; runtime recipe/content and timer validation required. Optional endurance unexecuted historically.",9f5a641d223606c45e5e6aa8a20094c12f9139a1
workspace_change_locality,workspace-dense-rewrite-100-mixed-v4,100,104857600,2000,workspace-mixed-v4,1,1,pure_call_sum_ns,2260317667,PASS,PASS,15000000000,PASS,1033023500,2733226333,8903167,1152372083,,1083433125,127625,15481667,72728576,130453504,1552525917,host process after-product minus before counters,552954000,4.341490666003665,,,,,,,,1497618208,762699459,50.92749640234075,PASS,PASS,413632292,f592c3ae20935d7623d465e8aacf22703c6861876d758117adba705110f2d0fc,446df40465ad55181b95112968f999534c7d6cb1a2f4d22b4014ecdda120b493,c2cb953968812a9e401ea362c4aa6cdeea9e03453fbdcaa651cfb01734914405,f8dac9a48bad523d28bccc934901084a3ea9be97b67e649621e15ecce1adea49,sha256:8e74a58284a6e8c22ac9cbf60231f69217c3cae31c231ef17b0afd81726b8249,verification/workspace_change_locality/workspace-dense-rewrite-100-mixed-v4/verification.json,performance/workspace_change_locality/workspace-dense-rewrite-100-mixed-v4/perf.jsonl,directly-comparable,"Identical family, fixture generator, schedule, operation and timer source at v0.1.3 and candidate; runtime recipe/content and timer validation required. Optional endurance unexecuted historically.",9f5a641d223606c45e5e6aa8a20094c12f9139a1
workspace_change_locality,workspace-dense-rewrite-500-mixed-v4,500,524288000,5000,workspace-mixed-v4,1,1,pure_call_sum_ns,7665527084,PASS,PASS,15000000000,PASS,2460261042,8322417792,9399750,3820292875,,3804453709,147625,31233125,83902464,572624896,5345351250,host process after-product minus before counters,1813706000,11.095477333990857,,,,,,,,5688591958,1976935126,34.75262667099527,PASS,PASS,830904292,f592c3ae20935d7623d465e8aacf22703c6861876d758117adba705110f2d0fc,446df40465ad55181b95112968f999534c7d6cb1a2f4d22b4014ecdda120b493,c2cb953968812a9e401ea362c4aa6cdeea9e03453fbdcaa651cfb01734914405,148c034fba54114b0a8a467b02281ee195a3a10c0088cb2780cdf495a43bb07c,sha256:8e74a58284a6e8c22ac9cbf60231f69217c3cae31c231ef17b0afd81726b8249,verification/workspace_change_locality/workspace-dense-rewrite-500-mixed-v4/verification.json,performance/workspace_change_locality/workspace-dense-rewrite-500-mixed-v4/perf.jsonl,directly-comparable,"Identical family, fixture generator, schedule, operation and timer source at v0.1.3 and candidate; runtime recipe/content and timer validation required. Optional endurance unexecuted historically.",9f5a641d223606c45e5e6aa8a20094c12f9139a1
dedup_branch_history,dedup-history-distributed-1,1,1048576,200,registered-fixture,1,1,pure_call_sum_ns,31439417,PASS,PASS,15000000000,PASS,870618958,445494833,10216666,,12242834,5758000,79625,3142292,12353536,5931008,42421167,host process after-product minus before counters,21326000,2.3104635420022532,,,,,,,,22163084,9276333,41.854883553209476,PASS,PASS,399167416,f592c3ae20935d7623d465e8aacf22703c6861876d758117adba705110f2d0fc,446df40465ad55181b95112968f999534c7d6cb1a2f4d22b4014ecdda120b493,c2cb953968812a9e401ea362c4aa6cdeea9e03453fbdcaa651cfb01734914405,c9ff6f6988d6100bc3b36e4b2655c0e48d926cfc31153bd411d0e5279d7768b0,sha256:8e74a58284a6e8c22ac9cbf60231f69217c3cae31c231ef17b0afd81726b8249,verification/dedup_branch_history/dedup-history-distributed-1/verification.json,performance/dedup_branch_history/dedup-history-distributed-1/perf.jsonl,directly-comparable,"Identical family, fixture generator, schedule, operation and timer source at v0.1.3 and candidate; runtime recipe/content and timer validation required. Optional endurance unexecuted historically.",9f5a641d223606c45e5e6aa8a20094c12f9139a1
dedup_branch_history,dedup-history-distributed-10,10,1048576,200,registered-fixture,1,1,pure_call_sum_ns,90197418,PASS,PASS,15000000000,PASS,673791917,542731750,8613625,,37222418,41474125,66834,2820416,13320192,5660672,79715875,host process after-product minus before counters,28636000,4.895279999997001,,,,,,,,82265877,7931541,9.64134983937508,PASS,PASS,345288375,f592c3ae20935d7623d465e8aacf22703c6861876d758117adba705110f2d0fc,446df40465ad55181b95112968f999534c7d6cb1a2f4d22b4014ecdda120b493,c2cb953968812a9e401ea362c4aa6cdeea9e03453fbdcaa651cfb01734914405,b555fda52ad5b572b47dac0c164012452b2ca9e22c5f962df0773a5a58be4d9d,sha256:8e74a58284a6e8c22ac9cbf60231f69217c3cae31c231ef17b0afd81726b8249,verification/dedup_branch_history/dedup-history-distributed-10/verification.json,performance/dedup_branch_history/dedup-history-distributed-10/perf.jsonl,directly-comparable,"Identical family, fixture generator, schedule, operation and timer source at v0.1.3 and candidate; runtime recipe/content and timer validation required. Optional endurance unexecuted historically.",9f5a641d223606c45e5e6aa8a20094c12f9139a1
dedup_branch_history,dedup-history-distributed-100,100,1048576,200,registered-fixture,1,1,pure_call_sum_ns,694219077,PASS,PASS,15000000000,PASS,551978792,1285399500,8567292,,280260873,401995037,68667,3327208,17711104,11378688,451819625,host process after-product minus before counters,122250000,4.674999208000372,,,,,,,,586404579,107814498,18.385684877129854,PASS,PASS,349585542,f592c3ae20935d7623d465e8aacf22703c6861876d758117adba705110f2d0fc,446df40465ad55181b95112968f999534c7d6cb1a2f4d22b4014ecdda120b493,c2cb953968812a9e401ea362c4aa6cdeea9e03453fbdcaa651cfb01734914405,24f1ea97221cf48b121e61a0df362aed9b0fd5ccf27e7d59777c923445758571,sha256:8e74a58284a6e8c22ac9cbf60231f69217c3cae31c231ef17b0afd81726b8249,verification/dedup_branch_history/dedup-history-distributed-100/verification.json,performance/dedup_branch_history/dedup-history-distributed-100/perf.jsonl,directly-comparable,"Identical family, fixture generator, schedule, operation and timer source at v0.1.3 and candidate; runtime recipe/content and timer validation required. Optional endurance unexecuted historically.",9f5a641d223606c45e5e6aa8a20094c12f9139a1
dedup_branch_history,dedup-history-distributed-500,500,1048576,200,registered-fixture,1,1,pure_call_sum_ns,3175247074,PASS,PASS,15000000000,PASS,627565334,4593501833,9249666,,1330916907,1832302501,71125,2706875,28049408,44244992,2105726375,host process after-product minus before counters,498476000,9.918297666008584,,,,,,,,2925218405,250028669,8.547350466981626,PASS,PASS,346336042,f592c3ae20935d7623d465e8aacf22703c6861876d758117adba705110f2d0fc,446df40465ad55181b95112968f999534c7d6cb1a2f4d22b4014ecdda120b493,c2cb953968812a9e401ea362c4aa6cdeea9e03453fbdcaa651cfb01734914405,bc77444397a2f0acc80b3feedf87aa6f047bb73a56cf0cd373e9ea176aca11f6,sha256:8e74a58284a6e8c22ac9cbf60231f69217c3cae31c231ef17b0afd81726b8249,verification/dedup_branch_history/dedup-history-distributed-500/verification.json,performance/dedup_branch_history/dedup-history-distributed-500/perf.jsonl,directly-comparable,"Identical family, fixture generator, schedule, operation and timer source at v0.1.3 and candidate; runtime recipe/content and timer validation required. Optional endurance unexecuted historically.",9f5a641d223606c45e5e6aa8a20094c12f9139a1
dedup_branch_history,dedup-history-hotset-1,1,1048576,200,registered-fixture,1,1,pure_call_sum_ns,29027751,PASS,PASS,15000000000,PASS,503912959,439444541,10136750,,10594125,5771667,74375,2450834,12353536,5394432,37789333,host process after-product minus before counters,20247000,2.121109667001292,,,,,,,,23580083,5447668,23.102836406470665,PASS,PASS,340609209,f592c3ae20935d7623d465e8aacf22703c6861876d758117adba705110f2d0fc,446df40465ad55181b95112968f999534c7d6cb1a2f4d22b4014ecdda120b493,c2cb953968812a9e401ea362c4aa6cdeea9e03453fbdcaa651cfb01734914405,092f21ea05ae914a2df42e97fd790407cc333671b476fb59bf4d174d4a463cd4,sha256:8e74a58284a6e8c22ac9cbf60231f69217c3cae31c231ef17b0afd81726b8249,verification/dedup_branch_history/dedup-history-hotset-1/verification.json,performance/dedup_branch_history/dedup-history-hotset-1/perf.jsonl,directly-comparable,"Identical family, fixture generator, schedule, operation and timer source at v0.1.3 and candidate; runtime recipe/content and timer validation required. Optional endurance unexecuted historically.",9f5a641d223606c45e5e6aa8a20094c12f9139a1
dedup_branch_history,dedup-history-hotset-10,10,1048576,200,registered-fixture,1,1,pure_call_sum_ns,140843707,PASS,PASS,15000000000,PASS,554675709,548805083,8712167,,84522581,44986293,64541,2558125,13680640,5685248,96007292,host process after-product minus before counters,34072000,4.758220750009059,,,,,,,,118461251,22382456,18.89432688837635,PASS,PASS,341994042,f592c3ae20935d7623d465e8aacf22703c6861876d758117adba705110f2d0fc,446df40465ad55181b95112968f999534c7d6cb1a2f4d22b4014ecdda120b493,c2cb953968812a9e401ea362c4aa6cdeea9e03453fbdcaa651cfb01734914405,0d89817c8c4b28008ea0ad38055d2345489664d8ee37fc1f0f20b8d381d84a44,sha256:8e74a58284a6e8c22ac9cbf60231f69217c3cae31c231ef17b0afd81726b8249,verification/dedup_branch_history/dedup-history-hotset-10/verification.json,performance/dedup_branch_history/dedup-history-hotset-10/perf.jsonl,directly-comparable,"Identical family, fixture generator, schedule, operation and timer source at v0.1.3 and candidate; runtime recipe/content and timer validation required. Optional endurance unexecuted historically.",9f5a641d223606c45e5e6aa8a20094c12f9139a1
dedup_branch_history,dedup-history-hotset-100,100,1048576,200,registered-fixture,1,1,pure_call_sum_ns,1163198164,PASS,PASS,15000000000,PASS,664508917,1784893458,10313000,,721405582,429124165,70084,2285333,17743872,13307904,589758626,host process after-product minus before counters,193997000,4.867449708006461,,,,,,,,799500410,363697754,45.490627578289796,PASS,PASS,349802333,f592c3ae20935d7623d465e8aacf22703c6861876d758117adba705110f2d0fc,446df40465ad55181b95112968f999534c7d6cb1a2f4d22b4014ecdda120b493,c2cb953968812a9e401ea362c4aa6cdeea9e03453fbdcaa651cfb01734914405,2f0fdf7367ab03a708850ec98776c973ce49638833449f0e273cb5e062c8a9c4,sha256:8e74a58284a6e8c22ac9cbf60231f69217c3cae31c231ef17b0afd81726b8249,verification/dedup_branch_history/dedup-history-hotset-100/verification.json,performance/dedup_branch_history/dedup-history-hotset-100/perf.jsonl,directly-comparable,"Identical family, fixture generator, schedule, operation and timer source at v0.1.3 and candidate; runtime recipe/content and timer validation required. Optional endurance unexecuted historically.",9f5a641d223606c45e5e6aa8a20094c12f9139a1
dedup_branch_history,dedup-history-hotset-500,500,1048576,200,registered-fixture,1,1,pure_call_sum_ns,4143199056,PASS,PASS,15000000000,PASS,560766084,5383480542,9537458,,2478239053,1651523253,258500,3640792,26476544,46039040,2526971459,host process after-product minus before counters,674458000,9.105573875000118,,,,,,,,3683754881,459444175,12.472170104740472,PASS,PASS,391978291,f592c3ae20935d7623d465e8aacf22703c6861876d758117adba705110f2d0fc,446df40465ad55181b95112968f999534c7d6cb1a2f4d22b4014ecdda120b493,c2cb953968812a9e401ea362c4aa6cdeea9e03453fbdcaa651cfb01734914405,aaadcd65557bee872c61c03bafb1e8c4272fdeca4973dccd4da886d4148fffaa,sha256:8e74a58284a6e8c22ac9cbf60231f69217c3cae31c231ef17b0afd81726b8249,verification/dedup_branch_history/dedup-history-hotset-500/verification.json,performance/dedup_branch_history/dedup-history-hotset-500/perf.jsonl,directly-comparable,"Identical family, fixture generator, schedule, operation and timer source at v0.1.3 and candidate; runtime recipe/content and timer validation required. Optional endurance unexecuted historically.",9f5a641d223606c45e5e6aa8a20094c12f9139a1
dedup_branch_history,dedup-history-recurring-1,1,1048576,200,registered-fixture,1,1,pure_call_sum_ns,35135625,PASS,PASS,15000000000,PASS,665100041,442549208,12110875,,12533000,7667667,74541,2749542,13467648,5185536,42987500,host process after-product minus before counters,21839000,2.3268663750059204,,,,,,,,21456208,13679417,63.75505401513632,PASS,PASS,396396541,f592c3ae20935d7623d465e8aacf22703c6861876d758117adba705110f2d0fc,446df40465ad55181b95112968f999534c7d6cb1a2f4d22b4014ecdda120b493,c2cb953968812a9e401ea362c4aa6cdeea9e03453fbdcaa651cfb01734914405,eab0715b45a36961da7d4fc193c1654bb5ee8474c900427783210877cafeb887,sha256:8e74a58284a6e8c22ac9cbf60231f69217c3cae31c231ef17b0afd81726b8249,verification/dedup_branch_history/dedup-history-recurring-1/verification.json,performance/dedup_branch_history/dedup-history-recurring-1/perf.jsonl,directly-comparable,"Identical family, fixture generator, schedule, operation and timer source at v0.1.3 and candidate; runtime recipe/content and timer validation required. Optional endurance unexecuted historically.",9f5a641d223606c45e5e6aa8a20094c12f9139a1
dedup_branch_history,dedup-history-recurring-10,10,1048576,200,registered-fixture,1,1,pure_call_sum_ns,91313624,PASS,PASS,15000000000,PASS,556546375,494790959,8182917,,32318667,47474791,118208,3219041,13795328,5931008,78977292,host process after-product minus before counters,29339000,4.753103875002125,,,,,,,,62918081,28395543,45.13097435377916,PASS,PASS,345307792,f592c3ae20935d7623d465e8aacf22703c6861876d758117adba705110f2d0fc,446df40465ad55181b95112968f999534c7d6cb1a2f4d22b4014ecdda120b493,c2cb953968812a9e401ea362c4aa6cdeea9e03453fbdcaa651cfb01734914405,afc533fde31d4c65852dbd3c6071612bbc8a85cd4617f1b55ea882e08c8af8d1,sha256:8e74a58284a6e8c22ac9cbf60231f69217c3cae31c231ef17b0afd81726b8249,verification/dedup_branch_history/dedup-history-recurring-10/verification.json,performance/dedup_branch_history/dedup-history-recurring-10/perf.jsonl,directly-comparable,"Identical family, fixture generator, schedule, operation and timer source at v0.1.3 and candidate; runtime recipe/content and timer validation required. Optional endurance unexecuted historically.",9f5a641d223606c45e5e6aa8a20094c12f9139a1
dedup_branch_history,dedup-history-recurring-100,100,1048576,200,registered-fixture,1,1,pure_call_sum_ns,734400949,PASS,PASS,15000000000,PASS,728024375,1335614208,10074917,,239791617,481866957,81458,2586000,16072704,7458816,471204417,host process after-product minus before counters,125612000,4.078387000001385,,,,,,,,462840955,271559994,58.67242106956589,PASS,PASS,350349459,f592c3ae20935d7623d465e8aacf22703c6861876d758117adba705110f2d0fc,446df40465ad55181b95112968f999534c7d6cb1a2f4d22b4014ecdda120b493,c2cb953968812a9e401ea362c4aa6cdeea9e03453fbdcaa651cfb01734914405,bef1d6b53b5020dc6a147cec074c6fa5e302abafd382f636a8a048f7023afe84,sha256:8e74a58284a6e8c22ac9cbf60231f69217c3cae31c231ef17b0afd81726b8249,verification/dedup_branch_history/dedup-history-recurring-100/verification.json,performance/dedup_branch_history/dedup-history-recurring-100/perf.jsonl,directly-comparable,"Identical family, fixture generator, schedule, operation and timer source at v0.1.3 and candidate; runtime recipe/content and timer validation required. Optional endurance unexecuted historically.",9f5a641d223606c45e5e6aa8a20094c12f9139a1
dedup_branch_history,dedup-history-recurring-500,500,1048576,200,registered-fixture,1,1,pure_call_sum_ns,3045772393,PASS,PASS,15000000000,PASS,676618916,4364919375,10048292,,1019229263,2013385422,68250,3041166,19496960,5419008,1992581667,host process after-product minus before counters,446924000,7.8799811249919,,,,,,,,2145416191,900356202,41.966505416384265,PASS,PASS,399436667,f592c3ae20935d7623d465e8aacf22703c6861876d758117adba705110f2d0fc,446df40465ad55181b95112968f999534c7d6cb1a2f4d22b4014ecdda120b493,c2cb953968812a9e401ea362c4aa6cdeea9e03453fbdcaa651cfb01734914405,8b25d9bb0d6c39e704ff19dfaa82fbe7944aad169fb4b1f98abf8531303c2c82,sha256:8e74a58284a6e8c22ac9cbf60231f69217c3cae31c231ef17b0afd81726b8249,verification/dedup_branch_history/dedup-history-recurring-500/verification.json,performance/dedup_branch_history/dedup-history-recurring-500/perf.jsonl,directly-comparable,"Identical family, fixture generator, schedule, operation and timer source at v0.1.3 and candidate; runtime recipe/content and timer validation required. Optional endurance unexecuted historically.",9f5a641d223606c45e5e6aa8a20094c12f9139a1
dedup_branch_history,dedup-history-metadata-1,1,1048576,200,registered-fixture,1,1,pure_call_sum_ns,28194584,PASS,PASS,15000000000,PASS,612928708,443955459,10398250,10167708,,4699834,81917,2846875,9895936,5652480,38359042,host process after-product minus before counters,22807000,2.151772625002195,,,,,,,,20652541,7542043,36.51871699467877,PASS,PASS,357502125,f592c3ae20935d7623d465e8aacf22703c6861876d758117adba705110f2d0fc,446df40465ad55181b95112968f999534c7d6cb1a2f4d22b4014ecdda120b493,c2cb953968812a9e401ea362c4aa6cdeea9e03453fbdcaa651cfb01734914405,d9722816c13dc5844716b9d23ccaf6037932217c17afb773fc4a96111044716a,sha256:8e74a58284a6e8c22ac9cbf60231f69217c3cae31c231ef17b0afd81726b8249,verification/dedup_branch_history/dedup-history-metadata-1/verification.json,performance/dedup_branch_history/dedup-history-metadata-1/perf.jsonl,directly-comparable,"Identical family, fixture generator, schedule, operation and timer source at v0.1.3 and candidate; runtime recipe/content and timer validation required. Optional endurance unexecuted historically.",9f5a641d223606c45e5e6aa8a20094c12f9139a1
dedup_branch_history,dedup-history-metadata-10,10,1048576,200,registered-fixture,1,1,pure_call_sum_ns,94298669,PASS,PASS,15000000000,PASS,512255625,477504958,9815500,48366419,,33202875,66916,2846959,10371072,5660672,64666833,host process after-product minus before counters,48174000,4.670538125006715,,,,,,,,76473917,17824752,23.30827646764844,PASS,PASS,351829708,f592c3ae20935d7623d465e8aacf22703c6861876d758117adba705110f2d0fc,446df40465ad55181b95112968f999534c7d6cb1a2f4d22b4014ecdda120b493,c2cb953968812a9e401ea362c4aa6cdeea9e03453fbdcaa651cfb01734914405,0fd04c2a392cf287e26afbdec70e3524d4b52a8bf194b9c02a907f50d4a9d38a,sha256:8e74a58284a6e8c22ac9cbf60231f69217c3cae31c231ef17b0afd81726b8249,verification/dedup_branch_history/dedup-history-metadata-10/verification.json,performance/dedup_branch_history/dedup-history-metadata-10/perf.jsonl,directly-comparable,"Identical family, fixture generator, schedule, operation and timer source at v0.1.3 and candidate; runtime recipe/content and timer validation required. Optional endurance unexecuted historically.",9f5a641d223606c45e5e6aa8a20094c12f9139a1
dedup_branch_history,dedup-history-metadata-100,100,1048576,200,registered-fixture,1,1,pure_call_sum_ns,787525582,PASS,PASS,15000000000,PASS,619963041,1321562708,10376250,459482248,,314837793,67500,2761791,12959744,5402624,361385541,host process after-product minus before counters,328198000,4.432802542010904,,,,,,,,649605248,137920334,21.231406985184947,PASS,PASS,352690084,f592c3ae20935d7623d465e8aacf22703c6861876d758117adba705110f2d0fc,446df40465ad55181b95112968f999534c7d6cb1a2f4d22b4014ecdda120b493,c2cb953968812a9e401ea362c4aa6cdeea9e03453fbdcaa651cfb01734914405,c80147ad446926c40ccfb06a011ad804582e1a8777ca7f8967841a25caf377ff,sha256:8e74a58284a6e8c22ac9cbf60231f69217c3cae31c231ef17b0afd81726b8249,verification/dedup_branch_history/dedup-history-metadata-100/verification.json,performance/dedup_branch_history/dedup-history-metadata-100/perf.jsonl,directly-comparable,"Identical family, fixture generator, schedule, operation and timer source at v0.1.3 and candidate; runtime recipe/content and timer validation required. Optional endurance unexecuted historically.",9f5a641d223606c45e5e6aa8a20094c12f9139a1
dedup_branch_history,dedup-history-metadata-500,500,1048576,200,registered-fixture,1,1,pure_call_sum_ns,4041859457,PASS,PASS,15000000000,PASS,491079958,5120079750,12897667,2367563329,,1658594586,108875,2695000,15745024,5218304,1819841542,host process after-product minus before counters,1591369000,8.003812166003627,,,,,,,,3231966647,809892810,25.058823263283507,PASS,PASS,414130583,f592c3ae20935d7623d465e8aacf22703c6861876d758117adba705110f2d0fc,446df40465ad55181b95112968f999534c7d6cb1a2f4d22b4014ecdda120b493,c2cb953968812a9e401ea362c4aa6cdeea9e03453fbdcaa651cfb01734914405,3d0280fe06fb25d6ac490aa8c88e50c185802e635f123b7f3b57302289d1bafc,sha256:8e74a58284a6e8c22ac9cbf60231f69217c3cae31c231ef17b0afd81726b8249,verification/dedup_branch_history/dedup-history-metadata-500/verification.json,performance/dedup_branch_history/dedup-history-metadata-500/perf.jsonl,directly-comparable,"Identical family, fixture generator, schedule, operation and timer source at v0.1.3 and candidate; runtime recipe/content and timer validation required. Optional endurance unexecuted historically.",9f5a641d223606c45e5e6aa8a20094c12f9139a1
dedup_branch_history,dedup-history-unrelated-1,1,1048576,200,registered-fixture,1,1,pure_call_sum_ns,1171338333,PASS,PASS,15000000000,PASS,667408208,1541976750,8767583,1114515625,,45132666,71000,2851459,18759680,8155136,418557541,host process after-product minus before counters,240427000,3.1005180409993045,,,,,,,,880163541,291174792,33.08189653813438,PASS,PASS,355568292,f592c3ae20935d7623d465e8aacf22703c6861876d758117adba705110f2d0fc,446df40465ad55181b95112968f999534c7d6cb1a2f4d22b4014ecdda120b493,c2cb953968812a9e401ea362c4aa6cdeea9e03453fbdcaa651cfb01734914405,cd37031f4888f7eeb328bc0ff75d0a62f88d67afc75b5a9a1744d024b317938e,sha256:8e74a58284a6e8c22ac9cbf60231f69217c3cae31c231ef17b0afd81726b8249,verification/dedup_branch_history/dedup-history-unrelated-1/verification.json,performance/dedup_branch_history/dedup-history-unrelated-1/perf.jsonl,directly-comparable,"Identical family, fixture generator, schedule, operation and timer source at v0.1.3 and candidate; runtime recipe/content and timer validation required. Optional endurance unexecuted historically.",9f5a641d223606c45e5e6aa8a20094c12f9139a1
dedup_branch_history,dedup-history-unrelated-10,10,1048576,200,registered-fixture,1,1,pure_call_sum_ns,12093765959,PASS,PASS,15000000000,PASS,738261416,12544355666,11423750,11556699293,,521013290,96417,4533209,34865152,17379328,4038512916,host process after-product minus before counters,2437631000,13.448633166990476,,,,,,,,9543474916,2550291043,26.722876786990238,PASS,PASS,401405875,f592c3ae20935d7623d465e8aacf22703c6861876d758117adba705110f2d0fc,446df40465ad55181b95112968f999534c7d6cb1a2f4d22b4014ecdda120b493,c2cb953968812a9e401ea362c4aa6cdeea9e03453fbdcaa651cfb01734914405,c6c7c33e2a40181566e47db3d22604f3409220cdd1fcc06fcfc791d006e8d6fa,sha256:8e74a58284a6e8c22ac9cbf60231f69217c3cae31c231ef17b0afd81726b8249,verification/dedup_branch_history/dedup-history-unrelated-10/verification.json,performance/dedup_branch_history/dedup-history-unrelated-10/perf.jsonl,directly-comparable,"Identical family, fixture generator, schedule, operation and timer source at v0.1.3 and candidate; runtime recipe/content and timer validation required. Optional endurance unexecuted historically.",9f5a641d223606c45e5e6aa8a20094c12f9139a1
dedup_branch_history,dedup-history-unrelated-100-mixed-v2,100,1048576,10,history-unrelated-mixed-v2,1,1,pure_call_sum_ns,5125323582,PASS,PASS,15000000000,PASS,609425541,5751372500,9112791,3283278163,,1829277170,87125,3568333,59801600,8769536,2498240625,host process after-product minus before counters,963167000,6.536404583006515,,,,,,,,3549609120,1575714462,44.39121065814706,PASS,PASS,406047250,f592c3ae20935d7623d465e8aacf22703c6861876d758117adba705110f2d0fc,446df40465ad55181b95112968f999534c7d6cb1a2f4d22b4014ecdda120b493,c2cb953968812a9e401ea362c4aa6cdeea9e03453fbdcaa651cfb01734914405,2463b03cfbae37c0615daa7ef2bf531a547e634fc5c36a87b193e14fa19bdefb,sha256:8e74a58284a6e8c22ac9cbf60231f69217c3cae31c231ef17b0afd81726b8249,verification/dedup_branch_history/dedup-history-unrelated-100-mixed-v2/verification.json,performance/dedup_branch_history/dedup-history-unrelated-100-mixed-v2/perf.jsonl,directly-comparable,"Identical family, fixture generator, schedule, operation and timer source at v0.1.3 and candidate; runtime recipe/content and timer validation required. Optional endurance unexecuted historically.",9f5a641d223606c45e5e6aa8a20094c12f9139a1
dedup_branch_history,dedup-history-unrelated-500-mixed-v2,500,1048576,10,history-unrelated-mixed-v2,1,1,pure_call_sum_ns,25637566161,PASS,PASS,15000000000,TARGET_MISS,661686875,26945600500,10566917,16197321212,,9425460782,70125,4147125,69648384,11087872,12641764876,host process after-product minus before counters,4716100000,26.312125584008754,,,,,,,,18163888871,7473677290,41.14579946551139,PASS,PASS,425690875,f592c3ae20935d7623d465e8aacf22703c6861876d758117adba705110f2d0fc,446df40465ad55181b95112968f999534c7d6cb1a2f4d22b4014ecdda120b493,c2cb953968812a9e401ea362c4aa6cdeea9e03453fbdcaa651cfb01734914405,295720247b57e52f47a64293046e566b09971ddbd22574c87e38b56297df1731,sha256:8e74a58284a6e8c22ac9cbf60231f69217c3cae31c231ef17b0afd81726b8249,verification/dedup_branch_history/dedup-history-unrelated-500-mixed-v2/verification.json,performance/dedup_branch_history/dedup-history-unrelated-500-mixed-v2/perf.jsonl,directly-comparable,"Identical family, fixture generator, schedule, operation and timer source at v0.1.3 and candidate; runtime recipe/content and timer validation required. Optional endurance unexecuted historically.",9f5a641d223606c45e5e6aa8a20094c12f9139a1
git_tool_workflow,git-tool-1-compact-v2,1,1051076,51,compact-low-tier-v2,1,1,pure_call_sum_ns,396924918,PASS,PASS,15000000000,PASS,2841739791,803198083,10866209,372347625,,9292292,85792,4333000,14123008,12378112,97456708,host process after-product minus before counters,195063000,5.136487332987599,5413208,150106625,112181125,40770500,5844750,15391542,33077875,,,,PASS,PASS,456383375,f592c3ae20935d7623d465e8aacf22703c6861876d758117adba705110f2d0fc,446df40465ad55181b95112968f999534c7d6cb1a2f4d22b4014ecdda120b493,c2cb953968812a9e401ea362c4aa6cdeea9e03453fbdcaa651cfb01734914405,ae1db87efe97773d3c992d87f460c0fbe363b39d26c6218694ea45a57fed78e0,sha256:8e74a58284a6e8c22ac9cbf60231f69217c3cae31c231ef17b0afd81726b8249,verification/git_tool_workflow/git-tool-1-compact-v2/verification.json,performance/git_tool_workflow/git-tool-1-compact-v2/perf.jsonl,incompatible-contract,prepared fixture content differs,9f5a641d223606c45e5e6aa8a20094c12f9139a1
git_tool_workflow,git-tool-10-compact-v2,10,4211804,207,compact-low-tier-v2,1,1,pure_call_sum_ns,769867540,PASS,PASS,15000000000,PASS,3596268542,1119889417,11656666,733840750,,19629625,67333,4673166,22052864,28053504,209845541,host process after-product minus before counters,332075000,6.751760874991305,11802334,241801042,356190876,51359666,6843583,20927250,32011000,,,,PASS,PASS,517325208,f592c3ae20935d7623d465e8aacf22703c6861876d758117adba705110f2d0fc,446df40465ad55181b95112968f999534c7d6cb1a2f4d22b4014ecdda120b493,c2cb953968812a9e401ea362c4aa6cdeea9e03453fbdcaa651cfb01734914405,ecf2f521bdc912ea85bc6749b2c5d51399b0c31b4c38b40815fe1e2094f09c4c,sha256:8e74a58284a6e8c22ac9cbf60231f69217c3cae31c231ef17b0afd81726b8249,verification/git_tool_workflow/git-tool-10-compact-v2/verification.json,performance/git_tool_workflow/git-tool-10-compact-v2/perf.jsonl,incompatible-contract,prepared fixture content differs,9f5a641d223606c45e5e6aa8a20094c12f9139a1
git_tool_workflow,git-tool-100-mixed-v4,100,61491723,2351,workspace-mixed-v4-git,1,1,pure_call_sum_ns,2396650001,PASS,PASS,500000000,TARGET_MISS,10992061750,2814944791,16893625,2312375709,,54785084,74583,12521000,47874048,73936896,628083084,host process after-product minus before counters,1349936000,20.203167208004743,129904126,629382708,1313946459,107007417,17065458,46504708,39507625,,,,PASS,PASS,1036080667,f592c3ae20935d7623d465e8aacf22703c6861876d758117adba705110f2d0fc,446df40465ad55181b95112968f999534c7d6cb1a2f4d22b4014ecdda120b493,c2cb953968812a9e401ea362c4aa6cdeea9e03453fbdcaa651cfb01734914405,9e2a3ac72d47c6a138f06e5f12fd36d3b60d61b9ed9498e8d2cce9769e88079a,sha256:8e74a58284a6e8c22ac9cbf60231f69217c3cae31c231ef17b0afd81726b8249,verification/git_tool_workflow/git-tool-100-mixed-v4/verification.json,performance/git_tool_workflow/git-tool-100-mixed-v4/perf.jsonl,incompatible-contract,prepared fixture content differs,9f5a641d223606c45e5e6aa8a20094c12f9139a1
git_tool_workflow,git-tool-500-mixed-v4,500,73779723,5351,workspace-mixed-v4-git,1,1,pure_call_sum_ns,5806735418,PASS,PASS,1000000000,TARGET_MISS,18554723458,6252314333,15232667,5600567875,,166782625,107042,24045209,74809344,142897152,1494875666,host process after-product minus before counters,3338393000,36.88988016700023,610194209,1475983417,2756498084,424031292,70024959,133791833,59634917,,,,PASS,PASS,1665223292,f592c3ae20935d7623d465e8aacf22703c6861876d758117adba705110f2d0fc,446df40465ad55181b95112968f999534c7d6cb1a2f4d22b4014ecdda120b493,c2cb953968812a9e401ea362c4aa6cdeea9e03453fbdcaa651cfb01734914405,8ea1f02d0beeb02a5ce0ae2925cde6080974cd05da76e4f4998eca9cf73f9e44,sha256:8e74a58284a6e8c22ac9cbf60231f69217c3cae31c231ef17b0afd81726b8249,verification/git_tool_workflow/git-tool-500-mixed-v4/verification.json,performance/git_tool_workflow/git-tool-500-mixed-v4/perf.jsonl,incompatible-contract,prepared fixture content differs,9f5a641d223606c45e5e6aa8a20094c12f9139a1
mixed_load_bearing,agent-episodes-1-compact-v2,1,1081344,54,compact-low-tier-v2,1,1,pure_call_sum_ns,33484959,PASS,PASS,15000000000,PASS,832440292,437734625,8444209,15160667,,7017083,70042,2792958,10747904,5668864,36765041,host process after-product minus before counters,24355000,2.023686542001087,,,,,,,,26241042,7243917,27.60529478974196,PASS,PASS,353792833,f592c3ae20935d7623d465e8aacf22703c6861876d758117adba705110f2d0fc,446df40465ad55181b95112968f999534c7d6cb1a2f4d22b4014ecdda120b493,c2cb953968812a9e401ea362c4aa6cdeea9e03453fbdcaa651cfb01734914405,80eea84bde0199d9d2de830b220fc264f598992e5169795092f7fc3a0fdfe541,sha256:8e74a58284a6e8c22ac9cbf60231f69217c3cae31c231ef17b0afd81726b8249,verification/mixed_load_bearing/agent-episodes-1-compact-v2/verification.json,performance/mixed_load_bearing/agent-episodes-1-compact-v2/perf.jsonl,directly-comparable,"Identical family, fixture generator, schedule, operation and timer source at v0.1.3 and candidate; runtime recipe/content and timer validation required. Optional endurance unexecuted historically.",9f5a641d223606c45e5e6aa8a20094c12f9139a1
mixed_load_bearing,agent-episodes-10-compact-v2,10,10813440,540,compact-low-tier-v2,1,1,pure_call_sum_ns,108465083,PASS,PASS,15000000000,PASS,1086164542,547009708,9188084,83539833,,12343208,94708,3299250,13680640,5918720,57973874,host process after-product minus before counters,50425000,2.9848968330043135,,,,,,,,89910918,18554165,20.636164564574905,PASS,PASS,352792500,f592c3ae20935d7623d465e8aacf22703c6861876d758117adba705110f2d0fc,446df40465ad55181b95112968f999534c7d6cb1a2f4d22b4014ecdda120b493,c2cb953968812a9e401ea362c4aa6cdeea9e03453fbdcaa651cfb01734914405,991c8651758b97b3715c6cdcf3f65f89aea5a27503878c888db8627af7f19b9c,sha256:8e74a58284a6e8c22ac9cbf60231f69217c3cae31c231ef17b0afd81726b8249,verification/mixed_load_bearing/agent-episodes-10-compact-v2/verification.json,performance/mixed_load_bearing/agent-episodes-10-compact-v2/perf.jsonl,directly-comparable,"Identical family, fixture generator, schedule, operation and timer source at v0.1.3 and candidate; runtime recipe/content and timer validation required. Optional endurance unexecuted historically.",9f5a641d223606c45e5e6aa8a20094c12f9139a1
mixed_load_bearing,agent-episodes-100,100,83492864,14800,registered-fixture,1,1,pure_call_sum_ns,1169385332,PASS,PASS,15000000000,PASS,6982726458,1607639500,10781791,1027722500,,124335250,91625,6454166,43532288,12677120,421193625,host process after-product minus before counters,398929000,19.361520916994778,,,,,,,,908411042,260974290,28.728656735108245,PASS,PASS,356973625,f592c3ae20935d7623d465e8aacf22703c6861876d758117adba705110f2d0fc,446df40465ad55181b95112968f999534c7d6cb1a2f4d22b4014ecdda120b493,c2cb953968812a9e401ea362c4aa6cdeea9e03453fbdcaa651cfb01734914405,615a5aa0e67ee556c8e5d2993ff595813297fa096df4672253840b1021d48905,sha256:8e74a58284a6e8c22ac9cbf60231f69217c3cae31c231ef17b0afd81726b8249,verification/mixed_load_bearing/agent-episodes-100/verification.json,performance/mixed_load_bearing/agent-episodes-100/perf.jsonl,directly-comparable,"Identical family, fixture generator, schedule, operation and timer source at v0.1.3 and candidate; runtime recipe/content and timer validation required. Optional endurance unexecuted historically.",9f5a641d223606c45e5e6aa8a20094c12f9139a1
mixed_load_bearing,agent-episodes-500,500,83492864,14800,registered-fixture,1,1,pure_call_sum_ns,8523980209,PASS,PASS,15000000000,PASS,995574250,8979857875,9742667,8169061500,,336113625,215792,8846625,63832064,43470848,2676710959,host process after-product minus before counters,2901023000,21.661483584000962,,,,,,,,7535400625,988579584,13.119137696809585,PASS,PASS,420249458,f592c3ae20935d7623d465e8aacf22703c6861876d758117adba705110f2d0fc,446df40465ad55181b95112968f999534c7d6cb1a2f4d22b4014ecdda120b493,c2cb953968812a9e401ea362c4aa6cdeea9e03453fbdcaa651cfb01734914405,75cd1de9681d934f8358c6206d76dd43997acd9c64c154aa348dfa537df6359e,sha256:8e74a58284a6e8c22ac9cbf60231f69217c3cae31c231ef17b0afd81726b8249,verification/mixed_load_bearing/agent-episodes-500/verification.json,performance/mixed_load_bearing/agent-episodes-500/perf.jsonl,directly-comparable,"Identical family, fixture generator, schedule, operation and timer source at v0.1.3 and candidate; runtime recipe/content and timer validation required. Optional endurance unexecuted historically.",9f5a641d223606c45e5e6aa8a20094c12f9139a1
