family,case,status,wall_seconds,source_identity,product_identity,input_identity,image_identity,evidence,omissions,sampled_paths_or_ranges,coverage,error,independent_preparation_status,independent_preparation_wall_ns,proof_wall_seconds,preparation_plus_verification_wall_seconds,verification_timing_comparison
payload_create_read,payload-create-1m-compact-v2,PASS,1.9868718750076368,f592c3ae20935d7623d465e8aacf22703c6861876d758117adba705110f2d0fc,446df40465ad55181b95112968f999534c7d6cb1a2f4d22b4014ecdda120b493,fd07ace3525b0580c3b99a68675bfd51139418e7f466eddc8b6fc1e9a9dbac08,sha256:8e74a58284a6e8c22ac9cbf60231f69217c3cae31c231ef17b0afd81726b8249,verification/payload_create_read/payload-create-1m-compact-v2/verification.json,"[""no exhaustive Phase 1 replay""]",[],"{""type"":""sampled-content"",""summary"":""changed data and selected unchanged witnesses; qualified roots"",""details"":[{""kind"":""fast-canonical-verification"",""receipt"":""{\""actual_read_logical_bytes\"": \""1048576\"", \""actual_read_regular_paths\"": \""1\"", \""authenticated_global_inodes\"": \""2\"", \""authenticated_namespace_paths\"": \""2\"", \""canonical_root\"": \""effc2cab934046db83f67cb7e809e3051aee09830c64e5abd96f1098a7044e1d\"", \""certificate_binding\"": \""cead53ae674dbf265d032bcdee1d1b567213948445ec562641991ca2e5ce0923\"", \""covered_regular_paths\"": \""0\"", \""full_canonical_census_performed\"": \""false\"", \""fully_verified\"": \""false\"", \""has_reused_reference\"": \""false\"", \""reference_assurance\"": \""independent_current_content\"", \""reference_native_readback\"": \""false\"", \""reference_root_scope\"": \""none\"", \""scope\"": \""full current namespace/global inode/metadata/aliases; selected changed+witness bytes; unchanged file-state/extent/payload subgraph references certified, those current subgraph bytes not read\"", \""skipped_current_store_logical_bytes\"": \""0\"", \""skipped_current_store_regular_paths\"": \""0\"", \""verification_profile\"": \""fast-verify-v2\"", \""verification_status\"": \""fast_iteration_verified\""}"",""step"":1},{""coverage_sha256"":""e3b0c44298fc1c149afbf4c8996fb92427ae41e4649b934ca495991b7852b855"",""kind"":""fast-native-verification"",""receipt"":""absent_paths_verified=0\ncertificate_binding=cead53ae674dbf265d032bcdee1d1b567213948445ec562641991ca2e5ce0923\nchanged_paths_declared=2\ncovered_paths_sha256=e3b0c44298fc1c149afbf4c8996fb92427ae41e4649b934ca495991b7852b855\nfast_witness_profile=native-fast-witness-v2:first-middle-last-seeded-per-namespace-length-depth-class;declared-read-targets\nfully_verified=false\nlogical_bytes=1048576\nnative_namespace_paths_verified=2\nnative_namespace_type_source=DirEntry::file_type;platform-metadata-fallback-permitted;skipped-counts-describe-unperformed-checks-not-syscalls\nnative_namespace_types_verified=2\noracle_identity_encoding=structural-entry-recipes-v1\noracle_scope=independent-delta-and-witnesses;complete-native-namespace;certified-unchanged-content-roots-checked-by-host\nreference_assurance=independent_current_content\nselected_independent_oracle_identity=98ba5f954b21fff76be9dcb59ded9fa9b15c509b5be3f9fa9e199249c678c8d2\nselected_metadata_paths_verified=2\nselected_regular_bytes_verified=1048576\nselected_regular_paths_verified=1\nskipped_untouched_metadata_paths=0\nskipped_untouched_regular_bodies=0\nuncertified_regular_paths_checked=1\nverification_status=fast_iteration_verified\nwitness_paths_declared=0\n"",""step"":1}]}",,,,,,
payload_create_read,payload-create-10m-compact-v2,PASS,2.2637014580104733,f592c3ae20935d7623d465e8aacf22703c6861876d758117adba705110f2d0fc,446df40465ad55181b95112968f999534c7d6cb1a2f4d22b4014ecdda120b493,4f0a670fc6f9e4beacdde97ee2cfcc4e9c17f22d93ff5e67cdb2c2ca5a6639e3,sha256:8e74a58284a6e8c22ac9cbf60231f69217c3cae31c231ef17b0afd81726b8249,verification/payload_create_read/payload-create-10m-compact-v2/verification.json,"[""no exhaustive Phase 1 replay""]",[],"{""type"":""sampled-content"",""summary"":""changed data and selected unchanged witnesses; qualified roots"",""details"":[{""kind"":""fast-canonical-verification"",""receipt"":""{\""actual_read_logical_bytes\"": \""10485760\"", \""actual_read_regular_paths\"": \""1\"", \""authenticated_global_inodes\"": \""2\"", \""authenticated_namespace_paths\"": \""2\"", \""canonical_root\"": \""5a6302934609365a6edeef8f3a9cdc4d3392e367d49a0dbe2d8a0b8de15399c9\"", \""certificate_binding\"": \""a6df54340282d9cb9d6037a272228109eaf0a181f6161b5fcef6928326a8d5a9\"", \""covered_regular_paths\"": \""0\"", \""full_canonical_census_performed\"": \""false\"", \""fully_verified\"": \""false\"", \""has_reused_reference\"": \""false\"", \""reference_assurance\"": \""independent_current_content\"", \""reference_native_readback\"": \""false\"", \""reference_root_scope\"": \""none\"", \""scope\"": \""full current namespace/global inode/metadata/aliases; selected changed+witness bytes; unchanged file-state/extent/payload subgraph references certified, those current subgraph bytes not read\"", \""skipped_current_store_logical_bytes\"": \""0\"", \""skipped_current_store_regular_paths\"": \""0\"", \""verification_profile\"": \""fast-verify-v2\"", \""verification_status\"": \""fast_iteration_verified\""}"",""step"":1},{""coverage_sha256"":""e3b0c44298fc1c149afbf4c8996fb92427ae41e4649b934ca495991b7852b855"",""kind"":""fast-native-verification"",""receipt"":""absent_paths_verified=0\ncertificate_binding=a6df54340282d9cb9d6037a272228109eaf0a181f6161b5fcef6928326a8d5a9\nchanged_paths_declared=2\ncovered_paths_sha256=e3b0c44298fc1c149afbf4c8996fb92427ae41e4649b934ca495991b7852b855\nfast_witness_profile=native-fast-witness-v2:first-middle-last-seeded-per-namespace-length-depth-class;declared-read-targets\nfully_verified=false\nlogical_bytes=10485760\nnative_namespace_paths_verified=2\nnative_namespace_type_source=DirEntry::file_type;platform-metadata-fallback-permitted;skipped-counts-describe-unperformed-checks-not-syscalls\nnative_namespace_types_verified=2\noracle_identity_encoding=structural-entry-recipes-v1\noracle_scope=independent-delta-and-witnesses;complete-native-namespace;certified-unchanged-content-roots-checked-by-host\nreference_assurance=independent_current_content\nselected_independent_oracle_identity=087d1fed809e2af6f188699210bb9b2fae55cf870ba119b081c957f48f2aed20\nselected_metadata_paths_verified=2\nselected_regular_bytes_verified=10485760\nselected_regular_paths_verified=1\nskipped_untouched_metadata_paths=0\nskipped_untouched_regular_bodies=0\nuncertified_regular_paths_checked=1\nverification_status=fast_iteration_verified\nwitness_paths_declared=0\n"",""step"":1}]}",,,,,,
payload_create_read,payload-create-100m,PASS,3.9128714580001542,f592c3ae20935d7623d465e8aacf22703c6861876d758117adba705110f2d0fc,446df40465ad55181b95112968f999534c7d6cb1a2f4d22b4014ecdda120b493,36fde02efe1c65803bb5943593b9896b59e02b98f7b369a56f349a4613d40f1f,sha256:8e74a58284a6e8c22ac9cbf60231f69217c3cae31c231ef17b0afd81726b8249,verification/payload_create_read/payload-create-100m/verification.json,"[""no exhaustive Phase 1 replay""]",[],"{""type"":""sampled-content"",""summary"":""changed data and selected unchanged witnesses; qualified roots"",""details"":[{""kind"":""fast-canonical-verification"",""receipt"":""{\""actual_read_logical_bytes\"": \""104857600\"", \""actual_read_regular_paths\"": \""1\"", \""authenticated_global_inodes\"": \""2\"", \""authenticated_namespace_paths\"": \""2\"", \""canonical_root\"": \""2f06a638983ef914bfb0dd68b9fb9f21020919933bbf32facf7e7041157a23e3\"", \""certificate_binding\"": \""145c029622161a217ff33d478f8278c33d00e0a4b8221ba287ddff8186ac25e7\"", \""covered_regular_paths\"": \""0\"", \""full_canonical_census_performed\"": \""false\"", \""fully_verified\"": \""false\"", \""has_reused_reference\"": \""false\"", \""reference_assurance\"": \""independent_current_content\"", \""reference_native_readback\"": \""false\"", \""reference_root_scope\"": \""none\"", \""scope\"": \""full current namespace/global inode/metadata/aliases; selected changed+witness bytes; unchanged file-state/extent/payload subgraph references certified, those current subgraph bytes not read\"", \""skipped_current_store_logical_bytes\"": \""0\"", \""skipped_current_store_regular_paths\"": \""0\"", \""verification_profile\"": \""fast-verify-v2\"", \""verification_status\"": \""fast_iteration_verified\""}"",""step"":1},{""coverage_sha256"":""e3b0c44298fc1c149afbf4c8996fb92427ae41e4649b934ca495991b7852b855"",""kind"":""fast-native-verification"",""receipt"":""absent_paths_verified=0\ncertificate_binding=145c029622161a217ff33d478f8278c33d00e0a4b8221ba287ddff8186ac25e7\nchanged_paths_declared=2\ncovered_paths_sha256=e3b0c44298fc1c149afbf4c8996fb92427ae41e4649b934ca495991b7852b855\nfast_witness_profile=native-fast-witness-v2:first-middle-last-seeded-per-namespace-length-depth-class;declared-read-targets\nfully_verified=false\nlogical_bytes=104857600\nnative_namespace_paths_verified=2\nnative_namespace_type_source=DirEntry::file_type;platform-metadata-fallback-permitted;skipped-counts-describe-unperformed-checks-not-syscalls\nnative_namespace_types_verified=2\noracle_identity_encoding=structural-entry-recipes-v1\noracle_scope=independent-delta-and-witnesses;complete-native-namespace;certified-unchanged-content-roots-checked-by-host\nreference_assurance=independent_current_content\nselected_independent_oracle_identity=63120ae882f49f4e240f69e89e59843ab258103b7e447533ba19aaba2c0e56cf\nselected_metadata_paths_verified=2\nselected_regular_bytes_verified=104857600\nselected_regular_paths_verified=1\nskipped_untouched_metadata_paths=0\nskipped_untouched_regular_bodies=0\nuncertified_regular_paths_checked=1\nverification_status=fast_iteration_verified\nwitness_paths_declared=0\n"",""step"":1}]}",,,,,,
payload_create_read,payload-create-500m,PASS,11.078752832996543,f592c3ae20935d7623d465e8aacf22703c6861876d758117adba705110f2d0fc,446df40465ad55181b95112968f999534c7d6cb1a2f4d22b4014ecdda120b493,24934b53f5e2f462510a2cbe05cd74e0c2237120d5897229adf476b483906a99,sha256:8e74a58284a6e8c22ac9cbf60231f69217c3cae31c231ef17b0afd81726b8249,verification/payload_create_read/payload-create-500m/verification.json,"[""no exhaustive Phase 1 replay""]",[],"{""type"":""sampled-content"",""summary"":""changed data and selected unchanged witnesses; qualified roots"",""details"":[{""kind"":""fast-canonical-verification"",""receipt"":""{\""actual_read_logical_bytes\"": \""524288000\"", \""actual_read_regular_paths\"": \""1\"", \""authenticated_global_inodes\"": \""2\"", \""authenticated_namespace_paths\"": \""2\"", \""canonical_root\"": \""853430c3029c0e638a0fb97c89ce4746c5d65eecf0034a3270fbde7e29947c1a\"", \""certificate_binding\"": \""23fd4bfb5c37dbe4dd305ee2a1599d976eaca427c6ca916dcb807d4b7e470ea0\"", \""covered_regular_paths\"": \""0\"", \""full_canonical_census_performed\"": \""false\"", \""fully_verified\"": \""false\"", \""has_reused_reference\"": \""false\"", \""reference_assurance\"": \""independent_current_content\"", \""reference_native_readback\"": \""false\"", \""reference_root_scope\"": \""none\"", \""scope\"": \""full current namespace/global inode/metadata/aliases; selected changed+witness bytes; unchanged file-state/extent/payload subgraph references certified, those current subgraph bytes not read\"", \""skipped_current_store_logical_bytes\"": \""0\"", \""skipped_current_store_regular_paths\"": \""0\"", \""verification_profile\"": \""fast-verify-v2\"", \""verification_status\"": \""fast_iteration_verified\""}"",""step"":1},{""coverage_sha256"":""e3b0c44298fc1c149afbf4c8996fb92427ae41e4649b934ca495991b7852b855"",""kind"":""fast-native-verification"",""receipt"":""absent_paths_verified=0\ncertificate_binding=23fd4bfb5c37dbe4dd305ee2a1599d976eaca427c6ca916dcb807d4b7e470ea0\nchanged_paths_declared=2\ncovered_paths_sha256=e3b0c44298fc1c149afbf4c8996fb92427ae41e4649b934ca495991b7852b855\nfast_witness_profile=native-fast-witness-v2:first-middle-last-seeded-per-namespace-length-depth-class;declared-read-targets\nfully_verified=false\nlogical_bytes=524288000\nnative_namespace_paths_verified=2\nnative_namespace_type_source=DirEntry::file_type;platform-metadata-fallback-permitted;skipped-counts-describe-unperformed-checks-not-syscalls\nnative_namespace_types_verified=2\noracle_identity_encoding=structural-entry-recipes-v1\noracle_scope=independent-delta-and-witnesses;complete-native-namespace;certified-unchanged-content-roots-checked-by-host\nreference_assurance=independent_current_content\nselected_independent_oracle_identity=c6341d728f8237d6dbe0a72d77647736fd3ad41d585d36800c17cd256ede5a41\nselected_metadata_paths_verified=2\nselected_regular_bytes_verified=524288000\nselected_regular_paths_verified=1\nskipped_untouched_metadata_paths=0\nskipped_untouched_regular_bodies=0\nuncertified_regular_paths_checked=1\nverification_status=fast_iteration_verified\nwitness_paths_declared=0\n"",""step"":1}]}",,,,,,
payload_create_read,payload-random-read-1-compact-v2,PASS,2.1241928749950603,f592c3ae20935d7623d465e8aacf22703c6861876d758117adba705110f2d0fc,446df40465ad55181b95112968f999534c7d6cb1a2f4d22b4014ecdda120b493,38e00c73a990323831ffa8398094b654cebbe7a2af0ab162d0939888a4e69455,sha256:8e74a58284a6e8c22ac9cbf60231f69217c3cae31c231ef17b0afd81726b8249,verification/payload_create_read/payload-random-read-1-compact-v2/verification.json,"[""no exhaustive Phase 1 replay""]",[],"{""type"":""sampled-content"",""summary"":""changed data and selected unchanged witnesses; qualified roots"",""details"":[{""kind"":""fast-canonical-verification"",""receipt"":""{\""actual_read_logical_bytes\"": \""1048576\"", \""actual_read_regular_paths\"": \""1\"", \""authenticated_global_inodes\"": \""2\"", \""authenticated_namespace_paths\"": \""2\"", \""canonical_root\"": \""339f7428747c57e8ae68eecdfe736255db57f8be265a00793370f84c353cfc19\"", \""certificate_binding\"": \""0a36d51b902fd980b425f153451fd0469eaee6fcb57a8fe2d348aa5b8f452ff8\"", \""covered_regular_paths\"": \""0\"", \""full_canonical_census_performed\"": \""false\"", \""fully_verified\"": \""false\"", \""has_reused_reference\"": \""false\"", \""reference_assurance\"": \""independent_current_content\"", \""reference_native_readback\"": \""false\"", \""reference_root_scope\"": \""none\"", \""scope\"": \""full current namespace/global inode/metadata/aliases; selected changed+witness bytes; unchanged file-state/extent/payload subgraph references certified, those current subgraph bytes not read\"", \""skipped_current_store_logical_bytes\"": \""0\"", \""skipped_current_store_regular_paths\"": \""0\"", \""verification_profile\"": \""fast-verify-v2\"", \""verification_status\"": \""fast_iteration_verified\""}"",""step"":1},{""coverage_sha256"":""e3b0c44298fc1c149afbf4c8996fb92427ae41e4649b934ca495991b7852b855"",""kind"":""fast-native-verification"",""receipt"":""absent_paths_verified=0\ncertificate_binding=0a36d51b902fd980b425f153451fd0469eaee6fcb57a8fe2d348aa5b8f452ff8\nchanged_paths_declared=0\ncovered_paths_sha256=e3b0c44298fc1c149afbf4c8996fb92427ae41e4649b934ca495991b7852b855\nfast_witness_profile=native-fast-witness-v2:first-middle-last-seeded-per-namespace-length-depth-class;declared-read-targets\nfully_verified=false\nlogical_bytes=1048576\nnative_namespace_paths_verified=2\nnative_namespace_type_source=DirEntry::file_type;platform-metadata-fallback-permitted;skipped-counts-describe-unperformed-checks-not-syscalls\nnative_namespace_types_verified=2\noracle_identity_encoding=structural-entry-recipes-v1\noracle_scope=independent-delta-and-witnesses;complete-native-namespace;certified-unchanged-content-roots-checked-by-host\nreference_assurance=independent_current_content\nselected_independent_oracle_identity=98ba5f954b21fff76be9dcb59ded9fa9b15c509b5be3f9fa9e199249c678c8d2\nselected_metadata_paths_verified=2\nselected_regular_bytes_verified=1048576\nselected_regular_paths_verified=1\nskipped_untouched_metadata_paths=0\nskipped_untouched_regular_bodies=0\nuncertified_regular_paths_checked=1\nverification_status=fast_iteration_verified\nwitness_paths_declared=2\n"",""step"":1}]}",,,,,,
payload_create_read,payload-random-read-10-compact-v2,PASS,2.488251750008203,f592c3ae20935d7623d465e8aacf22703c6861876d758117adba705110f2d0fc,446df40465ad55181b95112968f999534c7d6cb1a2f4d22b4014ecdda120b493,fc1e3010b06ad7e25bc9ac0be6cfd436ba617f484dac4ac5bed5fdecc02f40a0,sha256:8e74a58284a6e8c22ac9cbf60231f69217c3cae31c231ef17b0afd81726b8249,verification/payload_create_read/payload-random-read-10-compact-v2/verification.json,"[""no exhaustive Phase 1 replay""]",[],"{""type"":""sampled-content"",""summary"":""changed data and selected unchanged witnesses; qualified roots"",""details"":[{""kind"":""fast-canonical-verification"",""receipt"":""{\""actual_read_logical_bytes\"": \""10485760\"", \""actual_read_regular_paths\"": \""1\"", \""authenticated_global_inodes\"": \""2\"", \""authenticated_namespace_paths\"": \""2\"", \""canonical_root\"": \""55357db712895058cef48b583c7bfebbe3f3adc69b3c713179ebd88626212e70\"", \""certificate_binding\"": \""4350390020ddd2de26ddbfaccb233b2793b1a24a1c8053c3b5e1d56f399169d9\"", \""covered_regular_paths\"": \""0\"", \""full_canonical_census_performed\"": \""false\"", \""fully_verified\"": \""false\"", \""has_reused_reference\"": \""false\"", \""reference_assurance\"": \""independent_current_content\"", \""reference_native_readback\"": \""false\"", \""reference_root_scope\"": \""none\"", \""scope\"": \""full current namespace/global inode/metadata/aliases; selected changed+witness bytes; unchanged file-state/extent/payload subgraph references certified, those current subgraph bytes not read\"", \""skipped_current_store_logical_bytes\"": \""0\"", \""skipped_current_store_regular_paths\"": \""0\"", \""verification_profile\"": \""fast-verify-v2\"", \""verification_status\"": \""fast_iteration_verified\""}"",""step"":1},{""coverage_sha256"":""e3b0c44298fc1c149afbf4c8996fb92427ae41e4649b934ca495991b7852b855"",""kind"":""fast-native-verification"",""receipt"":""absent_paths_verified=0\ncertificate_binding=4350390020ddd2de26ddbfaccb233b2793b1a24a1c8053c3b5e1d56f399169d9\nchanged_paths_declared=0\ncovered_paths_sha256=e3b0c44298fc1c149afbf4c8996fb92427ae41e4649b934ca495991b7852b855\nfast_witness_profile=native-fast-witness-v2:first-middle-last-seeded-per-namespace-length-depth-class;declared-read-targets\nfully_verified=false\nlogical_bytes=10485760\nnative_namespace_paths_verified=2\nnative_namespace_type_source=DirEntry::file_type;platform-metadata-fallback-permitted;skipped-counts-describe-unperformed-checks-not-syscalls\nnative_namespace_types_verified=2\noracle_identity_encoding=structural-entry-recipes-v1\noracle_scope=independent-delta-and-witnesses;complete-native-namespace;certified-unchanged-content-roots-checked-by-host\nreference_assurance=independent_current_content\nselected_independent_oracle_identity=087d1fed809e2af6f188699210bb9b2fae55cf870ba119b081c957f48f2aed20\nselected_metadata_paths_verified=2\nselected_regular_bytes_verified=10485760\nselected_regular_paths_verified=1\nskipped_untouched_metadata_paths=0\nskipped_untouched_regular_bodies=0\nuncertified_regular_paths_checked=1\nverification_status=fast_iteration_verified\nwitness_paths_declared=2\n"",""step"":1}]}",,,,,,
payload_create_read,payload-random-read-100,PASS,16.31882716700784,f592c3ae20935d7623d465e8aacf22703c6861876d758117adba705110f2d0fc,446df40465ad55181b95112968f999534c7d6cb1a2f4d22b4014ecdda120b493,29d0297ea26c5b24d313d17b61157f1a5737a091a0bb6611f9568d0763f8a1dd,sha256:8e74a58284a6e8c22ac9cbf60231f69217c3cae31c231ef17b0afd81726b8249,verification/payload_create_read/payload-random-read-100/verification.json,"[""no exhaustive Phase 1 replay""]",[],"{""type"":""sampled-content"",""summary"":""changed data and selected unchanged witnesses; qualified roots"",""details"":[{""kind"":""fast-canonical-verification"",""receipt"":""{\""actual_read_logical_bytes\"": \""524288000\"", \""actual_read_regular_paths\"": \""1\"", \""authenticated_global_inodes\"": \""2\"", \""authenticated_namespace_paths\"": \""2\"", \""canonical_root\"": \""5ae97d4062e6584a0f024c098da5baa961479ab049ecf2d7a2748d0ae3826fa3\"", \""certificate_binding\"": \""9e30fb2f3a1753a2a51e434d5d532eb4e494bab975c6cb004a198b92b966b252\"", \""covered_regular_paths\"": \""0\"", \""full_canonical_census_performed\"": \""false\"", \""fully_verified\"": \""false\"", \""has_reused_reference\"": \""false\"", \""reference_assurance\"": \""independent_current_content\"", \""reference_native_readback\"": \""false\"", \""reference_root_scope\"": \""none\"", \""scope\"": \""full current namespace/global inode/metadata/aliases; selected changed+witness bytes; unchanged file-state/extent/payload subgraph references certified, those current subgraph bytes not read\"", \""skipped_current_store_logical_bytes\"": \""0\"", \""skipped_current_store_regular_paths\"": \""0\"", \""verification_profile\"": \""fast-verify-v2\"", \""verification_status\"": \""fast_iteration_verified\""}"",""step"":1},{""coverage_sha256"":""e3b0c44298fc1c149afbf4c8996fb92427ae41e4649b934ca495991b7852b855"",""kind"":""fast-native-verification"",""receipt"":""absent_paths_verified=0\ncertificate_binding=9e30fb2f3a1753a2a51e434d5d532eb4e494bab975c6cb004a198b92b966b252\nchanged_paths_declared=0\ncovered_paths_sha256=e3b0c44298fc1c149afbf4c8996fb92427ae41e4649b934ca495991b7852b855\nfast_witness_profile=native-fast-witness-v2:first-middle-last-seeded-per-namespace-length-depth-class;declared-read-targets\nfully_verified=false\nlogical_bytes=524288000\nnative_namespace_paths_verified=2\nnative_namespace_type_source=DirEntry::file_type;platform-metadata-fallback-permitted;skipped-counts-describe-unperformed-checks-not-syscalls\nnative_namespace_types_verified=2\noracle_identity_encoding=structural-entry-recipes-v1\noracle_scope=independent-delta-and-witnesses;complete-native-namespace;certified-unchanged-content-roots-checked-by-host\nreference_assurance=independent_current_content\nselected_independent_oracle_identity=c6341d728f8237d6dbe0a72d77647736fd3ad41d585d36800c17cd256ede5a41\nselected_metadata_paths_verified=2\nselected_regular_bytes_verified=524288000\nselected_regular_paths_verified=1\nskipped_untouched_metadata_paths=0\nskipped_untouched_regular_bodies=0\nuncertified_regular_paths_checked=1\nverification_status=fast_iteration_verified\nwitness_paths_declared=2\n"",""step"":1}]}",,,,,,
payload_create_read,payload-random-read-500,PASS,9.802170583992847,f592c3ae20935d7623d465e8aacf22703c6861876d758117adba705110f2d0fc,446df40465ad55181b95112968f999534c7d6cb1a2f4d22b4014ecdda120b493,9617a664386ac9453b520f0a86ce739d26f9a84d4dfc9050eb469c6ecfe597e3,sha256:8e74a58284a6e8c22ac9cbf60231f69217c3cae31c231ef17b0afd81726b8249,verification/payload_create_read/payload-random-read-500/verification.json,"[""no exhaustive Phase 1 replay""]",[],"{""type"":""sampled-content"",""summary"":""changed data and selected unchanged witnesses; qualified roots"",""details"":[{""kind"":""fast-canonical-verification"",""receipt"":""{\""actual_read_logical_bytes\"": \""524288000\"", \""actual_read_regular_paths\"": \""1\"", \""authenticated_global_inodes\"": \""2\"", \""authenticated_namespace_paths\"": \""2\"", \""canonical_root\"": \""5ae97d4062e6584a0f024c098da5baa961479ab049ecf2d7a2748d0ae3826fa3\"", \""certificate_binding\"": \""c0f3d94968478ad3c1255bd783e7257ce40ac76fab36adc0a4c6edabbc620383\"", \""covered_regular_paths\"": \""0\"", \""full_canonical_census_performed\"": \""false\"", \""fully_verified\"": \""false\"", \""has_reused_reference\"": \""false\"", \""reference_assurance\"": \""independent_current_content\"", \""reference_native_readback\"": \""false\"", \""reference_root_scope\"": \""none\"", \""scope\"": \""full current namespace/global inode/metadata/aliases; selected changed+witness bytes; unchanged file-state/extent/payload subgraph references certified, those current subgraph bytes not read\"", \""skipped_current_store_logical_bytes\"": \""0\"", \""skipped_current_store_regular_paths\"": \""0\"", \""verification_profile\"": \""fast-verify-v2\"", \""verification_status\"": \""fast_iteration_verified\""}"",""step"":1},{""coverage_sha256"":""e3b0c44298fc1c149afbf4c8996fb92427ae41e4649b934ca495991b7852b855"",""kind"":""fast-native-verification"",""receipt"":""absent_paths_verified=0\ncertificate_binding=c0f3d94968478ad3c1255bd783e7257ce40ac76fab36adc0a4c6edabbc620383\nchanged_paths_declared=0\ncovered_paths_sha256=e3b0c44298fc1c149afbf4c8996fb92427ae41e4649b934ca495991b7852b855\nfast_witness_profile=native-fast-witness-v2:first-middle-last-seeded-per-namespace-length-depth-class;declared-read-targets\nfully_verified=false\nlogical_bytes=524288000\nnative_namespace_paths_verified=2\nnative_namespace_type_source=DirEntry::file_type;platform-metadata-fallback-permitted;skipped-counts-describe-unperformed-checks-not-syscalls\nnative_namespace_types_verified=2\noracle_identity_encoding=structural-entry-recipes-v1\noracle_scope=independent-delta-and-witnesses;complete-native-namespace;certified-unchanged-content-roots-checked-by-host\nreference_assurance=independent_current_content\nselected_independent_oracle_identity=c6341d728f8237d6dbe0a72d77647736fd3ad41d585d36800c17cd256ede5a41\nselected_metadata_paths_verified=2\nselected_regular_bytes_verified=524288000\nselected_regular_paths_verified=1\nskipped_untouched_metadata_paths=0\nskipped_untouched_regular_bodies=0\nuncertified_regular_paths_checked=1\nverification_status=fast_iteration_verified\nwitness_paths_declared=2\n"",""step"":1}]}",,,,,,
dedup_workspace_reuse,dedup-workspace-exact-1-compact-v2,PASS,2.863152333011385,f592c3ae20935d7623d465e8aacf22703c6861876d758117adba705110f2d0fc,446df40465ad55181b95112968f999534c7d6cb1a2f4d22b4014ecdda120b493,5daeae93a23255c39e9276017e14d78a545bbb684b9c6400928f4fbb1f653e49,sha256:8e74a58284a6e8c22ac9cbf60231f69217c3cae31c231ef17b0afd81726b8249,verification/dedup_workspace_reuse/dedup-workspace-exact-1-compact-v2/verification.json,"[""no exhaustive Phase 1 replay""]",[],"{""type"":""sampled-content"",""summary"":""changed data and selected unchanged witnesses; qualified roots"",""details"":[{""kind"":""fast-canonical-verification"",""receipt"":""{\""actual_read_logical_bytes\"": \""2097152\"", \""actual_read_regular_paths\"": \""2\"", \""authenticated_global_inodes\"": \""5\"", \""authenticated_namespace_paths\"": \""5\"", \""canonical_root\"": \""a39c0dabdfe1c2711fd39302ca18e50a67b2da90052361be55a0bb68a4913668\"", \""certificate_binding\"": \""61ad31654faa0daaa526f24561e8fc2f274ddd9fa98f8d1a966987b29dedccec\"", \""covered_regular_paths\"": \""0\"", \""extent_assurance\"": \""selected-current-reads-and-certified-unchanged-root-references\"", \""full_canonical_census_performed\"": \""false\"", \""fully_verified\"": \""false\"", \""has_reused_reference\"": \""false\"", \""reference_assurance\"": \""independent_current_content\"", \""reference_native_readback\"": \""false\"", \""reference_root_scope\"": \""none\"", \""scope\"": \""full current namespace/global inode/metadata/aliases; selected changed+witness bytes; unchanged file-state/extent/payload subgraph references certified, those current subgraph bytes not read\"", \""skipped_current_store_logical_bytes\"": \""0\"", \""skipped_current_store_regular_paths\"": \""0\"", \""verification_profile\"": \""fast-verify-v2\"", \""verification_status\"": \""fast_iteration_verified\""}"",""step"":1},{""coverage_sha256"":""e3b0c44298fc1c149afbf4c8996fb92427ae41e4649b934ca495991b7852b855"",""kind"":""fast-native-verification"",""receipt"":""absent_paths_verified=0\ncertificate_binding=61ad31654faa0daaa526f24561e8fc2f274ddd9fa98f8d1a966987b29dedccec\nchanged_paths_declared=3\ncovered_paths_sha256=e3b0c44298fc1c149afbf4c8996fb92427ae41e4649b934ca495991b7852b855\nfast_witness_profile=native-fast-witness-v2:first-middle-last-seeded-per-namespace-length-depth-class;declared-read-targets\nfully_verified=false\nlogical_bytes=2097152\nnative_namespace_paths_verified=5\nnative_namespace_type_source=DirEntry::file_type;platform-metadata-fallback-permitted;skipped-counts-describe-unperformed-checks-not-syscalls\nnative_namespace_types_verified=5\noracle_identity_encoding=structural-entry-recipes-v1\noracle_scope=independent-delta-and-witnesses;complete-native-namespace;certified-unchanged-content-roots-checked-by-host\nreference_assurance=independent_current_content\nselected_independent_oracle_identity=1388f79c2d581344730269b2c923fd6a123270b7d612c51d9ea965e3dec8b7c4\nselected_metadata_paths_verified=5\nselected_regular_bytes_verified=2097152\nselected_regular_paths_verified=2\nskipped_untouched_metadata_paths=0\nskipped_untouched_regular_bodies=0\nuncertified_regular_paths_checked=2\nverification_status=fast_iteration_verified\nwitness_paths_declared=3\n"",""step"":1}]}",,,,,,
dedup_workspace_reuse,dedup-workspace-exact-10-compact-v2,PASS,2.3816247079957975,f592c3ae20935d7623d465e8aacf22703c6861876d758117adba705110f2d0fc,446df40465ad55181b95112968f999534c7d6cb1a2f4d22b4014ecdda120b493,770d1f91a4a1be8c832f7db61822e9825fe1dc542ad8e1d4fc8a2a2d72a278dd,sha256:8e74a58284a6e8c22ac9cbf60231f69217c3cae31c231ef17b0afd81726b8249,verification/dedup_workspace_reuse/dedup-workspace-exact-10-compact-v2/verification.json,"[""no exhaustive Phase 1 replay""]",[],"{""type"":""sampled-content"",""summary"":""changed data and selected unchanged witnesses; qualified roots"",""details"":[{""kind"":""fast-canonical-verification"",""receipt"":""{\""actual_read_logical_bytes\"": \""20971520\"", \""actual_read_regular_paths\"": \""20\"", \""authenticated_global_inodes\"": \""23\"", \""authenticated_namespace_paths\"": \""23\"", \""canonical_root\"": \""27cb05636d3a618eb7ff9313778c66d8a5af0dca30beff225b3757464fa05530\"", \""certificate_binding\"": \""c2bd413ec4f198d9d596887d8c6471c7b231797b0fe0e26f25112ff2f761c3cd\"", \""covered_regular_paths\"": \""0\"", \""extent_assurance\"": \""selected-current-reads-and-certified-unchanged-root-references\"", \""full_canonical_census_performed\"": \""false\"", \""fully_verified\"": \""false\"", \""has_reused_reference\"": \""false\"", \""reference_assurance\"": \""independent_current_content\"", \""reference_native_readback\"": \""false\"", \""reference_root_scope\"": \""none\"", \""scope\"": \""full current namespace/global inode/metadata/aliases; selected changed+witness bytes; unchanged file-state/extent/payload subgraph references certified, those current subgraph bytes not read\"", \""skipped_current_store_logical_bytes\"": \""0\"", \""skipped_current_store_regular_paths\"": \""0\"", \""verification_profile\"": \""fast-verify-v2\"", \""verification_status\"": \""fast_iteration_verified\""}"",""step"":1},{""coverage_sha256"":""e3b0c44298fc1c149afbf4c8996fb92427ae41e4649b934ca495991b7852b855"",""kind"":""fast-native-verification"",""receipt"":""absent_paths_verified=0\ncertificate_binding=c2bd413ec4f198d9d596887d8c6471c7b231797b0fe0e26f25112ff2f761c3cd\nchanged_paths_declared=12\ncovered_paths_sha256=e3b0c44298fc1c149afbf4c8996fb92427ae41e4649b934ca495991b7852b855\nfast_witness_profile=native-fast-witness-v2:first-middle-last-seeded-per-namespace-length-depth-class;declared-read-targets\nfully_verified=false\nlogical_bytes=20971520\nnative_namespace_paths_verified=23\nnative_namespace_type_source=DirEntry::file_type;platform-metadata-fallback-permitted;skipped-counts-describe-unperformed-checks-not-syscalls\nnative_namespace_types_verified=23\noracle_identity_encoding=structural-entry-recipes-v1\noracle_scope=independent-delta-and-witnesses;complete-native-namespace;certified-unchanged-content-roots-checked-by-host\nreference_assurance=independent_current_content\nselected_independent_oracle_identity=91c4d5f64ecc8ddfa75d9e0e0de42f5cf271d8bcfc255434bb16f860705afa2f\nselected_metadata_paths_verified=23\nselected_regular_bytes_verified=20971520\nselected_regular_paths_verified=20\nskipped_untouched_metadata_paths=0\nskipped_untouched_regular_bodies=0\nuncertified_regular_paths_checked=20\nverification_status=fast_iteration_verified\nwitness_paths_declared=6\n"",""step"":1}]}",,,,,,
dedup_workspace_reuse,dedup-workspace-exact-100,PASS,8.367592041991884,f592c3ae20935d7623d465e8aacf22703c6861876d758117adba705110f2d0fc,446df40465ad55181b95112968f999534c7d6cb1a2f4d22b4014ecdda120b493,507b6d0d3bcb7b1ea8363690c4f9f5f34c0bd0867300315f66b8ec6048d25fcd,sha256:8e74a58284a6e8c22ac9cbf60231f69217c3cae31c231ef17b0afd81726b8249,verification/dedup_workspace_reuse/dedup-workspace-exact-100/verification.json,"[""no exhaustive Phase 1 replay""]",[],"{""type"":""sampled-content"",""summary"":""changed data and selected unchanged witnesses; qualified roots"",""details"":[{""kind"":""fast-canonical-verification"",""receipt"":""{\""actual_read_logical_bytes\"": \""239075328\"", \""actual_read_regular_paths\"": \""228\"", \""authenticated_global_inodes\"": \""231\"", \""authenticated_namespace_paths\"": \""231\"", \""canonical_root\"": \""18fb751576c4d1117a9b19d51f56ef652fc2ec5e6bd8256ca5c0c7925c7c4a81\"", \""certificate_binding\"": \""e028e8d361e54e3be394f5eacb0278d939723242dc52c382223667e5b16be3c9\"", \""covered_regular_paths\"": \""0\"", \""extent_assurance\"": \""selected-current-reads-and-certified-unchanged-root-references\"", \""full_canonical_census_performed\"": \""false\"", \""fully_verified\"": \""false\"", \""has_reused_reference\"": \""false\"", \""reference_assurance\"": \""independent_current_content\"", \""reference_native_readback\"": \""false\"", \""reference_root_scope\"": \""none\"", \""scope\"": \""full current namespace/global inode/metadata/aliases; selected changed+witness bytes; unchanged file-state/extent/payload subgraph references certified, those current subgraph bytes not read\"", \""skipped_current_store_logical_bytes\"": \""0\"", \""skipped_current_store_regular_paths\"": \""0\"", \""verification_profile\"": \""fast-verify-v2\"", \""verification_status\"": \""fast_iteration_verified\""}"",""step"":1},{""coverage_sha256"":""e3b0c44298fc1c149afbf4c8996fb92427ae41e4649b934ca495991b7852b855"",""kind"":""fast-native-verification"",""receipt"":""absent_paths_verified=0\ncertificate_binding=e028e8d361e54e3be394f5eacb0278d939723242dc52c382223667e5b16be3c9\nchanged_paths_declared=102\ncovered_paths_sha256=e3b0c44298fc1c149afbf4c8996fb92427ae41e4649b934ca495991b7852b855\nfast_witness_profile=native-fast-witness-v2:first-middle-last-seeded-per-namespace-length-depth-class;declared-read-targets\nfully_verified=false\nlogical_bytes=239075328\nnative_namespace_paths_verified=231\nnative_namespace_type_source=DirEntry::file_type;platform-metadata-fallback-permitted;skipped-counts-describe-unperformed-checks-not-syscalls\nnative_namespace_types_verified=231\noracle_identity_encoding=structural-entry-recipes-v1\noracle_scope=independent-delta-and-witnesses;complete-native-namespace;certified-unchanged-content-roots-checked-by-host\nreference_assurance=independent_current_content\nselected_independent_oracle_identity=5f53afeef6a96bae60cc49781481ea6614105cc6e5e68ac0595ac2200cb7b2f2\nselected_metadata_paths_verified=231\nselected_regular_bytes_verified=239075328\nselected_regular_paths_verified=228\nskipped_untouched_metadata_paths=0\nskipped_untouched_regular_bodies=0\nuncertified_regular_paths_checked=228\nverification_status=fast_iteration_verified\nwitness_paths_declared=6\n"",""step"":1}]}",,,,,,
dedup_workspace_reuse,dedup-workspace-exact-500,PASS,16.019578208986786,f592c3ae20935d7623d465e8aacf22703c6861876d758117adba705110f2d0fc,446df40465ad55181b95112968f999534c7d6cb1a2f4d22b4014ecdda120b493,f0335a29f3cdb43bcacef5dc85544bfb663da9ccb0ba5ed975b68644065ef4d4,sha256:8e74a58284a6e8c22ac9cbf60231f69217c3cae31c231ef17b0afd81726b8249,verification/dedup_workspace_reuse/dedup-workspace-exact-500/verification.json,"[""no exhaustive Phase 1 replay""]",[],"{""type"":""sampled-content"",""summary"":""changed data and selected unchanged witnesses; qualified roots"",""details"":[{""kind"":""fast-canonical-verification"",""receipt"":""{\""actual_read_logical_bytes\"": \""658505728\"", \""actual_read_regular_paths\"": \""628\"", \""authenticated_global_inodes\"": \""631\"", \""authenticated_namespace_paths\"": \""631\"", \""canonical_root\"": \""0c144c7693501ec587c92a58145022e2ad3f84dd584ff4d69878947f8ca407b5\"", \""certificate_binding\"": \""3a3841ab89cc78d24afc02c9918581f5a96e0eac37436c6210c0c8e94e00fef7\"", \""covered_regular_paths\"": \""0\"", \""extent_assurance\"": \""selected-current-reads-and-certified-unchanged-root-references\"", \""full_canonical_census_performed\"": \""false\"", \""fully_verified\"": \""false\"", \""has_reused_reference\"": \""false\"", \""reference_assurance\"": \""independent_current_content\"", \""reference_native_readback\"": \""false\"", \""reference_root_scope\"": \""none\"", \""scope\"": \""full current namespace/global inode/metadata/aliases; selected changed+witness bytes; unchanged file-state/extent/payload subgraph references certified, those current subgraph bytes not read\"", \""skipped_current_store_logical_bytes\"": \""0\"", \""skipped_current_store_regular_paths\"": \""0\"", \""verification_profile\"": \""fast-verify-v2\"", \""verification_status\"": \""fast_iteration_verified\""}"",""step"":1},{""coverage_sha256"":""e3b0c44298fc1c149afbf4c8996fb92427ae41e4649b934ca495991b7852b855"",""kind"":""fast-native-verification"",""receipt"":""absent_paths_verified=0\ncertificate_binding=3a3841ab89cc78d24afc02c9918581f5a96e0eac37436c6210c0c8e94e00fef7\nchanged_paths_declared=502\ncovered_paths_sha256=e3b0c44298fc1c149afbf4c8996fb92427ae41e4649b934ca495991b7852b855\nfast_witness_profile=native-fast-witness-v2:first-middle-last-seeded-per-namespace-length-depth-class;declared-read-targets\nfully_verified=false\nlogical_bytes=658505728\nnative_namespace_paths_verified=631\nnative_namespace_type_source=DirEntry::file_type;platform-metadata-fallback-permitted;skipped-counts-describe-unperformed-checks-not-syscalls\nnative_namespace_types_verified=631\noracle_identity_encoding=structural-entry-recipes-v1\noracle_scope=independent-delta-and-witnesses;complete-native-namespace;certified-unchanged-content-roots-checked-by-host\nreference_assurance=independent_current_content\nselected_independent_oracle_identity=38cf748fd6d74de15db99cb86b88688cc67c2304d9335bfd35c91203d04c8ccb\nselected_metadata_paths_verified=631\nselected_regular_bytes_verified=658505728\nselected_regular_paths_verified=628\nskipped_untouched_metadata_paths=0\nskipped_untouched_regular_bodies=0\nuncertified_regular_paths_checked=628\nverification_status=fast_iteration_verified\nwitness_paths_declared=6\n"",""step"":1}]}",,,,,,
dedup_workspace_reuse,dedup-workspace-local-1-compact-v2,PASS,1.837970624997979,f592c3ae20935d7623d465e8aacf22703c6861876d758117adba705110f2d0fc,446df40465ad55181b95112968f999534c7d6cb1a2f4d22b4014ecdda120b493,60f9c1140c874f07a8fb0e4a253e431c7f6662dd06f0ddfd80a08e08cf40a14d,sha256:8e74a58284a6e8c22ac9cbf60231f69217c3cae31c231ef17b0afd81726b8249,verification/dedup_workspace_reuse/dedup-workspace-local-1-compact-v2/verification.json,"[""no exhaustive Phase 1 replay""]",[],"{""type"":""sampled-content"",""summary"":""changed data and selected unchanged witnesses; qualified roots"",""details"":[{""kind"":""fast-canonical-verification"",""receipt"":""{\""actual_read_logical_bytes\"": \""2097152\"", \""actual_read_regular_paths\"": \""2\"", \""authenticated_global_inodes\"": \""5\"", \""authenticated_namespace_paths\"": \""5\"", \""canonical_root\"": \""57e013b05ade8c98a949f50bc0c1de0418b03eb066bb665f61cfb0c0242a2fbb\"", \""certificate_binding\"": \""f51cd2500d04b506c54b4c56ed959eb679e0bd7866591f630ca15a18ed43bc58\"", \""covered_regular_paths\"": \""0\"", \""extent_assurance\"": \""selected-current-reads-and-certified-unchanged-root-references\"", \""full_canonical_census_performed\"": \""false\"", \""fully_verified\"": \""false\"", \""has_reused_reference\"": \""false\"", \""reference_assurance\"": \""independent_current_content\"", \""reference_native_readback\"": \""false\"", \""reference_root_scope\"": \""none\"", \""scope\"": \""full current namespace/global inode/metadata/aliases; selected changed+witness bytes; unchanged file-state/extent/payload subgraph references certified, those current subgraph bytes not read\"", \""skipped_current_store_logical_bytes\"": \""0\"", \""skipped_current_store_regular_paths\"": \""0\"", \""verification_profile\"": \""fast-verify-v2\"", \""verification_status\"": \""fast_iteration_verified\""}"",""step"":1},{""coverage_sha256"":""e3b0c44298fc1c149afbf4c8996fb92427ae41e4649b934ca495991b7852b855"",""kind"":""fast-native-verification"",""receipt"":""absent_paths_verified=0\ncertificate_binding=f51cd2500d04b506c54b4c56ed959eb679e0bd7866591f630ca15a18ed43bc58\nchanged_paths_declared=3\ncovered_paths_sha256=e3b0c44298fc1c149afbf4c8996fb92427ae41e4649b934ca495991b7852b855\nfast_witness_profile=native-fast-witness-v2:first-middle-last-seeded-per-namespace-length-depth-class;declared-read-targets\nfully_verified=false\nlogical_bytes=2097152\nnative_namespace_paths_verified=5\nnative_namespace_type_source=DirEntry::file_type;platform-metadata-fallback-permitted;skipped-counts-describe-unperformed-checks-not-syscalls\nnative_namespace_types_verified=5\noracle_identity_encoding=structural-entry-recipes-v1\noracle_scope=independent-delta-and-witnesses;complete-native-namespace;certified-unchanged-content-roots-checked-by-host\nreference_assurance=independent_current_content\nselected_independent_oracle_identity=33d7d467e5e32cacf7a61c723cb753794148d2917d65c8060ff22cead51da92b\nselected_metadata_paths_verified=5\nselected_regular_bytes_verified=2097152\nselected_regular_paths_verified=2\nskipped_untouched_metadata_paths=0\nskipped_untouched_regular_bodies=0\nuncertified_regular_paths_checked=2\nverification_status=fast_iteration_verified\nwitness_paths_declared=3\n"",""step"":1}]}",,,,,,
dedup_workspace_reuse,dedup-workspace-local-10-compact-v2,PASS,2.26244420799776,f592c3ae20935d7623d465e8aacf22703c6861876d758117adba705110f2d0fc,446df40465ad55181b95112968f999534c7d6cb1a2f4d22b4014ecdda120b493,ae192281371b6f6232fedca349f4e6b27b0d9bfa034bee37f2a3b64b5a82cdef,sha256:8e74a58284a6e8c22ac9cbf60231f69217c3cae31c231ef17b0afd81726b8249,verification/dedup_workspace_reuse/dedup-workspace-local-10-compact-v2/verification.json,"[""no exhaustive Phase 1 replay""]",[],"{""type"":""sampled-content"",""summary"":""changed data and selected unchanged witnesses; qualified roots"",""details"":[{""kind"":""fast-canonical-verification"",""receipt"":""{\""actual_read_logical_bytes\"": \""20971520\"", \""actual_read_regular_paths\"": \""20\"", \""authenticated_global_inodes\"": \""23\"", \""authenticated_namespace_paths\"": \""23\"", \""canonical_root\"": \""dc7f17ac7d32d34ac2f30d8e39ff01785d941fb9de0f253bd5b2db347c9f6508\"", \""certificate_binding\"": \""5b6eb4ffdf449f1647d9a74324bc8c4e8d62dc7e62b1ec1823886bf8285e5cb7\"", \""covered_regular_paths\"": \""0\"", \""extent_assurance\"": \""selected-current-reads-and-certified-unchanged-root-references\"", \""full_canonical_census_performed\"": \""false\"", \""fully_verified\"": \""false\"", \""has_reused_reference\"": \""false\"", \""reference_assurance\"": \""independent_current_content\"", \""reference_native_readback\"": \""false\"", \""reference_root_scope\"": \""none\"", \""scope\"": \""full current namespace/global inode/metadata/aliases; selected changed+witness bytes; unchanged file-state/extent/payload subgraph references certified, those current subgraph bytes not read\"", \""skipped_current_store_logical_bytes\"": \""0\"", \""skipped_current_store_regular_paths\"": \""0\"", \""verification_profile\"": \""fast-verify-v2\"", \""verification_status\"": \""fast_iteration_verified\""}"",""step"":1},{""coverage_sha256"":""e3b0c44298fc1c149afbf4c8996fb92427ae41e4649b934ca495991b7852b855"",""kind"":""fast-native-verification"",""receipt"":""absent_paths_verified=0\ncertificate_binding=5b6eb4ffdf449f1647d9a74324bc8c4e8d62dc7e62b1ec1823886bf8285e5cb7\nchanged_paths_declared=12\ncovered_paths_sha256=e3b0c44298fc1c149afbf4c8996fb92427ae41e4649b934ca495991b7852b855\nfast_witness_profile=native-fast-witness-v2:first-middle-last-seeded-per-namespace-length-depth-class;declared-read-targets\nfully_verified=false\nlogical_bytes=20971520\nnative_namespace_paths_verified=23\nnative_namespace_type_source=DirEntry::file_type;platform-metadata-fallback-permitted;skipped-counts-describe-unperformed-checks-not-syscalls\nnative_namespace_types_verified=23\noracle_identity_encoding=structural-entry-recipes-v1\noracle_scope=independent-delta-and-witnesses;complete-native-namespace;certified-unchanged-content-roots-checked-by-host\nreference_assurance=independent_current_content\nselected_independent_oracle_identity=9a8a4c0f9bc87e43cc16d25606b24025af65cdbde894548bd522f8d3242f6d87\nselected_metadata_paths_verified=23\nselected_regular_bytes_verified=20971520\nselected_regular_paths_verified=20\nskipped_untouched_metadata_paths=0\nskipped_untouched_regular_bodies=0\nuncertified_regular_paths_checked=20\nverification_status=fast_iteration_verified\nwitness_paths_declared=6\n"",""step"":1}]}",,,,,,
dedup_workspace_reuse,dedup-workspace-local-100,PASS,6.718023249995895,f592c3ae20935d7623d465e8aacf22703c6861876d758117adba705110f2d0fc,446df40465ad55181b95112968f999534c7d6cb1a2f4d22b4014ecdda120b493,3c68471f6c29ae8ca6a1dada1807cb4d55d5eddbdd8c8ef04cd239a3482a0864,sha256:8e74a58284a6e8c22ac9cbf60231f69217c3cae31c231ef17b0afd81726b8249,verification/dedup_workspace_reuse/dedup-workspace-local-100/verification.json,"[""no exhaustive Phase 1 replay""]",[],"{""type"":""sampled-content"",""summary"":""changed data and selected unchanged witnesses; qualified roots"",""details"":[{""kind"":""fast-canonical-verification"",""receipt"":""{\""actual_read_logical_bytes\"": \""239075328\"", \""actual_read_regular_paths\"": \""228\"", \""authenticated_global_inodes\"": \""231\"", \""authenticated_namespace_paths\"": \""231\"", \""canonical_root\"": \""f7fc4d9f0d8e9e953340efec4931998c5060c0079c07ada2fba1128c6b5192eb\"", \""certificate_binding\"": \""b2d48e22a9ecf287408d40be6599b405d46376609232f6835a3e45b62d206c03\"", \""covered_regular_paths\"": \""0\"", \""extent_assurance\"": \""selected-current-reads-and-certified-unchanged-root-references\"", \""full_canonical_census_performed\"": \""false\"", \""fully_verified\"": \""false\"", \""has_reused_reference\"": \""false\"", \""reference_assurance\"": \""independent_current_content\"", \""reference_native_readback\"": \""false\"", \""reference_root_scope\"": \""none\"", \""scope\"": \""full current namespace/global inode/metadata/aliases; selected changed+witness bytes; unchanged file-state/extent/payload subgraph references certified, those current subgraph bytes not read\"", \""skipped_current_store_logical_bytes\"": \""0\"", \""skipped_current_store_regular_paths\"": \""0\"", \""verification_profile\"": \""fast-verify-v2\"", \""verification_status\"": \""fast_iteration_verified\""}"",""step"":1},{""coverage_sha256"":""e3b0c44298fc1c149afbf4c8996fb92427ae41e4649b934ca495991b7852b855"",""kind"":""fast-native-verification"",""receipt"":""absent_paths_verified=0\ncertificate_binding=b2d48e22a9ecf287408d40be6599b405d46376609232f6835a3e45b62d206c03\nchanged_paths_declared=102\ncovered_paths_sha256=e3b0c44298fc1c149afbf4c8996fb92427ae41e4649b934ca495991b7852b855\nfast_witness_profile=native-fast-witness-v2:first-middle-last-seeded-per-namespace-length-depth-class;declared-read-targets\nfully_verified=false\nlogical_bytes=239075328\nnative_namespace_paths_verified=231\nnative_namespace_type_source=DirEntry::file_type;platform-metadata-fallback-permitted;skipped-counts-describe-unperformed-checks-not-syscalls\nnative_namespace_types_verified=231\noracle_identity_encoding=structural-entry-recipes-v1\noracle_scope=independent-delta-and-witnesses;complete-native-namespace;certified-unchanged-content-roots-checked-by-host\nreference_assurance=independent_current_content\nselected_independent_oracle_identity=eb7c11aae8263eaf1577dda651af446d9eee54f7665aec7b035005b66653b918\nselected_metadata_paths_verified=231\nselected_regular_bytes_verified=239075328\nselected_regular_paths_verified=228\nskipped_untouched_metadata_paths=0\nskipped_untouched_regular_bodies=0\nuncertified_regular_paths_checked=228\nverification_status=fast_iteration_verified\nwitness_paths_declared=6\n"",""step"":1}]}",,,,,,
dedup_workspace_reuse,dedup-workspace-local-500,PASS,16.468694416005746,f592c3ae20935d7623d465e8aacf22703c6861876d758117adba705110f2d0fc,446df40465ad55181b95112968f999534c7d6cb1a2f4d22b4014ecdda120b493,8b8d3201af3de16dc3536e12f4bc986490253640376835751fc7f9f77c10f31d,sha256:8e74a58284a6e8c22ac9cbf60231f69217c3cae31c231ef17b0afd81726b8249,verification/dedup_workspace_reuse/dedup-workspace-local-500/verification.json,"[""no exhaustive Phase 1 replay""]",[],"{""type"":""sampled-content"",""summary"":""changed data and selected unchanged witnesses; qualified roots"",""details"":[{""kind"":""fast-canonical-verification"",""receipt"":""{\""actual_read_logical_bytes\"": \""658505728\"", \""actual_read_regular_paths\"": \""628\"", \""authenticated_global_inodes\"": \""631\"", \""authenticated_namespace_paths\"": \""631\"", \""canonical_root\"": \""df91f5da46d63e0ba2cadc22e4af5e34b1559406b721f171190e961ecb3bbec6\"", \""certificate_binding\"": \""d2784d59068f0cf58231aee2766ccf0eefc7579d927c6e133460da48e3757367\"", \""covered_regular_paths\"": \""0\"", \""extent_assurance\"": \""selected-current-reads-and-certified-unchanged-root-references\"", \""full_canonical_census_performed\"": \""false\"", \""fully_verified\"": \""false\"", \""has_reused_reference\"": \""false\"", \""reference_assurance\"": \""independent_current_content\"", \""reference_native_readback\"": \""false\"", \""reference_root_scope\"": \""none\"", \""scope\"": \""full current namespace/global inode/metadata/aliases; selected changed+witness bytes; unchanged file-state/extent/payload subgraph references certified, those current subgraph bytes not read\"", \""skipped_current_store_logical_bytes\"": \""0\"", \""skipped_current_store_regular_paths\"": \""0\"", \""verification_profile\"": \""fast-verify-v2\"", \""verification_status\"": \""fast_iteration_verified\""}"",""step"":1},{""coverage_sha256"":""e3b0c44298fc1c149afbf4c8996fb92427ae41e4649b934ca495991b7852b855"",""kind"":""fast-native-verification"",""receipt"":""absent_paths_verified=0\ncertificate_binding=d2784d59068f0cf58231aee2766ccf0eefc7579d927c6e133460da48e3757367\nchanged_paths_declared=502\ncovered_paths_sha256=e3b0c44298fc1c149afbf4c8996fb92427ae41e4649b934ca495991b7852b855\nfast_witness_profile=native-fast-witness-v2:first-middle-last-seeded-per-namespace-length-depth-class;declared-read-targets\nfully_verified=false\nlogical_bytes=658505728\nnative_namespace_paths_verified=631\nnative_namespace_type_source=DirEntry::file_type;platform-metadata-fallback-permitted;skipped-counts-describe-unperformed-checks-not-syscalls\nnative_namespace_types_verified=631\noracle_identity_encoding=structural-entry-recipes-v1\noracle_scope=independent-delta-and-witnesses;complete-native-namespace;certified-unchanged-content-roots-checked-by-host\nreference_assurance=independent_current_content\nselected_independent_oracle_identity=c0931eaa378dfdd9d3ef919c225108a676805f3d45b59d34c144e2f46d5279b5\nselected_metadata_paths_verified=631\nselected_regular_bytes_verified=658505728\nselected_regular_paths_verified=628\nskipped_untouched_metadata_paths=0\nskipped_untouched_regular_bodies=0\nuncertified_regular_paths_checked=628\nverification_status=fast_iteration_verified\nwitness_paths_declared=6\n"",""step"":1}]}",,,,,,
dedup_workspace_reuse,dedup-workspace-unique-1-compact-v2,PASS,1.810568000000785,f592c3ae20935d7623d465e8aacf22703c6861876d758117adba705110f2d0fc,446df40465ad55181b95112968f999534c7d6cb1a2f4d22b4014ecdda120b493,df72f3c2409d2a277d35b695a2e9ba4f799dbf4955427ece6b0b3d3bcb063742,sha256:8e74a58284a6e8c22ac9cbf60231f69217c3cae31c231ef17b0afd81726b8249,verification/dedup_workspace_reuse/dedup-workspace-unique-1-compact-v2/verification.json,"[""no exhaustive Phase 1 replay""]",[],"{""type"":""sampled-content"",""summary"":""changed data and selected unchanged witnesses; qualified roots"",""details"":[{""kind"":""fast-canonical-verification"",""receipt"":""{\""actual_read_logical_bytes\"": \""2097152\"", \""actual_read_regular_paths\"": \""2\"", \""authenticated_global_inodes\"": \""5\"", \""authenticated_namespace_paths\"": \""5\"", \""canonical_root\"": \""d7c692bdda0ba23fb9baca3f97fa3eb9f83de1f2c5c69292e94c52e70390ac47\"", \""certificate_binding\"": \""6ff2cf966524cdad306c58582a23b62a7780ce537217dcc887f26aabd33016f3\"", \""covered_regular_paths\"": \""0\"", \""extent_assurance\"": \""selected-current-reads-and-certified-unchanged-root-references\"", \""full_canonical_census_performed\"": \""false\"", \""fully_verified\"": \""false\"", \""has_reused_reference\"": \""false\"", \""reference_assurance\"": \""independent_current_content\"", \""reference_native_readback\"": \""false\"", \""reference_root_scope\"": \""none\"", \""scope\"": \""full current namespace/global inode/metadata/aliases; selected changed+witness bytes; unchanged file-state/extent/payload subgraph references certified, those current subgraph bytes not read\"", \""skipped_current_store_logical_bytes\"": \""0\"", \""skipped_current_store_regular_paths\"": \""0\"", \""verification_profile\"": \""fast-verify-v2\"", \""verification_status\"": \""fast_iteration_verified\""}"",""step"":1},{""coverage_sha256"":""e3b0c44298fc1c149afbf4c8996fb92427ae41e4649b934ca495991b7852b855"",""kind"":""fast-native-verification"",""receipt"":""absent_paths_verified=0\ncertificate_binding=6ff2cf966524cdad306c58582a23b62a7780ce537217dcc887f26aabd33016f3\nchanged_paths_declared=3\ncovered_paths_sha256=e3b0c44298fc1c149afbf4c8996fb92427ae41e4649b934ca495991b7852b855\nfast_witness_profile=native-fast-witness-v2:first-middle-last-seeded-per-namespace-length-depth-class;declared-read-targets\nfully_verified=false\nlogical_bytes=2097152\nnative_namespace_paths_verified=5\nnative_namespace_type_source=DirEntry::file_type;platform-metadata-fallback-permitted;skipped-counts-describe-unperformed-checks-not-syscalls\nnative_namespace_types_verified=5\noracle_identity_encoding=structural-entry-recipes-v1\noracle_scope=independent-delta-and-witnesses;complete-native-namespace;certified-unchanged-content-roots-checked-by-host\nreference_assurance=independent_current_content\nselected_independent_oracle_identity=ca818311b4aa4e1ef39778fe3924fe448c713db090618067b94dea4e09314c92\nselected_metadata_paths_verified=5\nselected_regular_bytes_verified=2097152\nselected_regular_paths_verified=2\nskipped_untouched_metadata_paths=0\nskipped_untouched_regular_bodies=0\nuncertified_regular_paths_checked=2\nverification_status=fast_iteration_verified\nwitness_paths_declared=3\n"",""step"":1}]}",,,,,,
dedup_workspace_reuse,dedup-workspace-unique-10-compact-v2,PASS,2.2860012499877485,f592c3ae20935d7623d465e8aacf22703c6861876d758117adba705110f2d0fc,446df40465ad55181b95112968f999534c7d6cb1a2f4d22b4014ecdda120b493,ac027071d5c9f1402365bd26d0386dec2eb8a5f0d4f60ee0ad54348d514954ca,sha256:8e74a58284a6e8c22ac9cbf60231f69217c3cae31c231ef17b0afd81726b8249,verification/dedup_workspace_reuse/dedup-workspace-unique-10-compact-v2/verification.json,"[""no exhaustive Phase 1 replay""]",[],"{""type"":""sampled-content"",""summary"":""changed data and selected unchanged witnesses; qualified roots"",""details"":[{""kind"":""fast-canonical-verification"",""receipt"":""{\""actual_read_logical_bytes\"": \""20971520\"", \""actual_read_regular_paths\"": \""20\"", \""authenticated_global_inodes\"": \""23\"", \""authenticated_namespace_paths\"": \""23\"", \""canonical_root\"": \""a64f05dd2af3116f82a0779ba2f064a90a8b6d34777aaf40d64a8e2e55063f9d\"", \""certificate_binding\"": \""91d407c20f91a1c86e123b0a897b6e8c7190eed0e6e73433945830584440272a\"", \""covered_regular_paths\"": \""0\"", \""extent_assurance\"": \""selected-current-reads-and-certified-unchanged-root-references\"", \""full_canonical_census_performed\"": \""false\"", \""fully_verified\"": \""false\"", \""has_reused_reference\"": \""false\"", \""reference_assurance\"": \""independent_current_content\"", \""reference_native_readback\"": \""false\"", \""reference_root_scope\"": \""none\"", \""scope\"": \""full current namespace/global inode/metadata/aliases; selected changed+witness bytes; unchanged file-state/extent/payload subgraph references certified, those current subgraph bytes not read\"", \""skipped_current_store_logical_bytes\"": \""0\"", \""skipped_current_store_regular_paths\"": \""0\"", \""verification_profile\"": \""fast-verify-v2\"", \""verification_status\"": \""fast_iteration_verified\""}"",""step"":1},{""coverage_sha256"":""e3b0c44298fc1c149afbf4c8996fb92427ae41e4649b934ca495991b7852b855"",""kind"":""fast-native-verification"",""receipt"":""absent_paths_verified=0\ncertificate_binding=91d407c20f91a1c86e123b0a897b6e8c7190eed0e6e73433945830584440272a\nchanged_paths_declared=12\ncovered_paths_sha256=e3b0c44298fc1c149afbf4c8996fb92427ae41e4649b934ca495991b7852b855\nfast_witness_profile=native-fast-witness-v2:first-middle-last-seeded-per-namespace-length-depth-class;declared-read-targets\nfully_verified=false\nlogical_bytes=20971520\nnative_namespace_paths_verified=23\nnative_namespace_type_source=DirEntry::file_type;platform-metadata-fallback-permitted;skipped-counts-describe-unperformed-checks-not-syscalls\nnative_namespace_types_verified=23\noracle_identity_encoding=structural-entry-recipes-v1\noracle_scope=independent-delta-and-witnesses;complete-native-namespace;certified-unchanged-content-roots-checked-by-host\nreference_assurance=independent_current_content\nselected_independent_oracle_identity=12570788abed9eba531c55284bffbb77b65245994262d960f9ab0eb2525a655d\nselected_metadata_paths_verified=23\nselected_regular_bytes_verified=20971520\nselected_regular_paths_verified=20\nskipped_untouched_metadata_paths=0\nskipped_untouched_regular_bodies=0\nuncertified_regular_paths_checked=20\nverification_status=fast_iteration_verified\nwitness_paths_declared=6\n"",""step"":1}]}",,,,,,
dedup_workspace_reuse,dedup-workspace-unique-100,PASS,6.692703166001593,f592c3ae20935d7623d465e8aacf22703c6861876d758117adba705110f2d0fc,446df40465ad55181b95112968f999534c7d6cb1a2f4d22b4014ecdda120b493,2ef10675997543dd399405870d14c7640f23bc2e1618680b2690e13df7c48393,sha256:8e74a58284a6e8c22ac9cbf60231f69217c3cae31c231ef17b0afd81726b8249,verification/dedup_workspace_reuse/dedup-workspace-unique-100/verification.json,"[""no exhaustive Phase 1 replay""]",[],"{""type"":""sampled-content"",""summary"":""changed data and selected unchanged witnesses; qualified roots"",""details"":[{""kind"":""fast-canonical-verification"",""receipt"":""{\""actual_read_logical_bytes\"": \""239075328\"", \""actual_read_regular_paths\"": \""228\"", \""authenticated_global_inodes\"": \""231\"", \""authenticated_namespace_paths\"": \""231\"", \""canonical_root\"": \""c7f6bbe09eca5fbdf2015df113860b1d03d5937f8644ca4dc1649ebaefc8c228\"", \""certificate_binding\"": \""1bc44a4d61a32f0b4f6ff02b835a45fd3412edcd00a709533ee5d8ff32d01345\"", \""covered_regular_paths\"": \""0\"", \""extent_assurance\"": \""selected-current-reads-and-certified-unchanged-root-references\"", \""full_canonical_census_performed\"": \""false\"", \""fully_verified\"": \""false\"", \""has_reused_reference\"": \""false\"", \""reference_assurance\"": \""independent_current_content\"", \""reference_native_readback\"": \""false\"", \""reference_root_scope\"": \""none\"", \""scope\"": \""full current namespace/global inode/metadata/aliases; selected changed+witness bytes; unchanged file-state/extent/payload subgraph references certified, those current subgraph bytes not read\"", \""skipped_current_store_logical_bytes\"": \""0\"", \""skipped_current_store_regular_paths\"": \""0\"", \""verification_profile\"": \""fast-verify-v2\"", \""verification_status\"": \""fast_iteration_verified\""}"",""step"":1},{""coverage_sha256"":""e3b0c44298fc1c149afbf4c8996fb92427ae41e4649b934ca495991b7852b855"",""kind"":""fast-native-verification"",""receipt"":""absent_paths_verified=0\ncertificate_binding=1bc44a4d61a32f0b4f6ff02b835a45fd3412edcd00a709533ee5d8ff32d01345\nchanged_paths_declared=102\ncovered_paths_sha256=e3b0c44298fc1c149afbf4c8996fb92427ae41e4649b934ca495991b7852b855\nfast_witness_profile=native-fast-witness-v2:first-middle-last-seeded-per-namespace-length-depth-class;declared-read-targets\nfully_verified=false\nlogical_bytes=239075328\nnative_namespace_paths_verified=231\nnative_namespace_type_source=DirEntry::file_type;platform-metadata-fallback-permitted;skipped-counts-describe-unperformed-checks-not-syscalls\nnative_namespace_types_verified=231\noracle_identity_encoding=structural-entry-recipes-v1\noracle_scope=independent-delta-and-witnesses;complete-native-namespace;certified-unchanged-content-roots-checked-by-host\nreference_assurance=independent_current_content\nselected_independent_oracle_identity=93804afd8df35907e67e3f869190fcc7eac7cb61db696cc905abf411f3a07750\nselected_metadata_paths_verified=231\nselected_regular_bytes_verified=239075328\nselected_regular_paths_verified=228\nskipped_untouched_metadata_paths=0\nskipped_untouched_regular_bodies=0\nuncertified_regular_paths_checked=228\nverification_status=fast_iteration_verified\nwitness_paths_declared=6\n"",""step"":1}]}",,,,,,
dedup_workspace_reuse,dedup-workspace-unique-500,PASS,17.145474666001974,f592c3ae20935d7623d465e8aacf22703c6861876d758117adba705110f2d0fc,446df40465ad55181b95112968f999534c7d6cb1a2f4d22b4014ecdda120b493,41443eff0245114ad5ddf43b3f30351c1fefd32b9eb4c9c91251f40b030c4bb5,sha256:8e74a58284a6e8c22ac9cbf60231f69217c3cae31c231ef17b0afd81726b8249,verification/dedup_workspace_reuse/dedup-workspace-unique-500/verification.json,"[""no exhaustive Phase 1 replay""]",[],"{""type"":""sampled-content"",""summary"":""changed data and selected unchanged witnesses; qualified roots"",""details"":[{""kind"":""fast-canonical-verification"",""receipt"":""{\""actual_read_logical_bytes\"": \""658505728\"", \""actual_read_regular_paths\"": \""628\"", \""authenticated_global_inodes\"": \""631\"", \""authenticated_namespace_paths\"": \""631\"", \""canonical_root\"": \""90f40fc73ebb8aba0e2f217ab3b671afc2e57622f35e5dea600bbc88af97ee44\"", \""certificate_binding\"": \""3dd3fd3466bc4e46328e9ff64dd18fee7ffebd7f7d1d524bbd8d13c2465a3047\"", \""covered_regular_paths\"": \""0\"", \""extent_assurance\"": \""selected-current-reads-and-certified-unchanged-root-references\"", \""full_canonical_census_performed\"": \""false\"", \""fully_verified\"": \""false\"", \""has_reused_reference\"": \""false\"", \""reference_assurance\"": \""independent_current_content\"", \""reference_native_readback\"": \""false\"", \""reference_root_scope\"": \""none\"", \""scope\"": \""full current namespace/global inode/metadata/aliases; selected changed+witness bytes; unchanged file-state/extent/payload subgraph references certified, those current subgraph bytes not read\"", \""skipped_current_store_logical_bytes\"": \""0\"", \""skipped_current_store_regular_paths\"": \""0\"", \""verification_profile\"": \""fast-verify-v2\"", \""verification_status\"": \""fast_iteration_verified\""}"",""step"":1},{""coverage_sha256"":""e3b0c44298fc1c149afbf4c8996fb92427ae41e4649b934ca495991b7852b855"",""kind"":""fast-native-verification"",""receipt"":""absent_paths_verified=0\ncertificate_binding=3dd3fd3466bc4e46328e9ff64dd18fee7ffebd7f7d1d524bbd8d13c2465a3047\nchanged_paths_declared=502\ncovered_paths_sha256=e3b0c44298fc1c149afbf4c8996fb92427ae41e4649b934ca495991b7852b855\nfast_witness_profile=native-fast-witness-v2:first-middle-last-seeded-per-namespace-length-depth-class;declared-read-targets\nfully_verified=false\nlogical_bytes=658505728\nnative_namespace_paths_verified=631\nnative_namespace_type_source=DirEntry::file_type;platform-metadata-fallback-permitted;skipped-counts-describe-unperformed-checks-not-syscalls\nnative_namespace_types_verified=631\noracle_identity_encoding=structural-entry-recipes-v1\noracle_scope=independent-delta-and-witnesses;complete-native-namespace;certified-unchanged-content-roots-checked-by-host\nreference_assurance=independent_current_content\nselected_independent_oracle_identity=500fe1e0e88cb6a5e28e63ac86292d3441c31ce3aafb13e293550c013a669eec\nselected_metadata_paths_verified=631\nselected_regular_bytes_verified=658505728\nselected_regular_paths_verified=628\nskipped_untouched_metadata_paths=0\nskipped_untouched_regular_bodies=0\nuncertified_regular_paths_checked=628\nverification_status=fast_iteration_verified\nwitness_paths_declared=6\n"",""step"":1}]}",,,,,,
dedup_workspace_reuse,dedup-workspace-unique-1-base128-v3,PASS,4.6470338749932125,f592c3ae20935d7623d465e8aacf22703c6861876d758117adba705110f2d0fc,446df40465ad55181b95112968f999534c7d6cb1a2f4d22b4014ecdda120b493,01e1a5de1e0c171229cb8d32062faf73a75e23ee591c04593f29241223e06012,sha256:8e74a58284a6e8c22ac9cbf60231f69217c3cae31c231ef17b0afd81726b8249,verification/dedup_workspace_reuse/dedup-workspace-unique-1-base128-v3/verification.json,"[""no exhaustive Phase 1 replay""]",[],"{""type"":""sampled-content"",""summary"":""changed data and selected unchanged witnesses; qualified roots"",""details"":[{""kind"":""fast-canonical-verification"",""receipt"":""{\""actual_read_logical_bytes\"": \""135266304\"", \""actual_read_regular_paths\"": \""129\"", \""authenticated_global_inodes\"": \""132\"", \""authenticated_namespace_paths\"": \""132\"", \""canonical_root\"": \""f7fc345bf4a1b6f4814b4e3f5b337dc2c20576c6b048e3f55c5b525dfe63cd74\"", \""certificate_binding\"": \""f3e339f5f3dbc979398cfde3451a932950150a724ec9216e2c9ac174b8a5dded\"", \""covered_regular_paths\"": \""0\"", \""extent_assurance\"": \""selected-current-reads-and-certified-unchanged-root-references\"", \""full_canonical_census_performed\"": \""false\"", \""fully_verified\"": \""false\"", \""has_reused_reference\"": \""false\"", \""reference_assurance\"": \""independent_current_content\"", \""reference_native_readback\"": \""false\"", \""reference_root_scope\"": \""none\"", \""scope\"": \""full current namespace/global inode/metadata/aliases; selected changed+witness bytes; unchanged file-state/extent/payload subgraph references certified, those current subgraph bytes not read\"", \""skipped_current_store_logical_bytes\"": \""0\"", \""skipped_current_store_regular_paths\"": \""0\"", \""verification_profile\"": \""fast-verify-v2\"", \""verification_status\"": \""fast_iteration_verified\""}"",""step"":1},{""coverage_sha256"":""e3b0c44298fc1c149afbf4c8996fb92427ae41e4649b934ca495991b7852b855"",""kind"":""fast-native-verification"",""receipt"":""absent_paths_verified=0\ncertificate_binding=f3e339f5f3dbc979398cfde3451a932950150a724ec9216e2c9ac174b8a5dded\nchanged_paths_declared=3\ncovered_paths_sha256=e3b0c44298fc1c149afbf4c8996fb92427ae41e4649b934ca495991b7852b855\nfast_witness_profile=native-fast-witness-v2:first-middle-last-seeded-per-namespace-length-depth-class;declared-read-targets\nfully_verified=false\nlogical_bytes=135266304\nnative_namespace_paths_verified=132\nnative_namespace_type_source=DirEntry::file_type;platform-metadata-fallback-permitted;skipped-counts-describe-unperformed-checks-not-syscalls\nnative_namespace_types_verified=132\noracle_identity_encoding=structural-entry-recipes-v1\noracle_scope=independent-delta-and-witnesses;complete-native-namespace;certified-unchanged-content-roots-checked-by-host\nreference_assurance=independent_current_content\nselected_independent_oracle_identity=7439f7aa2579637cdb03ac00655cad5d484633a8df8db89d600ffcfca1c3121d\nselected_metadata_paths_verified=132\nselected_regular_bytes_verified=135266304\nselected_regular_paths_verified=129\nskipped_untouched_metadata_paths=0\nskipped_untouched_regular_bodies=0\nuncertified_regular_paths_checked=129\nverification_status=fast_iteration_verified\nwitness_paths_declared=6\n"",""step"":1}]}",,,,,,
dedup_workspace_reuse,dedup-workspace-unique-10-base128-v3,PASS,4.78530824999325,f592c3ae20935d7623d465e8aacf22703c6861876d758117adba705110f2d0fc,446df40465ad55181b95112968f999534c7d6cb1a2f4d22b4014ecdda120b493,db3984a3d44bf1f1ec13086c69880534a8bfb6786b80b98963e340d6fc089198,sha256:8e74a58284a6e8c22ac9cbf60231f69217c3cae31c231ef17b0afd81726b8249,verification/dedup_workspace_reuse/dedup-workspace-unique-10-base128-v3/verification.json,"[""no exhaustive Phase 1 replay""]",[],"{""type"":""sampled-content"",""summary"":""changed data and selected unchanged witnesses; qualified roots"",""details"":[{""kind"":""fast-canonical-verification"",""receipt"":""{\""actual_read_logical_bytes\"": \""144703488\"", \""actual_read_regular_paths\"": \""138\"", \""authenticated_global_inodes\"": \""141\"", \""authenticated_namespace_paths\"": \""141\"", \""canonical_root\"": \""c34db53b831d470b6c0f93ec0df4ae363d8ae38a03d27988041e1708c6798a72\"", \""certificate_binding\"": \""19ffe83986f964f3c61585869e9665de94118dc68bd8546de8f900c4ec3f30d3\"", \""covered_regular_paths\"": \""0\"", \""extent_assurance\"": \""selected-current-reads-and-certified-unchanged-root-references\"", \""full_canonical_census_performed\"": \""false\"", \""fully_verified\"": \""false\"", \""has_reused_reference\"": \""false\"", \""reference_assurance\"": \""independent_current_content\"", \""reference_native_readback\"": \""false\"", \""reference_root_scope\"": \""none\"", \""scope\"": \""full current namespace/global inode/metadata/aliases; selected changed+witness bytes; unchanged file-state/extent/payload subgraph references certified, those current subgraph bytes not read\"", \""skipped_current_store_logical_bytes\"": \""0\"", \""skipped_current_store_regular_paths\"": \""0\"", \""verification_profile\"": \""fast-verify-v2\"", \""verification_status\"": \""fast_iteration_verified\""}"",""step"":1},{""coverage_sha256"":""e3b0c44298fc1c149afbf4c8996fb92427ae41e4649b934ca495991b7852b855"",""kind"":""fast-native-verification"",""receipt"":""absent_paths_verified=0\ncertificate_binding=19ffe83986f964f3c61585869e9665de94118dc68bd8546de8f900c4ec3f30d3\nchanged_paths_declared=12\ncovered_paths_sha256=e3b0c44298fc1c149afbf4c8996fb92427ae41e4649b934ca495991b7852b855\nfast_witness_profile=native-fast-witness-v2:first-middle-last-seeded-per-namespace-length-depth-class;declared-read-targets\nfully_verified=false\nlogical_bytes=144703488\nnative_namespace_paths_verified=141\nnative_namespace_type_source=DirEntry::file_type;platform-metadata-fallback-permitted;skipped-counts-describe-unperformed-checks-not-syscalls\nnative_namespace_types_verified=141\noracle_identity_encoding=structural-entry-recipes-v1\noracle_scope=independent-delta-and-witnesses;complete-native-namespace;certified-unchanged-content-roots-checked-by-host\nreference_assurance=independent_current_content\nselected_independent_oracle_identity=15138bcc007b312692ca0730bea926d6a6ac0ce22abeb4e005d38f305d425442\nselected_metadata_paths_verified=141\nselected_regular_bytes_verified=144703488\nselected_regular_paths_verified=138\nskipped_untouched_metadata_paths=0\nskipped_untouched_regular_bodies=0\nuncertified_regular_paths_checked=138\nverification_status=fast_iteration_verified\nwitness_paths_declared=6\n"",""step"":1}]}",,,,,,
dedup_cross_file,dedup-cross-file-anchor-1,PASS,1.8088304170087213,f592c3ae20935d7623d465e8aacf22703c6861876d758117adba705110f2d0fc,446df40465ad55181b95112968f999534c7d6cb1a2f4d22b4014ecdda120b493,55c77b1a2ea14ecd3793917645738a65888d320999576f031f655ee225c10f97,sha256:8e74a58284a6e8c22ac9cbf60231f69217c3cae31c231ef17b0afd81726b8249,verification/dedup_cross_file/dedup-cross-file-anchor-1/verification.json,"[""no exhaustive Phase 1 replay""]",[],"{""type"":""sampled-content"",""summary"":""changed data and selected unchanged witnesses; qualified roots"",""details"":[{""kind"":""fast-canonical-verification"",""receipt"":""{\""actual_read_logical_bytes\"": \""1048576\"", \""actual_read_regular_paths\"": \""1\"", \""authenticated_global_inodes\"": \""3\"", \""authenticated_namespace_paths\"": \""3\"", \""canonical_root\"": \""493d033f543cda5d7f037a6cf0c7eb475cf42328030d46593d35f793a9d83097\"", \""certificate_binding\"": \""fd802d948589e95c8c2d4c37080a6755784018a95cf5d6ffeb5cdf90dbe94833\"", \""covered_regular_paths\"": \""0\"", \""extent_assurance\"": \""selected-current-reads-and-certified-unchanged-root-references\"", \""full_canonical_census_performed\"": \""false\"", \""fully_verified\"": \""false\"", \""has_reused_reference\"": \""false\"", \""reference_assurance\"": \""independent_current_content\"", \""reference_native_readback\"": \""false\"", \""reference_root_scope\"": \""none\"", \""scope\"": \""full current namespace/global inode/metadata/aliases; selected changed+witness bytes; unchanged file-state/extent/payload subgraph references certified, those current subgraph bytes not read\"", \""skipped_current_store_logical_bytes\"": \""0\"", \""skipped_current_store_regular_paths\"": \""0\"", \""verification_profile\"": \""fast-verify-v2\"", \""verification_status\"": \""fast_iteration_verified\""}"",""step"":1},{""coverage_sha256"":""e3b0c44298fc1c149afbf4c8996fb92427ae41e4649b934ca495991b7852b855"",""kind"":""fast-native-verification"",""receipt"":""absent_paths_verified=0\ncertificate_binding=fd802d948589e95c8c2d4c37080a6755784018a95cf5d6ffeb5cdf90dbe94833\nchanged_paths_declared=3\ncovered_paths_sha256=e3b0c44298fc1c149afbf4c8996fb92427ae41e4649b934ca495991b7852b855\nfast_witness_profile=native-fast-witness-v2:first-middle-last-seeded-per-namespace-length-depth-class;declared-read-targets\nfully_verified=false\nlogical_bytes=1048576\nnative_namespace_paths_verified=3\nnative_namespace_type_source=DirEntry::file_type;platform-metadata-fallback-permitted;skipped-counts-describe-unperformed-checks-not-syscalls\nnative_namespace_types_verified=3\noracle_identity_encoding=structural-entry-recipes-v1\noracle_scope=independent-delta-and-witnesses;complete-native-namespace;certified-unchanged-content-roots-checked-by-host\nreference_assurance=independent_current_content\nselected_independent_oracle_identity=a5ff7c52b6d5269edc9717dfab6ddf78de77c93819e12f93c4bc5dfe550f0ae8\nselected_metadata_paths_verified=3\nselected_regular_bytes_verified=1048576\nselected_regular_paths_verified=1\nskipped_untouched_metadata_paths=0\nskipped_untouched_regular_bodies=0\nuncertified_regular_paths_checked=1\nverification_status=fast_iteration_verified\nwitness_paths_declared=0\n"",""step"":1}]}",,,,,,
dedup_cross_file,dedup-cross-file-unique-10,PASS,2.0889084999944316,f592c3ae20935d7623d465e8aacf22703c6861876d758117adba705110f2d0fc,446df40465ad55181b95112968f999534c7d6cb1a2f4d22b4014ecdda120b493,d996fec285db3e48a22ad76e6862f7e7aee05bb3817ed7fd1be72973c3109910,sha256:8e74a58284a6e8c22ac9cbf60231f69217c3cae31c231ef17b0afd81726b8249,verification/dedup_cross_file/dedup-cross-file-unique-10/verification.json,"[""no exhaustive Phase 1 replay""]",[],"{""type"":""sampled-content"",""summary"":""changed data and selected unchanged witnesses; qualified roots"",""details"":[{""kind"":""fast-canonical-verification"",""receipt"":""{\""actual_read_logical_bytes\"": \""10485760\"", \""actual_read_regular_paths\"": \""10\"", \""authenticated_global_inodes\"": \""12\"", \""authenticated_namespace_paths\"": \""12\"", \""canonical_root\"": \""d8f5896472c55a7b760995573fd1c487a8d5658bf09be2f338e54d28c2ecf27a\"", \""certificate_binding\"": \""553adb88d2f947486e9e24afc0623bb4b4829c2cc3186f1838169354bc4babca\"", \""covered_regular_paths\"": \""0\"", \""extent_assurance\"": \""selected-current-reads-and-certified-unchanged-root-references\"", \""full_canonical_census_performed\"": \""false\"", \""fully_verified\"": \""false\"", \""has_reused_reference\"": \""false\"", \""reference_assurance\"": \""independent_current_content\"", \""reference_native_readback\"": \""false\"", \""reference_root_scope\"": \""none\"", \""scope\"": \""full current namespace/global inode/metadata/aliases; selected changed+witness bytes; unchanged file-state/extent/payload subgraph references certified, those current subgraph bytes not read\"", \""skipped_current_store_logical_bytes\"": \""0\"", \""skipped_current_store_regular_paths\"": \""0\"", \""verification_profile\"": \""fast-verify-v2\"", \""verification_status\"": \""fast_iteration_verified\""}"",""step"":1},{""coverage_sha256"":""e3b0c44298fc1c149afbf4c8996fb92427ae41e4649b934ca495991b7852b855"",""kind"":""fast-native-verification"",""receipt"":""absent_paths_verified=0\ncertificate_binding=553adb88d2f947486e9e24afc0623bb4b4829c2cc3186f1838169354bc4babca\nchanged_paths_declared=12\ncovered_paths_sha256=e3b0c44298fc1c149afbf4c8996fb92427ae41e4649b934ca495991b7852b855\nfast_witness_profile=native-fast-witness-v2:first-middle-last-seeded-per-namespace-length-depth-class;declared-read-targets\nfully_verified=false\nlogical_bytes=10485760\nnative_namespace_paths_verified=12\nnative_namespace_type_source=DirEntry::file_type;platform-metadata-fallback-permitted;skipped-counts-describe-unperformed-checks-not-syscalls\nnative_namespace_types_verified=12\noracle_identity_encoding=structural-entry-recipes-v1\noracle_scope=independent-delta-and-witnesses;complete-native-namespace;certified-unchanged-content-roots-checked-by-host\nreference_assurance=independent_current_content\nselected_independent_oracle_identity=27e3a4a5f0f2f5206794f0d25bb8c9c9fdbf789367a061d71aed238dad760658\nselected_metadata_paths_verified=12\nselected_regular_bytes_verified=10485760\nselected_regular_paths_verified=10\nskipped_untouched_metadata_paths=0\nskipped_untouched_regular_bodies=0\nuncertified_regular_paths_checked=10\nverification_status=fast_iteration_verified\nwitness_paths_declared=0\n"",""step"":1}]}",,,,,,
dedup_cross_file,dedup-cross-file-unique-100,PASS,4.967885416990612,f592c3ae20935d7623d465e8aacf22703c6861876d758117adba705110f2d0fc,446df40465ad55181b95112968f999534c7d6cb1a2f4d22b4014ecdda120b493,8466c9c4685e2423c774f8b1ab1dde3298e09775ea49252f84b269d69ee72b9f,sha256:8e74a58284a6e8c22ac9cbf60231f69217c3cae31c231ef17b0afd81726b8249,verification/dedup_cross_file/dedup-cross-file-unique-100/verification.json,"[""no exhaustive Phase 1 replay""]",[],"{""type"":""sampled-content"",""summary"":""changed data and selected unchanged witnesses; qualified roots"",""details"":[{""kind"":""fast-canonical-verification"",""receipt"":""{\""actual_read_logical_bytes\"": \""104857600\"", \""actual_read_regular_paths\"": \""100\"", \""authenticated_global_inodes\"": \""102\"", \""authenticated_namespace_paths\"": \""102\"", \""canonical_root\"": \""18761c7184ce39be55894f35d32406594cba27b2a164e0ce6652d48d84b31ecc\"", \""certificate_binding\"": \""5f90e767be14e692e316fcc65b225cfa9d80a92250142fa678b833cfbef3d585\"", \""covered_regular_paths\"": \""0\"", \""extent_assurance\"": \""selected-current-reads-and-certified-unchanged-root-references\"", \""full_canonical_census_performed\"": \""false\"", \""fully_verified\"": \""false\"", \""has_reused_reference\"": \""false\"", \""reference_assurance\"": \""independent_current_content\"", \""reference_native_readback\"": \""false\"", \""reference_root_scope\"": \""none\"", \""scope\"": \""full current namespace/global inode/metadata/aliases; selected changed+witness bytes; unchanged file-state/extent/payload subgraph references certified, those current subgraph bytes not read\"", \""skipped_current_store_logical_bytes\"": \""0\"", \""skipped_current_store_regular_paths\"": \""0\"", \""verification_profile\"": \""fast-verify-v2\"", \""verification_status\"": \""fast_iteration_verified\""}"",""step"":1},{""coverage_sha256"":""e3b0c44298fc1c149afbf4c8996fb92427ae41e4649b934ca495991b7852b855"",""kind"":""fast-native-verification"",""receipt"":""absent_paths_verified=0\ncertificate_binding=5f90e767be14e692e316fcc65b225cfa9d80a92250142fa678b833cfbef3d585\nchanged_paths_declared=102\ncovered_paths_sha256=e3b0c44298fc1c149afbf4c8996fb92427ae41e4649b934ca495991b7852b855\nfast_witness_profile=native-fast-witness-v2:first-middle-last-seeded-per-namespace-length-depth-class;declared-read-targets\nfully_verified=false\nlogical_bytes=104857600\nnative_namespace_paths_verified=102\nnative_namespace_type_source=DirEntry::file_type;platform-metadata-fallback-permitted;skipped-counts-describe-unperformed-checks-not-syscalls\nnative_namespace_types_verified=102\noracle_identity_encoding=structural-entry-recipes-v1\noracle_scope=independent-delta-and-witnesses;complete-native-namespace;certified-unchanged-content-roots-checked-by-host\nreference_assurance=independent_current_content\nselected_independent_oracle_identity=602c45ac4988b1b79c8a1f65713f61352d438a34dc014503fc028b8e62a98f9b\nselected_metadata_paths_verified=102\nselected_regular_bytes_verified=104857600\nselected_regular_paths_verified=100\nskipped_untouched_metadata_paths=0\nskipped_untouched_regular_bodies=0\nuncertified_regular_paths_checked=100\nverification_status=fast_iteration_verified\nwitness_paths_declared=0\n"",""step"":1}]}",,,,,,
dedup_cross_file,dedup-cross-file-unique-500,PASS,16.35377650000737,f592c3ae20935d7623d465e8aacf22703c6861876d758117adba705110f2d0fc,446df40465ad55181b95112968f999534c7d6cb1a2f4d22b4014ecdda120b493,526fe636c3832f3540f9bdc0a4bbda75c771e6810c51eed409caeeb3fb3fd572,sha256:8e74a58284a6e8c22ac9cbf60231f69217c3cae31c231ef17b0afd81726b8249,verification/dedup_cross_file/dedup-cross-file-unique-500/verification.json,"[""no exhaustive Phase 1 replay""]",[],"{""type"":""sampled-content"",""summary"":""changed data and selected unchanged witnesses; qualified roots"",""details"":[{""kind"":""fast-canonical-verification"",""receipt"":""{\""actual_read_logical_bytes\"": \""524288000\"", \""actual_read_regular_paths\"": \""500\"", \""authenticated_global_inodes\"": \""502\"", \""authenticated_namespace_paths\"": \""502\"", \""canonical_root\"": \""ada15454145a38911ddff048c2c822b78979e9217e10ffcd94e6b17a4e963183\"", \""certificate_binding\"": \""4b8040d3d0dac7a4d204835713f0d2da6164ebe73085aee5f357d45a753aac4b\"", \""covered_regular_paths\"": \""0\"", \""extent_assurance\"": \""selected-current-reads-and-certified-unchanged-root-references\"", \""full_canonical_census_performed\"": \""false\"", \""fully_verified\"": \""false\"", \""has_reused_reference\"": \""false\"", \""reference_assurance\"": \""independent_current_content\"", \""reference_native_readback\"": \""false\"", \""reference_root_scope\"": \""none\"", \""scope\"": \""full current namespace/global inode/metadata/aliases; selected changed+witness bytes; unchanged file-state/extent/payload subgraph references certified, those current subgraph bytes not read\"", \""skipped_current_store_logical_bytes\"": \""0\"", \""skipped_current_store_regular_paths\"": \""0\"", \""verification_profile\"": \""fast-verify-v2\"", \""verification_status\"": \""fast_iteration_verified\""}"",""step"":1},{""coverage_sha256"":""e3b0c44298fc1c149afbf4c8996fb92427ae41e4649b934ca495991b7852b855"",""kind"":""fast-native-verification"",""receipt"":""absent_paths_verified=0\ncertificate_binding=4b8040d3d0dac7a4d204835713f0d2da6164ebe73085aee5f357d45a753aac4b\nchanged_paths_declared=502\ncovered_paths_sha256=e3b0c44298fc1c149afbf4c8996fb92427ae41e4649b934ca495991b7852b855\nfast_witness_profile=native-fast-witness-v2:first-middle-last-seeded-per-namespace-length-depth-class;declared-read-targets\nfully_verified=false\nlogical_bytes=524288000\nnative_namespace_paths_verified=502\nnative_namespace_type_source=DirEntry::file_type;platform-metadata-fallback-permitted;skipped-counts-describe-unperformed-checks-not-syscalls\nnative_namespace_types_verified=502\noracle_identity_encoding=structural-entry-recipes-v1\noracle_scope=independent-delta-and-witnesses;complete-native-namespace;certified-unchanged-content-roots-checked-by-host\nreference_assurance=independent_current_content\nselected_independent_oracle_identity=f5ca3a83358202ec6c1d0fa435db02efb0a3c9e5e6cc10a1d2f7760fd6ff3f96\nselected_metadata_paths_verified=502\nselected_regular_bytes_verified=524288000\nselected_regular_paths_verified=500\nskipped_untouched_metadata_paths=0\nskipped_untouched_regular_bodies=0\nuncertified_regular_paths_checked=500\nverification_status=fast_iteration_verified\nwitness_paths_declared=0\n"",""step"":1}]}",,,,,,
dedup_cross_file,dedup-cross-file-identical-10,PASS,2.0977917080017505,f592c3ae20935d7623d465e8aacf22703c6861876d758117adba705110f2d0fc,446df40465ad55181b95112968f999534c7d6cb1a2f4d22b4014ecdda120b493,6ea626325ad8b5d6e8f780af1cd96fb84faf76f81a3c176909197a298ae7e490,sha256:8e74a58284a6e8c22ac9cbf60231f69217c3cae31c231ef17b0afd81726b8249,verification/dedup_cross_file/dedup-cross-file-identical-10/verification.json,"[""no exhaustive Phase 1 replay""]",[],"{""type"":""sampled-content"",""summary"":""changed data and selected unchanged witnesses; qualified roots"",""details"":[{""kind"":""fast-canonical-verification"",""receipt"":""{\""actual_read_logical_bytes\"": \""10485760\"", \""actual_read_regular_paths\"": \""10\"", \""authenticated_global_inodes\"": \""12\"", \""authenticated_namespace_paths\"": \""12\"", \""canonical_root\"": \""c03975d90925482a2fbbd735cbab65a417aec16a7cc86fca01eb9b76495d74a6\"", \""certificate_binding\"": \""201e0ae261855e28d316fde84b93a6493ddeff4cc93ae99182288e0bf2063735\"", \""covered_regular_paths\"": \""0\"", \""extent_assurance\"": \""selected-current-reads-and-certified-unchanged-root-references\"", \""full_canonical_census_performed\"": \""false\"", \""fully_verified\"": \""false\"", \""has_reused_reference\"": \""false\"", \""reference_assurance\"": \""independent_current_content\"", \""reference_native_readback\"": \""false\"", \""reference_root_scope\"": \""none\"", \""scope\"": \""full current namespace/global inode/metadata/aliases; selected changed+witness bytes; unchanged file-state/extent/payload subgraph references certified, those current subgraph bytes not read\"", \""skipped_current_store_logical_bytes\"": \""0\"", \""skipped_current_store_regular_paths\"": \""0\"", \""verification_profile\"": \""fast-verify-v2\"", \""verification_status\"": \""fast_iteration_verified\""}"",""step"":1},{""coverage_sha256"":""e3b0c44298fc1c149afbf4c8996fb92427ae41e4649b934ca495991b7852b855"",""kind"":""fast-native-verification"",""receipt"":""absent_paths_verified=0\ncertificate_binding=201e0ae261855e28d316fde84b93a6493ddeff4cc93ae99182288e0bf2063735\nchanged_paths_declared=12\ncovered_paths_sha256=e3b0c44298fc1c149afbf4c8996fb92427ae41e4649b934ca495991b7852b855\nfast_witness_profile=native-fast-witness-v2:first-middle-last-seeded-per-namespace-length-depth-class;declared-read-targets\nfully_verified=false\nlogical_bytes=10485760\nnative_namespace_paths_verified=12\nnative_namespace_type_source=DirEntry::file_type;platform-metadata-fallback-permitted;skipped-counts-describe-unperformed-checks-not-syscalls\nnative_namespace_types_verified=12\noracle_identity_encoding=structural-entry-recipes-v1\noracle_scope=independent-delta-and-witnesses;complete-native-namespace;certified-unchanged-content-roots-checked-by-host\nreference_assurance=independent_current_content\nselected_independent_oracle_identity=8b6469a4a4854b54d70b63e222e892836cb8635e60e86171ad3e82be13ff9188\nselected_metadata_paths_verified=12\nselected_regular_bytes_verified=10485760\nselected_regular_paths_verified=10\nskipped_untouched_metadata_paths=0\nskipped_untouched_regular_bodies=0\nuncertified_regular_paths_checked=10\nverification_status=fast_iteration_verified\nwitness_paths_declared=0\n"",""step"":1}]}",,,,,,
dedup_cross_file,dedup-cross-file-identical-100,PASS,3.78707145799126,f592c3ae20935d7623d465e8aacf22703c6861876d758117adba705110f2d0fc,446df40465ad55181b95112968f999534c7d6cb1a2f4d22b4014ecdda120b493,d6b8f7c8247a59c4f41834106619c7f9cfe45ac5028851eb17c961f1dd2a1435,sha256:8e74a58284a6e8c22ac9cbf60231f69217c3cae31c231ef17b0afd81726b8249,verification/dedup_cross_file/dedup-cross-file-identical-100/verification.json,"[""no exhaustive Phase 1 replay""]",[],"{""type"":""sampled-content"",""summary"":""changed data and selected unchanged witnesses; qualified roots"",""details"":[{""kind"":""fast-canonical-verification"",""receipt"":""{\""actual_read_logical_bytes\"": \""104857600\"", \""actual_read_regular_paths\"": \""100\"", \""authenticated_global_inodes\"": \""102\"", \""authenticated_namespace_paths\"": \""102\"", \""canonical_root\"": \""826df855bf5c99de7f051662c1e3ee346dbb10be7eedc785b57bb23b8cf37c37\"", \""certificate_binding\"": \""9eef4421aae0477cf3560e20bc8bc71dbbe8ce1697cc9403f6a308b94e36f3e9\"", \""covered_regular_paths\"": \""0\"", \""extent_assurance\"": \""selected-current-reads-and-certified-unchanged-root-references\"", \""full_canonical_census_performed\"": \""false\"", \""fully_verified\"": \""false\"", \""has_reused_reference\"": \""false\"", \""reference_assurance\"": \""independent_current_content\"", \""reference_native_readback\"": \""false\"", \""reference_root_scope\"": \""none\"", \""scope\"": \""full current namespace/global inode/metadata/aliases; selected changed+witness bytes; unchanged file-state/extent/payload subgraph references certified, those current subgraph bytes not read\"", \""skipped_current_store_logical_bytes\"": \""0\"", \""skipped_current_store_regular_paths\"": \""0\"", \""verification_profile\"": \""fast-verify-v2\"", \""verification_status\"": \""fast_iteration_verified\""}"",""step"":1},{""coverage_sha256"":""e3b0c44298fc1c149afbf4c8996fb92427ae41e4649b934ca495991b7852b855"",""kind"":""fast-native-verification"",""receipt"":""absent_paths_verified=0\ncertificate_binding=9eef4421aae0477cf3560e20bc8bc71dbbe8ce1697cc9403f6a308b94e36f3e9\nchanged_paths_declared=102\ncovered_paths_sha256=e3b0c44298fc1c149afbf4c8996fb92427ae41e4649b934ca495991b7852b855\nfast_witness_profile=native-fast-witness-v2:first-middle-last-seeded-per-namespace-length-depth-class;declared-read-targets\nfully_verified=false\nlogical_bytes=104857600\nnative_namespace_paths_verified=102\nnative_namespace_type_source=DirEntry::file_type;platform-metadata-fallback-permitted;skipped-counts-describe-unperformed-checks-not-syscalls\nnative_namespace_types_verified=102\noracle_identity_encoding=structural-entry-recipes-v1\noracle_scope=independent-delta-and-witnesses;complete-native-namespace;certified-unchanged-content-roots-checked-by-host\nreference_assurance=independent_current_content\nselected_independent_oracle_identity=4dcfed405fdaf28401bc7bb0f9ac8a7420e53d33e9741323cba3b66fe186cd23\nselected_metadata_paths_verified=102\nselected_regular_bytes_verified=104857600\nselected_regular_paths_verified=100\nskipped_untouched_metadata_paths=0\nskipped_untouched_regular_bodies=0\nuncertified_regular_paths_checked=100\nverification_status=fast_iteration_verified\nwitness_paths_declared=0\n"",""step"":1}]}",,,,,,
dedup_cross_file,dedup-cross-file-identical-500,PASS,11.414002584002446,f592c3ae20935d7623d465e8aacf22703c6861876d758117adba705110f2d0fc,446df40465ad55181b95112968f999534c7d6cb1a2f4d22b4014ecdda120b493,16d607d27f8e57a92a9539b30b9340ec2bcf894209d41c6d4ef50f2d2f433ed3,sha256:8e74a58284a6e8c22ac9cbf60231f69217c3cae31c231ef17b0afd81726b8249,verification/dedup_cross_file/dedup-cross-file-identical-500/verification.json,"[""no exhaustive Phase 1 replay""]",[],"{""type"":""sampled-content"",""summary"":""changed data and selected unchanged witnesses; qualified roots"",""details"":[{""kind"":""fast-canonical-verification"",""receipt"":""{\""actual_read_logical_bytes\"": \""524288000\"", \""actual_read_regular_paths\"": \""500\"", \""authenticated_global_inodes\"": \""502\"", \""authenticated_namespace_paths\"": \""502\"", \""canonical_root\"": \""15177eb872f77e172541069ccf01e7b655b20dec8d6242038668732ec85da509\"", \""certificate_binding\"": \""7501ae9437bfdbfee6b50b7114409e7ce34e7107197547d69e3b2f89326c28eb\"", \""covered_regular_paths\"": \""0\"", \""extent_assurance\"": \""selected-current-reads-and-certified-unchanged-root-references\"", \""full_canonical_census_performed\"": \""false\"", \""fully_verified\"": \""false\"", \""has_reused_reference\"": \""false\"", \""reference_assurance\"": \""independent_current_content\"", \""reference_native_readback\"": \""false\"", \""reference_root_scope\"": \""none\"", \""scope\"": \""full current namespace/global inode/metadata/aliases; selected changed+witness bytes; unchanged file-state/extent/payload subgraph references certified, those current subgraph bytes not read\"", \""skipped_current_store_logical_bytes\"": \""0\"", \""skipped_current_store_regular_paths\"": \""0\"", \""verification_profile\"": \""fast-verify-v2\"", \""verification_status\"": \""fast_iteration_verified\""}"",""step"":1},{""coverage_sha256"":""e3b0c44298fc1c149afbf4c8996fb92427ae41e4649b934ca495991b7852b855"",""kind"":""fast-native-verification"",""receipt"":""absent_paths_verified=0\ncertificate_binding=7501ae9437bfdbfee6b50b7114409e7ce34e7107197547d69e3b2f89326c28eb\nchanged_paths_declared=502\ncovered_paths_sha256=e3b0c44298fc1c149afbf4c8996fb92427ae41e4649b934ca495991b7852b855\nfast_witness_profile=native-fast-witness-v2:first-middle-last-seeded-per-namespace-length-depth-class;declared-read-targets\nfully_verified=false\nlogical_bytes=524288000\nnative_namespace_paths_verified=502\nnative_namespace_type_source=DirEntry::file_type;platform-metadata-fallback-permitted;skipped-counts-describe-unperformed-checks-not-syscalls\nnative_namespace_types_verified=502\noracle_identity_encoding=structural-entry-recipes-v1\noracle_scope=independent-delta-and-witnesses;complete-native-namespace;certified-unchanged-content-roots-checked-by-host\nreference_assurance=independent_current_content\nselected_independent_oracle_identity=f31fd78b179d87c2bc0c5fd599f6fff09b7fb90ae259db7bdeb1ed4ad310fcb6\nselected_metadata_paths_verified=502\nselected_regular_bytes_verified=524288000\nselected_regular_paths_verified=500\nskipped_untouched_metadata_paths=0\nskipped_untouched_regular_bodies=0\nuncertified_regular_paths_checked=500\nverification_status=fast_iteration_verified\nwitness_paths_declared=0\n"",""step"":1}]}",,,,,,
dedup_cross_file,dedup-cross-file-mixed-10,PASS,2.191850917006377,f592c3ae20935d7623d465e8aacf22703c6861876d758117adba705110f2d0fc,446df40465ad55181b95112968f999534c7d6cb1a2f4d22b4014ecdda120b493,959095b2059776153232e68d47d2297b72c689a7b655f241970e201154ea499f,sha256:8e74a58284a6e8c22ac9cbf60231f69217c3cae31c231ef17b0afd81726b8249,verification/dedup_cross_file/dedup-cross-file-mixed-10/verification.json,"[""no exhaustive Phase 1 replay""]",[],"{""type"":""sampled-content"",""summary"":""changed data and selected unchanged witnesses; qualified roots"",""details"":[{""kind"":""fast-canonical-verification"",""receipt"":""{\""actual_read_logical_bytes\"": \""10485760\"", \""actual_read_regular_paths\"": \""10\"", \""authenticated_global_inodes\"": \""12\"", \""authenticated_namespace_paths\"": \""12\"", \""canonical_root\"": \""368185e89a40c328496d30822d19fa1236441a2119ebc0029c7f9e2c3cdceed4\"", \""certificate_binding\"": \""5c6cb1c36a715573702d1ae55bf3ecce6a5b90ac13d9b345c0367e4ae0f4ecda\"", \""covered_regular_paths\"": \""0\"", \""extent_assurance\"": \""selected-current-reads-and-certified-unchanged-root-references\"", \""full_canonical_census_performed\"": \""false\"", \""fully_verified\"": \""false\"", \""has_reused_reference\"": \""false\"", \""reference_assurance\"": \""independent_current_content\"", \""reference_native_readback\"": \""false\"", \""reference_root_scope\"": \""none\"", \""scope\"": \""full current namespace/global inode/metadata/aliases; selected changed+witness bytes; unchanged file-state/extent/payload subgraph references certified, those current subgraph bytes not read\"", \""skipped_current_store_logical_bytes\"": \""0\"", \""skipped_current_store_regular_paths\"": \""0\"", \""verification_profile\"": \""fast-verify-v2\"", \""verification_status\"": \""fast_iteration_verified\""}"",""step"":1},{""coverage_sha256"":""e3b0c44298fc1c149afbf4c8996fb92427ae41e4649b934ca495991b7852b855"",""kind"":""fast-native-verification"",""receipt"":""absent_paths_verified=0\ncertificate_binding=5c6cb1c36a715573702d1ae55bf3ecce6a5b90ac13d9b345c0367e4ae0f4ecda\nchanged_paths_declared=12\ncovered_paths_sha256=e3b0c44298fc1c149afbf4c8996fb92427ae41e4649b934ca495991b7852b855\nfast_witness_profile=native-fast-witness-v2:first-middle-last-seeded-per-namespace-length-depth-class;declared-read-targets\nfully_verified=false\nlogical_bytes=10485760\nnative_namespace_paths_verified=12\nnative_namespace_type_source=DirEntry::file_type;platform-metadata-fallback-permitted;skipped-counts-describe-unperformed-checks-not-syscalls\nnative_namespace_types_verified=12\noracle_identity_encoding=structural-entry-recipes-v1\noracle_scope=independent-delta-and-witnesses;complete-native-namespace;certified-unchanged-content-roots-checked-by-host\nreference_assurance=independent_current_content\nselected_independent_oracle_identity=a845eaf2c591eac9fb196798612832ea6a21f20b63efa1b7ad70978ed0cce7a9\nselected_metadata_paths_verified=12\nselected_regular_bytes_verified=10485760\nselected_regular_paths_verified=10\nskipped_untouched_metadata_paths=0\nskipped_untouched_regular_bodies=0\nuncertified_regular_paths_checked=10\nverification_status=fast_iteration_verified\nwitness_paths_declared=0\n"",""step"":1}]}",,,,,,
dedup_cross_file,dedup-cross-file-mixed-100,PASS,4.619159499998204,f592c3ae20935d7623d465e8aacf22703c6861876d758117adba705110f2d0fc,446df40465ad55181b95112968f999534c7d6cb1a2f4d22b4014ecdda120b493,b0ee5860798fd072f12f6086366b02d0282718eecb2d2cb06cb120c6f0f8e101,sha256:8e74a58284a6e8c22ac9cbf60231f69217c3cae31c231ef17b0afd81726b8249,verification/dedup_cross_file/dedup-cross-file-mixed-100/verification.json,"[""no exhaustive Phase 1 replay""]",[],"{""type"":""sampled-content"",""summary"":""changed data and selected unchanged witnesses; qualified roots"",""details"":[{""kind"":""fast-canonical-verification"",""receipt"":""{\""actual_read_logical_bytes\"": \""104857600\"", \""actual_read_regular_paths\"": \""100\"", \""authenticated_global_inodes\"": \""102\"", \""authenticated_namespace_paths\"": \""102\"", \""canonical_root\"": \""746cea071cebc16d918ca124033940fac4d32b1d4a4061bb77f3e644e340a3c0\"", \""certificate_binding\"": \""b4f71154abd3ff4a35e5311792ae779fba179be70161f954a140fbc4df87ea3b\"", \""covered_regular_paths\"": \""0\"", \""extent_assurance\"": \""selected-current-reads-and-certified-unchanged-root-references\"", \""full_canonical_census_performed\"": \""false\"", \""fully_verified\"": \""false\"", \""has_reused_reference\"": \""false\"", \""reference_assurance\"": \""independent_current_content\"", \""reference_native_readback\"": \""false\"", \""reference_root_scope\"": \""none\"", \""scope\"": \""full current namespace/global inode/metadata/aliases; selected changed+witness bytes; unchanged file-state/extent/payload subgraph references certified, those current subgraph bytes not read\"", \""skipped_current_store_logical_bytes\"": \""0\"", \""skipped_current_store_regular_paths\"": \""0\"", \""verification_profile\"": \""fast-verify-v2\"", \""verification_status\"": \""fast_iteration_verified\""}"",""step"":1},{""coverage_sha256"":""e3b0c44298fc1c149afbf4c8996fb92427ae41e4649b934ca495991b7852b855"",""kind"":""fast-native-verification"",""receipt"":""absent_paths_verified=0\ncertificate_binding=b4f71154abd3ff4a35e5311792ae779fba179be70161f954a140fbc4df87ea3b\nchanged_paths_declared=102\ncovered_paths_sha256=e3b0c44298fc1c149afbf4c8996fb92427ae41e4649b934ca495991b7852b855\nfast_witness_profile=native-fast-witness-v2:first-middle-last-seeded-per-namespace-length-depth-class;declared-read-targets\nfully_verified=false\nlogical_bytes=104857600\nnative_namespace_paths_verified=102\nnative_namespace_type_source=DirEntry::file_type;platform-metadata-fallback-permitted;skipped-counts-describe-unperformed-checks-not-syscalls\nnative_namespace_types_verified=102\noracle_identity_encoding=structural-entry-recipes-v1\noracle_scope=independent-delta-and-witnesses;complete-native-namespace;certified-unchanged-content-roots-checked-by-host\nreference_assurance=independent_current_content\nselected_independent_oracle_identity=201ac608d3b8b5ab5276370ff85e834a9e004a8c81b8ecacd56c923b15bf359c\nselected_metadata_paths_verified=102\nselected_regular_bytes_verified=104857600\nselected_regular_paths_verified=100\nskipped_untouched_metadata_paths=0\nskipped_untouched_regular_bodies=0\nuncertified_regular_paths_checked=100\nverification_status=fast_iteration_verified\nwitness_paths_declared=0\n"",""step"":1}]}",,,,,,
dedup_cross_file,dedup-cross-file-mixed-500,PASS,15.386793124998803,f592c3ae20935d7623d465e8aacf22703c6861876d758117adba705110f2d0fc,446df40465ad55181b95112968f999534c7d6cb1a2f4d22b4014ecdda120b493,af798871942d0dd42346a67e9a4b7a6784d0103fe537103e64523af6de852840,sha256:8e74a58284a6e8c22ac9cbf60231f69217c3cae31c231ef17b0afd81726b8249,verification/dedup_cross_file/dedup-cross-file-mixed-500/verification.json,"[""no exhaustive Phase 1 replay""]",[],"{""type"":""sampled-content"",""summary"":""changed data and selected unchanged witnesses; qualified roots"",""details"":[{""kind"":""fast-canonical-verification"",""receipt"":""{\""actual_read_logical_bytes\"": \""524288000\"", \""actual_read_regular_paths\"": \""500\"", \""authenticated_global_inodes\"": \""502\"", \""authenticated_namespace_paths\"": \""502\"", \""canonical_root\"": \""2ac65c207f24cfa437170b9d3f0526382b3f28e9a3ef2c1e084f39c34ff8279f\"", \""certificate_binding\"": \""ede4ce1beea0908ecb60e94b9c79a13d0af36e9bb80b8a4ae5b804edb8d5c396\"", \""covered_regular_paths\"": \""0\"", \""extent_assurance\"": \""selected-current-reads-and-certified-unchanged-root-references\"", \""full_canonical_census_performed\"": \""false\"", \""fully_verified\"": \""false\"", \""has_reused_reference\"": \""false\"", \""reference_assurance\"": \""independent_current_content\"", \""reference_native_readback\"": \""false\"", \""reference_root_scope\"": \""none\"", \""scope\"": \""full current namespace/global inode/metadata/aliases; selected changed+witness bytes; unchanged file-state/extent/payload subgraph references certified, those current subgraph bytes not read\"", \""skipped_current_store_logical_bytes\"": \""0\"", \""skipped_current_store_regular_paths\"": \""0\"", \""verification_profile\"": \""fast-verify-v2\"", \""verification_status\"": \""fast_iteration_verified\""}"",""step"":1},{""coverage_sha256"":""e3b0c44298fc1c149afbf4c8996fb92427ae41e4649b934ca495991b7852b855"",""kind"":""fast-native-verification"",""receipt"":""absent_paths_verified=0\ncertificate_binding=ede4ce1beea0908ecb60e94b9c79a13d0af36e9bb80b8a4ae5b804edb8d5c396\nchanged_paths_declared=502\ncovered_paths_sha256=e3b0c44298fc1c149afbf4c8996fb92427ae41e4649b934ca495991b7852b855\nfast_witness_profile=native-fast-witness-v2:first-middle-last-seeded-per-namespace-length-depth-class;declared-read-targets\nfully_verified=false\nlogical_bytes=524288000\nnative_namespace_paths_verified=502\nnative_namespace_type_source=DirEntry::file_type;platform-metadata-fallback-permitted;skipped-counts-describe-unperformed-checks-not-syscalls\nnative_namespace_types_verified=502\noracle_identity_encoding=structural-entry-recipes-v1\noracle_scope=independent-delta-and-witnesses;complete-native-namespace;certified-unchanged-content-roots-checked-by-host\nreference_assurance=independent_current_content\nselected_independent_oracle_identity=d13e64d8d0d786d7a077e63fd780e3fc57af51279a1fe6c0b70c284a8a905270\nselected_metadata_paths_verified=502\nselected_regular_bytes_verified=524288000\nselected_regular_paths_verified=500\nskipped_untouched_metadata_paths=0\nskipped_untouched_regular_bodies=0\nuncertified_regular_paths_checked=500\nverification_status=fast_iteration_verified\nwitness_paths_declared=0\n"",""step"":1}]}",,,,,,
dedup_cdc_locality,dedup-cdc-overwrite-1,PASS,1.8937429999932647,f592c3ae20935d7623d465e8aacf22703c6861876d758117adba705110f2d0fc,446df40465ad55181b95112968f999534c7d6cb1a2f4d22b4014ecdda120b493,014d84f7f7ea61c58d9c28f95c05933f815065efc9f455e8752de1ee87b4e163,sha256:8e74a58284a6e8c22ac9cbf60231f69217c3cae31c231ef17b0afd81726b8249,verification/dedup_cdc_locality/dedup-cdc-overwrite-1/verification.json,"[""no exhaustive Phase 1 replay""]",[],"{""type"":""sampled-content"",""summary"":""changed data and selected unchanged witnesses; qualified roots"",""details"":[{""kind"":""fast-canonical-verification"",""receipt"":""{\""actual_read_logical_bytes\"": \""2097152\"", \""actual_read_regular_paths\"": \""2\"", \""authenticated_global_inodes\"": \""4\"", \""authenticated_namespace_paths\"": \""4\"", \""canonical_root\"": \""32f6f4668ced2925ea0fc77218cb2bf12162049c8fede8dcd93b77b71e38426b\"", \""certificate_binding\"": \""03fa775bd8405acab99d63f6bab32a70ccba94c604ea2f62f102b77cf4fad9bc\"", \""covered_regular_paths\"": \""0\"", \""extent_assurance\"": \""selected-current-reads-and-certified-unchanged-root-references\"", \""full_canonical_census_performed\"": \""false\"", \""fully_verified\"": \""false\"", \""has_reused_reference\"": \""false\"", \""reference_assurance\"": \""independent_current_content\"", \""reference_native_readback\"": \""false\"", \""reference_root_scope\"": \""none\"", \""scope\"": \""full current namespace/global inode/metadata/aliases; selected changed+witness bytes; unchanged file-state/extent/payload subgraph references certified, those current subgraph bytes not read\"", \""skipped_current_store_logical_bytes\"": \""0\"", \""skipped_current_store_regular_paths\"": \""0\"", \""verification_profile\"": \""fast-verify-v2\"", \""verification_status\"": \""fast_iteration_verified\""}"",""step"":1},{""coverage_sha256"":""e3b0c44298fc1c149afbf4c8996fb92427ae41e4649b934ca495991b7852b855"",""kind"":""fast-native-verification"",""receipt"":""absent_paths_verified=0\ncertificate_binding=03fa775bd8405acab99d63f6bab32a70ccba94c604ea2f62f102b77cf4fad9bc\nchanged_paths_declared=4\ncovered_paths_sha256=e3b0c44298fc1c149afbf4c8996fb92427ae41e4649b934ca495991b7852b855\nfast_witness_profile=native-fast-witness-v2:first-middle-last-seeded-per-namespace-length-depth-class;declared-read-targets\nfully_verified=false\nlogical_bytes=2097152\nnative_namespace_paths_verified=4\nnative_namespace_type_source=DirEntry::file_type;platform-metadata-fallback-permitted;skipped-counts-describe-unperformed-checks-not-syscalls\nnative_namespace_types_verified=4\noracle_identity_encoding=structural-entry-recipes-v1\noracle_scope=independent-delta-and-witnesses;complete-native-namespace;certified-unchanged-content-roots-checked-by-host\nreference_assurance=independent_current_content\nselected_independent_oracle_identity=cd2e1b3b03e11b05812374c59ac274bc5f35c5d08140f8338b62d4546ed88b8a\nselected_metadata_paths_verified=4\nselected_regular_bytes_verified=2097152\nselected_regular_paths_verified=2\nskipped_untouched_metadata_paths=0\nskipped_untouched_regular_bodies=0\nuncertified_regular_paths_checked=2\nverification_status=fast_iteration_verified\nwitness_paths_declared=0\n"",""step"":1}]}",,,,,,
dedup_cdc_locality,dedup-cdc-overwrite-10,PASS,2.3053038330108393,f592c3ae20935d7623d465e8aacf22703c6861876d758117adba705110f2d0fc,446df40465ad55181b95112968f999534c7d6cb1a2f4d22b4014ecdda120b493,99327281c86bc779d00afa54a824e1bfae6f903557a02db921cc754f5e777082,sha256:8e74a58284a6e8c22ac9cbf60231f69217c3cae31c231ef17b0afd81726b8249,verification/dedup_cdc_locality/dedup-cdc-overwrite-10/verification.json,"[""no exhaustive Phase 1 replay""]",[],"{""type"":""sampled-content"",""summary"":""changed data and selected unchanged witnesses; qualified roots"",""details"":[{""kind"":""fast-canonical-verification"",""receipt"":""{\""actual_read_logical_bytes\"": \""11534336\"", \""actual_read_regular_paths\"": \""11\"", \""authenticated_global_inodes\"": \""13\"", \""authenticated_namespace_paths\"": \""13\"", \""canonical_root\"": \""f322c07b3e8c0dabe69da5a1742ab13954932bbc31c4d745cbd6fb1678d3b06c\"", \""certificate_binding\"": \""974fae9d0bdb27e748938b11cf201f329113904755638537eb5166ff75ad87e1\"", \""covered_regular_paths\"": \""0\"", \""extent_assurance\"": \""selected-current-reads-and-certified-unchanged-root-references\"", \""full_canonical_census_performed\"": \""false\"", \""fully_verified\"": \""false\"", \""has_reused_reference\"": \""false\"", \""reference_assurance\"": \""independent_current_content\"", \""reference_native_readback\"": \""false\"", \""reference_root_scope\"": \""none\"", \""scope\"": \""full current namespace/global inode/metadata/aliases; selected changed+witness bytes; unchanged file-state/extent/payload subgraph references certified, those current subgraph bytes not read\"", \""skipped_current_store_logical_bytes\"": \""0\"", \""skipped_current_store_regular_paths\"": \""0\"", \""verification_profile\"": \""fast-verify-v2\"", \""verification_status\"": \""fast_iteration_verified\""}"",""step"":1},{""coverage_sha256"":""e3b0c44298fc1c149afbf4c8996fb92427ae41e4649b934ca495991b7852b855"",""kind"":""fast-native-verification"",""receipt"":""absent_paths_verified=0\ncertificate_binding=974fae9d0bdb27e748938b11cf201f329113904755638537eb5166ff75ad87e1\nchanged_paths_declared=13\ncovered_paths_sha256=e3b0c44298fc1c149afbf4c8996fb92427ae41e4649b934ca495991b7852b855\nfast_witness_profile=native-fast-witness-v2:first-middle-last-seeded-per-namespace-length-depth-class;declared-read-targets\nfully_verified=false\nlogical_bytes=11534336\nnative_namespace_paths_verified=13\nnative_namespace_type_source=DirEntry::file_type;platform-metadata-fallback-permitted;skipped-counts-describe-unperformed-checks-not-syscalls\nnative_namespace_types_verified=13\noracle_identity_encoding=structural-entry-recipes-v1\noracle_scope=independent-delta-and-witnesses;complete-native-namespace;certified-unchanged-content-roots-checked-by-host\nreference_assurance=independent_current_content\nselected_independent_oracle_identity=f0f4074751b2a769b578ee4caf9eeffb576bc8b530e5952f8aef0d70d2dcc584\nselected_metadata_paths_verified=13\nselected_regular_bytes_verified=11534336\nselected_regular_paths_verified=11\nskipped_untouched_metadata_paths=0\nskipped_untouched_regular_bodies=0\nuncertified_regular_paths_checked=11\nverification_status=fast_iteration_verified\nwitness_paths_declared=0\n"",""step"":1}]}",,,,,,
dedup_cdc_locality,dedup-cdc-overwrite-100,PASS,5.526330166001571,f592c3ae20935d7623d465e8aacf22703c6861876d758117adba705110f2d0fc,446df40465ad55181b95112968f999534c7d6cb1a2f4d22b4014ecdda120b493,6aa7abed7c0136a5da34ba34d692c31a22f64b35fe9d508dc7f559c998dbd0bd,sha256:8e74a58284a6e8c22ac9cbf60231f69217c3cae31c231ef17b0afd81726b8249,verification/dedup_cdc_locality/dedup-cdc-overwrite-100/verification.json,"[""no exhaustive Phase 1 replay""]",[],"{""type"":""sampled-content"",""summary"":""changed data and selected unchanged witnesses; qualified roots"",""details"":[{""kind"":""fast-canonical-verification"",""receipt"":""{\""actual_read_logical_bytes\"": \""105906176\"", \""actual_read_regular_paths\"": \""101\"", \""authenticated_global_inodes\"": \""103\"", \""authenticated_namespace_paths\"": \""103\"", \""canonical_root\"": \""a7f866966766fe522d7d2dd4e09b49cd4ed84a37fd1efa950e99812bd6ddf115\"", \""certificate_binding\"": \""ca5990e85a094f05bb5b86367637c35099a178be52f6d9ec8aaa92c49df588d4\"", \""covered_regular_paths\"": \""0\"", \""extent_assurance\"": \""selected-current-reads-and-certified-unchanged-root-references\"", \""full_canonical_census_performed\"": \""false\"", \""fully_verified\"": \""false\"", \""has_reused_reference\"": \""false\"", \""reference_assurance\"": \""independent_current_content\"", \""reference_native_readback\"": \""false\"", \""reference_root_scope\"": \""none\"", \""scope\"": \""full current namespace/global inode/metadata/aliases; selected changed+witness bytes; unchanged file-state/extent/payload subgraph references certified, those current subgraph bytes not read\"", \""skipped_current_store_logical_bytes\"": \""0\"", \""skipped_current_store_regular_paths\"": \""0\"", \""verification_profile\"": \""fast-verify-v2\"", \""verification_status\"": \""fast_iteration_verified\""}"",""step"":1},{""coverage_sha256"":""e3b0c44298fc1c149afbf4c8996fb92427ae41e4649b934ca495991b7852b855"",""kind"":""fast-native-verification"",""receipt"":""absent_paths_verified=0\ncertificate_binding=ca5990e85a094f05bb5b86367637c35099a178be52f6d9ec8aaa92c49df588d4\nchanged_paths_declared=103\ncovered_paths_sha256=e3b0c44298fc1c149afbf4c8996fb92427ae41e4649b934ca495991b7852b855\nfast_witness_profile=native-fast-witness-v2:first-middle-last-seeded-per-namespace-length-depth-class;declared-read-targets\nfully_verified=false\nlogical_bytes=105906176\nnative_namespace_paths_verified=103\nnative_namespace_type_source=DirEntry::file_type;platform-metadata-fallback-permitted;skipped-counts-describe-unperformed-checks-not-syscalls\nnative_namespace_types_verified=103\noracle_identity_encoding=structural-entry-recipes-v1\noracle_scope=independent-delta-and-witnesses;complete-native-namespace;certified-unchanged-content-roots-checked-by-host\nreference_assurance=independent_current_content\nselected_independent_oracle_identity=f1df1a41dc4ef93d11c5c865f73a220e007ed18d7940c83e668bc63ce958946e\nselected_metadata_paths_verified=103\nselected_regular_bytes_verified=105906176\nselected_regular_paths_verified=101\nskipped_untouched_metadata_paths=0\nskipped_untouched_regular_bodies=0\nuncertified_regular_paths_checked=101\nverification_status=fast_iteration_verified\nwitness_paths_declared=0\n"",""step"":1}]}",,,,,,
dedup_cdc_locality,dedup-cdc-overwrite-500,PASS,19.509087458005524,f592c3ae20935d7623d465e8aacf22703c6861876d758117adba705110f2d0fc,446df40465ad55181b95112968f999534c7d6cb1a2f4d22b4014ecdda120b493,edee2b3e69e3e01c4d13356c6419259d56cbdf56c5f35df2fc34beca9b0c6528,sha256:8e74a58284a6e8c22ac9cbf60231f69217c3cae31c231ef17b0afd81726b8249,verification/dedup_cdc_locality/dedup-cdc-overwrite-500/verification.json,"[""no exhaustive Phase 1 replay""]",[],"{""type"":""sampled-content"",""summary"":""changed data and selected unchanged witnesses; qualified roots"",""details"":[{""kind"":""fast-canonical-verification"",""receipt"":""{\""actual_read_logical_bytes\"": \""525336576\"", \""actual_read_regular_paths\"": \""501\"", \""authenticated_global_inodes\"": \""503\"", \""authenticated_namespace_paths\"": \""503\"", \""canonical_root\"": \""891aacd74eb35e6eebebeb2b5db2dfa992a5ef9b3429bd08e44a5f9b4b24f234\"", \""certificate_binding\"": \""c274a95696e98f9da4c9196433ef713dc495dfa9877a3dde39198272c279ee1b\"", \""covered_regular_paths\"": \""0\"", \""extent_assurance\"": \""selected-current-reads-and-certified-unchanged-root-references\"", \""full_canonical_census_performed\"": \""false\"", \""fully_verified\"": \""false\"", \""has_reused_reference\"": \""false\"", \""reference_assurance\"": \""independent_current_content\"", \""reference_native_readback\"": \""false\"", \""reference_root_scope\"": \""none\"", \""scope\"": \""full current namespace/global inode/metadata/aliases; selected changed+witness bytes; unchanged file-state/extent/payload subgraph references certified, those current subgraph bytes not read\"", \""skipped_current_store_logical_bytes\"": \""0\"", \""skipped_current_store_regular_paths\"": \""0\"", \""verification_profile\"": \""fast-verify-v2\"", \""verification_status\"": \""fast_iteration_verified\""}"",""step"":1},{""coverage_sha256"":""e3b0c44298fc1c149afbf4c8996fb92427ae41e4649b934ca495991b7852b855"",""kind"":""fast-native-verification"",""receipt"":""absent_paths_verified=0\ncertificate_binding=c274a95696e98f9da4c9196433ef713dc495dfa9877a3dde39198272c279ee1b\nchanged_paths_declared=503\ncovered_paths_sha256=e3b0c44298fc1c149afbf4c8996fb92427ae41e4649b934ca495991b7852b855\nfast_witness_profile=native-fast-witness-v2:first-middle-last-seeded-per-namespace-length-depth-class;declared-read-targets\nfully_verified=false\nlogical_bytes=525336576\nnative_namespace_paths_verified=503\nnative_namespace_type_source=DirEntry::file_type;platform-metadata-fallback-permitted;skipped-counts-describe-unperformed-checks-not-syscalls\nnative_namespace_types_verified=503\noracle_identity_encoding=structural-entry-recipes-v1\noracle_scope=independent-delta-and-witnesses;complete-native-namespace;certified-unchanged-content-roots-checked-by-host\nreference_assurance=independent_current_content\nselected_independent_oracle_identity=f72feb880b61161aefbacd2db78d63ff6b760510617cfa9b107390b6953cd595\nselected_metadata_paths_verified=503\nselected_regular_bytes_verified=525336576\nselected_regular_paths_verified=501\nskipped_untouched_metadata_paths=0\nskipped_untouched_regular_bodies=0\nuncertified_regular_paths_checked=501\nverification_status=fast_iteration_verified\nwitness_paths_declared=0\n"",""step"":1}]}",,,,,,
dedup_cdc_locality,dedup-cdc-insert-1,PASS,2.075602833996527,f592c3ae20935d7623d465e8aacf22703c6861876d758117adba705110f2d0fc,446df40465ad55181b95112968f999534c7d6cb1a2f4d22b4014ecdda120b493,2381faffe21212b8b9f167c5a0550134a7b8f9bca732477d633cb5a0a458a345,sha256:8e74a58284a6e8c22ac9cbf60231f69217c3cae31c231ef17b0afd81726b8249,verification/dedup_cdc_locality/dedup-cdc-insert-1/verification.json,"[""no exhaustive Phase 1 replay""]",[],"{""type"":""sampled-content"",""summary"":""changed data and selected unchanged witnesses; qualified roots"",""details"":[{""kind"":""fast-canonical-verification"",""receipt"":""{\""actual_read_logical_bytes\"": \""2101248\"", \""actual_read_regular_paths\"": \""2\"", \""authenticated_global_inodes\"": \""4\"", \""authenticated_namespace_paths\"": \""4\"", \""canonical_root\"": \""cec4f6e8a4abc457a2a24be0da3b8d9a3649e5806b1f1ea0df44475ebbbf62ae\"", \""certificate_binding\"": \""7663535c7eba07be5f87323a84885df57a65f11c3d481d4845b14a437f82936e\"", \""covered_regular_paths\"": \""0\"", \""extent_assurance\"": \""selected-current-reads-and-certified-unchanged-root-references\"", \""full_canonical_census_performed\"": \""false\"", \""fully_verified\"": \""false\"", \""has_reused_reference\"": \""false\"", \""reference_assurance\"": \""independent_current_content\"", \""reference_native_readback\"": \""false\"", \""reference_root_scope\"": \""none\"", \""scope\"": \""full current namespace/global inode/metadata/aliases; selected changed+witness bytes; unchanged file-state/extent/payload subgraph references certified, those current subgraph bytes not read\"", \""skipped_current_store_logical_bytes\"": \""0\"", \""skipped_current_store_regular_paths\"": \""0\"", \""verification_profile\"": \""fast-verify-v2\"", \""verification_status\"": \""fast_iteration_verified\""}"",""step"":1},{""coverage_sha256"":""e3b0c44298fc1c149afbf4c8996fb92427ae41e4649b934ca495991b7852b855"",""kind"":""fast-native-verification"",""receipt"":""absent_paths_verified=0\ncertificate_binding=7663535c7eba07be5f87323a84885df57a65f11c3d481d4845b14a437f82936e\nchanged_paths_declared=4\ncovered_paths_sha256=e3b0c44298fc1c149afbf4c8996fb92427ae41e4649b934ca495991b7852b855\nfast_witness_profile=native-fast-witness-v2:first-middle-last-seeded-per-namespace-length-depth-class;declared-read-targets\nfully_verified=false\nlogical_bytes=2101248\nnative_namespace_paths_verified=4\nnative_namespace_type_source=DirEntry::file_type;platform-metadata-fallback-permitted;skipped-counts-describe-unperformed-checks-not-syscalls\nnative_namespace_types_verified=4\noracle_identity_encoding=structural-entry-recipes-v1\noracle_scope=independent-delta-and-witnesses;complete-native-namespace;certified-unchanged-content-roots-checked-by-host\nreference_assurance=independent_current_content\nselected_independent_oracle_identity=aec76782603fcc0e28c80f751ab7882dba2aa9c907247b787c5c21db7be55274\nselected_metadata_paths_verified=4\nselected_regular_bytes_verified=2101248\nselected_regular_paths_verified=2\nskipped_untouched_metadata_paths=0\nskipped_untouched_regular_bodies=0\nuncertified_regular_paths_checked=2\nverification_status=fast_iteration_verified\nwitness_paths_declared=0\n"",""step"":1}]}",,,,,,
dedup_cdc_locality,dedup-cdc-insert-10,PASS,2.1921925000060583,f592c3ae20935d7623d465e8aacf22703c6861876d758117adba705110f2d0fc,446df40465ad55181b95112968f999534c7d6cb1a2f4d22b4014ecdda120b493,17d83616cb5bede2d5a30839ec1af624e45e8eba77d7647324c5074ee46c364b,sha256:8e74a58284a6e8c22ac9cbf60231f69217c3cae31c231ef17b0afd81726b8249,verification/dedup_cdc_locality/dedup-cdc-insert-10/verification.json,"[""no exhaustive Phase 1 replay""]",[],"{""type"":""sampled-content"",""summary"":""changed data and selected unchanged witnesses; qualified roots"",""details"":[{""kind"":""fast-canonical-verification"",""receipt"":""{\""actual_read_logical_bytes\"": \""11575296\"", \""actual_read_regular_paths\"": \""11\"", \""authenticated_global_inodes\"": \""13\"", \""authenticated_namespace_paths\"": \""13\"", \""canonical_root\"": \""0461bbca3aae2a59a14d12dd040a39c4193271b4ea742719371a8a4d7595ae0e\"", \""certificate_binding\"": \""7a427bdb528f40b9101c5ce919790df6bd5e73f9b595ed1891412ee4f24b1cfe\"", \""covered_regular_paths\"": \""0\"", \""extent_assurance\"": \""selected-current-reads-and-certified-unchanged-root-references\"", \""full_canonical_census_performed\"": \""false\"", \""fully_verified\"": \""false\"", \""has_reused_reference\"": \""false\"", \""reference_assurance\"": \""independent_current_content\"", \""reference_native_readback\"": \""false\"", \""reference_root_scope\"": \""none\"", \""scope\"": \""full current namespace/global inode/metadata/aliases; selected changed+witness bytes; unchanged file-state/extent/payload subgraph references certified, those current subgraph bytes not read\"", \""skipped_current_store_logical_bytes\"": \""0\"", \""skipped_current_store_regular_paths\"": \""0\"", \""verification_profile\"": \""fast-verify-v2\"", \""verification_status\"": \""fast_iteration_verified\""}"",""step"":1},{""coverage_sha256"":""e3b0c44298fc1c149afbf4c8996fb92427ae41e4649b934ca495991b7852b855"",""kind"":""fast-native-verification"",""receipt"":""absent_paths_verified=0\ncertificate_binding=7a427bdb528f40b9101c5ce919790df6bd5e73f9b595ed1891412ee4f24b1cfe\nchanged_paths_declared=13\ncovered_paths_sha256=e3b0c44298fc1c149afbf4c8996fb92427ae41e4649b934ca495991b7852b855\nfast_witness_profile=native-fast-witness-v2:first-middle-last-seeded-per-namespace-length-depth-class;declared-read-targets\nfully_verified=false\nlogical_bytes=11575296\nnative_namespace_paths_verified=13\nnative_namespace_type_source=DirEntry::file_type;platform-metadata-fallback-permitted;skipped-counts-describe-unperformed-checks-not-syscalls\nnative_namespace_types_verified=13\noracle_identity_encoding=structural-entry-recipes-v1\noracle_scope=independent-delta-and-witnesses;complete-native-namespace;certified-unchanged-content-roots-checked-by-host\nreference_assurance=independent_current_content\nselected_independent_oracle_identity=ba69f739b1488921964ba75833f50e395475dd7181ea7be1aab8b2305d7ab070\nselected_metadata_paths_verified=13\nselected_regular_bytes_verified=11575296\nselected_regular_paths_verified=11\nskipped_untouched_metadata_paths=0\nskipped_untouched_regular_bodies=0\nuncertified_regular_paths_checked=11\nverification_status=fast_iteration_verified\nwitness_paths_declared=0\n"",""step"":1}]}",,,,,,
dedup_cdc_locality,dedup-cdc-insert-100,PASS,5.522222375002457,f592c3ae20935d7623d465e8aacf22703c6861876d758117adba705110f2d0fc,446df40465ad55181b95112968f999534c7d6cb1a2f4d22b4014ecdda120b493,497db35f613646765c10b748a6cafc8eb48f8b37ac8d046a7eb642e850d14ed9,sha256:8e74a58284a6e8c22ac9cbf60231f69217c3cae31c231ef17b0afd81726b8249,verification/dedup_cdc_locality/dedup-cdc-insert-100/verification.json,"[""no exhaustive Phase 1 replay""]",[],"{""type"":""sampled-content"",""summary"":""changed data and selected unchanged witnesses; qualified roots"",""details"":[{""kind"":""fast-canonical-verification"",""receipt"":""{\""actual_read_logical_bytes\"": \""106315776\"", \""actual_read_regular_paths\"": \""101\"", \""authenticated_global_inodes\"": \""103\"", \""authenticated_namespace_paths\"": \""103\"", \""canonical_root\"": \""e42e552bd7e2447b8c222aa2abe2c8ab47c7fda4afb08c2894ba99f637bdca18\"", \""certificate_binding\"": \""1a1011b7074a43afc3cb173d999ee97c25942d73fcceba3f6649242fa7602ae4\"", \""covered_regular_paths\"": \""0\"", \""extent_assurance\"": \""selected-current-reads-and-certified-unchanged-root-references\"", \""full_canonical_census_performed\"": \""false\"", \""fully_verified\"": \""false\"", \""has_reused_reference\"": \""false\"", \""reference_assurance\"": \""independent_current_content\"", \""reference_native_readback\"": \""false\"", \""reference_root_scope\"": \""none\"", \""scope\"": \""full current namespace/global inode/metadata/aliases; selected changed+witness bytes; unchanged file-state/extent/payload subgraph references certified, those current subgraph bytes not read\"", \""skipped_current_store_logical_bytes\"": \""0\"", \""skipped_current_store_regular_paths\"": \""0\"", \""verification_profile\"": \""fast-verify-v2\"", \""verification_status\"": \""fast_iteration_verified\""}"",""step"":1},{""coverage_sha256"":""e3b0c44298fc1c149afbf4c8996fb92427ae41e4649b934ca495991b7852b855"",""kind"":""fast-native-verification"",""receipt"":""absent_paths_verified=0\ncertificate_binding=1a1011b7074a43afc3cb173d999ee97c25942d73fcceba3f6649242fa7602ae4\nchanged_paths_declared=103\ncovered_paths_sha256=e3b0c44298fc1c149afbf4c8996fb92427ae41e4649b934ca495991b7852b855\nfast_witness_profile=native-fast-witness-v2:first-middle-last-seeded-per-namespace-length-depth-class;declared-read-targets\nfully_verified=false\nlogical_bytes=106315776\nnative_namespace_paths_verified=103\nnative_namespace_type_source=DirEntry::file_type;platform-metadata-fallback-permitted;skipped-counts-describe-unperformed-checks-not-syscalls\nnative_namespace_types_verified=103\noracle_identity_encoding=structural-entry-recipes-v1\noracle_scope=independent-delta-and-witnesses;complete-native-namespace;certified-unchanged-content-roots-checked-by-host\nreference_assurance=independent_current_content\nselected_independent_oracle_identity=29a967deb6a8b2471b3685cc6d1a5fb7f54032bb11e16d1f1392d0466b417cad\nselected_metadata_paths_verified=103\nselected_regular_bytes_verified=106315776\nselected_regular_paths_verified=101\nskipped_untouched_metadata_paths=0\nskipped_untouched_regular_bodies=0\nuncertified_regular_paths_checked=101\nverification_status=fast_iteration_verified\nwitness_paths_declared=0\n"",""step"":1}]}",,,,,,
dedup_cdc_locality,dedup-cdc-insert-500,PASS,19.590034375010873,f592c3ae20935d7623d465e8aacf22703c6861876d758117adba705110f2d0fc,446df40465ad55181b95112968f999534c7d6cb1a2f4d22b4014ecdda120b493,c2ab7b3bd63b6acda5edb1285af7037230c203b4e1c1e5426e8e7aab3e45fba7,sha256:8e74a58284a6e8c22ac9cbf60231f69217c3cae31c231ef17b0afd81726b8249,verification/dedup_cdc_locality/dedup-cdc-insert-500/verification.json,"[""no exhaustive Phase 1 replay""]",[],"{""type"":""sampled-content"",""summary"":""changed data and selected unchanged witnesses; qualified roots"",""details"":[{""kind"":""fast-canonical-verification"",""receipt"":""{\""actual_read_logical_bytes\"": \""527384576\"", \""actual_read_regular_paths\"": \""501\"", \""authenticated_global_inodes\"": \""503\"", \""authenticated_namespace_paths\"": \""503\"", \""canonical_root\"": \""5000bec8b2d30021ca4259c11760db03a8e016d1e1f76c85d66f2fc03212e788\"", \""certificate_binding\"": \""607f4a48d691b5b90bbdbad6cc1036017c6dad6d6120724ee46ca051b13d1ed5\"", \""covered_regular_paths\"": \""0\"", \""extent_assurance\"": \""selected-current-reads-and-certified-unchanged-root-references\"", \""full_canonical_census_performed\"": \""false\"", \""fully_verified\"": \""false\"", \""has_reused_reference\"": \""false\"", \""reference_assurance\"": \""independent_current_content\"", \""reference_native_readback\"": \""false\"", \""reference_root_scope\"": \""none\"", \""scope\"": \""full current namespace/global inode/metadata/aliases; selected changed+witness bytes; unchanged file-state/extent/payload subgraph references certified, those current subgraph bytes not read\"", \""skipped_current_store_logical_bytes\"": \""0\"", \""skipped_current_store_regular_paths\"": \""0\"", \""verification_profile\"": \""fast-verify-v2\"", \""verification_status\"": \""fast_iteration_verified\""}"",""step"":1},{""coverage_sha256"":""e3b0c44298fc1c149afbf4c8996fb92427ae41e4649b934ca495991b7852b855"",""kind"":""fast-native-verification"",""receipt"":""absent_paths_verified=0\ncertificate_binding=607f4a48d691b5b90bbdbad6cc1036017c6dad6d6120724ee46ca051b13d1ed5\nchanged_paths_declared=503\ncovered_paths_sha256=e3b0c44298fc1c149afbf4c8996fb92427ae41e4649b934ca495991b7852b855\nfast_witness_profile=native-fast-witness-v2:first-middle-last-seeded-per-namespace-length-depth-class;declared-read-targets\nfully_verified=false\nlogical_bytes=527384576\nnative_namespace_paths_verified=503\nnative_namespace_type_source=DirEntry::file_type;platform-metadata-fallback-permitted;skipped-counts-describe-unperformed-checks-not-syscalls\nnative_namespace_types_verified=503\noracle_identity_encoding=structural-entry-recipes-v1\noracle_scope=independent-delta-and-witnesses;complete-native-namespace;certified-unchanged-content-roots-checked-by-host\nreference_assurance=independent_current_content\nselected_independent_oracle_identity=cfdd56882941e547854140dd11b2fc81579584d88c556601b13315e8f5a5fba8\nselected_metadata_paths_verified=503\nselected_regular_bytes_verified=527384576\nselected_regular_paths_verified=501\nskipped_untouched_metadata_paths=0\nskipped_untouched_regular_bodies=0\nuncertified_regular_paths_checked=501\nverification_status=fast_iteration_verified\nwitness_paths_declared=0\n"",""step"":1}]}",,,,,,
dedup_cdc_locality,dedup-cdc-delete-1,PASS,1.823948291988927,f592c3ae20935d7623d465e8aacf22703c6861876d758117adba705110f2d0fc,446df40465ad55181b95112968f999534c7d6cb1a2f4d22b4014ecdda120b493,01d624bfe7ff8d70126de9130de55639a868ea8dd8f496ce05367c28604b164b,sha256:8e74a58284a6e8c22ac9cbf60231f69217c3cae31c231ef17b0afd81726b8249,verification/dedup_cdc_locality/dedup-cdc-delete-1/verification.json,"[""no exhaustive Phase 1 replay""]",[],"{""type"":""sampled-content"",""summary"":""changed data and selected unchanged witnesses; qualified roots"",""details"":[{""kind"":""fast-canonical-verification"",""receipt"":""{\""actual_read_logical_bytes\"": \""2093056\"", \""actual_read_regular_paths\"": \""2\"", \""authenticated_global_inodes\"": \""4\"", \""authenticated_namespace_paths\"": \""4\"", \""canonical_root\"": \""c462378ab984527868d17852c0cb23abbac32ab86dc2c80d759bebf5ba2f58bc\"", \""certificate_binding\"": \""bf28eeaa7195d728cea9d0f955cbf60f57ab28b22439cbc767f2129a5cedefa1\"", \""covered_regular_paths\"": \""0\"", \""extent_assurance\"": \""selected-current-reads-and-certified-unchanged-root-references\"", \""full_canonical_census_performed\"": \""false\"", \""fully_verified\"": \""false\"", \""has_reused_reference\"": \""false\"", \""reference_assurance\"": \""independent_current_content\"", \""reference_native_readback\"": \""false\"", \""reference_root_scope\"": \""none\"", \""scope\"": \""full current namespace/global inode/metadata/aliases; selected changed+witness bytes; unchanged file-state/extent/payload subgraph references certified, those current subgraph bytes not read\"", \""skipped_current_store_logical_bytes\"": \""0\"", \""skipped_current_store_regular_paths\"": \""0\"", \""verification_profile\"": \""fast-verify-v2\"", \""verification_status\"": \""fast_iteration_verified\""}"",""step"":1},{""coverage_sha256"":""e3b0c44298fc1c149afbf4c8996fb92427ae41e4649b934ca495991b7852b855"",""kind"":""fast-native-verification"",""receipt"":""absent_paths_verified=0\ncertificate_binding=bf28eeaa7195d728cea9d0f955cbf60f57ab28b22439cbc767f2129a5cedefa1\nchanged_paths_declared=4\ncovered_paths_sha256=e3b0c44298fc1c149afbf4c8996fb92427ae41e4649b934ca495991b7852b855\nfast_witness_profile=native-fast-witness-v2:first-middle-last-seeded-per-namespace-length-depth-class;declared-read-targets\nfully_verified=false\nlogical_bytes=2093056\nnative_namespace_paths_verified=4\nnative_namespace_type_source=DirEntry::file_type;platform-metadata-fallback-permitted;skipped-counts-describe-unperformed-checks-not-syscalls\nnative_namespace_types_verified=4\noracle_identity_encoding=structural-entry-recipes-v1\noracle_scope=independent-delta-and-witnesses;complete-native-namespace;certified-unchanged-content-roots-checked-by-host\nreference_assurance=independent_current_content\nselected_independent_oracle_identity=71fb0fce9584580a4810202526c2f723438b921ef4cc7fe00ad987750787c8f1\nselected_metadata_paths_verified=4\nselected_regular_bytes_verified=2093056\nselected_regular_paths_verified=2\nskipped_untouched_metadata_paths=0\nskipped_untouched_regular_bodies=0\nuncertified_regular_paths_checked=2\nverification_status=fast_iteration_verified\nwitness_paths_declared=0\n"",""step"":1}]}",,,,,,
dedup_cdc_locality,dedup-cdc-delete-10,PASS,2.2334594999992987,f592c3ae20935d7623d465e8aacf22703c6861876d758117adba705110f2d0fc,446df40465ad55181b95112968f999534c7d6cb1a2f4d22b4014ecdda120b493,285806c8615ae80dcf272c3a7b6de9f5777272910fb3a0aeccb6a2c58c656e75,sha256:8e74a58284a6e8c22ac9cbf60231f69217c3cae31c231ef17b0afd81726b8249,verification/dedup_cdc_locality/dedup-cdc-delete-10/verification.json,"[""no exhaustive Phase 1 replay""]",[],"{""type"":""sampled-content"",""summary"":""changed data and selected unchanged witnesses; qualified roots"",""details"":[{""kind"":""fast-canonical-verification"",""receipt"":""{\""actual_read_logical_bytes\"": \""11493376\"", \""actual_read_regular_paths\"": \""11\"", \""authenticated_global_inodes\"": \""13\"", \""authenticated_namespace_paths\"": \""13\"", \""canonical_root\"": \""0139d9a920e8900abdec8b7c168c0175d1e025f511fde3b4440586e29d8b5610\"", \""certificate_binding\"": \""9abb303f6475f3d065db73493ce79ddffac18503038dfd6757c2cf48890f98e1\"", \""covered_regular_paths\"": \""0\"", \""extent_assurance\"": \""selected-current-reads-and-certified-unchanged-root-references\"", \""full_canonical_census_performed\"": \""false\"", \""fully_verified\"": \""false\"", \""has_reused_reference\"": \""false\"", \""reference_assurance\"": \""independent_current_content\"", \""reference_native_readback\"": \""false\"", \""reference_root_scope\"": \""none\"", \""scope\"": \""full current namespace/global inode/metadata/aliases; selected changed+witness bytes; unchanged file-state/extent/payload subgraph references certified, those current subgraph bytes not read\"", \""skipped_current_store_logical_bytes\"": \""0\"", \""skipped_current_store_regular_paths\"": \""0\"", \""verification_profile\"": \""fast-verify-v2\"", \""verification_status\"": \""fast_iteration_verified\""}"",""step"":1},{""coverage_sha256"":""e3b0c44298fc1c149afbf4c8996fb92427ae41e4649b934ca495991b7852b855"",""kind"":""fast-native-verification"",""receipt"":""absent_paths_verified=0\ncertificate_binding=9abb303f6475f3d065db73493ce79ddffac18503038dfd6757c2cf48890f98e1\nchanged_paths_declared=13\ncovered_paths_sha256=e3b0c44298fc1c149afbf4c8996fb92427ae41e4649b934ca495991b7852b855\nfast_witness_profile=native-fast-witness-v2:first-middle-last-seeded-per-namespace-length-depth-class;declared-read-targets\nfully_verified=false\nlogical_bytes=11493376\nnative_namespace_paths_verified=13\nnative_namespace_type_source=DirEntry::file_type;platform-metadata-fallback-permitted;skipped-counts-describe-unperformed-checks-not-syscalls\nnative_namespace_types_verified=13\noracle_identity_encoding=structural-entry-recipes-v1\noracle_scope=independent-delta-and-witnesses;complete-native-namespace;certified-unchanged-content-roots-checked-by-host\nreference_assurance=independent_current_content\nselected_independent_oracle_identity=7d4827d9d5c85152ae548da074226f5f1b871d969638ebf0f8151a1687ee3b72\nselected_metadata_paths_verified=13\nselected_regular_bytes_verified=11493376\nselected_regular_paths_verified=11\nskipped_untouched_metadata_paths=0\nskipped_untouched_regular_bodies=0\nuncertified_regular_paths_checked=11\nverification_status=fast_iteration_verified\nwitness_paths_declared=0\n"",""step"":1}]}",,,,,,
dedup_cdc_locality,dedup-cdc-delete-100,PASS,5.371818624989828,f592c3ae20935d7623d465e8aacf22703c6861876d758117adba705110f2d0fc,446df40465ad55181b95112968f999534c7d6cb1a2f4d22b4014ecdda120b493,4993cd658dee0cb0f39cb76caa32ccdeacae73d4178db526c5d4d665381a0456,sha256:8e74a58284a6e8c22ac9cbf60231f69217c3cae31c231ef17b0afd81726b8249,verification/dedup_cdc_locality/dedup-cdc-delete-100/verification.json,"[""no exhaustive Phase 1 replay""]",[],"{""type"":""sampled-content"",""summary"":""changed data and selected unchanged witnesses; qualified roots"",""details"":[{""kind"":""fast-canonical-verification"",""receipt"":""{\""actual_read_logical_bytes\"": \""105496576\"", \""actual_read_regular_paths\"": \""101\"", \""authenticated_global_inodes\"": \""103\"", \""authenticated_namespace_paths\"": \""103\"", \""canonical_root\"": \""e5e5231381c48cb640238754c53a58965e2426294817ec981006802a681a2c8d\"", \""certificate_binding\"": \""8cf9fd74abc3c7b543719a80d6eac636bbaa4c5d4000c92b7c24277563e50620\"", \""covered_regular_paths\"": \""0\"", \""extent_assurance\"": \""selected-current-reads-and-certified-unchanged-root-references\"", \""full_canonical_census_performed\"": \""false\"", \""fully_verified\"": \""false\"", \""has_reused_reference\"": \""false\"", \""reference_assurance\"": \""independent_current_content\"", \""reference_native_readback\"": \""false\"", \""reference_root_scope\"": \""none\"", \""scope\"": \""full current namespace/global inode/metadata/aliases; selected changed+witness bytes; unchanged file-state/extent/payload subgraph references certified, those current subgraph bytes not read\"", \""skipped_current_store_logical_bytes\"": \""0\"", \""skipped_current_store_regular_paths\"": \""0\"", \""verification_profile\"": \""fast-verify-v2\"", \""verification_status\"": \""fast_iteration_verified\""}"",""step"":1},{""coverage_sha256"":""e3b0c44298fc1c149afbf4c8996fb92427ae41e4649b934ca495991b7852b855"",""kind"":""fast-native-verification"",""receipt"":""absent_paths_verified=0\ncertificate_binding=8cf9fd74abc3c7b543719a80d6eac636bbaa4c5d4000c92b7c24277563e50620\nchanged_paths_declared=103\ncovered_paths_sha256=e3b0c44298fc1c149afbf4c8996fb92427ae41e4649b934ca495991b7852b855\nfast_witness_profile=native-fast-witness-v2:first-middle-last-seeded-per-namespace-length-depth-class;declared-read-targets\nfully_verified=false\nlogical_bytes=105496576\nnative_namespace_paths_verified=103\nnative_namespace_type_source=DirEntry::file_type;platform-metadata-fallback-permitted;skipped-counts-describe-unperformed-checks-not-syscalls\nnative_namespace_types_verified=103\noracle_identity_encoding=structural-entry-recipes-v1\noracle_scope=independent-delta-and-witnesses;complete-native-namespace;certified-unchanged-content-roots-checked-by-host\nreference_assurance=independent_current_content\nselected_independent_oracle_identity=7650c95005603a84910af1389e5a05a8ebb148a61c0fa6d0fd9312bad4d8fd79\nselected_metadata_paths_verified=103\nselected_regular_bytes_verified=105496576\nselected_regular_paths_verified=101\nskipped_untouched_metadata_paths=0\nskipped_untouched_regular_bodies=0\nuncertified_regular_paths_checked=101\nverification_status=fast_iteration_verified\nwitness_paths_declared=0\n"",""step"":1}]}",,,,,,
dedup_cdc_locality,dedup-cdc-delete-500,PASS,20.81625316699501,f592c3ae20935d7623d465e8aacf22703c6861876d758117adba705110f2d0fc,446df40465ad55181b95112968f999534c7d6cb1a2f4d22b4014ecdda120b493,323e4ba85021594140043c149656718a8911a8e5499ec6399134e0a68ce7d6b1,sha256:8e74a58284a6e8c22ac9cbf60231f69217c3cae31c231ef17b0afd81726b8249,verification/dedup_cdc_locality/dedup-cdc-delete-500/verification.json,"[""no exhaustive Phase 1 replay""]",[],"{""type"":""sampled-content"",""summary"":""changed data and selected unchanged witnesses; qualified roots"",""details"":[{""kind"":""fast-canonical-verification"",""receipt"":""{\""actual_read_logical_bytes\"": \""523288576\"", \""actual_read_regular_paths\"": \""501\"", \""authenticated_global_inodes\"": \""503\"", \""authenticated_namespace_paths\"": \""503\"", \""canonical_root\"": \""93fc664f03cda68c33db83ae7094b2dc5bc48ac2dd575a809f0566bda65b1d69\"", \""certificate_binding\"": \""7ea2414c2aa49ade3f136fe760f18c1704b3addeddbb222745757d035682cde1\"", \""covered_regular_paths\"": \""0\"", \""extent_assurance\"": \""selected-current-reads-and-certified-unchanged-root-references\"", \""full_canonical_census_performed\"": \""false\"", \""fully_verified\"": \""false\"", \""has_reused_reference\"": \""false\"", \""reference_assurance\"": \""independent_current_content\"", \""reference_native_readback\"": \""false\"", \""reference_root_scope\"": \""none\"", \""scope\"": \""full current namespace/global inode/metadata/aliases; selected changed+witness bytes; unchanged file-state/extent/payload subgraph references certified, those current subgraph bytes not read\"", \""skipped_current_store_logical_bytes\"": \""0\"", \""skipped_current_store_regular_paths\"": \""0\"", \""verification_profile\"": \""fast-verify-v2\"", \""verification_status\"": \""fast_iteration_verified\""}"",""step"":1},{""coverage_sha256"":""e3b0c44298fc1c149afbf4c8996fb92427ae41e4649b934ca495991b7852b855"",""kind"":""fast-native-verification"",""receipt"":""absent_paths_verified=0\ncertificate_binding=7ea2414c2aa49ade3f136fe760f18c1704b3addeddbb222745757d035682cde1\nchanged_paths_declared=503\ncovered_paths_sha256=e3b0c44298fc1c149afbf4c8996fb92427ae41e4649b934ca495991b7852b855\nfast_witness_profile=native-fast-witness-v2:first-middle-last-seeded-per-namespace-length-depth-class;declared-read-targets\nfully_verified=false\nlogical_bytes=523288576\nnative_namespace_paths_verified=503\nnative_namespace_type_source=DirEntry::file_type;platform-metadata-fallback-permitted;skipped-counts-describe-unperformed-checks-not-syscalls\nnative_namespace_types_verified=503\noracle_identity_encoding=structural-entry-recipes-v1\noracle_scope=independent-delta-and-witnesses;complete-native-namespace;certified-unchanged-content-roots-checked-by-host\nreference_assurance=independent_current_content\nselected_independent_oracle_identity=c229a35b27ff5213aed375fab96913335a5ce36782cd777a98c83734be95f1bc\nselected_metadata_paths_verified=503\nselected_regular_bytes_verified=523288576\nselected_regular_paths_verified=501\nskipped_untouched_metadata_paths=0\nskipped_untouched_regular_bodies=0\nuncertified_regular_paths_checked=501\nverification_status=fast_iteration_verified\nwitness_paths_declared=0\n"",""step"":1}]}",,,,,,
dedup_cdc_locality,dedup-cdc-common-body-1,PASS,1.9369902499893215,f592c3ae20935d7623d465e8aacf22703c6861876d758117adba705110f2d0fc,446df40465ad55181b95112968f999534c7d6cb1a2f4d22b4014ecdda120b493,ea8e8cc090f7ab85184421ad5de4fad737368bf6d03374a088c15e21df6a8d46,sha256:8e74a58284a6e8c22ac9cbf60231f69217c3cae31c231ef17b0afd81726b8249,verification/dedup_cdc_locality/dedup-cdc-common-body-1/verification.json,"[""no exhaustive Phase 1 replay""]",[],"{""type"":""sampled-content"",""summary"":""changed data and selected unchanged witnesses; qualified roots"",""details"":[{""kind"":""fast-canonical-verification"",""receipt"":""{\""actual_read_logical_bytes\"": \""2097152\"", \""actual_read_regular_paths\"": \""2\"", \""authenticated_global_inodes\"": \""4\"", \""authenticated_namespace_paths\"": \""4\"", \""canonical_root\"": \""9bc35698cf612070a57af85957507af1b478526407e95114bd6394cf4ae0788c\"", \""certificate_binding\"": \""92fc62da088365d7a1291e14d728a6a7e2fe44f67308ccd627dac7ad3cf3b742\"", \""covered_regular_paths\"": \""0\"", \""extent_assurance\"": \""selected-current-reads-and-certified-unchanged-root-references\"", \""full_canonical_census_performed\"": \""false\"", \""fully_verified\"": \""false\"", \""has_reused_reference\"": \""false\"", \""reference_assurance\"": \""independent_current_content\"", \""reference_native_readback\"": \""false\"", \""reference_root_scope\"": \""none\"", \""scope\"": \""full current namespace/global inode/metadata/aliases; selected changed+witness bytes; unchanged file-state/extent/payload subgraph references certified, those current subgraph bytes not read\"", \""skipped_current_store_logical_bytes\"": \""0\"", \""skipped_current_store_regular_paths\"": \""0\"", \""verification_profile\"": \""fast-verify-v2\"", \""verification_status\"": \""fast_iteration_verified\""}"",""step"":1},{""coverage_sha256"":""e3b0c44298fc1c149afbf4c8996fb92427ae41e4649b934ca495991b7852b855"",""kind"":""fast-native-verification"",""receipt"":""absent_paths_verified=0\ncertificate_binding=92fc62da088365d7a1291e14d728a6a7e2fe44f67308ccd627dac7ad3cf3b742\nchanged_paths_declared=4\ncovered_paths_sha256=e3b0c44298fc1c149afbf4c8996fb92427ae41e4649b934ca495991b7852b855\nfast_witness_profile=native-fast-witness-v2:first-middle-last-seeded-per-namespace-length-depth-class;declared-read-targets\nfully_verified=false\nlogical_bytes=2097152\nnative_namespace_paths_verified=4\nnative_namespace_type_source=DirEntry::file_type;platform-metadata-fallback-permitted;skipped-counts-describe-unperformed-checks-not-syscalls\nnative_namespace_types_verified=4\noracle_identity_encoding=structural-entry-recipes-v1\noracle_scope=independent-delta-and-witnesses;complete-native-namespace;certified-unchanged-content-roots-checked-by-host\nreference_assurance=independent_current_content\nselected_independent_oracle_identity=14d057b772fcfb95f6e828f3e77a515dbe9779577a40b27bf52a37c7e64ce720\nselected_metadata_paths_verified=4\nselected_regular_bytes_verified=2097152\nselected_regular_paths_verified=2\nskipped_untouched_metadata_paths=0\nskipped_untouched_regular_bodies=0\nuncertified_regular_paths_checked=2\nverification_status=fast_iteration_verified\nwitness_paths_declared=0\n"",""step"":1}]}",,,,,,
dedup_cdc_locality,dedup-cdc-common-body-10,PASS,2.2215032919921214,f592c3ae20935d7623d465e8aacf22703c6861876d758117adba705110f2d0fc,446df40465ad55181b95112968f999534c7d6cb1a2f4d22b4014ecdda120b493,29abdcdce00c40775b3928b674e6dbe37a610002c35d4c8dc19b0ae98a3f2a44,sha256:8e74a58284a6e8c22ac9cbf60231f69217c3cae31c231ef17b0afd81726b8249,verification/dedup_cdc_locality/dedup-cdc-common-body-10/verification.json,"[""no exhaustive Phase 1 replay""]",[],"{""type"":""sampled-content"",""summary"":""changed data and selected unchanged witnesses; qualified roots"",""details"":[{""kind"":""fast-canonical-verification"",""receipt"":""{\""actual_read_logical_bytes\"": \""11534336\"", \""actual_read_regular_paths\"": \""11\"", \""authenticated_global_inodes\"": \""13\"", \""authenticated_namespace_paths\"": \""13\"", \""canonical_root\"": \""05e7cfedacb7dfa9cc3f93769c6b62f41f6172b953f152162e294206bbe4356c\"", \""certificate_binding\"": \""8c97015319fd41adb130ca6feb569881ca689fb740fd892c5cf92ea0a3f2c9e0\"", \""covered_regular_paths\"": \""0\"", \""extent_assurance\"": \""selected-current-reads-and-certified-unchanged-root-references\"", \""full_canonical_census_performed\"": \""false\"", \""fully_verified\"": \""false\"", \""has_reused_reference\"": \""false\"", \""reference_assurance\"": \""independent_current_content\"", \""reference_native_readback\"": \""false\"", \""reference_root_scope\"": \""none\"", \""scope\"": \""full current namespace/global inode/metadata/aliases; selected changed+witness bytes; unchanged file-state/extent/payload subgraph references certified, those current subgraph bytes not read\"", \""skipped_current_store_logical_bytes\"": \""0\"", \""skipped_current_store_regular_paths\"": \""0\"", \""verification_profile\"": \""fast-verify-v2\"", \""verification_status\"": \""fast_iteration_verified\""}"",""step"":1},{""coverage_sha256"":""e3b0c44298fc1c149afbf4c8996fb92427ae41e4649b934ca495991b7852b855"",""kind"":""fast-native-verification"",""receipt"":""absent_paths_verified=0\ncertificate_binding=8c97015319fd41adb130ca6feb569881ca689fb740fd892c5cf92ea0a3f2c9e0\nchanged_paths_declared=13\ncovered_paths_sha256=e3b0c44298fc1c149afbf4c8996fb92427ae41e4649b934ca495991b7852b855\nfast_witness_profile=native-fast-witness-v2:first-middle-last-seeded-per-namespace-length-depth-class;declared-read-targets\nfully_verified=false\nlogical_bytes=11534336\nnative_namespace_paths_verified=13\nnative_namespace_type_source=DirEntry::file_type;platform-metadata-fallback-permitted;skipped-counts-describe-unperformed-checks-not-syscalls\nnative_namespace_types_verified=13\noracle_identity_encoding=structural-entry-recipes-v1\noracle_scope=independent-delta-and-witnesses;complete-native-namespace;certified-unchanged-content-roots-checked-by-host\nreference_assurance=independent_current_content\nselected_independent_oracle_identity=9119b4ba5959d3f0ada9e0c03555103ff83c03df170cdbc1b572b0757cfac08a\nselected_metadata_paths_verified=13\nselected_regular_bytes_verified=11534336\nselected_regular_paths_verified=11\nskipped_untouched_metadata_paths=0\nskipped_untouched_regular_bodies=0\nuncertified_regular_paths_checked=11\nverification_status=fast_iteration_verified\nwitness_paths_declared=0\n"",""step"":1}]}",,,,,,
dedup_cdc_locality,dedup-cdc-common-body-100,PASS,5.499138500003028,f592c3ae20935d7623d465e8aacf22703c6861876d758117adba705110f2d0fc,446df40465ad55181b95112968f999534c7d6cb1a2f4d22b4014ecdda120b493,0cbd0081c23afe07dd7abc8ff800eecf6e4b6a8035f48f722bafe95b8d37d6fa,sha256:8e74a58284a6e8c22ac9cbf60231f69217c3cae31c231ef17b0afd81726b8249,verification/dedup_cdc_locality/dedup-cdc-common-body-100/verification.json,"[""no exhaustive Phase 1 replay""]",[],"{""type"":""sampled-content"",""summary"":""changed data and selected unchanged witnesses; qualified roots"",""details"":[{""kind"":""fast-canonical-verification"",""receipt"":""{\""actual_read_logical_bytes\"": \""105906176\"", \""actual_read_regular_paths\"": \""101\"", \""authenticated_global_inodes\"": \""103\"", \""authenticated_namespace_paths\"": \""103\"", \""canonical_root\"": \""c2e93e78498e8a72698d8d1a7884e895f2d576ee0e7acf268c377dfb64e3d9b5\"", \""certificate_binding\"": \""a5269b1a919f7be6aeebda186fc3960a29852f8a42822fc2ecd5c7d88e5e6bb5\"", \""covered_regular_paths\"": \""0\"", \""extent_assurance\"": \""selected-current-reads-and-certified-unchanged-root-references\"", \""full_canonical_census_performed\"": \""false\"", \""fully_verified\"": \""false\"", \""has_reused_reference\"": \""false\"", \""reference_assurance\"": \""independent_current_content\"", \""reference_native_readback\"": \""false\"", \""reference_root_scope\"": \""none\"", \""scope\"": \""full current namespace/global inode/metadata/aliases; selected changed+witness bytes; unchanged file-state/extent/payload subgraph references certified, those current subgraph bytes not read\"", \""skipped_current_store_logical_bytes\"": \""0\"", \""skipped_current_store_regular_paths\"": \""0\"", \""verification_profile\"": \""fast-verify-v2\"", \""verification_status\"": \""fast_iteration_verified\""}"",""step"":1},{""coverage_sha256"":""e3b0c44298fc1c149afbf4c8996fb92427ae41e4649b934ca495991b7852b855"",""kind"":""fast-native-verification"",""receipt"":""absent_paths_verified=0\ncertificate_binding=a5269b1a919f7be6aeebda186fc3960a29852f8a42822fc2ecd5c7d88e5e6bb5\nchanged_paths_declared=103\ncovered_paths_sha256=e3b0c44298fc1c149afbf4c8996fb92427ae41e4649b934ca495991b7852b855\nfast_witness_profile=native-fast-witness-v2:first-middle-last-seeded-per-namespace-length-depth-class;declared-read-targets\nfully_verified=false\nlogical_bytes=105906176\nnative_namespace_paths_verified=103\nnative_namespace_type_source=DirEntry::file_type;platform-metadata-fallback-permitted;skipped-counts-describe-unperformed-checks-not-syscalls\nnative_namespace_types_verified=103\noracle_identity_encoding=structural-entry-recipes-v1\noracle_scope=independent-delta-and-witnesses;complete-native-namespace;certified-unchanged-content-roots-checked-by-host\nreference_assurance=independent_current_content\nselected_independent_oracle_identity=ce27c8f4ff70342863149c19d22381b5534d1cd52ac29c397dfa3fce85f38646\nselected_metadata_paths_verified=103\nselected_regular_bytes_verified=105906176\nselected_regular_paths_verified=101\nskipped_untouched_metadata_paths=0\nskipped_untouched_regular_bodies=0\nuncertified_regular_paths_checked=101\nverification_status=fast_iteration_verified\nwitness_paths_declared=0\n"",""step"":1}]}",,,,,,
dedup_cdc_locality,dedup-cdc-common-body-500,PASS,19.990675708992057,f592c3ae20935d7623d465e8aacf22703c6861876d758117adba705110f2d0fc,446df40465ad55181b95112968f999534c7d6cb1a2f4d22b4014ecdda120b493,473212c9eeb6d7e648334c1b5a3740d65b6c58397491e914efe09d62df7b7265,sha256:8e74a58284a6e8c22ac9cbf60231f69217c3cae31c231ef17b0afd81726b8249,verification/dedup_cdc_locality/dedup-cdc-common-body-500/verification.json,"[""no exhaustive Phase 1 replay""]",[],"{""type"":""sampled-content"",""summary"":""changed data and selected unchanged witnesses; qualified roots"",""details"":[{""kind"":""fast-canonical-verification"",""receipt"":""{\""actual_read_logical_bytes\"": \""525336576\"", \""actual_read_regular_paths\"": \""501\"", \""authenticated_global_inodes\"": \""503\"", \""authenticated_namespace_paths\"": \""503\"", \""canonical_root\"": \""68f001d16e788c3efb8c2fc20c309daab79a228dd1c0ad831e8117a0cd65acb1\"", \""certificate_binding\"": \""e75069d8376677f234eb360c24a85f24216fae1d61c01f39db34aa8b4fb80be9\"", \""covered_regular_paths\"": \""0\"", \""extent_assurance\"": \""selected-current-reads-and-certified-unchanged-root-references\"", \""full_canonical_census_performed\"": \""false\"", \""fully_verified\"": \""false\"", \""has_reused_reference\"": \""false\"", \""reference_assurance\"": \""independent_current_content\"", \""reference_native_readback\"": \""false\"", \""reference_root_scope\"": \""none\"", \""scope\"": \""full current namespace/global inode/metadata/aliases; selected changed+witness bytes; unchanged file-state/extent/payload subgraph references certified, those current subgraph bytes not read\"", \""skipped_current_store_logical_bytes\"": \""0\"", \""skipped_current_store_regular_paths\"": \""0\"", \""verification_profile\"": \""fast-verify-v2\"", \""verification_status\"": \""fast_iteration_verified\""}"",""step"":1},{""coverage_sha256"":""e3b0c44298fc1c149afbf4c8996fb92427ae41e4649b934ca495991b7852b855"",""kind"":""fast-native-verification"",""receipt"":""absent_paths_verified=0\ncertificate_binding=e75069d8376677f234eb360c24a85f24216fae1d61c01f39db34aa8b4fb80be9\nchanged_paths_declared=503\ncovered_paths_sha256=e3b0c44298fc1c149afbf4c8996fb92427ae41e4649b934ca495991b7852b855\nfast_witness_profile=native-fast-witness-v2:first-middle-last-seeded-per-namespace-length-depth-class;declared-read-targets\nfully_verified=false\nlogical_bytes=525336576\nnative_namespace_paths_verified=503\nnative_namespace_type_source=DirEntry::file_type;platform-metadata-fallback-permitted;skipped-counts-describe-unperformed-checks-not-syscalls\nnative_namespace_types_verified=503\noracle_identity_encoding=structural-entry-recipes-v1\noracle_scope=independent-delta-and-witnesses;complete-native-namespace;certified-unchanged-content-roots-checked-by-host\nreference_assurance=independent_current_content\nselected_independent_oracle_identity=e9d7eea6c4d877018e61a488bf7d5f141102d7b8df797fdefc43c22610bc9620\nselected_metadata_paths_verified=503\nselected_regular_bytes_verified=525336576\nselected_regular_paths_verified=501\nskipped_untouched_metadata_paths=0\nskipped_untouched_regular_bodies=0\nuncertified_regular_paths_checked=501\nverification_status=fast_iteration_verified\nwitness_paths_declared=0\n"",""step"":1}]}",,,,,,
dedup_cdc_locality,dedup-cdc-scattered-1,PASS,1.9648935000004712,f592c3ae20935d7623d465e8aacf22703c6861876d758117adba705110f2d0fc,446df40465ad55181b95112968f999534c7d6cb1a2f4d22b4014ecdda120b493,bf6574b4204b59d715514d6c12e7b701779357adab5f2f893ee8d560fc453f10,sha256:8e74a58284a6e8c22ac9cbf60231f69217c3cae31c231ef17b0afd81726b8249,verification/dedup_cdc_locality/dedup-cdc-scattered-1/verification.json,"[""no exhaustive Phase 1 replay""]",[],"{""type"":""sampled-content"",""summary"":""changed data and selected unchanged witnesses; qualified roots"",""details"":[{""kind"":""fast-canonical-verification"",""receipt"":""{\""actual_read_logical_bytes\"": \""2097152\"", \""actual_read_regular_paths\"": \""2\"", \""authenticated_global_inodes\"": \""4\"", \""authenticated_namespace_paths\"": \""4\"", \""canonical_root\"": \""0cfca597344e2f3f95b41c6dca1b1c527cea3a0cafd73d2475259dedfdfdb689\"", \""certificate_binding\"": \""94fbb44ffcd1e5c4ff5d80a1ab47b3a5d0aa22a4a828d9a0d66c3a695dc0408e\"", \""covered_regular_paths\"": \""0\"", \""extent_assurance\"": \""selected-current-reads-and-certified-unchanged-root-references\"", \""full_canonical_census_performed\"": \""false\"", \""fully_verified\"": \""false\"", \""has_reused_reference\"": \""false\"", \""reference_assurance\"": \""independent_current_content\"", \""reference_native_readback\"": \""false\"", \""reference_root_scope\"": \""none\"", \""scope\"": \""full current namespace/global inode/metadata/aliases; selected changed+witness bytes; unchanged file-state/extent/payload subgraph references certified, those current subgraph bytes not read\"", \""skipped_current_store_logical_bytes\"": \""0\"", \""skipped_current_store_regular_paths\"": \""0\"", \""verification_profile\"": \""fast-verify-v2\"", \""verification_status\"": \""fast_iteration_verified\""}"",""step"":1},{""coverage_sha256"":""e3b0c44298fc1c149afbf4c8996fb92427ae41e4649b934ca495991b7852b855"",""kind"":""fast-native-verification"",""receipt"":""absent_paths_verified=0\ncertificate_binding=94fbb44ffcd1e5c4ff5d80a1ab47b3a5d0aa22a4a828d9a0d66c3a695dc0408e\nchanged_paths_declared=4\ncovered_paths_sha256=e3b0c44298fc1c149afbf4c8996fb92427ae41e4649b934ca495991b7852b855\nfast_witness_profile=native-fast-witness-v2:first-middle-last-seeded-per-namespace-length-depth-class;declared-read-targets\nfully_verified=false\nlogical_bytes=2097152\nnative_namespace_paths_verified=4\nnative_namespace_type_source=DirEntry::file_type;platform-metadata-fallback-permitted;skipped-counts-describe-unperformed-checks-not-syscalls\nnative_namespace_types_verified=4\noracle_identity_encoding=structural-entry-recipes-v1\noracle_scope=independent-delta-and-witnesses;complete-native-namespace;certified-unchanged-content-roots-checked-by-host\nreference_assurance=independent_current_content\nselected_independent_oracle_identity=4c4bd64721b0b84d8ab1792b895e224b42b846042aa4e55912b32b614d732fc6\nselected_metadata_paths_verified=4\nselected_regular_bytes_verified=2097152\nselected_regular_paths_verified=2\nskipped_untouched_metadata_paths=0\nskipped_untouched_regular_bodies=0\nuncertified_regular_paths_checked=2\nverification_status=fast_iteration_verified\nwitness_paths_declared=0\n"",""step"":1}]}",,,,,,
dedup_cdc_locality,dedup-cdc-scattered-10,PASS,2.218973625000217,f592c3ae20935d7623d465e8aacf22703c6861876d758117adba705110f2d0fc,446df40465ad55181b95112968f999534c7d6cb1a2f4d22b4014ecdda120b493,092b8b457a9d1505001a2acf47597a3a7aa22cde13226d2ddb140824861e3384,sha256:8e74a58284a6e8c22ac9cbf60231f69217c3cae31c231ef17b0afd81726b8249,verification/dedup_cdc_locality/dedup-cdc-scattered-10/verification.json,"[""no exhaustive Phase 1 replay""]",[],"{""type"":""sampled-content"",""summary"":""changed data and selected unchanged witnesses; qualified roots"",""details"":[{""kind"":""fast-canonical-verification"",""receipt"":""{\""actual_read_logical_bytes\"": \""11534336\"", \""actual_read_regular_paths\"": \""11\"", \""authenticated_global_inodes\"": \""13\"", \""authenticated_namespace_paths\"": \""13\"", \""canonical_root\"": \""8bd150fe306e3f6d7b35ae4241d7fcc3fe2104cbe3ff22786eb4568319b1a2fa\"", \""certificate_binding\"": \""e39519eadf22fc40a5e0aa9ca1c3d566582ea5a65507885690d4cea2c298618f\"", \""covered_regular_paths\"": \""0\"", \""extent_assurance\"": \""selected-current-reads-and-certified-unchanged-root-references\"", \""full_canonical_census_performed\"": \""false\"", \""fully_verified\"": \""false\"", \""has_reused_reference\"": \""false\"", \""reference_assurance\"": \""independent_current_content\"", \""reference_native_readback\"": \""false\"", \""reference_root_scope\"": \""none\"", \""scope\"": \""full current namespace/global inode/metadata/aliases; selected changed+witness bytes; unchanged file-state/extent/payload subgraph references certified, those current subgraph bytes not read\"", \""skipped_current_store_logical_bytes\"": \""0\"", \""skipped_current_store_regular_paths\"": \""0\"", \""verification_profile\"": \""fast-verify-v2\"", \""verification_status\"": \""fast_iteration_verified\""}"",""step"":1},{""coverage_sha256"":""e3b0c44298fc1c149afbf4c8996fb92427ae41e4649b934ca495991b7852b855"",""kind"":""fast-native-verification"",""receipt"":""absent_paths_verified=0\ncertificate_binding=e39519eadf22fc40a5e0aa9ca1c3d566582ea5a65507885690d4cea2c298618f\nchanged_paths_declared=13\ncovered_paths_sha256=e3b0c44298fc1c149afbf4c8996fb92427ae41e4649b934ca495991b7852b855\nfast_witness_profile=native-fast-witness-v2:first-middle-last-seeded-per-namespace-length-depth-class;declared-read-targets\nfully_verified=false\nlogical_bytes=11534336\nnative_namespace_paths_verified=13\nnative_namespace_type_source=DirEntry::file_type;platform-metadata-fallback-permitted;skipped-counts-describe-unperformed-checks-not-syscalls\nnative_namespace_types_verified=13\noracle_identity_encoding=structural-entry-recipes-v1\noracle_scope=independent-delta-and-witnesses;complete-native-namespace;certified-unchanged-content-roots-checked-by-host\nreference_assurance=independent_current_content\nselected_independent_oracle_identity=4f88b512a85bf7b7fae5bd313aa5dfb36466d014c062a9126cf777af0ac59664\nselected_metadata_paths_verified=13\nselected_regular_bytes_verified=11534336\nselected_regular_paths_verified=11\nskipped_untouched_metadata_paths=0\nskipped_untouched_regular_bodies=0\nuncertified_regular_paths_checked=11\nverification_status=fast_iteration_verified\nwitness_paths_declared=0\n"",""step"":1}]}",,,,,,
dedup_cdc_locality,dedup-cdc-scattered-100,PASS,6.17798487500113,f592c3ae20935d7623d465e8aacf22703c6861876d758117adba705110f2d0fc,446df40465ad55181b95112968f999534c7d6cb1a2f4d22b4014ecdda120b493,3efbef6426d1ab2d3e47878f09b93b4010e09802b3c85ed5dba93b283b2b9ba5,sha256:8e74a58284a6e8c22ac9cbf60231f69217c3cae31c231ef17b0afd81726b8249,verification/dedup_cdc_locality/dedup-cdc-scattered-100/verification.json,"[""no exhaustive Phase 1 replay""]",[],"{""type"":""sampled-content"",""summary"":""changed data and selected unchanged witnesses; qualified roots"",""details"":[{""kind"":""fast-canonical-verification"",""receipt"":""{\""actual_read_logical_bytes\"": \""105906176\"", \""actual_read_regular_paths\"": \""101\"", \""authenticated_global_inodes\"": \""103\"", \""authenticated_namespace_paths\"": \""103\"", \""canonical_root\"": \""04ccc0ac978a8f8aab6afcf8b0fd9fd7aedf0445bed77118e2cc7ac789357ddf\"", \""certificate_binding\"": \""ace655aae2dfaf627b70f9d50626863cbb258a1c50124b3bbe41e8de358a750b\"", \""covered_regular_paths\"": \""0\"", \""extent_assurance\"": \""selected-current-reads-and-certified-unchanged-root-references\"", \""full_canonical_census_performed\"": \""false\"", \""fully_verified\"": \""false\"", \""has_reused_reference\"": \""false\"", \""reference_assurance\"": \""independent_current_content\"", \""reference_native_readback\"": \""false\"", \""reference_root_scope\"": \""none\"", \""scope\"": \""full current namespace/global inode/metadata/aliases; selected changed+witness bytes; unchanged file-state/extent/payload subgraph references certified, those current subgraph bytes not read\"", \""skipped_current_store_logical_bytes\"": \""0\"", \""skipped_current_store_regular_paths\"": \""0\"", \""verification_profile\"": \""fast-verify-v2\"", \""verification_status\"": \""fast_iteration_verified\""}"",""step"":1},{""coverage_sha256"":""e3b0c44298fc1c149afbf4c8996fb92427ae41e4649b934ca495991b7852b855"",""kind"":""fast-native-verification"",""receipt"":""absent_paths_verified=0\ncertificate_binding=ace655aae2dfaf627b70f9d50626863cbb258a1c50124b3bbe41e8de358a750b\nchanged_paths_declared=103\ncovered_paths_sha256=e3b0c44298fc1c149afbf4c8996fb92427ae41e4649b934ca495991b7852b855\nfast_witness_profile=native-fast-witness-v2:first-middle-last-seeded-per-namespace-length-depth-class;declared-read-targets\nfully_verified=false\nlogical_bytes=105906176\nnative_namespace_paths_verified=103\nnative_namespace_type_source=DirEntry::file_type;platform-metadata-fallback-permitted;skipped-counts-describe-unperformed-checks-not-syscalls\nnative_namespace_types_verified=103\noracle_identity_encoding=structural-entry-recipes-v1\noracle_scope=independent-delta-and-witnesses;complete-native-namespace;certified-unchanged-content-roots-checked-by-host\nreference_assurance=independent_current_content\nselected_independent_oracle_identity=371e85bc5e6cdbddb681c0d32fe02d68ed6563c06bdb7069a61c2bd7fee56790\nselected_metadata_paths_verified=103\nselected_regular_bytes_verified=105906176\nselected_regular_paths_verified=101\nskipped_untouched_metadata_paths=0\nskipped_untouched_regular_bodies=0\nuncertified_regular_paths_checked=101\nverification_status=fast_iteration_verified\nwitness_paths_declared=0\n"",""step"":1}]}",,,,,,
dedup_cdc_locality,dedup-cdc-scattered-500,PASS,22.8749262909987,f592c3ae20935d7623d465e8aacf22703c6861876d758117adba705110f2d0fc,446df40465ad55181b95112968f999534c7d6cb1a2f4d22b4014ecdda120b493,f7f79d4fd8626d625789f7fb4ea4159683e942d472f6fa6ccd23f44ae965b9ed,sha256:8e74a58284a6e8c22ac9cbf60231f69217c3cae31c231ef17b0afd81726b8249,verification/dedup_cdc_locality/dedup-cdc-scattered-500/verification.json,"[""no exhaustive Phase 1 replay""]",[],"{""type"":""sampled-content"",""summary"":""changed data and selected unchanged witnesses; qualified roots"",""details"":[{""kind"":""fast-canonical-verification"",""receipt"":""{\""actual_read_logical_bytes\"": \""525336576\"", \""actual_read_regular_paths\"": \""501\"", \""authenticated_global_inodes\"": \""503\"", \""authenticated_namespace_paths\"": \""503\"", \""canonical_root\"": \""669d3360eaf679cb095b84c641804ff25602b2ddc5b7c204adfeb88d06dd1dde\"", \""certificate_binding\"": \""6d3ea7843d41a3bc5dca0113f7f650ef713cf84e906d8d4430715210f385f130\"", \""covered_regular_paths\"": \""0\"", \""extent_assurance\"": \""selected-current-reads-and-certified-unchanged-root-references\"", \""full_canonical_census_performed\"": \""false\"", \""fully_verified\"": \""false\"", \""has_reused_reference\"": \""false\"", \""reference_assurance\"": \""independent_current_content\"", \""reference_native_readback\"": \""false\"", \""reference_root_scope\"": \""none\"", \""scope\"": \""full current namespace/global inode/metadata/aliases; selected changed+witness bytes; unchanged file-state/extent/payload subgraph references certified, those current subgraph bytes not read\"", \""skipped_current_store_logical_bytes\"": \""0\"", \""skipped_current_store_regular_paths\"": \""0\"", \""verification_profile\"": \""fast-verify-v2\"", \""verification_status\"": \""fast_iteration_verified\""}"",""step"":1},{""coverage_sha256"":""e3b0c44298fc1c149afbf4c8996fb92427ae41e4649b934ca495991b7852b855"",""kind"":""fast-native-verification"",""receipt"":""absent_paths_verified=0\ncertificate_binding=6d3ea7843d41a3bc5dca0113f7f650ef713cf84e906d8d4430715210f385f130\nchanged_paths_declared=503\ncovered_paths_sha256=e3b0c44298fc1c149afbf4c8996fb92427ae41e4649b934ca495991b7852b855\nfast_witness_profile=native-fast-witness-v2:first-middle-last-seeded-per-namespace-length-depth-class;declared-read-targets\nfully_verified=false\nlogical_bytes=525336576\nnative_namespace_paths_verified=503\nnative_namespace_type_source=DirEntry::file_type;platform-metadata-fallback-permitted;skipped-counts-describe-unperformed-checks-not-syscalls\nnative_namespace_types_verified=503\noracle_identity_encoding=structural-entry-recipes-v1\noracle_scope=independent-delta-and-witnesses;complete-native-namespace;certified-unchanged-content-roots-checked-by-host\nreference_assurance=independent_current_content\nselected_independent_oracle_identity=d50d16723b1d3ca89ba4892fd5a27748d3ea76abb2f7cf4d68bb0565c0ac6567\nselected_metadata_paths_verified=503\nselected_regular_bytes_verified=525336576\nselected_regular_paths_verified=501\nskipped_untouched_metadata_paths=0\nskipped_untouched_regular_bodies=0\nuncertified_regular_paths_checked=501\nverification_status=fast_iteration_verified\nwitness_paths_declared=0\n"",""step"":1}]}",,,,,,
dedup_cdc_locality,dedup-cdc-boundaries-proof,PASS,1.7793910000036703,f592c3ae20935d7623d465e8aacf22703c6861876d758117adba705110f2d0fc,446df40465ad55181b95112968f999534c7d6cb1a2f4d22b4014ecdda120b493,13aaa7c30f2dce68d347be7841777e4ef73ca96c31b579639ca17a5351398068,sha256:8e74a58284a6e8c22ac9cbf60231f69217c3cae31c231ef17b0afd81726b8249,verification/dedup_cdc_locality/dedup-cdc-boundaries-proof/verification.json,"[""no exhaustive Phase 1 replay""]",[],"{""type"":""registered-proof"",""summary"":""registered verification; detailed checks in receipt""}",,,,,,
edit_length_preserving,overwrite-head-4k-on-1mib-ops-1,PASS,1.8475475419982104,f592c3ae20935d7623d465e8aacf22703c6861876d758117adba705110f2d0fc,446df40465ad55181b95112968f999534c7d6cb1a2f4d22b4014ecdda120b493,6e0189b85940c6d85d324c8cd2044ed4bc8c879254603ae3748324f342b086a3,sha256:8e74a58284a6e8c22ac9cbf60231f69217c3cae31c231ef17b0afd81726b8249,verification/edit_length_preserving/overwrite-head-4k-on-1mib-ops-1/verification.json,"[""no exhaustive Phase 1 replay""]",[],"{""type"":""bounded-content"",""summary"":""bounded bytes; payload.bin [0, 69632)"",""path"":""payload.bin"",""start"":0,""end"":69632,""schema"":""fs-bench-pro-sdk-edit-verification-v1-checkpoint-cold-v2"",""cache_scope"":""cold-before-sdk; post-commit FUSE read"",""profile"":""canonical-roots-and-boundaries-v1"",""omissions"":[""full-file byte replay"",""omitted; canonical inode preservation checked""]}",,,,,,
edit_length_preserving,overwrite-head-4k-on-10mib-ops-1,PASS,1.980406167000183,f592c3ae20935d7623d465e8aacf22703c6861876d758117adba705110f2d0fc,446df40465ad55181b95112968f999534c7d6cb1a2f4d22b4014ecdda120b493,91c673626d6c315eb9dac51ad34147a81416abddc500004692c923a2710dcafb,sha256:8e74a58284a6e8c22ac9cbf60231f69217c3cae31c231ef17b0afd81726b8249,verification/edit_length_preserving/overwrite-head-4k-on-10mib-ops-1/verification.json,"[""no exhaustive Phase 1 replay""]",[],"{""type"":""bounded-content"",""summary"":""bounded bytes; payload.bin [0, 69632)"",""path"":""payload.bin"",""start"":0,""end"":69632,""schema"":""fs-bench-pro-sdk-edit-verification-v1-checkpoint-cold-v2"",""cache_scope"":""cold-before-sdk; post-commit FUSE read"",""profile"":""canonical-roots-and-boundaries-v1"",""omissions"":[""full-file byte replay"",""omitted; canonical inode preservation checked""]}",,,,,,
edit_length_preserving,overwrite-head-4k-on-100mib-ops-1,PASS,3.8586084579874296,f592c3ae20935d7623d465e8aacf22703c6861876d758117adba705110f2d0fc,446df40465ad55181b95112968f999534c7d6cb1a2f4d22b4014ecdda120b493,04f1a5015e6ecca0cbdee33612b34313129d5a2ada561c205dad625ca1273ba2,sha256:8e74a58284a6e8c22ac9cbf60231f69217c3cae31c231ef17b0afd81726b8249,verification/edit_length_preserving/overwrite-head-4k-on-100mib-ops-1/verification.json,"[""no exhaustive Phase 1 replay""]",[],"{""type"":""bounded-content"",""summary"":""bounded bytes; payload.bin [0, 69632)"",""path"":""payload.bin"",""start"":0,""end"":69632,""schema"":""fs-bench-pro-sdk-edit-verification-v1-checkpoint-cold-v2"",""cache_scope"":""cold-before-sdk; post-commit FUSE read"",""profile"":""canonical-roots-and-boundaries-v1"",""omissions"":[""full-file byte replay"",""omitted; canonical inode preservation checked""]}",,,,,,
edit_length_preserving,overwrite-head-4k-on-500mib-ops-1,PASS,10.954548583002179,f592c3ae20935d7623d465e8aacf22703c6861876d758117adba705110f2d0fc,446df40465ad55181b95112968f999534c7d6cb1a2f4d22b4014ecdda120b493,b717ade0dce8a5c3311add41a4f08f25e627077120710d56c5310606ba158e10,sha256:8e74a58284a6e8c22ac9cbf60231f69217c3cae31c231ef17b0afd81726b8249,verification/edit_length_preserving/overwrite-head-4k-on-500mib-ops-1/verification.json,"[""no exhaustive Phase 1 replay""]",[],"{""type"":""bounded-content"",""summary"":""bounded bytes; payload.bin [0, 69632)"",""path"":""payload.bin"",""start"":0,""end"":69632,""schema"":""fs-bench-pro-sdk-edit-verification-v1-checkpoint-cold-v2"",""cache_scope"":""cold-before-sdk; post-commit FUSE read"",""profile"":""canonical-roots-and-boundaries-v1"",""omissions"":[""full-file byte replay"",""omitted; canonical inode preservation checked""]}",,,,,,
edit_length_preserving,overwrite-middle-4k-on-1mib-ops-1,PASS,1.7929103339993162,f592c3ae20935d7623d465e8aacf22703c6861876d758117adba705110f2d0fc,446df40465ad55181b95112968f999534c7d6cb1a2f4d22b4014ecdda120b493,575bfaa072456a2b646f4dca578f48853991abe65a286290fea27dced496b72e,sha256:8e74a58284a6e8c22ac9cbf60231f69217c3cae31c231ef17b0afd81726b8249,verification/edit_length_preserving/overwrite-middle-4k-on-1mib-ops-1/verification.json,"[""no exhaustive Phase 1 replay""]",[],"{""type"":""bounded-content"",""summary"":""bounded bytes; payload.bin [456704, 591872)"",""path"":""payload.bin"",""start"":456704,""end"":591872,""schema"":""fs-bench-pro-sdk-edit-verification-v1-checkpoint-cold-v2"",""cache_scope"":""cold-before-sdk; post-commit FUSE read"",""profile"":""canonical-roots-and-boundaries-v1"",""omissions"":[""full-file byte replay"",""omitted; canonical inode preservation checked""]}",,,,,,
edit_length_preserving,overwrite-middle-4k-on-10mib-ops-1,PASS,1.8630845000006957,f592c3ae20935d7623d465e8aacf22703c6861876d758117adba705110f2d0fc,446df40465ad55181b95112968f999534c7d6cb1a2f4d22b4014ecdda120b493,c6d1cb4df675e65eb42bc087a72e18033b7e17d7b370718c03923c841fba8317,sha256:8e74a58284a6e8c22ac9cbf60231f69217c3cae31c231ef17b0afd81726b8249,verification/edit_length_preserving/overwrite-middle-4k-on-10mib-ops-1/verification.json,"[""no exhaustive Phase 1 replay""]",[],"{""type"":""bounded-content"",""summary"":""bounded bytes; payload.bin [5175296, 5310464)"",""path"":""payload.bin"",""start"":5175296,""end"":5310464,""schema"":""fs-bench-pro-sdk-edit-verification-v1-checkpoint-cold-v2"",""cache_scope"":""cold-before-sdk; post-commit FUSE read"",""profile"":""canonical-roots-and-boundaries-v1"",""omissions"":[""full-file byte replay"",""omitted; canonical inode preservation checked""]}",,,,,,
edit_length_preserving,overwrite-middle-4k-on-100mib-ops-1,PASS,2.149253249997855,f592c3ae20935d7623d465e8aacf22703c6861876d758117adba705110f2d0fc,446df40465ad55181b95112968f999534c7d6cb1a2f4d22b4014ecdda120b493,31147a53c9f249b19cbb315a6b6978b9203b06bd9c5e45296c894c89e74bc230,sha256:8e74a58284a6e8c22ac9cbf60231f69217c3cae31c231ef17b0afd81726b8249,verification/edit_length_preserving/overwrite-middle-4k-on-100mib-ops-1/verification.json,"[""no exhaustive Phase 1 replay""]",[],"{""type"":""bounded-content"",""summary"":""bounded bytes; payload.bin [52361216, 52496384)"",""path"":""payload.bin"",""start"":52361216,""end"":52496384,""schema"":""fs-bench-pro-sdk-edit-verification-v1-checkpoint-cold-v2"",""cache_scope"":""cold-before-sdk; post-commit FUSE read"",""profile"":""canonical-roots-and-boundaries-v1"",""omissions"":[""full-file byte replay"",""omitted; canonical inode preservation checked""]}",,,,,,
edit_length_preserving,overwrite-middle-4k-on-500mib-ops-1,PASS,3.8273802079929737,f592c3ae20935d7623d465e8aacf22703c6861876d758117adba705110f2d0fc,446df40465ad55181b95112968f999534c7d6cb1a2f4d22b4014ecdda120b493,2a3c1be555b979c65cdc091ca11a705bc63c668b82468a1ebd5890e476a060fb,sha256:8e74a58284a6e8c22ac9cbf60231f69217c3cae31c231ef17b0afd81726b8249,verification/edit_length_preserving/overwrite-middle-4k-on-500mib-ops-1/verification.json,"[""no exhaustive Phase 1 replay""]",[],"{""type"":""bounded-content"",""summary"":""bounded bytes; payload.bin [262076416, 262211584)"",""path"":""payload.bin"",""start"":262076416,""end"":262211584,""schema"":""fs-bench-pro-sdk-edit-verification-v1-checkpoint-cold-v2"",""cache_scope"":""cold-before-sdk; post-commit FUSE read"",""profile"":""canonical-roots-and-boundaries-v1"",""omissions"":[""full-file byte replay"",""omitted; canonical inode preservation checked""]}",,,,,,
edit_length_preserving,overwrite-tail-4k-on-1mib-ops-1,PASS,1.6417941660038196,f592c3ae20935d7623d465e8aacf22703c6861876d758117adba705110f2d0fc,446df40465ad55181b95112968f999534c7d6cb1a2f4d22b4014ecdda120b493,3e3ad18c0d9708812230fd5273fe91559bf208e019d9f54bb5e9e990fb37e653,sha256:8e74a58284a6e8c22ac9cbf60231f69217c3cae31c231ef17b0afd81726b8249,verification/edit_length_preserving/overwrite-tail-4k-on-1mib-ops-1/verification.json,"[""no exhaustive Phase 1 replay""]",[],"{""type"":""bounded-content"",""summary"":""bounded bytes; payload.bin [978944, 1048576)"",""path"":""payload.bin"",""start"":978944,""end"":1048576,""schema"":""fs-bench-pro-sdk-edit-verification-v1-checkpoint-cold-v2"",""cache_scope"":""cold-before-sdk; post-commit FUSE read"",""profile"":""canonical-roots-and-boundaries-v1"",""omissions"":[""full-file byte replay"",""omitted; canonical inode preservation checked""]}",,,,,,
edit_length_preserving,overwrite-tail-4k-on-10mib-ops-1,PASS,1.7036557500105118,f592c3ae20935d7623d465e8aacf22703c6861876d758117adba705110f2d0fc,446df40465ad55181b95112968f999534c7d6cb1a2f4d22b4014ecdda120b493,c259e1639e262648f7dda0f4012dbe6273d6a426f25c0c2dd7b484f4eb3a0d65,sha256:8e74a58284a6e8c22ac9cbf60231f69217c3cae31c231ef17b0afd81726b8249,verification/edit_length_preserving/overwrite-tail-4k-on-10mib-ops-1/verification.json,"[""no exhaustive Phase 1 replay""]",[],"{""type"":""bounded-content"",""summary"":""bounded bytes; payload.bin [10416128, 10485760)"",""path"":""payload.bin"",""start"":10416128,""end"":10485760,""schema"":""fs-bench-pro-sdk-edit-verification-v1-checkpoint-cold-v2"",""cache_scope"":""cold-before-sdk; post-commit FUSE read"",""profile"":""canonical-roots-and-boundaries-v1"",""omissions"":[""full-file byte replay"",""omitted; canonical inode preservation checked""]}",,,,,,
edit_length_preserving,overwrite-tail-4k-on-100mib-ops-1,PASS,2.2169682920066407,f592c3ae20935d7623d465e8aacf22703c6861876d758117adba705110f2d0fc,446df40465ad55181b95112968f999534c7d6cb1a2f4d22b4014ecdda120b493,11bfddf5a931778690a9c0a08c254424ce56111520d3fb63bae8174045ed67ca,sha256:8e74a58284a6e8c22ac9cbf60231f69217c3cae31c231ef17b0afd81726b8249,verification/edit_length_preserving/overwrite-tail-4k-on-100mib-ops-1/verification.json,"[""no exhaustive Phase 1 replay""]",[],"{""type"":""bounded-content"",""summary"":""bounded bytes; payload.bin [104787968, 104857600)"",""path"":""payload.bin"",""start"":104787968,""end"":104857600,""schema"":""fs-bench-pro-sdk-edit-verification-v1-checkpoint-cold-v2"",""cache_scope"":""cold-before-sdk; post-commit FUSE read"",""profile"":""canonical-roots-and-boundaries-v1"",""omissions"":[""full-file byte replay"",""omitted; canonical inode preservation checked""]}",,,,,,
edit_length_preserving,overwrite-tail-4k-on-500mib-ops-1,PASS,3.964256541003124,f592c3ae20935d7623d465e8aacf22703c6861876d758117adba705110f2d0fc,446df40465ad55181b95112968f999534c7d6cb1a2f4d22b4014ecdda120b493,42c93bb2a96cedf2a3018daf379e44be58b14dfb568819543938c77f7107d59d,sha256:8e74a58284a6e8c22ac9cbf60231f69217c3cae31c231ef17b0afd81726b8249,verification/edit_length_preserving/overwrite-tail-4k-on-500mib-ops-1/verification.json,"[""no exhaustive Phase 1 replay""]",[],"{""type"":""bounded-content"",""summary"":""bounded bytes; payload.bin [524218368, 524288000)"",""path"":""payload.bin"",""start"":524218368,""end"":524288000,""schema"":""fs-bench-pro-sdk-edit-verification-v1-checkpoint-cold-v2"",""cache_scope"":""cold-before-sdk; post-commit FUSE read"",""profile"":""canonical-roots-and-boundaries-v1"",""omissions"":[""full-file byte replay"",""omitted; canonical inode preservation checked""]}",,,,,,
edit_length_changing,insert-middle-4k-on-1mib-ops-1,PASS,1.7774745839997195,f592c3ae20935d7623d465e8aacf22703c6861876d758117adba705110f2d0fc,446df40465ad55181b95112968f999534c7d6cb1a2f4d22b4014ecdda120b493,db9f23b1087de515f1c26e57b4905d1124538573fc82bde618faa8334a42a64b,sha256:8e74a58284a6e8c22ac9cbf60231f69217c3cae31c231ef17b0afd81726b8249,verification/edit_length_changing/insert-middle-4k-on-1mib-ops-1/verification.json,"[""no exhaustive Phase 1 replay""]",[],"{""type"":""bounded-content"",""summary"":""bounded bytes; payload.bin [458752, 593920)"",""path"":""payload.bin"",""start"":458752,""end"":593920,""schema"":""fs-bench-pro-sdk-edit-verification-v1-checkpoint-cold-v2"",""cache_scope"":""cold-before-sdk; post-commit FUSE read"",""profile"":""canonical-roots-and-boundaries-v1"",""omissions"":[""full-file byte replay"",""omitted; canonical inode preservation checked""]}",,,,,,
edit_length_changing,insert-middle-4k-on-10mib-ops-1,PASS,1.888940459000878,f592c3ae20935d7623d465e8aacf22703c6861876d758117adba705110f2d0fc,446df40465ad55181b95112968f999534c7d6cb1a2f4d22b4014ecdda120b493,7fb65de42afb9366cb871e5477b91bf2a1dc57a19f457accb91b0685371db478,sha256:8e74a58284a6e8c22ac9cbf60231f69217c3cae31c231ef17b0afd81726b8249,verification/edit_length_changing/insert-middle-4k-on-10mib-ops-1/verification.json,"[""no exhaustive Phase 1 replay""]",[],"{""type"":""bounded-content"",""summary"":""bounded bytes; payload.bin [5177344, 5312512)"",""path"":""payload.bin"",""start"":5177344,""end"":5312512,""schema"":""fs-bench-pro-sdk-edit-verification-v1-checkpoint-cold-v2"",""cache_scope"":""cold-before-sdk; post-commit FUSE read"",""profile"":""canonical-roots-and-boundaries-v1"",""omissions"":[""full-file byte replay"",""omitted; canonical inode preservation checked""]}",,,,,,
edit_length_changing,insert-middle-4k-on-100mib-ops-1,PASS,2.236307749990374,f592c3ae20935d7623d465e8aacf22703c6861876d758117adba705110f2d0fc,446df40465ad55181b95112968f999534c7d6cb1a2f4d22b4014ecdda120b493,190bcbe35ba33206debf7a7e6a3958cf37d5fc63fda63fecb34f713b9630d41d,sha256:8e74a58284a6e8c22ac9cbf60231f69217c3cae31c231ef17b0afd81726b8249,verification/edit_length_changing/insert-middle-4k-on-100mib-ops-1/verification.json,"[""no exhaustive Phase 1 replay""]",[],"{""type"":""bounded-content"",""summary"":""bounded bytes; payload.bin [52363264, 52498432)"",""path"":""payload.bin"",""start"":52363264,""end"":52498432,""schema"":""fs-bench-pro-sdk-edit-verification-v1-checkpoint-cold-v2"",""cache_scope"":""cold-before-sdk; post-commit FUSE read"",""profile"":""canonical-roots-and-boundaries-v1"",""omissions"":[""full-file byte replay"",""omitted; canonical inode preservation checked""]}",,,,,,
edit_length_changing,insert-middle-4k-on-500mib-result-capped-v2-ops-1,PASS,10.592876084003365,f592c3ae20935d7623d465e8aacf22703c6861876d758117adba705110f2d0fc,446df40465ad55181b95112968f999534c7d6cb1a2f4d22b4014ecdda120b493,985aadfbba77bf4db982cb018cf24d2ab02994d373a8d59355b5391520a285bc,sha256:8e74a58284a6e8c22ac9cbf60231f69217c3cae31c231ef17b0afd81726b8249,verification/edit_length_changing/insert-middle-4k-on-500mib-result-capped-v2-ops-1/verification.json,"[""no exhaustive Phase 1 replay""]",[],"{""type"":""bounded-content"",""summary"":""bounded bytes; payload.bin [262076416, 262211584)"",""path"":""payload.bin"",""start"":262076416,""end"":262211584,""schema"":""fs-bench-pro-sdk-edit-verification-v1-checkpoint-cold-v2"",""cache_scope"":""cold-before-sdk; post-commit FUSE read"",""profile"":""canonical-roots-and-boundaries-v1"",""omissions"":[""full-file byte replay"",""omitted; canonical inode preservation checked""]}",,,,,,
edit_length_changing,delete-middle-4k-on-1mib-ops-1,PASS,1.7915914580080425,f592c3ae20935d7623d465e8aacf22703c6861876d758117adba705110f2d0fc,446df40465ad55181b95112968f999534c7d6cb1a2f4d22b4014ecdda120b493,75f25e1166b0529fd0519181fdcd00a46d1f1901be9a9d6505251af6ced07cca,sha256:8e74a58284a6e8c22ac9cbf60231f69217c3cae31c231ef17b0afd81726b8249,verification/edit_length_changing/delete-middle-4k-on-1mib-ops-1/verification.json,"[""no exhaustive Phase 1 replay""]",[],"{""type"":""bounded-content"",""summary"":""bounded bytes; payload.bin [456704, 587776)"",""path"":""payload.bin"",""start"":456704,""end"":587776,""schema"":""fs-bench-pro-sdk-edit-verification-v1-checkpoint-cold-v2"",""cache_scope"":""cold-before-sdk; post-commit FUSE read"",""profile"":""canonical-roots-and-boundaries-v1"",""omissions"":[""full-file byte replay"",""omitted; canonical inode preservation checked""]}",,,,,,
edit_length_changing,delete-middle-4k-on-10mib-ops-1,PASS,1.803129916996113,f592c3ae20935d7623d465e8aacf22703c6861876d758117adba705110f2d0fc,446df40465ad55181b95112968f999534c7d6cb1a2f4d22b4014ecdda120b493,8400fa9b57ed5f4df9ba495af1eb63b277e6b19906751115fa43c8857586802c,sha256:8e74a58284a6e8c22ac9cbf60231f69217c3cae31c231ef17b0afd81726b8249,verification/edit_length_changing/delete-middle-4k-on-10mib-ops-1/verification.json,"[""no exhaustive Phase 1 replay""]",[],"{""type"":""bounded-content"",""summary"":""bounded bytes; payload.bin [5175296, 5306368)"",""path"":""payload.bin"",""start"":5175296,""end"":5306368,""schema"":""fs-bench-pro-sdk-edit-verification-v1-checkpoint-cold-v2"",""cache_scope"":""cold-before-sdk; post-commit FUSE read"",""profile"":""canonical-roots-and-boundaries-v1"",""omissions"":[""full-file byte replay"",""omitted; canonical inode preservation checked""]}",,,,,,
edit_length_changing,delete-middle-4k-on-100mib-ops-1,PASS,2.291404165996937,f592c3ae20935d7623d465e8aacf22703c6861876d758117adba705110f2d0fc,446df40465ad55181b95112968f999534c7d6cb1a2f4d22b4014ecdda120b493,25ca012a3d3be42772b039e9e22197ca6347ec380cc07713ecf9dedc094f66ea,sha256:8e74a58284a6e8c22ac9cbf60231f69217c3cae31c231ef17b0afd81726b8249,verification/edit_length_changing/delete-middle-4k-on-100mib-ops-1/verification.json,"[""no exhaustive Phase 1 replay""]",[],"{""type"":""bounded-content"",""summary"":""bounded bytes; payload.bin [52361216, 52492288)"",""path"":""payload.bin"",""start"":52361216,""end"":52492288,""schema"":""fs-bench-pro-sdk-edit-verification-v1-checkpoint-cold-v2"",""cache_scope"":""cold-before-sdk; post-commit FUSE read"",""profile"":""canonical-roots-and-boundaries-v1"",""omissions"":[""full-file byte replay"",""omitted; canonical inode preservation checked""]}",,,,,,
edit_length_changing,delete-middle-4k-on-500mib-ops-1,PASS,4.114484833000461,f592c3ae20935d7623d465e8aacf22703c6861876d758117adba705110f2d0fc,446df40465ad55181b95112968f999534c7d6cb1a2f4d22b4014ecdda120b493,c2dbd414497aa7aa79e3bc42b07c2e4fd27b95c3a9a40b39822472c5703c9265,sha256:8e74a58284a6e8c22ac9cbf60231f69217c3cae31c231ef17b0afd81726b8249,verification/edit_length_changing/delete-middle-4k-on-500mib-ops-1/verification.json,"[""no exhaustive Phase 1 replay""]",[],"{""type"":""bounded-content"",""summary"":""bounded bytes; payload.bin [262076416, 262207488)"",""path"":""payload.bin"",""start"":262076416,""end"":262207488,""schema"":""fs-bench-pro-sdk-edit-verification-v1-checkpoint-cold-v2"",""cache_scope"":""cold-before-sdk; post-commit FUSE read"",""profile"":""canonical-roots-and-boundaries-v1"",""omissions"":[""full-file byte replay"",""omitted; canonical inode preservation checked""]}",,,,,,
edit_length_changing,append-tail-4k-on-1mib-ops-1,PASS,1.837592541007325,f592c3ae20935d7623d465e8aacf22703c6861876d758117adba705110f2d0fc,446df40465ad55181b95112968f999534c7d6cb1a2f4d22b4014ecdda120b493,a1d4c6514aac4cb75f5c5314181c07755ad94818c6e88b6d2e53a079d72bfa8b,sha256:8e74a58284a6e8c22ac9cbf60231f69217c3cae31c231ef17b0afd81726b8249,verification/edit_length_changing/append-tail-4k-on-1mib-ops-1/verification.json,"[""no exhaustive Phase 1 replay""]",[],"{""type"":""bounded-content"",""summary"":""bounded bytes; payload.bin [983040, 1052672)"",""path"":""payload.bin"",""start"":983040,""end"":1052672,""schema"":""fs-bench-pro-sdk-edit-verification-v1-checkpoint-cold-v2"",""cache_scope"":""cold-before-sdk; post-commit FUSE read"",""profile"":""canonical-roots-and-boundaries-v1"",""omissions"":[""full-file byte replay"",""omitted; canonical inode preservation checked""]}",,,,,,
edit_length_changing,append-tail-4k-on-10mib-ops-1,PASS,1.6037975420040311,f592c3ae20935d7623d465e8aacf22703c6861876d758117adba705110f2d0fc,446df40465ad55181b95112968f999534c7d6cb1a2f4d22b4014ecdda120b493,0b77eb57f18c0e35ff7c8224a9329be1bc21c019379e1d26bb23f33c0bfee99a,sha256:8e74a58284a6e8c22ac9cbf60231f69217c3cae31c231ef17b0afd81726b8249,verification/edit_length_changing/append-tail-4k-on-10mib-ops-1/verification.json,"[""no exhaustive Phase 1 replay""]",[],"{""type"":""bounded-content"",""summary"":""bounded bytes; payload.bin [10420224, 10489856)"",""path"":""payload.bin"",""start"":10420224,""end"":10489856,""schema"":""fs-bench-pro-sdk-edit-verification-v1-checkpoint-cold-v2"",""cache_scope"":""cold-before-sdk; post-commit FUSE read"",""profile"":""canonical-roots-and-boundaries-v1"",""omissions"":[""full-file byte replay"",""omitted; canonical inode preservation checked""]}",,,,,,
edit_length_changing,append-tail-4k-on-100mib-ops-1,PASS,2.1850692499865545,f592c3ae20935d7623d465e8aacf22703c6861876d758117adba705110f2d0fc,446df40465ad55181b95112968f999534c7d6cb1a2f4d22b4014ecdda120b493,8a36fb9aa8a2b5fcabc60f79e1f28a4c1af2e84360519bf333913d8f673a23ae,sha256:8e74a58284a6e8c22ac9cbf60231f69217c3cae31c231ef17b0afd81726b8249,verification/edit_length_changing/append-tail-4k-on-100mib-ops-1/verification.json,"[""no exhaustive Phase 1 replay""]",[],"{""type"":""bounded-content"",""summary"":""bounded bytes; payload.bin [104792064, 104861696)"",""path"":""payload.bin"",""start"":104792064,""end"":104861696,""schema"":""fs-bench-pro-sdk-edit-verification-v1-checkpoint-cold-v2"",""cache_scope"":""cold-before-sdk; post-commit FUSE read"",""profile"":""canonical-roots-and-boundaries-v1"",""omissions"":[""full-file byte replay"",""omitted; canonical inode preservation checked""]}",,,,,,
edit_length_changing,append-tail-4k-on-500mib-result-capped-v2-ops-1,PASS,4.14192241699493,f592c3ae20935d7623d465e8aacf22703c6861876d758117adba705110f2d0fc,446df40465ad55181b95112968f999534c7d6cb1a2f4d22b4014ecdda120b493,3271e475bae8161a67df075ffc9a6b3e410b46bc5cac103cb9dd586796580cc0,sha256:8e74a58284a6e8c22ac9cbf60231f69217c3cae31c231ef17b0afd81726b8249,verification/edit_length_changing/append-tail-4k-on-500mib-result-capped-v2-ops-1/verification.json,"[""no exhaustive Phase 1 replay""]",[],"{""type"":""bounded-content"",""summary"":""bounded bytes; payload.bin [524218368, 524288000)"",""path"":""payload.bin"",""start"":524218368,""end"":524288000,""schema"":""fs-bench-pro-sdk-edit-verification-v1-checkpoint-cold-v2"",""cache_scope"":""cold-before-sdk; post-commit FUSE read"",""profile"":""canonical-roots-and-boundaries-v1"",""omissions"":[""full-file byte replay"",""omitted; canonical inode preservation checked""]}",,,,,,
edit_length_changing,prepend-head-4k-on-1mib-ops-1,PASS,1.7200156250037253,f592c3ae20935d7623d465e8aacf22703c6861876d758117adba705110f2d0fc,446df40465ad55181b95112968f999534c7d6cb1a2f4d22b4014ecdda120b493,c8737325bf94f3a2fb180b086048960c9b5b6a45c6652b118ca4dab0acdddcae,sha256:8e74a58284a6e8c22ac9cbf60231f69217c3cae31c231ef17b0afd81726b8249,verification/edit_length_changing/prepend-head-4k-on-1mib-ops-1/verification.json,"[""no exhaustive Phase 1 replay""]",[],"{""type"":""bounded-content"",""summary"":""bounded bytes; payload.bin [0, 69632)"",""path"":""payload.bin"",""start"":0,""end"":69632,""schema"":""fs-bench-pro-sdk-edit-verification-v1-checkpoint-cold-v2"",""cache_scope"":""cold-before-sdk; post-commit FUSE read"",""profile"":""canonical-roots-and-boundaries-v1"",""omissions"":[""full-file byte replay"",""omitted; canonical inode preservation checked""]}",,,,,,
edit_length_changing,prepend-head-4k-on-10mib-ops-1,PASS,1.779393542004982,f592c3ae20935d7623d465e8aacf22703c6861876d758117adba705110f2d0fc,446df40465ad55181b95112968f999534c7d6cb1a2f4d22b4014ecdda120b493,be05273386e9ed6c1e269ea9413e8e7e27552343d87ffdbc85d02c1ee019e2a5,sha256:8e74a58284a6e8c22ac9cbf60231f69217c3cae31c231ef17b0afd81726b8249,verification/edit_length_changing/prepend-head-4k-on-10mib-ops-1/verification.json,"[""no exhaustive Phase 1 replay""]",[],"{""type"":""bounded-content"",""summary"":""bounded bytes; payload.bin [0, 69632)"",""path"":""payload.bin"",""start"":0,""end"":69632,""schema"":""fs-bench-pro-sdk-edit-verification-v1-checkpoint-cold-v2"",""cache_scope"":""cold-before-sdk; post-commit FUSE read"",""profile"":""canonical-roots-and-boundaries-v1"",""omissions"":[""full-file byte replay"",""omitted; canonical inode preservation checked""]}",,,,,,
edit_length_changing,prepend-head-4k-on-100mib-ops-1,PASS,2.28030545799993,f592c3ae20935d7623d465e8aacf22703c6861876d758117adba705110f2d0fc,446df40465ad55181b95112968f999534c7d6cb1a2f4d22b4014ecdda120b493,c214b7bee90bb150e92dc3f515ba2f668af34f77d7f87351eedef74881168917,sha256:8e74a58284a6e8c22ac9cbf60231f69217c3cae31c231ef17b0afd81726b8249,verification/edit_length_changing/prepend-head-4k-on-100mib-ops-1/verification.json,"[""no exhaustive Phase 1 replay""]",[],"{""type"":""bounded-content"",""summary"":""bounded bytes; payload.bin [0, 69632)"",""path"":""payload.bin"",""start"":0,""end"":69632,""schema"":""fs-bench-pro-sdk-edit-verification-v1-checkpoint-cold-v2"",""cache_scope"":""cold-before-sdk; post-commit FUSE read"",""profile"":""canonical-roots-and-boundaries-v1"",""omissions"":[""full-file byte replay"",""omitted; canonical inode preservation checked""]}",,,,,,
edit_length_changing,prepend-head-4k-on-500mib-result-capped-v2-ops-1,PASS,4.245487124993815,f592c3ae20935d7623d465e8aacf22703c6861876d758117adba705110f2d0fc,446df40465ad55181b95112968f999534c7d6cb1a2f4d22b4014ecdda120b493,aaa23ce766757e62fdf4cf43db755ab1b92493fb897d654521ef4b4e6597e0cf,sha256:8e74a58284a6e8c22ac9cbf60231f69217c3cae31c231ef17b0afd81726b8249,verification/edit_length_changing/prepend-head-4k-on-500mib-result-capped-v2-ops-1/verification.json,"[""no exhaustive Phase 1 replay""]",[],"{""type"":""bounded-content"",""summary"":""bounded bytes; payload.bin [0, 69632)"",""path"":""payload.bin"",""start"":0,""end"":69632,""schema"":""fs-bench-pro-sdk-edit-verification-v1-checkpoint-cold-v2"",""cache_scope"":""cold-before-sdk; post-commit FUSE read"",""profile"":""canonical-roots-and-boundaries-v1"",""omissions"":[""full-file byte replay"",""omitted; canonical inode preservation checked""]}",,,,,,
edit_length_changing,replace-grow-middle-2k-to-4k-on-1mib-ops-1,PASS,1.7398471250053262,f592c3ae20935d7623d465e8aacf22703c6861876d758117adba705110f2d0fc,446df40465ad55181b95112968f999534c7d6cb1a2f4d22b4014ecdda120b493,d5b21f85005ed2fa495edf3319059f6ec6f32152e7bc147b77df60106f9b069c,sha256:8e74a58284a6e8c22ac9cbf60231f69217c3cae31c231ef17b0afd81726b8249,verification/edit_length_changing/replace-grow-middle-2k-to-4k-on-1mib-ops-1/verification.json,"[""no exhaustive Phase 1 replay""]",[],"{""type"":""bounded-content"",""summary"":""bounded bytes; payload.bin [457728, 592896)"",""path"":""payload.bin"",""start"":457728,""end"":592896,""schema"":""fs-bench-pro-sdk-edit-verification-v1-checkpoint-cold-v2"",""cache_scope"":""cold-before-sdk; post-commit FUSE read"",""profile"":""canonical-roots-and-boundaries-v1"",""omissions"":[""full-file byte replay"",""omitted; canonical inode preservation checked""]}",,,,,,
edit_length_changing,replace-grow-middle-2k-to-4k-on-10mib-ops-1,PASS,1.7945018749887822,f592c3ae20935d7623d465e8aacf22703c6861876d758117adba705110f2d0fc,446df40465ad55181b95112968f999534c7d6cb1a2f4d22b4014ecdda120b493,88d80ec5eca8acd35db497147d2282319aee9365fd9af741814a8dcf93b36731,sha256:8e74a58284a6e8c22ac9cbf60231f69217c3cae31c231ef17b0afd81726b8249,verification/edit_length_changing/replace-grow-middle-2k-to-4k-on-10mib-ops-1/verification.json,"[""no exhaustive Phase 1 replay""]",[],"{""type"":""bounded-content"",""summary"":""bounded bytes; payload.bin [5176320, 5311488)"",""path"":""payload.bin"",""start"":5176320,""end"":5311488,""schema"":""fs-bench-pro-sdk-edit-verification-v1-checkpoint-cold-v2"",""cache_scope"":""cold-before-sdk; post-commit FUSE read"",""profile"":""canonical-roots-and-boundaries-v1"",""omissions"":[""full-file byte replay"",""omitted; canonical inode preservation checked""]}",,,,,,
edit_length_changing,replace-grow-middle-2k-to-4k-on-100mib-ops-1,PASS,2.2856844580092,f592c3ae20935d7623d465e8aacf22703c6861876d758117adba705110f2d0fc,446df40465ad55181b95112968f999534c7d6cb1a2f4d22b4014ecdda120b493,df5e4fe13868295526361dee8282b199c4f3a8b2a113ba87257ee8e27d272520,sha256:8e74a58284a6e8c22ac9cbf60231f69217c3cae31c231ef17b0afd81726b8249,verification/edit_length_changing/replace-grow-middle-2k-to-4k-on-100mib-ops-1/verification.json,"[""no exhaustive Phase 1 replay""]",[],"{""type"":""bounded-content"",""summary"":""bounded bytes; payload.bin [52362240, 52497408)"",""path"":""payload.bin"",""start"":52362240,""end"":52497408,""schema"":""fs-bench-pro-sdk-edit-verification-v1-checkpoint-cold-v2"",""cache_scope"":""cold-before-sdk; post-commit FUSE read"",""profile"":""canonical-roots-and-boundaries-v1"",""omissions"":[""full-file byte replay"",""omitted; canonical inode preservation checked""]}",,,,,,
edit_length_changing,replace-grow-middle-2k-to-4k-on-500mib-result-capped-v2-ops-1,PASS,9.973089458988397,f592c3ae20935d7623d465e8aacf22703c6861876d758117adba705110f2d0fc,446df40465ad55181b95112968f999534c7d6cb1a2f4d22b4014ecdda120b493,9d75667454e46b75f797bb6f0dcbabe9ec79306599d81433b93775fb0f097bcc,sha256:8e74a58284a6e8c22ac9cbf60231f69217c3cae31c231ef17b0afd81726b8249,verification/edit_length_changing/replace-grow-middle-2k-to-4k-on-500mib-result-capped-v2-ops-1/verification.json,"[""no exhaustive Phase 1 replay""]",[],"{""type"":""bounded-content"",""summary"":""bounded bytes; payload.bin [262076416, 262211584)"",""path"":""payload.bin"",""start"":262076416,""end"":262211584,""schema"":""fs-bench-pro-sdk-edit-verification-v1-checkpoint-cold-v2"",""cache_scope"":""cold-before-sdk; post-commit FUSE read"",""profile"":""canonical-roots-and-boundaries-v1"",""omissions"":[""full-file byte replay"",""omitted; canonical inode preservation checked""]}",,,,,,
edit_length_changing,replace-shrink-middle-4k-to-2k-on-1mib-ops-1,PASS,1.8320273749995977,f592c3ae20935d7623d465e8aacf22703c6861876d758117adba705110f2d0fc,446df40465ad55181b95112968f999534c7d6cb1a2f4d22b4014ecdda120b493,d8fa8e5528ca5ae0be56f6388beed585e6760332144b45911352d5c536bb33c6,sha256:8e74a58284a6e8c22ac9cbf60231f69217c3cae31c231ef17b0afd81726b8249,verification/edit_length_changing/replace-shrink-middle-4k-to-2k-on-1mib-ops-1/verification.json,"[""no exhaustive Phase 1 replay""]",[],"{""type"":""bounded-content"",""summary"":""bounded bytes; payload.bin [456704, 589824)"",""path"":""payload.bin"",""start"":456704,""end"":589824,""schema"":""fs-bench-pro-sdk-edit-verification-v1-checkpoint-cold-v2"",""cache_scope"":""cold-before-sdk; post-commit FUSE read"",""profile"":""canonical-roots-and-boundaries-v1"",""omissions"":[""full-file byte replay"",""omitted; canonical inode preservation checked""]}",,,,,,
edit_length_changing,replace-shrink-middle-4k-to-2k-on-10mib-ops-1,PASS,1.5861151660064934,f592c3ae20935d7623d465e8aacf22703c6861876d758117adba705110f2d0fc,446df40465ad55181b95112968f999534c7d6cb1a2f4d22b4014ecdda120b493,91438cb097754af0e1efd0cbc7982d0ac11affefa80232c04e9ac0a0f3117216,sha256:8e74a58284a6e8c22ac9cbf60231f69217c3cae31c231ef17b0afd81726b8249,verification/edit_length_changing/replace-shrink-middle-4k-to-2k-on-10mib-ops-1/verification.json,"[""no exhaustive Phase 1 replay""]",[],"{""type"":""bounded-content"",""summary"":""bounded bytes; payload.bin [5175296, 5308416)"",""path"":""payload.bin"",""start"":5175296,""end"":5308416,""schema"":""fs-bench-pro-sdk-edit-verification-v1-checkpoint-cold-v2"",""cache_scope"":""cold-before-sdk; post-commit FUSE read"",""profile"":""canonical-roots-and-boundaries-v1"",""omissions"":[""full-file byte replay"",""omitted; canonical inode preservation checked""]}",,,,,,
edit_length_changing,replace-shrink-middle-4k-to-2k-on-100mib-ops-1,PASS,2.1557470839907182,f592c3ae20935d7623d465e8aacf22703c6861876d758117adba705110f2d0fc,446df40465ad55181b95112968f999534c7d6cb1a2f4d22b4014ecdda120b493,fbb267a35931749761633ffcdce85fe18670468585fc41252c5486f8341741cb,sha256:8e74a58284a6e8c22ac9cbf60231f69217c3cae31c231ef17b0afd81726b8249,verification/edit_length_changing/replace-shrink-middle-4k-to-2k-on-100mib-ops-1/verification.json,"[""no exhaustive Phase 1 replay""]",[],"{""type"":""bounded-content"",""summary"":""bounded bytes; payload.bin [52361216, 52494336)"",""path"":""payload.bin"",""start"":52361216,""end"":52494336,""schema"":""fs-bench-pro-sdk-edit-verification-v1-checkpoint-cold-v2"",""cache_scope"":""cold-before-sdk; post-commit FUSE read"",""profile"":""canonical-roots-and-boundaries-v1"",""omissions"":[""full-file byte replay"",""omitted; canonical inode preservation checked""]}",,,,,,
edit_length_changing,replace-shrink-middle-4k-to-2k-on-500mib-ops-1,PASS,4.055619624996325,f592c3ae20935d7623d465e8aacf22703c6861876d758117adba705110f2d0fc,446df40465ad55181b95112968f999534c7d6cb1a2f4d22b4014ecdda120b493,00d9b37b199001918a32f868fe38df74458f51c82c836ef62d09a32c02b7bacb,sha256:8e74a58284a6e8c22ac9cbf60231f69217c3cae31c231ef17b0afd81726b8249,verification/edit_length_changing/replace-shrink-middle-4k-to-2k-on-500mib-ops-1/verification.json,"[""no exhaustive Phase 1 replay""]",[],"{""type"":""bounded-content"",""summary"":""bounded bytes; payload.bin [262076416, 262209536)"",""path"":""payload.bin"",""start"":262076416,""end"":262209536,""schema"":""fs-bench-pro-sdk-edit-verification-v1-checkpoint-cold-v2"",""cache_scope"":""cold-before-sdk; post-commit FUSE read"",""profile"":""canonical-roots-and-boundaries-v1"",""omissions"":[""full-file byte replay"",""omitted; canonical inode preservation checked""]}",,,,,,
edit_length_changing,truncate-tail-4k-on-1mib-ops-1,PASS,1.6827613750065211,f592c3ae20935d7623d465e8aacf22703c6861876d758117adba705110f2d0fc,446df40465ad55181b95112968f999534c7d6cb1a2f4d22b4014ecdda120b493,43b47a63e27a8e2286bcc9bccb0fa0eb926e99649d44bfe50195b6e72511dca2,sha256:8e74a58284a6e8c22ac9cbf60231f69217c3cae31c231ef17b0afd81726b8249,verification/edit_length_changing/truncate-tail-4k-on-1mib-ops-1/verification.json,"[""no exhaustive Phase 1 replay""]",[],"{""type"":""bounded-content"",""summary"":""bounded bytes; payload.bin [978944, 1044480)"",""path"":""payload.bin"",""start"":978944,""end"":1044480,""schema"":""fs-bench-pro-sdk-edit-verification-v1-checkpoint-cold-v2"",""cache_scope"":""cold-before-sdk; post-commit FUSE read"",""profile"":""canonical-roots-and-boundaries-v1"",""omissions"":[""full-file byte replay"",""omitted; canonical inode preservation checked""]}",,,,,,
edit_length_changing,truncate-tail-4k-on-10mib-ops-1,PASS,1.6619550829927903,f592c3ae20935d7623d465e8aacf22703c6861876d758117adba705110f2d0fc,446df40465ad55181b95112968f999534c7d6cb1a2f4d22b4014ecdda120b493,9d9e83bb4a6e7ff53433d64684b4c65f90383c0d1741b4a6b8aa122742ae12d5,sha256:8e74a58284a6e8c22ac9cbf60231f69217c3cae31c231ef17b0afd81726b8249,verification/edit_length_changing/truncate-tail-4k-on-10mib-ops-1/verification.json,"[""no exhaustive Phase 1 replay""]",[],"{""type"":""bounded-content"",""summary"":""bounded bytes; payload.bin [10416128, 10481664)"",""path"":""payload.bin"",""start"":10416128,""end"":10481664,""schema"":""fs-bench-pro-sdk-edit-verification-v1-checkpoint-cold-v2"",""cache_scope"":""cold-before-sdk; post-commit FUSE read"",""profile"":""canonical-roots-and-boundaries-v1"",""omissions"":[""full-file byte replay"",""omitted; canonical inode preservation checked""]}",,,,,,
edit_length_changing,truncate-tail-4k-on-100mib-ops-1,PASS,2.1448318750044564,f592c3ae20935d7623d465e8aacf22703c6861876d758117adba705110f2d0fc,446df40465ad55181b95112968f999534c7d6cb1a2f4d22b4014ecdda120b493,2c96075ce459d96064d5a2835e26d700e9700ff9ba59256859b7972226e51016,sha256:8e74a58284a6e8c22ac9cbf60231f69217c3cae31c231ef17b0afd81726b8249,verification/edit_length_changing/truncate-tail-4k-on-100mib-ops-1/verification.json,"[""no exhaustive Phase 1 replay""]",[],"{""type"":""bounded-content"",""summary"":""bounded bytes; payload.bin [104787968, 104853504)"",""path"":""payload.bin"",""start"":104787968,""end"":104853504,""schema"":""fs-bench-pro-sdk-edit-verification-v1-checkpoint-cold-v2"",""cache_scope"":""cold-before-sdk; post-commit FUSE read"",""profile"":""canonical-roots-and-boundaries-v1"",""omissions"":[""full-file byte replay"",""omitted; canonical inode preservation checked""]}",,,,,,
edit_length_changing,truncate-tail-4k-on-500mib-ops-1,PASS,3.731173708991264,f592c3ae20935d7623d465e8aacf22703c6861876d758117adba705110f2d0fc,446df40465ad55181b95112968f999534c7d6cb1a2f4d22b4014ecdda120b493,04ba7dfd91568267c1e89d9c037438201f42e92524b356ecbb6b71e3ed0662fb,sha256:8e74a58284a6e8c22ac9cbf60231f69217c3cae31c231ef17b0afd81726b8249,verification/edit_length_changing/truncate-tail-4k-on-500mib-ops-1/verification.json,"[""no exhaustive Phase 1 replay""]",[],"{""type"":""bounded-content"",""summary"":""bounded bytes; payload.bin [524218368, 524283904)"",""path"":""payload.bin"",""start"":524218368,""end"":524283904,""schema"":""fs-bench-pro-sdk-edit-verification-v1-checkpoint-cold-v2"",""cache_scope"":""cold-before-sdk; post-commit FUSE read"",""profile"":""canonical-roots-and-boundaries-v1"",""omissions"":[""full-file byte replay"",""omitted; canonical inode preservation checked""]}",,,,,,
edit_length_changing,zero-extend-tail-4k-on-1mib-ops-1,PASS,1.5976098749961238,f592c3ae20935d7623d465e8aacf22703c6861876d758117adba705110f2d0fc,446df40465ad55181b95112968f999534c7d6cb1a2f4d22b4014ecdda120b493,307afa7f270349651bffe3c623e66351ce6f82104c28e5b463945d17276237dd,sha256:8e74a58284a6e8c22ac9cbf60231f69217c3cae31c231ef17b0afd81726b8249,verification/edit_length_changing/zero-extend-tail-4k-on-1mib-ops-1/verification.json,"[""no exhaustive Phase 1 replay""]",[],"{""type"":""bounded-content"",""summary"":""bounded bytes; payload.bin [983040, 1052672)"",""path"":""payload.bin"",""start"":983040,""end"":1052672,""schema"":""fs-bench-pro-sdk-edit-verification-v1-checkpoint-cold-v2"",""cache_scope"":""cold-before-sdk; post-commit FUSE read"",""profile"":""canonical-roots-and-boundaries-v1"",""omissions"":[""full-file byte replay"",""omitted; canonical inode preservation checked""]}",,,,,,
edit_length_changing,zero-extend-tail-4k-on-10mib-ops-1,PASS,1.9053765830030898,f592c3ae20935d7623d465e8aacf22703c6861876d758117adba705110f2d0fc,446df40465ad55181b95112968f999534c7d6cb1a2f4d22b4014ecdda120b493,9088b0f752dd9bbaf1604e914d52c42538e04c0b166d5b60a796dff9890550ff,sha256:8e74a58284a6e8c22ac9cbf60231f69217c3cae31c231ef17b0afd81726b8249,verification/edit_length_changing/zero-extend-tail-4k-on-10mib-ops-1/verification.json,"[""no exhaustive Phase 1 replay""]",[],"{""type"":""bounded-content"",""summary"":""bounded bytes; payload.bin [10420224, 10489856)"",""path"":""payload.bin"",""start"":10420224,""end"":10489856,""schema"":""fs-bench-pro-sdk-edit-verification-v1-checkpoint-cold-v2"",""cache_scope"":""cold-before-sdk; post-commit FUSE read"",""profile"":""canonical-roots-and-boundaries-v1"",""omissions"":[""full-file byte replay"",""omitted; canonical inode preservation checked""]}",,,,,,
edit_length_changing,zero-extend-tail-4k-on-100mib-ops-1,PASS,2.1319220410077833,f592c3ae20935d7623d465e8aacf22703c6861876d758117adba705110f2d0fc,446df40465ad55181b95112968f999534c7d6cb1a2f4d22b4014ecdda120b493,1d754a505932fde6aea7d8e79e74782c9b64a767115c33e7e6d4641023b192ff,sha256:8e74a58284a6e8c22ac9cbf60231f69217c3cae31c231ef17b0afd81726b8249,verification/edit_length_changing/zero-extend-tail-4k-on-100mib-ops-1/verification.json,"[""no exhaustive Phase 1 replay""]",[],"{""type"":""bounded-content"",""summary"":""bounded bytes; payload.bin [104792064, 104861696)"",""path"":""payload.bin"",""start"":104792064,""end"":104861696,""schema"":""fs-bench-pro-sdk-edit-verification-v1-checkpoint-cold-v2"",""cache_scope"":""cold-before-sdk; post-commit FUSE read"",""profile"":""canonical-roots-and-boundaries-v1"",""omissions"":[""full-file byte replay"",""omitted; canonical inode preservation checked""]}",,,,,,
edit_length_changing,zero-extend-tail-4k-on-500mib-result-capped-v2-ops-1,PASS,4.079063582990784,f592c3ae20935d7623d465e8aacf22703c6861876d758117adba705110f2d0fc,446df40465ad55181b95112968f999534c7d6cb1a2f4d22b4014ecdda120b493,225f402edb8feb326fbdf518d519d0be3042387aef8bdeb63533f726d6256dad,sha256:8e74a58284a6e8c22ac9cbf60231f69217c3cae31c231ef17b0afd81726b8249,verification/edit_length_changing/zero-extend-tail-4k-on-500mib-result-capped-v2-ops-1/verification.json,"[""no exhaustive Phase 1 replay""]",[],"{""type"":""bounded-content"",""summary"":""bounded bytes; payload.bin [524218368, 524288000)"",""path"":""payload.bin"",""start"":524218368,""end"":524288000,""schema"":""fs-bench-pro-sdk-edit-verification-v1-checkpoint-cold-v2"",""cache_scope"":""cold-before-sdk; post-commit FUSE read"",""profile"":""canonical-roots-and-boundaries-v1"",""omissions"":[""full-file byte replay"",""omitted; canonical inode preservation checked""]}",,,,,,
edit_canonical_chunk_count,overwrite-fixed-64k-chunk-count-preserve-on-1mib-ops-1,PASS,1.8478067090036348,f592c3ae20935d7623d465e8aacf22703c6861876d758117adba705110f2d0fc,446df40465ad55181b95112968f999534c7d6cb1a2f4d22b4014ecdda120b493,bc31bd700fc67c484851d60dba4d48e6c56d8274c87ec98dae5de6502960bf0d,sha256:8e74a58284a6e8c22ac9cbf60231f69217c3cae31c231ef17b0afd81726b8249,verification/edit_canonical_chunk_count/overwrite-fixed-64k-chunk-count-preserve-on-1mib-ops-1/verification.json,"[""no exhaustive Phase 1 replay""]",[],"{""type"":""bounded-content"",""summary"":""bounded bytes; payload.bin [81920, 278528)"",""path"":""payload.bin"",""start"":81920,""end"":278528,""schema"":""fs-bench-pro-sdk-edit-verification-v1-checkpoint-cold-v2"",""cache_scope"":""cold-before-sdk; post-commit FUSE read"",""profile"":""canonical-roots-and-boundaries-v1"",""omissions"":[""full-file byte replay"",""omitted; canonical inode preservation checked""]}",,,,,,
edit_canonical_chunk_count,overwrite-fixed-64k-chunk-count-preserve-on-10mib-ops-1,PASS,1.6475708330108318,f592c3ae20935d7623d465e8aacf22703c6861876d758117adba705110f2d0fc,446df40465ad55181b95112968f999534c7d6cb1a2f4d22b4014ecdda120b493,f4ffbed465ad4611550a04c060724338158d464facf12c5ac83fcf753f0f9c85,sha256:8e74a58284a6e8c22ac9cbf60231f69217c3cae31c231ef17b0afd81726b8249,verification/edit_canonical_chunk_count/overwrite-fixed-64k-chunk-count-preserve-on-10mib-ops-1/verification.json,"[""no exhaustive Phase 1 replay""]",[],"{""type"":""bounded-content"",""summary"":""bounded bytes; payload.bin [81920, 278528)"",""path"":""payload.bin"",""start"":81920,""end"":278528,""schema"":""fs-bench-pro-sdk-edit-verification-v1-checkpoint-cold-v2"",""cache_scope"":""cold-before-sdk; post-commit FUSE read"",""profile"":""canonical-roots-and-boundaries-v1"",""omissions"":[""full-file byte replay"",""omitted; canonical inode preservation checked""]}",,,,,,
edit_canonical_chunk_count,overwrite-fixed-64k-chunk-count-preserve-on-100mib-ops-1,PASS,2.2539729589916533,f592c3ae20935d7623d465e8aacf22703c6861876d758117adba705110f2d0fc,446df40465ad55181b95112968f999534c7d6cb1a2f4d22b4014ecdda120b493,02dd41467811ef009e99575b6e69cf363bd73086bc681cec8e2eccbba6677d1b,sha256:8e74a58284a6e8c22ac9cbf60231f69217c3cae31c231ef17b0afd81726b8249,verification/edit_canonical_chunk_count/overwrite-fixed-64k-chunk-count-preserve-on-100mib-ops-1/verification.json,"[""no exhaustive Phase 1 replay""]",[],"{""type"":""bounded-content"",""summary"":""bounded bytes; payload.bin [81920, 278528)"",""path"":""payload.bin"",""start"":81920,""end"":278528,""schema"":""fs-bench-pro-sdk-edit-verification-v1-checkpoint-cold-v2"",""cache_scope"":""cold-before-sdk; post-commit FUSE read"",""profile"":""canonical-roots-and-boundaries-v1"",""omissions"":[""full-file byte replay"",""omitted; canonical inode preservation checked""]}",,,,,,
edit_canonical_chunk_count,overwrite-fixed-64k-chunk-count-preserve-on-500mib-ops-1,PASS,4.092843291000463,f592c3ae20935d7623d465e8aacf22703c6861876d758117adba705110f2d0fc,446df40465ad55181b95112968f999534c7d6cb1a2f4d22b4014ecdda120b493,731c094f1d6879565458ac736b328f2bbe5d6b688cdd363043b4a3c746ce3c4d,sha256:8e74a58284a6e8c22ac9cbf60231f69217c3cae31c231ef17b0afd81726b8249,verification/edit_canonical_chunk_count/overwrite-fixed-64k-chunk-count-preserve-on-500mib-ops-1/verification.json,"[""no exhaustive Phase 1 replay""]",[],"{""type"":""bounded-content"",""summary"":""bounded bytes; payload.bin [81920, 278528)"",""path"":""payload.bin"",""start"":81920,""end"":278528,""schema"":""fs-bench-pro-sdk-edit-verification-v1-checkpoint-cold-v2"",""cache_scope"":""cold-before-sdk; post-commit FUSE read"",""profile"":""canonical-roots-and-boundaries-v1"",""omissions"":[""full-file byte replay"",""omitted; canonical inode preservation checked""]}",,,,,,
edit_canonical_chunk_count,overwrite-fixed-64k-chunk-count-increase-on-1mib-ops-1,PASS,1.9106646250002086,f592c3ae20935d7623d465e8aacf22703c6861876d758117adba705110f2d0fc,446df40465ad55181b95112968f999534c7d6cb1a2f4d22b4014ecdda120b493,38b259972b5fd2a1f34c95a0302c0feb59259a365e0610c2d7be69b7c397e386,sha256:8e74a58284a6e8c22ac9cbf60231f69217c3cae31c231ef17b0afd81726b8249,verification/edit_canonical_chunk_count/overwrite-fixed-64k-chunk-count-increase-on-1mib-ops-1/verification.json,"[""no exhaustive Phase 1 replay""]",[],"{""type"":""bounded-content"",""summary"":""bounded bytes; payload.bin [81920, 278528)"",""path"":""payload.bin"",""start"":81920,""end"":278528,""schema"":""fs-bench-pro-sdk-edit-verification-v1-checkpoint-cold-v2"",""cache_scope"":""cold-before-sdk; post-commit FUSE read"",""profile"":""canonical-roots-and-boundaries-v1"",""omissions"":[""full-file byte replay"",""omitted; canonical inode preservation checked""]}",,,,,,
edit_canonical_chunk_count,overwrite-fixed-64k-chunk-count-increase-on-10mib-ops-1,PASS,1.8543050000007497,f592c3ae20935d7623d465e8aacf22703c6861876d758117adba705110f2d0fc,446df40465ad55181b95112968f999534c7d6cb1a2f4d22b4014ecdda120b493,ebf0b18830ff43beab63406788ec824320928a08b136cf6884cc35eb02be8978,sha256:8e74a58284a6e8c22ac9cbf60231f69217c3cae31c231ef17b0afd81726b8249,verification/edit_canonical_chunk_count/overwrite-fixed-64k-chunk-count-increase-on-10mib-ops-1/verification.json,"[""no exhaustive Phase 1 replay""]",[],"{""type"":""bounded-content"",""summary"":""bounded bytes; payload.bin [81920, 278528)"",""path"":""payload.bin"",""start"":81920,""end"":278528,""schema"":""fs-bench-pro-sdk-edit-verification-v1-checkpoint-cold-v2"",""cache_scope"":""cold-before-sdk; post-commit FUSE read"",""profile"":""canonical-roots-and-boundaries-v1"",""omissions"":[""full-file byte replay"",""omitted; canonical inode preservation checked""]}",,,,,,
edit_canonical_chunk_count,overwrite-fixed-64k-chunk-count-increase-on-100mib-ops-1,PASS,2.311351249998552,f592c3ae20935d7623d465e8aacf22703c6861876d758117adba705110f2d0fc,446df40465ad55181b95112968f999534c7d6cb1a2f4d22b4014ecdda120b493,40836e4902f0258f5a5ccc42fe201e4bd51be26e3ff222d6844debe8ff143f4b,sha256:8e74a58284a6e8c22ac9cbf60231f69217c3cae31c231ef17b0afd81726b8249,verification/edit_canonical_chunk_count/overwrite-fixed-64k-chunk-count-increase-on-100mib-ops-1/verification.json,"[""no exhaustive Phase 1 replay""]",[],"{""type"":""bounded-content"",""summary"":""bounded bytes; payload.bin [81920, 278528)"",""path"":""payload.bin"",""start"":81920,""end"":278528,""schema"":""fs-bench-pro-sdk-edit-verification-v1-checkpoint-cold-v2"",""cache_scope"":""cold-before-sdk; post-commit FUSE read"",""profile"":""canonical-roots-and-boundaries-v1"",""omissions"":[""full-file byte replay"",""omitted; canonical inode preservation checked""]}",,,,,,
edit_canonical_chunk_count,overwrite-fixed-64k-chunk-count-increase-on-500mib-ops-1,PASS,3.9996202500042273,f592c3ae20935d7623d465e8aacf22703c6861876d758117adba705110f2d0fc,446df40465ad55181b95112968f999534c7d6cb1a2f4d22b4014ecdda120b493,cf010872f44f97a572b0be89dcf850e4fb0fdd9c090bcf9f8c220228f18f29b7,sha256:8e74a58284a6e8c22ac9cbf60231f69217c3cae31c231ef17b0afd81726b8249,verification/edit_canonical_chunk_count/overwrite-fixed-64k-chunk-count-increase-on-500mib-ops-1/verification.json,"[""no exhaustive Phase 1 replay""]",[],"{""type"":""bounded-content"",""summary"":""bounded bytes; payload.bin [81920, 278528)"",""path"":""payload.bin"",""start"":81920,""end"":278528,""schema"":""fs-bench-pro-sdk-edit-verification-v1-checkpoint-cold-v2"",""cache_scope"":""cold-before-sdk; post-commit FUSE read"",""profile"":""canonical-roots-and-boundaries-v1"",""omissions"":[""full-file byte replay"",""omitted; canonical inode preservation checked""]}",,,,,,
edit_canonical_chunk_count,overwrite-fixed-64k-chunk-count-decrease-on-1mib-ops-1,PASS,1.7268055000022287,f592c3ae20935d7623d465e8aacf22703c6861876d758117adba705110f2d0fc,446df40465ad55181b95112968f999534c7d6cb1a2f4d22b4014ecdda120b493,492e31c72ed79d32fababace8e73fe38ec587cb16d1edbd3b1bcae1fc827ec9c,sha256:8e74a58284a6e8c22ac9cbf60231f69217c3cae31c231ef17b0afd81726b8249,verification/edit_canonical_chunk_count/overwrite-fixed-64k-chunk-count-decrease-on-1mib-ops-1/verification.json,"[""no exhaustive Phase 1 replay""]",[],"{""type"":""bounded-content"",""summary"":""bounded bytes; payload.bin [81920, 278528)"",""path"":""payload.bin"",""start"":81920,""end"":278528,""schema"":""fs-bench-pro-sdk-edit-verification-v1-checkpoint-cold-v2"",""cache_scope"":""cold-before-sdk; post-commit FUSE read"",""profile"":""canonical-roots-and-boundaries-v1"",""omissions"":[""full-file byte replay"",""omitted; canonical inode preservation checked""]}",,,,,,
edit_canonical_chunk_count,overwrite-fixed-64k-chunk-count-decrease-on-10mib-ops-1,PASS,1.7514523749996442,f592c3ae20935d7623d465e8aacf22703c6861876d758117adba705110f2d0fc,446df40465ad55181b95112968f999534c7d6cb1a2f4d22b4014ecdda120b493,34b7a32a17ecdfcee43d3119d82ece26f54b5d902c91825ae25c8b15df20e4ad,sha256:8e74a58284a6e8c22ac9cbf60231f69217c3cae31c231ef17b0afd81726b8249,verification/edit_canonical_chunk_count/overwrite-fixed-64k-chunk-count-decrease-on-10mib-ops-1/verification.json,"[""no exhaustive Phase 1 replay""]",[],"{""type"":""bounded-content"",""summary"":""bounded bytes; payload.bin [81920, 278528)"",""path"":""payload.bin"",""start"":81920,""end"":278528,""schema"":""fs-bench-pro-sdk-edit-verification-v1-checkpoint-cold-v2"",""cache_scope"":""cold-before-sdk; post-commit FUSE read"",""profile"":""canonical-roots-and-boundaries-v1"",""omissions"":[""full-file byte replay"",""omitted; canonical inode preservation checked""]}",,,,,,
edit_canonical_chunk_count,overwrite-fixed-64k-chunk-count-decrease-on-100mib-ops-1,PASS,2.112886624992825,f592c3ae20935d7623d465e8aacf22703c6861876d758117adba705110f2d0fc,446df40465ad55181b95112968f999534c7d6cb1a2f4d22b4014ecdda120b493,e17972cbe1bcb495120c3abaf28c671ca3c2cb88285ffd865cc7eab13f102960,sha256:8e74a58284a6e8c22ac9cbf60231f69217c3cae31c231ef17b0afd81726b8249,verification/edit_canonical_chunk_count/overwrite-fixed-64k-chunk-count-decrease-on-100mib-ops-1/verification.json,"[""no exhaustive Phase 1 replay""]",[],"{""type"":""bounded-content"",""summary"":""bounded bytes; payload.bin [81920, 278528)"",""path"":""payload.bin"",""start"":81920,""end"":278528,""schema"":""fs-bench-pro-sdk-edit-verification-v1-checkpoint-cold-v2"",""cache_scope"":""cold-before-sdk; post-commit FUSE read"",""profile"":""canonical-roots-and-boundaries-v1"",""omissions"":[""full-file byte replay"",""omitted; canonical inode preservation checked""]}",,,,,,
edit_canonical_chunk_count,overwrite-fixed-64k-chunk-count-decrease-on-500mib-ops-1,PASS,4.0621043749997625,f592c3ae20935d7623d465e8aacf22703c6861876d758117adba705110f2d0fc,446df40465ad55181b95112968f999534c7d6cb1a2f4d22b4014ecdda120b493,b0856fa9ad3f7e22a6aed7652292d8c5d53ca290b08b836affde2990f2e0aec4,sha256:8e74a58284a6e8c22ac9cbf60231f69217c3cae31c231ef17b0afd81726b8249,verification/edit_canonical_chunk_count/overwrite-fixed-64k-chunk-count-decrease-on-500mib-ops-1/verification.json,"[""no exhaustive Phase 1 replay""]",[],"{""type"":""bounded-content"",""summary"":""bounded bytes; payload.bin [81920, 278528)"",""path"":""payload.bin"",""start"":81920,""end"":278528,""schema"":""fs-bench-pro-sdk-edit-verification-v1-checkpoint-cold-v2"",""cache_scope"":""cold-before-sdk; post-commit FUSE read"",""profile"":""canonical-roots-and-boundaries-v1"",""omissions"":[""full-file byte replay"",""omitted; canonical inode preservation checked""]}",,,,,,
init_namespace,namespace-100-compact-v3,PASS,1.92011520799133,f592c3ae20935d7623d465e8aacf22703c6861876d758117adba705110f2d0fc,446df40465ad55181b95112968f999534c7d6cb1a2f4d22b4014ecdda120b493,0ceeef25cecad2244bb0f6411c939e379bb05a89f67a8cb62d52a838fd91f025,sha256:8e74a58284a6e8c22ac9cbf60231f69217c3cae31c231ef17b0afd81726b8249,verification/init_namespace/namespace-100-compact-v3/verification.json,"[""no exhaustive Phase 1 replay""]",[],"{""type"":""registered-proof"",""summary"":""registered verification; detailed checks in receipt""}",,,,,,
init_namespace,namespace-1000-compact-v3,PASS,2.196545334008988,f592c3ae20935d7623d465e8aacf22703c6861876d758117adba705110f2d0fc,446df40465ad55181b95112968f999534c7d6cb1a2f4d22b4014ecdda120b493,eec3b1e16b3a8a222376683ef87d359b1eb6eaf0485fbf9e7d2366799f3d7dfe,sha256:8e74a58284a6e8c22ac9cbf60231f69217c3cae31c231ef17b0afd81726b8249,verification/init_namespace/namespace-1000-compact-v3/verification.json,"[""no exhaustive Phase 1 replay""]",[],"{""type"":""registered-proof"",""summary"":""registered verification; detailed checks in receipt""}",,,,,,
init_namespace,namespace-10000,PASS,6.87217404099647,f592c3ae20935d7623d465e8aacf22703c6861876d758117adba705110f2d0fc,446df40465ad55181b95112968f999534c7d6cb1a2f4d22b4014ecdda120b493,d2b79e9be57610c629baa50dad05c986632ab45d3cf3d0b32ef1e91847ab3efe,sha256:8e74a58284a6e8c22ac9cbf60231f69217c3cae31c231ef17b0afd81726b8249,verification/init_namespace/namespace-10000/verification.json,"[""no exhaustive Phase 1 replay""]",[],"{""type"":""registered-proof"",""summary"":""registered verification; detailed checks in receipt""}",,,,,,
init_namespace,namespace-100000,PASS,7.098156834006659,f592c3ae20935d7623d465e8aacf22703c6861876d758117adba705110f2d0fc,446df40465ad55181b95112968f999534c7d6cb1a2f4d22b4014ecdda120b493,ca4a66a11e982d74387c68427b036ad151249fb43d1782abd02c57b635bace4e,sha256:8e74a58284a6e8c22ac9cbf60231f69217c3cae31c231ef17b0afd81726b8249,verification/init_namespace/namespace-100000/verification.json,"[""no exhaustive Phase 1 replay""]",[],"{""type"":""registered-proof"",""summary"":""registered verification; detailed checks in receipt""}",,PASS,29686743625,7.098156834006659,36.78490045900666,INELIGIBLE: preparation scheduled separately; no historical verifier-wall speedup claim
store_footprint,store-footprint-unique-100000,PASS,7.047733291008626,f592c3ae20935d7623d465e8aacf22703c6861876d758117adba705110f2d0fc,446df40465ad55181b95112968f999534c7d6cb1a2f4d22b4014ecdda120b493,9960b8df0bf288e95859574779cd9dc21109cab697f6ea1ba6b53278a0c9e5c8,sha256:8e74a58284a6e8c22ac9cbf60231f69217c3cae31c231ef17b0afd81726b8249,verification/store_footprint/store-footprint-unique-100000/verification.json,"[""no exhaustive Phase 1 replay""]",[],"{""type"":""bounded-content"",""summary"":""bounded bytes; d0000/f000000 [0, 1468)"",""path"":""d0000/f000000"",""start"":0,""end"":1468,""schema"":null,""cache_scope"":null,""profile"":""storage-accounting-reopen-and-edit-boundary-v1"",""omissions"":[""full-file byte replay""]}",,PASS,29821026833,7.047733291008626,36.86876012400863,INELIGIBLE: preparation scheduled separately; no historical verifier-wall speedup claim
store_footprint,store-footprint-metadata-cardinality-100000,PASS,11.196098917003837,f592c3ae20935d7623d465e8aacf22703c6861876d758117adba705110f2d0fc,446df40465ad55181b95112968f999534c7d6cb1a2f4d22b4014ecdda120b493,fd37237d653501a75f3c2f79b650ea1e92c5ee8b516f7b3e0c8db095fcd59a8d,sha256:8e74a58284a6e8c22ac9cbf60231f69217c3cae31c231ef17b0afd81726b8249,verification/store_footprint/store-footprint-metadata-cardinality-100000/verification.json,"[""no exhaustive Phase 1 replay""]",[],"{""type"":""bounded-content"",""summary"":""bounded bytes; d0000/f000000 [0, 1468)"",""path"":""d0000/f000000"",""start"":0,""end"":1468,""schema"":null,""cache_scope"":null,""profile"":""storage-accounting-reopen-and-edit-boundary-v1"",""omissions"":[""full-file byte replay""]}",,PASS,31846418625,11.196098917003837,43.042517542003836,INELIGIBLE: preparation scheduled separately; no historical verifier-wall speedup claim
store_footprint,store-footprint-large-object-500m,PASS,6.7499664170027245,f592c3ae20935d7623d465e8aacf22703c6861876d758117adba705110f2d0fc,446df40465ad55181b95112968f999534c7d6cb1a2f4d22b4014ecdda120b493,77bc7eb5bb9de312c91633d6b162a8d529a4f0aaaec123ccbe6d4ca2d2beb090,sha256:8e74a58284a6e8c22ac9cbf60231f69217c3cae31c231ef17b0afd81726b8249,verification/store_footprint/store-footprint-large-object-500m/verification.json,"[""no exhaustive Phase 1 replay""]",[],"{""type"":""bounded-content"",""summary"":""bounded bytes; d0000/file-00000.bin [4375525, 4506607)"",""path"":""d0000/file-00000.bin"",""start"":4375525,""end"":4506607,""schema"":null,""cache_scope"":null,""profile"":""storage-accounting-reopen-and-edit-boundary-v1"",""omissions"":[""full-file byte replay""]}",,,,,,
store_footprint,store-footprint-unique-100-low-v1,PASS,2.124764124993817,f592c3ae20935d7623d465e8aacf22703c6861876d758117adba705110f2d0fc,446df40465ad55181b95112968f999534c7d6cb1a2f4d22b4014ecdda120b493,755b06f386ad1180df5a565294b62ee31ecadc3ff6c3b64df14a791c617d4991,sha256:8e74a58284a6e8c22ac9cbf60231f69217c3cae31c231ef17b0afd81726b8249,verification/store_footprint/store-footprint-unique-100-low-v1/verification.json,"[""no exhaustive Phase 1 replay""]",[],"{""type"":""bounded-content"",""summary"":""bounded bytes; d0000/f000000 [0, 1097)"",""path"":""d0000/f000000"",""start"":0,""end"":1097,""schema"":null,""cache_scope"":null,""profile"":""storage-accounting-reopen-and-edit-boundary-v1"",""omissions"":[""full-file byte replay""]}",,,,,,
store_footprint,store-footprint-metadata-cardinality-100-low-v1,PASS,2.1978761659993324,f592c3ae20935d7623d465e8aacf22703c6861876d758117adba705110f2d0fc,446df40465ad55181b95112968f999534c7d6cb1a2f4d22b4014ecdda120b493,5e1a6493726abe69343cbe42283b55a32e12578ab8b414421776b3d114d7566e,sha256:8e74a58284a6e8c22ac9cbf60231f69217c3cae31c231ef17b0afd81726b8249,verification/store_footprint/store-footprint-metadata-cardinality-100-low-v1/verification.json,"[""no exhaustive Phase 1 replay""]",[],"{""type"":""bounded-content"",""summary"":""bounded bytes; d0000/f000000 [0, 1097)"",""path"":""d0000/f000000"",""start"":0,""end"":1097,""schema"":null,""cache_scope"":null,""profile"":""storage-accounting-reopen-and-edit-boundary-v1"",""omissions"":[""full-file byte replay""]}",,,,,,
store_footprint,store-footprint-large-object-10m-low-v1,PASS,2.2874070830002893,f592c3ae20935d7623d465e8aacf22703c6861876d758117adba705110f2d0fc,446df40465ad55181b95112968f999534c7d6cb1a2f4d22b4014ecdda120b493,7b3582d48e800589fdbe55278a836f5a9645f12be2f9307f6f91dcdc7c089e75,sha256:8e74a58284a6e8c22ac9cbf60231f69217c3cae31c231ef17b0afd81726b8249,verification/store_footprint/store-footprint-large-object-10m-low-v1/verification.json,"[""no exhaustive Phase 1 replay""]",[],"{""type"":""bounded-content"",""summary"":""bounded bytes; d0000/file-00000.bin [396765, 527847)"",""path"":""d0000/file-00000.bin"",""start"":396765,""end"":527847,""schema"":null,""cache_scope"":null,""profile"":""storage-accounting-reopen-and-edit-boundary-v1"",""omissions"":[""full-file byte replay""]}",,,,,,
tiny_file_churn,tiny-create-1-compact-v2,PASS,2.9827153329970315,f592c3ae20935d7623d465e8aacf22703c6861876d758117adba705110f2d0fc,446df40465ad55181b95112968f999534c7d6cb1a2f4d22b4014ecdda120b493,d0b7013ff94349f8a479d1cb1a7b9e8dc85ab48c9f684bfa7a12deef5627aded,sha256:8e74a58284a6e8c22ac9cbf60231f69217c3cae31c231ef17b0afd81726b8249,verification/tiny_file_churn/tiny-create-1-compact-v2/verification.json,"[""no exhaustive Phase 1 replay"",""sampled Workspace proof: no exhaustive namespace, full-file bytes, object census, aliases, or failure injection""]","[""absent_paths="",""full_file_bytes_verified=false"",""full_namespace_verified=false"",""omissions=unselected paths, bytes beyond selected ranges, exhaustive inode/object/reference census, alias and failure injection semantics"",""sampled_paths=.\nwide/s000-f000.dat\ntiny\ntiny/p0/f116.dat"",""sampled_ranges=wide/s000-f000.dat:0..20971\ntiny/p0/f116.dat:0..0""]","{""type"":""sampled-content"",""summary"":""changed data and selected unchanged witnesses; qualified roots"",""details"":[]}",,,,,,
tiny_file_churn,tiny-create-10-compact-v2,PASS,10.8172775409912,f592c3ae20935d7623d465e8aacf22703c6861876d758117adba705110f2d0fc,446df40465ad55181b95112968f999534c7d6cb1a2f4d22b4014ecdda120b493,f4b89fef63b555c54bd10b7658fab293023dc697951badee4d799f60e792f86a,sha256:8e74a58284a6e8c22ac9cbf60231f69217c3cae31c231ef17b0afd81726b8249,verification/tiny_file_churn/tiny-create-10-compact-v2/verification.json,"[""no exhaustive Phase 1 replay"",""sampled Workspace proof: no exhaustive namespace, full-file bytes, object census, aliases, or failure injection""]","[""absent_paths="",""full_file_bytes_verified=false"",""full_namespace_verified=false"",""omissions=unselected paths, bytes beyond selected ranges, exhaustive inode/object/reference census, alias and failure injection semantics"",""sampled_paths=.\nwide/s000-f000.dat\ntiny\ntiny/p0/f116.dat\ntiny/p1/f128.dat\ntiny/p2/f209.dat\ntiny/p3/f432.dat\ntiny/p4/f452.dat\ntiny/p5/f411.dat\ntiny/p6/f488.dat\ntiny/p7/f259.dat\ntiny/p9/f211.dat"",""sampled_ranges=wide/s000-f000.dat:0..20971\ntiny/p0/f116.dat:0..0\ntiny/p1/f128.dat:0..1\ntiny/p2/f209.dat:0..7\ntiny/p3/f432.dat:0..31\ntiny/p4/f452.dat:0..127\ntiny/p5/f411.dat:0..511\ntiny/p6/f488.dat:0..1024\ntiny/p7/f259.dat:0..2500\ntiny/p9/f211.dat:0..8192""]","{""type"":""sampled-content"",""summary"":""changed data and selected unchanged witnesses; qualified roots"",""details"":[]}",,,,,,
tiny_file_churn,tiny-create-100-mixed-v4,PASS,12.470610000003944,f592c3ae20935d7623d465e8aacf22703c6861876d758117adba705110f2d0fc,446df40465ad55181b95112968f999534c7d6cb1a2f4d22b4014ecdda120b493,f6557b32dc7364b8e8fa79440a1b7ec50ff3c691197584e8be524991a6bb3f18,sha256:8e74a58284a6e8c22ac9cbf60231f69217c3cae31c231ef17b0afd81726b8249,verification/tiny_file_churn/tiny-create-100-mixed-v4/verification.json,"[""no exhaustive Phase 1 replay"",""sampled Workspace proof: no exhaustive namespace, full-file bytes, object census, aliases, or failure injection""]","[""absent_paths="",""full_file_bytes_verified=false"",""full_namespace_verified=false"",""omissions=unselected paths, bytes beyond selected ranges, exhaustive inode/object/reference census, alias and failure injection semantics"",""sampled_paths=.\ndest\nwide\nwide/s000-f000.dat\nregular/s000/f064.dat\nspine/d001/d002/d003/d004/d005/d006/d007/d008/d009/d010/d011/d012/d013/d014/d015/d016/d017/d018/d019/d020/d021/d022/d023/d024/d025/d026/d027/d028/d029/d030/d031/d032/d033/d034/d035/d036/d037/d038/d039/d040/d041/d042/d043/d044/d045/d046/d047/d048/d049/d050/d051/d052/d053/d054/d055/d056/d057/d058/d059/d060/d061/d062/d063/d064/d065/d066/d067/d068/d069/d070/d071/d072/d073/d074/d075/d076/d077/d078/d079/d080/d081/d082/d083/d084/d085/d086/d087/d088/d089/d090/d091/d092/d093/d094/d095/d096/d097/d098/d099/d100/d101/d102/d103/d104/d105/d106/d107/d108/d109/d110/d111/d112/d113/d114/d115/d116/d117/d118/d119/d120/d121/d122/d123/d124/d125/d126/d127/d128/s000.dat\ntiny\ntiny/p0/f116.dat\ntiny/p0/f332.dat\ntiny/p9/f372.dat"",""sampled_ranges=wide/s000-f000.dat:0..65536\nwide/s000-f000.dat:26214400..26279936\nwide/s000-f000.dat:52363264..52428800\nregular/s000/f064.dat:0..4096\nspine/d001/d002/d003/d004/d005/d006/d007/d008/d009/d010/d011/d012/d013/d014/d015/d016/d017/d018/d019/d020/d021/d022/d023/d024/d025/d026/d027/d028/d029/d030/d031/d032/d033/d034/d035/d036/d037/d038/d039/d040/d041/d042/d043/d044/d045/d046/d047/d048/d049/d050/d051/d052/d053/d054/d055/d056/d057/d058/d059/d060/d061/d062/d063/d064/d065/d066/d067/d068/d069/d070/d071/d072/d073/d074/d075/d076/d077/d078/d079/d080/d081/d082/d083/d084/d085/d086/d087/d088/d089/d090/d091/d092/d093/d094/d095/d096/d097/d098/d099/d100/d101/d102/d103/d104/d105/d106/d107/d108/d109/d110/d111/d112/d113/d114/d115/d116/d117/d118/d119/d120/d121/d122/d123/d124/d125/d126/d127/d128/s000.dat:0..4096\ntiny/p0/f116.dat:0..0\ntiny/p0/f332.dat:0..0\ntiny/p9/f372.dat:0..8192""]","{""type"":""sampled-content"",""summary"":""changed data and selected unchanged witnesses; qualified roots"",""details"":[]}",,,,,,
tiny_file_churn,tiny-create-500-mixed-v4,PASS,20.35009816699312,f592c3ae20935d7623d465e8aacf22703c6861876d758117adba705110f2d0fc,446df40465ad55181b95112968f999534c7d6cb1a2f4d22b4014ecdda120b493,ad3376d3890b0d48132aad5723b9835f3b5aded5343d0381a0ed711b8f7d1d2c,sha256:8e74a58284a6e8c22ac9cbf60231f69217c3cae31c231ef17b0afd81726b8249,verification/tiny_file_churn/tiny-create-500-mixed-v4/verification.json,"[""no exhaustive Phase 1 replay"",""sampled Workspace proof: no exhaustive namespace, full-file bytes, object census, aliases, or failure injection""]","[""absent_paths="",""full_file_bytes_verified=false"",""full_namespace_verified=false"",""omissions=unselected paths, bytes beyond selected ranges, exhaustive inode/object/reference census, alias and failure injection semantics"",""sampled_paths=.\ndest\nwide\nwide/s000-f000.dat\nwide/s000-f001.dat\nregular/s000/f064.dat\nspine/d001/d002/d003/d004/d005/d006/d007/d008/d009/d010/d011/d012/d013/d014/d015/d016/d017/d018/d019/d020/d021/d022/d023/d024/d025/d026/d027/d028/d029/d030/d031/d032/d033/d034/d035/d036/d037/d038/d039/d040/d041/d042/d043/d044/d045/d046/d047/d048/d049/d050/d051/d052/d053/d054/d055/d056/d057/d058/d059/d060/d061/d062/d063/d064/d065/d066/d067/d068/d069/d070/d071/d072/d073/d074/d075/d076/d077/d078/d079/d080/d081/d082/d083/d084/d085/d086/d087/d088/d089/d090/d091/d092/d093/d094/d095/d096/d097/d098/d099/d100/d101/d102/d103/d104/d105/d106/d107/d108/d109/d110/d111/d112/d113/d114/d115/d116/d117/d118/d119/d120/d121/d122/d123/d124/d125/d126/d127/d128/s000.dat\ntiny\ntiny/p0/f116.dat\ntiny/p0/f309.dat\ntiny/p9/f229.dat"",""sampled_ranges=wide/s000-f000.dat:0..65536\nwide/s000-f000.dat:157286400..157351936\nwide/s000-f000.dat:314507264..314572800\nwide/s000-f001.dat:0..65536\nwide/s000-f001.dat:52428800..52494336\nwide/s000-f001.dat:104792064..104857600\nregular/s000/f064.dat:0..4096\nspine/d001/d002/d003/d004/d005/d006/d007/d008/d009/d010/d011/d012/d013/d014/d015/d016/d017/d018/d019/d020/d021/d022/d023/d024/d025/d026/d027/d028/d029/d030/d031/d032/d033/d034/d035/d036/d037/d038/d039/d040/d041/d042/d043/d044/d045/d046/d047/d048/d049/d050/d051/d052/d053/d054/d055/d056/d057/d058/d059/d060/d061/d062/d063/d064/d065/d066/d067/d068/d069/d070/d071/d072/d073/d074/d075/d076/d077/d078/d079/d080/d081/d082/d083/d084/d085/d086/d087/d088/d089/d090/d091/d092/d093/d094/d095/d096/d097/d098/d099/d100/d101/d102/d103/d104/d105/d106/d107/d108/d109/d110/d111/d112/d113/d114/d115/d116/d117/d118/d119/d120/d121/d122/d123/d124/d125/d126/d127/d128/s000.dat:0..4096\ntiny/p0/f116.dat:0..0\ntiny/p0/f309.dat:0..0\ntiny/p9/f229.dat:0..8192""]","{""type"":""sampled-content"",""summary"":""changed data and selected unchanged witnesses; qualified roots"",""details"":[]}",,,,,,
tiny_file_churn,tiny-stat-1-compact-v2,PASS,1.8853386249975301,f592c3ae20935d7623d465e8aacf22703c6861876d758117adba705110f2d0fc,446df40465ad55181b95112968f999534c7d6cb1a2f4d22b4014ecdda120b493,84a39a1d7a9f4e3f53c3c4e478a2f2f0ae092757bdd1e8a9f16e99cae74eff65,sha256:8e74a58284a6e8c22ac9cbf60231f69217c3cae31c231ef17b0afd81726b8249,verification/tiny_file_churn/tiny-stat-1-compact-v2/verification.json,"[""no exhaustive Phase 1 replay"",""sampled Workspace proof: no exhaustive namespace, full-file bytes, object census, aliases, or failure injection""]","[""absent_paths="",""full_file_bytes_verified=false"",""full_namespace_verified=false"",""omissions=unselected paths, bytes beyond selected ranges, exhaustive inode/object/reference census, alias and failure injection semantics"",""sampled_paths=.\nwide/s000-f000.dat\ntiny\ntiny/p0/f116.dat"",""sampled_ranges=wide/s000-f000.dat:0..20971\ntiny/p0/f116.dat:0..0""]","{""type"":""sampled-content"",""summary"":""changed data and selected unchanged witnesses; qualified roots"",""details"":[]}",,,,,,
tiny_file_churn,tiny-stat-10-compact-v2,PASS,2.289218499994604,f592c3ae20935d7623d465e8aacf22703c6861876d758117adba705110f2d0fc,446df40465ad55181b95112968f999534c7d6cb1a2f4d22b4014ecdda120b493,e299c05f84bb445f35a364c20b879e57d09289288f2a2fa1abb11ce60347cf02,sha256:8e74a58284a6e8c22ac9cbf60231f69217c3cae31c231ef17b0afd81726b8249,verification/tiny_file_churn/tiny-stat-10-compact-v2/verification.json,"[""no exhaustive Phase 1 replay"",""sampled Workspace proof: no exhaustive namespace, full-file bytes, object census, aliases, or failure injection""]","[""absent_paths="",""full_file_bytes_verified=false"",""full_namespace_verified=false"",""omissions=unselected paths, bytes beyond selected ranges, exhaustive inode/object/reference census, alias and failure injection semantics"",""sampled_paths=.\nwide/s000-f000.dat\ntiny\ntiny/p0/f116.dat\ntiny/p1/f128.dat\ntiny/p2/f209.dat\ntiny/p3/f432.dat\ntiny/p4/f452.dat\ntiny/p5/f411.dat\ntiny/p6/f488.dat\ntiny/p7/f259.dat\ntiny/p9/f211.dat"",""sampled_ranges=wide/s000-f000.dat:0..20971\ntiny/p0/f116.dat:0..0\ntiny/p1/f128.dat:0..1\ntiny/p2/f209.dat:0..7\ntiny/p3/f432.dat:0..31\ntiny/p4/f452.dat:0..127\ntiny/p5/f411.dat:0..511\ntiny/p6/f488.dat:0..1024\ntiny/p7/f259.dat:0..2500\ntiny/p9/f211.dat:0..8192""]","{""type"":""sampled-content"",""summary"":""changed data and selected unchanged witnesses; qualified roots"",""details"":[]}",,,,,,
tiny_file_churn,tiny-stat-100-mixed-v4,PASS,4.389714458986418,f592c3ae20935d7623d465e8aacf22703c6861876d758117adba705110f2d0fc,446df40465ad55181b95112968f999534c7d6cb1a2f4d22b4014ecdda120b493,4d4c85891caf3615869a03307bc97d969e21ef6c6aef6b0b092425bf065d59d4,sha256:8e74a58284a6e8c22ac9cbf60231f69217c3cae31c231ef17b0afd81726b8249,verification/tiny_file_churn/tiny-stat-100-mixed-v4/verification.json,"[""no exhaustive Phase 1 replay"",""sampled Workspace proof: no exhaustive namespace, full-file bytes, object census, aliases, or failure injection""]","[""absent_paths="",""full_file_bytes_verified=false"",""full_namespace_verified=false"",""omissions=unselected paths, bytes beyond selected ranges, exhaustive inode/object/reference census, alias and failure injection semantics"",""sampled_paths=.\ndest\nwide\nwide/s000-f000.dat\nregular/s000/f064.dat\nspine/d001/d002/d003/d004/d005/d006/d007/d008/d009/d010/d011/d012/d013/d014/d015/d016/d017/d018/d019/d020/d021/d022/d023/d024/d025/d026/d027/d028/d029/d030/d031/d032/d033/d034/d035/d036/d037/d038/d039/d040/d041/d042/d043/d044/d045/d046/d047/d048/d049/d050/d051/d052/d053/d054/d055/d056/d057/d058/d059/d060/d061/d062/d063/d064/d065/d066/d067/d068/d069/d070/d071/d072/d073/d074/d075/d076/d077/d078/d079/d080/d081/d082/d083/d084/d085/d086/d087/d088/d089/d090/d091/d092/d093/d094/d095/d096/d097/d098/d099/d100/d101/d102/d103/d104/d105/d106/d107/d108/d109/d110/d111/d112/d113/d114/d115/d116/d117/d118/d119/d120/d121/d122/d123/d124/d125/d126/d127/d128/s000.dat\ntiny\ntiny/p0/f116.dat\ntiny/p0/f332.dat\ntiny/p9/f372.dat"",""sampled_ranges=wide/s000-f000.dat:0..65536\nwide/s000-f000.dat:26214400..26279936\nwide/s000-f000.dat:52363264..52428800\nregular/s000/f064.dat:0..4096\nspine/d001/d002/d003/d004/d005/d006/d007/d008/d009/d010/d011/d012/d013/d014/d015/d016/d017/d018/d019/d020/d021/d022/d023/d024/d025/d026/d027/d028/d029/d030/d031/d032/d033/d034/d035/d036/d037/d038/d039/d040/d041/d042/d043/d044/d045/d046/d047/d048/d049/d050/d051/d052/d053/d054/d055/d056/d057/d058/d059/d060/d061/d062/d063/d064/d065/d066/d067/d068/d069/d070/d071/d072/d073/d074/d075/d076/d077/d078/d079/d080/d081/d082/d083/d084/d085/d086/d087/d088/d089/d090/d091/d092/d093/d094/d095/d096/d097/d098/d099/d100/d101/d102/d103/d104/d105/d106/d107/d108/d109/d110/d111/d112/d113/d114/d115/d116/d117/d118/d119/d120/d121/d122/d123/d124/d125/d126/d127/d128/s000.dat:0..4096\ntiny/p0/f116.dat:0..0\ntiny/p0/f332.dat:0..0\ntiny/p9/f372.dat:0..8192""]","{""type"":""sampled-content"",""summary"":""changed data and selected unchanged witnesses; qualified roots"",""details"":[]}",,,,,,
tiny_file_churn,tiny-stat-500-mixed-v4,PASS,12.056146041999455,f592c3ae20935d7623d465e8aacf22703c6861876d758117adba705110f2d0fc,446df40465ad55181b95112968f999534c7d6cb1a2f4d22b4014ecdda120b493,529599b7ac1439fae9042c247770459cf9f7116e794dce421521305611e17cf7,sha256:8e74a58284a6e8c22ac9cbf60231f69217c3cae31c231ef17b0afd81726b8249,verification/tiny_file_churn/tiny-stat-500-mixed-v4/verification.json,"[""no exhaustive Phase 1 replay"",""sampled Workspace proof: no exhaustive namespace, full-file bytes, object census, aliases, or failure injection""]","[""absent_paths="",""full_file_bytes_verified=false"",""full_namespace_verified=false"",""omissions=unselected paths, bytes beyond selected ranges, exhaustive inode/object/reference census, alias and failure injection semantics"",""sampled_paths=.\ndest\nwide\nwide/s000-f000.dat\nwide/s000-f001.dat\nregular/s000/f064.dat\nspine/d001/d002/d003/d004/d005/d006/d007/d008/d009/d010/d011/d012/d013/d014/d015/d016/d017/d018/d019/d020/d021/d022/d023/d024/d025/d026/d027/d028/d029/d030/d031/d032/d033/d034/d035/d036/d037/d038/d039/d040/d041/d042/d043/d044/d045/d046/d047/d048/d049/d050/d051/d052/d053/d054/d055/d056/d057/d058/d059/d060/d061/d062/d063/d064/d065/d066/d067/d068/d069/d070/d071/d072/d073/d074/d075/d076/d077/d078/d079/d080/d081/d082/d083/d084/d085/d086/d087/d088/d089/d090/d091/d092/d093/d094/d095/d096/d097/d098/d099/d100/d101/d102/d103/d104/d105/d106/d107/d108/d109/d110/d111/d112/d113/d114/d115/d116/d117/d118/d119/d120/d121/d122/d123/d124/d125/d126/d127/d128/s000.dat\ntiny\ntiny/p0/f116.dat\ntiny/p0/f309.dat\ntiny/p9/f229.dat"",""sampled_ranges=wide/s000-f000.dat:0..65536\nwide/s000-f000.dat:157286400..157351936\nwide/s000-f000.dat:314507264..314572800\nwide/s000-f001.dat:0..65536\nwide/s000-f001.dat:52428800..52494336\nwide/s000-f001.dat:104792064..104857600\nregular/s000/f064.dat:0..4096\nspine/d001/d002/d003/d004/d005/d006/d007/d008/d009/d010/d011/d012/d013/d014/d015/d016/d017/d018/d019/d020/d021/d022/d023/d024/d025/d026/d027/d028/d029/d030/d031/d032/d033/d034/d035/d036/d037/d038/d039/d040/d041/d042/d043/d044/d045/d046/d047/d048/d049/d050/d051/d052/d053/d054/d055/d056/d057/d058/d059/d060/d061/d062/d063/d064/d065/d066/d067/d068/d069/d070/d071/d072/d073/d074/d075/d076/d077/d078/d079/d080/d081/d082/d083/d084/d085/d086/d087/d088/d089/d090/d091/d092/d093/d094/d095/d096/d097/d098/d099/d100/d101/d102/d103/d104/d105/d106/d107/d108/d109/d110/d111/d112/d113/d114/d115/d116/d117/d118/d119/d120/d121/d122/d123/d124/d125/d126/d127/d128/s000.dat:0..4096\ntiny/p0/f116.dat:0..0\ntiny/p0/f309.dat:0..0\ntiny/p9/f229.dat:0..8192""]","{""type"":""sampled-content"",""summary"":""changed data and selected unchanged witnesses; qualified roots"",""details"":[]}",,,,,,
tiny_file_churn,tiny-unlink-1-compact-v2,PASS,1.5237022079963936,f592c3ae20935d7623d465e8aacf22703c6861876d758117adba705110f2d0fc,446df40465ad55181b95112968f999534c7d6cb1a2f4d22b4014ecdda120b493,62f9b7d03cfebfe1ae40ae533985453af4cea3c120fd79247b5dfacc25967d12,sha256:8e74a58284a6e8c22ac9cbf60231f69217c3cae31c231ef17b0afd81726b8249,verification/tiny_file_churn/tiny-unlink-1-compact-v2/verification.json,"[""no exhaustive Phase 1 replay"",""sampled Workspace proof: no exhaustive namespace, full-file bytes, object census, aliases, or failure injection""]","[""absent_paths=tiny/p0/f116.dat"",""full_file_bytes_verified=false"",""full_namespace_verified=false"",""omissions=unselected paths, bytes beyond selected ranges, exhaustive inode/object/reference census, alias and failure injection semantics"",""sampled_paths=.\nwide/s000-f000.dat\ntiny"",""sampled_ranges=wide/s000-f000.dat:0..20971""]","{""type"":""sampled-content"",""summary"":""changed data and selected unchanged witnesses; qualified roots"",""details"":[]}",,,,,,
tiny_file_churn,tiny-unlink-10-compact-v2,PASS,1.9362801249953918,f592c3ae20935d7623d465e8aacf22703c6861876d758117adba705110f2d0fc,446df40465ad55181b95112968f999534c7d6cb1a2f4d22b4014ecdda120b493,9df104520c059d723504c041c727f3933805573452b4681df0b7675ec98777b4,sha256:8e74a58284a6e8c22ac9cbf60231f69217c3cae31c231ef17b0afd81726b8249,verification/tiny_file_churn/tiny-unlink-10-compact-v2/verification.json,"[""no exhaustive Phase 1 replay"",""sampled Workspace proof: no exhaustive namespace, full-file bytes, object census, aliases, or failure injection""]","[""absent_paths=tiny/p0/f116.dat\ntiny/p1/f128.dat\ntiny/p2/f209.dat\ntiny/p3/f432.dat\ntiny/p4/f452.dat\ntiny/p5/f411.dat\ntiny/p6/f488.dat\ntiny/p7/f259.dat\ntiny/p9/f211.dat"",""full_file_bytes_verified=false"",""full_namespace_verified=false"",""omissions=unselected paths, bytes beyond selected ranges, exhaustive inode/object/reference census, alias and failure injection semantics"",""sampled_paths=.\nwide/s000-f000.dat\ntiny"",""sampled_ranges=wide/s000-f000.dat:0..20971""]","{""type"":""sampled-content"",""summary"":""changed data and selected unchanged witnesses; qualified roots"",""details"":[]}",,,,,,
tiny_file_churn,tiny-unlink-100-mixed-v4,PASS,2.2852495840052143,f592c3ae20935d7623d465e8aacf22703c6861876d758117adba705110f2d0fc,446df40465ad55181b95112968f999534c7d6cb1a2f4d22b4014ecdda120b493,08217dbe456dbe16ccd3b8ee12cc78f830c0dec2783bd4d8f44b1faac43ab5bf,sha256:8e74a58284a6e8c22ac9cbf60231f69217c3cae31c231ef17b0afd81726b8249,verification/tiny_file_churn/tiny-unlink-100-mixed-v4/verification.json,"[""no exhaustive Phase 1 replay"",""sampled Workspace proof: no exhaustive namespace, full-file bytes, object census, aliases, or failure injection""]","[""absent_paths=tiny/p0/f116.dat\ntiny/p0/f332.dat\ntiny/p9/f372.dat"",""full_file_bytes_verified=false"",""full_namespace_verified=false"",""omissions=unselected paths, bytes beyond selected ranges, exhaustive inode/object/reference census, alias and failure injection semantics"",""sampled_paths=.\ndest\nwide\nwide/s000-f000.dat\nregular/s000/f064.dat\nspine/d001/d002/d003/d004/d005/d006/d007/d008/d009/d010/d011/d012/d013/d014/d015/d016/d017/d018/d019/d020/d021/d022/d023/d024/d025/d026/d027/d028/d029/d030/d031/d032/d033/d034/d035/d036/d037/d038/d039/d040/d041/d042/d043/d044/d045/d046/d047/d048/d049/d050/d051/d052/d053/d054/d055/d056/d057/d058/d059/d060/d061/d062/d063/d064/d065/d066/d067/d068/d069/d070/d071/d072/d073/d074/d075/d076/d077/d078/d079/d080/d081/d082/d083/d084/d085/d086/d087/d088/d089/d090/d091/d092/d093/d094/d095/d096/d097/d098/d099/d100/d101/d102/d103/d104/d105/d106/d107/d108/d109/d110/d111/d112/d113/d114/d115/d116/d117/d118/d119/d120/d121/d122/d123/d124/d125/d126/d127/d128/s000.dat\ntiny"",""sampled_ranges=wide/s000-f000.dat:0..65536\nwide/s000-f000.dat:26214400..26279936\nwide/s000-f000.dat:52363264..52428800\nregular/s000/f064.dat:0..4096\nspine/d001/d002/d003/d004/d005/d006/d007/d008/d009/d010/d011/d012/d013/d014/d015/d016/d017/d018/d019/d020/d021/d022/d023/d024/d025/d026/d027/d028/d029/d030/d031/d032/d033/d034/d035/d036/d037/d038/d039/d040/d041/d042/d043/d044/d045/d046/d047/d048/d049/d050/d051/d052/d053/d054/d055/d056/d057/d058/d059/d060/d061/d062/d063/d064/d065/d066/d067/d068/d069/d070/d071/d072/d073/d074/d075/d076/d077/d078/d079/d080/d081/d082/d083/d084/d085/d086/d087/d088/d089/d090/d091/d092/d093/d094/d095/d096/d097/d098/d099/d100/d101/d102/d103/d104/d105/d106/d107/d108/d109/d110/d111/d112/d113/d114/d115/d116/d117/d118/d119/d120/d121/d122/d123/d124/d125/d126/d127/d128/s000.dat:0..4096""]","{""type"":""sampled-content"",""summary"":""changed data and selected unchanged witnesses; qualified roots"",""details"":[]}",,,,,,
tiny_file_churn,tiny-unlink-500-mixed-v4,PASS,4.326627874994301,f592c3ae20935d7623d465e8aacf22703c6861876d758117adba705110f2d0fc,446df40465ad55181b95112968f999534c7d6cb1a2f4d22b4014ecdda120b493,1bece1c758d728d99f8265c0b9ba77cfccdf7620f1af307c18a303fc984f8d58,sha256:8e74a58284a6e8c22ac9cbf60231f69217c3cae31c231ef17b0afd81726b8249,verification/tiny_file_churn/tiny-unlink-500-mixed-v4/verification.json,"[""no exhaustive Phase 1 replay"",""sampled Workspace proof: no exhaustive namespace, full-file bytes, object census, aliases, or failure injection""]","[""absent_paths=tiny/p0/f116.dat\ntiny/p0/f309.dat\ntiny/p9/f229.dat"",""full_file_bytes_verified=false"",""full_namespace_verified=false"",""omissions=unselected paths, bytes beyond selected ranges, exhaustive inode/object/reference census, alias and failure injection semantics"",""sampled_paths=.\ndest\nwide\nwide/s000-f000.dat\nwide/s000-f001.dat\nregular/s000/f064.dat\nspine/d001/d002/d003/d004/d005/d006/d007/d008/d009/d010/d011/d012/d013/d014/d015/d016/d017/d018/d019/d020/d021/d022/d023/d024/d025/d026/d027/d028/d029/d030/d031/d032/d033/d034/d035/d036/d037/d038/d039/d040/d041/d042/d043/d044/d045/d046/d047/d048/d049/d050/d051/d052/d053/d054/d055/d056/d057/d058/d059/d060/d061/d062/d063/d064/d065/d066/d067/d068/d069/d070/d071/d072/d073/d074/d075/d076/d077/d078/d079/d080/d081/d082/d083/d084/d085/d086/d087/d088/d089/d090/d091/d092/d093/d094/d095/d096/d097/d098/d099/d100/d101/d102/d103/d104/d105/d106/d107/d108/d109/d110/d111/d112/d113/d114/d115/d116/d117/d118/d119/d120/d121/d122/d123/d124/d125/d126/d127/d128/s000.dat\ntiny"",""sampled_ranges=wide/s000-f000.dat:0..65536\nwide/s000-f000.dat:157286400..157351936\nwide/s000-f000.dat:314507264..314572800\nwide/s000-f001.dat:0..65536\nwide/s000-f001.dat:52428800..52494336\nwide/s000-f001.dat:104792064..104857600\nregular/s000/f064.dat:0..4096\nspine/d001/d002/d003/d004/d005/d006/d007/d008/d009/d010/d011/d012/d013/d014/d015/d016/d017/d018/d019/d020/d021/d022/d023/d024/d025/d026/d027/d028/d029/d030/d031/d032/d033/d034/d035/d036/d037/d038/d039/d040/d041/d042/d043/d044/d045/d046/d047/d048/d049/d050/d051/d052/d053/d054/d055/d056/d057/d058/d059/d060/d061/d062/d063/d064/d065/d066/d067/d068/d069/d070/d071/d072/d073/d074/d075/d076/d077/d078/d079/d080/d081/d082/d083/d084/d085/d086/d087/d088/d089/d090/d091/d092/d093/d094/d095/d096/d097/d098/d099/d100/d101/d102/d103/d104/d105/d106/d107/d108/d109/d110/d111/d112/d113/d114/d115/d116/d117/d118/d119/d120/d121/d122/d123/d124/d125/d126/d127/d128/s000.dat:0..4096""]","{""type"":""sampled-content"",""summary"":""changed data and selected unchanged witnesses; qualified roots"",""details"":[]}",,,,,,
tiny_file_churn,tiny-bulk-create-1-compact-v2,PASS,2.0056307500053663,f592c3ae20935d7623d465e8aacf22703c6861876d758117adba705110f2d0fc,446df40465ad55181b95112968f999534c7d6cb1a2f4d22b4014ecdda120b493,ce034df7ee82d1282850a8040cf2dbb295046b92f10a81549fa72b31308aa7f6,sha256:8e74a58284a6e8c22ac9cbf60231f69217c3cae31c231ef17b0afd81726b8249,verification/tiny_file_churn/tiny-bulk-create-1-compact-v2/verification.json,"[""no exhaustive Phase 1 replay"",""sampled Workspace proof: no exhaustive namespace, full-file bytes, object census, aliases, or failure injection""]","[""absent_paths="",""full_file_bytes_verified=false"",""full_namespace_verified=false"",""omissions=unselected paths, bytes beyond selected ranges, exhaustive inode/object/reference census, alias and failure injection semantics"",""sampled_paths=.\nwitness/wide/s000-f000.dat\nwitness\nbulk\nbulk/wide/s000-f000.dat\nbulk/regular/s000/f064.dat\nbulk/regular/s000/f128.dat\nbulk/spine/d001/d002/d003/d004/d005/d006/d007/d008/d009/d010/d011/d012/d013/d014/d015/d016/d017/d018/d019/d020/d021/d022/d023/d024/d025/d026/d027/d028/d029/d030/d031/d032/d033/d034/d035/d036/d037/d038/d039/d040/d041/d042/d043/d044/d045/d046/d047/d048/d049/d050/d051/d052/d053/d054/d055/d056/d057/d058/d059/d060/d061/d062/d063/d064/d065/d066/d067/d068/d069/d070/d071/d072/d073/d074/d075/d076/d077/d078/d079/d080/d081/d082/d083/d084/d085/d086/d087/d088/d089/d090/d091/d092/d093/d094/d095/d096/d097/d098/d099/d100/d101/d102/d103/d104/d105/d106/d107/d108/d109/d110/d111/d112/d113/d114/d115/d116/d117/d118/d119/d120/d121/d122/d123/d124/d125/d126/d127/d128/s000.dat"",""sampled_ranges=witness/wide/s000-f000.dat:0..20971\nbulk/wide/s000-f000.dat:0..20971\nbulk/regular/s000/f064.dat:0..1024\nbulk/regular/s000/f128.dat:0..8192\nbulk/spine/d001/d002/d003/d004/d005/d006/d007/d008/d009/d010/d011/d012/d013/d014/d015/d016/d017/d018/d019/d020/d021/d022/d023/d024/d025/d026/d027/d028/d029/d030/d031/d032/d033/d034/d035/d036/d037/d038/d039/d040/d041/d042/d043/d044/d045/d046/d047/d048/d049/d050/d051/d052/d053/d054/d055/d056/d057/d058/d059/d060/d061/d062/d063/d064/d065/d066/d067/d068/d069/d070/d071/d072/d073/d074/d075/d076/d077/d078/d079/d080/d081/d082/d083/d084/d085/d086/d087/d088/d089/d090/d091/d092/d093/d094/d095/d096/d097/d098/d099/d100/d101/d102/d103/d104/d105/d106/d107/d108/d109/d110/d111/d112/d113/d114/d115/d116/d117/d118/d119/d120/d121/d122/d123/d124/d125/d126/d127/d128/s000.dat:0..53723""]","{""type"":""sampled-content"",""summary"":""changed data and selected unchanged witnesses; qualified roots"",""details"":[]}",,,,,,
tiny_file_churn,tiny-bulk-create-10-compact-v2,PASS,2.0800247919978574,f592c3ae20935d7623d465e8aacf22703c6861876d758117adba705110f2d0fc,446df40465ad55181b95112968f999534c7d6cb1a2f4d22b4014ecdda120b493,81a07caf9d8e8cee9934d9e18128228f84f9cc1d20b19c715f932698c1d01f78,sha256:8e74a58284a6e8c22ac9cbf60231f69217c3cae31c231ef17b0afd81726b8249,verification/tiny_file_churn/tiny-bulk-create-10-compact-v2/verification.json,"[""no exhaustive Phase 1 replay"",""sampled Workspace proof: no exhaustive namespace, full-file bytes, object census, aliases, or failure injection""]","[""absent_paths="",""full_file_bytes_verified=false"",""full_namespace_verified=false"",""omissions=unselected paths, bytes beyond selected ranges, exhaustive inode/object/reference census, alias and failure injection semantics"",""sampled_paths=.\nwitness/wide/s000-f000.dat\nwitness\nbulk\nbulk/wide/s000-f000.dat\nbulk/regular/s000/f064.dat\nbulk/regular/s000/f128.dat\nbulk/spine/d001/d002/d003/d004/d005/d006/d007/d008/d009/d010/d011/d012/d013/d014/d015/d016/d017/d018/d019/d020/d021/d022/d023/d024/d025/d026/d027/d028/d029/d030/d031/d032/d033/d034/d035/d036/d037/d038/d039/d040/d041/d042/d043/d044/d045/d046/d047/d048/d049/d050/d051/d052/d053/d054/d055/d056/d057/d058/d059/d060/d061/d062/d063/d064/d065/d066/d067/d068/d069/d070/d071/d072/d073/d074/d075/d076/d077/d078/d079/d080/d081/d082/d083/d084/d085/d086/d087/d088/d089/d090/d091/d092/d093/d094/d095/d096/d097/d098/d099/d100/d101/d102/d103/d104/d105/d106/d107/d108/d109/d110/d111/d112/d113/d114/d115/d116/d117/d118/d119/d120/d121/d122/d123/d124/d125/d126/d127/d128/s000.dat\nbulk/wide/s005-f000.dat\nbulk/regular/s005/f064.dat\nbulk/spine/d001/d002/d003/d004/d005/d006/d007/d008/d009/d010/d011/d012/d013/d014/d015/d016/d017/d018/d019/d020/d021/d022/d023/d024/d025/d026/d027/d028/d029/d030/d031/d032/d033/d034/d035/d036/d037/d038/d039/d040/d041/d042/d043/d044/d045/d046/d047/d048/d049/d050/d051/d052/d053/d054/d055/d056/d057/d058/d059/d060/d061/d062/d063/d064/d065/d066/d067/d068/d069/d070/d071/d072/d073/d074/d075/d076/d077/d078/d079/d080/d081/d082/d083/d084/d085/d086/d087/d088/d089/d090/d091/d092/d093/d094/d095/d096/d097/d098/d099/d100/d101/d102/d103/d104/d105/d106/d107/d108/d109/d110/d111/d112/d113/d114/d115/d116/d117/d118/d119/d120/d121/d122/d123/d124/d125/d126/d127/d128/s005.dat\nbulk/wide/s009-f000.dat\nbulk/regular/s009/f064.dat\nbulk/spine/d001/d002/d003/d004/d005/d006/d007/d008/d009/d010/d011/d012/d013/d014/d015/d016/d017/d018/d019/d020/d021/d022/d023/d024/d025/d026/d027/d028/d029/d030/d031/d032/d033/d034/d035/d036/d037/d038/d039/d040/d041/d042/d043/d044/d045/d046/d047/d048/d049/d050/d051/d052/d053/d054/d055/d056/d057/d058/d059/d060/d061/d062/d063/d064/d065/d066/d067/d068/d069/d070/d071/d072/d073/d074/d075/d076/d077/d078/d079/d080/d081/d082/d083/d084/d085/d086/d087/d088/d089/d090/d091/d092/d093/d094/d095/d096/d097/d098/d099/d100/d101/d102/d103/d104/d105/d106/d107/d108/d109/d110/d111/d112/d113/d114/d115/d116/d117/d118/d119/d120/d121/d122/d123/d124/d125/d126/d127/d128/s009.dat"",""sampled_ranges=witness/wide/s000-f000.dat:0..20971\nbulk/wide/s000-f000.dat:0..20971\nbulk/regular/s000/f064.dat:0..1024\nbulk/regular/s000/f128.dat:0..8192\nbulk/spine/d001/d002/d003/d004/d005/d006/d007/d008/d009/d010/d011/d012/d013/d014/d015/d016/d017/d018/d019/d020/d021/d022/d023/d024/d025/d026/d027/d028/d029/d030/d031/d032/d033/d034/d035/d036/d037/d038/d039/d040/d041/d042/d043/d044/d045/d046/d047/d048/d049/d050/d051/d052/d053/d054/d055/d056/d057/d058/d059/d060/d061/d062/d063/d064/d065/d066/d067/d068/d069/d070/d071/d072/d073/d074/d075/d076/d077/d078/d079/d080/d081/d082/d083/d084/d085/d086/d087/d088/d089/d090/d091/d092/d093/d094/d095/d096/d097/d098/d099/d100/d101/d102/d103/d104/d105/d106/d107/d108/d109/d110/d111/d112/d113/d114/d115/d116/d117/d118/d119/d120/d121/d122/d123/d124/d125/d126/d127/d128/s000.dat:0..53723\nbulk/wide/s005-f000.dat:0..20971\nbulk/regular/s005/f064.dat:0..1024\nbulk/spine/d001/d002/d003/d004/d005/d006/d007/d008/d009/d010/d011/d012/d013/d014/d015/d016/d017/d018/d019/d020/d021/d022/d023/d024/d025/d026/d027/d028/d029/d030/d031/d032/d033/d034/d035/d036/d037/d038/d039/d040/d041/d042/d043/d044/d045/d046/d047/d048/d049/d050/d051/d052/d053/d054/d055/d056/d057/d058/d059/d060/d061/d062/d063/d064/d065/d066/d067/d068/d069/d070/d071/d072/d073/d074/d075/d076/d077/d078/d079/d080/d081/d082/d083/d084/d085/d086/d087/d088/d089/d090/d091/d092/d093/d094/d095/d096/d097/d098/d099/d100/d101/d102/d103/d104/d105/d106/d107/d108/d109/d110/d111/d112/d113/d114/d115/d116/d117/d118/d119/d120/d121/d122/d123/d124/d125/d126/d127/d128/s005.dat:0..53723\nbulk/wide/s009-f000.dat:0..20971\nbulk/regular/s009/f064.dat:0..1024\nbulk/spine/d001/d002/d003/d004/d005/d006/d007/d008/d009/d010/d011/d012/d013/d014/d015/d016/d017/d018/d019/d020/d021/d022/d023/d024/d025/d026/d027/d028/d029/d030/d031/d032/d033/d034/d035/d036/d037/d038/d039/d040/d041/d042/d043/d044/d045/d046/d047/d048/d049/d050/d051/d052/d053/d054/d055/d056/d057/d058/d059/d060/d061/d062/d063/d064/d065/d066/d067/d068/d069/d070/d071/d072/d073/d074/d075/d076/d077/d078/d079/d080/d081/d082/d083/d084/d085/d086/d087/d088/d089/d090/d091/d092/d093/d094/d095/d096/d097/d098/d099/d100/d101/d102/d103/d104/d105/d106/d107/d108/d109/d110/d111/d112/d113/d114/d115/d116/d117/d118/d119/d120/d121/d122/d123/d124/d125/d126/d127/d128/s009.dat:0..53723""]","{""type"":""sampled-content"",""summary"":""changed data and selected unchanged witnesses; qualified roots"",""details"":[]}",,,,,,
tiny_file_churn,tiny-bulk-create-100-mixed-v3,PASS,3.5594885410100687,f592c3ae20935d7623d465e8aacf22703c6861876d758117adba705110f2d0fc,446df40465ad55181b95112968f999534c7d6cb1a2f4d22b4014ecdda120b493,43e4ffc61aa83fe230cefcd44c20d04da7424de3ebbae47e2d64c7325f71cbde,sha256:8e74a58284a6e8c22ac9cbf60231f69217c3cae31c231ef17b0afd81726b8249,verification/tiny_file_churn/tiny-bulk-create-100-mixed-v3/verification.json,"[""no exhaustive Phase 1 replay"",""sampled Workspace proof: no exhaustive namespace, full-file bytes, object census, aliases, or failure injection""]","[""absent_paths="",""full_file_bytes_verified=false"",""full_namespace_verified=false"",""omissions=unselected paths, bytes beyond selected ranges, exhaustive inode/object/reference census, alias and failure injection semantics"",""sampled_paths=.\nwitness/wide/s000-f000.dat\nwitness\nbulk\nbulk/wide/s000-f000.dat\nbulk/wide/s000-f001.dat\nbulk/spine/d001/d002/d003/d004/d005/d006/d007/d008/d009/d010/d011/d012/d013/d014/d015/d016/d017/d018/d019/d020/d021/d022/d023/d024/d025/d026/d027/d028/d029/d030/d031/d032/d033/d034/d035/d036/d037/d038/d039/d040/d041/d042/d043/d044/d045/d046/d047/d048/d049/d050/d051/d052/d053/d054/d055/d056/d057/d058/d059/d060/d061/d062/d063/d064/d065/d066/d067/d068/d069/d070/d071/d072/d073/d074/d075/d076/d077/d078/d079/d080/d081/d082/d083/d084/d085/d086/d087/d088/d089/d090/d091/d092/d093/d094/d095/d096/d097/d098/d099/d100/d101/d102/d103/d104/d105/d106/d107/d108/d109/d110/d111/d112/d113/d114/d115/d116/d117/d118/d119/d120/d121/d122/d123/d124/d125/d126/d127/d128/s000.dat\nbulk/wide/s004-f000.dat\nbulk/wide/s004-f001.dat\nbulk/spine/d001/d002/d003/d004/d005/d006/d007/d008/d009/d010/d011/d012/d013/d014/d015/d016/d017/d018/d019/d020/d021/d022/d023/d024/d025/d026/d027/d028/d029/d030/d031/d032/d033/d034/d035/d036/d037/d038/d039/d040/d041/d042/d043/d044/d045/d046/d047/d048/d049/d050/d051/d052/d053/d054/d055/d056/d057/d058/d059/d060/d061/d062/d063/d064/d065/d066/d067/d068/d069/d070/d071/d072/d073/d074/d075/d076/d077/d078/d079/d080/d081/d082/d083/d084/d085/d086/d087/d088/d089/d090/d091/d092/d093/d094/d095/d096/d097/d098/d099/d100/d101/d102/d103/d104/d105/d106/d107/d108/d109/d110/d111/d112/d113/d114/d115/d116/d117/d118/d119/d120/d121/d122/d123/d124/d125/d126/d127/d128/s004.dat"",""sampled_ranges=witness/wide/s000-f000.dat:0..1024\nbulk/wide/s000-f000.dat:0..65536\nbulk/wide/s000-f000.dat:26214400..26279936\nbulk/wide/s000-f000.dat:52363264..52428800\nbulk/wide/s000-f001.dat:0..4096\nbulk/spine/d001/d002/d003/d004/d005/d006/d007/d008/d009/d010/d011/d012/d013/d014/d015/d016/d017/d018/d019/d020/d021/d022/d023/d024/d025/d026/d027/d028/d029/d030/d031/d032/d033/d034/d035/d036/d037/d038/d039/d040/d041/d042/d043/d044/d045/d046/d047/d048/d049/d050/d051/d052/d053/d054/d055/d056/d057/d058/d059/d060/d061/d062/d063/d064/d065/d066/d067/d068/d069/d070/d071/d072/d073/d074/d075/d076/d077/d078/d079/d080/d081/d082/d083/d084/d085/d086/d087/d088/d089/d090/d091/d092/d093/d094/d095/d096/d097/d098/d099/d100/d101/d102/d103/d104/d105/d106/d107/d108/d109/d110/d111/d112/d113/d114/d115/d116/d117/d118/d119/d120/d121/d122/d123/d124/d125/d126/d127/d128/s000.dat:0..4096\nbulk/wide/s004-f000.dat:0..4096\nbulk/wide/s004-f001.dat:0..65536\nbulk/spine/d001/d002/d003/d004/d005/d006/d007/d008/d009/d010/d011/d012/d013/d014/d015/d016/d017/d018/d019/d020/d021/d022/d023/d024/d025/d026/d027/d028/d029/d030/d031/d032/d033/d034/d035/d036/d037/d038/d039/d040/d041/d042/d043/d044/d045/d046/d047/d048/d049/d050/d051/d052/d053/d054/d055/d056/d057/d058/d059/d060/d061/d062/d063/d064/d065/d066/d067/d068/d069/d070/d071/d072/d073/d074/d075/d076/d077/d078/d079/d080/d081/d082/d083/d084/d085/d086/d087/d088/d089/d090/d091/d092/d093/d094/d095/d096/d097/d098/d099/d100/d101/d102/d103/d104/d105/d106/d107/d108/d109/d110/d111/d112/d113/d114/d115/d116/d117/d118/d119/d120/d121/d122/d123/d124/d125/d126/d127/d128/s004.dat:0..65536""]","{""type"":""sampled-content"",""summary"":""changed data and selected unchanged witnesses; qualified roots"",""details"":[]}",,,,,,
tiny_file_churn,tiny-bulk-create-500-mixed-v3,PASS,10.040339083003346,f592c3ae20935d7623d465e8aacf22703c6861876d758117adba705110f2d0fc,446df40465ad55181b95112968f999534c7d6cb1a2f4d22b4014ecdda120b493,f356ba5d46324b326981775ba50ca24eed165de7327b8e8453bd97452dd9f627,sha256:8e74a58284a6e8c22ac9cbf60231f69217c3cae31c231ef17b0afd81726b8249,verification/tiny_file_churn/tiny-bulk-create-500-mixed-v3/verification.json,"[""no exhaustive Phase 1 replay"",""sampled Workspace proof: no exhaustive namespace, full-file bytes, object census, aliases, or failure injection""]","[""absent_paths="",""full_file_bytes_verified=false"",""full_namespace_verified=false"",""omissions=unselected paths, bytes beyond selected ranges, exhaustive inode/object/reference census, alias and failure injection semantics"",""sampled_paths=.\nwitness/wide/s000-f000.dat\nwitness\nbulk\nbulk/wide/s000-f000.dat\nbulk/wide/s000-f001.dat\nbulk/wide/s000-f002.dat\nbulk/wide/s000-f003.dat\nbulk/spine/d001/d002/d003/d004/d005/d006/d007/d008/d009/d010/d011/d012/d013/d014/d015/d016/d017/d018/d019/d020/d021/d022/d023/d024/d025/d026/d027/d028/d029/d030/d031/d032/d033/d034/d035/d036/d037/d038/d039/d040/d041/d042/d043/d044/d045/d046/d047/d048/d049/d050/d051/d052/d053/d054/d055/d056/d057/d058/d059/d060/d061/d062/d063/d064/d065/d066/d067/d068/d069/d070/d071/d072/d073/d074/d075/d076/d077/d078/d079/d080/d081/d082/d083/d084/d085/d086/d087/d088/d089/d090/d091/d092/d093/d094/d095/d096/d097/d098/d099/d100/d101/d102/d103/d104/d105/d106/d107/d108/d109/d110/d111/d112/d113/d114/d115/d116/d117/d118/d119/d120/d121/d122/d123/d124/d125/d126/d127/d128/s000.dat\nbulk/wide/s020-f002.dat\nbulk/wide/s020-f003.dat\nbulk/spine/d001/d002/d003/d004/d005/d006/d007/d008/d009/d010/d011/d012/d013/d014/d015/d016/d017/d018/d019/d020/d021/d022/d023/d024/d025/d026/d027/d028/d029/d030/d031/d032/d033/d034/d035/d036/d037/d038/d039/d040/d041/d042/d043/d044/d045/d046/d047/d048/d049/d050/d051/d052/d053/d054/d055/d056/d057/d058/d059/d060/d061/d062/d063/d064/d065/d066/d067/d068/d069/d070/d071/d072/d073/d074/d075/d076/d077/d078/d079/d080/d081/d082/d083/d084/d085/d086/d087/d088/d089/d090/d091/d092/d093/d094/d095/d096/d097/d098/d099/d100/d101/d102/d103/d104/d105/d106/d107/d108/d109/d110/d111/d112/d113/d114/d115/d116/d117/d118/d119/d120/d121/d122/d123/d124/d125/d126/d127/d128/s024.dat"",""sampled_ranges=witness/wide/s000-f000.dat:0..1024\nbulk/wide/s000-f000.dat:0..65536\nbulk/wide/s000-f000.dat:52428800..52494336\nbulk/wide/s000-f000.dat:104792064..104857600\nbulk/wide/s000-f001.dat:0..65536\nbulk/wide/s000-f001.dat:52428800..52494336\nbulk/wide/s000-f001.dat:104792064..104857600\nbulk/wide/s000-f002.dat:0..65536\nbulk/wide/s000-f002.dat:52428800..52494336\nbulk/wide/s000-f002.dat:104792064..104857600\nbulk/wide/s000-f003.dat:0..4096\nbulk/spine/d001/d002/d003/d004/d005/d006/d007/d008/d009/d010/d011/d012/d013/d014/d015/d016/d017/d018/d019/d020/d021/d022/d023/d024/d025/d026/d027/d028/d029/d030/d031/d032/d033/d034/d035/d036/d037/d038/d039/d040/d041/d042/d043/d044/d045/d046/d047/d048/d049/d050/d051/d052/d053/d054/d055/d056/d057/d058/d059/d060/d061/d062/d063/d064/d065/d066/d067/d068/d069/d070/d071/d072/d073/d074/d075/d076/d077/d078/d079/d080/d081/d082/d083/d084/d085/d086/d087/d088/d089/d090/d091/d092/d093/d094/d095/d096/d097/d098/d099/d100/d101/d102/d103/d104/d105/d106/d107/d108/d109/d110/d111/d112/d113/d114/d115/d116/d117/d118/d119/d120/d121/d122/d123/d124/d125/d126/d127/d128/s000.dat:0..4096\nbulk/wide/s020-f002.dat:0..4096\nbulk/wide/s020-f003.dat:0..65536\nbulk/spine/d001/d002/d003/d004/d005/d006/d007/d008/d009/d010/d011/d012/d013/d014/d015/d016/d017/d018/d019/d020/d021/d022/d023/d024/d025/d026/d027/d028/d029/d030/d031/d032/d033/d034/d035/d036/d037/d038/d039/d040/d041/d042/d043/d044/d045/d046/d047/d048/d049/d050/d051/d052/d053/d054/d055/d056/d057/d058/d059/d060/d061/d062/d063/d064/d065/d066/d067/d068/d069/d070/d071/d072/d073/d074/d075/d076/d077/d078/d079/d080/d081/d082/d083/d084/d085/d086/d087/d088/d089/d090/d091/d092/d093/d094/d095/d096/d097/d098/d099/d100/d101/d102/d103/d104/d105/d106/d107/d108/d109/d110/d111/d112/d113/d114/d115/d116/d117/d118/d119/d120/d121/d122/d123/d124/d125/d126/d127/d128/s024.dat:0..65536""]","{""type"":""sampled-content"",""summary"":""changed data and selected unchanged witnesses; qualified roots"",""details"":[]}",,,,,,
tiny_file_churn,tiny-bulk-delete-1-compact-v2,PASS,2.0774274169962155,f592c3ae20935d7623d465e8aacf22703c6861876d758117adba705110f2d0fc,446df40465ad55181b95112968f999534c7d6cb1a2f4d22b4014ecdda120b493,04169004528025229cfb0fe4623600603b902b22b856eeead3d6245e7420e3e9,sha256:8e74a58284a6e8c22ac9cbf60231f69217c3cae31c231ef17b0afd81726b8249,verification/tiny_file_churn/tiny-bulk-delete-1-compact-v2/verification.json,"[""no exhaustive Phase 1 replay"",""sampled Workspace proof: no exhaustive namespace, full-file bytes, object census, aliases, or failure injection""]","[""absent_paths=bulk\nbulk/wide/s000-f000.dat\nbulk/regular/s000/f064.dat\nbulk/regular/s000/f128.dat\nbulk/spine/d001/d002/d003/d004/d005/d006/d007/d008/d009/d010/d011/d012/d013/d014/d015/d016/d017/d018/d019/d020/d021/d022/d023/d024/d025/d026/d027/d028/d029/d030/d031/d032/d033/d034/d035/d036/d037/d038/d039/d040/d041/d042/d043/d044/d045/d046/d047/d048/d049/d050/d051/d052/d053/d054/d055/d056/d057/d058/d059/d060/d061/d062/d063/d064/d065/d066/d067/d068/d069/d070/d071/d072/d073/d074/d075/d076/d077/d078/d079/d080/d081/d082/d083/d084/d085/d086/d087/d088/d089/d090/d091/d092/d093/d094/d095/d096/d097/d098/d099/d100/d101/d102/d103/d104/d105/d106/d107/d108/d109/d110/d111/d112/d113/d114/d115/d116/d117/d118/d119/d120/d121/d122/d123/d124/d125/d126/d127/d128/s000.dat"",""full_file_bytes_verified=false"",""full_namespace_verified=false"",""omissions=unselected paths, bytes beyond selected ranges, exhaustive inode/object/reference census, alias and failure injection semantics"",""sampled_paths=.\nwitness/wide/s000-f000.dat\nwitness"",""sampled_ranges=witness/wide/s000-f000.dat:0..20971""]","{""type"":""sampled-content"",""summary"":""changed data and selected unchanged witnesses; qualified roots"",""details"":[]}",,,,,,
tiny_file_churn,tiny-bulk-delete-10-compact-v2,PASS,2.5047305000043707,f592c3ae20935d7623d465e8aacf22703c6861876d758117adba705110f2d0fc,446df40465ad55181b95112968f999534c7d6cb1a2f4d22b4014ecdda120b493,cb147f2b80dc76633da5c1830c76925b6e707a7459d5b28784a69065e9ccd805,sha256:8e74a58284a6e8c22ac9cbf60231f69217c3cae31c231ef17b0afd81726b8249,verification/tiny_file_churn/tiny-bulk-delete-10-compact-v2/verification.json,"[""no exhaustive Phase 1 replay"",""sampled Workspace proof: no exhaustive namespace, full-file bytes, object census, aliases, or failure injection""]","[""absent_paths=bulk\nbulk/wide/s000-f000.dat\nbulk/regular/s000/f064.dat\nbulk/regular/s000/f128.dat\nbulk/spine/d001/d002/d003/d004/d005/d006/d007/d008/d009/d010/d011/d012/d013/d014/d015/d016/d017/d018/d019/d020/d021/d022/d023/d024/d025/d026/d027/d028/d029/d030/d031/d032/d033/d034/d035/d036/d037/d038/d039/d040/d041/d042/d043/d044/d045/d046/d047/d048/d049/d050/d051/d052/d053/d054/d055/d056/d057/d058/d059/d060/d061/d062/d063/d064/d065/d066/d067/d068/d069/d070/d071/d072/d073/d074/d075/d076/d077/d078/d079/d080/d081/d082/d083/d084/d085/d086/d087/d088/d089/d090/d091/d092/d093/d094/d095/d096/d097/d098/d099/d100/d101/d102/d103/d104/d105/d106/d107/d108/d109/d110/d111/d112/d113/d114/d115/d116/d117/d118/d119/d120/d121/d122/d123/d124/d125/d126/d127/d128/s000.dat\nbulk/wide/s005-f000.dat\nbulk/regular/s005/f064.dat\nbulk/spine/d001/d002/d003/d004/d005/d006/d007/d008/d009/d010/d011/d012/d013/d014/d015/d016/d017/d018/d019/d020/d021/d022/d023/d024/d025/d026/d027/d028/d029/d030/d031/d032/d033/d034/d035/d036/d037/d038/d039/d040/d041/d042/d043/d044/d045/d046/d047/d048/d049/d050/d051/d052/d053/d054/d055/d056/d057/d058/d059/d060/d061/d062/d063/d064/d065/d066/d067/d068/d069/d070/d071/d072/d073/d074/d075/d076/d077/d078/d079/d080/d081/d082/d083/d084/d085/d086/d087/d088/d089/d090/d091/d092/d093/d094/d095/d096/d097/d098/d099/d100/d101/d102/d103/d104/d105/d106/d107/d108/d109/d110/d111/d112/d113/d114/d115/d116/d117/d118/d119/d120/d121/d122/d123/d124/d125/d126/d127/d128/s005.dat\nbulk/wide/s009-f000.dat\nbulk/regular/s009/f064.dat\nbulk/spine/d001/d002/d003/d004/d005/d006/d007/d008/d009/d010/d011/d012/d013/d014/d015/d016/d017/d018/d019/d020/d021/d022/d023/d024/d025/d026/d027/d028/d029/d030/d031/d032/d033/d034/d035/d036/d037/d038/d039/d040/d041/d042/d043/d044/d045/d046/d047/d048/d049/d050/d051/d052/d053/d054/d055/d056/d057/d058/d059/d060/d061/d062/d063/d064/d065/d066/d067/d068/d069/d070/d071/d072/d073/d074/d075/d076/d077/d078/d079/d080/d081/d082/d083/d084/d085/d086/d087/d088/d089/d090/d091/d092/d093/d094/d095/d096/d097/d098/d099/d100/d101/d102/d103/d104/d105/d106/d107/d108/d109/d110/d111/d112/d113/d114/d115/d116/d117/d118/d119/d120/d121/d122/d123/d124/d125/d126/d127/d128/s009.dat"",""full_file_bytes_verified=false"",""full_namespace_verified=false"",""omissions=unselected paths, bytes beyond selected ranges, exhaustive inode/object/reference census, alias and failure injection semantics"",""sampled_paths=.\nwitness/wide/s000-f000.dat\nwitness"",""sampled_ranges=witness/wide/s000-f000.dat:0..20971""]","{""type"":""sampled-content"",""summary"":""changed data and selected unchanged witnesses; qualified roots"",""details"":[]}",,,,,,
tiny_file_churn,tiny-bulk-delete-100-mixed-v3,PASS,4.6276638340059435,f592c3ae20935d7623d465e8aacf22703c6861876d758117adba705110f2d0fc,446df40465ad55181b95112968f999534c7d6cb1a2f4d22b4014ecdda120b493,16ea9650098732f91e463ba897ea824ca878e33ce28eca1ee5078fbbcf837b69,sha256:8e74a58284a6e8c22ac9cbf60231f69217c3cae31c231ef17b0afd81726b8249,verification/tiny_file_churn/tiny-bulk-delete-100-mixed-v3/verification.json,"[""no exhaustive Phase 1 replay"",""sampled Workspace proof: no exhaustive namespace, full-file bytes, object census, aliases, or failure injection""]","[""absent_paths=bulk\nbulk/wide/s000-f000.dat\nbulk/wide/s000-f001.dat\nbulk/spine/d001/d002/d003/d004/d005/d006/d007/d008/d009/d010/d011/d012/d013/d014/d015/d016/d017/d018/d019/d020/d021/d022/d023/d024/d025/d026/d027/d028/d029/d030/d031/d032/d033/d034/d035/d036/d037/d038/d039/d040/d041/d042/d043/d044/d045/d046/d047/d048/d049/d050/d051/d052/d053/d054/d055/d056/d057/d058/d059/d060/d061/d062/d063/d064/d065/d066/d067/d068/d069/d070/d071/d072/d073/d074/d075/d076/d077/d078/d079/d080/d081/d082/d083/d084/d085/d086/d087/d088/d089/d090/d091/d092/d093/d094/d095/d096/d097/d098/d099/d100/d101/d102/d103/d104/d105/d106/d107/d108/d109/d110/d111/d112/d113/d114/d115/d116/d117/d118/d119/d120/d121/d122/d123/d124/d125/d126/d127/d128/s000.dat\nbulk/wide/s004-f000.dat\nbulk/wide/s004-f001.dat\nbulk/spine/d001/d002/d003/d004/d005/d006/d007/d008/d009/d010/d011/d012/d013/d014/d015/d016/d017/d018/d019/d020/d021/d022/d023/d024/d025/d026/d027/d028/d029/d030/d031/d032/d033/d034/d035/d036/d037/d038/d039/d040/d041/d042/d043/d044/d045/d046/d047/d048/d049/d050/d051/d052/d053/d054/d055/d056/d057/d058/d059/d060/d061/d062/d063/d064/d065/d066/d067/d068/d069/d070/d071/d072/d073/d074/d075/d076/d077/d078/d079/d080/d081/d082/d083/d084/d085/d086/d087/d088/d089/d090/d091/d092/d093/d094/d095/d096/d097/d098/d099/d100/d101/d102/d103/d104/d105/d106/d107/d108/d109/d110/d111/d112/d113/d114/d115/d116/d117/d118/d119/d120/d121/d122/d123/d124/d125/d126/d127/d128/s004.dat"",""full_file_bytes_verified=false"",""full_namespace_verified=false"",""omissions=unselected paths, bytes beyond selected ranges, exhaustive inode/object/reference census, alias and failure injection semantics"",""sampled_paths=.\nwitness/wide/s000-f000.dat\nwitness"",""sampled_ranges=witness/wide/s000-f000.dat:0..1024""]","{""type"":""sampled-content"",""summary"":""changed data and selected unchanged witnesses; qualified roots"",""details"":[]}",,,,,,
tiny_file_churn,tiny-bulk-delete-500-mixed-v3,PASS,15.25484549999237,f592c3ae20935d7623d465e8aacf22703c6861876d758117adba705110f2d0fc,446df40465ad55181b95112968f999534c7d6cb1a2f4d22b4014ecdda120b493,792ff683a560c10823b979a425af2a667dd92aed2e5f20b7d6f72f7d3fc060e1,sha256:8e74a58284a6e8c22ac9cbf60231f69217c3cae31c231ef17b0afd81726b8249,verification/tiny_file_churn/tiny-bulk-delete-500-mixed-v3/verification.json,"[""no exhaustive Phase 1 replay"",""sampled Workspace proof: no exhaustive namespace, full-file bytes, object census, aliases, or failure injection""]","[""absent_paths=bulk\nbulk/wide/s000-f000.dat\nbulk/wide/s000-f001.dat\nbulk/wide/s000-f002.dat\nbulk/wide/s000-f003.dat\nbulk/spine/d001/d002/d003/d004/d005/d006/d007/d008/d009/d010/d011/d012/d013/d014/d015/d016/d017/d018/d019/d020/d021/d022/d023/d024/d025/d026/d027/d028/d029/d030/d031/d032/d033/d034/d035/d036/d037/d038/d039/d040/d041/d042/d043/d044/d045/d046/d047/d048/d049/d050/d051/d052/d053/d054/d055/d056/d057/d058/d059/d060/d061/d062/d063/d064/d065/d066/d067/d068/d069/d070/d071/d072/d073/d074/d075/d076/d077/d078/d079/d080/d081/d082/d083/d084/d085/d086/d087/d088/d089/d090/d091/d092/d093/d094/d095/d096/d097/d098/d099/d100/d101/d102/d103/d104/d105/d106/d107/d108/d109/d110/d111/d112/d113/d114/d115/d116/d117/d118/d119/d120/d121/d122/d123/d124/d125/d126/d127/d128/s000.dat\nbulk/wide/s020-f002.dat\nbulk/wide/s020-f003.dat\nbulk/spine/d001/d002/d003/d004/d005/d006/d007/d008/d009/d010/d011/d012/d013/d014/d015/d016/d017/d018/d019/d020/d021/d022/d023/d024/d025/d026/d027/d028/d029/d030/d031/d032/d033/d034/d035/d036/d037/d038/d039/d040/d041/d042/d043/d044/d045/d046/d047/d048/d049/d050/d051/d052/d053/d054/d055/d056/d057/d058/d059/d060/d061/d062/d063/d064/d065/d066/d067/d068/d069/d070/d071/d072/d073/d074/d075/d076/d077/d078/d079/d080/d081/d082/d083/d084/d085/d086/d087/d088/d089/d090/d091/d092/d093/d094/d095/d096/d097/d098/d099/d100/d101/d102/d103/d104/d105/d106/d107/d108/d109/d110/d111/d112/d113/d114/d115/d116/d117/d118/d119/d120/d121/d122/d123/d124/d125/d126/d127/d128/s024.dat"",""full_file_bytes_verified=false"",""full_namespace_verified=false"",""omissions=unselected paths, bytes beyond selected ranges, exhaustive inode/object/reference census, alias and failure injection semantics"",""sampled_paths=.\nwitness/wide/s000-f000.dat\nwitness"",""sampled_ranges=witness/wide/s000-f000.dat:0..1024""]","{""type"":""sampled-content"",""summary"":""changed data and selected unchanged witnesses; qualified roots"",""details"":[]}",,,,,,
namespace_mutation,namespace-subtree-relocate-delete-1-compact-v2,PASS,2.122025084012421,f592c3ae20935d7623d465e8aacf22703c6861876d758117adba705110f2d0fc,446df40465ad55181b95112968f999534c7d6cb1a2f4d22b4014ecdda120b493,443e4b3a9dc2ac2ed8c374193882de879f18ae2ec1b05820895d9681a43da804,sha256:8e74a58284a6e8c22ac9cbf60231f69217c3cae31c231ef17b0afd81726b8249,verification/namespace_mutation/namespace-subtree-relocate-delete-1-compact-v2/verification.json,"[""no exhaustive Phase 1 replay""]",[],"{""type"":""sampled-content"",""summary"":""changed data and selected unchanged witnesses; qualified roots"",""details"":[{""kind"":""fast-canonical-verification"",""receipt"":""{\""actual_read_logical_bytes\"": \""525600\"", \""actual_read_regular_paths\"": \""225\"", \""authenticated_global_inodes\"": \""232\"", \""authenticated_namespace_paths\"": \""232\"", \""canonical_root\"": \""e55f40a0b35c9bad5c4f871247a0a6b71334dc5afbbbee8431f3ec9cc83d810f\"", \""certificate_binding\"": \""c1a288580601f1cbae6123efbaaa332ca1f3d9aba1f78a30f1cd99080b41e80c\"", \""covered_regular_paths\"": \""0\"", \""full_canonical_census_performed\"": \""false\"", \""fully_verified\"": \""false\"", \""has_reused_reference\"": \""false\"", \""reference_assurance\"": \""independent_current_content\"", \""reference_native_readback\"": \""false\"", \""reference_root_scope\"": \""none\"", \""scope\"": \""full current namespace/global inode/metadata/aliases; selected changed+witness bytes; unchanged file-state/extent/payload subgraph references certified, those current subgraph bytes not read\"", \""skipped_current_store_logical_bytes\"": \""0\"", \""skipped_current_store_regular_paths\"": \""0\"", \""verification_profile\"": \""fast-verify-v2\"", \""verification_status\"": \""fast_iteration_verified\""}"",""step"":1},{""coverage_sha256"":""e3b0c44298fc1c149afbf4c8996fb92427ae41e4649b934ca495991b7852b855"",""kind"":""fast-native-verification"",""receipt"":""absent_paths_verified=54\ncertificate_binding=c1a288580601f1cbae6123efbaaa332ca1f3d9aba1f78a30f1cd99080b41e80c\nchanged_paths_declared=30\ncovered_paths_sha256=e3b0c44298fc1c149afbf4c8996fb92427ae41e4649b934ca495991b7852b855\nfast_witness_profile=native-fast-witness-v2:first-middle-last-seeded-per-namespace-length-depth-class;declared-read-targets\nfully_verified=false\nlogical_bytes=525600\nnative_namespace_paths_verified=232\nnative_namespace_type_source=DirEntry::file_type;platform-metadata-fallback-permitted;skipped-counts-describe-unperformed-checks-not-syscalls\nnative_namespace_types_verified=232\noracle_identity_encoding=structural-entry-recipes-v1\noracle_scope=independent-delta-and-witnesses;complete-native-namespace;certified-unchanged-content-roots-checked-by-host\nreference_assurance=independent_current_content\nselected_independent_oracle_identity=13e558979372d6c7917450a5116076a986488407d12d275d6e0183cabe116f39\nselected_metadata_paths_verified=232\nselected_regular_bytes_verified=525600\nselected_regular_paths_verified=225\nskipped_untouched_metadata_paths=0\nskipped_untouched_regular_bodies=0\nuncertified_regular_paths_checked=225\nverification_status=fast_iteration_verified\nwitness_paths_declared=7\n"",""step"":1}]}",,,,,,
namespace_mutation,namespace-subtree-relocate-delete-10-compact-v2,PASS,2.344779250008287,f592c3ae20935d7623d465e8aacf22703c6861876d758117adba705110f2d0fc,446df40465ad55181b95112968f999534c7d6cb1a2f4d22b4014ecdda120b493,45a7518cf5438c8d20d02ac54b7a221c8477bbc2730901a5e808ea427f9e6b9c,sha256:8e74a58284a6e8c22ac9cbf60231f69217c3cae31c231ef17b0afd81726b8249,verification/namespace_mutation/namespace-subtree-relocate-delete-10-compact-v2/verification.json,"[""no exhaustive Phase 1 replay""]",[],"{""type"":""sampled-content"",""summary"":""changed data and selected unchanged witnesses; qualified roots"",""details"":[{""kind"":""fast-canonical-verification"",""receipt"":""{\""actual_read_logical_bytes\"": \""756000\"", \""actual_read_regular_paths\"": \""450\"", \""authenticated_global_inodes\"": \""466\"", \""authenticated_namespace_paths\"": \""466\"", \""canonical_root\"": \""632d004fd6f4a72ad2d47900cc6c4c32b04deb2cc8b390ce3921884ff7f389e7\"", \""certificate_binding\"": \""39cc119fb229da4db8ea7c10e35950751ee0a6a3afd81fd74df9d8a10bd0185f\"", \""covered_regular_paths\"": \""0\"", \""full_canonical_census_performed\"": \""false\"", \""fully_verified\"": \""false\"", \""has_reused_reference\"": \""false\"", \""reference_assurance\"": \""independent_current_content\"", \""reference_native_readback\"": \""false\"", \""reference_root_scope\"": \""none\"", \""scope\"": \""full current namespace/global inode/metadata/aliases; selected changed+witness bytes; unchanged file-state/extent/payload subgraph references certified, those current subgraph bytes not read\"", \""skipped_current_store_logical_bytes\"": \""0\"", \""skipped_current_store_regular_paths\"": \""0\"", \""verification_profile\"": \""fast-verify-v2\"", \""verification_status\"": \""fast_iteration_verified\""}"",""step"":1},{""coverage_sha256"":""e3b0c44298fc1c149afbf4c8996fb92427ae41e4649b934ca495991b7852b855"",""kind"":""fast-native-verification"",""receipt"":""absent_paths_verified=522\ncertificate_binding=39cc119fb229da4db8ea7c10e35950751ee0a6a3afd81fd74df9d8a10bd0185f\nchanged_paths_declared=264\ncovered_paths_sha256=e3b0c44298fc1c149afbf4c8996fb92427ae41e4649b934ca495991b7852b855\nfast_witness_profile=native-fast-witness-v2:first-middle-last-seeded-per-namespace-length-depth-class;declared-read-targets\nfully_verified=false\nlogical_bytes=756000\nnative_namespace_paths_verified=466\nnative_namespace_type_source=DirEntry::file_type;platform-metadata-fallback-permitted;skipped-counts-describe-unperformed-checks-not-syscalls\nnative_namespace_types_verified=466\noracle_identity_encoding=structural-entry-recipes-v1\noracle_scope=independent-delta-and-witnesses;complete-native-namespace;certified-unchanged-content-roots-checked-by-host\nreference_assurance=independent_current_content\nselected_independent_oracle_identity=5382316cca915bccf58e4b3c3f8f0a06940a0014504aaf83bf0f10f8d1e5551f\nselected_metadata_paths_verified=466\nselected_regular_bytes_verified=756000\nselected_regular_paths_verified=450\nskipped_untouched_metadata_paths=0\nskipped_untouched_regular_bodies=0\nuncertified_regular_paths_checked=450\nverification_status=fast_iteration_verified\nwitness_paths_declared=7\n"",""step"":1}]}",,,,,,
namespace_mutation,namespace-subtree-relocate-delete-100-mixed-v4,PASS,4.059544666990405,f592c3ae20935d7623d465e8aacf22703c6861876d758117adba705110f2d0fc,446df40465ad55181b95112968f999534c7d6cb1a2f4d22b4014ecdda120b493,8e04a5b80b8213bd266e0c9fe7d16d930ba4755f22dcf490978cb265b7db4020,sha256:8e74a58284a6e8c22ac9cbf60231f69217c3cae31c231ef17b0afd81726b8249,verification/namespace_mutation/namespace-subtree-relocate-delete-100-mixed-v4/verification.json,"[""no exhaustive Phase 1 replay"",""sampled Workspace proof: no exhaustive namespace, full-file bytes, object census, aliases, or failure injection""]","[""absent_paths=source/tree-b"",""full_file_bytes_verified=false"",""full_namespace_verified=false"",""omissions=unselected paths, bytes beyond selected ranges, exhaustive inode/object/reference census, alias and failure injection semantics"",""sampled_paths=.\ndest\nwide\nwide/s000-f000.dat\nwide/s000-f001.dat\nregular/s000/f064.dat\nspine/d001/d002/d003/d004/d005/d006/d007/d008/d009/d010/d011/d012/d013/d014/d015/d016/d017/d018/d019/d020/d021/d022/d023/d024/d025/d026/d027/d028/d029/d030/d031/d032/d033/d034/d035/d036/d037/d038/d039/d040/d041/d042/d043/d044/d045/d046/d047/d048/d049/d050/d051/d052/d053/d054/d055/d056/d057/d058/d059/d060/d061/d062/d063/d064/d065/d066/d067/d068/d069/d070/d071/d072/d073/d074/d075/d076/d077/d078/d079/d080/d081/d082/d083/d084/d085/d086/d087/d088/d089/d090/d091/d092/d093/d094/d095/d096/d097/d098/d099/d100/d101/d102/d103/d104/d105/d106/d107/d108/d109/d110/d111/d112/d113/d114/d115/d116/d117/d118/d119/d120/d121/d122/d123/d124/d125/d126/d127/d128/s000.dat\nwide/s008-f000.dat\nwide/s008-f001.dat\nspine/d001/d002/d003/d004/d005/d006/d007/d008/d009/d010/d011/d012/d013/d014/d015/d016/d017/d018/d019/d020/d021/d022/d023/d024/d025/d026/d027/d028/d029/d030/d031/d032/d033/d034/d035/d036/d037/d038/d039/d040/d041/d042/d043/d044/d045/d046/d047/d048/d049/d050/d051/d052/d053/d054/d055/d056/d057/d058/d059/d060/d061/d062/d063/d064/d065/d066/d067/d068/d069/d070/d071/d072/d073/d074/d075/d076/d077/d078/d079/d080/d081/d082/d083/d084/d085/d086/d087/d088/d089/d090/d091/d092/d093/d094/d095/d096/d097/d098/d099/d100/d101/d102/d103/d104/d105/d106/d107/d108/d109/d110/d111/d112/d113/d114/d115/d116/d117/d118/d119/d120/d121/d122/d123/d124/d125/d126/d127/d128/s009.dat\ndestination/moved-a\ndestination/moved-a/s000/f000.dat"",""sampled_ranges=wide/s000-f000.dat:0..65536\nwide/s000-f000.dat:26214400..26279936\nwide/s000-f000.dat:52363264..52428800\nwide/s000-f001.dat:0..4096\nregular/s000/f064.dat:0..4096\nspine/d001/d002/d003/d004/d005/d006/d007/d008/d009/d010/d011/d012/d013/d014/d015/d016/d017/d018/d019/d020/d021/d022/d023/d024/d025/d026/d027/d028/d029/d030/d031/d032/d033/d034/d035/d036/d037/d038/d039/d040/d041/d042/d043/d044/d045/d046/d047/d048/d049/d050/d051/d052/d053/d054/d055/d056/d057/d058/d059/d060/d061/d062/d063/d064/d065/d066/d067/d068/d069/d070/d071/d072/d073/d074/d075/d076/d077/d078/d079/d080/d081/d082/d083/d084/d085/d086/d087/d088/d089/d090/d091/d092/d093/d094/d095/d096/d097/d098/d099/d100/d101/d102/d103/d104/d105/d106/d107/d108/d109/d110/d111/d112/d113/d114/d115/d116/d117/d118/d119/d120/d121/d122/d123/d124/d125/d126/d127/d128/s000.dat:0..4096\nwide/s008-f000.dat:0..4096\nwide/s008-f001.dat:0..65536\nspine/d001/d002/d003/d004/d005/d006/d007/d008/d009/d010/d011/d012/d013/d014/d015/d016/d017/d018/d019/d020/d021/d022/d023/d024/d025/d026/d027/d028/d029/d030/d031/d032/d033/d034/d035/d036/d037/d038/d039/d040/d041/d042/d043/d044/d045/d046/d047/d048/d049/d050/d051/d052/d053/d054/d055/d056/d057/d058/d059/d060/d061/d062/d063/d064/d065/d066/d067/d068/d069/d070/d071/d072/d073/d074/d075/d076/d077/d078/d079/d080/d081/d082/d083/d084/d085/d086/d087/d088/d089/d090/d091/d092/d093/d094/d095/d096/d097/d098/d099/d100/d101/d102/d103/d104/d105/d106/d107/d108/d109/d110/d111/d112/d113/d114/d115/d116/d117/d118/d119/d120/d121/d122/d123/d124/d125/d126/d127/d128/s009.dat:0..65536\ndestination/moved-a/s000/f000.dat:0..1024""]","{""type"":""sampled-content"",""summary"":""changed data and selected unchanged witnesses; qualified roots"",""details"":[]}",,,,,,
namespace_mutation,namespace-subtree-relocate-delete-500-mixed-v4,PASS,12.045600500001456,f592c3ae20935d7623d465e8aacf22703c6861876d758117adba705110f2d0fc,446df40465ad55181b95112968f999534c7d6cb1a2f4d22b4014ecdda120b493,f10a0ca84cc544bba7c59dbe1f5bcebd174871e01c34fe5b124e045888e27d65,sha256:8e74a58284a6e8c22ac9cbf60231f69217c3cae31c231ef17b0afd81726b8249,verification/namespace_mutation/namespace-subtree-relocate-delete-500-mixed-v4/verification.json,"[""no exhaustive Phase 1 replay"",""sampled Workspace proof: no exhaustive namespace, full-file bytes, object census, aliases, or failure injection""]","[""absent_paths=source/tree-b"",""full_file_bytes_verified=false"",""full_namespace_verified=false"",""omissions=unselected paths, bytes beyond selected ranges, exhaustive inode/object/reference census, alias and failure injection semantics"",""sampled_paths=.\ndest\nwide\nwide/s000-f000.dat\nwide/s000-f001.dat\nwide/s000-f002.dat\nregular/s000/f064.dat\nspine/d001/d002/d003/d004/d005/d006/d007/d008/d009/d010/d011/d012/d013/d014/d015/d016/d017/d018/d019/d020/d021/d022/d023/d024/d025/d026/d027/d028/d029/d030/d031/d032/d033/d034/d035/d036/d037/d038/d039/d040/d041/d042/d043/d044/d045/d046/d047/d048/d049/d050/d051/d052/d053/d054/d055/d056/d057/d058/d059/d060/d061/d062/d063/d064/d065/d066/d067/d068/d069/d070/d071/d072/d073/d074/d075/d076/d077/d078/d079/d080/d081/d082/d083/d084/d085/d086/d087/d088/d089/d090/d091/d092/d093/d094/d095/d096/d097/d098/d099/d100/d101/d102/d103/d104/d105/d106/d107/d108/d109/d110/d111/d112/d113/d114/d115/d116/d117/d118/d119/d120/d121/d122/d123/d124/d125/d126/d127/d128/s000.dat\nwide/s020-f001.dat\nwide/s020-f002.dat\nspine/d001/d002/d003/d004/d005/d006/d007/d008/d009/d010/d011/d012/d013/d014/d015/d016/d017/d018/d019/d020/d021/d022/d023/d024/d025/d026/d027/d028/d029/d030/d031/d032/d033/d034/d035/d036/d037/d038/d039/d040/d041/d042/d043/d044/d045/d046/d047/d048/d049/d050/d051/d052/d053/d054/d055/d056/d057/d058/d059/d060/d061/d062/d063/d064/d065/d066/d067/d068/d069/d070/d071/d072/d073/d074/d075/d076/d077/d078/d079/d080/d081/d082/d083/d084/d085/d086/d087/d088/d089/d090/d091/d092/d093/d094/d095/d096/d097/d098/d099/d100/d101/d102/d103/d104/d105/d106/d107/d108/d109/d110/d111/d112/d113/d114/d115/d116/d117/d118/d119/d120/d121/d122/d123/d124/d125/d126/d127/d128/s024.dat\ndestination/moved-a\ndestination/moved-a/s000/f000.dat"",""sampled_ranges=wide/s000-f000.dat:0..65536\nwide/s000-f000.dat:157286400..157351936\nwide/s000-f000.dat:314507264..314572800\nwide/s000-f001.dat:0..65536\nwide/s000-f001.dat:52428800..52494336\nwide/s000-f001.dat:104792064..104857600\nwide/s000-f002.dat:0..4096\nregular/s000/f064.dat:0..4096\nspine/d001/d002/d003/d004/d005/d006/d007/d008/d009/d010/d011/d012/d013/d014/d015/d016/d017/d018/d019/d020/d021/d022/d023/d024/d025/d026/d027/d028/d029/d030/d031/d032/d033/d034/d035/d036/d037/d038/d039/d040/d041/d042/d043/d044/d045/d046/d047/d048/d049/d050/d051/d052/d053/d054/d055/d056/d057/d058/d059/d060/d061/d062/d063/d064/d065/d066/d067/d068/d069/d070/d071/d072/d073/d074/d075/d076/d077/d078/d079/d080/d081/d082/d083/d084/d085/d086/d087/d088/d089/d090/d091/d092/d093/d094/d095/d096/d097/d098/d099/d100/d101/d102/d103/d104/d105/d106/d107/d108/d109/d110/d111/d112/d113/d114/d115/d116/d117/d118/d119/d120/d121/d122/d123/d124/d125/d126/d127/d128/s000.dat:0..4096\nwide/s020-f001.dat:0..4096\nwide/s020-f002.dat:0..65536\nspine/d001/d002/d003/d004/d005/d006/d007/d008/d009/d010/d011/d012/d013/d014/d015/d016/d017/d018/d019/d020/d021/d022/d023/d024/d025/d026/d027/d028/d029/d030/d031/d032/d033/d034/d035/d036/d037/d038/d039/d040/d041/d042/d043/d044/d045/d046/d047/d048/d049/d050/d051/d052/d053/d054/d055/d056/d057/d058/d059/d060/d061/d062/d063/d064/d065/d066/d067/d068/d069/d070/d071/d072/d073/d074/d075/d076/d077/d078/d079/d080/d081/d082/d083/d084/d085/d086/d087/d088/d089/d090/d091/d092/d093/d094/d095/d096/d097/d098/d099/d100/d101/d102/d103/d104/d105/d106/d107/d108/d109/d110/d111/d112/d113/d114/d115/d116/d117/d118/d119/d120/d121/d122/d123/d124/d125/d126/d127/d128/s024.dat:0..65536\ndestination/moved-a/s000/f000.dat:0..1024""]","{""type"":""sampled-content"",""summary"":""changed data and selected unchanged witnesses; qualified roots"",""details"":[]}",,,,,,
directory_construction_traversal,directory-construct-1-compact-v2,PASS,2.2043334170011804,f592c3ae20935d7623d465e8aacf22703c6861876d758117adba705110f2d0fc,446df40465ad55181b95112968f999534c7d6cb1a2f4d22b4014ecdda120b493,1275fbf23c0f5767fb065f977d5e12452a47eeb8d24cf3be43cd166f8275337b,sha256:8e74a58284a6e8c22ac9cbf60231f69217c3cae31c231ef17b0afd81726b8249,verification/directory_construction_traversal/directory-construct-1-compact-v2/verification.json,"[""no exhaustive Phase 1 replay""]",[],"{""type"":""sampled-content"",""summary"":""changed data and selected unchanged witnesses; qualified roots"",""details"":[{""kind"":""fast-canonical-verification"",""receipt"":""{\""actual_read_logical_bytes\"": \""1048576\"", \""actual_read_regular_paths\"": \""50\"", \""authenticated_global_inodes\"": \""186\"", \""authenticated_namespace_paths\"": \""186\"", \""canonical_root\"": \""d150271855640d5d5d151b0d6d8da908b0043e4f34d04c30cac071bfc59bedac\"", \""certificate_binding\"": \""e87596eb7b3e00d72d43d7737217fd3c06828017ce43aa2fe43dbcbf40882f2c\"", \""covered_regular_paths\"": \""0\"", \""full_canonical_census_performed\"": \""false\"", \""fully_verified\"": \""false\"", \""has_reused_reference\"": \""false\"", \""reference_assurance\"": \""independent_current_content\"", \""reference_native_readback\"": \""false\"", \""reference_root_scope\"": \""none\"", \""scope\"": \""full current namespace/global inode/metadata/aliases; selected changed+witness bytes; unchanged file-state/extent/payload subgraph references certified, those current subgraph bytes not read\"", \""skipped_current_store_logical_bytes\"": \""0\"", \""skipped_current_store_regular_paths\"": \""0\"", \""verification_profile\"": \""fast-verify-v2\"", \""verification_status\"": \""fast_iteration_verified\""}"",""step"":1},{""coverage_sha256"":""e3b0c44298fc1c149afbf4c8996fb92427ae41e4649b934ca495991b7852b855"",""kind"":""fast-native-verification"",""receipt"":""absent_paths_verified=0\ncertificate_binding=e87596eb7b3e00d72d43d7737217fd3c06828017ce43aa2fe43dbcbf40882f2c\nchanged_paths_declared=3\ncovered_paths_sha256=e3b0c44298fc1c149afbf4c8996fb92427ae41e4649b934ca495991b7852b855\nfast_witness_profile=native-fast-witness-v2:first-middle-last-seeded-per-namespace-length-depth-class;declared-read-targets\nfully_verified=false\nlogical_bytes=1048576\nnative_namespace_paths_verified=186\nnative_namespace_type_source=DirEntry::file_type;platform-metadata-fallback-permitted;skipped-counts-describe-unperformed-checks-not-syscalls\nnative_namespace_types_verified=186\noracle_identity_encoding=structural-entry-recipes-v1\noracle_scope=independent-delta-and-witnesses;complete-native-namespace;certified-unchanged-content-roots-checked-by-host\nreference_assurance=independent_current_content\nselected_independent_oracle_identity=4f7161304dfe8986b7a6c3350c0b5850b5752d4cb8b4363afb4ed1437771b590\nselected_metadata_paths_verified=185\nselected_regular_bytes_verified=1048576\nselected_regular_paths_verified=50\nskipped_untouched_metadata_paths=1\nskipped_untouched_regular_bodies=0\nuncertified_regular_paths_checked=50\nverification_status=fast_iteration_verified\nwitness_paths_declared=143\n"",""step"":1}]}",,,,,,
directory_construction_traversal,directory-construct-10-compact-v2,PASS,2.806862750003347,f592c3ae20935d7623d465e8aacf22703c6861876d758117adba705110f2d0fc,446df40465ad55181b95112968f999534c7d6cb1a2f4d22b4014ecdda120b493,354a542cf92ab79fe1d671579cfe6e11bd291e1ec65c78b9b2a416a62f4ecd87,sha256:8e74a58284a6e8c22ac9cbf60231f69217c3cae31c231ef17b0afd81726b8249,verification/directory_construction_traversal/directory-construct-10-compact-v2/verification.json,"[""no exhaustive Phase 1 replay""]",[],"{""type"":""sampled-content"",""summary"":""changed data and selected unchanged witnesses; qualified roots"",""details"":[{""kind"":""fast-canonical-verification"",""receipt"":""{\""actual_read_logical_bytes\"": \""10485760\"", \""actual_read_regular_paths\"": \""500\"", \""authenticated_global_inodes\"": \""699\"", \""authenticated_namespace_paths\"": \""699\"", \""canonical_root\"": \""1ad390b9fe0b004ba98cffaed9713710564cfc8cd4b73f64f6dc3b8d1bfa3a12\"", \""certificate_binding\"": \""8fc7478797161773ff87b2dfe3de47e9d1d337ab8d264059639f91707111aae9\"", \""covered_regular_paths\"": \""0\"", \""full_canonical_census_performed\"": \""false\"", \""fully_verified\"": \""false\"", \""has_reused_reference\"": \""false\"", \""reference_assurance\"": \""independent_current_content\"", \""reference_native_readback\"": \""false\"", \""reference_root_scope\"": \""none\"", \""scope\"": \""full current namespace/global inode/metadata/aliases; selected changed+witness bytes; unchanged file-state/extent/payload subgraph references certified, those current subgraph bytes not read\"", \""skipped_current_store_logical_bytes\"": \""0\"", \""skipped_current_store_regular_paths\"": \""0\"", \""verification_profile\"": \""fast-verify-v2\"", \""verification_status\"": \""fast_iteration_verified\""}"",""step"":1},{""coverage_sha256"":""e3b0c44298fc1c149afbf4c8996fb92427ae41e4649b934ca495991b7852b855"",""kind"":""fast-native-verification"",""receipt"":""absent_paths_verified=0\ncertificate_binding=8fc7478797161773ff87b2dfe3de47e9d1d337ab8d264059639f91707111aae9\nchanged_paths_declared=57\ncovered_paths_sha256=e3b0c44298fc1c149afbf4c8996fb92427ae41e4649b934ca495991b7852b855\nfast_witness_profile=native-fast-witness-v2:first-middle-last-seeded-per-namespace-length-depth-class;declared-read-targets\nfully_verified=false\nlogical_bytes=10485760\nnative_namespace_paths_verified=699\nnative_namespace_type_source=DirEntry::file_type;platform-metadata-fallback-permitted;skipped-counts-describe-unperformed-checks-not-syscalls\nnative_namespace_types_verified=699\noracle_identity_encoding=structural-entry-recipes-v1\noracle_scope=independent-delta-and-witnesses;complete-native-namespace;certified-unchanged-content-roots-checked-by-host\nreference_assurance=independent_current_content\nselected_independent_oracle_identity=38bf499a33eca3596a8796cffbf345989b1c2f65256b47bac5c632fb851358c8\nselected_metadata_paths_verified=698\nselected_regular_bytes_verified=10485760\nselected_regular_paths_verified=500\nskipped_untouched_metadata_paths=1\nskipped_untouched_regular_bodies=0\nuncertified_regular_paths_checked=500\nverification_status=fast_iteration_verified\nwitness_paths_declared=158\n"",""step"":1}]}",,,,,,
directory_construction_traversal,directory-construct-100-mixed-v4,PASS,4.407854957986274,f592c3ae20935d7623d465e8aacf22703c6861876d758117adba705110f2d0fc,446df40465ad55181b95112968f999534c7d6cb1a2f4d22b4014ecdda120b493,34f2df3e381dc7aff48bef2435cf5663a836c31565d40d7710a3a61b9216fa2c,sha256:8e74a58284a6e8c22ac9cbf60231f69217c3cae31c231ef17b0afd81726b8249,verification/directory_construction_traversal/directory-construct-100-mixed-v4/verification.json,"[""no exhaustive Phase 1 replay"",""sampled Workspace proof: no exhaustive namespace, full-file bytes, object census, aliases, or failure injection""]","[""absent_paths="",""full_file_bytes_verified=false"",""full_namespace_verified=false"",""omissions=unselected paths, bytes beyond selected ranges, exhaustive inode/object/reference census, alias and failure injection semantics"",""sampled_paths=.\ndest\nwide\nwide/s000-f000.dat\nwide/s000-f001.dat\nregular/s000/f064.dat\nspine/d001/d002/d003/d004/d005/d006/d007/d008/d009/d010/d011/d012/d013/d014/d015/d016/d017/d018/d019/d020/d021/d022/d023/d024/d025/d026/d027/d028/d029/d030/d031/d032/d033/d034/d035/d036/d037/d038/d039/d040/d041/d042/d043/d044/d045/d046/d047/d048/d049/d050/d051/d052/d053/d054/d055/d056/d057/d058/d059/d060/d061/d062/d063/d064/d065/d066/d067/d068/d069/d070/d071/d072/d073/d074/d075/d076/d077/d078/d079/d080/d081/d082/d083/d084/d085/d086/d087/d088/d089/d090/d091/d092/d093/d094/d095/d096/d097/d098/d099/d100/d101/d102/d103/d104/d105/d106/d107/d108/d109/d110/d111/d112/d113/d114/d115/d116/d117/d118/d119/d120/d121/d122/d123/d124/d125/d126/d127/d128/s000.dat\nwide/s008-f000.dat\nwide/s008-f001.dat\nspine/d001/d002/d003/d004/d005/d006/d007/d008/d009/d010/d011/d012/d013/d014/d015/d016/d017/d018/d019/d020/d021/d022/d023/d024/d025/d026/d027/d028/d029/d030/d031/d032/d033/d034/d035/d036/d037/d038/d039/d040/d041/d042/d043/d044/d045/d046/d047/d048/d049/d050/d051/d052/d053/d054/d055/d056/d057/d058/d059/d060/d061/d062/d063/d064/d065/d066/d067/d068/d069/d070/d071/d072/d073/d074/d075/d076/d077/d078/d079/d080/d081/d082/d083/d084/d085/d086/d087/d088/d089/d090/d091/d092/d093/d094/d095/d096/d097/d098/d099/d100/d101/d102/d103/d104/d105/d106/d107/d108/d109/d110/d111/d112/d113/d114/d115/d116/d117/d118/d119/d120/d121/d122/d123/d124/d125/d126/d127/d128/s009.dat"",""sampled_ranges=wide/s000-f000.dat:0..65536\nwide/s000-f000.dat:26214400..26279936\nwide/s000-f000.dat:52363264..52428800\nwide/s000-f001.dat:0..4096\nregular/s000/f064.dat:0..4096\nspine/d001/d002/d003/d004/d005/d006/d007/d008/d009/d010/d011/d012/d013/d014/d015/d016/d017/d018/d019/d020/d021/d022/d023/d024/d025/d026/d027/d028/d029/d030/d031/d032/d033/d034/d035/d036/d037/d038/d039/d040/d041/d042/d043/d044/d045/d046/d047/d048/d049/d050/d051/d052/d053/d054/d055/d056/d057/d058/d059/d060/d061/d062/d063/d064/d065/d066/d067/d068/d069/d070/d071/d072/d073/d074/d075/d076/d077/d078/d079/d080/d081/d082/d083/d084/d085/d086/d087/d088/d089/d090/d091/d092/d093/d094/d095/d096/d097/d098/d099/d100/d101/d102/d103/d104/d105/d106/d107/d108/d109/d110/d111/d112/d113/d114/d115/d116/d117/d118/d119/d120/d121/d122/d123/d124/d125/d126/d127/d128/s000.dat:0..4096\nwide/s008-f000.dat:0..4096\nwide/s008-f001.dat:0..65536\nspine/d001/d002/d003/d004/d005/d006/d007/d008/d009/d010/d011/d012/d013/d014/d015/d016/d017/d018/d019/d020/d021/d022/d023/d024/d025/d026/d027/d028/d029/d030/d031/d032/d033/d034/d035/d036/d037/d038/d039/d040/d041/d042/d043/d044/d045/d046/d047/d048/d049/d050/d051/d052/d053/d054/d055/d056/d057/d058/d059/d060/d061/d062/d063/d064/d065/d066/d067/d068/d069/d070/d071/d072/d073/d074/d075/d076/d077/d078/d079/d080/d081/d082/d083/d084/d085/d086/d087/d088/d089/d090/d091/d092/d093/d094/d095/d096/d097/d098/d099/d100/d101/d102/d103/d104/d105/d106/d107/d108/d109/d110/d111/d112/d113/d114/d115/d116/d117/d118/d119/d120/d121/d122/d123/d124/d125/d126/d127/d128/s009.dat:0..65536""]","{""type"":""sampled-content"",""summary"":""changed data and selected unchanged witnesses; qualified roots"",""details"":[]}",,,,,,
directory_construction_traversal,directory-construct-500-mixed-v4,PASS,12.381380874998285,f592c3ae20935d7623d465e8aacf22703c6861876d758117adba705110f2d0fc,446df40465ad55181b95112968f999534c7d6cb1a2f4d22b4014ecdda120b493,60300a12821214dfa1984f496ac8ad92bdec76d9493cd805596082ffb04303d3,sha256:8e74a58284a6e8c22ac9cbf60231f69217c3cae31c231ef17b0afd81726b8249,verification/directory_construction_traversal/directory-construct-500-mixed-v4/verification.json,"[""no exhaustive Phase 1 replay"",""sampled Workspace proof: no exhaustive namespace, full-file bytes, object census, aliases, or failure injection""]","[""absent_paths="",""full_file_bytes_verified=false"",""full_namespace_verified=false"",""omissions=unselected paths, bytes beyond selected ranges, exhaustive inode/object/reference census, alias and failure injection semantics"",""sampled_paths=.\ndest\nwide\nwide/s000-f000.dat\nwide/s000-f001.dat\nwide/s000-f002.dat\nregular/s000/f064.dat\nspine/d001/d002/d003/d004/d005/d006/d007/d008/d009/d010/d011/d012/d013/d014/d015/d016/d017/d018/d019/d020/d021/d022/d023/d024/d025/d026/d027/d028/d029/d030/d031/d032/d033/d034/d035/d036/d037/d038/d039/d040/d041/d042/d043/d044/d045/d046/d047/d048/d049/d050/d051/d052/d053/d054/d055/d056/d057/d058/d059/d060/d061/d062/d063/d064/d065/d066/d067/d068/d069/d070/d071/d072/d073/d074/d075/d076/d077/d078/d079/d080/d081/d082/d083/d084/d085/d086/d087/d088/d089/d090/d091/d092/d093/d094/d095/d096/d097/d098/d099/d100/d101/d102/d103/d104/d105/d106/d107/d108/d109/d110/d111/d112/d113/d114/d115/d116/d117/d118/d119/d120/d121/d122/d123/d124/d125/d126/d127/d128/s000.dat\nwide/s020-f001.dat\nwide/s020-f002.dat\nspine/d001/d002/d003/d004/d005/d006/d007/d008/d009/d010/d011/d012/d013/d014/d015/d016/d017/d018/d019/d020/d021/d022/d023/d024/d025/d026/d027/d028/d029/d030/d031/d032/d033/d034/d035/d036/d037/d038/d039/d040/d041/d042/d043/d044/d045/d046/d047/d048/d049/d050/d051/d052/d053/d054/d055/d056/d057/d058/d059/d060/d061/d062/d063/d064/d065/d066/d067/d068/d069/d070/d071/d072/d073/d074/d075/d076/d077/d078/d079/d080/d081/d082/d083/d084/d085/d086/d087/d088/d089/d090/d091/d092/d093/d094/d095/d096/d097/d098/d099/d100/d101/d102/d103/d104/d105/d106/d107/d108/d109/d110/d111/d112/d113/d114/d115/d116/d117/d118/d119/d120/d121/d122/d123/d124/d125/d126/d127/d128/s024.dat"",""sampled_ranges=wide/s000-f000.dat:0..65536\nwide/s000-f000.dat:157286400..157351936\nwide/s000-f000.dat:314507264..314572800\nwide/s000-f001.dat:0..65536\nwide/s000-f001.dat:52428800..52494336\nwide/s000-f001.dat:104792064..104857600\nwide/s000-f002.dat:0..4096\nregular/s000/f064.dat:0..4096\nspine/d001/d002/d003/d004/d005/d006/d007/d008/d009/d010/d011/d012/d013/d014/d015/d016/d017/d018/d019/d020/d021/d022/d023/d024/d025/d026/d027/d028/d029/d030/d031/d032/d033/d034/d035/d036/d037/d038/d039/d040/d041/d042/d043/d044/d045/d046/d047/d048/d049/d050/d051/d052/d053/d054/d055/d056/d057/d058/d059/d060/d061/d062/d063/d064/d065/d066/d067/d068/d069/d070/d071/d072/d073/d074/d075/d076/d077/d078/d079/d080/d081/d082/d083/d084/d085/d086/d087/d088/d089/d090/d091/d092/d093/d094/d095/d096/d097/d098/d099/d100/d101/d102/d103/d104/d105/d106/d107/d108/d109/d110/d111/d112/d113/d114/d115/d116/d117/d118/d119/d120/d121/d122/d123/d124/d125/d126/d127/d128/s000.dat:0..4096\nwide/s020-f001.dat:0..4096\nwide/s020-f002.dat:0..65536\nspine/d001/d002/d003/d004/d005/d006/d007/d008/d009/d010/d011/d012/d013/d014/d015/d016/d017/d018/d019/d020/d021/d022/d023/d024/d025/d026/d027/d028/d029/d030/d031/d032/d033/d034/d035/d036/d037/d038/d039/d040/d041/d042/d043/d044/d045/d046/d047/d048/d049/d050/d051/d052/d053/d054/d055/d056/d057/d058/d059/d060/d061/d062/d063/d064/d065/d066/d067/d068/d069/d070/d071/d072/d073/d074/d075/d076/d077/d078/d079/d080/d081/d082/d083/d084/d085/d086/d087/d088/d089/d090/d091/d092/d093/d094/d095/d096/d097/d098/d099/d100/d101/d102/d103/d104/d105/d106/d107/d108/d109/d110/d111/d112/d113/d114/d115/d116/d117/d118/d119/d120/d121/d122/d123/d124/d125/d126/d127/d128/s024.dat:0..65536""]","{""type"":""sampled-content"",""summary"":""changed data and selected unchanged witnesses; qualified roots"",""details"":[]}",,,,,,
directory_construction_traversal,directory-metadata-scan-1-compact-v2,PASS,2.1718460000120103,f592c3ae20935d7623d465e8aacf22703c6861876d758117adba705110f2d0fc,446df40465ad55181b95112968f999534c7d6cb1a2f4d22b4014ecdda120b493,e5d92298e362f71c266993170501dacac7a728136cbfc524fcba34b8bae007c8,sha256:8e74a58284a6e8c22ac9cbf60231f69217c3cae31c231ef17b0afd81726b8249,verification/directory_construction_traversal/directory-metadata-scan-1-compact-v2/verification.json,"[""no exhaustive Phase 1 replay""]",[],"{""type"":""sampled-content"",""summary"":""changed data and selected unchanged witnesses; qualified roots"",""details"":[{""kind"":""fast-canonical-verification"",""receipt"":""{\""actual_read_logical_bytes\"": \""1048576\"", \""actual_read_regular_paths\"": \""50\"", \""authenticated_global_inodes\"": \""184\"", \""authenticated_namespace_paths\"": \""184\"", \""canonical_root\"": \""85708c36fdee746aea9be1437e53d96422f318ce9c3ed80d2814b2cf18e79db2\"", \""certificate_binding\"": \""18f9c08a339e41fa22d7e296263e3fe68a8102fb65d340596968685ff1bf8ae5\"", \""covered_regular_paths\"": \""0\"", \""full_canonical_census_performed\"": \""false\"", \""fully_verified\"": \""false\"", \""has_reused_reference\"": \""false\"", \""reference_assurance\"": \""independent_current_content\"", \""reference_native_readback\"": \""false\"", \""reference_root_scope\"": \""none\"", \""scope\"": \""full current namespace/global inode/metadata/aliases; selected changed+witness bytes; unchanged file-state/extent/payload subgraph references certified, those current subgraph bytes not read\"", \""skipped_current_store_logical_bytes\"": \""0\"", \""skipped_current_store_regular_paths\"": \""0\"", \""verification_profile\"": \""fast-verify-v2\"", \""verification_status\"": \""fast_iteration_verified\""}"",""step"":1},{""coverage_sha256"":""e3b0c44298fc1c149afbf4c8996fb92427ae41e4649b934ca495991b7852b855"",""kind"":""fast-native-verification"",""receipt"":""absent_paths_verified=0\ncertificate_binding=18f9c08a339e41fa22d7e296263e3fe68a8102fb65d340596968685ff1bf8ae5\nchanged_paths_declared=0\ncovered_paths_sha256=e3b0c44298fc1c149afbf4c8996fb92427ae41e4649b934ca495991b7852b855\nfast_witness_profile=native-fast-witness-v2:first-middle-last-seeded-per-namespace-length-depth-class;declared-read-targets\nfully_verified=false\nlogical_bytes=1048576\nnative_namespace_paths_verified=184\nnative_namespace_type_source=DirEntry::file_type;platform-metadata-fallback-permitted;skipped-counts-describe-unperformed-checks-not-syscalls\nnative_namespace_types_verified=184\noracle_identity_encoding=structural-entry-recipes-v1\noracle_scope=independent-delta-and-witnesses;complete-native-namespace;certified-unchanged-content-roots-checked-by-host\nreference_assurance=independent_current_content\nselected_independent_oracle_identity=a4c72aafdb52e6f519781738a15fe8a60ec14350e5a698048f232d55e5af6188\nselected_metadata_paths_verified=183\nselected_regular_bytes_verified=1048576\nselected_regular_paths_verified=50\nskipped_untouched_metadata_paths=1\nskipped_untouched_regular_bodies=0\nuncertified_regular_paths_checked=50\nverification_status=fast_iteration_verified\nwitness_paths_declared=144\n"",""step"":1}]}",,,,,,
directory_construction_traversal,directory-metadata-scan-10-compact-v2,PASS,2.8906948329968145,f592c3ae20935d7623d465e8aacf22703c6861876d758117adba705110f2d0fc,446df40465ad55181b95112968f999534c7d6cb1a2f4d22b4014ecdda120b493,47c6dd505721626016534c7ab87bb59bba1eda56e384174e3f9935317a40a104,sha256:8e74a58284a6e8c22ac9cbf60231f69217c3cae31c231ef17b0afd81726b8249,verification/directory_construction_traversal/directory-metadata-scan-10-compact-v2/verification.json,"[""no exhaustive Phase 1 replay""]",[],"{""type"":""sampled-content"",""summary"":""changed data and selected unchanged witnesses; qualified roots"",""details"":[{""kind"":""fast-canonical-verification"",""receipt"":""{\""actual_read_logical_bytes\"": \""10485760\"", \""actual_read_regular_paths\"": \""500\"", \""authenticated_global_inodes\"": \""643\"", \""authenticated_namespace_paths\"": \""643\"", \""canonical_root\"": \""a09ba2e5db7ad035506fdce2534d908422fe2f63632410e71c71acf48cc10d39\"", \""certificate_binding\"": \""853204c27f95b75fd3a5ae8a2194a4a6bb02844fe6ceeb535a8fb627c4bb2da0\"", \""covered_regular_paths\"": \""0\"", \""full_canonical_census_performed\"": \""false\"", \""fully_verified\"": \""false\"", \""has_reused_reference\"": \""false\"", \""reference_assurance\"": \""independent_current_content\"", \""reference_native_readback\"": \""false\"", \""reference_root_scope\"": \""none\"", \""scope\"": \""full current namespace/global inode/metadata/aliases; selected changed+witness bytes; unchanged file-state/extent/payload subgraph references certified, those current subgraph bytes not read\"", \""skipped_current_store_logical_bytes\"": \""0\"", \""skipped_current_store_regular_paths\"": \""0\"", \""verification_profile\"": \""fast-verify-v2\"", \""verification_status\"": \""fast_iteration_verified\""}"",""step"":1},{""coverage_sha256"":""e3b0c44298fc1c149afbf4c8996fb92427ae41e4649b934ca495991b7852b855"",""kind"":""fast-native-verification"",""receipt"":""absent_paths_verified=0\ncertificate_binding=853204c27f95b75fd3a5ae8a2194a4a6bb02844fe6ceeb535a8fb627c4bb2da0\nchanged_paths_declared=0\ncovered_paths_sha256=e3b0c44298fc1c149afbf4c8996fb92427ae41e4649b934ca495991b7852b855\nfast_witness_profile=native-fast-witness-v2:first-middle-last-seeded-per-namespace-length-depth-class;declared-read-targets\nfully_verified=false\nlogical_bytes=10485760\nnative_namespace_paths_verified=643\nnative_namespace_type_source=DirEntry::file_type;platform-metadata-fallback-permitted;skipped-counts-describe-unperformed-checks-not-syscalls\nnative_namespace_types_verified=643\noracle_identity_encoding=structural-entry-recipes-v1\noracle_scope=independent-delta-and-witnesses;complete-native-namespace;certified-unchanged-content-roots-checked-by-host\nreference_assurance=independent_current_content\nselected_independent_oracle_identity=05bbfd03a9acbf42bc8b589e347b0d9564d92a535924707e984440914caa1571\nselected_metadata_paths_verified=642\nselected_regular_bytes_verified=10485760\nselected_regular_paths_verified=500\nskipped_untouched_metadata_paths=1\nskipped_untouched_regular_bodies=0\nuncertified_regular_paths_checked=500\nverification_status=fast_iteration_verified\nwitness_paths_declared=156\n"",""step"":1}]}",,,,,,
directory_construction_traversal,directory-metadata-scan-100-mixed-v4,PASS,4.262733458002913,f592c3ae20935d7623d465e8aacf22703c6861876d758117adba705110f2d0fc,446df40465ad55181b95112968f999534c7d6cb1a2f4d22b4014ecdda120b493,5dd5365a24624628667e4952c2656a958378e785b2386e0ab4895cba0dd33007,sha256:8e74a58284a6e8c22ac9cbf60231f69217c3cae31c231ef17b0afd81726b8249,verification/directory_construction_traversal/directory-metadata-scan-100-mixed-v4/verification.json,"[""no exhaustive Phase 1 replay"",""sampled Workspace proof: no exhaustive namespace, full-file bytes, object census, aliases, or failure injection""]","[""absent_paths="",""full_file_bytes_verified=false"",""full_namespace_verified=false"",""omissions=unselected paths, bytes beyond selected ranges, exhaustive inode/object/reference census, alias and failure injection semantics"",""sampled_paths=.\ndest\nwide\nwide/s000-f000.dat\nwide/s000-f001.dat\nregular/s000/f064.dat\nspine/d001/d002/d003/d004/d005/d006/d007/d008/d009/d010/d011/d012/d013/d014/d015/d016/d017/d018/d019/d020/d021/d022/d023/d024/d025/d026/d027/d028/d029/d030/d031/d032/d033/d034/d035/d036/d037/d038/d039/d040/d041/d042/d043/d044/d045/d046/d047/d048/d049/d050/d051/d052/d053/d054/d055/d056/d057/d058/d059/d060/d061/d062/d063/d064/d065/d066/d067/d068/d069/d070/d071/d072/d073/d074/d075/d076/d077/d078/d079/d080/d081/d082/d083/d084/d085/d086/d087/d088/d089/d090/d091/d092/d093/d094/d095/d096/d097/d098/d099/d100/d101/d102/d103/d104/d105/d106/d107/d108/d109/d110/d111/d112/d113/d114/d115/d116/d117/d118/d119/d120/d121/d122/d123/d124/d125/d126/d127/d128/s000.dat\nwide/s008-f000.dat\nwide/s008-f001.dat\nspine/d001/d002/d003/d004/d005/d006/d007/d008/d009/d010/d011/d012/d013/d014/d015/d016/d017/d018/d019/d020/d021/d022/d023/d024/d025/d026/d027/d028/d029/d030/d031/d032/d033/d034/d035/d036/d037/d038/d039/d040/d041/d042/d043/d044/d045/d046/d047/d048/d049/d050/d051/d052/d053/d054/d055/d056/d057/d058/d059/d060/d061/d062/d063/d064/d065/d066/d067/d068/d069/d070/d071/d072/d073/d074/d075/d076/d077/d078/d079/d080/d081/d082/d083/d084/d085/d086/d087/d088/d089/d090/d091/d092/d093/d094/d095/d096/d097/d098/d099/d100/d101/d102/d103/d104/d105/d106/d107/d108/d109/d110/d111/d112/d113/d114/d115/d116/d117/d118/d119/d120/d121/d122/d123/d124/d125/d126/d127/d128/s009.dat"",""sampled_ranges=wide/s000-f000.dat:0..65536\nwide/s000-f000.dat:26214400..26279936\nwide/s000-f000.dat:52363264..52428800\nwide/s000-f001.dat:0..4096\nregular/s000/f064.dat:0..4096\nspine/d001/d002/d003/d004/d005/d006/d007/d008/d009/d010/d011/d012/d013/d014/d015/d016/d017/d018/d019/d020/d021/d022/d023/d024/d025/d026/d027/d028/d029/d030/d031/d032/d033/d034/d035/d036/d037/d038/d039/d040/d041/d042/d043/d044/d045/d046/d047/d048/d049/d050/d051/d052/d053/d054/d055/d056/d057/d058/d059/d060/d061/d062/d063/d064/d065/d066/d067/d068/d069/d070/d071/d072/d073/d074/d075/d076/d077/d078/d079/d080/d081/d082/d083/d084/d085/d086/d087/d088/d089/d090/d091/d092/d093/d094/d095/d096/d097/d098/d099/d100/d101/d102/d103/d104/d105/d106/d107/d108/d109/d110/d111/d112/d113/d114/d115/d116/d117/d118/d119/d120/d121/d122/d123/d124/d125/d126/d127/d128/s000.dat:0..4096\nwide/s008-f000.dat:0..4096\nwide/s008-f001.dat:0..65536\nspine/d001/d002/d003/d004/d005/d006/d007/d008/d009/d010/d011/d012/d013/d014/d015/d016/d017/d018/d019/d020/d021/d022/d023/d024/d025/d026/d027/d028/d029/d030/d031/d032/d033/d034/d035/d036/d037/d038/d039/d040/d041/d042/d043/d044/d045/d046/d047/d048/d049/d050/d051/d052/d053/d054/d055/d056/d057/d058/d059/d060/d061/d062/d063/d064/d065/d066/d067/d068/d069/d070/d071/d072/d073/d074/d075/d076/d077/d078/d079/d080/d081/d082/d083/d084/d085/d086/d087/d088/d089/d090/d091/d092/d093/d094/d095/d096/d097/d098/d099/d100/d101/d102/d103/d104/d105/d106/d107/d108/d109/d110/d111/d112/d113/d114/d115/d116/d117/d118/d119/d120/d121/d122/d123/d124/d125/d126/d127/d128/s009.dat:0..65536""]","{""type"":""sampled-content"",""summary"":""changed data and selected unchanged witnesses; qualified roots"",""details"":[]}",,,,,,
directory_construction_traversal,directory-metadata-scan-500-mixed-v4,PASS,11.782383249999839,f592c3ae20935d7623d465e8aacf22703c6861876d758117adba705110f2d0fc,446df40465ad55181b95112968f999534c7d6cb1a2f4d22b4014ecdda120b493,5b470201816c70fab10713418b5bb84a0e62efe7b5c10a806e2112552db37ce6,sha256:8e74a58284a6e8c22ac9cbf60231f69217c3cae31c231ef17b0afd81726b8249,verification/directory_construction_traversal/directory-metadata-scan-500-mixed-v4/verification.json,"[""no exhaustive Phase 1 replay"",""sampled Workspace proof: no exhaustive namespace, full-file bytes, object census, aliases, or failure injection""]","[""absent_paths="",""full_file_bytes_verified=false"",""full_namespace_verified=false"",""omissions=unselected paths, bytes beyond selected ranges, exhaustive inode/object/reference census, alias and failure injection semantics"",""sampled_paths=.\ndest\nwide\nwide/s000-f000.dat\nwide/s000-f001.dat\nwide/s000-f002.dat\nregular/s000/f064.dat\nspine/d001/d002/d003/d004/d005/d006/d007/d008/d009/d010/d011/d012/d013/d014/d015/d016/d017/d018/d019/d020/d021/d022/d023/d024/d025/d026/d027/d028/d029/d030/d031/d032/d033/d034/d035/d036/d037/d038/d039/d040/d041/d042/d043/d044/d045/d046/d047/d048/d049/d050/d051/d052/d053/d054/d055/d056/d057/d058/d059/d060/d061/d062/d063/d064/d065/d066/d067/d068/d069/d070/d071/d072/d073/d074/d075/d076/d077/d078/d079/d080/d081/d082/d083/d084/d085/d086/d087/d088/d089/d090/d091/d092/d093/d094/d095/d096/d097/d098/d099/d100/d101/d102/d103/d104/d105/d106/d107/d108/d109/d110/d111/d112/d113/d114/d115/d116/d117/d118/d119/d120/d121/d122/d123/d124/d125/d126/d127/d128/s000.dat\nwide/s020-f001.dat\nwide/s020-f002.dat\nspine/d001/d002/d003/d004/d005/d006/d007/d008/d009/d010/d011/d012/d013/d014/d015/d016/d017/d018/d019/d020/d021/d022/d023/d024/d025/d026/d027/d028/d029/d030/d031/d032/d033/d034/d035/d036/d037/d038/d039/d040/d041/d042/d043/d044/d045/d046/d047/d048/d049/d050/d051/d052/d053/d054/d055/d056/d057/d058/d059/d060/d061/d062/d063/d064/d065/d066/d067/d068/d069/d070/d071/d072/d073/d074/d075/d076/d077/d078/d079/d080/d081/d082/d083/d084/d085/d086/d087/d088/d089/d090/d091/d092/d093/d094/d095/d096/d097/d098/d099/d100/d101/d102/d103/d104/d105/d106/d107/d108/d109/d110/d111/d112/d113/d114/d115/d116/d117/d118/d119/d120/d121/d122/d123/d124/d125/d126/d127/d128/s024.dat"",""sampled_ranges=wide/s000-f000.dat:0..65536\nwide/s000-f000.dat:157286400..157351936\nwide/s000-f000.dat:314507264..314572800\nwide/s000-f001.dat:0..65536\nwide/s000-f001.dat:52428800..52494336\nwide/s000-f001.dat:104792064..104857600\nwide/s000-f002.dat:0..4096\nregular/s000/f064.dat:0..4096\nspine/d001/d002/d003/d004/d005/d006/d007/d008/d009/d010/d011/d012/d013/d014/d015/d016/d017/d018/d019/d020/d021/d022/d023/d024/d025/d026/d027/d028/d029/d030/d031/d032/d033/d034/d035/d036/d037/d038/d039/d040/d041/d042/d043/d044/d045/d046/d047/d048/d049/d050/d051/d052/d053/d054/d055/d056/d057/d058/d059/d060/d061/d062/d063/d064/d065/d066/d067/d068/d069/d070/d071/d072/d073/d074/d075/d076/d077/d078/d079/d080/d081/d082/d083/d084/d085/d086/d087/d088/d089/d090/d091/d092/d093/d094/d095/d096/d097/d098/d099/d100/d101/d102/d103/d104/d105/d106/d107/d108/d109/d110/d111/d112/d113/d114/d115/d116/d117/d118/d119/d120/d121/d122/d123/d124/d125/d126/d127/d128/s000.dat:0..4096\nwide/s020-f001.dat:0..4096\nwide/s020-f002.dat:0..65536\nspine/d001/d002/d003/d004/d005/d006/d007/d008/d009/d010/d011/d012/d013/d014/d015/d016/d017/d018/d019/d020/d021/d022/d023/d024/d025/d026/d027/d028/d029/d030/d031/d032/d033/d034/d035/d036/d037/d038/d039/d040/d041/d042/d043/d044/d045/d046/d047/d048/d049/d050/d051/d052/d053/d054/d055/d056/d057/d058/d059/d060/d061/d062/d063/d064/d065/d066/d067/d068/d069/d070/d071/d072/d073/d074/d075/d076/d077/d078/d079/d080/d081/d082/d083/d084/d085/d086/d087/d088/d089/d090/d091/d092/d093/d094/d095/d096/d097/d098/d099/d100/d101/d102/d103/d104/d105/d106/d107/d108/d109/d110/d111/d112/d113/d114/d115/d116/d117/d118/d119/d120/d121/d122/d123/d124/d125/d126/d127/d128/s024.dat:0..65536""]","{""type"":""sampled-content"",""summary"":""changed data and selected unchanged witnesses; qualified roots"",""details"":[]}",,,,,,
directory_construction_traversal,directory-content-scan-1-compact-v2,PASS,1.812671332998434,f592c3ae20935d7623d465e8aacf22703c6861876d758117adba705110f2d0fc,446df40465ad55181b95112968f999534c7d6cb1a2f4d22b4014ecdda120b493,1bce65f6ecbdb66510219bc415b28d7a4947582cc3ca512559e153b89e937ffd,sha256:8e74a58284a6e8c22ac9cbf60231f69217c3cae31c231ef17b0afd81726b8249,verification/directory_construction_traversal/directory-content-scan-1-compact-v2/verification.json,"[""no exhaustive Phase 1 replay""]",[],"{""type"":""sampled-content"",""summary"":""changed data and selected unchanged witnesses; qualified roots"",""details"":[{""kind"":""fast-canonical-verification"",""receipt"":""{\""actual_read_logical_bytes\"": \""1048576\"", \""actual_read_regular_paths\"": \""50\"", \""authenticated_global_inodes\"": \""184\"", \""authenticated_namespace_paths\"": \""184\"", \""canonical_root\"": \""85708c36fdee746aea9be1437e53d96422f318ce9c3ed80d2814b2cf18e79db2\"", \""certificate_binding\"": \""d16f0c5c35046b8083a2d57a9276ea1f5a6060605aba73ecc6aa496ede785bae\"", \""covered_regular_paths\"": \""0\"", \""full_canonical_census_performed\"": \""false\"", \""fully_verified\"": \""false\"", \""has_reused_reference\"": \""false\"", \""reference_assurance\"": \""independent_current_content\"", \""reference_native_readback\"": \""false\"", \""reference_root_scope\"": \""none\"", \""scope\"": \""full current namespace/global inode/metadata/aliases; selected changed+witness bytes; unchanged file-state/extent/payload subgraph references certified, those current subgraph bytes not read\"", \""skipped_current_store_logical_bytes\"": \""0\"", \""skipped_current_store_regular_paths\"": \""0\"", \""verification_profile\"": \""fast-verify-v2\"", \""verification_status\"": \""fast_iteration_verified\""}"",""step"":1},{""coverage_sha256"":""e3b0c44298fc1c149afbf4c8996fb92427ae41e4649b934ca495991b7852b855"",""kind"":""fast-native-verification"",""receipt"":""absent_paths_verified=0\ncertificate_binding=d16f0c5c35046b8083a2d57a9276ea1f5a6060605aba73ecc6aa496ede785bae\nchanged_paths_declared=0\ncovered_paths_sha256=e3b0c44298fc1c149afbf4c8996fb92427ae41e4649b934ca495991b7852b855\nfast_witness_profile=native-fast-witness-v2:first-middle-last-seeded-per-namespace-length-depth-class;declared-read-targets\nfully_verified=false\nlogical_bytes=1048576\nnative_namespace_paths_verified=184\nnative_namespace_type_source=DirEntry::file_type;platform-metadata-fallback-permitted;skipped-counts-describe-unperformed-checks-not-syscalls\nnative_namespace_types_verified=184\noracle_identity_encoding=structural-entry-recipes-v1\noracle_scope=independent-delta-and-witnesses;complete-native-namespace;certified-unchanged-content-roots-checked-by-host\nreference_assurance=independent_current_content\nselected_independent_oracle_identity=a4c72aafdb52e6f519781738a15fe8a60ec14350e5a698048f232d55e5af6188\nselected_metadata_paths_verified=183\nselected_regular_bytes_verified=1048576\nselected_regular_paths_verified=50\nskipped_untouched_metadata_paths=1\nskipped_untouched_regular_bodies=0\nuncertified_regular_paths_checked=50\nverification_status=fast_iteration_verified\nwitness_paths_declared=144\n"",""step"":1}]}",,,,,,
directory_construction_traversal,directory-content-scan-10-compact-v2,PASS,2.687661541000125,f592c3ae20935d7623d465e8aacf22703c6861876d758117adba705110f2d0fc,446df40465ad55181b95112968f999534c7d6cb1a2f4d22b4014ecdda120b493,13fed21a52ce89d34c950015b7dd0093001fc1ba85cd725898841525ffe41c97,sha256:8e74a58284a6e8c22ac9cbf60231f69217c3cae31c231ef17b0afd81726b8249,verification/directory_construction_traversal/directory-content-scan-10-compact-v2/verification.json,"[""no exhaustive Phase 1 replay""]",[],"{""type"":""sampled-content"",""summary"":""changed data and selected unchanged witnesses; qualified roots"",""details"":[{""kind"":""fast-canonical-verification"",""receipt"":""{\""actual_read_logical_bytes\"": \""10485760\"", \""actual_read_regular_paths\"": \""500\"", \""authenticated_global_inodes\"": \""643\"", \""authenticated_namespace_paths\"": \""643\"", \""canonical_root\"": \""a09ba2e5db7ad035506fdce2534d908422fe2f63632410e71c71acf48cc10d39\"", \""certificate_binding\"": \""a1e7c0b94f87fc9ec285dae781dd7593d25a08649e0ab3238f95cb44dbd33201\"", \""covered_regular_paths\"": \""0\"", \""full_canonical_census_performed\"": \""false\"", \""fully_verified\"": \""false\"", \""has_reused_reference\"": \""false\"", \""reference_assurance\"": \""independent_current_content\"", \""reference_native_readback\"": \""false\"", \""reference_root_scope\"": \""none\"", \""scope\"": \""full current namespace/global inode/metadata/aliases; selected changed+witness bytes; unchanged file-state/extent/payload subgraph references certified, those current subgraph bytes not read\"", \""skipped_current_store_logical_bytes\"": \""0\"", \""skipped_current_store_regular_paths\"": \""0\"", \""verification_profile\"": \""fast-verify-v2\"", \""verification_status\"": \""fast_iteration_verified\""}"",""step"":1},{""coverage_sha256"":""e3b0c44298fc1c149afbf4c8996fb92427ae41e4649b934ca495991b7852b855"",""kind"":""fast-native-verification"",""receipt"":""absent_paths_verified=0\ncertificate_binding=a1e7c0b94f87fc9ec285dae781dd7593d25a08649e0ab3238f95cb44dbd33201\nchanged_paths_declared=0\ncovered_paths_sha256=e3b0c44298fc1c149afbf4c8996fb92427ae41e4649b934ca495991b7852b855\nfast_witness_profile=native-fast-witness-v2:first-middle-last-seeded-per-namespace-length-depth-class;declared-read-targets\nfully_verified=false\nlogical_bytes=10485760\nnative_namespace_paths_verified=643\nnative_namespace_type_source=DirEntry::file_type;platform-metadata-fallback-permitted;skipped-counts-describe-unperformed-checks-not-syscalls\nnative_namespace_types_verified=643\noracle_identity_encoding=structural-entry-recipes-v1\noracle_scope=independent-delta-and-witnesses;complete-native-namespace;certified-unchanged-content-roots-checked-by-host\nreference_assurance=independent_current_content\nselected_independent_oracle_identity=05bbfd03a9acbf42bc8b589e347b0d9564d92a535924707e984440914caa1571\nselected_metadata_paths_verified=642\nselected_regular_bytes_verified=10485760\nselected_regular_paths_verified=500\nskipped_untouched_metadata_paths=1\nskipped_untouched_regular_bodies=0\nuncertified_regular_paths_checked=500\nverification_status=fast_iteration_verified\nwitness_paths_declared=158\n"",""step"":1}]}",,,,,,
directory_construction_traversal,directory-content-scan-100-mixed-v4,PASS,3.5046589999983553,f592c3ae20935d7623d465e8aacf22703c6861876d758117adba705110f2d0fc,446df40465ad55181b95112968f999534c7d6cb1a2f4d22b4014ecdda120b493,9dc3655a9e6cefdb32c461173d78c5f55d105102fa73223578feadc26e5e2462,sha256:8e74a58284a6e8c22ac9cbf60231f69217c3cae31c231ef17b0afd81726b8249,verification/directory_construction_traversal/directory-content-scan-100-mixed-v4/verification.json,"[""no exhaustive Phase 1 replay"",""sampled Workspace proof: no exhaustive namespace, full-file bytes, object census, aliases, or failure injection""]","[""absent_paths="",""full_file_bytes_verified=false"",""full_namespace_verified=false"",""omissions=unselected paths, bytes beyond selected ranges, exhaustive inode/object/reference census, alias and failure injection semantics"",""sampled_paths=.\ndest\nwide\nwide/s000-f000.dat\nwide/s000-f001.dat\nregular/s000/f064.dat\nspine/d001/d002/d003/d004/d005/d006/d007/d008/d009/d010/d011/d012/d013/d014/d015/d016/d017/d018/d019/d020/d021/d022/d023/d024/d025/d026/d027/d028/d029/d030/d031/d032/d033/d034/d035/d036/d037/d038/d039/d040/d041/d042/d043/d044/d045/d046/d047/d048/d049/d050/d051/d052/d053/d054/d055/d056/d057/d058/d059/d060/d061/d062/d063/d064/d065/d066/d067/d068/d069/d070/d071/d072/d073/d074/d075/d076/d077/d078/d079/d080/d081/d082/d083/d084/d085/d086/d087/d088/d089/d090/d091/d092/d093/d094/d095/d096/d097/d098/d099/d100/d101/d102/d103/d104/d105/d106/d107/d108/d109/d110/d111/d112/d113/d114/d115/d116/d117/d118/d119/d120/d121/d122/d123/d124/d125/d126/d127/d128/s000.dat\nwide/s008-f000.dat\nwide/s008-f001.dat\nspine/d001/d002/d003/d004/d005/d006/d007/d008/d009/d010/d011/d012/d013/d014/d015/d016/d017/d018/d019/d020/d021/d022/d023/d024/d025/d026/d027/d028/d029/d030/d031/d032/d033/d034/d035/d036/d037/d038/d039/d040/d041/d042/d043/d044/d045/d046/d047/d048/d049/d050/d051/d052/d053/d054/d055/d056/d057/d058/d059/d060/d061/d062/d063/d064/d065/d066/d067/d068/d069/d070/d071/d072/d073/d074/d075/d076/d077/d078/d079/d080/d081/d082/d083/d084/d085/d086/d087/d088/d089/d090/d091/d092/d093/d094/d095/d096/d097/d098/d099/d100/d101/d102/d103/d104/d105/d106/d107/d108/d109/d110/d111/d112/d113/d114/d115/d116/d117/d118/d119/d120/d121/d122/d123/d124/d125/d126/d127/d128/s009.dat"",""sampled_ranges=wide/s000-f000.dat:0..65536\nwide/s000-f000.dat:26214400..26279936\nwide/s000-f000.dat:52363264..52428800\nwide/s000-f001.dat:0..4096\nregular/s000/f064.dat:0..4096\nspine/d001/d002/d003/d004/d005/d006/d007/d008/d009/d010/d011/d012/d013/d014/d015/d016/d017/d018/d019/d020/d021/d022/d023/d024/d025/d026/d027/d028/d029/d030/d031/d032/d033/d034/d035/d036/d037/d038/d039/d040/d041/d042/d043/d044/d045/d046/d047/d048/d049/d050/d051/d052/d053/d054/d055/d056/d057/d058/d059/d060/d061/d062/d063/d064/d065/d066/d067/d068/d069/d070/d071/d072/d073/d074/d075/d076/d077/d078/d079/d080/d081/d082/d083/d084/d085/d086/d087/d088/d089/d090/d091/d092/d093/d094/d095/d096/d097/d098/d099/d100/d101/d102/d103/d104/d105/d106/d107/d108/d109/d110/d111/d112/d113/d114/d115/d116/d117/d118/d119/d120/d121/d122/d123/d124/d125/d126/d127/d128/s000.dat:0..4096\nwide/s008-f000.dat:0..4096\nwide/s008-f001.dat:0..65536\nspine/d001/d002/d003/d004/d005/d006/d007/d008/d009/d010/d011/d012/d013/d014/d015/d016/d017/d018/d019/d020/d021/d022/d023/d024/d025/d026/d027/d028/d029/d030/d031/d032/d033/d034/d035/d036/d037/d038/d039/d040/d041/d042/d043/d044/d045/d046/d047/d048/d049/d050/d051/d052/d053/d054/d055/d056/d057/d058/d059/d060/d061/d062/d063/d064/d065/d066/d067/d068/d069/d070/d071/d072/d073/d074/d075/d076/d077/d078/d079/d080/d081/d082/d083/d084/d085/d086/d087/d088/d089/d090/d091/d092/d093/d094/d095/d096/d097/d098/d099/d100/d101/d102/d103/d104/d105/d106/d107/d108/d109/d110/d111/d112/d113/d114/d115/d116/d117/d118/d119/d120/d121/d122/d123/d124/d125/d126/d127/d128/s009.dat:0..65536""]","{""type"":""sampled-content"",""summary"":""changed data and selected unchanged witnesses; qualified roots"",""details"":[]}",,,,,,
directory_construction_traversal,directory-content-scan-500-mixed-v4,PASS,8.787645582997357,f592c3ae20935d7623d465e8aacf22703c6861876d758117adba705110f2d0fc,446df40465ad55181b95112968f999534c7d6cb1a2f4d22b4014ecdda120b493,1ef06bb35047bac524a03eb8907cffd403e768f57e26c1a338f45aaed01376ac,sha256:8e74a58284a6e8c22ac9cbf60231f69217c3cae31c231ef17b0afd81726b8249,verification/directory_construction_traversal/directory-content-scan-500-mixed-v4/verification.json,"[""no exhaustive Phase 1 replay"",""sampled Workspace proof: no exhaustive namespace, full-file bytes, object census, aliases, or failure injection""]","[""absent_paths="",""full_file_bytes_verified=false"",""full_namespace_verified=false"",""omissions=unselected paths, bytes beyond selected ranges, exhaustive inode/object/reference census, alias and failure injection semantics"",""sampled_paths=.\ndest\nwide\nwide/s000-f000.dat\nwide/s000-f001.dat\nwide/s000-f002.dat\nregular/s000/f064.dat\nspine/d001/d002/d003/d004/d005/d006/d007/d008/d009/d010/d011/d012/d013/d014/d015/d016/d017/d018/d019/d020/d021/d022/d023/d024/d025/d026/d027/d028/d029/d030/d031/d032/d033/d034/d035/d036/d037/d038/d039/d040/d041/d042/d043/d044/d045/d046/d047/d048/d049/d050/d051/d052/d053/d054/d055/d056/d057/d058/d059/d060/d061/d062/d063/d064/d065/d066/d067/d068/d069/d070/d071/d072/d073/d074/d075/d076/d077/d078/d079/d080/d081/d082/d083/d084/d085/d086/d087/d088/d089/d090/d091/d092/d093/d094/d095/d096/d097/d098/d099/d100/d101/d102/d103/d104/d105/d106/d107/d108/d109/d110/d111/d112/d113/d114/d115/d116/d117/d118/d119/d120/d121/d122/d123/d124/d125/d126/d127/d128/s000.dat\nwide/s020-f001.dat\nwide/s020-f002.dat\nspine/d001/d002/d003/d004/d005/d006/d007/d008/d009/d010/d011/d012/d013/d014/d015/d016/d017/d018/d019/d020/d021/d022/d023/d024/d025/d026/d027/d028/d029/d030/d031/d032/d033/d034/d035/d036/d037/d038/d039/d040/d041/d042/d043/d044/d045/d046/d047/d048/d049/d050/d051/d052/d053/d054/d055/d056/d057/d058/d059/d060/d061/d062/d063/d064/d065/d066/d067/d068/d069/d070/d071/d072/d073/d074/d075/d076/d077/d078/d079/d080/d081/d082/d083/d084/d085/d086/d087/d088/d089/d090/d091/d092/d093/d094/d095/d096/d097/d098/d099/d100/d101/d102/d103/d104/d105/d106/d107/d108/d109/d110/d111/d112/d113/d114/d115/d116/d117/d118/d119/d120/d121/d122/d123/d124/d125/d126/d127/d128/s024.dat"",""sampled_ranges=wide/s000-f000.dat:0..65536\nwide/s000-f000.dat:157286400..157351936\nwide/s000-f000.dat:314507264..314572800\nwide/s000-f001.dat:0..65536\nwide/s000-f001.dat:52428800..52494336\nwide/s000-f001.dat:104792064..104857600\nwide/s000-f002.dat:0..4096\nregular/s000/f064.dat:0..4096\nspine/d001/d002/d003/d004/d005/d006/d007/d008/d009/d010/d011/d012/d013/d014/d015/d016/d017/d018/d019/d020/d021/d022/d023/d024/d025/d026/d027/d028/d029/d030/d031/d032/d033/d034/d035/d036/d037/d038/d039/d040/d041/d042/d043/d044/d045/d046/d047/d048/d049/d050/d051/d052/d053/d054/d055/d056/d057/d058/d059/d060/d061/d062/d063/d064/d065/d066/d067/d068/d069/d070/d071/d072/d073/d074/d075/d076/d077/d078/d079/d080/d081/d082/d083/d084/d085/d086/d087/d088/d089/d090/d091/d092/d093/d094/d095/d096/d097/d098/d099/d100/d101/d102/d103/d104/d105/d106/d107/d108/d109/d110/d111/d112/d113/d114/d115/d116/d117/d118/d119/d120/d121/d122/d123/d124/d125/d126/d127/d128/s000.dat:0..4096\nwide/s020-f001.dat:0..4096\nwide/s020-f002.dat:0..65536\nspine/d001/d002/d003/d004/d005/d006/d007/d008/d009/d010/d011/d012/d013/d014/d015/d016/d017/d018/d019/d020/d021/d022/d023/d024/d025/d026/d027/d028/d029/d030/d031/d032/d033/d034/d035/d036/d037/d038/d039/d040/d041/d042/d043/d044/d045/d046/d047/d048/d049/d050/d051/d052/d053/d054/d055/d056/d057/d058/d059/d060/d061/d062/d063/d064/d065/d066/d067/d068/d069/d070/d071/d072/d073/d074/d075/d076/d077/d078/d079/d080/d081/d082/d083/d084/d085/d086/d087/d088/d089/d090/d091/d092/d093/d094/d095/d096/d097/d098/d099/d100/d101/d102/d103/d104/d105/d106/d107/d108/d109/d110/d111/d112/d113/d114/d115/d116/d117/d118/d119/d120/d121/d122/d123/d124/d125/d126/d127/d128/s024.dat:0..65536""]","{""type"":""sampled-content"",""summary"":""changed data and selected unchanged witnesses; qualified roots"",""details"":[]}",,,,,,
workspace_change_locality,workspace-clean-commit-1-compact-v2,PASS,1.8640412090026075,f592c3ae20935d7623d465e8aacf22703c6861876d758117adba705110f2d0fc,446df40465ad55181b95112968f999534c7d6cb1a2f4d22b4014ecdda120b493,b96e1866dbb63922497384c22c24122c4de6048716cffd810214fd72609e65d2,sha256:8e74a58284a6e8c22ac9cbf60231f69217c3cae31c231ef17b0afd81726b8249,verification/workspace_change_locality/workspace-clean-commit-1-compact-v2/verification.json,"[""no exhaustive Phase 1 replay""]",[],"{""type"":""sampled-content"",""summary"":""changed data and selected unchanged witnesses; qualified roots"",""details"":[{""kind"":""fast-canonical-verification"",""receipt"":""{\""actual_read_logical_bytes\"": \""1048576\"", \""actual_read_regular_paths\"": \""50\"", \""authenticated_global_inodes\"": \""184\"", \""authenticated_namespace_paths\"": \""184\"", \""canonical_root\"": \""85708c36fdee746aea9be1437e53d96422f318ce9c3ed80d2814b2cf18e79db2\"", \""certificate_binding\"": \""3880e3472353d64e6d04802e214990f13bad99b7afdacce84d7cfa85f75e4934\"", \""covered_regular_paths\"": \""0\"", \""full_canonical_census_performed\"": \""false\"", \""fully_verified\"": \""false\"", \""has_reused_reference\"": \""false\"", \""reference_assurance\"": \""independent_current_content\"", \""reference_native_readback\"": \""false\"", \""reference_root_scope\"": \""none\"", \""scope\"": \""full current namespace/global inode/metadata/aliases; selected changed+witness bytes; unchanged file-state/extent/payload subgraph references certified, those current subgraph bytes not read\"", \""skipped_current_store_logical_bytes\"": \""0\"", \""skipped_current_store_regular_paths\"": \""0\"", \""verification_profile\"": \""fast-verify-v2\"", \""verification_status\"": \""fast_iteration_verified\""}"",""step"":1},{""coverage_sha256"":""e3b0c44298fc1c149afbf4c8996fb92427ae41e4649b934ca495991b7852b855"",""kind"":""fast-native-verification"",""receipt"":""absent_paths_verified=0\ncertificate_binding=3880e3472353d64e6d04802e214990f13bad99b7afdacce84d7cfa85f75e4934\nchanged_paths_declared=0\ncovered_paths_sha256=e3b0c44298fc1c149afbf4c8996fb92427ae41e4649b934ca495991b7852b855\nfast_witness_profile=native-fast-witness-v2:first-middle-last-seeded-per-namespace-length-depth-class;declared-read-targets\nfully_verified=false\nlogical_bytes=1048576\nnative_namespace_paths_verified=184\nnative_namespace_type_source=DirEntry::file_type;platform-metadata-fallback-permitted;skipped-counts-describe-unperformed-checks-not-syscalls\nnative_namespace_types_verified=184\noracle_identity_encoding=structural-entry-recipes-v1\noracle_scope=independent-delta-and-witnesses;complete-native-namespace;certified-unchanged-content-roots-checked-by-host\nreference_assurance=independent_current_content\nselected_independent_oracle_identity=a4c72aafdb52e6f519781738a15fe8a60ec14350e5a698048f232d55e5af6188\nselected_metadata_paths_verified=183\nselected_regular_bytes_verified=1048576\nselected_regular_paths_verified=50\nskipped_untouched_metadata_paths=1\nskipped_untouched_regular_bodies=0\nuncertified_regular_paths_checked=50\nverification_status=fast_iteration_verified\nwitness_paths_declared=144\n"",""step"":1}]}",,,,,,
workspace_change_locality,workspace-clean-commit-10-compact-v2,PASS,2.3233794169937028,f592c3ae20935d7623d465e8aacf22703c6861876d758117adba705110f2d0fc,446df40465ad55181b95112968f999534c7d6cb1a2f4d22b4014ecdda120b493,f5bcea264c8491a2e94ddcf2b2c18013e57acdd7dd66b7303da6ba39f061f7df,sha256:8e74a58284a6e8c22ac9cbf60231f69217c3cae31c231ef17b0afd81726b8249,verification/workspace_change_locality/workspace-clean-commit-10-compact-v2/verification.json,"[""no exhaustive Phase 1 replay""]",[],"{""type"":""sampled-content"",""summary"":""changed data and selected unchanged witnesses; qualified roots"",""details"":[{""kind"":""fast-canonical-verification"",""receipt"":""{\""actual_read_logical_bytes\"": \""10485760\"", \""actual_read_regular_paths\"": \""500\"", \""authenticated_global_inodes\"": \""643\"", \""authenticated_namespace_paths\"": \""643\"", \""canonical_root\"": \""a09ba2e5db7ad035506fdce2534d908422fe2f63632410e71c71acf48cc10d39\"", \""certificate_binding\"": \""7d56cbc96e428873fbf0294b1a48a5c5ea47227692e68d628cc31449120904c1\"", \""covered_regular_paths\"": \""0\"", \""full_canonical_census_performed\"": \""false\"", \""fully_verified\"": \""false\"", \""has_reused_reference\"": \""false\"", \""reference_assurance\"": \""independent_current_content\"", \""reference_native_readback\"": \""false\"", \""reference_root_scope\"": \""none\"", \""scope\"": \""full current namespace/global inode/metadata/aliases; selected changed+witness bytes; unchanged file-state/extent/payload subgraph references certified, those current subgraph bytes not read\"", \""skipped_current_store_logical_bytes\"": \""0\"", \""skipped_current_store_regular_paths\"": \""0\"", \""verification_profile\"": \""fast-verify-v2\"", \""verification_status\"": \""fast_iteration_verified\""}"",""step"":1},{""coverage_sha256"":""e3b0c44298fc1c149afbf4c8996fb92427ae41e4649b934ca495991b7852b855"",""kind"":""fast-native-verification"",""receipt"":""absent_paths_verified=0\ncertificate_binding=7d56cbc96e428873fbf0294b1a48a5c5ea47227692e68d628cc31449120904c1\nchanged_paths_declared=0\ncovered_paths_sha256=e3b0c44298fc1c149afbf4c8996fb92427ae41e4649b934ca495991b7852b855\nfast_witness_profile=native-fast-witness-v2:first-middle-last-seeded-per-namespace-length-depth-class;declared-read-targets\nfully_verified=false\nlogical_bytes=10485760\nnative_namespace_paths_verified=643\nnative_namespace_type_source=DirEntry::file_type;platform-metadata-fallback-permitted;skipped-counts-describe-unperformed-checks-not-syscalls\nnative_namespace_types_verified=643\noracle_identity_encoding=structural-entry-recipes-v1\noracle_scope=independent-delta-and-witnesses;complete-native-namespace;certified-unchanged-content-roots-checked-by-host\nreference_assurance=independent_current_content\nselected_independent_oracle_identity=05bbfd03a9acbf42bc8b589e347b0d9564d92a535924707e984440914caa1571\nselected_metadata_paths_verified=642\nselected_regular_bytes_verified=10485760\nselected_regular_paths_verified=500\nskipped_untouched_metadata_paths=1\nskipped_untouched_regular_bodies=0\nuncertified_regular_paths_checked=500\nverification_status=fast_iteration_verified\nwitness_paths_declared=158\n"",""step"":1}]}",,,,,,
workspace_change_locality,workspace-clean-commit-100-mixed-v4,PASS,2.28293924999889,f592c3ae20935d7623d465e8aacf22703c6861876d758117adba705110f2d0fc,446df40465ad55181b95112968f999534c7d6cb1a2f4d22b4014ecdda120b493,6ef8cc72d8fbad7af19e29790f1ee19d347c3a1a59813bf43836cd486311c90d,sha256:8e74a58284a6e8c22ac9cbf60231f69217c3cae31c231ef17b0afd81726b8249,verification/workspace_change_locality/workspace-clean-commit-100-mixed-v4/verification.json,"[""no exhaustive Phase 1 replay"",""sampled Workspace proof: no exhaustive namespace, full-file bytes, object census, aliases, or failure injection""]","[""absent_paths="",""full_file_bytes_verified=false"",""full_namespace_verified=false"",""omissions=unselected paths, bytes beyond selected ranges, exhaustive inode/object/reference census, alias and failure injection semantics"",""sampled_paths=.\ndest\nwide\nwide/s000-f000.dat\nwide/s000-f001.dat\nregular/s000/f064.dat\nspine/d001/d002/d003/d004/d005/d006/d007/d008/d009/d010/d011/d012/d013/d014/d015/d016/d017/d018/d019/d020/d021/d022/d023/d024/d025/d026/d027/d028/d029/d030/d031/d032/d033/d034/d035/d036/d037/d038/d039/d040/d041/d042/d043/d044/d045/d046/d047/d048/d049/d050/d051/d052/d053/d054/d055/d056/d057/d058/d059/d060/d061/d062/d063/d064/d065/d066/d067/d068/d069/d070/d071/d072/d073/d074/d075/d076/d077/d078/d079/d080/d081/d082/d083/d084/d085/d086/d087/d088/d089/d090/d091/d092/d093/d094/d095/d096/d097/d098/d099/d100/d101/d102/d103/d104/d105/d106/d107/d108/d109/d110/d111/d112/d113/d114/d115/d116/d117/d118/d119/d120/d121/d122/d123/d124/d125/d126/d127/d128/s000.dat\nwide/s008-f000.dat\nwide/s008-f001.dat\nspine/d001/d002/d003/d004/d005/d006/d007/d008/d009/d010/d011/d012/d013/d014/d015/d016/d017/d018/d019/d020/d021/d022/d023/d024/d025/d026/d027/d028/d029/d030/d031/d032/d033/d034/d035/d036/d037/d038/d039/d040/d041/d042/d043/d044/d045/d046/d047/d048/d049/d050/d051/d052/d053/d054/d055/d056/d057/d058/d059/d060/d061/d062/d063/d064/d065/d066/d067/d068/d069/d070/d071/d072/d073/d074/d075/d076/d077/d078/d079/d080/d081/d082/d083/d084/d085/d086/d087/d088/d089/d090/d091/d092/d093/d094/d095/d096/d097/d098/d099/d100/d101/d102/d103/d104/d105/d106/d107/d108/d109/d110/d111/d112/d113/d114/d115/d116/d117/d118/d119/d120/d121/d122/d123/d124/d125/d126/d127/d128/s009.dat"",""sampled_ranges=wide/s000-f000.dat:0..65536\nwide/s000-f000.dat:26214400..26279936\nwide/s000-f000.dat:52363264..52428800\nwide/s000-f001.dat:0..4096\nregular/s000/f064.dat:0..4096\nspine/d001/d002/d003/d004/d005/d006/d007/d008/d009/d010/d011/d012/d013/d014/d015/d016/d017/d018/d019/d020/d021/d022/d023/d024/d025/d026/d027/d028/d029/d030/d031/d032/d033/d034/d035/d036/d037/d038/d039/d040/d041/d042/d043/d044/d045/d046/d047/d048/d049/d050/d051/d052/d053/d054/d055/d056/d057/d058/d059/d060/d061/d062/d063/d064/d065/d066/d067/d068/d069/d070/d071/d072/d073/d074/d075/d076/d077/d078/d079/d080/d081/d082/d083/d084/d085/d086/d087/d088/d089/d090/d091/d092/d093/d094/d095/d096/d097/d098/d099/d100/d101/d102/d103/d104/d105/d106/d107/d108/d109/d110/d111/d112/d113/d114/d115/d116/d117/d118/d119/d120/d121/d122/d123/d124/d125/d126/d127/d128/s000.dat:0..4096\nwide/s008-f000.dat:0..4096\nwide/s008-f001.dat:0..65536\nspine/d001/d002/d003/d004/d005/d006/d007/d008/d009/d010/d011/d012/d013/d014/d015/d016/d017/d018/d019/d020/d021/d022/d023/d024/d025/d026/d027/d028/d029/d030/d031/d032/d033/d034/d035/d036/d037/d038/d039/d040/d041/d042/d043/d044/d045/d046/d047/d048/d049/d050/d051/d052/d053/d054/d055/d056/d057/d058/d059/d060/d061/d062/d063/d064/d065/d066/d067/d068/d069/d070/d071/d072/d073/d074/d075/d076/d077/d078/d079/d080/d081/d082/d083/d084/d085/d086/d087/d088/d089/d090/d091/d092/d093/d094/d095/d096/d097/d098/d099/d100/d101/d102/d103/d104/d105/d106/d107/d108/d109/d110/d111/d112/d113/d114/d115/d116/d117/d118/d119/d120/d121/d122/d123/d124/d125/d126/d127/d128/s009.dat:0..65536""]","{""type"":""sampled-content"",""summary"":""changed data and selected unchanged witnesses; qualified roots"",""details"":[]}",,,,,,
workspace_change_locality,workspace-clean-commit-500-mixed-v4,PASS,4.038838083986775,f592c3ae20935d7623d465e8aacf22703c6861876d758117adba705110f2d0fc,446df40465ad55181b95112968f999534c7d6cb1a2f4d22b4014ecdda120b493,354e1d30e9a6a2975d953e8f0fd281b9a6be2d81a0571b01e2a8af3f4f1b8a4d,sha256:8e74a58284a6e8c22ac9cbf60231f69217c3cae31c231ef17b0afd81726b8249,verification/workspace_change_locality/workspace-clean-commit-500-mixed-v4/verification.json,"[""no exhaustive Phase 1 replay"",""sampled Workspace proof: no exhaustive namespace, full-file bytes, object census, aliases, or failure injection""]","[""absent_paths="",""full_file_bytes_verified=false"",""full_namespace_verified=false"",""omissions=unselected paths, bytes beyond selected ranges, exhaustive inode/object/reference census, alias and failure injection semantics"",""sampled_paths=.\ndest\nwide\nwide/s000-f000.dat\nwide/s000-f001.dat\nwide/s000-f002.dat\nregular/s000/f064.dat\nspine/d001/d002/d003/d004/d005/d006/d007/d008/d009/d010/d011/d012/d013/d014/d015/d016/d017/d018/d019/d020/d021/d022/d023/d024/d025/d026/d027/d028/d029/d030/d031/d032/d033/d034/d035/d036/d037/d038/d039/d040/d041/d042/d043/d044/d045/d046/d047/d048/d049/d050/d051/d052/d053/d054/d055/d056/d057/d058/d059/d060/d061/d062/d063/d064/d065/d066/d067/d068/d069/d070/d071/d072/d073/d074/d075/d076/d077/d078/d079/d080/d081/d082/d083/d084/d085/d086/d087/d088/d089/d090/d091/d092/d093/d094/d095/d096/d097/d098/d099/d100/d101/d102/d103/d104/d105/d106/d107/d108/d109/d110/d111/d112/d113/d114/d115/d116/d117/d118/d119/d120/d121/d122/d123/d124/d125/d126/d127/d128/s000.dat\nwide/s020-f001.dat\nwide/s020-f002.dat\nspine/d001/d002/d003/d004/d005/d006/d007/d008/d009/d010/d011/d012/d013/d014/d015/d016/d017/d018/d019/d020/d021/d022/d023/d024/d025/d026/d027/d028/d029/d030/d031/d032/d033/d034/d035/d036/d037/d038/d039/d040/d041/d042/d043/d044/d045/d046/d047/d048/d049/d050/d051/d052/d053/d054/d055/d056/d057/d058/d059/d060/d061/d062/d063/d064/d065/d066/d067/d068/d069/d070/d071/d072/d073/d074/d075/d076/d077/d078/d079/d080/d081/d082/d083/d084/d085/d086/d087/d088/d089/d090/d091/d092/d093/d094/d095/d096/d097/d098/d099/d100/d101/d102/d103/d104/d105/d106/d107/d108/d109/d110/d111/d112/d113/d114/d115/d116/d117/d118/d119/d120/d121/d122/d123/d124/d125/d126/d127/d128/s024.dat"",""sampled_ranges=wide/s000-f000.dat:0..65536\nwide/s000-f000.dat:157286400..157351936\nwide/s000-f000.dat:314507264..314572800\nwide/s000-f001.dat:0..65536\nwide/s000-f001.dat:52428800..52494336\nwide/s000-f001.dat:104792064..104857600\nwide/s000-f002.dat:0..4096\nregular/s000/f064.dat:0..4096\nspine/d001/d002/d003/d004/d005/d006/d007/d008/d009/d010/d011/d012/d013/d014/d015/d016/d017/d018/d019/d020/d021/d022/d023/d024/d025/d026/d027/d028/d029/d030/d031/d032/d033/d034/d035/d036/d037/d038/d039/d040/d041/d042/d043/d044/d045/d046/d047/d048/d049/d050/d051/d052/d053/d054/d055/d056/d057/d058/d059/d060/d061/d062/d063/d064/d065/d066/d067/d068/d069/d070/d071/d072/d073/d074/d075/d076/d077/d078/d079/d080/d081/d082/d083/d084/d085/d086/d087/d088/d089/d090/d091/d092/d093/d094/d095/d096/d097/d098/d099/d100/d101/d102/d103/d104/d105/d106/d107/d108/d109/d110/d111/d112/d113/d114/d115/d116/d117/d118/d119/d120/d121/d122/d123/d124/d125/d126/d127/d128/s000.dat:0..4096\nwide/s020-f001.dat:0..4096\nwide/s020-f002.dat:0..65536\nspine/d001/d002/d003/d004/d005/d006/d007/d008/d009/d010/d011/d012/d013/d014/d015/d016/d017/d018/d019/d020/d021/d022/d023/d024/d025/d026/d027/d028/d029/d030/d031/d032/d033/d034/d035/d036/d037/d038/d039/d040/d041/d042/d043/d044/d045/d046/d047/d048/d049/d050/d051/d052/d053/d054/d055/d056/d057/d058/d059/d060/d061/d062/d063/d064/d065/d066/d067/d068/d069/d070/d071/d072/d073/d074/d075/d076/d077/d078/d079/d080/d081/d082/d083/d084/d085/d086/d087/d088/d089/d090/d091/d092/d093/d094/d095/d096/d097/d098/d099/d100/d101/d102/d103/d104/d105/d106/d107/d108/d109/d110/d111/d112/d113/d114/d115/d116/d117/d118/d119/d120/d121/d122/d123/d124/d125/d126/d127/d128/s024.dat:0..65536""]","{""type"":""sampled-content"",""summary"":""changed data and selected unchanged witnesses; qualified roots"",""details"":[]}",,,,,,
workspace_change_locality,workspace-fixed-move-1-compact-v2,PASS,1.9129476250091102,f592c3ae20935d7623d465e8aacf22703c6861876d758117adba705110f2d0fc,446df40465ad55181b95112968f999534c7d6cb1a2f4d22b4014ecdda120b493,bc7db705476dbc2bff15b367fa193fc065a506cfd18272ca4fd2d3b01107289e,sha256:8e74a58284a6e8c22ac9cbf60231f69217c3cae31c231ef17b0afd81726b8249,verification/workspace_change_locality/workspace-fixed-move-1-compact-v2/verification.json,"[""no exhaustive Phase 1 replay""]",[],"{""type"":""sampled-content"",""summary"":""changed data and selected unchanged witnesses; qualified roots"",""details"":[{""kind"":""fast-canonical-verification"",""receipt"":""{\""actual_read_logical_bytes\"": \""1048576\"", \""actual_read_regular_paths\"": \""50\"", \""authenticated_global_inodes\"": \""184\"", \""authenticated_namespace_paths\"": \""184\"", \""canonical_root\"": \""0488f3b065bb68f6a02cc5f69a86b317ffb7623a32b8619eee773f7113105c59\"", \""certificate_binding\"": \""87e429de085597b816c7fb2cfe242261f6e5023022b3ab3ade30c4c93b90d36b\"", \""covered_regular_paths\"": \""0\"", \""full_canonical_census_performed\"": \""false\"", \""fully_verified\"": \""false\"", \""has_reused_reference\"": \""false\"", \""reference_assurance\"": \""independent_current_content\"", \""reference_native_readback\"": \""false\"", \""reference_root_scope\"": \""none\"", \""scope\"": \""full current namespace/global inode/metadata/aliases; selected changed+witness bytes; unchanged file-state/extent/payload subgraph references certified, those current subgraph bytes not read\"", \""skipped_current_store_logical_bytes\"": \""0\"", \""skipped_current_store_regular_paths\"": \""0\"", \""verification_profile\"": \""fast-verify-v2\"", \""verification_status\"": \""fast_iteration_verified\""}"",""step"":1},{""coverage_sha256"":""e3b0c44298fc1c149afbf4c8996fb92427ae41e4649b934ca495991b7852b855"",""kind"":""fast-native-verification"",""receipt"":""absent_paths_verified=1\ncertificate_binding=87e429de085597b816c7fb2cfe242261f6e5023022b3ab3ade30c4c93b90d36b\nchanged_paths_declared=5\ncovered_paths_sha256=e3b0c44298fc1c149afbf4c8996fb92427ae41e4649b934ca495991b7852b855\nfast_witness_profile=native-fast-witness-v2:first-middle-last-seeded-per-namespace-length-depth-class;declared-read-targets\nfully_verified=false\nlogical_bytes=1048576\nnative_namespace_paths_verified=184\nnative_namespace_type_source=DirEntry::file_type;platform-metadata-fallback-permitted;skipped-counts-describe-unperformed-checks-not-syscalls\nnative_namespace_types_verified=184\noracle_identity_encoding=structural-entry-recipes-v1\noracle_scope=independent-delta-and-witnesses;complete-native-namespace;certified-unchanged-content-roots-checked-by-host\nreference_assurance=independent_current_content\nselected_independent_oracle_identity=4f971398012f72583726554d7e309755291848c9e83f5ff0ec5f8cd0bd62f774\nselected_metadata_paths_verified=184\nselected_regular_bytes_verified=1048576\nselected_regular_paths_verified=50\nskipped_untouched_metadata_paths=0\nskipped_untouched_regular_bodies=0\nuncertified_regular_paths_checked=50\nverification_status=fast_iteration_verified\nwitness_paths_declared=143\n"",""step"":1}]}",,,,,,
workspace_change_locality,workspace-fixed-move-10-compact-v2,PASS,2.318935584000428,f592c3ae20935d7623d465e8aacf22703c6861876d758117adba705110f2d0fc,446df40465ad55181b95112968f999534c7d6cb1a2f4d22b4014ecdda120b493,692fe8ab2d8b78a7101f0cc0ac43ab1b830ae6b531a7db4ddd03c7c3cd34290c,sha256:8e74a58284a6e8c22ac9cbf60231f69217c3cae31c231ef17b0afd81726b8249,verification/workspace_change_locality/workspace-fixed-move-10-compact-v2/verification.json,"[""no exhaustive Phase 1 replay""]",[],"{""type"":""sampled-content"",""summary"":""changed data and selected unchanged witnesses; qualified roots"",""details"":[{""kind"":""fast-canonical-verification"",""receipt"":""{\""actual_read_logical_bytes\"": \""10485760\"", \""actual_read_regular_paths\"": \""500\"", \""authenticated_global_inodes\"": \""643\"", \""authenticated_namespace_paths\"": \""643\"", \""canonical_root\"": \""ff537b21991bbc21872371f555bd41d4a46bf63564b57c32290b748db94f07a2\"", \""certificate_binding\"": \""89e5d9e8a3e48414d3d5ae4c74ff068c9cd2193cb00321a1faea275dec09415f\"", \""covered_regular_paths\"": \""0\"", \""full_canonical_census_performed\"": \""false\"", \""fully_verified\"": \""false\"", \""has_reused_reference\"": \""false\"", \""reference_assurance\"": \""independent_current_content\"", \""reference_native_readback\"": \""false\"", \""reference_root_scope\"": \""none\"", \""scope\"": \""full current namespace/global inode/metadata/aliases; selected changed+witness bytes; unchanged file-state/extent/payload subgraph references certified, those current subgraph bytes not read\"", \""skipped_current_store_logical_bytes\"": \""0\"", \""skipped_current_store_regular_paths\"": \""0\"", \""verification_profile\"": \""fast-verify-v2\"", \""verification_status\"": \""fast_iteration_verified\""}"",""step"":1},{""coverage_sha256"":""e3b0c44298fc1c149afbf4c8996fb92427ae41e4649b934ca495991b7852b855"",""kind"":""fast-native-verification"",""receipt"":""absent_paths_verified=1\ncertificate_binding=89e5d9e8a3e48414d3d5ae4c74ff068c9cd2193cb00321a1faea275dec09415f\nchanged_paths_declared=5\ncovered_paths_sha256=e3b0c44298fc1c149afbf4c8996fb92427ae41e4649b934ca495991b7852b855\nfast_witness_profile=native-fast-witness-v2:first-middle-last-seeded-per-namespace-length-depth-class;declared-read-targets\nfully_verified=false\nlogical_bytes=10485760\nnative_namespace_paths_verified=643\nnative_namespace_type_source=DirEntry::file_type;platform-metadata-fallback-permitted;skipped-counts-describe-unperformed-checks-not-syscalls\nnative_namespace_types_verified=643\noracle_identity_encoding=structural-entry-recipes-v1\noracle_scope=independent-delta-and-witnesses;complete-native-namespace;certified-unchanged-content-roots-checked-by-host\nreference_assurance=independent_current_content\nselected_independent_oracle_identity=46d6ac0d3013397bb02984e80b8d28624542406ad1d7536fc2c89630fd15603a\nselected_metadata_paths_verified=643\nselected_regular_bytes_verified=10485760\nselected_regular_paths_verified=500\nskipped_untouched_metadata_paths=0\nskipped_untouched_regular_bodies=0\nuncertified_regular_paths_checked=500\nverification_status=fast_iteration_verified\nwitness_paths_declared=155\n"",""step"":1}]}",,,,,,
workspace_change_locality,workspace-fixed-move-100-mixed-v4,PASS,2.216246042007697,f592c3ae20935d7623d465e8aacf22703c6861876d758117adba705110f2d0fc,446df40465ad55181b95112968f999534c7d6cb1a2f4d22b4014ecdda120b493,d8da398ab470994a9b893b3d6ee4303e5abe5949f8df0880725427a6de53cf61,sha256:8e74a58284a6e8c22ac9cbf60231f69217c3cae31c231ef17b0afd81726b8249,verification/workspace_change_locality/workspace-fixed-move-100-mixed-v4/verification.json,"[""no exhaustive Phase 1 replay"",""sampled Workspace proof: no exhaustive namespace, full-file bytes, object census, aliases, or failure injection""]","[""absent_paths=regular/s000/f064.dat"",""full_file_bytes_verified=false"",""full_namespace_verified=false"",""omissions=unselected paths, bytes beyond selected ranges, exhaustive inode/object/reference census, alias and failure injection semantics"",""sampled_paths=.\ndest\nwide\nwide/s000-f000.dat\nwide/s000-f001.dat\ndest/moved.dat\nspine/d001/d002/d003/d004/d005/d006/d007/d008/d009/d010/d011/d012/d013/d014/d015/d016/d017/d018/d019/d020/d021/d022/d023/d024/d025/d026/d027/d028/d029/d030/d031/d032/d033/d034/d035/d036/d037/d038/d039/d040/d041/d042/d043/d044/d045/d046/d047/d048/d049/d050/d051/d052/d053/d054/d055/d056/d057/d058/d059/d060/d061/d062/d063/d064/d065/d066/d067/d068/d069/d070/d071/d072/d073/d074/d075/d076/d077/d078/d079/d080/d081/d082/d083/d084/d085/d086/d087/d088/d089/d090/d091/d092/d093/d094/d095/d096/d097/d098/d099/d100/d101/d102/d103/d104/d105/d106/d107/d108/d109/d110/d111/d112/d113/d114/d115/d116/d117/d118/d119/d120/d121/d122/d123/d124/d125/d126/d127/d128/s000.dat\nwide/s008-f000.dat\nwide/s008-f001.dat\nspine/d001/d002/d003/d004/d005/d006/d007/d008/d009/d010/d011/d012/d013/d014/d015/d016/d017/d018/d019/d020/d021/d022/d023/d024/d025/d026/d027/d028/d029/d030/d031/d032/d033/d034/d035/d036/d037/d038/d039/d040/d041/d042/d043/d044/d045/d046/d047/d048/d049/d050/d051/d052/d053/d054/d055/d056/d057/d058/d059/d060/d061/d062/d063/d064/d065/d066/d067/d068/d069/d070/d071/d072/d073/d074/d075/d076/d077/d078/d079/d080/d081/d082/d083/d084/d085/d086/d087/d088/d089/d090/d091/d092/d093/d094/d095/d096/d097/d098/d099/d100/d101/d102/d103/d104/d105/d106/d107/d108/d109/d110/d111/d112/d113/d114/d115/d116/d117/d118/d119/d120/d121/d122/d123/d124/d125/d126/d127/d128/s009.dat"",""sampled_ranges=wide/s000-f000.dat:0..65536\nwide/s000-f000.dat:26214400..26279936\nwide/s000-f000.dat:52363264..52428800\nwide/s000-f001.dat:0..4096\ndest/moved.dat:0..4096\nspine/d001/d002/d003/d004/d005/d006/d007/d008/d009/d010/d011/d012/d013/d014/d015/d016/d017/d018/d019/d020/d021/d022/d023/d024/d025/d026/d027/d028/d029/d030/d031/d032/d033/d034/d035/d036/d037/d038/d039/d040/d041/d042/d043/d044/d045/d046/d047/d048/d049/d050/d051/d052/d053/d054/d055/d056/d057/d058/d059/d060/d061/d062/d063/d064/d065/d066/d067/d068/d069/d070/d071/d072/d073/d074/d075/d076/d077/d078/d079/d080/d081/d082/d083/d084/d085/d086/d087/d088/d089/d090/d091/d092/d093/d094/d095/d096/d097/d098/d099/d100/d101/d102/d103/d104/d105/d106/d107/d108/d109/d110/d111/d112/d113/d114/d115/d116/d117/d118/d119/d120/d121/d122/d123/d124/d125/d126/d127/d128/s000.dat:0..4096\nwide/s008-f000.dat:0..4096\nwide/s008-f001.dat:0..65536\nspine/d001/d002/d003/d004/d005/d006/d007/d008/d009/d010/d011/d012/d013/d014/d015/d016/d017/d018/d019/d020/d021/d022/d023/d024/d025/d026/d027/d028/d029/d030/d031/d032/d033/d034/d035/d036/d037/d038/d039/d040/d041/d042/d043/d044/d045/d046/d047/d048/d049/d050/d051/d052/d053/d054/d055/d056/d057/d058/d059/d060/d061/d062/d063/d064/d065/d066/d067/d068/d069/d070/d071/d072/d073/d074/d075/d076/d077/d078/d079/d080/d081/d082/d083/d084/d085/d086/d087/d088/d089/d090/d091/d092/d093/d094/d095/d096/d097/d098/d099/d100/d101/d102/d103/d104/d105/d106/d107/d108/d109/d110/d111/d112/d113/d114/d115/d116/d117/d118/d119/d120/d121/d122/d123/d124/d125/d126/d127/d128/s009.dat:0..65536""]","{""type"":""sampled-content"",""summary"":""changed data and selected unchanged witnesses; qualified roots"",""details"":[]}",,,,,,
workspace_change_locality,workspace-fixed-move-500-mixed-v4,PASS,4.073624915996334,f592c3ae20935d7623d465e8aacf22703c6861876d758117adba705110f2d0fc,446df40465ad55181b95112968f999534c7d6cb1a2f4d22b4014ecdda120b493,c8763e56cb0895c32173ee1e396cc591b438aa39afe12f8dba623cf4758dd692,sha256:8e74a58284a6e8c22ac9cbf60231f69217c3cae31c231ef17b0afd81726b8249,verification/workspace_change_locality/workspace-fixed-move-500-mixed-v4/verification.json,"[""no exhaustive Phase 1 replay"",""sampled Workspace proof: no exhaustive namespace, full-file bytes, object census, aliases, or failure injection""]","[""absent_paths=regular/s000/f064.dat"",""full_file_bytes_verified=false"",""full_namespace_verified=false"",""omissions=unselected paths, bytes beyond selected ranges, exhaustive inode/object/reference census, alias and failure injection semantics"",""sampled_paths=.\ndest\nwide\nwide/s000-f000.dat\nwide/s000-f001.dat\nwide/s000-f002.dat\ndest/moved.dat\nspine/d001/d002/d003/d004/d005/d006/d007/d008/d009/d010/d011/d012/d013/d014/d015/d016/d017/d018/d019/d020/d021/d022/d023/d024/d025/d026/d027/d028/d029/d030/d031/d032/d033/d034/d035/d036/d037/d038/d039/d040/d041/d042/d043/d044/d045/d046/d047/d048/d049/d050/d051/d052/d053/d054/d055/d056/d057/d058/d059/d060/d061/d062/d063/d064/d065/d066/d067/d068/d069/d070/d071/d072/d073/d074/d075/d076/d077/d078/d079/d080/d081/d082/d083/d084/d085/d086/d087/d088/d089/d090/d091/d092/d093/d094/d095/d096/d097/d098/d099/d100/d101/d102/d103/d104/d105/d106/d107/d108/d109/d110/d111/d112/d113/d114/d115/d116/d117/d118/d119/d120/d121/d122/d123/d124/d125/d126/d127/d128/s000.dat\nwide/s020-f001.dat\nwide/s020-f002.dat\nspine/d001/d002/d003/d004/d005/d006/d007/d008/d009/d010/d011/d012/d013/d014/d015/d016/d017/d018/d019/d020/d021/d022/d023/d024/d025/d026/d027/d028/d029/d030/d031/d032/d033/d034/d035/d036/d037/d038/d039/d040/d041/d042/d043/d044/d045/d046/d047/d048/d049/d050/d051/d052/d053/d054/d055/d056/d057/d058/d059/d060/d061/d062/d063/d064/d065/d066/d067/d068/d069/d070/d071/d072/d073/d074/d075/d076/d077/d078/d079/d080/d081/d082/d083/d084/d085/d086/d087/d088/d089/d090/d091/d092/d093/d094/d095/d096/d097/d098/d099/d100/d101/d102/d103/d104/d105/d106/d107/d108/d109/d110/d111/d112/d113/d114/d115/d116/d117/d118/d119/d120/d121/d122/d123/d124/d125/d126/d127/d128/s024.dat"",""sampled_ranges=wide/s000-f000.dat:0..65536\nwide/s000-f000.dat:157286400..157351936\nwide/s000-f000.dat:314507264..314572800\nwide/s000-f001.dat:0..65536\nwide/s000-f001.dat:52428800..52494336\nwide/s000-f001.dat:104792064..104857600\nwide/s000-f002.dat:0..4096\ndest/moved.dat:0..4096\nspine/d001/d002/d003/d004/d005/d006/d007/d008/d009/d010/d011/d012/d013/d014/d015/d016/d017/d018/d019/d020/d021/d022/d023/d024/d025/d026/d027/d028/d029/d030/d031/d032/d033/d034/d035/d036/d037/d038/d039/d040/d041/d042/d043/d044/d045/d046/d047/d048/d049/d050/d051/d052/d053/d054/d055/d056/d057/d058/d059/d060/d061/d062/d063/d064/d065/d066/d067/d068/d069/d070/d071/d072/d073/d074/d075/d076/d077/d078/d079/d080/d081/d082/d083/d084/d085/d086/d087/d088/d089/d090/d091/d092/d093/d094/d095/d096/d097/d098/d099/d100/d101/d102/d103/d104/d105/d106/d107/d108/d109/d110/d111/d112/d113/d114/d115/d116/d117/d118/d119/d120/d121/d122/d123/d124/d125/d126/d127/d128/s000.dat:0..4096\nwide/s020-f001.dat:0..4096\nwide/s020-f002.dat:0..65536\nspine/d001/d002/d003/d004/d005/d006/d007/d008/d009/d010/d011/d012/d013/d014/d015/d016/d017/d018/d019/d020/d021/d022/d023/d024/d025/d026/d027/d028/d029/d030/d031/d032/d033/d034/d035/d036/d037/d038/d039/d040/d041/d042/d043/d044/d045/d046/d047/d048/d049/d050/d051/d052/d053/d054/d055/d056/d057/d058/d059/d060/d061/d062/d063/d064/d065/d066/d067/d068/d069/d070/d071/d072/d073/d074/d075/d076/d077/d078/d079/d080/d081/d082/d083/d084/d085/d086/d087/d088/d089/d090/d091/d092/d093/d094/d095/d096/d097/d098/d099/d100/d101/d102/d103/d104/d105/d106/d107/d108/d109/d110/d111/d112/d113/d114/d115/d116/d117/d118/d119/d120/d121/d122/d123/d124/d125/d126/d127/d128/s024.dat:0..65536""]","{""type"":""sampled-content"",""summary"":""changed data and selected unchanged witnesses; qualified roots"",""details"":[]}",,,,,,
workspace_change_locality,workspace-distributed-sdk-edit-1-compact-v2,PASS,1.8759311249887105,f592c3ae20935d7623d465e8aacf22703c6861876d758117adba705110f2d0fc,446df40465ad55181b95112968f999534c7d6cb1a2f4d22b4014ecdda120b493,24d3a45de19aba8d58aacab36b7fdd00e1ecfcf4b965e2266821c0e6d035e5fd,sha256:8e74a58284a6e8c22ac9cbf60231f69217c3cae31c231ef17b0afd81726b8249,verification/workspace_change_locality/workspace-distributed-sdk-edit-1-compact-v2/verification.json,"[""no exhaustive Phase 1 replay""]",[],"{""type"":""sampled-content"",""summary"":""changed data and selected unchanged witnesses; qualified roots"",""details"":[{""kind"":""fast-canonical-verification"",""receipt"":""{\""actual_read_logical_bytes\"": \""1048576\"", \""actual_read_regular_paths\"": \""50\"", \""authenticated_global_inodes\"": \""184\"", \""authenticated_namespace_paths\"": \""184\"", \""canonical_root\"": \""8ca5f847898e6bac5c7856737ef0f40be15bf0e50b73ada7e0c14b8a5eb26d31\"", \""certificate_binding\"": \""3da6813df7f07706b038b367dd23d23fcf40234ac9995b27e639e37fe23d4969\"", \""covered_regular_paths\"": \""0\"", \""full_canonical_census_performed\"": \""false\"", \""fully_verified\"": \""false\"", \""has_reused_reference\"": \""false\"", \""reference_assurance\"": \""independent_current_content\"", \""reference_native_readback\"": \""false\"", \""reference_root_scope\"": \""none\"", \""scope\"": \""full current namespace/global inode/metadata/aliases; selected changed+witness bytes; unchanged file-state/extent/payload subgraph references certified, those current subgraph bytes not read\"", \""skipped_current_store_logical_bytes\"": \""0\"", \""skipped_current_store_regular_paths\"": \""0\"", \""verification_profile\"": \""fast-verify-v2\"", \""verification_status\"": \""fast_iteration_verified\""}"",""step"":1},{""coverage_sha256"":""e3b0c44298fc1c149afbf4c8996fb92427ae41e4649b934ca495991b7852b855"",""kind"":""fast-native-verification"",""receipt"":""absent_paths_verified=0\ncertificate_binding=3da6813df7f07706b038b367dd23d23fcf40234ac9995b27e639e37fe23d4969\nchanged_paths_declared=4\ncovered_paths_sha256=e3b0c44298fc1c149afbf4c8996fb92427ae41e4649b934ca495991b7852b855\nfast_witness_profile=native-fast-witness-v2:first-middle-last-seeded-per-namespace-length-depth-class;declared-read-targets\nfully_verified=false\nlogical_bytes=1048576\nnative_namespace_paths_verified=184\nnative_namespace_type_source=DirEntry::file_type;platform-metadata-fallback-permitted;skipped-counts-describe-unperformed-checks-not-syscalls\nnative_namespace_types_verified=184\noracle_identity_encoding=structural-entry-recipes-v1\noracle_scope=independent-delta-and-witnesses;complete-native-namespace;certified-unchanged-content-roots-checked-by-host\nreference_assurance=independent_current_content\nselected_independent_oracle_identity=2883db5f429fd428578ce3984195e3c76cf91b350034521a4dbcac54c68ba342\nselected_metadata_paths_verified=183\nselected_regular_bytes_verified=1048576\nselected_regular_paths_verified=50\nskipped_untouched_metadata_paths=1\nskipped_untouched_regular_bodies=0\nuncertified_regular_paths_checked=50\nverification_status=fast_iteration_verified\nwitness_paths_declared=142\n"",""step"":1}]}",,,,,,
workspace_change_locality,workspace-distributed-sdk-edit-10-compact-v2,PASS,2.3366433339979267,f592c3ae20935d7623d465e8aacf22703c6861876d758117adba705110f2d0fc,446df40465ad55181b95112968f999534c7d6cb1a2f4d22b4014ecdda120b493,7a5d30789a04ea132861664c897114c70d5f1d404b45fe29442d9eca81c82a2c,sha256:8e74a58284a6e8c22ac9cbf60231f69217c3cae31c231ef17b0afd81726b8249,verification/workspace_change_locality/workspace-distributed-sdk-edit-10-compact-v2/verification.json,"[""no exhaustive Phase 1 replay""]",[],"{""type"":""sampled-content"",""summary"":""changed data and selected unchanged witnesses; qualified roots"",""details"":[{""kind"":""fast-canonical-verification"",""receipt"":""{\""actual_read_logical_bytes\"": \""10485760\"", \""actual_read_regular_paths\"": \""500\"", \""authenticated_global_inodes\"": \""643\"", \""authenticated_namespace_paths\"": \""643\"", \""canonical_root\"": \""08e41eb40d688139f95e2f30d7222398f46ec5421cd279c310cfd9cadd6a8af9\"", \""certificate_binding\"": \""2e758319dcb33459d817498118a864d65e86ffc8c3cd22e0a7e1c75ddaa7e8c0\"", \""covered_regular_paths\"": \""0\"", \""full_canonical_census_performed\"": \""false\"", \""fully_verified\"": \""false\"", \""has_reused_reference\"": \""false\"", \""reference_assurance\"": \""independent_current_content\"", \""reference_native_readback\"": \""false\"", \""reference_root_scope\"": \""none\"", \""scope\"": \""full current namespace/global inode/metadata/aliases; selected changed+witness bytes; unchanged file-state/extent/payload subgraph references certified, those current subgraph bytes not read\"", \""skipped_current_store_logical_bytes\"": \""0\"", \""skipped_current_store_regular_paths\"": \""0\"", \""verification_profile\"": \""fast-verify-v2\"", \""verification_status\"": \""fast_iteration_verified\""}"",""step"":1},{""coverage_sha256"":""e3b0c44298fc1c149afbf4c8996fb92427ae41e4649b934ca495991b7852b855"",""kind"":""fast-native-verification"",""receipt"":""absent_paths_verified=0\ncertificate_binding=2e758319dcb33459d817498118a864d65e86ffc8c3cd22e0a7e1c75ddaa7e8c0\nchanged_paths_declared=22\ncovered_paths_sha256=e3b0c44298fc1c149afbf4c8996fb92427ae41e4649b934ca495991b7852b855\nfast_witness_profile=native-fast-witness-v2:first-middle-last-seeded-per-namespace-length-depth-class;declared-read-targets\nfully_verified=false\nlogical_bytes=10485760\nnative_namespace_paths_verified=643\nnative_namespace_type_source=DirEntry::file_type;platform-metadata-fallback-permitted;skipped-counts-describe-unperformed-checks-not-syscalls\nnative_namespace_types_verified=643\noracle_identity_encoding=structural-entry-recipes-v1\noracle_scope=independent-delta-and-witnesses;complete-native-namespace;certified-unchanged-content-roots-checked-by-host\nreference_assurance=independent_current_content\nselected_independent_oracle_identity=97498bbb3c8c12d6ac1e14191590a56fdfa2d6d75b7fd276c8c71610d6d8881d\nselected_metadata_paths_verified=642\nselected_regular_bytes_verified=10485760\nselected_regular_paths_verified=500\nskipped_untouched_metadata_paths=1\nskipped_untouched_regular_bodies=0\nuncertified_regular_paths_checked=500\nverification_status=fast_iteration_verified\nwitness_paths_declared=152\n"",""step"":1}]}",,,,,,
workspace_change_locality,workspace-distributed-sdk-edit-100-mixed-v4,PASS,2.614487792001455,f592c3ae20935d7623d465e8aacf22703c6861876d758117adba705110f2d0fc,446df40465ad55181b95112968f999534c7d6cb1a2f4d22b4014ecdda120b493,c4d5bdc0fcdf11cc403d5114cce5a48c7be3fe17169c040d195efcc3eb335d0c,sha256:8e74a58284a6e8c22ac9cbf60231f69217c3cae31c231ef17b0afd81726b8249,verification/workspace_change_locality/workspace-distributed-sdk-edit-100-mixed-v4/verification.json,"[""no exhaustive Phase 1 replay"",""sampled Workspace proof: no exhaustive namespace, full-file bytes, object census, aliases, or failure injection""]","[""absent_paths="",""full_file_bytes_verified=false"",""full_namespace_verified=false"",""omissions=unselected paths, bytes beyond selected ranges, exhaustive inode/object/reference census, alias and failure injection semantics"",""sampled_paths=.\ndest\nwide\nwide/s000-f000.dat\nwide/s000-f001.dat\nregular/s000/f064.dat\nspine/d001/d002/d003/d004/d005/d006/d007/d008/d009/d010/d011/d012/d013/d014/d015/d016/d017/d018/d019/d020/d021/d022/d023/d024/d025/d026/d027/d028/d029/d030/d031/d032/d033/d034/d035/d036/d037/d038/d039/d040/d041/d042/d043/d044/d045/d046/d047/d048/d049/d050/d051/d052/d053/d054/d055/d056/d057/d058/d059/d060/d061/d062/d063/d064/d065/d066/d067/d068/d069/d070/d071/d072/d073/d074/d075/d076/d077/d078/d079/d080/d081/d082/d083/d084/d085/d086/d087/d088/d089/d090/d091/d092/d093/d094/d095/d096/d097/d098/d099/d100/d101/d102/d103/d104/d105/d106/d107/d108/d109/d110/d111/d112/d113/d114/d115/d116/d117/d118/d119/d120/d121/d122/d123/d124/d125/d126/d127/d128/s000.dat\nwide/s008-f000.dat\nwide/s008-f001.dat\nspine/d001/d002/d003/d004/d005/d006/d007/d008/d009/d010/d011/d012/d013/d014/d015/d016/d017/d018/d019/d020/d021/d022/d023/d024/d025/d026/d027/d028/d029/d030/d031/d032/d033/d034/d035/d036/d037/d038/d039/d040/d041/d042/d043/d044/d045/d046/d047/d048/d049/d050/d051/d052/d053/d054/d055/d056/d057/d058/d059/d060/d061/d062/d063/d064/d065/d066/d067/d068/d069/d070/d071/d072/d073/d074/d075/d076/d077/d078/d079/d080/d081/d082/d083/d084/d085/d086/d087/d088/d089/d090/d091/d092/d093/d094/d095/d096/d097/d098/d099/d100/d101/d102/d103/d104/d105/d106/d107/d108/d109/d110/d111/d112/d113/d114/d115/d116/d117/d118/d119/d120/d121/d122/d123/d124/d125/d126/d127/d128/s009.dat"",""sampled_ranges=wide/s000-f000.dat:0..65536\nwide/s000-f000.dat:26214400..26279936\nwide/s000-f000.dat:52363264..52428800\nwide/s000-f001.dat:0..4096\nregular/s000/f064.dat:0..4096\nspine/d001/d002/d003/d004/d005/d006/d007/d008/d009/d010/d011/d012/d013/d014/d015/d016/d017/d018/d019/d020/d021/d022/d023/d024/d025/d026/d027/d028/d029/d030/d031/d032/d033/d034/d035/d036/d037/d038/d039/d040/d041/d042/d043/d044/d045/d046/d047/d048/d049/d050/d051/d052/d053/d054/d055/d056/d057/d058/d059/d060/d061/d062/d063/d064/d065/d066/d067/d068/d069/d070/d071/d072/d073/d074/d075/d076/d077/d078/d079/d080/d081/d082/d083/d084/d085/d086/d087/d088/d089/d090/d091/d092/d093/d094/d095/d096/d097/d098/d099/d100/d101/d102/d103/d104/d105/d106/d107/d108/d109/d110/d111/d112/d113/d114/d115/d116/d117/d118/d119/d120/d121/d122/d123/d124/d125/d126/d127/d128/s000.dat:0..4096\nwide/s008-f000.dat:0..4096\nwide/s008-f001.dat:0..65536\nspine/d001/d002/d003/d004/d005/d006/d007/d008/d009/d010/d011/d012/d013/d014/d015/d016/d017/d018/d019/d020/d021/d022/d023/d024/d025/d026/d027/d028/d029/d030/d031/d032/d033/d034/d035/d036/d037/d038/d039/d040/d041/d042/d043/d044/d045/d046/d047/d048/d049/d050/d051/d052/d053/d054/d055/d056/d057/d058/d059/d060/d061/d062/d063/d064/d065/d066/d067/d068/d069/d070/d071/d072/d073/d074/d075/d076/d077/d078/d079/d080/d081/d082/d083/d084/d085/d086/d087/d088/d089/d090/d091/d092/d093/d094/d095/d096/d097/d098/d099/d100/d101/d102/d103/d104/d105/d106/d107/d108/d109/d110/d111/d112/d113/d114/d115/d116/d117/d118/d119/d120/d121/d122/d123/d124/d125/d126/d127/d128/s009.dat:0..65536""]","{""type"":""sampled-content"",""summary"":""changed data and selected unchanged witnesses; qualified roots"",""details"":[]}",,,,,,
workspace_change_locality,workspace-distributed-sdk-edit-500-mixed-v4,PASS,7.340896000008797,f592c3ae20935d7623d465e8aacf22703c6861876d758117adba705110f2d0fc,446df40465ad55181b95112968f999534c7d6cb1a2f4d22b4014ecdda120b493,11929a1cb53b8e4ac653c92f074f6fe747e474dbf7440b36ca6e2a33d6e49e4d,sha256:8e74a58284a6e8c22ac9cbf60231f69217c3cae31c231ef17b0afd81726b8249,verification/workspace_change_locality/workspace-distributed-sdk-edit-500-mixed-v4/verification.json,"[""no exhaustive Phase 1 replay"",""sampled Workspace proof: no exhaustive namespace, full-file bytes, object census, aliases, or failure injection""]","[""absent_paths="",""full_file_bytes_verified=false"",""full_namespace_verified=false"",""omissions=unselected paths, bytes beyond selected ranges, exhaustive inode/object/reference census, alias and failure injection semantics"",""sampled_paths=.\ndest\nwide\nwide/s000-f000.dat\nwide/s000-f001.dat\nwide/s000-f002.dat\nregular/s000/f064.dat\nspine/d001/d002/d003/d004/d005/d006/d007/d008/d009/d010/d011/d012/d013/d014/d015/d016/d017/d018/d019/d020/d021/d022/d023/d024/d025/d026/d027/d028/d029/d030/d031/d032/d033/d034/d035/d036/d037/d038/d039/d040/d041/d042/d043/d044/d045/d046/d047/d048/d049/d050/d051/d052/d053/d054/d055/d056/d057/d058/d059/d060/d061/d062/d063/d064/d065/d066/d067/d068/d069/d070/d071/d072/d073/d074/d075/d076/d077/d078/d079/d080/d081/d082/d083/d084/d085/d086/d087/d088/d089/d090/d091/d092/d093/d094/d095/d096/d097/d098/d099/d100/d101/d102/d103/d104/d105/d106/d107/d108/d109/d110/d111/d112/d113/d114/d115/d116/d117/d118/d119/d120/d121/d122/d123/d124/d125/d126/d127/d128/s000.dat\nwide/s020-f001.dat\nwide/s020-f002.dat\nspine/d001/d002/d003/d004/d005/d006/d007/d008/d009/d010/d011/d012/d013/d014/d015/d016/d017/d018/d019/d020/d021/d022/d023/d024/d025/d026/d027/d028/d029/d030/d031/d032/d033/d034/d035/d036/d037/d038/d039/d040/d041/d042/d043/d044/d045/d046/d047/d048/d049/d050/d051/d052/d053/d054/d055/d056/d057/d058/d059/d060/d061/d062/d063/d064/d065/d066/d067/d068/d069/d070/d071/d072/d073/d074/d075/d076/d077/d078/d079/d080/d081/d082/d083/d084/d085/d086/d087/d088/d089/d090/d091/d092/d093/d094/d095/d096/d097/d098/d099/d100/d101/d102/d103/d104/d105/d106/d107/d108/d109/d110/d111/d112/d113/d114/d115/d116/d117/d118/d119/d120/d121/d122/d123/d124/d125/d126/d127/d128/s024.dat"",""sampled_ranges=wide/s000-f000.dat:0..65536\nwide/s000-f000.dat:157286400..157351936\nwide/s000-f000.dat:314507264..314572800\nwide/s000-f001.dat:0..65536\nwide/s000-f001.dat:52428800..52494336\nwide/s000-f001.dat:104792064..104857600\nwide/s000-f002.dat:0..4096\nregular/s000/f064.dat:0..4096\nspine/d001/d002/d003/d004/d005/d006/d007/d008/d009/d010/d011/d012/d013/d014/d015/d016/d017/d018/d019/d020/d021/d022/d023/d024/d025/d026/d027/d028/d029/d030/d031/d032/d033/d034/d035/d036/d037/d038/d039/d040/d041/d042/d043/d044/d045/d046/d047/d048/d049/d050/d051/d052/d053/d054/d055/d056/d057/d058/d059/d060/d061/d062/d063/d064/d065/d066/d067/d068/d069/d070/d071/d072/d073/d074/d075/d076/d077/d078/d079/d080/d081/d082/d083/d084/d085/d086/d087/d088/d089/d090/d091/d092/d093/d094/d095/d096/d097/d098/d099/d100/d101/d102/d103/d104/d105/d106/d107/d108/d109/d110/d111/d112/d113/d114/d115/d116/d117/d118/d119/d120/d121/d122/d123/d124/d125/d126/d127/d128/s000.dat:0..4096\nwide/s020-f001.dat:0..4096\nwide/s020-f002.dat:0..65536\nspine/d001/d002/d003/d004/d005/d006/d007/d008/d009/d010/d011/d012/d013/d014/d015/d016/d017/d018/d019/d020/d021/d022/d023/d024/d025/d026/d027/d028/d029/d030/d031/d032/d033/d034/d035/d036/d037/d038/d039/d040/d041/d042/d043/d044/d045/d046/d047/d048/d049/d050/d051/d052/d053/d054/d055/d056/d057/d058/d059/d060/d061/d062/d063/d064/d065/d066/d067/d068/d069/d070/d071/d072/d073/d074/d075/d076/d077/d078/d079/d080/d081/d082/d083/d084/d085/d086/d087/d088/d089/d090/d091/d092/d093/d094/d095/d096/d097/d098/d099/d100/d101/d102/d103/d104/d105/d106/d107/d108/d109/d110/d111/d112/d113/d114/d115/d116/d117/d118/d119/d120/d121/d122/d123/d124/d125/d126/d127/d128/s024.dat:0..65536""]","{""type"":""sampled-content"",""summary"":""changed data and selected unchanged witnesses; qualified roots"",""details"":[]}",,,,,,
workspace_change_locality,workspace-dense-rewrite-1-compact-v2,PASS,1.95272699999623,f592c3ae20935d7623d465e8aacf22703c6861876d758117adba705110f2d0fc,446df40465ad55181b95112968f999534c7d6cb1a2f4d22b4014ecdda120b493,bd0abf16f18fbc354adb84cfed8a7eec67cea55524d9c68df55f4f9f9e54f30a,sha256:8e74a58284a6e8c22ac9cbf60231f69217c3cae31c231ef17b0afd81726b8249,verification/workspace_change_locality/workspace-dense-rewrite-1-compact-v2/verification.json,"[""no exhaustive Phase 1 replay""]",[],"{""type"":""sampled-content"",""summary"":""changed data and selected unchanged witnesses; qualified roots"",""details"":[{""kind"":""fast-canonical-verification"",""receipt"":""{\""actual_read_logical_bytes\"": \""1048576\"", \""actual_read_regular_paths\"": \""50\"", \""authenticated_global_inodes\"": \""184\"", \""authenticated_namespace_paths\"": \""184\"", \""canonical_root\"": \""774f4b1a04368f3d1acac60c4d9b3b4bdd39f0d9268fb37a14df0a18f0923afb\"", \""certificate_binding\"": \""5989a32d2854b3b35e6a6c1a67bf987eefd911832fa5d9583eb849066d4822fd\"", \""covered_regular_paths\"": \""0\"", \""full_canonical_census_performed\"": \""false\"", \""fully_verified\"": \""false\"", \""has_reused_reference\"": \""false\"", \""reference_assurance\"": \""independent_current_content\"", \""reference_native_readback\"": \""false\"", \""reference_root_scope\"": \""none\"", \""scope\"": \""full current namespace/global inode/metadata/aliases; selected changed+witness bytes; unchanged file-state/extent/payload subgraph references certified, those current subgraph bytes not read\"", \""skipped_current_store_logical_bytes\"": \""0\"", \""skipped_current_store_regular_paths\"": \""0\"", \""verification_profile\"": \""fast-verify-v2\"", \""verification_status\"": \""fast_iteration_verified\""}"",""step"":1},{""coverage_sha256"":""e3b0c44298fc1c149afbf4c8996fb92427ae41e4649b934ca495991b7852b855"",""kind"":""fast-native-verification"",""receipt"":""absent_paths_verified=0\ncertificate_binding=5989a32d2854b3b35e6a6c1a67bf987eefd911832fa5d9583eb849066d4822fd\nchanged_paths_declared=183\ncovered_paths_sha256=e3b0c44298fc1c149afbf4c8996fb92427ae41e4649b934ca495991b7852b855\nfast_witness_profile=native-fast-witness-v2:first-middle-last-seeded-per-namespace-length-depth-class;declared-read-targets\nfully_verified=false\nlogical_bytes=1048576\nnative_namespace_paths_verified=184\nnative_namespace_type_source=DirEntry::file_type;platform-metadata-fallback-permitted;skipped-counts-describe-unperformed-checks-not-syscalls\nnative_namespace_types_verified=184\noracle_identity_encoding=structural-entry-recipes-v1\noracle_scope=independent-delta-and-witnesses;complete-native-namespace;certified-unchanged-content-roots-checked-by-host\nreference_assurance=independent_current_content\nselected_independent_oracle_identity=ac1dc586c265a53864679ae16cac8dc17402af02935a04d79cf26796a5e39521\nselected_metadata_paths_verified=183\nselected_regular_bytes_verified=1048576\nselected_regular_paths_verified=50\nskipped_untouched_metadata_paths=1\nskipped_untouched_regular_bodies=0\nuncertified_regular_paths_checked=50\nverification_status=fast_iteration_verified\nwitness_paths_declared=0\n"",""step"":1}]}",,,,,,
workspace_change_locality,workspace-dense-rewrite-10-compact-v2,PASS,2.787893749991781,f592c3ae20935d7623d465e8aacf22703c6861876d758117adba705110f2d0fc,446df40465ad55181b95112968f999534c7d6cb1a2f4d22b4014ecdda120b493,bf5ff0c9860f92f38a8db988c093b4b0c2bffd150ca56a26f11022b91a56db80,sha256:8e74a58284a6e8c22ac9cbf60231f69217c3cae31c231ef17b0afd81726b8249,verification/workspace_change_locality/workspace-dense-rewrite-10-compact-v2/verification.json,"[""no exhaustive Phase 1 replay""]",[],"{""type"":""sampled-content"",""summary"":""changed data and selected unchanged witnesses; qualified roots"",""details"":[{""kind"":""fast-canonical-verification"",""receipt"":""{\""actual_read_logical_bytes\"": \""10485760\"", \""actual_read_regular_paths\"": \""500\"", \""authenticated_global_inodes\"": \""643\"", \""authenticated_namespace_paths\"": \""643\"", \""canonical_root\"": \""a68ef56fa1cfd6a86e66c5dc2a05304cbba2cf1275eab7f9d8e9b1bf92e21b54\"", \""certificate_binding\"": \""3196a4363cfad4c3e4671cc286bf4d9e9991a4049f2c1094629064834062189a\"", \""covered_regular_paths\"": \""0\"", \""full_canonical_census_performed\"": \""false\"", \""fully_verified\"": \""false\"", \""has_reused_reference\"": \""false\"", \""reference_assurance\"": \""independent_current_content\"", \""reference_native_readback\"": \""false\"", \""reference_root_scope\"": \""none\"", \""scope\"": \""full current namespace/global inode/metadata/aliases; selected changed+witness bytes; unchanged file-state/extent/payload subgraph references certified, those current subgraph bytes not read\"", \""skipped_current_store_logical_bytes\"": \""0\"", \""skipped_current_store_regular_paths\"": \""0\"", \""verification_profile\"": \""fast-verify-v2\"", \""verification_status\"": \""fast_iteration_verified\""}"",""step"":1},{""coverage_sha256"":""e3b0c44298fc1c149afbf4c8996fb92427ae41e4649b934ca495991b7852b855"",""kind"":""fast-native-verification"",""receipt"":""absent_paths_verified=0\ncertificate_binding=3196a4363cfad4c3e4671cc286bf4d9e9991a4049f2c1094629064834062189a\nchanged_paths_declared=642\ncovered_paths_sha256=e3b0c44298fc1c149afbf4c8996fb92427ae41e4649b934ca495991b7852b855\nfast_witness_profile=native-fast-witness-v2:first-middle-last-seeded-per-namespace-length-depth-class;declared-read-targets\nfully_verified=false\nlogical_bytes=10485760\nnative_namespace_paths_verified=643\nnative_namespace_type_source=DirEntry::file_type;platform-metadata-fallback-permitted;skipped-counts-describe-unperformed-checks-not-syscalls\nnative_namespace_types_verified=643\noracle_identity_encoding=structural-entry-recipes-v1\noracle_scope=independent-delta-and-witnesses;complete-native-namespace;certified-unchanged-content-roots-checked-by-host\nreference_assurance=independent_current_content\nselected_independent_oracle_identity=11c50a8df9af7a63cabee471d381ee59c22ae0cb2fa1579691db2640606d4dfc\nselected_metadata_paths_verified=642\nselected_regular_bytes_verified=10485760\nselected_regular_paths_verified=500\nskipped_untouched_metadata_paths=1\nskipped_untouched_regular_bodies=0\nuncertified_regular_paths_checked=500\nverification_status=fast_iteration_verified\nwitness_paths_declared=0\n"",""step"":1}]}",,,,,,
workspace_change_locality,workspace-dense-rewrite-100-mixed-v4,PASS,4.341490666003665,f592c3ae20935d7623d465e8aacf22703c6861876d758117adba705110f2d0fc,446df40465ad55181b95112968f999534c7d6cb1a2f4d22b4014ecdda120b493,f8dac9a48bad523d28bccc934901084a3ea9be97b67e649621e15ecce1adea49,sha256:8e74a58284a6e8c22ac9cbf60231f69217c3cae31c231ef17b0afd81726b8249,verification/workspace_change_locality/workspace-dense-rewrite-100-mixed-v4/verification.json,"[""no exhaustive Phase 1 replay"",""sampled Workspace proof: no exhaustive namespace, full-file bytes, object census, aliases, or failure injection""]","[""absent_paths="",""full_file_bytes_verified=false"",""full_namespace_verified=false"",""omissions=unselected paths, bytes beyond selected ranges, exhaustive inode/object/reference census, alias and failure injection semantics"",""sampled_paths=.\ndest\nwide\nwide/s000-f000.dat\nwide/s000-f001.dat\nregular/s000/f064.dat\nspine/d001/d002/d003/d004/d005/d006/d007/d008/d009/d010/d011/d012/d013/d014/d015/d016/d017/d018/d019/d020/d021/d022/d023/d024/d025/d026/d027/d028/d029/d030/d031/d032/d033/d034/d035/d036/d037/d038/d039/d040/d041/d042/d043/d044/d045/d046/d047/d048/d049/d050/d051/d052/d053/d054/d055/d056/d057/d058/d059/d060/d061/d062/d063/d064/d065/d066/d067/d068/d069/d070/d071/d072/d073/d074/d075/d076/d077/d078/d079/d080/d081/d082/d083/d084/d085/d086/d087/d088/d089/d090/d091/d092/d093/d094/d095/d096/d097/d098/d099/d100/d101/d102/d103/d104/d105/d106/d107/d108/d109/d110/d111/d112/d113/d114/d115/d116/d117/d118/d119/d120/d121/d122/d123/d124/d125/d126/d127/d128/s000.dat\nwide/s008-f000.dat\nwide/s008-f001.dat\nspine/d001/d002/d003/d004/d005/d006/d007/d008/d009/d010/d011/d012/d013/d014/d015/d016/d017/d018/d019/d020/d021/d022/d023/d024/d025/d026/d027/d028/d029/d030/d031/d032/d033/d034/d035/d036/d037/d038/d039/d040/d041/d042/d043/d044/d045/d046/d047/d048/d049/d050/d051/d052/d053/d054/d055/d056/d057/d058/d059/d060/d061/d062/d063/d064/d065/d066/d067/d068/d069/d070/d071/d072/d073/d074/d075/d076/d077/d078/d079/d080/d081/d082/d083/d084/d085/d086/d087/d088/d089/d090/d091/d092/d093/d094/d095/d096/d097/d098/d099/d100/d101/d102/d103/d104/d105/d106/d107/d108/d109/d110/d111/d112/d113/d114/d115/d116/d117/d118/d119/d120/d121/d122/d123/d124/d125/d126/d127/d128/s009.dat"",""sampled_ranges=wide/s000-f000.dat:0..65536\nwide/s000-f000.dat:26214400..26279936\nwide/s000-f000.dat:52363264..52428800\nwide/s000-f001.dat:0..4096\nregular/s000/f064.dat:0..4096\nspine/d001/d002/d003/d004/d005/d006/d007/d008/d009/d010/d011/d012/d013/d014/d015/d016/d017/d018/d019/d020/d021/d022/d023/d024/d025/d026/d027/d028/d029/d030/d031/d032/d033/d034/d035/d036/d037/d038/d039/d040/d041/d042/d043/d044/d045/d046/d047/d048/d049/d050/d051/d052/d053/d054/d055/d056/d057/d058/d059/d060/d061/d062/d063/d064/d065/d066/d067/d068/d069/d070/d071/d072/d073/d074/d075/d076/d077/d078/d079/d080/d081/d082/d083/d084/d085/d086/d087/d088/d089/d090/d091/d092/d093/d094/d095/d096/d097/d098/d099/d100/d101/d102/d103/d104/d105/d106/d107/d108/d109/d110/d111/d112/d113/d114/d115/d116/d117/d118/d119/d120/d121/d122/d123/d124/d125/d126/d127/d128/s000.dat:0..4096\nwide/s008-f000.dat:0..4096\nwide/s008-f001.dat:0..65536\nspine/d001/d002/d003/d004/d005/d006/d007/d008/d009/d010/d011/d012/d013/d014/d015/d016/d017/d018/d019/d020/d021/d022/d023/d024/d025/d026/d027/d028/d029/d030/d031/d032/d033/d034/d035/d036/d037/d038/d039/d040/d041/d042/d043/d044/d045/d046/d047/d048/d049/d050/d051/d052/d053/d054/d055/d056/d057/d058/d059/d060/d061/d062/d063/d064/d065/d066/d067/d068/d069/d070/d071/d072/d073/d074/d075/d076/d077/d078/d079/d080/d081/d082/d083/d084/d085/d086/d087/d088/d089/d090/d091/d092/d093/d094/d095/d096/d097/d098/d099/d100/d101/d102/d103/d104/d105/d106/d107/d108/d109/d110/d111/d112/d113/d114/d115/d116/d117/d118/d119/d120/d121/d122/d123/d124/d125/d126/d127/d128/s009.dat:0..65536""]","{""type"":""sampled-content"",""summary"":""changed data and selected unchanged witnesses; qualified roots"",""details"":[]}",,,,,,
workspace_change_locality,workspace-dense-rewrite-500-mixed-v4,PASS,11.095477333990857,f592c3ae20935d7623d465e8aacf22703c6861876d758117adba705110f2d0fc,446df40465ad55181b95112968f999534c7d6cb1a2f4d22b4014ecdda120b493,148c034fba54114b0a8a467b02281ee195a3a10c0088cb2780cdf495a43bb07c,sha256:8e74a58284a6e8c22ac9cbf60231f69217c3cae31c231ef17b0afd81726b8249,verification/workspace_change_locality/workspace-dense-rewrite-500-mixed-v4/verification.json,"[""no exhaustive Phase 1 replay"",""sampled Workspace proof: no exhaustive namespace, full-file bytes, object census, aliases, or failure injection""]","[""absent_paths="",""full_file_bytes_verified=false"",""full_namespace_verified=false"",""omissions=unselected paths, bytes beyond selected ranges, exhaustive inode/object/reference census, alias and failure injection semantics"",""sampled_paths=.\ndest\nwide\nwide/s000-f000.dat\nwide/s000-f001.dat\nwide/s000-f002.dat\nregular/s000/f064.dat\nspine/d001/d002/d003/d004/d005/d006/d007/d008/d009/d010/d011/d012/d013/d014/d015/d016/d017/d018/d019/d020/d021/d022/d023/d024/d025/d026/d027/d028/d029/d030/d031/d032/d033/d034/d035/d036/d037/d038/d039/d040/d041/d042/d043/d044/d045/d046/d047/d048/d049/d050/d051/d052/d053/d054/d055/d056/d057/d058/d059/d060/d061/d062/d063/d064/d065/d066/d067/d068/d069/d070/d071/d072/d073/d074/d075/d076/d077/d078/d079/d080/d081/d082/d083/d084/d085/d086/d087/d088/d089/d090/d091/d092/d093/d094/d095/d096/d097/d098/d099/d100/d101/d102/d103/d104/d105/d106/d107/d108/d109/d110/d111/d112/d113/d114/d115/d116/d117/d118/d119/d120/d121/d122/d123/d124/d125/d126/d127/d128/s000.dat\nwide/s020-f001.dat\nwide/s020-f002.dat\nspine/d001/d002/d003/d004/d005/d006/d007/d008/d009/d010/d011/d012/d013/d014/d015/d016/d017/d018/d019/d020/d021/d022/d023/d024/d025/d026/d027/d028/d029/d030/d031/d032/d033/d034/d035/d036/d037/d038/d039/d040/d041/d042/d043/d044/d045/d046/d047/d048/d049/d050/d051/d052/d053/d054/d055/d056/d057/d058/d059/d060/d061/d062/d063/d064/d065/d066/d067/d068/d069/d070/d071/d072/d073/d074/d075/d076/d077/d078/d079/d080/d081/d082/d083/d084/d085/d086/d087/d088/d089/d090/d091/d092/d093/d094/d095/d096/d097/d098/d099/d100/d101/d102/d103/d104/d105/d106/d107/d108/d109/d110/d111/d112/d113/d114/d115/d116/d117/d118/d119/d120/d121/d122/d123/d124/d125/d126/d127/d128/s024.dat"",""sampled_ranges=wide/s000-f000.dat:0..65536\nwide/s000-f000.dat:157286400..157351936\nwide/s000-f000.dat:314507264..314572800\nwide/s000-f001.dat:0..65536\nwide/s000-f001.dat:52428800..52494336\nwide/s000-f001.dat:104792064..104857600\nwide/s000-f002.dat:0..4096\nregular/s000/f064.dat:0..4096\nspine/d001/d002/d003/d004/d005/d006/d007/d008/d009/d010/d011/d012/d013/d014/d015/d016/d017/d018/d019/d020/d021/d022/d023/d024/d025/d026/d027/d028/d029/d030/d031/d032/d033/d034/d035/d036/d037/d038/d039/d040/d041/d042/d043/d044/d045/d046/d047/d048/d049/d050/d051/d052/d053/d054/d055/d056/d057/d058/d059/d060/d061/d062/d063/d064/d065/d066/d067/d068/d069/d070/d071/d072/d073/d074/d075/d076/d077/d078/d079/d080/d081/d082/d083/d084/d085/d086/d087/d088/d089/d090/d091/d092/d093/d094/d095/d096/d097/d098/d099/d100/d101/d102/d103/d104/d105/d106/d107/d108/d109/d110/d111/d112/d113/d114/d115/d116/d117/d118/d119/d120/d121/d122/d123/d124/d125/d126/d127/d128/s000.dat:0..4096\nwide/s020-f001.dat:0..4096\nwide/s020-f002.dat:0..65536\nspine/d001/d002/d003/d004/d005/d006/d007/d008/d009/d010/d011/d012/d013/d014/d015/d016/d017/d018/d019/d020/d021/d022/d023/d024/d025/d026/d027/d028/d029/d030/d031/d032/d033/d034/d035/d036/d037/d038/d039/d040/d041/d042/d043/d044/d045/d046/d047/d048/d049/d050/d051/d052/d053/d054/d055/d056/d057/d058/d059/d060/d061/d062/d063/d064/d065/d066/d067/d068/d069/d070/d071/d072/d073/d074/d075/d076/d077/d078/d079/d080/d081/d082/d083/d084/d085/d086/d087/d088/d089/d090/d091/d092/d093/d094/d095/d096/d097/d098/d099/d100/d101/d102/d103/d104/d105/d106/d107/d108/d109/d110/d111/d112/d113/d114/d115/d116/d117/d118/d119/d120/d121/d122/d123/d124/d125/d126/d127/d128/s024.dat:0..65536""]","{""type"":""sampled-content"",""summary"":""changed data and selected unchanged witnesses; qualified roots"",""details"":[]}",,,,,,
dedup_branch_history,dedup-history-distributed-1,PASS,2.3104635420022532,f592c3ae20935d7623d465e8aacf22703c6861876d758117adba705110f2d0fc,446df40465ad55181b95112968f999534c7d6cb1a2f4d22b4014ecdda120b493,c9ff6f6988d6100bc3b36e4b2655c0e48d926cfc31153bd411d0e5279d7768b0,sha256:8e74a58284a6e8c22ac9cbf60231f69217c3cae31c231ef17b0afd81726b8249,verification/dedup_branch_history/dedup-history-distributed-1/verification.json,"[""no exhaustive Phase 1 replay""]",[],"{""type"":""sampled-history"",""summary"":""all parent links; snapshots [0, 1]"",""verified_steps"":[0,1],""omissions"":""unselected historical snapshot content; exhaustive historical object/storage census""}",,,,,,
dedup_branch_history,dedup-history-distributed-10,PASS,4.895279999997001,f592c3ae20935d7623d465e8aacf22703c6861876d758117adba705110f2d0fc,446df40465ad55181b95112968f999534c7d6cb1a2f4d22b4014ecdda120b493,b555fda52ad5b572b47dac0c164012452b2ca9e22c5f962df0773a5a58be4d9d,sha256:8e74a58284a6e8c22ac9cbf60231f69217c3cae31c231ef17b0afd81726b8249,verification/dedup_branch_history/dedup-history-distributed-10/verification.json,"[""no exhaustive Phase 1 replay""]",[],"{""type"":""sampled-history"",""summary"":""all parent links; snapshots [0, 1, 2, 3, 4, 5, 6, 7, 8, 9, 10]"",""verified_steps"":[0,1,2,3,4,5,6,7,8,9,10],""omissions"":""unselected historical snapshot content; exhaustive historical object/storage census""}",,,,,,
dedup_branch_history,dedup-history-distributed-100,PASS,4.674999208000372,f592c3ae20935d7623d465e8aacf22703c6861876d758117adba705110f2d0fc,446df40465ad55181b95112968f999534c7d6cb1a2f4d22b4014ecdda120b493,24f1ea97221cf48b121e61a0df362aed9b0fd5ccf27e7d59777c923445758571,sha256:8e74a58284a6e8c22ac9cbf60231f69217c3cae31c231ef17b0afd81726b8249,verification/dedup_branch_history/dedup-history-distributed-100/verification.json,"[""no exhaustive Phase 1 replay""]",[],"{""type"":""sampled-history"",""summary"":""all parent links; snapshots [0, 1, 2, 49, 50, 99, 100]"",""verified_steps"":[0,1,2,49,50,99,100],""omissions"":""unselected historical snapshot content; exhaustive historical object/storage census""}",,,,,,
dedup_branch_history,dedup-history-distributed-500,PASS,9.918297666008584,f592c3ae20935d7623d465e8aacf22703c6861876d758117adba705110f2d0fc,446df40465ad55181b95112968f999534c7d6cb1a2f4d22b4014ecdda120b493,bc77444397a2f0acc80b3feedf87aa6f047bb73a56cf0cd373e9ea176aca11f6,sha256:8e74a58284a6e8c22ac9cbf60231f69217c3cae31c231ef17b0afd81726b8249,verification/dedup_branch_history/dedup-history-distributed-500/verification.json,"[""no exhaustive Phase 1 replay""]",[],"{""type"":""sampled-history"",""summary"":""all parent links; snapshots [0, 1, 199, 200, 201, 250, 499, 500]"",""verified_steps"":[0,1,199,200,201,250,499,500],""omissions"":""unselected historical snapshot content; exhaustive historical object/storage census""}",,,,,,
dedup_branch_history,dedup-history-hotset-1,PASS,2.121109667001292,f592c3ae20935d7623d465e8aacf22703c6861876d758117adba705110f2d0fc,446df40465ad55181b95112968f999534c7d6cb1a2f4d22b4014ecdda120b493,092f21ea05ae914a2df42e97fd790407cc333671b476fb59bf4d174d4a463cd4,sha256:8e74a58284a6e8c22ac9cbf60231f69217c3cae31c231ef17b0afd81726b8249,verification/dedup_branch_history/dedup-history-hotset-1/verification.json,"[""no exhaustive Phase 1 replay""]",[],"{""type"":""sampled-history"",""summary"":""all parent links; snapshots [0, 1]"",""verified_steps"":[0,1],""omissions"":""unselected historical snapshot content; exhaustive historical object/storage census""}",,,,,,
dedup_branch_history,dedup-history-hotset-10,PASS,4.758220750009059,f592c3ae20935d7623d465e8aacf22703c6861876d758117adba705110f2d0fc,446df40465ad55181b95112968f999534c7d6cb1a2f4d22b4014ecdda120b493,0d89817c8c4b28008ea0ad38055d2345489664d8ee37fc1f0f20b8d381d84a44,sha256:8e74a58284a6e8c22ac9cbf60231f69217c3cae31c231ef17b0afd81726b8249,verification/dedup_branch_history/dedup-history-hotset-10/verification.json,"[""no exhaustive Phase 1 replay""]",[],"{""type"":""sampled-history"",""summary"":""all parent links; snapshots [0, 1, 2, 3, 4, 5, 6, 7, 8, 9, 10]"",""verified_steps"":[0,1,2,3,4,5,6,7,8,9,10],""omissions"":""unselected historical snapshot content; exhaustive historical object/storage census""}",,,,,,
dedup_branch_history,dedup-history-hotset-100,PASS,4.867449708006461,f592c3ae20935d7623d465e8aacf22703c6861876d758117adba705110f2d0fc,446df40465ad55181b95112968f999534c7d6cb1a2f4d22b4014ecdda120b493,2f0fdf7367ab03a708850ec98776c973ce49638833449f0e273cb5e062c8a9c4,sha256:8e74a58284a6e8c22ac9cbf60231f69217c3cae31c231ef17b0afd81726b8249,verification/dedup_branch_history/dedup-history-hotset-100/verification.json,"[""no exhaustive Phase 1 replay""]",[],"{""type"":""sampled-history"",""summary"":""all parent links; snapshots [0, 1, 7, 8, 9, 50, 99, 100]"",""verified_steps"":[0,1,7,8,9,50,99,100],""omissions"":""unselected historical snapshot content; exhaustive historical object/storage census""}",,,,,,
dedup_branch_history,dedup-history-hotset-500,PASS,9.105573875000118,f592c3ae20935d7623d465e8aacf22703c6861876d758117adba705110f2d0fc,446df40465ad55181b95112968f999534c7d6cb1a2f4d22b4014ecdda120b493,aaadcd65557bee872c61c03bafb1e8c4272fdeca4973dccd4da886d4148fffaa,sha256:8e74a58284a6e8c22ac9cbf60231f69217c3cae31c231ef17b0afd81726b8249,verification/dedup_branch_history/dedup-history-hotset-500/verification.json,"[""no exhaustive Phase 1 replay""]",[],"{""type"":""sampled-history"",""summary"":""all parent links; snapshots [0, 1, 7, 8, 9, 250, 499, 500]"",""verified_steps"":[0,1,7,8,9,250,499,500],""omissions"":""unselected historical snapshot content; exhaustive historical object/storage census""}",,,,,,
dedup_branch_history,dedup-history-recurring-1,PASS,2.3268663750059204,f592c3ae20935d7623d465e8aacf22703c6861876d758117adba705110f2d0fc,446df40465ad55181b95112968f999534c7d6cb1a2f4d22b4014ecdda120b493,eab0715b45a36961da7d4fc193c1654bb5ee8474c900427783210877cafeb887,sha256:8e74a58284a6e8c22ac9cbf60231f69217c3cae31c231ef17b0afd81726b8249,verification/dedup_branch_history/dedup-history-recurring-1/verification.json,"[""no exhaustive Phase 1 replay""]",[],"{""type"":""sampled-history"",""summary"":""all parent links; snapshots [0, 1]"",""verified_steps"":[0,1],""omissions"":""unselected historical snapshot content; exhaustive historical object/storage census""}",,,,,,
dedup_branch_history,dedup-history-recurring-10,PASS,4.753103875002125,f592c3ae20935d7623d465e8aacf22703c6861876d758117adba705110f2d0fc,446df40465ad55181b95112968f999534c7d6cb1a2f4d22b4014ecdda120b493,afc533fde31d4c65852dbd3c6071612bbc8a85cd4617f1b55ea882e08c8af8d1,sha256:8e74a58284a6e8c22ac9cbf60231f69217c3cae31c231ef17b0afd81726b8249,verification/dedup_branch_history/dedup-history-recurring-10/verification.json,"[""no exhaustive Phase 1 replay""]",[],"{""type"":""sampled-history"",""summary"":""all parent links; snapshots [0, 1, 2, 3, 4, 5, 6, 7, 8, 9, 10]"",""verified_steps"":[0,1,2,3,4,5,6,7,8,9,10],""omissions"":""unselected historical snapshot content; exhaustive historical object/storage census""}",,,,,,
dedup_branch_history,dedup-history-recurring-100,PASS,4.078387000001385,f592c3ae20935d7623d465e8aacf22703c6861876d758117adba705110f2d0fc,446df40465ad55181b95112968f999534c7d6cb1a2f4d22b4014ecdda120b493,bef1d6b53b5020dc6a147cec074c6fa5e302abafd382f636a8a048f7023afe84,sha256:8e74a58284a6e8c22ac9cbf60231f69217c3cae31c231ef17b0afd81726b8249,verification/dedup_branch_history/dedup-history-recurring-100/verification.json,"[""no exhaustive Phase 1 replay""]",[],"{""type"":""sampled-history"",""summary"":""all parent links; snapshots [0, 1, 2, 3, 99, 100]"",""verified_steps"":[0,1,2,3,99,100],""omissions"":""unselected historical snapshot content; exhaustive historical object/storage census""}",,,,,,
dedup_branch_history,dedup-history-recurring-500,PASS,7.8799811249919,f592c3ae20935d7623d465e8aacf22703c6861876d758117adba705110f2d0fc,446df40465ad55181b95112968f999534c7d6cb1a2f4d22b4014ecdda120b493,8b25d9bb0d6c39e704ff19dfaa82fbe7944aad169fb4b1f98abf8531303c2c82,sha256:8e74a58284a6e8c22ac9cbf60231f69217c3cae31c231ef17b0afd81726b8249,verification/dedup_branch_history/dedup-history-recurring-500/verification.json,"[""no exhaustive Phase 1 replay""]",[],"{""type"":""sampled-history"",""summary"":""all parent links; snapshots [0, 1, 2, 3, 499, 500]"",""verified_steps"":[0,1,2,3,499,500],""omissions"":""unselected historical snapshot content; exhaustive historical object/storage census""}",,,,,,
dedup_branch_history,dedup-history-metadata-1,PASS,2.151772625002195,f592c3ae20935d7623d465e8aacf22703c6861876d758117adba705110f2d0fc,446df40465ad55181b95112968f999534c7d6cb1a2f4d22b4014ecdda120b493,d9722816c13dc5844716b9d23ccaf6037932217c17afb773fc4a96111044716a,sha256:8e74a58284a6e8c22ac9cbf60231f69217c3cae31c231ef17b0afd81726b8249,verification/dedup_branch_history/dedup-history-metadata-1/verification.json,"[""no exhaustive Phase 1 replay""]",[],"{""type"":""sampled-history"",""summary"":""all parent links; snapshots [0, 1]"",""verified_steps"":[0,1],""omissions"":""unselected historical snapshot content; exhaustive historical object/storage census""}",,,,,,
dedup_branch_history,dedup-history-metadata-10,PASS,4.670538125006715,f592c3ae20935d7623d465e8aacf22703c6861876d758117adba705110f2d0fc,446df40465ad55181b95112968f999534c7d6cb1a2f4d22b4014ecdda120b493,0fd04c2a392cf287e26afbdec70e3524d4b52a8bf194b9c02a907f50d4a9d38a,sha256:8e74a58284a6e8c22ac9cbf60231f69217c3cae31c231ef17b0afd81726b8249,verification/dedup_branch_history/dedup-history-metadata-10/verification.json,"[""no exhaustive Phase 1 replay""]",[],"{""type"":""sampled-history"",""summary"":""all parent links; snapshots [0, 1, 2, 3, 4, 5, 6, 7, 8, 9, 10]"",""verified_steps"":[0,1,2,3,4,5,6,7,8,9,10],""omissions"":""unselected historical snapshot content; exhaustive historical object/storage census""}",,,,,,
dedup_branch_history,dedup-history-metadata-100,PASS,4.432802542010904,f592c3ae20935d7623d465e8aacf22703c6861876d758117adba705110f2d0fc,446df40465ad55181b95112968f999534c7d6cb1a2f4d22b4014ecdda120b493,c80147ad446926c40ccfb06a011ad804582e1a8777ca7f8967841a25caf377ff,sha256:8e74a58284a6e8c22ac9cbf60231f69217c3cae31c231ef17b0afd81726b8249,verification/dedup_branch_history/dedup-history-metadata-100/verification.json,"[""no exhaustive Phase 1 replay""]",[],"{""type"":""sampled-history"",""summary"":""all parent links; snapshots [0, 1, 2, 49, 50, 99, 100]"",""verified_steps"":[0,1,2,49,50,99,100],""omissions"":""unselected historical snapshot content; exhaustive historical object/storage census""}",,,,,,
dedup_branch_history,dedup-history-metadata-500,PASS,8.003812166003627,f592c3ae20935d7623d465e8aacf22703c6861876d758117adba705110f2d0fc,446df40465ad55181b95112968f999534c7d6cb1a2f4d22b4014ecdda120b493,3d0280fe06fb25d6ac490aa8c88e50c185802e635f123b7f3b57302289d1bafc,sha256:8e74a58284a6e8c22ac9cbf60231f69217c3cae31c231ef17b0afd81726b8249,verification/dedup_branch_history/dedup-history-metadata-500/verification.json,"[""no exhaustive Phase 1 replay""]",[],"{""type"":""sampled-history"",""summary"":""all parent links; snapshots [0, 1, 2, 249, 250, 499, 500]"",""verified_steps"":[0,1,2,249,250,499,500],""omissions"":""unselected historical snapshot content; exhaustive historical object/storage census""}",,,,,,
dedup_branch_history,dedup-history-unrelated-1,PASS,3.1005180409993045,f592c3ae20935d7623d465e8aacf22703c6861876d758117adba705110f2d0fc,446df40465ad55181b95112968f999534c7d6cb1a2f4d22b4014ecdda120b493,cd37031f4888f7eeb328bc0ff75d0a62f88d67afc75b5a9a1744d024b317938e,sha256:8e74a58284a6e8c22ac9cbf60231f69217c3cae31c231ef17b0afd81726b8249,verification/dedup_branch_history/dedup-history-unrelated-1/verification.json,"[""no exhaustive Phase 1 replay""]",[],"{""type"":""sampled-history"",""summary"":""all parent links; snapshots [0, 1]"",""verified_steps"":[0,1],""omissions"":""unselected historical snapshot content; exhaustive historical object/storage census""}",,,,,,
dedup_branch_history,dedup-history-unrelated-10,PASS,13.448633166990476,f592c3ae20935d7623d465e8aacf22703c6861876d758117adba705110f2d0fc,446df40465ad55181b95112968f999534c7d6cb1a2f4d22b4014ecdda120b493,c6c7c33e2a40181566e47db3d22604f3409220cdd1fcc06fcfc791d006e8d6fa,sha256:8e74a58284a6e8c22ac9cbf60231f69217c3cae31c231ef17b0afd81726b8249,verification/dedup_branch_history/dedup-history-unrelated-10/verification.json,"[""no exhaustive Phase 1 replay""]",[],"{""type"":""sampled-history"",""summary"":""all parent links; snapshots [0, 1, 2, 3, 4, 5, 6, 7, 8, 9, 10]"",""verified_steps"":[0,1,2,3,4,5,6,7,8,9,10],""omissions"":""unselected historical snapshot content; exhaustive historical object/storage census""}",,,,,,
dedup_branch_history,dedup-history-unrelated-100-mixed-v2,PASS,6.536404583006515,f592c3ae20935d7623d465e8aacf22703c6861876d758117adba705110f2d0fc,446df40465ad55181b95112968f999534c7d6cb1a2f4d22b4014ecdda120b493,2463b03cfbae37c0615daa7ef2bf531a547e634fc5c36a87b193e14fa19bdefb,sha256:8e74a58284a6e8c22ac9cbf60231f69217c3cae31c231ef17b0afd81726b8249,verification/dedup_branch_history/dedup-history-unrelated-100-mixed-v2/verification.json,"[""no exhaustive Phase 1 replay"",""sampled Workspace proof: no exhaustive namespace, full-file bytes, object census, aliases, or failure injection""]","[""absent_paths="",""full_file_bytes_verified=false"",""full_namespace_verified=false"",""omissions=unselected paths, bytes beyond selected ranges, exhaustive inode/object/reference census, alias and failure injection semantics"",""sampled_paths=.\nmixed\nmixed/f000.dat\nmixed/f001.dat\nmixed/f006.dat\nmixed/f007.dat\nmixed/f009.dat"",""sampled_ranges=mixed/f000.dat:0..65536\nmixed/f000.dat:327680..393216\nmixed/f000.dat:589824..655360\nmixed/f001.dat:0..4096\nmixed/f006.dat:0..4096\nmixed/f007.dat:0..65536\nmixed/f009.dat:0..65536""]","{""type"":""sampled-content"",""summary"":""changed data and selected unchanged witnesses; qualified roots"",""details"":[]}",,,,,,
dedup_branch_history,dedup-history-unrelated-500-mixed-v2,PASS,26.312125584008754,f592c3ae20935d7623d465e8aacf22703c6861876d758117adba705110f2d0fc,446df40465ad55181b95112968f999534c7d6cb1a2f4d22b4014ecdda120b493,295720247b57e52f47a64293046e566b09971ddbd22574c87e38b56297df1731,sha256:8e74a58284a6e8c22ac9cbf60231f69217c3cae31c231ef17b0afd81726b8249,verification/dedup_branch_history/dedup-history-unrelated-500-mixed-v2/verification.json,"[""no exhaustive Phase 1 replay"",""sampled Workspace proof: no exhaustive namespace, full-file bytes, object census, aliases, or failure injection""]","[""absent_paths="",""full_file_bytes_verified=false"",""full_namespace_verified=false"",""omissions=unselected paths, bytes beyond selected ranges, exhaustive inode/object/reference census, alias and failure injection semantics"",""sampled_paths=.\nmixed\nmixed/f000.dat\nmixed/f001.dat\nmixed/f006.dat\nmixed/f007.dat\nmixed/f009.dat"",""sampled_ranges=mixed/f000.dat:0..65536\nmixed/f000.dat:327680..393216\nmixed/f000.dat:589824..655360\nmixed/f001.dat:0..4096\nmixed/f006.dat:0..4096\nmixed/f007.dat:0..65536\nmixed/f009.dat:0..65536""]","{""type"":""sampled-content"",""summary"":""changed data and selected unchanged witnesses; qualified roots"",""details"":[]}",,,,,,
git_tool_workflow,git-tool-1-compact-v2,PASS,5.136487332987599,f592c3ae20935d7623d465e8aacf22703c6861876d758117adba705110f2d0fc,446df40465ad55181b95112968f999534c7d6cb1a2f4d22b4014ecdda120b493,ae1db87efe97773d3c992d87f460c0fbe363b39d26c6218694ea45a57fed78e0,sha256:8e74a58284a6e8c22ac9cbf60231f69217c3cae31c231ef17b0afd81726b8249,verification/git_tool_workflow/git-tool-1-compact-v2/verification.json,"[""no exhaustive Phase 1 replay""]",[],"{""type"":""full-git-contract"",""summary"":""full head/tree/parent and reopened custody""}",,,,,,
git_tool_workflow,git-tool-10-compact-v2,PASS,6.751760874991305,f592c3ae20935d7623d465e8aacf22703c6861876d758117adba705110f2d0fc,446df40465ad55181b95112968f999534c7d6cb1a2f4d22b4014ecdda120b493,ecf2f521bdc912ea85bc6749b2c5d51399b0c31b4c38b40815fe1e2094f09c4c,sha256:8e74a58284a6e8c22ac9cbf60231f69217c3cae31c231ef17b0afd81726b8249,verification/git_tool_workflow/git-tool-10-compact-v2/verification.json,"[""no exhaustive Phase 1 replay""]",[],"{""type"":""full-git-contract"",""summary"":""full head/tree/parent and reopened custody""}",,,,,,
git_tool_workflow,git-tool-100-mixed-v4,PASS,20.203167208004743,f592c3ae20935d7623d465e8aacf22703c6861876d758117adba705110f2d0fc,446df40465ad55181b95112968f999534c7d6cb1a2f4d22b4014ecdda120b493,9e2a3ac72d47c6a138f06e5f12fd36d3b60d61b9ed9498e8d2cce9769e88079a,sha256:8e74a58284a6e8c22ac9cbf60231f69217c3cae31c231ef17b0afd81726b8249,verification/git_tool_workflow/git-tool-100-mixed-v4/verification.json,"[""no exhaustive Phase 1 replay""]",[],"{""type"":""full-git-contract"",""summary"":""full head/tree/parent and reopened custody""}",,,,,,
git_tool_workflow,git-tool-500-mixed-v4,PASS,36.88988016700023,f592c3ae20935d7623d465e8aacf22703c6861876d758117adba705110f2d0fc,446df40465ad55181b95112968f999534c7d6cb1a2f4d22b4014ecdda120b493,8ea1f02d0beeb02a5ce0ae2925cde6080974cd05da76e4f4998eca9cf73f9e44,sha256:8e74a58284a6e8c22ac9cbf60231f69217c3cae31c231ef17b0afd81726b8249,verification/git_tool_workflow/git-tool-500-mixed-v4/verification.json,"[""no exhaustive Phase 1 replay""]",[],"{""type"":""full-git-contract"",""summary"":""full head/tree/parent and reopened custody""}",,,,,,
mixed_load_bearing,agent-episodes-1-compact-v2,PASS,2.023686542001087,f592c3ae20935d7623d465e8aacf22703c6861876d758117adba705110f2d0fc,446df40465ad55181b95112968f999534c7d6cb1a2f4d22b4014ecdda120b493,80eea84bde0199d9d2de830b220fc264f598992e5169795092f7fc3a0fdfe541,sha256:8e74a58284a6e8c22ac9cbf60231f69217c3cae31c231ef17b0afd81726b8249,verification/mixed_load_bearing/agent-episodes-1-compact-v2/verification.json,"[""no exhaustive Phase 1 replay""]",[],"{""type"":""sampled-content"",""summary"":""changed data and selected unchanged witnesses; qualified roots"",""details"":[{""kind"":""fast-canonical-verification"",""receipt"":""{\""actual_read_logical_bytes\"": \""1089536\"", \""actual_read_regular_paths\"": \""55\"", \""authenticated_global_inodes\"": \""193\"", \""authenticated_namespace_paths\"": \""194\"", \""canonical_root\"": \""6ec6e2ba2127d3bad6a3e4b078deb0514b43d1d887161d6582dd9bd3c117b192\"", \""certificate_binding\"": \""57aaaffa6c4555926422dec7eb2e4c5aa427c54fc983cb4b8aef50fce6991308\"", \""covered_regular_paths\"": \""0\"", \""full_canonical_census_performed\"": \""false\"", \""fully_verified\"": \""false\"", \""has_reused_reference\"": \""false\"", \""reference_assurance\"": \""independent_current_content\"", \""reference_native_readback\"": \""false\"", \""reference_root_scope\"": \""none\"", \""scope\"": \""full current namespace/global inode/metadata/aliases; selected changed+witness bytes; unchanged file-state/extent/payload subgraph references certified, those current subgraph bytes not read\"", \""skipped_current_store_logical_bytes\"": \""0\"", \""skipped_current_store_regular_paths\"": \""0\"", \""verification_profile\"": \""fast-verify-v2\"", \""verification_status\"": \""fast_iteration_verified\""}"",""step"":1},{""coverage_sha256"":""e3b0c44298fc1c149afbf4c8996fb92427ae41e4649b934ca495991b7852b855"",""kind"":""fast-native-verification"",""receipt"":""absent_paths_verified=5\ncertificate_binding=57aaaffa6c4555926422dec7eb2e4c5aa427c54fc983cb4b8aef50fce6991308\nchanged_paths_declared=10\ncovered_paths_sha256=e3b0c44298fc1c149afbf4c8996fb92427ae41e4649b934ca495991b7852b855\nfast_witness_profile=native-fast-witness-v2:first-middle-last-seeded-per-namespace-length-depth-class;declared-read-targets\nfully_verified=false\nlogical_bytes=1089551\nnative_namespace_paths_verified=194\nnative_namespace_type_source=DirEntry::file_type;platform-metadata-fallback-permitted;skipped-counts-describe-unperformed-checks-not-syscalls\nnative_namespace_types_verified=194\noracle_identity_encoding=structural-entry-recipes-v1\noracle_scope=independent-delta-and-witnesses;complete-native-namespace;certified-unchanged-content-roots-checked-by-host\nreference_assurance=independent_current_content\nselected_independent_oracle_identity=6faa0dde0563f2e0f59c2dcb1188c0912394dc891bc6605e8d8a7264b1706da7\nselected_metadata_paths_verified=193\nselected_regular_bytes_verified=1089536\nselected_regular_paths_verified=55\nskipped_untouched_metadata_paths=1\nskipped_untouched_regular_bodies=0\nuncertified_regular_paths_checked=55\nverification_status=fast_iteration_verified\nwitness_paths_declared=145\n"",""step"":1}]}",,,,,,
mixed_load_bearing,agent-episodes-10-compact-v2,PASS,2.9848968330043135,f592c3ae20935d7623d465e8aacf22703c6861876d758117adba705110f2d0fc,446df40465ad55181b95112968f999534c7d6cb1a2f4d22b4014ecdda120b493,991c8651758b97b3715c6cdcf3f65f89aea5a27503878c888db8627af7f19b9c,sha256:8e74a58284a6e8c22ac9cbf60231f69217c3cae31c231ef17b0afd81726b8249,verification/mixed_load_bearing/agent-episodes-10-compact-v2/verification.json,"[""no exhaustive Phase 1 replay""]",[],"{""type"":""sampled-content"",""summary"":""changed data and selected unchanged witnesses; qualified roots"",""details"":[{""kind"":""fast-canonical-verification"",""receipt"":""{\""actual_read_logical_bytes\"": \""10895360\"", \""actual_read_regular_paths\"": \""550\"", \""authenticated_global_inodes\"": \""706\"", \""authenticated_namespace_paths\"": \""716\"", \""canonical_root\"": \""46249527ca6d76392e65553243b3621674a8f2da6d4b61824c5902f40c4dee9a\"", \""certificate_binding\"": \""ca6d788367bfe53c43b653d7b985844b55595484c82785ed957570e721a1a456\"", \""covered_regular_paths\"": \""0\"", \""full_canonical_census_performed\"": \""false\"", \""fully_verified\"": \""false\"", \""has_reused_reference\"": \""false\"", \""reference_assurance\"": \""independent_current_content\"", \""reference_native_readback\"": \""false\"", \""reference_root_scope\"": \""none\"", \""scope\"": \""full current namespace/global inode/metadata/aliases; selected changed+witness bytes; unchanged file-state/extent/payload subgraph references certified, those current subgraph bytes not read\"", \""skipped_current_store_logical_bytes\"": \""0\"", \""skipped_current_store_regular_paths\"": \""0\"", \""verification_profile\"": \""fast-verify-v2\"", \""verification_status\"": \""fast_iteration_verified\""}"",""step"":1},{""coverage_sha256"":""e3b0c44298fc1c149afbf4c8996fb92427ae41e4649b934ca495991b7852b855"",""kind"":""fast-native-verification"",""receipt"":""absent_paths_verified=50\ncertificate_binding=ca6d788367bfe53c43b653d7b985844b55595484c82785ed957570e721a1a456\nchanged_paths_declared=73\ncovered_paths_sha256=e3b0c44298fc1c149afbf4c8996fb92427ae41e4649b934ca495991b7852b855\nfast_witness_profile=native-fast-witness-v2:first-middle-last-seeded-per-namespace-length-depth-class;declared-read-targets\nfully_verified=false\nlogical_bytes=10895510\nnative_namespace_paths_verified=716\nnative_namespace_type_source=DirEntry::file_type;platform-metadata-fallback-permitted;skipped-counts-describe-unperformed-checks-not-syscalls\nnative_namespace_types_verified=716\noracle_identity_encoding=structural-entry-recipes-v1\noracle_scope=independent-delta-and-witnesses;complete-native-namespace;certified-unchanged-content-roots-checked-by-host\nreference_assurance=independent_current_content\nselected_independent_oracle_identity=cdf006309c76a574a8c94eb4c1f5adbae8771dd81ef34a86d637a9de89d07ac9\nselected_metadata_paths_verified=715\nselected_regular_bytes_verified=10895360\nselected_regular_paths_verified=550\nskipped_untouched_metadata_paths=1\nskipped_untouched_regular_bodies=0\nuncertified_regular_paths_checked=550\nverification_status=fast_iteration_verified\nwitness_paths_declared=157\n"",""step"":1}]}",,,,,,
mixed_load_bearing,agent-episodes-100,PASS,19.361520916994778,f592c3ae20935d7623d465e8aacf22703c6861876d758117adba705110f2d0fc,446df40465ad55181b95112968f999534c7d6cb1a2f4d22b4014ecdda120b493,615a5aa0e67ee556c8e5d2993ff595813297fa096df4672253840b1021d48905,sha256:8e74a58284a6e8c22ac9cbf60231f69217c3cae31c231ef17b0afd81726b8249,verification/mixed_load_bearing/agent-episodes-100/verification.json,"[""no exhaustive Phase 1 replay""]",[],"{""type"":""sampled-content"",""summary"":""changed data and selected unchanged witnesses; qualified roots"",""details"":[{""kind"":""fast-canonical-verification"",""receipt"":""{\""actual_read_logical_bytes\"": \""84312064\"", \""actual_read_regular_paths\"": \""14900\"", \""authenticated_global_inodes\"": \""15200\"", \""authenticated_namespace_paths\"": \""15700\"", \""canonical_root\"": \""421df75e4f00ce8bafeae9046629c376a75175a66d0e8010c7df3ec842cd15d2\"", \""certificate_binding\"": \""8402a17a8878988cc6d0049b2c9d119d4fafcff29fe99efb9a60c8d54dfc57ef\"", \""covered_regular_paths\"": \""0\"", \""full_canonical_census_performed\"": \""false\"", \""fully_verified\"": \""false\"", \""has_reused_reference\"": \""false\"", \""reference_assurance\"": \""independent_current_content\"", \""reference_native_readback\"": \""false\"", \""reference_root_scope\"": \""none\"", \""scope\"": \""full current namespace/global inode/metadata/aliases; selected changed+witness bytes; unchanged file-state/extent/payload subgraph references certified, those current subgraph bytes not read\"", \""skipped_current_store_logical_bytes\"": \""0\"", \""skipped_current_store_regular_paths\"": \""0\"", \""verification_profile\"": \""fast-verify-v2\"", \""verification_status\"": \""fast_iteration_verified\""}"",""step"":1},{""coverage_sha256"":""e3b0c44298fc1c149afbf4c8996fb92427ae41e4649b934ca495991b7852b855"",""kind"":""fast-native-verification"",""receipt"":""absent_paths_verified=500\ncertificate_binding=8402a17a8878988cc6d0049b2c9d119d4fafcff29fe99efb9a60c8d54dfc57ef\nchanged_paths_declared=703\ncovered_paths_sha256=e3b0c44298fc1c149afbf4c8996fb92427ae41e4649b934ca495991b7852b855\nfast_witness_profile=native-fast-witness-v2:first-middle-last-seeded-per-namespace-length-depth-class;declared-read-targets\nfully_verified=false\nlogical_bytes=84313564\nnative_namespace_paths_verified=15700\nnative_namespace_type_source=DirEntry::file_type;platform-metadata-fallback-permitted;skipped-counts-describe-unperformed-checks-not-syscalls\nnative_namespace_types_verified=15700\noracle_identity_encoding=structural-entry-recipes-v1\noracle_scope=independent-delta-and-witnesses;complete-native-namespace;certified-unchanged-content-roots-checked-by-host\nreference_assurance=independent_current_content\nselected_independent_oracle_identity=8832deca7a0fa96b977e077539efd13c42580bfe892e6d73c4aef313c6821894\nselected_metadata_paths_verified=15699\nselected_regular_bytes_verified=84312064\nselected_regular_paths_verified=14900\nskipped_untouched_metadata_paths=1\nskipped_untouched_regular_bodies=0\nuncertified_regular_paths_checked=14900\nverification_status=fast_iteration_verified\nwitness_paths_declared=168\n"",""step"":1}]}",,,,,,
mixed_load_bearing,agent-episodes-500,PASS,21.661483584000962,f592c3ae20935d7623d465e8aacf22703c6861876d758117adba705110f2d0fc,446df40465ad55181b95112968f999534c7d6cb1a2f4d22b4014ecdda120b493,75cd1de9681d934f8358c6206d76dd43997acd9c64c154aa348dfa537df6359e,sha256:8e74a58284a6e8c22ac9cbf60231f69217c3cae31c231ef17b0afd81726b8249,verification/mixed_load_bearing/agent-episodes-500/verification.json,"[""no exhaustive Phase 1 replay""]",[],"{""type"":""sampled-content"",""summary"":""changed data and selected unchanged witnesses; qualified roots"",""details"":[{""kind"":""fast-canonical-verification"",""receipt"":""{\""actual_read_logical_bytes\"": \""87588864\"", \""actual_read_regular_paths\"": \""15300\"", \""authenticated_global_inodes\"": \""16000\"", \""authenticated_namespace_paths\"": \""16500\"", \""canonical_root\"": \""c02ac8d8ad1d39556c307b3ea50299e7e5f23a681c974c7b417c76c878a8f492\"", \""certificate_binding\"": \""e4ecbeac5f895dd0b6034926561b5fe78f53995c3f4ad03584b136471813cb3e\"", \""covered_regular_paths\"": \""0\"", \""full_canonical_census_performed\"": \""false\"", \""fully_verified\"": \""false\"", \""has_reused_reference\"": \""false\"", \""reference_assurance\"": \""independent_current_content\"", \""reference_native_readback\"": \""false\"", \""reference_root_scope\"": \""none\"", \""scope\"": \""full current namespace/global inode/metadata/aliases; selected changed+witness bytes; unchanged file-state/extent/payload subgraph references certified, those current subgraph bytes not read\"", \""skipped_current_store_logical_bytes\"": \""0\"", \""skipped_current_store_regular_paths\"": \""0\"", \""verification_profile\"": \""fast-verify-v2\"", \""verification_status\"": \""fast_iteration_verified\""}"",""step"":1},{""coverage_sha256"":""e3b0c44298fc1c149afbf4c8996fb92427ae41e4649b934ca495991b7852b855"",""kind"":""fast-native-verification"",""receipt"":""absent_paths_verified=2500\ncertificate_binding=e4ecbeac5f895dd0b6034926561b5fe78f53995c3f4ad03584b136471813cb3e\nchanged_paths_declared=3503\ncovered_paths_sha256=e3b0c44298fc1c149afbf4c8996fb92427ae41e4649b934ca495991b7852b855\nfast_witness_profile=native-fast-witness-v2:first-middle-last-seeded-per-namespace-length-depth-class;declared-read-targets\nfully_verified=false\nlogical_bytes=87596364\nnative_namespace_paths_verified=16500\nnative_namespace_type_source=DirEntry::file_type;platform-metadata-fallback-permitted;skipped-counts-describe-unperformed-checks-not-syscalls\nnative_namespace_types_verified=16500\noracle_identity_encoding=structural-entry-recipes-v1\noracle_scope=independent-delta-and-witnesses;complete-native-namespace;certified-unchanged-content-roots-checked-by-host\nreference_assurance=independent_current_content\nselected_independent_oracle_identity=92716a749882d80eb6158f6c1045d5a542c89638f99721f31cbfa988262fd9ad\nselected_metadata_paths_verified=16499\nselected_regular_bytes_verified=87588864\nselected_regular_paths_verified=15300\nskipped_untouched_metadata_paths=1\nskipped_untouched_regular_bodies=0\nuncertified_regular_paths_checked=15300\nverification_status=fast_iteration_verified\nwitness_paths_declared=159\n"",""step"":1}]}",,,,,,
workspace_reliability,workspace-invalid-sdk-edit-compact-v2-proof,PASS,2.2472231249994365,f592c3ae20935d7623d465e8aacf22703c6861876d758117adba705110f2d0fc,446df40465ad55181b95112968f999534c7d6cb1a2f4d22b4014ecdda120b493,db95a39c746d6cb32eecbe1c6a86ac02e1c7cd87e4ec53677e14b4d9a7f37754,sha256:8e74a58284a6e8c22ac9cbf60231f69217c3cae31c231ef17b0afd81726b8249,verification/workspace_reliability/workspace-invalid-sdk-edit-compact-v2-proof/verification.json,"[""no exhaustive Phase 1 replay""]",[],"{""type"":""targeted-contract"",""summary"":""case-specific lifecycle/fault/recovery contract"",""details"":[{""detail"":""\""workspace-invalid-sdk-edit-compact-v2-proof pass\"""",""kind"":""proof-complete""}]}",,,,,,
workspace_reliability,workspace-invalid-namespace-compact-v2-proof,PASS,2.128260958008468,f592c3ae20935d7623d465e8aacf22703c6861876d758117adba705110f2d0fc,446df40465ad55181b95112968f999534c7d6cb1a2f4d22b4014ecdda120b493,1b749b59b8a4ef083f530844e684c91e92700a3a2c493f1dc5e8cb22eac94f2a,sha256:8e74a58284a6e8c22ac9cbf60231f69217c3cae31c231ef17b0afd81726b8249,verification/workspace_reliability/workspace-invalid-namespace-compact-v2-proof/verification.json,"[""no exhaustive Phase 1 replay""]",[],"{""type"":""targeted-contract"",""summary"":""case-specific lifecycle/fault/recovery contract"",""details"":[{""detail"":""\""workspace-invalid-namespace-compact-v2-proof pass\"""",""kind"":""proof-complete""}]}",,,,,,
workspace_reliability,workspace-lease-lifecycle-compact-v2-proof,PASS,2.226637125000707,f592c3ae20935d7623d465e8aacf22703c6861876d758117adba705110f2d0fc,446df40465ad55181b95112968f999534c7d6cb1a2f4d22b4014ecdda120b493,33277babf2e1e4a13caaf055b6de3e58963366bb1440bed17301c4df8e0c27c1,sha256:8e74a58284a6e8c22ac9cbf60231f69217c3cae31c231ef17b0afd81726b8249,verification/workspace_reliability/workspace-lease-lifecycle-compact-v2-proof/verification.json,"[""no exhaustive Phase 1 replay""]",[],"{""type"":""targeted-contract"",""summary"":""case-specific lifecycle/fault/recovery contract"",""details"":[{""detail"":""\""workspace-lease-lifecycle-compact-v2-proof pass\"""",""kind"":""proof-complete""}]}",,,,,,
workspace_reliability,workspace-open-writer-busy-compact-v2-proof,PASS,2.511351666995324,f592c3ae20935d7623d465e8aacf22703c6861876d758117adba705110f2d0fc,446df40465ad55181b95112968f999534c7d6cb1a2f4d22b4014ecdda120b493,1a1d8bf02afa823f6cbe1e609742ccb4d7d8c3b5529f5b9a0a31ec8c1da8de92,sha256:8e74a58284a6e8c22ac9cbf60231f69217c3cae31c231ef17b0afd81726b8249,verification/workspace_reliability/workspace-open-writer-busy-compact-v2-proof/verification.json,"[""no exhaustive Phase 1 replay""]",[],"{""type"":""targeted-contract"",""summary"":""case-specific lifecycle/fault/recovery contract"",""details"":[{""detail"":""\""workspace-open-writer-busy-compact-v2-proof pass\"""",""kind"":""proof-complete""}]}",,,,,,
workspace_reliability,workspace-live-execution-busy-compact-v2-proof,PASS,2.322063125000568,f592c3ae20935d7623d465e8aacf22703c6861876d758117adba705110f2d0fc,446df40465ad55181b95112968f999534c7d6cb1a2f4d22b4014ecdda120b493,9c4b293d571278d116b076779f641e4940ef12d87bdb06d89a0e50116d6977f2,sha256:8e74a58284a6e8c22ac9cbf60231f69217c3cae31c231ef17b0afd81726b8249,verification/workspace_reliability/workspace-live-execution-busy-compact-v2-proof/verification.json,"[""no exhaustive Phase 1 replay""]",[],"{""type"":""targeted-contract"",""summary"":""case-specific lifecycle/fault/recovery contract"",""details"":[{""detail"":""\""workspace-live-execution-busy-compact-v2-proof pass\"""",""kind"":""proof-complete""}]}",,,,,,
workspace_reliability,workspace-candidate-failure-retry-compact-v2-proof,PASS,2.1518283750046976,f592c3ae20935d7623d465e8aacf22703c6861876d758117adba705110f2d0fc,446df40465ad55181b95112968f999534c7d6cb1a2f4d22b4014ecdda120b493,9351cba715eefccffa29c29c91cdb016ed7d6e35683d8bad219fe329cf1edb40,sha256:8e74a58284a6e8c22ac9cbf60231f69217c3cae31c231ef17b0afd81726b8249,verification/workspace_reliability/workspace-candidate-failure-retry-compact-v2-proof/verification.json,"[""no exhaustive Phase 1 replay""]",[],"{""type"":""targeted-contract"",""summary"":""case-specific lifecycle/fault/recovery contract"",""details"":[{""detail"":""VerificationFaultReceipt { branch: BranchId(1101a08423948e72b0a4dbcdd5afb9fdf3), fault: Candidate, hit_count: 1, spool_bytes_before: 0 }"",""kind"":""fault-reachability""},{""detail"":""\""workspace-candidate-failure-retry-compact-v2-proof pass\"""",""kind"":""proof-complete""}]}",,,,,,
workspace_reliability,workspace-admission-batch-failure-retry-compact-v2-proof,PASS,3.3047050000022864,f592c3ae20935d7623d465e8aacf22703c6861876d758117adba705110f2d0fc,446df40465ad55181b95112968f999534c7d6cb1a2f4d22b4014ecdda120b493,e473a8d6c3b1589ccf4b6cda76c35b1c9088e9cebd5686cf6b2e632559b87114,sha256:8e74a58284a6e8c22ac9cbf60231f69217c3cae31c231ef17b0afd81726b8249,verification/workspace_reliability/workspace-admission-batch-failure-retry-compact-v2-proof/verification.json,"[""no exhaustive Phase 1 replay""]",[],"{""type"":""targeted-contract"",""summary"":""case-specific lifecycle/fault/recovery contract"",""details"":[{""detail"":""\""workspace-admission-batch-failure-retry-compact-v2-proof pass\"""",""kind"":""proof-complete""}]}",,,,,,
workspace_reliability,workspace-final-publication-failure-retry-compact-v2-proof,PASS,3.2135843329888303,f592c3ae20935d7623d465e8aacf22703c6861876d758117adba705110f2d0fc,446df40465ad55181b95112968f999534c7d6cb1a2f4d22b4014ecdda120b493,baf04b9358ef2377ad57d6523891319e5357f11295d77fd765523b00f313233a,sha256:8e74a58284a6e8c22ac9cbf60231f69217c3cae31c231ef17b0afd81726b8249,verification/workspace_reliability/workspace-final-publication-failure-retry-compact-v2-proof/verification.json,"[""no exhaustive Phase 1 replay""]",[],"{""type"":""targeted-contract"",""summary"":""case-specific lifecycle/fault/recovery contract"",""details"":[{""detail"":""\""workspace-final-publication-failure-retry-compact-v2-proof pass\"""",""kind"":""proof-complete""}]}",,,,,,
workspace_reliability,workspace-published-presentation-failure-smoke-v3-proof,PASS,1.9959435829950962,f592c3ae20935d7623d465e8aacf22703c6861876d758117adba705110f2d0fc,446df40465ad55181b95112968f999534c7d6cb1a2f4d22b4014ecdda120b493,b1bb2ca901c47c6922af4acbbc3eed9d2859b8492297d8f3cc788fcde47c2c71,sha256:8e74a58284a6e8c22ac9cbf60231f69217c3cae31c231ef17b0afd81726b8249,verification/workspace_reliability/workspace-published-presentation-failure-smoke-v3-proof/verification.json,"[""no exhaustive Phase 1 replay""]",[],"{""type"":""targeted-contract"",""summary"":""case-specific lifecycle/fault/recovery contract"",""details"":[{""detail"":""VerificationFaultReceipt { branch: BranchId(1101a08423eeb374b0b70dba0895c0be8f), fault: PresentationResume, hit_count: 1, spool_bytes_before: 0 }"",""kind"":""fault-reachability""},{""detail"":""\""workspace-published-presentation-failure-smoke-v3-proof pass\"""",""kind"":""proof-complete""}]}",,,,,,
workspace_reliability,workspace-dirty-end-discard-compact-v2-proof,PASS,1.9497576660069171,f592c3ae20935d7623d465e8aacf22703c6861876d758117adba705110f2d0fc,446df40465ad55181b95112968f999534c7d6cb1a2f4d22b4014ecdda120b493,88225ed25ea9bf5b6ea950c1501ed107034d898a623ddc41584e56340cf38ae2,sha256:8e74a58284a6e8c22ac9cbf60231f69217c3cae31c231ef17b0afd81726b8249,verification/workspace_reliability/workspace-dirty-end-discard-compact-v2-proof/verification.json,"[""no exhaustive Phase 1 replay""]",[],"{""type"":""targeted-contract"",""summary"":""case-specific lifecycle/fault/recovery contract"",""details"":[{""detail"":""\""workspace-dirty-end-discard-compact-v2-proof pass\"""",""kind"":""proof-complete""}]}",,,,,,
workspace_reliability,workspace-dirty-net-zero-compact-v2-proof,PASS,2.106014042001334,f592c3ae20935d7623d465e8aacf22703c6861876d758117adba705110f2d0fc,446df40465ad55181b95112968f999534c7d6cb1a2f4d22b4014ecdda120b493,0e68aafc97f9f41c7b423c3abe15d3a2508ccc90e1d9572900989023168e5124,sha256:8e74a58284a6e8c22ac9cbf60231f69217c3cae31c231ef17b0afd81726b8249,verification/workspace_reliability/workspace-dirty-net-zero-compact-v2-proof/verification.json,"[""no exhaustive Phase 1 replay""]",[],"{""type"":""targeted-contract"",""summary"":""case-specific lifecycle/fault/recovery contract"",""details"":[{""detail"":""\""workspace-dirty-net-zero-compact-v2-proof pass\"""",""kind"":""proof-complete""}]}",,,,,,
workspace_reliability,workspace-short-spool-write-compact-v2-proof,PASS,2.149599208001746,f592c3ae20935d7623d465e8aacf22703c6861876d758117adba705110f2d0fc,446df40465ad55181b95112968f999534c7d6cb1a2f4d22b4014ecdda120b493,6cf62129bd7f4924ffe3029fd73a9d1539d63d0491964b4be2c0c75b9e3f893c,sha256:8e74a58284a6e8c22ac9cbf60231f69217c3cae31c231ef17b0afd81726b8249,verification/workspace_reliability/workspace-short-spool-write-compact-v2-proof/verification.json,"[""no exhaustive Phase 1 replay""]",[],"{""type"":""targeted-contract"",""summary"":""case-specific lifecycle/fault/recovery contract"",""details"":[{""detail"":""VerificationFaultReceipt { branch: BranchId(1101a08423948e72b0a4dbcdd5afb9fdf3), fault: ShortAppend, hit_count: 1, spool_bytes_before: 4096 }"",""kind"":""fault-reachability""},{""detail"":""\""workspace-short-spool-write-compact-v2-proof pass\"""",""kind"":""proof-complete""}]}",,,,,,
workspace_reliability,workspace-deferred-nospace-compact-v2-proof,PASS,2.0626066669938155,f592c3ae20935d7623d465e8aacf22703c6861876d758117adba705110f2d0fc,446df40465ad55181b95112968f999534c7d6cb1a2f4d22b4014ecdda120b493,e4ec248a0b3985fe1320dfff7c39c5284bbcf984e41f79b18bd6d53785b15e25,sha256:8e74a58284a6e8c22ac9cbf60231f69217c3cae31c231ef17b0afd81726b8249,verification/workspace_reliability/workspace-deferred-nospace-compact-v2-proof/verification.json,"[""no exhaustive Phase 1 replay""]",[],"{""type"":""targeted-contract"",""summary"":""case-specific lifecycle/fault/recovery contract"",""details"":[{""detail"":""VerificationFaultReceipt { branch: BranchId(1101a08423948e72b0a4dbcdd5afb9fdf3), fault: NoSpace, hit_count: 1, spool_bytes_before: 4096 }"",""kind"":""fault-reachability""},{""detail"":""\""workspace-deferred-nospace-compact-v2-proof pass\"""",""kind"":""proof-complete""}]}",,,,,,
workspace_reliability,workspace-workload-cancel-compact-v2-proof,PASS,2.599535083005321,f592c3ae20935d7623d465e8aacf22703c6861876d758117adba705110f2d0fc,446df40465ad55181b95112968f999534c7d6cb1a2f4d22b4014ecdda120b493,3576a11167538dbe88f8ea745875e987d8efd3b402b2c4c03c719d268974cc88,sha256:8e74a58284a6e8c22ac9cbf60231f69217c3cae31c231ef17b0afd81726b8249,verification/workspace_reliability/workspace-workload-cancel-compact-v2-proof/verification.json,"[""no exhaustive Phase 1 replay""]",[],"{""type"":""targeted-contract"",""summary"":""case-specific lifecycle/fault/recovery contract"",""details"":[{""detail"":""\""workspace-workload-cancel-compact-v2-proof pass\"""",""kind"":""proof-complete""}]}",,,,,,
workspace_reliability,workspace-dirty-runtime-disconnect-compact-v2-proof,PASS,2.5736062500072876,f592c3ae20935d7623d465e8aacf22703c6861876d758117adba705110f2d0fc,446df40465ad55181b95112968f999534c7d6cb1a2f4d22b4014ecdda120b493,89ffb6d4886db9c47739602c5364438537b0066719b0bd00961ec0df0a98e410,sha256:8e74a58284a6e8c22ac9cbf60231f69217c3cae31c231ef17b0afd81726b8249,verification/workspace_reliability/workspace-dirty-runtime-disconnect-compact-v2-proof/verification.json,"[""no exhaustive Phase 1 replay""]",[],"{""type"":""targeted-contract"",""summary"":""case-specific lifecycle/fault/recovery contract"",""details"":[{""detail"":""\""workspace-dirty-runtime-disconnect-compact-v2-proof pass\"""",""kind"":""proof-complete""}]}",,,,,,
workspace_reliability,workspace-corrupt-descendant-compact-v2-proof,PASS,2.0514488750050077,f592c3ae20935d7623d465e8aacf22703c6861876d758117adba705110f2d0fc,446df40465ad55181b95112968f999534c7d6cb1a2f4d22b4014ecdda120b493,dbfec512960bf8c947985c7cf9e9d15dde3b231b33384f3da93c77703516371b,sha256:8e74a58284a6e8c22ac9cbf60231f69217c3cae31c231ef17b0afd81726b8249,verification/workspace_reliability/workspace-corrupt-descendant-compact-v2-proof/verification.json,"[""no exhaustive Phase 1 replay""]",[],"{""type"":""targeted-contract"",""summary"":""case-specific lifecycle/fault/recovery contract"",""details"":[{""detail"":""\""workspace-corrupt-descendant-compact-v2-proof pass\"""",""kind"":""proof-complete""}]}",,,,,,
workspace_reliability,workspace-missing-descendant-compact-v2-proof,PASS,1.8005512090021512,f592c3ae20935d7623d465e8aacf22703c6861876d758117adba705110f2d0fc,446df40465ad55181b95112968f999534c7d6cb1a2f4d22b4014ecdda120b493,80fc3427150c5db613fb17f1947478bfcec30dc4ce8b72686fd634d4d6e87fb5,sha256:8e74a58284a6e8c22ac9cbf60231f69217c3cae31c231ef17b0afd81726b8249,verification/workspace_reliability/workspace-missing-descendant-compact-v2-proof/verification.json,"[""no exhaustive Phase 1 replay""]",[],"{""type"":""targeted-contract"",""summary"":""case-specific lifecycle/fault/recovery contract"",""details"":[{""detail"":""\""workspace-missing-descendant-compact-v2-proof pass\"""",""kind"":""proof-complete""}]}",,,,,,
workspace_reliability,workspace-parallel-read-write-compact-v2-proof,PASS,2.347034167003585,f592c3ae20935d7623d465e8aacf22703c6861876d758117adba705110f2d0fc,446df40465ad55181b95112968f999534c7d6cb1a2f4d22b4014ecdda120b493,ce8326dfca9341497e47a6e4db4401c78858f628c22f4db8009c57386b64464e,sha256:8e74a58284a6e8c22ac9cbf60231f69217c3cae31c231ef17b0afd81726b8249,verification/workspace_reliability/workspace-parallel-read-write-compact-v2-proof/verification.json,"[""no exhaustive Phase 1 replay""]",[],"{""type"":""targeted-contract"",""summary"":""case-specific lifecycle/fault/recovery contract"",""details"":[{""detail"":""\""workspace-parallel-read-write-compact-v2-proof pass\"""",""kind"":""proof-complete""}]}",,,,,,
workspace_reliability,workspace-shared-path-contention-compact-v2-proof,PASS,2.2403678330010734,f592c3ae20935d7623d465e8aacf22703c6861876d758117adba705110f2d0fc,446df40465ad55181b95112968f999534c7d6cb1a2f4d22b4014ecdda120b493,1351a0e228c52593e0bed08a5d434abef362ce674e6f37add57f00b1e33312db,sha256:8e74a58284a6e8c22ac9cbf60231f69217c3cae31c231ef17b0afd81726b8249,verification/workspace_reliability/workspace-shared-path-contention-compact-v2-proof/verification.json,"[""no exhaustive Phase 1 replay""]",[],"{""type"":""targeted-contract"",""summary"":""case-specific lifecycle/fault/recovery contract"",""details"":[{""detail"":""\""workspace-shared-path-contention-compact-v2-proof pass\"""",""kind"":""proof-complete""}]}",,,,,,
workspace_reliability,workspace-hardlink-alias-compact-v2-proof,PASS,2.0260079169966048,f592c3ae20935d7623d465e8aacf22703c6861876d758117adba705110f2d0fc,446df40465ad55181b95112968f999534c7d6cb1a2f4d22b4014ecdda120b493,0d4e7d726b876fb5abc784f2aef9277b7458552ffb73f152acc1c4a58d31d31a,sha256:8e74a58284a6e8c22ac9cbf60231f69217c3cae31c231ef17b0afd81726b8249,verification/workspace_reliability/workspace-hardlink-alias-compact-v2-proof/verification.json,"[""no exhaustive Phase 1 replay""]",[],"{""type"":""targeted-contract"",""summary"":""case-specific lifecycle/fault/recovery contract"",""details"":[{""detail"":""\""workspace-hardlink-alias-compact-v2-proof pass\"""",""kind"":""proof-complete""}]}",,,,,,
workspace_reliability,workspace-symlink-semantics-compact-v2-proof,PASS,2.1404060409986414,f592c3ae20935d7623d465e8aacf22703c6861876d758117adba705110f2d0fc,446df40465ad55181b95112968f999534c7d6cb1a2f4d22b4014ecdda120b493,f02aa94237bc939c2ea3a5f3e1443013e72d2fde2b7f89668c870f73cfcc894b,sha256:8e74a58284a6e8c22ac9cbf60231f69217c3cae31c231ef17b0afd81726b8249,verification/workspace_reliability/workspace-symlink-semantics-compact-v2-proof/verification.json,"[""no exhaustive Phase 1 replay""]",[],"{""type"":""targeted-contract"",""summary"":""case-specific lifecycle/fault/recovery contract"",""details"":[{""detail"":""\""workspace-symlink-semantics-compact-v2-proof pass\"""",""kind"":""proof-complete""}]}",,,,,,
workspace_reliability,workspace-open-rename-unlink-compact-v2-proof,PASS,2.2421420409955317,f592c3ae20935d7623d465e8aacf22703c6861876d758117adba705110f2d0fc,446df40465ad55181b95112968f999534c7d6cb1a2f4d22b4014ecdda120b493,731891e4ded7c3fc3db80dc97accad6651500d91e392c3d7579c9356c25fe7d7,sha256:8e74a58284a6e8c22ac9cbf60231f69217c3cae31c231ef17b0afd81726b8249,verification/workspace_reliability/workspace-open-rename-unlink-compact-v2-proof/verification.json,"[""no exhaustive Phase 1 replay""]",[],"{""type"":""targeted-contract"",""summary"":""case-specific lifecycle/fault/recovery contract"",""details"":[{""detail"":""\""workspace-open-rename-unlink-compact-v2-proof pass\"""",""kind"":""proof-complete""}]}",,,,,,
workspace_reliability,workspace-metadata-chmod-compact-v2-proof,PASS,2.2962617500015767,f592c3ae20935d7623d465e8aacf22703c6861876d758117adba705110f2d0fc,446df40465ad55181b95112968f999534c7d6cb1a2f4d22b4014ecdda120b493,771c177af4c0e6d4d7161eb4fb44f43cdb648d34e5db8e35ac6a6c1337437b24,sha256:8e74a58284a6e8c22ac9cbf60231f69217c3cae31c231ef17b0afd81726b8249,verification/workspace_reliability/workspace-metadata-chmod-compact-v2-proof/verification.json,"[""no exhaustive Phase 1 replay""]",[],"{""type"":""targeted-contract"",""summary"":""case-specific lifecycle/fault/recovery contract"",""details"":[{""detail"":""\""workspace-metadata-chmod-compact-v2-proof pass\"""",""kind"":""proof-complete""}]}",,,,,,
workspace_reliability,workspace-metadata-mtime-compact-v2-proof,PASS,2.1066658750060014,f592c3ae20935d7623d465e8aacf22703c6861876d758117adba705110f2d0fc,446df40465ad55181b95112968f999534c7d6cb1a2f4d22b4014ecdda120b493,08e6cac2dcbf407186af0ab570489b09154e6dd31e5be184694fcc6357e53b37,sha256:8e74a58284a6e8c22ac9cbf60231f69217c3cae31c231ef17b0afd81726b8249,verification/workspace_reliability/workspace-metadata-mtime-compact-v2-proof/verification.json,"[""no exhaustive Phase 1 replay""]",[],"{""type"":""targeted-contract"",""summary"":""case-specific lifecycle/fault/recovery contract"",""details"":[{""detail"":""\""workspace-metadata-mtime-compact-v2-proof pass\"""",""kind"":""proof-complete""}]}",,,,,,
workspace_reliability,workspace-metadata-xattr-compact-v2-proof,PASS,2.1019235410058172,f592c3ae20935d7623d465e8aacf22703c6861876d758117adba705110f2d0fc,446df40465ad55181b95112968f999534c7d6cb1a2f4d22b4014ecdda120b493,3a2759a66a6314f38ce2441460cf6ec75578b3dfa783658d0516e9715ce3c607,sha256:8e74a58284a6e8c22ac9cbf60231f69217c3cae31c231ef17b0afd81726b8249,verification/workspace_reliability/workspace-metadata-xattr-compact-v2-proof/verification.json,"[""no exhaustive Phase 1 replay""]",[],"{""type"":""targeted-contract"",""summary"":""case-specific lifecycle/fault/recovery contract"",""details"":[{""detail"":""\""workspace-metadata-xattr-compact-v2-proof pass\"""",""kind"":""proof-complete""}]}",,,,,,
workspace_reliability,workspace-exec-500-compact-v2-proof,PASS,10.43746691699198,f592c3ae20935d7623d465e8aacf22703c6861876d758117adba705110f2d0fc,446df40465ad55181b95112968f999534c7d6cb1a2f4d22b4014ecdda120b493,606e1b0cc8c9acc45efdce13fd41d8f703bc33020e2f11770e9f105f1272645d,sha256:8e74a58284a6e8c22ac9cbf60231f69217c3cae31c231ef17b0afd81726b8249,verification/workspace_reliability/workspace-exec-500-compact-v2-proof/verification.json,"[""no exhaustive Phase 1 replay""]",[],"{""type"":""targeted-contract"",""summary"":""case-specific lifecycle/fault/recovery contract"",""details"":[{""detail"":""\""workspace-exec-500-compact-v2-proof pass\"""",""kind"":""proof-complete""}]}",,,,,,
workspace_reliability,workspace-repeat-publication-compact-v2-proof,PASS,2.169134709009086,f592c3ae20935d7623d465e8aacf22703c6861876d758117adba705110f2d0fc,446df40465ad55181b95112968f999534c7d6cb1a2f4d22b4014ecdda120b493,40b18add0741996231dcb507edba1782f2ad29225be1e48698fd77c3e7c86b90,sha256:8e74a58284a6e8c22ac9cbf60231f69217c3cae31c231ef17b0afd81726b8249,verification/workspace_reliability/workspace-repeat-publication-compact-v2-proof/verification.json,"[""no exhaustive Phase 1 replay""]",[],"{""type"":""targeted-contract"",""summary"":""case-specific lifecycle/fault/recovery contract"",""details"":[{""detail"":""\""workspace-repeat-publication-compact-v2-proof pass\"""",""kind"":""proof-complete""}]}",,,,,,
workspace_reliability,workspace-sustained-600s-compact-v2-proof,NOT_RUN_OPTIONAL,,,,,,,null,null,null,,,,,,
