family,case,phase,outcome,source_seal,timer,elapsed_ns,sample_count,allocated_store_bytes,allocated_store_decimal_MB,apparent_store_bytes,preparation_ns,command_wall_ns,verification_wall_seconds,cleanup_status,receipt,receipt_sha256
payload_create_read,payload-create-1m-compact-v2,performance,PASS,cbc0531c03405d8e9903f313cd37131af27f0dccd0fc8e58e575274b773cb10b,pure_call_sum_ns,32353043,1,1146880,1.14688,1146880,639910250,393440042,,PASS,/Users/yifanxu/Ephemeral-AI-Lab/layerfs-issue104-evidence/campaign-20260910T1115Z/run/candidate/attempt-1/performance/payload_create_read/payload-create-1m-compact-v2/perf.jsonl,c9b9120e9dc5694563c52e42b9535b4661bb1bfd412e5dbfa188d90bbdcb80d8
payload_create_read,payload-create-10m-compact-v2,performance,PASS,cbc0531c03405d8e9903f313cd37131af27f0dccd0fc8e58e575274b773cb10b,pure_call_sum_ns,91859374,1,10694656,10.694656,10694656,495574208,441661333,,PASS,/Users/yifanxu/Ephemeral-AI-Lab/layerfs-issue104-evidence/campaign-20260910T1115Z/run/candidate/attempt-1/performance/payload_create_read/payload-create-10m-compact-v2/perf.jsonl,b5757070ded4a628f9734798100e51ffa47cc30d353f34f6236e08fc0ea51773
payload_create_read,payload-create-100m,performance,PASS,cbc0531c03405d8e9903f313cd37131af27f0dccd0fc8e58e575274b773cb10b,pure_call_sum_ns,655972874,1,106102784,106.102784,106102784,486399542,1065219791,,PASS,/Users/yifanxu/Ephemeral-AI-Lab/layerfs-issue104-evidence/campaign-20260910T1115Z/run/candidate/attempt-1/performance/payload_create_read/payload-create-100m/perf.jsonl,922f228055b7af407136a92fb9e5b83995f96f9d8498b5d93de6da15f0eeac5b
payload_create_read,payload-create-500m,performance,PASS,cbc0531c03405d8e9903f313cd37131af27f0dccd0fc8e58e575274b773cb10b,pure_call_sum_ns,2658551626,1,536887296,536.887296,530333696,484276375,3231323417,,PASS,/Users/yifanxu/Ephemeral-AI-Lab/layerfs-issue104-evidence/campaign-20260910T1115Z/run/candidate/attempt-1/performance/payload_create_read/payload-create-500m/perf.jsonl,09f21cb45015daba8d8685c2c9c762bdba9fd1d1f1f1da9bd6e72a9cd7c9e6aa
payload_create_read,payload-random-read-1-compact-v2,performance,PASS,cbc0531c03405d8e9903f313cd37131af27f0dccd0fc8e58e575274b773cb10b,pure_call_sum_ns,14495292,1,1146880,1.14688,1146880,553628916,335474375,,PASS,/Users/yifanxu/Ephemeral-AI-Lab/layerfs-issue104-evidence/campaign-20260910T1115Z/run/candidate/attempt-1/performance/payload_create_read/payload-random-read-1-compact-v2/perf.jsonl,5464ba3e3d854081661247a1d83062899e790db542cb0ce103e8291455a28812
payload_create_read,payload-random-read-10-compact-v2,performance,PASS,cbc0531c03405d8e9903f313cd37131af27f0dccd0fc8e58e575274b773cb10b,pure_call_sum_ns,19500001,1,10694656,10.694656,10694656,755787625,348638667,,PASS,/Users/yifanxu/Ephemeral-AI-Lab/layerfs-issue104-evidence/campaign-20260910T1115Z/run/candidate/attempt-1/performance/payload_create_read/payload-random-read-10-compact-v2/perf.jsonl,3c695b414d3d1664f424cdcac38e8c7e7791618f520d417c1224fb6c4cad928b
payload_create_read,payload-random-read-100,performance,PASS,cbc0531c03405d8e9903f313cd37131af27f0dccd0fc8e58e575274b773cb10b,pure_call_sum_ns,59625125,1,530350080,530.35008,530350080,7745969083,430927542,,PASS,/Users/yifanxu/Ephemeral-AI-Lab/layerfs-issue104-evidence/campaign-20260910T1115Z/run/candidate/attempt-1/performance/payload_create_read/payload-random-read-100/perf.jsonl,5540801a892337007716faf0d8583a7ea2dd8c15f6943c2e0cefb54692d176da
payload_create_read,payload-random-read-500,performance,PASS,cbc0531c03405d8e9903f313cd37131af27f0dccd0fc8e58e575274b773cb10b,pure_call_sum_ns,242044917,1,530350080,530.35008,530350080,2034795667,644079125,,PASS,/Users/yifanxu/Ephemeral-AI-Lab/layerfs-issue104-evidence/campaign-20260910T1115Z/run/candidate/attempt-1/performance/payload_create_read/payload-random-read-500/perf.jsonl,9ea4e30cdd7cfd2e9a6235714f2fa33af75a3c55d55361918619c8bb5b313211
payload_create_read,payload-create-1m-compact-v2,verification,PASS,53f90fe4f6693845ee9947f5b1db7af81094474e32d0fbcdd08130521326ac58,,,,1146880,1.14688,1146880,14783757791,550060042,15.93735870800083,PASS,/Users/yifanxu/Ephemeral-AI-Lab/layerfs-issue104-evidence/campaign-20260910T1115Z/run/candidate/attempt-2/verification/payload_create_read/payload-create-1m-compact-v2/verification.json,a0075579131c0c39758f1df8e1e830fad7bae5978671b1fac4deb226b42aed83
payload_create_read,payload-create-10m-compact-v2,verification,PASS,53f90fe4f6693845ee9947f5b1db7af81094474e32d0fbcdd08130521326ac58,,,,10694656,10.694656,10694656,601546167,706186875,1.9544017920015904,PASS,/Users/yifanxu/Ephemeral-AI-Lab/layerfs-issue104-evidence/campaign-20260910T1115Z/run/candidate/attempt-2/verification/payload_create_read/payload-create-10m-compact-v2/verification.json,7b043c3b8536d5241ecc60b1878625d961a43227951f914094f777743c954820
payload_create_read,payload-create-100m,verification,PASS,53f90fe4f6693845ee9947f5b1db7af81094474e32d0fbcdd08130521326ac58,,,,106102784,106.102784,106102784,543159875,2236516083,3.4727436249995662,PASS,/Users/yifanxu/Ephemeral-AI-Lab/layerfs-issue104-evidence/campaign-20260910T1115Z/run/candidate/attempt-2/verification/payload_create_read/payload-create-100m/verification.json,d95590660adb6a8e6dfedb203b651072623470902f0055e5b110db93e1d509e5
payload_create_read,payload-create-500m,verification,PASS,53f90fe4f6693845ee9947f5b1db7af81094474e32d0fbcdd08130521326ac58,,,,536887296,536.887296,530333696,505662708,8890200750,10.101710416998685,PASS,/Users/yifanxu/Ephemeral-AI-Lab/layerfs-issue104-evidence/campaign-20260910T1115Z/run/candidate/attempt-2/verification/payload_create_read/payload-create-500m/verification.json,810c70cd4f2f61979f0310244054602178d5b39470865251b76876044dde2f5f
payload_create_read,payload-random-read-1-compact-v2,verification,PASS,53f90fe4f6693845ee9947f5b1db7af81094474e32d0fbcdd08130521326ac58,,,,1146880,1.14688,1146880,562423250,555488709,1.7672796670012758,PASS,/Users/yifanxu/Ephemeral-AI-Lab/layerfs-issue104-evidence/campaign-20260910T1115Z/run/candidate/attempt-2/verification/payload_create_read/payload-random-read-1-compact-v2/verification.json,fe76f07e82a8f9a4dcd37caaddfd9b9d7c25a020730ddc7161341d2cdbbc183c
payload_create_read,payload-random-read-10-compact-v2,verification,PASS,53f90fe4f6693845ee9947f5b1db7af81094474e32d0fbcdd08130521326ac58,,,,10694656,10.694656,10694656,524342709,650175167,1.7953194580004492,PASS,/Users/yifanxu/Ephemeral-AI-Lab/layerfs-issue104-evidence/campaign-20260910T1115Z/run/candidate/attempt-2/verification/payload_create_read/payload-random-read-10-compact-v2/verification.json,7f1188104ae70a9c87e7f2eccf2e6ffb3fc4296ee581017cc4036185f10429f8
payload_create_read,payload-random-read-100,verification,PASS,53f90fe4f6693845ee9947f5b1db7af81094474e32d0fbcdd08130521326ac58,,,,530350080,530.35008,530350080,2084213167,6357298917,9.461487791999389,PASS,/Users/yifanxu/Ephemeral-AI-Lab/layerfs-issue104-evidence/campaign-20260910T1115Z/run/candidate/attempt-2/verification/payload_create_read/payload-random-read-100/verification.json,8de93022526ef857b172415c38b363fd4a5c8222870a60781d59347ba8d06fd7
payload_create_read,payload-random-read-500,verification,PASS,53f90fe4f6693845ee9947f5b1db7af81094474e32d0fbcdd08130521326ac58,,,,530350080,530.35008,530350080,2069913708,6545182042,9.589789208999719,PASS,/Users/yifanxu/Ephemeral-AI-Lab/layerfs-issue104-evidence/campaign-20260910T1115Z/run/candidate/attempt-2/verification/payload_create_read/payload-random-read-500/verification.json,289f1adcfdde4fbd9ebde38a65d8ed1fb96b78d84dd2080dfef49fc002ae7878
dedup_workspace_reuse,dedup-workspace-exact-1-compact-v2,performance,PASS,53f90fe4f6693845ee9947f5b1db7af81094474e32d0fbcdd08130521326ac58,pure_call_sum_ns,30232666,1,1142784,1.142784,1142784,550257541,388245833,,PASS,/Users/yifanxu/Ephemeral-AI-Lab/layerfs-issue104-evidence/campaign-20260910T1115Z/run/candidate/attempt-1/performance/dedup_workspace_reuse/dedup-workspace-exact-1-compact-v2/perf.jsonl,6edfd19774f7487bc9d27eb56013e83d589eb405431568e624e0b9724dad9b2c
dedup_workspace_reuse,dedup-workspace-exact-10-compact-v2,performance,PASS,53f90fe4f6693845ee9947f5b1db7af81094474e32d0fbcdd08130521326ac58,pure_call_sum_ns,89552459,1,10698752,10.698752,10698752,726563500,440210583,,PASS,/Users/yifanxu/Ephemeral-AI-Lab/layerfs-issue104-evidence/campaign-20260910T1115Z/run/candidate/attempt-1/performance/dedup_workspace_reuse/dedup-workspace-exact-10-compact-v2/perf.jsonl,c2e18924f19c746fdbaa436cfdb0d661787ea4bdfc365ff45b14ecfbeda47f9a
dedup_workspace_reuse,dedup-workspace-exact-100,performance,PASS,53f90fe4f6693845ee9947f5b1db7af81094474e32d0fbcdd08130521326ac58,pure_call_sum_ns,684957626,1,152788992,152.788992,136015872,2582116875,1062894542,,PASS,/Users/yifanxu/Ephemeral-AI-Lab/layerfs-issue104-evidence/campaign-20260910T1115Z/run/candidate/attempt-1/performance/dedup_workspace_reuse/dedup-workspace-exact-100/perf.jsonl,d628fd835ffed8e1e91d8911523a2852c50f716e8d724ba08cd9e70f04a3ec5a
dedup_workspace_reuse,dedup-workspace-exact-500,performance,PASS,53f90fe4f6693845ee9947f5b1db7af81094474e32d0fbcdd08130521326ac58,pure_call_sum_ns,3866621124,1,152788992,152.788992,136019968,944533458,4283418875,,PASS,/Users/yifanxu/Ephemeral-AI-Lab/layerfs-issue104-evidence/campaign-20260910T1115Z/run/candidate/attempt-1/performance/dedup_workspace_reuse/dedup-workspace-exact-500/perf.jsonl,60c78d462e050dfeb44e0b5232939a04339d411af911bd12ed3257d07c6979b4
dedup_workspace_reuse,dedup-workspace-local-1-compact-v2,performance,PASS,53f90fe4f6693845ee9947f5b1db7af81094474e32d0fbcdd08130521326ac58,pure_call_sum_ns,28768334,1,1163264,1.163264,1163264,496328333,392818458,,PASS,/Users/yifanxu/Ephemeral-AI-Lab/layerfs-issue104-evidence/campaign-20260910T1115Z/run/candidate/attempt-1/performance/dedup_workspace_reuse/dedup-workspace-local-1-compact-v2/perf.jsonl,042db38af9ae947144db7002cfb331079d16bc2a83d0b1fb933702f4b165fd96
dedup_workspace_reuse,dedup-workspace-local-10-compact-v2,performance,PASS,53f90fe4f6693845ee9947f5b1db7af81094474e32d0fbcdd08130521326ac58,pure_call_sum_ns,88639501,1,10915840,10.91584,10915840,579941125,430959959,,PASS,/Users/yifanxu/Ephemeral-AI-Lab/layerfs-issue104-evidence/campaign-20260910T1115Z/run/candidate/attempt-1/performance/dedup_workspace_reuse/dedup-workspace-local-10-compact-v2/perf.jsonl,eb8ffdbe8404c1d7ff3d8821ae8cf9de19ee839e14fa7b631e429360c4fdf41a
dedup_workspace_reuse,dedup-workspace-local-100,performance,PASS,53f90fe4f6693845ee9947f5b1db7af81094474e32d0fbcdd08130521326ac58,pure_call_sum_ns,673460375,1,152788992,152.788992,138276864,992538958,1068209542,,PASS,/Users/yifanxu/Ephemeral-AI-Lab/layerfs-issue104-evidence/campaign-20260910T1115Z/run/candidate/attempt-1/performance/dedup_workspace_reuse/dedup-workspace-local-100/perf.jsonl,3f840e899fbe9d792f3f359d52742598002797f95f6fe540948663836dd07b53
dedup_workspace_reuse,dedup-workspace-local-500,performance,PASS,53f90fe4f6693845ee9947f5b1db7af81094474e32d0fbcdd08130521326ac58,pure_call_sum_ns,3940232417,1,152788992,152.788992,147488768,880308667,4354781125,,PASS,/Users/yifanxu/Ephemeral-AI-Lab/layerfs-issue104-evidence/campaign-20260910T1115Z/run/candidate/attempt-1/performance/dedup_workspace_reuse/dedup-workspace-local-500/perf.jsonl,67a4a9a629364d774fe110b29541407f6859f1b1e41b830066f5a59d32d20dff
dedup_workspace_reuse,dedup-workspace-unique-1-compact-v2,performance,PASS,53f90fe4f6693845ee9947f5b1db7af81094474e32d0fbcdd08130521326ac58,pure_call_sum_ns,34095209,1,2211840,2.21184,2211840,494466833,390812042,,PASS,/Users/yifanxu/Ephemeral-AI-Lab/layerfs-issue104-evidence/campaign-20260910T1115Z/run/candidate/attempt-1/performance/dedup_workspace_reuse/dedup-workspace-unique-1-compact-v2/perf.jsonl,8035779d03f1d8d11ebe5ded3f24f13c47df8ae2663a74286b4afb467c9a61fc
dedup_workspace_reuse,dedup-workspace-unique-10-compact-v2,performance,PASS,53f90fe4f6693845ee9947f5b1db7af81094474e32d0fbcdd08130521326ac58,pure_call_sum_ns,99845709,1,21307392,21.307392,21307392,563925792,446406792,,PASS,/Users/yifanxu/Ephemeral-AI-Lab/layerfs-issue104-evidence/campaign-20260910T1115Z/run/candidate/attempt-1/performance/dedup_workspace_reuse/dedup-workspace-unique-10-compact-v2/perf.jsonl,36ee39f370a1d4645e571aa75315f295ce273f7abeacd37cec5e564c123ab11c
dedup_workspace_reuse,dedup-workspace-unique-100,performance,PASS,53f90fe4f6693845ee9947f5b1db7af81094474e32d0fbcdd08130521326ac58,pure_call_sum_ns,724019834,1,253452288,253.452288,242122752,889393125,1132740250,,PASS,/Users/yifanxu/Ephemeral-AI-Lab/layerfs-issue104-evidence/campaign-20260910T1115Z/run/candidate/attempt-1/performance/dedup_workspace_reuse/dedup-workspace-unique-100/perf.jsonl,29f730b6cdea68307d9da675555948cfe46134e5ebd923796e0d9f958c98383c
dedup_workspace_reuse,dedup-workspace-unique-500,performance,PASS,53f90fe4f6693845ee9947f5b1db7af81094474e32d0fbcdd08130521326ac58,pure_call_sum_ns,4310686541,1,672882688,672.882688,666828800,889170625,4758966500,,PASS,/Users/yifanxu/Ephemeral-AI-Lab/layerfs-issue104-evidence/campaign-20260910T1115Z/run/candidate/attempt-1/performance/dedup_workspace_reuse/dedup-workspace-unique-500/perf.jsonl,97ea70d72e3c2ca693f2133e2cb6dfbafbfa969d781ec539096897bc3db9507f
dedup_workspace_reuse,dedup-workspace-unique-1-base128-v3,performance,PASS,53f90fe4f6693845ee9947f5b1db7af81094474e32d0fbcdd08130521326ac58,pure_call_sum_ns,38697209,1,137072640,137.07264,137072640,951082667,439479958,,PASS,/Users/yifanxu/Ephemeral-AI-Lab/layerfs-issue104-evidence/campaign-20260910T1115Z/run/candidate/attempt-1/performance/dedup_workspace_reuse/dedup-workspace-unique-1-base128-v3/perf.jsonl,92802f42cabd8280d5e45e2c750efb8176bb49efec69cf83321fc38399e463f1
dedup_workspace_reuse,dedup-workspace-unique-10-base128-v3,performance,PASS,53f90fe4f6693845ee9947f5b1db7af81094474e32d0fbcdd08130521326ac58,pure_call_sum_ns,106322875,1,146612224,146.612224,146612224,871340459,545594083,,PASS,/Users/yifanxu/Ephemeral-AI-Lab/layerfs-issue104-evidence/campaign-20260910T1115Z/run/candidate/attempt-1/performance/dedup_workspace_reuse/dedup-workspace-unique-10-base128-v3/perf.jsonl,f8cd6cd250ba6962f88046d31d73e552eebee6ce61fecb519aa4431f1f826604
dedup_workspace_reuse,dedup-workspace-exact-1-compact-v2,verification,PASS,53f90fe4f6693845ee9947f5b1db7af81094474e32d0fbcdd08130521326ac58,,,,1142784,1.142784,1142784,495650250,539739584,1.683887125000183,PASS,/Users/yifanxu/Ephemeral-AI-Lab/layerfs-issue104-evidence/campaign-20260910T1115Z/run/candidate/attempt-1/verification/dedup_workspace_reuse/dedup-workspace-exact-1-compact-v2/verification.json,4c445b3156f9248acbe480e148d3dd128a11546c807d1f7da85c8fc8d4df88ef
dedup_workspace_reuse,dedup-workspace-exact-10-compact-v2,verification,PASS,53f90fe4f6693845ee9947f5b1db7af81094474e32d0fbcdd08130521326ac58,,,,10698752,10.698752,10698752,534917958,771027958,2.019258374999481,PASS,/Users/yifanxu/Ephemeral-AI-Lab/layerfs-issue104-evidence/campaign-20260910T1115Z/run/candidate/attempt-1/verification/dedup_workspace_reuse/dedup-workspace-exact-10-compact-v2/verification.json,e4d4c0bf3a3ae27612458924d6ad8c805f1cad933512add9cd282c38a440d351
dedup_workspace_reuse,dedup-workspace-exact-100,verification,PASS,53f90fe4f6693845ee9947f5b1db7af81094474e32d0fbcdd08130521326ac58,,,,152788992,152.788992,136015872,877680625,4826066500,6.437434416002361,PASS,/Users/yifanxu/Ephemeral-AI-Lab/layerfs-issue104-evidence/campaign-20260910T1115Z/run/candidate/attempt-1/verification/dedup_workspace_reuse/dedup-workspace-exact-100/verification.json,04ad10818febadabfc25571d78493cca9fbb78f0d5a00ebc096857f3c4ab8c0d
dedup_workspace_reuse,dedup-workspace-exact-500,verification,PASS,53f90fe4f6693845ee9947f5b1db7af81094474e32d0fbcdd08130521326ac58,,,,152788992,152.788992,136019968,927856959,14541706083,16.211208707998594,PASS,/Users/yifanxu/Ephemeral-AI-Lab/layerfs-issue104-evidence/campaign-20260910T1115Z/run/candidate/attempt-1/verification/dedup_workspace_reuse/dedup-workspace-exact-500/verification.json,b14a0a02cca4c69f4c29b25627567fda7c62dbd44229fd13cad0f70c051caefa
dedup_workspace_reuse,dedup-workspace-local-1-compact-v2,verification,PASS,53f90fe4f6693845ee9947f5b1db7af81094474e32d0fbcdd08130521326ac58,,,,1163264,1.163264,1163264,492998833,545307792,1.6392758330002835,PASS,/Users/yifanxu/Ephemeral-AI-Lab/layerfs-issue104-evidence/campaign-20260910T1115Z/run/candidate/attempt-1/verification/dedup_workspace_reuse/dedup-workspace-local-1-compact-v2/verification.json,8eec4a6d09c3ff7cf3c250da22f7f7b6c5eb71ffe241b6d8358a3c2b58f80080
dedup_workspace_reuse,dedup-workspace-local-10-compact-v2,verification,PASS,53f90fe4f6693845ee9947f5b1db7af81094474e32d0fbcdd08130521326ac58,,,,10915840,10.91584,10915840,523861125,858180542,2.043199915999139,PASS,/Users/yifanxu/Ephemeral-AI-Lab/layerfs-issue104-evidence/campaign-20260910T1115Z/run/candidate/attempt-1/verification/dedup_workspace_reuse/dedup-workspace-local-10-compact-v2/verification.json,4dcd265275cb3b595486f4a6a6c7f2b302504067617d697b92ae1ea58addb802
dedup_workspace_reuse,dedup-workspace-local-100,verification,PASS,53f90fe4f6693845ee9947f5b1db7af81094474e32d0fbcdd08130521326ac58,,,,152788992,152.788992,138272768,874964042,4883821583,6.487480083000264,PASS,/Users/yifanxu/Ephemeral-AI-Lab/layerfs-issue104-evidence/campaign-20260910T1115Z/run/candidate/attempt-1/verification/dedup_workspace_reuse/dedup-workspace-local-100/verification.json,e2e99f7005ff3e600efc5e3bdc9af6d6f2158a3e7c6ef549d9bd2019400f20b8
dedup_workspace_reuse,dedup-workspace-local-500,verification,PASS,53f90fe4f6693845ee9947f5b1db7af81094474e32d0fbcdd08130521326ac58,,,,152788992,152.788992,147488768,949976834,14749737584,16.428414124999108,PASS,/Users/yifanxu/Ephemeral-AI-Lab/layerfs-issue104-evidence/campaign-20260910T1115Z/run/candidate/attempt-1/verification/dedup_workspace_reuse/dedup-workspace-local-500/verification.json,fe75e7f13950e50a65ebf9a3bf5e6a40496ab04afe4f13aadb39acf1bf6a0a3f
dedup_workspace_reuse,dedup-workspace-unique-1-compact-v2,verification,PASS,53f90fe4f6693845ee9947f5b1db7af81094474e32d0fbcdd08130521326ac58,,,,2211840,2.21184,2211840,497866500,541066375,1.6763681249976798,PASS,/Users/yifanxu/Ephemeral-AI-Lab/layerfs-issue104-evidence/campaign-20260910T1115Z/run/candidate/attempt-1/verification/dedup_workspace_reuse/dedup-workspace-unique-1-compact-v2/verification.json,47a1b91dbd86d92730dc47df99fc47fcf2ab9d667537d43732c3e3a17033467c
dedup_workspace_reuse,dedup-workspace-unique-10-compact-v2,verification,PASS,53f90fe4f6693845ee9947f5b1db7af81094474e32d0fbcdd08130521326ac58,,,,21311488,21.311488,21311488,574726500,868560708,2.0861778750004305,PASS,/Users/yifanxu/Ephemeral-AI-Lab/layerfs-issue104-evidence/campaign-20260910T1115Z/run/candidate/attempt-1/verification/dedup_workspace_reuse/dedup-workspace-unique-10-compact-v2/verification.json,758e90b0b6bb36525af3fd34ad75bccd08078aa61a3aac9dff9cab64ad3d68bc
dedup_workspace_reuse,dedup-workspace-unique-100,verification,PASS,53f90fe4f6693845ee9947f5b1db7af81094474e32d0fbcdd08130521326ac58,,,,253452288,253.452288,242147328,927360083,4819734417,6.483413916001155,PASS,/Users/yifanxu/Ephemeral-AI-Lab/layerfs-issue104-evidence/campaign-20260910T1115Z/run/candidate/attempt-1/verification/dedup_workspace_reuse/dedup-workspace-unique-100/verification.json,103a52dbfac6d10cc584a467631637cdc7e24ab08decb0a1d504043df9cbeff6
dedup_workspace_reuse,dedup-workspace-unique-500,verification,PASS,53f90fe4f6693845ee9947f5b1db7af81094474e32d0fbcdd08130521326ac58,,,,672882688,672.882688,666693632,937281541,14908636166,16.617293208000774,PASS,/Users/yifanxu/Ephemeral-AI-Lab/layerfs-issue104-evidence/campaign-20260910T1115Z/run/candidate/attempt-1/verification/dedup_workspace_reuse/dedup-workspace-unique-500/verification.json,c930b1bfffd469fc47d7e18486c34aa656fc0525b22e376ed4af0a54a7c4db9d
dedup_workspace_reuse,dedup-workspace-unique-1-base128-v3,verification,PASS,53f90fe4f6693845ee9947f5b1db7af81094474e32d0fbcdd08130521326ac58,,,,137072640,137.07264,137072640,882521583,2669691167,4.2916619580028055,PASS,/Users/yifanxu/Ephemeral-AI-Lab/layerfs-issue104-evidence/campaign-20260910T1115Z/run/candidate/attempt-1/verification/dedup_workspace_reuse/dedup-workspace-unique-1-base128-v3/verification.json,4c2bc3ecb8e91acd48f853e03d7da2a8a018844f5e7f54bd28f18e03a11ef72a
dedup_workspace_reuse,dedup-workspace-unique-10-base128-v3,verification,PASS,53f90fe4f6693845ee9947f5b1db7af81094474e32d0fbcdd08130521326ac58,,,,146616320,146.61632,146616320,949954000,2807993791,4.541919249997591,PASS,/Users/yifanxu/Ephemeral-AI-Lab/layerfs-issue104-evidence/campaign-20260910T1115Z/run/candidate/attempt-1/verification/dedup_workspace_reuse/dedup-workspace-unique-10-base128-v3/verification.json,2c60b73637db1d0b862b0fca60d3ca59b6171afda141b6f64ea534ef45c4c270
dedup_cross_file,dedup-cross-file-anchor-1,performance,PASS,53f90fe4f6693845ee9947f5b1db7af81094474e32d0fbcdd08130521326ac58,pure_call_sum_ns,6931542,1,1142784,1.142784,1142784,510204459,332266000,,PASS,/Users/yifanxu/Ephemeral-AI-Lab/layerfs-issue104-evidence/campaign-20260910T1115Z/run/candidate/attempt-1/performance/dedup_cross_file/dedup-cross-file-anchor-1/perf.jsonl,587ed166d4ab33e6df0c3a37be3a0a9fde5f779907ebdaad543bd06dd86a7404
dedup_cross_file,dedup-cross-file-unique-10,performance,PASS,53f90fe4f6693845ee9947f5b1db7af81094474e32d0fbcdd08130521326ac58,pure_call_sum_ns,37530416,1,10706944,10.706944,10706944,620301541,391216250,,PASS,/Users/yifanxu/Ephemeral-AI-Lab/layerfs-issue104-evidence/campaign-20260910T1115Z/run/candidate/attempt-1/performance/dedup_cross_file/dedup-cross-file-unique-10/perf.jsonl,01eba83f8af3e54c5c72827bc57f80680b6344f5254fc426935d85bcc0ab8f7c
dedup_cross_file,dedup-cross-file-unique-100,performance,PASS,53f90fe4f6693845ee9947f5b1db7af81094474e32d0fbcdd08130521326ac58,pure_call_sum_ns,359370208,1,106192896,106.192896,106192896,1570214584,720817166,,PASS,/Users/yifanxu/Ephemeral-AI-Lab/layerfs-issue104-evidence/campaign-20260910T1115Z/run/candidate/attempt-1/performance/dedup_cross_file/dedup-cross-file-unique-100/perf.jsonl,39b389cdef57362241fc70d4c846a4870d116106291d358f4bd44fe5b11ee85a
dedup_cross_file,dedup-cross-file-unique-500,performance,PASS,53f90fe4f6693845ee9947f5b1db7af81094474e32d0fbcdd08130521326ac58,pure_call_sum_ns,1336425833,1,541446144,541.446144,530898944,5627968167,1868594708,,PASS,/Users/yifanxu/Ephemeral-AI-Lab/layerfs-issue104-evidence/campaign-20260910T1115Z/run/candidate/attempt-1/performance/dedup_cross_file/dedup-cross-file-unique-500/perf.jsonl,e2e97777bd5ac14454fcc29ee2b0458e4ea3d7e755dcdb83ed0a44ad6550378c
dedup_cross_file,dedup-cross-file-identical-10,performance,PASS,53f90fe4f6693845ee9947f5b1db7af81094474e32d0fbcdd08130521326ac58,pure_call_sum_ns,17573459,1,1142784,1.142784,1142784,722049625,390058917,,PASS,/Users/yifanxu/Ephemeral-AI-Lab/layerfs-issue104-evidence/campaign-20260910T1115Z/run/candidate/attempt-1/performance/dedup_cross_file/dedup-cross-file-identical-10/perf.jsonl,28c8b91840db0e22244a0d25830b882c230052d07c323fa365377e3d22b4f1c2
dedup_cross_file,dedup-cross-file-identical-100,performance,PASS,53f90fe4f6693845ee9947f5b1db7af81094474e32d0fbcdd08130521326ac58,pure_call_sum_ns,49994459,1,1142784,1.142784,1142784,1559522166,396097208,,PASS,/Users/yifanxu/Ephemeral-AI-Lab/layerfs-issue104-evidence/campaign-20260910T1115Z/run/candidate/attempt-1/performance/dedup_cross_file/dedup-cross-file-identical-100/perf.jsonl,9ed9e0a7061b0e749b01eee5b966f8556ed06eb7efdea8207a6dd63f622e08c6
dedup_cross_file,dedup-cross-file-identical-500,performance,PASS,53f90fe4f6693845ee9947f5b1db7af81094474e32d0fbcdd08130521326ac58,pure_call_sum_ns,210307667,1,1146880,1.14688,1146880,5505144291,545070709,,PASS,/Users/yifanxu/Ephemeral-AI-Lab/layerfs-issue104-evidence/campaign-20260910T1115Z/run/candidate/attempt-1/performance/dedup_cross_file/dedup-cross-file-identical-500/perf.jsonl,30d052d7d835a8f73d3f28f01cbff36a65c251ab8080836975915a96e900061b
dedup_cross_file,dedup-cross-file-mixed-10,performance,PASS,53f90fe4f6693845ee9947f5b1db7af81094474e32d0fbcdd08130521326ac58,pure_call_sum_ns,29018833,1,7512064,7.512064,7512064,730278875,389157708,,PASS,/Users/yifanxu/Ephemeral-AI-Lab/layerfs-issue104-evidence/campaign-20260910T1115Z/run/candidate/attempt-1/performance/dedup_cross_file/dedup-cross-file-mixed-10/perf.jsonl,f98691b82b8132048ea92114c4b7f08525756bfd860daec85a2b4719bef8f7cb
dedup_cross_file,dedup-cross-file-mixed-100,performance,PASS,53f90fe4f6693845ee9947f5b1db7af81094474e32d0fbcdd08130521326ac58,pure_call_sum_ns,268845459,1,79687680,79.68768,79687680,1540831375,602613750,,PASS,/Users/yifanxu/Ephemeral-AI-Lab/layerfs-issue104-evidence/campaign-20260910T1115Z/run/candidate/attempt-1/performance/dedup_cross_file/dedup-cross-file-mixed-100/perf.jsonl,8aff27400e4ad699fa630ae3931fa053d2f5e7bad85cb60a8b54aaeb2ece0f96
dedup_cross_file,dedup-cross-file-mixed-500,performance,PASS,53f90fe4f6693845ee9947f5b1db7af81094474e32d0fbcdd08130521326ac58,pure_call_sum_ns,1241495500,1,404635648,404.635648,398168064,5600499708,1635614042,,PASS,/Users/yifanxu/Ephemeral-AI-Lab/layerfs-issue104-evidence/campaign-20260910T1115Z/run/candidate/attempt-1/performance/dedup_cross_file/dedup-cross-file-mixed-500/perf.jsonl,8640ba7e38710e31a77eaeb732d193191b0d8d37bc4cd297bd04ed868a21217a
dedup_cross_file,dedup-cross-file-anchor-1,verification,PASS,53f90fe4f6693845ee9947f5b1db7af81094474e32d0fbcdd08130521326ac58,,,,1142784,1.142784,1142784,467976458,487827000,1.5981274170007964,PASS,/Users/yifanxu/Ephemeral-AI-Lab/layerfs-issue104-evidence/campaign-20260910T1115Z/run/candidate/attempt-1/verification/dedup_cross_file/dedup-cross-file-anchor-1/verification.json,cf05c424758736c5920eae719bab3f4024a9f4b75fafeb9ee8288de63323bed0
dedup_cross_file,dedup-cross-file-unique-10,verification,PASS,53f90fe4f6693845ee9947f5b1db7af81094474e32d0fbcdd08130521326ac58,,,,10690560,10.69056,10690560,483174166,659463750,1.784879999999248,PASS,/Users/yifanxu/Ephemeral-AI-Lab/layerfs-issue104-evidence/campaign-20260910T1115Z/run/candidate/attempt-1/verification/dedup_cross_file/dedup-cross-file-unique-10/verification.json,6532ef6c3d61d1ddfbdeb003b067f2c5ec4651ec3bfcbc8be3ca7605601b6b72
dedup_cross_file,dedup-cross-file-unique-100,verification,PASS,53f90fe4f6693845ee9947f5b1db7af81094474e32d0fbcdd08130521326ac58,,,,106221568,106.221568,106221568,522412917,2425526916,3.5892217500004335,PASS,/Users/yifanxu/Ephemeral-AI-Lab/layerfs-issue104-evidence/campaign-20260910T1115Z/run/candidate/attempt-1/verification/dedup_cross_file/dedup-cross-file-unique-100/verification.json,6509bd57ecd0ee3c031a09de827c0fd25386088368fe9a42bde280c40465f92b
dedup_cross_file,dedup-cross-file-unique-500,verification,PASS,53f90fe4f6693845ee9947f5b1db7af81094474e32d0fbcdd08130521326ac58,,,,542244864,542.244864,530972672,478418208,10168438500,11.248266040998715,PASS,/Users/yifanxu/Ephemeral-AI-Lab/layerfs-issue104-evidence/campaign-20260910T1115Z/run/candidate/attempt-1/verification/dedup_cross_file/dedup-cross-file-unique-500/verification.json,1b0787b7d19cdb50e58673a1416f70443a99b9db5ff6a98e1f6131c3ec2700bb
dedup_cross_file,dedup-cross-file-identical-10,verification,PASS,53f90fe4f6693845ee9947f5b1db7af81094474e32d0fbcdd08130521326ac58,,,,1142784,1.142784,1142784,472857042,552460125,1.6139188749984896,PASS,/Users/yifanxu/Ephemeral-AI-Lab/layerfs-issue104-evidence/campaign-20260910T1115Z/run/candidate/attempt-1/verification/dedup_cross_file/dedup-cross-file-identical-10/verification.json,9fe3b19ac809799353ad05b42bda0909c59bc5d1318e7ac84a3465f53a7baebf
dedup_cross_file,dedup-cross-file-identical-100,verification,PASS,53f90fe4f6693845ee9947f5b1db7af81094474e32d0fbcdd08130521326ac58,,,,1142784,1.142784,1142784,565120250,1390349708,2.554636083998048,PASS,/Users/yifanxu/Ephemeral-AI-Lab/layerfs-issue104-evidence/campaign-20260910T1115Z/run/candidate/attempt-1/verification/dedup_cross_file/dedup-cross-file-identical-100/verification.json,3bc0867480ccc65e83683dd0abdfdf6e32dfea50db028cdbbf51e28ea5775294
dedup_cross_file,dedup-cross-file-identical-500,verification,PASS,53f90fe4f6693845ee9947f5b1db7af81094474e32d0fbcdd08130521326ac58,,,,1146880,1.14688,1146880,529036583,4967123625,6.13634720799746,PASS,/Users/yifanxu/Ephemeral-AI-Lab/layerfs-issue104-evidence/campaign-20260910T1115Z/run/candidate/attempt-1/verification/dedup_cross_file/dedup-cross-file-identical-500/verification.json,97ab171f52cbb0602c768769ad7e65d4c5a1ffb8c24e09cbab7a5434911ac767
dedup_cross_file,dedup-cross-file-mixed-10,verification,PASS,53f90fe4f6693845ee9947f5b1db7af81094474e32d0fbcdd08130521326ac58,,,,7520256,7.520256,7520256,488400958,612136750,1.6869343329999538,PASS,/Users/yifanxu/Ephemeral-AI-Lab/layerfs-issue104-evidence/campaign-20260910T1115Z/run/candidate/attempt-1/verification/dedup_cross_file/dedup-cross-file-mixed-10/verification.json,c9097609c99ef107ebbafa737d5443d433bc25097dceba40409e5a16081154c4
dedup_cross_file,dedup-cross-file-mixed-100,verification,PASS,53f90fe4f6693845ee9947f5b1db7af81094474e32d0fbcdd08130521326ac58,,,,79716352,79.716352,79716352,521253958,2197056291,3.3582549999991897,PASS,/Users/yifanxu/Ephemeral-AI-Lab/layerfs-issue104-evidence/campaign-20260910T1115Z/run/candidate/attempt-1/verification/dedup_cross_file/dedup-cross-file-mixed-100/verification.json,3fbec0ab3369b96c266fd31a230211e80fc479ba22de740997bfe98a7ab46c8f
dedup_cross_file,dedup-cross-file-mixed-500,verification,PASS,53f90fe4f6693845ee9947f5b1db7af81094474e32d0fbcdd08130521326ac58,,,,413048832,413.048832,398045184,471875625,9152925416,10.220877709001797,PASS,/Users/yifanxu/Ephemeral-AI-Lab/layerfs-issue104-evidence/campaign-20260910T1115Z/run/candidate/attempt-1/verification/dedup_cross_file/dedup-cross-file-mixed-500/verification.json,2953870c66c6204ef22c630b2463b79f6d075402e690ff37164b2f7ca843f3c8
dedup_cdc_locality,dedup-cdc-overwrite-1,performance,PASS,53f90fe4f6693845ee9947f5b1db7af81094474e32d0fbcdd08130521326ac58,pure_call_sum_ns,7332791,1,1163264,1.163264,1163264,569793125,335117125,,PASS,/Users/yifanxu/Ephemeral-AI-Lab/layerfs-issue104-evidence/campaign-20260910T1115Z/run/candidate/attempt-1/performance/dedup_cdc_locality/dedup-cdc-overwrite-1/perf.jsonl,cd8563955a1820fe8b844b8821293dbab23f9b0b00d0f6020cc8c8a0a0fdbb01
dedup_cdc_locality,dedup-cdc-overwrite-10,performance,PASS,53f90fe4f6693845ee9947f5b1db7af81094474e32d0fbcdd08130521326ac58,pure_call_sum_ns,18132500,1,1355776,1.355776,1355776,764339042,387207791,,PASS,/Users/yifanxu/Ephemeral-AI-Lab/layerfs-issue104-evidence/campaign-20260910T1115Z/run/candidate/attempt-1/performance/dedup_cdc_locality/dedup-cdc-overwrite-10/perf.jsonl,1c54264c1515b2748e098b5d0315546566e35b3a7c69c9bae49ebbbaebc047d5
dedup_cdc_locality,dedup-cdc-overwrite-100,performance,PASS,53f90fe4f6693845ee9947f5b1db7af81094474e32d0fbcdd08130521326ac58,pure_call_sum_ns,56593250,1,3420160,3.42016,3420160,2066863208,395200167,,PASS,/Users/yifanxu/Ephemeral-AI-Lab/layerfs-issue104-evidence/campaign-20260910T1115Z/run/candidate/attempt-1/performance/dedup_cdc_locality/dedup-cdc-overwrite-100/perf.jsonl,13ccdc69d9a8fa9f39fe4e4da7d9bc823d746b6764d5317dd516197a81615b66
dedup_cdc_locality,dedup-cdc-overwrite-500,performance,PASS,53f90fe4f6693845ee9947f5b1db7af81094474e32d0fbcdd08130521326ac58,pure_call_sum_ns,247405083,1,12120064,12.120064,12120064,8366597291,602731333,,PASS,/Users/yifanxu/Ephemeral-AI-Lab/layerfs-issue104-evidence/campaign-20260910T1115Z/run/candidate/attempt-1/performance/dedup_cdc_locality/dedup-cdc-overwrite-500/perf.jsonl,b32fe4a34d662962735c916d1d7f18c5fb13ab65ee14397299984c01e3abba8d
dedup_cdc_locality,dedup-cdc-insert-1,performance,PASS,53f90fe4f6693845ee9947f5b1db7af81094474e32d0fbcdd08130521326ac58,pure_call_sum_ns,7293875,1,1167360,1.16736,1167360,605000000,343643541,,PASS,/Users/yifanxu/Ephemeral-AI-Lab/layerfs-issue104-evidence/campaign-20260910T1115Z/run/candidate/attempt-1/performance/dedup_cdc_locality/dedup-cdc-insert-1/perf.jsonl,35dec77c3770e74eb95b10a31ad68ec9e75d8857f74ca5adf2a43736fa44b4ca
dedup_cdc_locality,dedup-cdc-insert-10,performance,PASS,53f90fe4f6693845ee9947f5b1db7af81094474e32d0fbcdd08130521326ac58,pure_call_sum_ns,23350458,1,1626112,1.626112,1626112,720173166,338958000,,PASS,/Users/yifanxu/Ephemeral-AI-Lab/layerfs-issue104-evidence/campaign-20260910T1115Z/run/candidate/attempt-1/performance/dedup_cdc_locality/dedup-cdc-insert-10/perf.jsonl,2648f430c17a2383fd36e8a9472275e0500c19a8ca294de8c7661c2ff5cc8d1e
dedup_cdc_locality,dedup-cdc-insert-100,performance,PASS,53f90fe4f6693845ee9947f5b1db7af81094474e32d0fbcdd08130521326ac58,pure_call_sum_ns,63107625,1,4870144,4.870144,4870144,2094185917,437699667,,PASS,/Users/yifanxu/Ephemeral-AI-Lab/layerfs-issue104-evidence/campaign-20260910T1115Z/run/candidate/attempt-1/performance/dedup_cdc_locality/dedup-cdc-insert-100/perf.jsonl,0bc85ba82f0dc4a9573f76e274952ed982f3b02245ceef8480477fd9e733ffbd
dedup_cdc_locality,dedup-cdc-insert-500,performance,PASS,53f90fe4f6693845ee9947f5b1db7af81094474e32d0fbcdd08130521326ac58,pure_call_sum_ns,250827292,1,15527936,15.527936,15527936,8351393083,601107875,,PASS,/Users/yifanxu/Ephemeral-AI-Lab/layerfs-issue104-evidence/campaign-20260910T1115Z/run/candidate/attempt-1/performance/dedup_cdc_locality/dedup-cdc-insert-500/perf.jsonl,83966477f39b72d16fa5372f784fdc67f501719d956e8e6496e542a737f8e167
dedup_cdc_locality,dedup-cdc-delete-1,performance,PASS,53f90fe4f6693845ee9947f5b1db7af81094474e32d0fbcdd08130521326ac58,pure_call_sum_ns,6591333,1,1253376,1.253376,1253376,570927291,338847833,,PASS,/Users/yifanxu/Ephemeral-AI-Lab/layerfs-issue104-evidence/campaign-20260910T1115Z/run/candidate/attempt-1/performance/dedup_cdc_locality/dedup-cdc-delete-1/perf.jsonl,29455f7e96f5ad2ff9e95842d407fd79479de70e9bdce4c60190cbf10fbfe227
dedup_cdc_locality,dedup-cdc-delete-10,performance,PASS,53f90fe4f6693845ee9947f5b1db7af81094474e32d0fbcdd08130521326ac58,pure_call_sum_ns,18441833,1,1679360,1.67936,1679360,711289583,387147417,,PASS,/Users/yifanxu/Ephemeral-AI-Lab/layerfs-issue104-evidence/campaign-20260910T1115Z/run/candidate/attempt-1/performance/dedup_cdc_locality/dedup-cdc-delete-10/perf.jsonl,fb4f6d27aec565d741a79a071cfcce3db9ef29abd37467ea7d52c1ea01e829c5
dedup_cdc_locality,dedup-cdc-delete-100,performance,PASS,53f90fe4f6693845ee9947f5b1db7af81094474e32d0fbcdd08130521326ac58,pure_call_sum_ns,59071292,1,4321280,4.32128,4321280,2102306333,395109125,,PASS,/Users/yifanxu/Ephemeral-AI-Lab/layerfs-issue104-evidence/campaign-20260910T1115Z/run/candidate/attempt-1/performance/dedup_cdc_locality/dedup-cdc-delete-100/perf.jsonl,c25519d49f87f676aaebbccdc48921c357446c4d872a82dd3a0361b2a24b59eb
dedup_cdc_locality,dedup-cdc-delete-500,performance,PASS,53f90fe4f6693845ee9947f5b1db7af81094474e32d0fbcdd08130521326ac58,pure_call_sum_ns,247479417,1,13299712,13.299712,13299712,8786775709,607923375,,PASS,/Users/yifanxu/Ephemeral-AI-Lab/layerfs-issue104-evidence/campaign-20260910T1115Z/run/candidate/attempt-1/performance/dedup_cdc_locality/dedup-cdc-delete-500/perf.jsonl,85366d65e44c75c1b19e614d071222723b61b775db27d5fd8bd007cd37e84fe0
dedup_cdc_locality,dedup-cdc-common-body-1,performance,PASS,53f90fe4f6693845ee9947f5b1db7af81094474e32d0fbcdd08130521326ac58,pure_call_sum_ns,8152333,1,1425408,1.425408,1425408,528795292,337965000,,PASS,/Users/yifanxu/Ephemeral-AI-Lab/layerfs-issue104-evidence/campaign-20260910T1115Z/run/candidate/attempt-1/performance/dedup_cdc_locality/dedup-cdc-common-body-1/perf.jsonl,06735ff664131a05344a7cede4336b91fc93ad49e3c3dc1c9b33b5e408af2cf9
dedup_cdc_locality,dedup-cdc-common-body-10,performance,PASS,53f90fe4f6693845ee9947f5b1db7af81094474e32d0fbcdd08130521326ac58,pure_call_sum_ns,23232250,1,4173824,4.173824,4173824,722659625,394850541,,PASS,/Users/yifanxu/Ephemeral-AI-Lab/layerfs-issue104-evidence/campaign-20260910T1115Z/run/candidate/attempt-1/performance/dedup_cdc_locality/dedup-cdc-common-body-10/perf.jsonl,a6160af0a975d541de9e0db6a29cdc807d331b44336f87ed4261916861908dd3
dedup_cdc_locality,dedup-cdc-common-body-100,performance,PASS,53f90fe4f6693845ee9947f5b1db7af81094474e32d0fbcdd08130521326ac58,pure_call_sum_ns,121090625,1,30715904,30.715904,30715904,2101616792,450282625,,PASS,/Users/yifanxu/Ephemeral-AI-Lab/layerfs-issue104-evidence/campaign-20260910T1115Z/run/candidate/attempt-1/performance/dedup_cdc_locality/dedup-cdc-common-body-100/perf.jsonl,ffcc56cf58776fb2c5f0023ef3155f36fcaf276969176fa05a880897fd7c3e3a
dedup_cdc_locality,dedup-cdc-common-body-500,performance,PASS,53f90fe4f6693845ee9947f5b1db7af81094474e32d0fbcdd08130521326ac58,pure_call_sum_ns,544468375,1,148725760,148.72576,148725760,8131065916,937718083,,PASS,/Users/yifanxu/Ephemeral-AI-Lab/layerfs-issue104-evidence/campaign-20260910T1115Z/run/candidate/attempt-1/performance/dedup_cdc_locality/dedup-cdc-common-body-500/perf.jsonl,d310990a97bcbc29e0548b2a4ad02b5dfab4afcd88c26ed159280f4dafa45ee5
dedup_cdc_locality,dedup-cdc-scattered-1,performance,PASS,53f90fe4f6693845ee9947f5b1db7af81094474e32d0fbcdd08130521326ac58,pure_call_sum_ns,10365625,1,2211840,2.21184,2211840,602056708,383473625,,PASS,/Users/yifanxu/Ephemeral-AI-Lab/layerfs-issue104-evidence/campaign-20260910T1115Z/run/candidate/attempt-1/performance/dedup_cdc_locality/dedup-cdc-scattered-1/perf.jsonl,de2320d5d5291dae1ad4a4fa4d3f519497c28c59646c31e8baf32484b8df4969
dedup_cdc_locality,dedup-cdc-scattered-10,performance,PASS,53f90fe4f6693845ee9947f5b1db7af81094474e32d0fbcdd08130521326ac58,pure_call_sum_ns,36817208,1,11763712,11.763712,11763712,664693167,385595792,,PASS,/Users/yifanxu/Ephemeral-AI-Lab/layerfs-issue104-evidence/campaign-20260910T1115Z/run/candidate/attempt-1/performance/dedup_cdc_locality/dedup-cdc-scattered-10/perf.jsonl,4f8772b650140db722023c03bf66fd498da621213641670a8c39249102922325
dedup_cdc_locality,dedup-cdc-scattered-100,performance,PASS,53f90fe4f6693845ee9947f5b1db7af81094474e32d0fbcdd08130521326ac58,pure_call_sum_ns,306337291,1,107319296,107.319296,107319296,2188064458,654833458,,PASS,/Users/yifanxu/Ephemeral-AI-Lab/layerfs-issue104-evidence/campaign-20260910T1115Z/run/candidate/attempt-1/performance/dedup_cdc_locality/dedup-cdc-scattered-100/perf.jsonl,78b4fa6288d0b0600a6a97743a9d457b9a08b72efce2a26c35b8fecfdd5215f4
dedup_cdc_locality,dedup-cdc-scattered-500,performance,PASS,53f90fe4f6693845ee9947f5b1db7af81094474e32d0fbcdd08130521326ac58,pure_call_sum_ns,1438708542,1,536313856,536.313856,532082688,8757176708,1796067083,,PASS,/Users/yifanxu/Ephemeral-AI-Lab/layerfs-issue104-evidence/campaign-20260910T1115Z/run/candidate/attempt-1/performance/dedup_cdc_locality/dedup-cdc-scattered-500/perf.jsonl,aa1bd17f7152810502ef070b8b063fe9e78f05a8263b05775fd797a90ff8e233
dedup_cdc_locality,dedup-cdc-overwrite-1,verification,PASS,53f90fe4f6693845ee9947f5b1db7af81094474e32d0fbcdd08130521326ac58,,,,1163264,1.163264,1163264,518281833,503876958,1.6144840000015392,PASS,/Users/yifanxu/Ephemeral-AI-Lab/layerfs-issue104-evidence/campaign-20260910T1115Z/run/candidate/attempt-1/verification/dedup_cdc_locality/dedup-cdc-overwrite-1/verification.json,f7aa1745f04bfdbc686ee6e68343505f59516eb2bf1b8fdebd537f855954a032
dedup_cdc_locality,dedup-cdc-overwrite-10,verification,PASS,53f90fe4f6693845ee9947f5b1db7af81094474e32d0fbcdd08130521326ac58,,,,1355776,1.355776,1355776,528477833,661963166,1.8252567080016888,PASS,/Users/yifanxu/Ephemeral-AI-Lab/layerfs-issue104-evidence/campaign-20260910T1115Z/run/candidate/attempt-1/verification/dedup_cdc_locality/dedup-cdc-overwrite-10/verification.json,d0c1cc23daaec5f3ec2459dd8eead8b52655a27b0cbc4327ddd6a10486ef9bfc
dedup_cdc_locality,dedup-cdc-overwrite-100,verification,PASS,53f90fe4f6693845ee9947f5b1db7af81094474e32d0fbcdd08130521326ac58,,,,3411968,3.411968,3411968,469307833,2580891250,3.650609833002818,PASS,/Users/yifanxu/Ephemeral-AI-Lab/layerfs-issue104-evidence/campaign-20260910T1115Z/run/candidate/attempt-1/verification/dedup_cdc_locality/dedup-cdc-overwrite-100/verification.json,2c43477282bc0c9b951a6287d4757533c0558560951a726889ec5f6f5aa593d3
dedup_cdc_locality,dedup-cdc-overwrite-500,verification,PASS,53f90fe4f6693845ee9947f5b1db7af81094474e32d0fbcdd08130521326ac58,,,,12103680,12.10368,12103680,481163667,10570013750,11.641768666999269,PASS,/Users/yifanxu/Ephemeral-AI-Lab/layerfs-issue104-evidence/campaign-20260910T1115Z/run/candidate/attempt-1/verification/dedup_cdc_locality/dedup-cdc-overwrite-500/verification.json,896edb470df03af497eff7504dd50643d01395047744f9d55f4a6a9438711887
dedup_cdc_locality,dedup-cdc-insert-1,verification,PASS,53f90fe4f6693845ee9947f5b1db7af81094474e32d0fbcdd08130521326ac58,,,,1167360,1.16736,1167360,515901667,492418084,1.6048661669992725,PASS,/Users/yifanxu/Ephemeral-AI-Lab/layerfs-issue104-evidence/campaign-20260910T1115Z/run/candidate/attempt-1/verification/dedup_cdc_locality/dedup-cdc-insert-1/verification.json,25cd2c3b61b0583ffac11967dc03c9968be13db47df81578d9cb3db8c2e05baa
dedup_cdc_locality,dedup-cdc-insert-10,verification,PASS,53f90fe4f6693845ee9947f5b1db7af81094474e32d0fbcdd08130521326ac58,,,,1626112,1.626112,1626112,468087458,720737584,1.7614422920014476,PASS,/Users/yifanxu/Ephemeral-AI-Lab/layerfs-issue104-evidence/campaign-20260910T1115Z/run/candidate/attempt-1/verification/dedup_cdc_locality/dedup-cdc-insert-10/verification.json,3727439091ce72d629d0edc7f55e0a4f5354f532641509bee81e846ae2bb99c8
dedup_cdc_locality,dedup-cdc-insert-100,verification,PASS,53f90fe4f6693845ee9947f5b1db7af81094474e32d0fbcdd08130521326ac58,,,,4866048,4.866048,4866048,588292792,2524936667,3.7084487909996824,PASS,/Users/yifanxu/Ephemeral-AI-Lab/layerfs-issue104-evidence/campaign-20260910T1115Z/run/candidate/attempt-1/verification/dedup_cdc_locality/dedup-cdc-insert-100/verification.json,b770df98fa1a2abda7d1c33a84a626f9a1c96fec751d1f93172771b5a61f7bb4
dedup_cdc_locality,dedup-cdc-insert-500,verification,PASS,53f90fe4f6693845ee9947f5b1db7af81094474e32d0fbcdd08130521326ac58,,,,15527936,15.527936,15527936,535388375,11091788625,12.266434290999314,PASS,/Users/yifanxu/Ephemeral-AI-Lab/layerfs-issue104-evidence/campaign-20260910T1115Z/run/candidate/attempt-1/verification/dedup_cdc_locality/dedup-cdc-insert-500/verification.json,50790b5407294eaba5295eda148a7acf5a7059081a981040512673042bf571a2
dedup_cdc_locality,dedup-cdc-delete-1,verification,PASS,53f90fe4f6693845ee9947f5b1db7af81094474e32d0fbcdd08130521326ac58,,,,1253376,1.253376,1253376,523721041,499898417,1.608407083000202,PASS,/Users/yifanxu/Ephemeral-AI-Lab/layerfs-issue104-evidence/campaign-20260910T1115Z/run/candidate/attempt-1/verification/dedup_cdc_locality/dedup-cdc-delete-1/verification.json,11416394884d4197dcc16060125e63026ce15ca344d5c19bdfffc16af737c399
dedup_cdc_locality,dedup-cdc-delete-10,verification,PASS,53f90fe4f6693845ee9947f5b1db7af81094474e32d0fbcdd08130521326ac58,,,,1683456,1.683456,1683456,471540750,715028333,1.8356160000003001,PASS,/Users/yifanxu/Ephemeral-AI-Lab/layerfs-issue104-evidence/campaign-20260910T1115Z/run/candidate/attempt-1/verification/dedup_cdc_locality/dedup-cdc-delete-10/verification.json,156d55a850c1d07fb3c05e1e618fec12c23ec89655d3a21ad4260a8ccdb7e435
dedup_cdc_locality,dedup-cdc-delete-100,verification,PASS,53f90fe4f6693845ee9947f5b1db7af81094474e32d0fbcdd08130521326ac58,,,,4321280,4.32128,4321280,533969083,2564182542,3.7994274579978082,PASS,/Users/yifanxu/Ephemeral-AI-Lab/layerfs-issue104-evidence/campaign-20260910T1115Z/run/candidate/attempt-1/verification/dedup_cdc_locality/dedup-cdc-delete-100/verification.json,185e0359976ab652d591f095b2be63860e7e7521f9dbdd70198a7991d821c1d3
dedup_cdc_locality,dedup-cdc-delete-500,verification,PASS,53f90fe4f6693845ee9947f5b1db7af81094474e32d0fbcdd08130521326ac58,,,,13299712,13.299712,13299712,601092125,11507965459,12.822850291999202,PASS,/Users/yifanxu/Ephemeral-AI-Lab/layerfs-issue104-evidence/campaign-20260910T1115Z/run/candidate/attempt-1/verification/dedup_cdc_locality/dedup-cdc-delete-500/verification.json,7d051669ffc0b99588c6889b3602a1885f6854404e0aa98008874332b201b22d
dedup_cdc_locality,dedup-cdc-common-body-1,verification,PASS,53f90fe4f6693845ee9947f5b1db7af81094474e32d0fbcdd08130521326ac58,,,,1425408,1.425408,1425408,468742583,495724916,1.5611264159997518,PASS,/Users/yifanxu/Ephemeral-AI-Lab/layerfs-issue104-evidence/campaign-20260910T1115Z/run/candidate/attempt-1/verification/dedup_cdc_locality/dedup-cdc-common-body-1/verification.json,ba4ffffe5ad526bfe8c2e27ee66c40b4366eb477472ecf70c5229234e88e401e
dedup_cdc_locality,dedup-cdc-common-body-10,verification,PASS,53f90fe4f6693845ee9947f5b1db7af81094474e32d0fbcdd08130521326ac58,,,,4169728,4.169728,4169728,475054959,768109041,1.8392684159989585,PASS,/Users/yifanxu/Ephemeral-AI-Lab/layerfs-issue104-evidence/campaign-20260910T1115Z/run/candidate/attempt-1/verification/dedup_cdc_locality/dedup-cdc-common-body-10/verification.json,d2a89dfbb286223f5a00a1328d06511611b8046b460b0a6bfb555e264b90eb39
dedup_cdc_locality,dedup-cdc-common-body-100,verification,PASS,53f90fe4f6693845ee9947f5b1db7af81094474e32d0fbcdd08130521326ac58,,,,30728192,30.728192,30728192,518172875,2671401708,3.8893646670003363,PASS,/Users/yifanxu/Ephemeral-AI-Lab/layerfs-issue104-evidence/campaign-20260910T1115Z/run/candidate/attempt-1/verification/dedup_cdc_locality/dedup-cdc-common-body-100/verification.json,23fb32ee57770b032a68728dc29771fde7d16d1cd9395698a9a9596feb18e252
dedup_cdc_locality,dedup-cdc-common-body-500,verification,PASS,53f90fe4f6693845ee9947f5b1db7af81094474e32d0fbcdd08130521326ac58,,,,148721664,148.721664,148721664,489137209,11360997208,12.464669124998181,PASS,/Users/yifanxu/Ephemeral-AI-Lab/layerfs-issue104-evidence/campaign-20260910T1115Z/run/candidate/attempt-1/verification/dedup_cdc_locality/dedup-cdc-common-body-500/verification.json,861d293565de7a8d6c3728b0c6b62065358e282abb522bb173db7a8cd666376b
dedup_cdc_locality,dedup-cdc-scattered-1,verification,PASS,53f90fe4f6693845ee9947f5b1db7af81094474e32d0fbcdd08130521326ac58,,,,2211840,2.21184,2211840,560255958,482903709,1.6143980420019943,PASS,/Users/yifanxu/Ephemeral-AI-Lab/layerfs-issue104-evidence/campaign-20260910T1115Z/run/candidate/attempt-1/verification/dedup_cdc_locality/dedup-cdc-scattered-1/verification.json,d6223947945f179d0d05cffa86748b07b2f32435982544b10f1a3978836cc683
dedup_cdc_locality,dedup-cdc-scattered-10,verification,PASS,53f90fe4f6693845ee9947f5b1db7af81094474e32d0fbcdd08130521326ac58,,,,11759616,11.759616,11759616,469023541,760110750,1.8766128339993884,PASS,/Users/yifanxu/Ephemeral-AI-Lab/layerfs-issue104-evidence/campaign-20260910T1115Z/run/candidate/attempt-1/verification/dedup_cdc_locality/dedup-cdc-scattered-10/verification.json,2e82ae418fbeed9081192d486480a200ca9d5320b49299404c7f72e9099ba648
dedup_cdc_locality,dedup-cdc-scattered-100,verification,PASS,53f90fe4f6693845ee9947f5b1db7af81094474e32d0fbcdd08130521326ac58,,,,107323392,107.323392,107323392,564599667,3044025000,4.3237420419973205,PASS,/Users/yifanxu/Ephemeral-AI-Lab/layerfs-issue104-evidence/campaign-20260910T1115Z/run/candidate/attempt-1/verification/dedup_cdc_locality/dedup-cdc-scattered-100/verification.json,29cc83e9b7abcbfaa7ac4cbb81594ee1f1e093c73b33306f7422e43609cada72
dedup_cdc_locality,dedup-cdc-scattered-500,verification,PASS,53f90fe4f6693845ee9947f5b1db7af81094474e32d0fbcdd08130521326ac58,,,,534482944,534.482944,532078592,650050917,13526555166,14.882064708999678,PASS,/Users/yifanxu/Ephemeral-AI-Lab/layerfs-issue104-evidence/campaign-20260910T1115Z/run/candidate/attempt-1/verification/dedup_cdc_locality/dedup-cdc-scattered-500/verification.json,3e98d87b74857275d21ed18f71dab362d3b6726bdeec846abd9533f5598de6ac
dedup_cdc_locality,dedup-cdc-boundaries-proof,verification,PASS,53f90fe4f6693845ee9947f5b1db7af81094474e32d0fbcdd08130521326ac58,,,,606208,0.606208,606208,523431833,449397375,1.5738892079971265,PASS,/Users/yifanxu/Ephemeral-AI-Lab/layerfs-issue104-evidence/campaign-20260910T1115Z/run/candidate/attempt-1/verification/dedup_cdc_locality/dedup-cdc-boundaries-proof/verification.json,b31c9bad19c363170d781b0c8c9af250257e13776cdeec112070955cda64f10a
edit_length_preserving,overwrite-head-4k-on-1mib-ops-1,performance,PASS,53f90fe4f6693845ee9947f5b1db7af81094474e32d0fbcdd08130521326ac58,edit_commit_ns,9213083,1,1155072,1.155072,1155072,521636792,394968833,,PASS,/Users/yifanxu/Ephemeral-AI-Lab/layerfs-issue104-evidence/campaign-20260910T1115Z/run/candidate/attempt-2/performance/edit_length_preserving/overwrite-head-4k-on-1mib-ops-1/perf.jsonl,d08751348c49eca44d20cb7bc04409f0e1cb9fbd99e4d4a3c158842d7fba1748
edit_length_preserving,overwrite-head-4k-on-10mib-ops-1,performance,PASS,53f90fe4f6693845ee9947f5b1db7af81094474e32d0fbcdd08130521326ac58,edit_commit_ns,8951083,1,10706944,10.706944,10706944,569982542,388816625,,PASS,/Users/yifanxu/Ephemeral-AI-Lab/layerfs-issue104-evidence/campaign-20260910T1115Z/run/candidate/attempt-2/performance/edit_length_preserving/overwrite-head-4k-on-10mib-ops-1/perf.jsonl,53ad31c9752973dbcec9698e94b00ca0b3fe151b97a2b1f9fc7540b0618d3d9e
edit_length_preserving,overwrite-head-4k-on-100mib-ops-1,performance,PASS,53f90fe4f6693845ee9947f5b1db7af81094474e32d0fbcdd08130521326ac58,edit_commit_ns,8398250,1,106123264,106.123264,106123264,812304042,389679292,,PASS,/Users/yifanxu/Ephemeral-AI-Lab/layerfs-issue104-evidence/campaign-20260910T1115Z/run/candidate/attempt-2/performance/edit_length_preserving/overwrite-head-4k-on-100mib-ops-1/perf.jsonl,aa5c9f11bce379c6558e18d9a7b66713cbecd8a83b12732de1191cba807fcd8f
edit_length_preserving,overwrite-head-4k-on-500mib-ops-1,performance,PASS,53f90fe4f6693845ee9947f5b1db7af81094474e32d0fbcdd08130521326ac58,edit_commit_ns,9757375,1,547127296,547.127296,530366464,2143365250,447905416,,PASS,/Users/yifanxu/Ephemeral-AI-Lab/layerfs-issue104-evidence/campaign-20260910T1115Z/run/candidate/attempt-2/performance/edit_length_preserving/overwrite-head-4k-on-500mib-ops-1/perf.jsonl,63945657b66d5cf122ca9a33af63c3eb77bcb09ef49fb00f9e5469994ddb2f99
edit_length_preserving,overwrite-middle-4k-on-1mib-ops-1,performance,PASS,53f90fe4f6693845ee9947f5b1db7af81094474e32d0fbcdd08130521326ac58,edit_commit_ns,8000750,1,1155072,1.155072,1155072,498192917,392607708,,PASS,/Users/yifanxu/Ephemeral-AI-Lab/layerfs-issue104-evidence/campaign-20260910T1115Z/run/candidate/attempt-2/performance/edit_length_preserving/overwrite-middle-4k-on-1mib-ops-1/perf.jsonl,56c482d653b4616f0649781472335e30d7f8964a14d0123861548012b6fbfe76
edit_length_preserving,overwrite-middle-4k-on-10mib-ops-1,performance,PASS,53f90fe4f6693845ee9947f5b1db7af81094474e32d0fbcdd08130521326ac58,edit_commit_ns,9905083,1,10711040,10.71104,10711040,622382041,383312667,,PASS,/Users/yifanxu/Ephemeral-AI-Lab/layerfs-issue104-evidence/campaign-20260910T1115Z/run/candidate/attempt-2/performance/edit_length_preserving/overwrite-middle-4k-on-10mib-ops-1/perf.jsonl,e83d92a18185877460b00e6510eca62edec3ff7415ac2d549930a71d06a7cff4
edit_length_preserving,overwrite-middle-4k-on-100mib-ops-1,performance,PASS,53f90fe4f6693845ee9947f5b1db7af81094474e32d0fbcdd08130521326ac58,edit_commit_ns,9574000,1,106135552,106.135552,106135552,794410458,395560875,,PASS,/Users/yifanxu/Ephemeral-AI-Lab/layerfs-issue104-evidence/campaign-20260910T1115Z/run/candidate/attempt-2/performance/edit_length_preserving/overwrite-middle-4k-on-100mib-ops-1/perf.jsonl,268238f482c61ff018fad4c00981588da36b5c480f8c402f5dd1cd731fa9ca15
edit_length_preserving,overwrite-middle-4k-on-500mib-ops-1,performance,PASS,53f90fe4f6693845ee9947f5b1db7af81094474e32d0fbcdd08130521326ac58,edit_commit_ns,16381958,1,547127296,547.127296,530378752,2086283959,484667458,,PASS,/Users/yifanxu/Ephemeral-AI-Lab/layerfs-issue104-evidence/campaign-20260910T1115Z/run/candidate/attempt-2/performance/edit_length_preserving/overwrite-middle-4k-on-500mib-ops-1/perf.jsonl,716e939d7981e096b05987d823d22a2d5ddf66793adb99f06d306c522c82c0bf
edit_length_preserving,overwrite-tail-4k-on-1mib-ops-1,performance,PASS,53f90fe4f6693845ee9947f5b1db7af81094474e32d0fbcdd08130521326ac58,edit_commit_ns,8735167,1,1155072,1.155072,1155072,499997542,383071041,,PASS,/Users/yifanxu/Ephemeral-AI-Lab/layerfs-issue104-evidence/campaign-20260910T1115Z/run/candidate/attempt-2/performance/edit_length_preserving/overwrite-tail-4k-on-1mib-ops-1/perf.jsonl,f334751887495bd3f6df7f71e5461ab48e9abd385f6ac10aeb226ca424ebff2e
edit_length_preserving,overwrite-tail-4k-on-10mib-ops-1,performance,PASS,53f90fe4f6693845ee9947f5b1db7af81094474e32d0fbcdd08130521326ac58,edit_commit_ns,8350208,1,10702848,10.702848,10702848,540477208,392495625,,PASS,/Users/yifanxu/Ephemeral-AI-Lab/layerfs-issue104-evidence/campaign-20260910T1115Z/run/candidate/attempt-2/performance/edit_length_preserving/overwrite-tail-4k-on-10mib-ops-1/perf.jsonl,de328b52d56d8888cb0704c43a93839fca002ab831d94b652b43a07be58e5742
edit_length_preserving,overwrite-tail-4k-on-100mib-ops-1,performance,PASS,53f90fe4f6693845ee9947f5b1db7af81094474e32d0fbcdd08130521326ac58,edit_commit_ns,9367875,1,106123264,106.123264,106123264,803589041,392769667,,PASS,/Users/yifanxu/Ephemeral-AI-Lab/layerfs-issue104-evidence/campaign-20260910T1115Z/run/candidate/attempt-2/performance/edit_length_preserving/overwrite-tail-4k-on-100mib-ops-1/perf.jsonl,e92ad9ca11e4c7069dfb091cb31c1ac2b1986040c11ed3f3fde9f5cf9eeb2302
edit_length_preserving,overwrite-tail-4k-on-500mib-ops-1,performance,PASS,53f90fe4f6693845ee9947f5b1db7af81094474e32d0fbcdd08130521326ac58,edit_commit_ns,10685958,1,547127296,547.127296,530370560,2148746042,441056375,,PASS,/Users/yifanxu/Ephemeral-AI-Lab/layerfs-issue104-evidence/campaign-20260910T1115Z/run/candidate/attempt-2/performance/edit_length_preserving/overwrite-tail-4k-on-500mib-ops-1/perf.jsonl,d779e1db9098f078548c0bf33ad906ec62ffa6fe1089f7b3c1fa0c98faef8007
edit_length_preserving,overwrite-head-4k-on-1mib-ops-1,verification,PASS,53f90fe4f6693845ee9947f5b1db7af81094474e32d0fbcdd08130521326ac58,,,,,,,556951959,388987291,1.5913243329996476,PASS,/Users/yifanxu/Ephemeral-AI-Lab/layerfs-issue104-evidence/campaign-20260910T1115Z/run/candidate/attempt-1/verification/edit_length_preserving/overwrite-head-4k-on-1mib-ops-1/verification.json,6c22d839adb8328fbad6fa14b01cc7f44061ccc172e2b4c4e9f5c97747710c3a
edit_length_preserving,overwrite-head-4k-on-10mib-ops-1,verification,PASS,53f90fe4f6693845ee9947f5b1db7af81094474e32d0fbcdd08130521326ac58,,,,,,,531454333,387961083,1.5671227919992816,PASS,/Users/yifanxu/Ephemeral-AI-Lab/layerfs-issue104-evidence/campaign-20260910T1115Z/run/candidate/attempt-1/verification/edit_length_preserving/overwrite-head-4k-on-10mib-ops-1/verification.json,e953172e49d5d1d205b05efcfd660c85eb817d52c17a6c39e429a638db0c6277
edit_length_preserving,overwrite-head-4k-on-100mib-ops-1,verification,PASS,53f90fe4f6693845ee9947f5b1db7af81094474e32d0fbcdd08130521326ac58,,,,,,,858109459,449694709,2.084979833001853,PASS,/Users/yifanxu/Ephemeral-AI-Lab/layerfs-issue104-evidence/campaign-20260910T1115Z/run/candidate/attempt-1/verification/edit_length_preserving/overwrite-head-4k-on-100mib-ops-1/verification.json,62cec117e5c42b347c5abb0b58ebb546f5216b4e900d2500790fee980123b878
edit_length_preserving,overwrite-head-4k-on-500mib-ops-1,verification,PASS,53f90fe4f6693845ee9947f5b1db7af81094474e32d0fbcdd08130521326ac58,,,,,,,2040096625,506540625,3.5531312500024796,PASS,/Users/yifanxu/Ephemeral-AI-Lab/layerfs-issue104-evidence/campaign-20260910T1115Z/run/candidate/attempt-1/verification/edit_length_preserving/overwrite-head-4k-on-500mib-ops-1/verification.json,6c05623609dde82c642821383be0540298dd30d9f66d672ba741c0193518f838
edit_length_preserving,overwrite-middle-4k-on-1mib-ops-1,verification,PASS,53f90fe4f6693845ee9947f5b1db7af81094474e32d0fbcdd08130521326ac58,,,,,,,500180750,381812125,1.521893834000366,PASS,/Users/yifanxu/Ephemeral-AI-Lab/layerfs-issue104-evidence/campaign-20260910T1115Z/run/candidate/attempt-1/verification/edit_length_preserving/overwrite-middle-4k-on-1mib-ops-1/verification.json,67f153cb72952b76f88eed94372a5f5e92dfbb8bc9769d95c03dbb818ab68c8c
edit_length_preserving,overwrite-middle-4k-on-10mib-ops-1,verification,PASS,53f90fe4f6693845ee9947f5b1db7af81094474e32d0fbcdd08130521326ac58,,,,,,,522529375,390426375,1.565663957997458,PASS,/Users/yifanxu/Ephemeral-AI-Lab/layerfs-issue104-evidence/campaign-20260910T1115Z/run/candidate/attempt-1/verification/edit_length_preserving/overwrite-middle-4k-on-10mib-ops-1/verification.json,6f1ab0e86733e8c9ba4ab2efc60569c44f8bbea7439787c1009f0e9726585daa
edit_length_preserving,overwrite-middle-4k-on-100mib-ops-1,verification,PASS,53f90fe4f6693845ee9947f5b1db7af81094474e32d0fbcdd08130521326ac58,,,,,,,799702792,383375417,1.8870714999975462,PASS,/Users/yifanxu/Ephemeral-AI-Lab/layerfs-issue104-evidence/campaign-20260910T1115Z/run/candidate/attempt-1/verification/edit_length_preserving/overwrite-middle-4k-on-100mib-ops-1/verification.json,0efac7194f9e1d6f8f892e9c4dcd1568c299e75268fcef3c4f24ca97e7a1fb61
edit_length_preserving,overwrite-middle-4k-on-500mib-ops-1,verification,PASS,53f90fe4f6693845ee9947f5b1db7af81094474e32d0fbcdd08130521326ac58,,,,,,,2121188792,550972167,3.649311208999279,PASS,/Users/yifanxu/Ephemeral-AI-Lab/layerfs-issue104-evidence/campaign-20260910T1115Z/run/candidate/attempt-1/verification/edit_length_preserving/overwrite-middle-4k-on-500mib-ops-1/verification.json,60be603c59d774acaaea7d4e7f55a6d2fd70c03fd33379eb07222a2c9fbbe45b
edit_length_preserving,overwrite-tail-4k-on-1mib-ops-1,verification,PASS,53f90fe4f6693845ee9947f5b1db7af81094474e32d0fbcdd08130521326ac58,,,,,,,498147250,340034458,1.4278773340010957,PASS,/Users/yifanxu/Ephemeral-AI-Lab/layerfs-issue104-evidence/campaign-20260910T1115Z/run/candidate/attempt-1/verification/edit_length_preserving/overwrite-tail-4k-on-1mib-ops-1/verification.json,193c053b1307bcc5d23fafce68f9b3c7426c8922eab2169c4f36ee05c0860716
edit_length_preserving,overwrite-tail-4k-on-10mib-ops-1,verification,PASS,53f90fe4f6693845ee9947f5b1db7af81094474e32d0fbcdd08130521326ac58,,,,,,,529499042,379435833,1.6177398750005523,PASS,/Users/yifanxu/Ephemeral-AI-Lab/layerfs-issue104-evidence/campaign-20260910T1115Z/run/candidate/attempt-1/verification/edit_length_preserving/overwrite-tail-4k-on-10mib-ops-1/verification.json,4f2149a2831ad80ea196a9b3885c5d3038e98138ab6c784afab9b2dc40491a9e
edit_length_preserving,overwrite-tail-4k-on-100mib-ops-1,verification,PASS,53f90fe4f6693845ee9947f5b1db7af81094474e32d0fbcdd08130521326ac58,,,,,,,798003834,386127000,1.907761667000159,PASS,/Users/yifanxu/Ephemeral-AI-Lab/layerfs-issue104-evidence/campaign-20260910T1115Z/run/candidate/attempt-1/verification/edit_length_preserving/overwrite-tail-4k-on-100mib-ops-1/verification.json,f80b9e89892c9505518c6381eeff55e504371a6911e27ee59a6bfb0dc2634053
edit_length_preserving,overwrite-tail-4k-on-500mib-ops-1,verification,PASS,53f90fe4f6693845ee9947f5b1db7af81094474e32d0fbcdd08130521326ac58,,,,,,,2127261459,498626250,3.646564708000369,PASS,/Users/yifanxu/Ephemeral-AI-Lab/layerfs-issue104-evidence/campaign-20260910T1115Z/run/candidate/attempt-1/verification/edit_length_preserving/overwrite-tail-4k-on-500mib-ops-1/verification.json,bcdc244b113fb1faa8c9da33918e27dd36f20fab0ec35a61d3a41d35b4ccd0b1
edit_length_changing,insert-middle-4k-on-1mib-ops-1,performance,PASS,53f90fe4f6693845ee9947f5b1db7af81094474e32d0fbcdd08130521326ac58,edit_commit_ns,7333416,1,1155072,1.155072,1155072,503071666,389059125,,PASS,/Users/yifanxu/Ephemeral-AI-Lab/layerfs-issue104-evidence/campaign-20260910T1115Z/run/candidate/attempt-1/performance/edit_length_changing/insert-middle-4k-on-1mib-ops-1/perf.jsonl,1399eec5757189ca92d3bae7ab5c70e65be40702d87261bafd434cb337b5a797
edit_length_changing,insert-middle-4k-on-10mib-ops-1,performance,PASS,53f90fe4f6693845ee9947f5b1db7af81094474e32d0fbcdd08130521326ac58,edit_commit_ns,8362834,1,10711040,10.71104,10711040,582832000,387227708,,PASS,/Users/yifanxu/Ephemeral-AI-Lab/layerfs-issue104-evidence/campaign-20260910T1115Z/run/candidate/attempt-1/performance/edit_length_changing/insert-middle-4k-on-10mib-ops-1/perf.jsonl,526c253f9d551e707eb1c1d671702a524a742f48d90a1e943a73487be17d4d55
edit_length_changing,insert-middle-4k-on-100mib-ops-1,performance,PASS,53f90fe4f6693845ee9947f5b1db7af81094474e32d0fbcdd08130521326ac58,edit_commit_ns,9525125,1,106135552,106.135552,106135552,807689500,385523125,,PASS,/Users/yifanxu/Ephemeral-AI-Lab/layerfs-issue104-evidence/campaign-20260910T1115Z/run/candidate/attempt-1/performance/edit_length_changing/insert-middle-4k-on-100mib-ops-1/perf.jsonl,43e7e7f97ed2e417b3723c3b56b61162537ea6138da246c257d081a1da3c4484
edit_length_changing,insert-middle-4k-on-500mib-result-capped-v2-ops-1,performance,PASS,53f90fe4f6693845ee9947f5b1db7af81094474e32d0fbcdd08130521326ac58,edit_commit_ns,9902125,1,547123200,547.1232,530374656,8008583709,453341916,,PASS,/Users/yifanxu/Ephemeral-AI-Lab/layerfs-issue104-evidence/campaign-20260910T1115Z/run/candidate/attempt-1/performance/edit_length_changing/insert-middle-4k-on-500mib-result-capped-v2-ops-1/perf.jsonl,6077e251bf95c07500237e16819bee152a7df3687214065219635aeb43f4b8c4
edit_length_changing,delete-middle-4k-on-1mib-ops-1,performance,PASS,53f90fe4f6693845ee9947f5b1db7af81094474e32d0fbcdd08130521326ac58,edit_commit_ns,8915041,1,1150976,1.150976,1150976,556476083,392642000,,PASS,/Users/yifanxu/Ephemeral-AI-Lab/layerfs-issue104-evidence/campaign-20260910T1115Z/run/candidate/attempt-1/performance/edit_length_changing/delete-middle-4k-on-1mib-ops-1/perf.jsonl,9549b657f12b62d837bc8af6d9c058a1aae65285da673cde97d752b3d0333754
edit_length_changing,delete-middle-4k-on-10mib-ops-1,performance,PASS,53f90fe4f6693845ee9947f5b1db7af81094474e32d0fbcdd08130521326ac58,edit_commit_ns,8535666,1,10706944,10.706944,10706944,524506666,381880917,,PASS,/Users/yifanxu/Ephemeral-AI-Lab/layerfs-issue104-evidence/campaign-20260910T1115Z/run/candidate/attempt-1/performance/edit_length_changing/delete-middle-4k-on-10mib-ops-1/perf.jsonl,1593ed88f032063b50331c1b59003776e37e13638a0a7eb20707a6cb4305159c
edit_length_changing,delete-middle-4k-on-100mib-ops-1,performance,PASS,53f90fe4f6693845ee9947f5b1db7af81094474e32d0fbcdd08130521326ac58,edit_commit_ns,8402667,1,106127360,106.12736,106127360,859630542,393301500,,PASS,/Users/yifanxu/Ephemeral-AI-Lab/layerfs-issue104-evidence/campaign-20260910T1115Z/run/candidate/attempt-1/performance/edit_length_changing/delete-middle-4k-on-100mib-ops-1/perf.jsonl,27c7e7b0eb530a6511bc150faeb3d79ed47bfcbaae5c4073b73151e1e26edd3c
edit_length_changing,delete-middle-4k-on-500mib-ops-1,performance,PASS,53f90fe4f6693845ee9947f5b1db7af81094474e32d0fbcdd08130521326ac58,edit_commit_ns,9634541,1,547127296,547.127296,530374656,2079683875,434847083,,PASS,/Users/yifanxu/Ephemeral-AI-Lab/layerfs-issue104-evidence/campaign-20260910T1115Z/run/candidate/attempt-1/performance/edit_length_changing/delete-middle-4k-on-500mib-ops-1/perf.jsonl,1def5a65da6fb28345e6e703a8808c0389b99acd20777c23a4b38ccfb00fbbfb
edit_length_changing,append-tail-4k-on-1mib-ops-1,performance,PASS,53f90fe4f6693845ee9947f5b1db7af81094474e32d0fbcdd08130521326ac58,edit_commit_ns,7967959,1,1155072,1.155072,1155072,558721458,381993083,,PASS,/Users/yifanxu/Ephemeral-AI-Lab/layerfs-issue104-evidence/campaign-20260910T1115Z/run/candidate/attempt-1/performance/edit_length_changing/append-tail-4k-on-1mib-ops-1/perf.jsonl,4d2ca685cb52e96fecde854bf7da32da653fca65ab437924c23a2892ab01ee84
edit_length_changing,append-tail-4k-on-10mib-ops-1,performance,PASS,53f90fe4f6693845ee9947f5b1db7af81094474e32d0fbcdd08130521326ac58,edit_commit_ns,8120167,1,10702848,10.702848,10702848,522052834,385699084,,PASS,/Users/yifanxu/Ephemeral-AI-Lab/layerfs-issue104-evidence/campaign-20260910T1115Z/run/candidate/attempt-1/performance/edit_length_changing/append-tail-4k-on-10mib-ops-1/perf.jsonl,38c97ccdbd5b374c3f72ef9c8a2f530b8ec9f877f565af1a78f81dbe474ccecb
edit_length_changing,append-tail-4k-on-100mib-ops-1,performance,PASS,53f90fe4f6693845ee9947f5b1db7af81094474e32d0fbcdd08130521326ac58,edit_commit_ns,8500750,1,106123264,106.123264,106123264,781697750,391527292,,PASS,/Users/yifanxu/Ephemeral-AI-Lab/layerfs-issue104-evidence/campaign-20260910T1115Z/run/candidate/attempt-1/performance/edit_length_changing/append-tail-4k-on-100mib-ops-1/perf.jsonl,75c750bfbed67245ce2e13396e3fec004dc65cecec318755074bb94664a85d40
edit_length_changing,append-tail-4k-on-500mib-result-capped-v2-ops-1,performance,PASS,53f90fe4f6693845ee9947f5b1db7af81094474e32d0fbcdd08130521326ac58,edit_commit_ns,9262292,1,547123200,547.1232,530362368,2073179250,442149958,,PASS,/Users/yifanxu/Ephemeral-AI-Lab/layerfs-issue104-evidence/campaign-20260910T1115Z/run/candidate/attempt-1/performance/edit_length_changing/append-tail-4k-on-500mib-result-capped-v2-ops-1/perf.jsonl,7ebf83009d43c3dd4e804e5adaff0ae563b5e0a7e26c31c9d14e79bbee677e11
edit_length_changing,prepend-head-4k-on-1mib-ops-1,performance,PASS,53f90fe4f6693845ee9947f5b1db7af81094474e32d0fbcdd08130521326ac58,edit_commit_ns,7695917,1,1155072,1.155072,1155072,495543625,388989167,,PASS,/Users/yifanxu/Ephemeral-AI-Lab/layerfs-issue104-evidence/campaign-20260910T1115Z/run/candidate/attempt-1/performance/edit_length_changing/prepend-head-4k-on-1mib-ops-1/perf.jsonl,bdcaae8c1489d5acc26b4ba86ff6f6158b4e678d8afbf0ed928678ef8070067b
edit_length_changing,prepend-head-4k-on-10mib-ops-1,performance,PASS,53f90fe4f6693845ee9947f5b1db7af81094474e32d0fbcdd08130521326ac58,edit_commit_ns,8991708,1,10706944,10.706944,10706944,522748417,383346584,,PASS,/Users/yifanxu/Ephemeral-AI-Lab/layerfs-issue104-evidence/campaign-20260910T1115Z/run/candidate/attempt-1/performance/edit_length_changing/prepend-head-4k-on-10mib-ops-1/perf.jsonl,44423e4169a9137ae13a5d706568d9efccba70d8ae85b84319b349ad751154d3
edit_length_changing,prepend-head-4k-on-100mib-ops-1,performance,PASS,53f90fe4f6693845ee9947f5b1db7af81094474e32d0fbcdd08130521326ac58,edit_commit_ns,9424208,1,106123264,106.123264,106123264,793780375,387716584,,PASS,/Users/yifanxu/Ephemeral-AI-Lab/layerfs-issue104-evidence/campaign-20260910T1115Z/run/candidate/attempt-1/performance/edit_length_changing/prepend-head-4k-on-100mib-ops-1/perf.jsonl,d080b2891e1231073ee059727e644a4a07933080377b15d1a3b1737be5e706d1
edit_length_changing,prepend-head-4k-on-500mib-result-capped-v2-ops-1,performance,PASS,53f90fe4f6693845ee9947f5b1db7af81094474e32d0fbcdd08130521326ac58,edit_commit_ns,8735542,1,547123200,547.1232,530362368,2130849084,399426083,,PASS,/Users/yifanxu/Ephemeral-AI-Lab/layerfs-issue104-evidence/campaign-20260910T1115Z/run/candidate/attempt-1/performance/edit_length_changing/prepend-head-4k-on-500mib-result-capped-v2-ops-1/perf.jsonl,30a9cc3d6e921ca35925530f5a92e2e8ee3449f6740b22e458b10f1a87283b7f
edit_length_changing,replace-grow-middle-2k-to-4k-on-1mib-ops-1,performance,PASS,53f90fe4f6693845ee9947f5b1db7af81094474e32d0fbcdd08130521326ac58,edit_commit_ns,8284750,1,1155072,1.155072,1155072,502014875,387061125,,PASS,/Users/yifanxu/Ephemeral-AI-Lab/layerfs-issue104-evidence/campaign-20260910T1115Z/run/candidate/attempt-1/performance/edit_length_changing/replace-grow-middle-2k-to-4k-on-1mib-ops-1/perf.jsonl,5f2f9fd84305df5ed38d83814a9f71a4b401fe7f7df2977f7695f39f1f7bfb60
edit_length_changing,replace-grow-middle-2k-to-4k-on-10mib-ops-1,performance,PASS,53f90fe4f6693845ee9947f5b1db7af81094474e32d0fbcdd08130521326ac58,edit_commit_ns,8533875,1,10711040,10.71104,10711040,527290584,391930417,,PASS,/Users/yifanxu/Ephemeral-AI-Lab/layerfs-issue104-evidence/campaign-20260910T1115Z/run/candidate/attempt-1/performance/edit_length_changing/replace-grow-middle-2k-to-4k-on-10mib-ops-1/perf.jsonl,847e2191b33a8f3a107dc208c5563c7a77dc102baf776b392a458697eea95f75
edit_length_changing,replace-grow-middle-2k-to-4k-on-100mib-ops-1,performance,PASS,53f90fe4f6693845ee9947f5b1db7af81094474e32d0fbcdd08130521326ac58,edit_commit_ns,9780291,1,106135552,106.135552,106135552,848003208,386056291,,PASS,/Users/yifanxu/Ephemeral-AI-Lab/layerfs-issue104-evidence/campaign-20260910T1115Z/run/candidate/attempt-1/performance/edit_length_changing/replace-grow-middle-2k-to-4k-on-100mib-ops-1/perf.jsonl,8c8e35b2b609f38ccaf5e85f111887b193721f2a792f333ab7d049faee2f5190
edit_length_changing,replace-grow-middle-2k-to-4k-on-500mib-result-capped-v2-ops-1,performance,PASS,53f90fe4f6693845ee9947f5b1db7af81094474e32d0fbcdd08130521326ac58,edit_commit_ns,10609333,1,547123200,547.1232,530374656,7962218333,443565417,,PASS,/Users/yifanxu/Ephemeral-AI-Lab/layerfs-issue104-evidence/campaign-20260910T1115Z/run/candidate/attempt-1/performance/edit_length_changing/replace-grow-middle-2k-to-4k-on-500mib-result-capped-v2-ops-1/perf.jsonl,1137bff3e06520a98b8bd49d21a70340fc7e638ff1c17adfa67138ccfce7666f
edit_length_changing,replace-shrink-middle-4k-to-2k-on-1mib-ops-1,performance,PASS,53f90fe4f6693845ee9947f5b1db7af81094474e32d0fbcdd08130521326ac58,edit_commit_ns,7965750,1,1155072,1.155072,1155072,547122791,390681417,,PASS,/Users/yifanxu/Ephemeral-AI-Lab/layerfs-issue104-evidence/campaign-20260910T1115Z/run/candidate/attempt-1/performance/edit_length_changing/replace-shrink-middle-4k-to-2k-on-1mib-ops-1/perf.jsonl,2fb115f52f86c8de44495f85e30e7f517728f508b8dac544ca7faf6e163b214c
edit_length_changing,replace-shrink-middle-4k-to-2k-on-10mib-ops-1,performance,PASS,53f90fe4f6693845ee9947f5b1db7af81094474e32d0fbcdd08130521326ac58,edit_commit_ns,9181625,1,10711040,10.71104,10711040,531554125,387907750,,PASS,/Users/yifanxu/Ephemeral-AI-Lab/layerfs-issue104-evidence/campaign-20260910T1115Z/run/candidate/attempt-1/performance/edit_length_changing/replace-shrink-middle-4k-to-2k-on-10mib-ops-1/perf.jsonl,bec7fdd0fa8d45ed92a17ee01f34caa86ecc1adb63f9602f2404881d8f8bad97
edit_length_changing,replace-shrink-middle-4k-to-2k-on-100mib-ops-1,performance,PASS,53f90fe4f6693845ee9947f5b1db7af81094474e32d0fbcdd08130521326ac58,edit_commit_ns,10442709,1,106131456,106.131456,106131456,862545709,381291334,,PASS,/Users/yifanxu/Ephemeral-AI-Lab/layerfs-issue104-evidence/campaign-20260910T1115Z/run/candidate/attempt-1/performance/edit_length_changing/replace-shrink-middle-4k-to-2k-on-100mib-ops-1/perf.jsonl,0168d90bc4055204e4569d361acbabb81169dd26e5c5106a9f4ee1743286f770
edit_length_changing,replace-shrink-middle-4k-to-2k-on-500mib-ops-1,performance,PASS,53f90fe4f6693845ee9947f5b1db7af81094474e32d0fbcdd08130521326ac58,edit_commit_ns,11126708,1,547127296,547.127296,530374656,2213443667,435239459,,PASS,/Users/yifanxu/Ephemeral-AI-Lab/layerfs-issue104-evidence/campaign-20260910T1115Z/run/candidate/attempt-1/performance/edit_length_changing/replace-shrink-middle-4k-to-2k-on-500mib-ops-1/perf.jsonl,f35c33c8cb22c94cd3e4a90443c738cddb6df3c571c256f8c151aa55e357b1a6
edit_length_changing,truncate-tail-4k-on-1mib-ops-1,performance,PASS,53f90fe4f6693845ee9947f5b1db7af81094474e32d0fbcdd08130521326ac58,edit_commit_ns,10816417,1,1150976,1.150976,1150976,504609584,344625875,,PASS,/Users/yifanxu/Ephemeral-AI-Lab/layerfs-issue104-evidence/campaign-20260910T1115Z/run/candidate/attempt-1/performance/edit_length_changing/truncate-tail-4k-on-1mib-ops-1/perf.jsonl,7b114f71067b7bf29d9a884e43eff27fc95295b6ec8b2c5d847d7538788817c0
edit_length_changing,truncate-tail-4k-on-10mib-ops-1,performance,PASS,53f90fe4f6693845ee9947f5b1db7af81094474e32d0fbcdd08130521326ac58,edit_commit_ns,8595125,1,10698752,10.698752,10698752,529559333,384146459,,PASS,/Users/yifanxu/Ephemeral-AI-Lab/layerfs-issue104-evidence/campaign-20260910T1115Z/run/candidate/attempt-1/performance/edit_length_changing/truncate-tail-4k-on-10mib-ops-1/perf.jsonl,d0ffeb74e6df7a53c6bb303ce118c8e461ff3310dcb4442ba18411f8a1c0ecea
edit_length_changing,truncate-tail-4k-on-100mib-ops-1,performance,PASS,53f90fe4f6693845ee9947f5b1db7af81094474e32d0fbcdd08130521326ac58,edit_commit_ns,9188584,1,106119168,106.119168,106119168,819076791,388019291,,PASS,/Users/yifanxu/Ephemeral-AI-Lab/layerfs-issue104-evidence/campaign-20260910T1115Z/run/candidate/attempt-1/performance/edit_length_changing/truncate-tail-4k-on-100mib-ops-1/perf.jsonl,4a53cb7953829f51aefd1ae5103ddcaf05756f98e5a51eeaf57507aab5b0617c
edit_length_changing,truncate-tail-4k-on-500mib-ops-1,performance,PASS,53f90fe4f6693845ee9947f5b1db7af81094474e32d0fbcdd08130521326ac58,edit_commit_ns,9228208,1,547127296,547.127296,530366464,2415803917,442185916,,PASS,/Users/yifanxu/Ephemeral-AI-Lab/layerfs-issue104-evidence/campaign-20260910T1115Z/run/candidate/attempt-1/performance/edit_length_changing/truncate-tail-4k-on-500mib-ops-1/perf.jsonl,17de128ceffe78c20a103e040c05013e58c59063416bf3488c486dcf55aa5a8c
edit_length_changing,zero-extend-tail-4k-on-1mib-ops-1,performance,PASS,53f90fe4f6693845ee9947f5b1db7af81094474e32d0fbcdd08130521326ac58,edit_commit_ns,8570958,1,1150976,1.150976,1150976,550275042,390168584,,PASS,/Users/yifanxu/Ephemeral-AI-Lab/layerfs-issue104-evidence/campaign-20260910T1115Z/run/candidate/attempt-1/performance/edit_length_changing/zero-extend-tail-4k-on-1mib-ops-1/perf.jsonl,c98e04beff7bcc8690ea034c9cb61262ab4d9130649c3fb0c3b760253dbaf5f6
edit_length_changing,zero-extend-tail-4k-on-10mib-ops-1,performance,PASS,53f90fe4f6693845ee9947f5b1db7af81094474e32d0fbcdd08130521326ac58,edit_commit_ns,9432000,1,10698752,10.698752,10698752,528208917,382940500,,PASS,/Users/yifanxu/Ephemeral-AI-Lab/layerfs-issue104-evidence/campaign-20260910T1115Z/run/candidate/attempt-1/performance/edit_length_changing/zero-extend-tail-4k-on-10mib-ops-1/perf.jsonl,373eba8cad4c8ce4f71727e94804b72b0f77619f2f41f3762fee436379f08527
edit_length_changing,zero-extend-tail-4k-on-100mib-ops-1,performance,PASS,53f90fe4f6693845ee9947f5b1db7af81094474e32d0fbcdd08130521326ac58,edit_commit_ns,9270667,1,106119168,106.119168,106119168,845439250,387206583,,PASS,/Users/yifanxu/Ephemeral-AI-Lab/layerfs-issue104-evidence/campaign-20260910T1115Z/run/candidate/attempt-1/performance/edit_length_changing/zero-extend-tail-4k-on-100mib-ops-1/perf.jsonl,0f1625212bf3f528fe16d3ff07d0ca6a8f0662dd8d8f3dbf146b3a78430a2d11
edit_length_changing,zero-extend-tail-4k-on-500mib-result-capped-v2-ops-1,performance,PASS,53f90fe4f6693845ee9947f5b1db7af81094474e32d0fbcdd08130521326ac58,edit_commit_ns,9897833,1,547123200,547.1232,530358272,2201379541,448480375,,PASS,/Users/yifanxu/Ephemeral-AI-Lab/layerfs-issue104-evidence/campaign-20260910T1115Z/run/candidate/attempt-1/performance/edit_length_changing/zero-extend-tail-4k-on-500mib-result-capped-v2-ops-1/perf.jsonl,04ee709039df3eb6ed9290405ced03a3e79d2d2d05d7cda5741459d9ad994fc1
edit_length_changing,insert-middle-4k-on-1mib-ops-1,verification,PASS,53f90fe4f6693845ee9947f5b1db7af81094474e32d0fbcdd08130521326ac58,,,,,,,490860000,387461084,1.5270935829976224,PASS,/Users/yifanxu/Ephemeral-AI-Lab/layerfs-issue104-evidence/campaign-20260910T1115Z/run/candidate/attempt-1/verification/edit_length_changing/insert-middle-4k-on-1mib-ops-1/verification.json,88911f9da62204630eefd9bb509d5a617dadf4ff493df1a34b31f2f8a731e37b
edit_length_changing,insert-middle-4k-on-10mib-ops-1,verification,PASS,53f90fe4f6693845ee9947f5b1db7af81094474e32d0fbcdd08130521326ac58,,,,,,,542963583,386996542,1.5293860829988262,PASS,/Users/yifanxu/Ephemeral-AI-Lab/layerfs-issue104-evidence/campaign-20260910T1115Z/run/candidate/attempt-1/verification/edit_length_changing/insert-middle-4k-on-10mib-ops-1/verification.json,152a29b6dfb0f43bfea430eff1a7604d6d14576b412e48282b7b9b3cb49ffddb
edit_length_changing,insert-middle-4k-on-100mib-ops-1,verification,PASS,53f90fe4f6693845ee9947f5b1db7af81094474e32d0fbcdd08130521326ac58,,,,,,,793277583,435609958,1.9438389169990842,PASS,/Users/yifanxu/Ephemeral-AI-Lab/layerfs-issue104-evidence/campaign-20260910T1115Z/run/candidate/attempt-1/verification/edit_length_changing/insert-middle-4k-on-100mib-ops-1/verification.json,217a57680a9616c73193c5ca2ee211e699dafa926cd6867a85632d62268e3bc3
edit_length_changing,insert-middle-4k-on-500mib-result-capped-v2-ops-1,verification,PASS,53f90fe4f6693845ee9947f5b1db7af81094474e32d0fbcdd08130521326ac58,,,,,,,2035082458,489792166,3.5366851670005417,PASS,/Users/yifanxu/Ephemeral-AI-Lab/layerfs-issue104-evidence/campaign-20260910T1115Z/run/candidate/attempt-1/verification/edit_length_changing/insert-middle-4k-on-500mib-result-capped-v2-ops-1/verification.json,3689aadbef2f707bf83843bc1ffbfc62c44998d252f2e1bec6295f47fe67db3f
edit_length_changing,delete-middle-4k-on-1mib-ops-1,verification,PASS,53f90fe4f6693845ee9947f5b1db7af81094474e32d0fbcdd08130521326ac58,,,,,,,488726708,391375458,1.5280489579999994,PASS,/Users/yifanxu/Ephemeral-AI-Lab/layerfs-issue104-evidence/campaign-20260910T1115Z/run/candidate/attempt-1/verification/edit_length_changing/delete-middle-4k-on-1mib-ops-1/verification.json,adbf600f42ce691555424329d9c800a93fa4c18da61a4138276a5881e4310652
edit_length_changing,delete-middle-4k-on-10mib-ops-1,verification,PASS,53f90fe4f6693845ee9947f5b1db7af81094474e32d0fbcdd08130521326ac58,,,,,,,578642500,389179083,1.6257236669989652,PASS,/Users/yifanxu/Ephemeral-AI-Lab/layerfs-issue104-evidence/campaign-20260910T1115Z/run/candidate/attempt-1/verification/edit_length_changing/delete-middle-4k-on-10mib-ops-1/verification.json,887b3535fe8919b7eb7435ebf8f5ba13026ee59500220d1ec0228880d2565157
edit_length_changing,delete-middle-4k-on-100mib-ops-1,verification,PASS,53f90fe4f6693845ee9947f5b1db7af81094474e32d0fbcdd08130521326ac58,,,,,,,805587584,438629875,1.958469041997887,PASS,/Users/yifanxu/Ephemeral-AI-Lab/layerfs-issue104-evidence/campaign-20260910T1115Z/run/candidate/attempt-1/verification/edit_length_changing/delete-middle-4k-on-100mib-ops-1/verification.json,38594171a65d73cb4e9891ce2728085c1e6017cd29c752f50f59d65a1279bf2f
edit_length_changing,delete-middle-4k-on-500mib-ops-1,verification,PASS,53f90fe4f6693845ee9947f5b1db7af81094474e32d0fbcdd08130521326ac58,,,,,,,2051125875,500820500,3.5218846249990747,PASS,/Users/yifanxu/Ephemeral-AI-Lab/layerfs-issue104-evidence/campaign-20260910T1115Z/run/candidate/attempt-1/verification/edit_length_changing/delete-middle-4k-on-500mib-ops-1/verification.json,8ac5c6f0ae4ce42046f83d2e1df87fca27b491a067ffdd86438598bf2ff370f7
edit_length_changing,append-tail-4k-on-1mib-ops-1,verification,PASS,53f90fe4f6693845ee9947f5b1db7af81094474e32d0fbcdd08130521326ac58,,,,,,,544615958,387347166,1.6381922500004293,PASS,/Users/yifanxu/Ephemeral-AI-Lab/layerfs-issue104-evidence/campaign-20260910T1115Z/run/candidate/attempt-1/verification/edit_length_changing/append-tail-4k-on-1mib-ops-1/verification.json,80568dc7d0fe85cc6dec0f8b7f90848770c95064bce80147c469bd4b22fb368c
edit_length_changing,append-tail-4k-on-10mib-ops-1,verification,PASS,53f90fe4f6693845ee9947f5b1db7af81094474e32d0fbcdd08130521326ac58,,,,,,,573663375,385309375,1.5601560000031895,PASS,/Users/yifanxu/Ephemeral-AI-Lab/layerfs-issue104-evidence/campaign-20260910T1115Z/run/candidate/attempt-1/verification/edit_length_changing/append-tail-4k-on-10mib-ops-1/verification.json,aaf9daaba70f066ac235abbebb343d3939761ccf2a60425dc5655317f0c35926
edit_length_changing,append-tail-4k-on-100mib-ops-1,verification,PASS,53f90fe4f6693845ee9947f5b1db7af81094474e32d0fbcdd08130521326ac58,,,,,,,795696417,446221000,1.955738458000269,PASS,/Users/yifanxu/Ephemeral-AI-Lab/layerfs-issue104-evidence/campaign-20260910T1115Z/run/candidate/attempt-1/verification/edit_length_changing/append-tail-4k-on-100mib-ops-1/verification.json,5ef73d675f47c09daa7cf5f61b637c26adb02d0a111ad37a500964ab31657888
edit_length_changing,append-tail-4k-on-500mib-result-capped-v2-ops-1,verification,PASS,53f90fe4f6693845ee9947f5b1db7af81094474e32d0fbcdd08130521326ac58,,,,,,,2120077458,495276041,3.6110836659972847,PASS,/Users/yifanxu/Ephemeral-AI-Lab/layerfs-issue104-evidence/campaign-20260910T1115Z/run/candidate/attempt-1/verification/edit_length_changing/append-tail-4k-on-500mib-result-capped-v2-ops-1/verification.json,38551af137a24bbb8154330eb48d910bed8b78815d1e6b61f11a1c801ca3b2cb
edit_length_changing,prepend-head-4k-on-1mib-ops-1,verification,PASS,53f90fe4f6693845ee9947f5b1db7af81094474e32d0fbcdd08130521326ac58,,,,,,,497128375,390126084,1.5721925830002874,PASS,/Users/yifanxu/Ephemeral-AI-Lab/layerfs-issue104-evidence/campaign-20260910T1115Z/run/candidate/attempt-1/verification/edit_length_changing/prepend-head-4k-on-1mib-ops-1/verification.json,217744a3a07e87edbaf32bcaebddc99ec6ad0bc15e8330f2419c02ca9262d866
edit_length_changing,prepend-head-4k-on-10mib-ops-1,verification,PASS,53f90fe4f6693845ee9947f5b1db7af81094474e32d0fbcdd08130521326ac58,,,,,,,573828000,384583583,1.652964458000497,PASS,/Users/yifanxu/Ephemeral-AI-Lab/layerfs-issue104-evidence/campaign-20260910T1115Z/run/candidate/attempt-1/verification/edit_length_changing/prepend-head-4k-on-10mib-ops-1/verification.json,e3966154970dbd1f50415eba6f0a49c658d3918b76a31f448437eef777a18bd6
edit_length_changing,prepend-head-4k-on-100mib-ops-1,verification,PASS,53f90fe4f6693845ee9947f5b1db7af81094474e32d0fbcdd08130521326ac58,,,,,,,794197709,386856875,1.9449274580001656,PASS,/Users/yifanxu/Ephemeral-AI-Lab/layerfs-issue104-evidence/campaign-20260910T1115Z/run/candidate/attempt-1/verification/edit_length_changing/prepend-head-4k-on-100mib-ops-1/verification.json,cd0dfe761f8bebd55faeeef8286cb0d4f91136fdbfcccd3f0fc0d259cc905c08
edit_length_changing,prepend-head-4k-on-500mib-result-capped-v2-ops-1,verification,PASS,53f90fe4f6693845ee9947f5b1db7af81094474e32d0fbcdd08130521326ac58,,,,,,,2122402292,504933292,3.6236434580023342,PASS,/Users/yifanxu/Ephemeral-AI-Lab/layerfs-issue104-evidence/campaign-20260910T1115Z/run/candidate/attempt-1/verification/edit_length_changing/prepend-head-4k-on-500mib-result-capped-v2-ops-1/verification.json,ab48ed844583b8e610a41fd988f9bee59b124da938035699fd7f50a645658e77
edit_length_changing,replace-grow-middle-2k-to-4k-on-1mib-ops-1,verification,PASS,53f90fe4f6693845ee9947f5b1db7af81094474e32d0fbcdd08130521326ac58,,,,,,,490845916,384993958,1.4653865420004877,PASS,/Users/yifanxu/Ephemeral-AI-Lab/layerfs-issue104-evidence/campaign-20260910T1115Z/run/candidate/attempt-1/verification/edit_length_changing/replace-grow-middle-2k-to-4k-on-1mib-ops-1/verification.json,5a18f621244985196df26ca0bc6d8be6cbe3621c3898b0e09af23338768112bc
edit_length_changing,replace-grow-middle-2k-to-4k-on-10mib-ops-1,verification,PASS,53f90fe4f6693845ee9947f5b1db7af81094474e32d0fbcdd08130521326ac58,,,,,,,635960125,392547500,1.6146300000000338,PASS,/Users/yifanxu/Ephemeral-AI-Lab/layerfs-issue104-evidence/campaign-20260910T1115Z/run/candidate/attempt-1/verification/edit_length_changing/replace-grow-middle-2k-to-4k-on-10mib-ops-1/verification.json,b755f3936460df43bc21d442266f0d44886744200126b67a716c5953fb2c93cd
edit_length_changing,replace-grow-middle-2k-to-4k-on-100mib-ops-1,verification,PASS,53f90fe4f6693845ee9947f5b1db7af81094474e32d0fbcdd08130521326ac58,,,,,,,902591709,383494125,2.1032970839987684,PASS,/Users/yifanxu/Ephemeral-AI-Lab/layerfs-issue104-evidence/campaign-20260910T1115Z/run/candidate/attempt-1/verification/edit_length_changing/replace-grow-middle-2k-to-4k-on-100mib-ops-1/verification.json,b7c1342c63a4982d0b24d008a164792fdc9817a139812517b77aa38f8c12abbb
edit_length_changing,replace-grow-middle-2k-to-4k-on-500mib-result-capped-v2-ops-1,verification,PASS,53f90fe4f6693845ee9947f5b1db7af81094474e32d0fbcdd08130521326ac58,,,,,,,2099029375,497203250,3.7066218750005646,PASS,/Users/yifanxu/Ephemeral-AI-Lab/layerfs-issue104-evidence/campaign-20260910T1115Z/run/candidate/attempt-1/verification/edit_length_changing/replace-grow-middle-2k-to-4k-on-500mib-result-capped-v2-ops-1/verification.json,f56baa297937ab22855a83fd83b09d488fed6c4694539df04990eb07a30f7922
edit_length_changing,replace-shrink-middle-4k-to-2k-on-1mib-ops-1,verification,PASS,53f90fe4f6693845ee9947f5b1db7af81094474e32d0fbcdd08130521326ac58,,,,,,,593463167,386880917,1.6864591670018854,PASS,/Users/yifanxu/Ephemeral-AI-Lab/layerfs-issue104-evidence/campaign-20260910T1115Z/run/candidate/attempt-1/verification/edit_length_changing/replace-shrink-middle-4k-to-2k-on-1mib-ops-1/verification.json,2fab86a3d4c7656b31a96dceccece3c24d838fea7a5cfb5e9f5d6a862edc9a73
edit_length_changing,replace-shrink-middle-4k-to-2k-on-10mib-ops-1,verification,PASS,53f90fe4f6693845ee9947f5b1db7af81094474e32d0fbcdd08130521326ac58,,,,,,,578560042,388442708,1.6219957920002344,PASS,/Users/yifanxu/Ephemeral-AI-Lab/layerfs-issue104-evidence/campaign-20260910T1115Z/run/candidate/attempt-1/verification/edit_length_changing/replace-shrink-middle-4k-to-2k-on-10mib-ops-1/verification.json,8d0f91382874d1b853ccdc47b88a1165a086de037d00b70ab636d82559a23c08
edit_length_changing,replace-shrink-middle-4k-to-2k-on-100mib-ops-1,verification,PASS,53f90fe4f6693845ee9947f5b1db7af81094474e32d0fbcdd08130521326ac58,,,,,,,856667583,445267875,2.0189285000014934,PASS,/Users/yifanxu/Ephemeral-AI-Lab/layerfs-issue104-evidence/campaign-20260910T1115Z/run/candidate/attempt-1/verification/edit_length_changing/replace-shrink-middle-4k-to-2k-on-100mib-ops-1/verification.json,d31336c16bcaed184221d2f15d6439c68fb787b34d9a4e45142ea38b22056431
edit_length_changing,replace-shrink-middle-4k-to-2k-on-500mib-ops-1,verification,PASS,53f90fe4f6693845ee9947f5b1db7af81094474e32d0fbcdd08130521326ac58,,,,,,,2064777417,491946292,3.575804165997397,PASS,/Users/yifanxu/Ephemeral-AI-Lab/layerfs-issue104-evidence/campaign-20260910T1115Z/run/candidate/attempt-1/verification/edit_length_changing/replace-shrink-middle-4k-to-2k-on-500mib-ops-1/verification.json,a9e6451b0829755147c2fddf6dca3bbd298a611c9d80525d4428cd385777e41d
edit_length_changing,truncate-tail-4k-on-1mib-ops-1,verification,PASS,53f90fe4f6693845ee9947f5b1db7af81094474e32d0fbcdd08130521326ac58,,,,,,,553481583,393827458,1.5361602500015579,PASS,/Users/yifanxu/Ephemeral-AI-Lab/layerfs-issue104-evidence/campaign-20260910T1115Z/run/candidate/attempt-1/verification/edit_length_changing/truncate-tail-4k-on-1mib-ops-1/verification.json,2624548c3985dfe5d2a2949d2a74dcd9143b813ec93bd3ad6a07bde932a582ea
edit_length_changing,truncate-tail-4k-on-10mib-ops-1,verification,PASS,53f90fe4f6693845ee9947f5b1db7af81094474e32d0fbcdd08130521326ac58,,,,,,,583732167,386598458,1.63536566699986,PASS,/Users/yifanxu/Ephemeral-AI-Lab/layerfs-issue104-evidence/campaign-20260910T1115Z/run/candidate/attempt-1/verification/edit_length_changing/truncate-tail-4k-on-10mib-ops-1/verification.json,39cc5e144f45d1681773fe52ed2d5798d061ddeb7503ddcb5d5cec45b2e8e99b
edit_length_changing,truncate-tail-4k-on-100mib-ops-1,verification,PASS,53f90fe4f6693845ee9947f5b1db7af81094474e32d0fbcdd08130521326ac58,,,,,,,913146666,386134000,2.0577537909994135,PASS,/Users/yifanxu/Ephemeral-AI-Lab/layerfs-issue104-evidence/campaign-20260910T1115Z/run/candidate/attempt-1/verification/edit_length_changing/truncate-tail-4k-on-100mib-ops-1/verification.json,854c770f1fa6345b51c46299a800809a0af43ce661be5b931b01426af05983a3
edit_length_changing,truncate-tail-4k-on-500mib-ops-1,verification,PASS,53f90fe4f6693845ee9947f5b1db7af81094474e32d0fbcdd08130521326ac58,,,,,,,2378421375,504824708,3.898627791997569,PASS,/Users/yifanxu/Ephemeral-AI-Lab/layerfs-issue104-evidence/campaign-20260910T1115Z/run/candidate/attempt-1/verification/edit_length_changing/truncate-tail-4k-on-500mib-ops-1/verification.json,86a182d8bc787843d6d954929528174317d1c4e36466860ebed6d2dd82ddc4b7
edit_length_changing,zero-extend-tail-4k-on-1mib-ops-1,verification,PASS,53f90fe4f6693845ee9947f5b1db7af81094474e32d0fbcdd08130521326ac58,,,,,,,495422625,378271292,1.518166707999626,PASS,/Users/yifanxu/Ephemeral-AI-Lab/layerfs-issue104-evidence/campaign-20260910T1115Z/run/candidate/attempt-1/verification/edit_length_changing/zero-extend-tail-4k-on-1mib-ops-1/verification.json,ac33158d27d318e445f7172ef953af363088e06eb76a13da076186c18eb36820
edit_length_changing,zero-extend-tail-4k-on-10mib-ops-1,verification,PASS,53f90fe4f6693845ee9947f5b1db7af81094474e32d0fbcdd08130521326ac58,,,,,,,653966667,381843833,1.6226182080026774,PASS,/Users/yifanxu/Ephemeral-AI-Lab/layerfs-issue104-evidence/campaign-20260910T1115Z/run/candidate/attempt-1/verification/edit_length_changing/zero-extend-tail-4k-on-10mib-ops-1/verification.json,267e890c34f0dd7ebe73362e7e9b57d6e1d8c4c741aebd0773bd5071f0ea4e2a
edit_length_changing,zero-extend-tail-4k-on-100mib-ops-1,verification,PASS,53f90fe4f6693845ee9947f5b1db7af81094474e32d0fbcdd08130521326ac58,,,,,,,867572000,436796250,2.1210503750007774,PASS,/Users/yifanxu/Ephemeral-AI-Lab/layerfs-issue104-evidence/campaign-20260910T1115Z/run/candidate/attempt-1/verification/edit_length_changing/zero-extend-tail-4k-on-100mib-ops-1/verification.json,953c63918f970710411068c04d4b27ee585dc12fcd845453d19772173a5874a5
edit_length_changing,zero-extend-tail-4k-on-500mib-result-capped-v2-ops-1,verification,PASS,53f90fe4f6693845ee9947f5b1db7af81094474e32d0fbcdd08130521326ac58,,,,,,,2106632417,507399208,3.719288125001185,PASS,/Users/yifanxu/Ephemeral-AI-Lab/layerfs-issue104-evidence/campaign-20260910T1115Z/run/candidate/attempt-1/verification/edit_length_changing/zero-extend-tail-4k-on-500mib-result-capped-v2-ops-1/verification.json,2d1a9f8c51b22b953443e92d6f9b14a3279069a3ae7846914b51d9d9b0f0a38a
edit_canonical_chunk_count,overwrite-fixed-64k-chunk-count-preserve-on-1mib-ops-1,performance,PASS,53f90fe4f6693845ee9947f5b1db7af81094474e32d0fbcdd08130521326ac58,edit_commit_ns,10996042,1,1216512,1.216512,1216512,499510584,383751750,,PASS,/Users/yifanxu/Ephemeral-AI-Lab/layerfs-issue104-evidence/campaign-20260910T1115Z/run/candidate/attempt-1/performance/edit_canonical_chunk_count/overwrite-fixed-64k-chunk-count-preserve-on-1mib-ops-1/perf.jsonl,bc2f8e617bee63f1fd12dbeadd9e732d740e3c255684a15aba0c97e48c2de8a2
edit_canonical_chunk_count,overwrite-fixed-64k-chunk-count-preserve-on-10mib-ops-1,performance,PASS,53f90fe4f6693845ee9947f5b1db7af81094474e32d0fbcdd08130521326ac58,edit_commit_ns,11530666,1,10772480,10.77248,10772480,628760792,395559792,,PASS,/Users/yifanxu/Ephemeral-AI-Lab/layerfs-issue104-evidence/campaign-20260910T1115Z/run/candidate/attempt-1/performance/edit_canonical_chunk_count/overwrite-fixed-64k-chunk-count-preserve-on-10mib-ops-1/perf.jsonl,b285a349887c2793a49eceeb48f67f0927dfae8191f6ef1bfa2f40296afdad54
edit_canonical_chunk_count,overwrite-fixed-64k-chunk-count-preserve-on-100mib-ops-1,performance,PASS,53f90fe4f6693845ee9947f5b1db7af81094474e32d0fbcdd08130521326ac58,edit_commit_ns,10755500,1,106188800,106.1888,106188800,921491084,392182000,,PASS,/Users/yifanxu/Ephemeral-AI-Lab/layerfs-issue104-evidence/campaign-20260910T1115Z/run/candidate/attempt-1/performance/edit_canonical_chunk_count/overwrite-fixed-64k-chunk-count-preserve-on-100mib-ops-1/perf.jsonl,61eed2a9a462f7b0144f4bd34f2519d15f86e52ba41aac1ff12e232025191fa0
edit_canonical_chunk_count,overwrite-fixed-64k-chunk-count-preserve-on-500mib-ops-1,performance,PASS,53f90fe4f6693845ee9947f5b1db7af81094474e32d0fbcdd08130521326ac58,edit_commit_ns,13646834,1,547127296,547.127296,530436096,2301117500,453737417,,PASS,/Users/yifanxu/Ephemeral-AI-Lab/layerfs-issue104-evidence/campaign-20260910T1115Z/run/candidate/attempt-1/performance/edit_canonical_chunk_count/overwrite-fixed-64k-chunk-count-preserve-on-500mib-ops-1/perf.jsonl,848cd1eaac29ba7cd207ae944bbe09547c739c32ffa1cadd7e6378068ef89988
edit_canonical_chunk_count,overwrite-fixed-64k-chunk-count-increase-on-1mib-ops-1,performance,PASS,53f90fe4f6693845ee9947f5b1db7af81094474e32d0fbcdd08130521326ac58,edit_commit_ns,8988167,1,1216512,1.216512,1216512,485149667,388152042,,PASS,/Users/yifanxu/Ephemeral-AI-Lab/layerfs-issue104-evidence/campaign-20260910T1115Z/run/candidate/attempt-1/performance/edit_canonical_chunk_count/overwrite-fixed-64k-chunk-count-increase-on-1mib-ops-1/perf.jsonl,ca4b98ef7ecb7c20703745ef1e91933aa6fa3d1608f94b0b93b53e1ac045e4cb
edit_canonical_chunk_count,overwrite-fixed-64k-chunk-count-increase-on-10mib-ops-1,performance,PASS,53f90fe4f6693845ee9947f5b1db7af81094474e32d0fbcdd08130521326ac58,edit_commit_ns,10558791,1,10772480,10.77248,10772480,535466000,386517500,,PASS,/Users/yifanxu/Ephemeral-AI-Lab/layerfs-issue104-evidence/campaign-20260910T1115Z/run/candidate/attempt-1/performance/edit_canonical_chunk_count/overwrite-fixed-64k-chunk-count-increase-on-10mib-ops-1/perf.jsonl,d6b5ac04151c39c135849ae2d211cf263fd8a3330a5e4f850c43c3b28d4c7030
edit_canonical_chunk_count,overwrite-fixed-64k-chunk-count-increase-on-100mib-ops-1,performance,PASS,53f90fe4f6693845ee9947f5b1db7af81094474e32d0fbcdd08130521326ac58,edit_commit_ns,11197167,1,106188800,106.1888,106188800,855352625,386938541,,PASS,/Users/yifanxu/Ephemeral-AI-Lab/layerfs-issue104-evidence/campaign-20260910T1115Z/run/candidate/attempt-1/performance/edit_canonical_chunk_count/overwrite-fixed-64k-chunk-count-increase-on-100mib-ops-1/perf.jsonl,0e7f6e5d93215797778af6cd3245fb90939d80e0808c0ddc3f6ca0f6a3709c08
edit_canonical_chunk_count,overwrite-fixed-64k-chunk-count-increase-on-500mib-ops-1,performance,PASS,53f90fe4f6693845ee9947f5b1db7af81094474e32d0fbcdd08130521326ac58,edit_commit_ns,12815209,1,547127296,547.127296,530436096,2079751041,442429833,,PASS,/Users/yifanxu/Ephemeral-AI-Lab/layerfs-issue104-evidence/campaign-20260910T1115Z/run/candidate/attempt-1/performance/edit_canonical_chunk_count/overwrite-fixed-64k-chunk-count-increase-on-500mib-ops-1/perf.jsonl,8ea3c3a6b13dda15b029a7eff96e58072c489323ad04a91e79ea3e1d84009539
edit_canonical_chunk_count,overwrite-fixed-64k-chunk-count-decrease-on-1mib-ops-1,performance,PASS,53f90fe4f6693845ee9947f5b1db7af81094474e32d0fbcdd08130521326ac58,edit_commit_ns,9499167,1,1150976,1.150976,1150976,556847792,391238375,,PASS,/Users/yifanxu/Ephemeral-AI-Lab/layerfs-issue104-evidence/campaign-20260910T1115Z/run/candidate/attempt-1/performance/edit_canonical_chunk_count/overwrite-fixed-64k-chunk-count-decrease-on-1mib-ops-1/perf.jsonl,312ad62bd80e886f91812a02e28ad75576269f41c855c99ccee3eea217c16ea1
edit_canonical_chunk_count,overwrite-fixed-64k-chunk-count-decrease-on-10mib-ops-1,performance,PASS,53f90fe4f6693845ee9947f5b1db7af81094474e32d0fbcdd08130521326ac58,edit_commit_ns,10662417,1,10706944,10.706944,10706944,587200583,386781125,,PASS,/Users/yifanxu/Ephemeral-AI-Lab/layerfs-issue104-evidence/campaign-20260910T1115Z/run/candidate/attempt-1/performance/edit_canonical_chunk_count/overwrite-fixed-64k-chunk-count-decrease-on-10mib-ops-1/perf.jsonl,7a17333c3659d1b13fcf29fd3bfc80f3e1fa986257070c5ea877a3d3656d25b2
edit_canonical_chunk_count,overwrite-fixed-64k-chunk-count-decrease-on-100mib-ops-1,performance,PASS,53f90fe4f6693845ee9947f5b1db7af81094474e32d0fbcdd08130521326ac58,edit_commit_ns,8684458,1,106123264,106.123264,106123264,804537000,388935584,,PASS,/Users/yifanxu/Ephemeral-AI-Lab/layerfs-issue104-evidence/campaign-20260910T1115Z/run/candidate/attempt-1/performance/edit_canonical_chunk_count/overwrite-fixed-64k-chunk-count-decrease-on-100mib-ops-1/perf.jsonl,b99e1edea416253c2de76059f12b3169c68817706eded739f5e63afb4c9bca6c
edit_canonical_chunk_count,overwrite-fixed-64k-chunk-count-decrease-on-500mib-ops-1,performance,PASS,53f90fe4f6693845ee9947f5b1db7af81094474e32d0fbcdd08130521326ac58,edit_commit_ns,11186541,1,547127296,547.127296,530366464,2068514458,440457334,,PASS,/Users/yifanxu/Ephemeral-AI-Lab/layerfs-issue104-evidence/campaign-20260910T1115Z/run/candidate/attempt-1/performance/edit_canonical_chunk_count/overwrite-fixed-64k-chunk-count-decrease-on-500mib-ops-1/perf.jsonl,dc89d01e93eff50a6c0ce9f1fa15f65a5a1affb10a648414ab8402ef3308825c
edit_canonical_chunk_count,overwrite-fixed-64k-chunk-count-preserve-on-1mib-ops-1,verification,PASS,53f90fe4f6693845ee9947f5b1db7af81094474e32d0fbcdd08130521326ac58,,,,,,,547712333,397897458,1.6320187499986787,PASS,/Users/yifanxu/Ephemeral-AI-Lab/layerfs-issue104-evidence/campaign-20260910T1115Z/run/candidate/attempt-1/verification/edit_canonical_chunk_count/overwrite-fixed-64k-chunk-count-preserve-on-1mib-ops-1/verification.json,0e3e87fc8e56d814c1116bf3596a9295e74ea30231222277512cb6d6a804c5c7
edit_canonical_chunk_count,overwrite-fixed-64k-chunk-count-preserve-on-10mib-ops-1,verification,PASS,53f90fe4f6693845ee9947f5b1db7af81094474e32d0fbcdd08130521326ac58,,,,,,,528022667,391413916,1.5728891670005396,PASS,/Users/yifanxu/Ephemeral-AI-Lab/layerfs-issue104-evidence/campaign-20260910T1115Z/run/candidate/attempt-1/verification/edit_canonical_chunk_count/overwrite-fixed-64k-chunk-count-preserve-on-10mib-ops-1/verification.json,328e076fa6e4ca004c25315a1ad94b30d8f3fb44294dbb230e9c480bec6106a1
edit_canonical_chunk_count,overwrite-fixed-64k-chunk-count-preserve-on-100mib-ops-1,verification,PASS,53f90fe4f6693845ee9947f5b1db7af81094474e32d0fbcdd08130521326ac58,,,,,,,861402250,446838500,2.0225634160015034,PASS,/Users/yifanxu/Ephemeral-AI-Lab/layerfs-issue104-evidence/campaign-20260910T1115Z/run/candidate/attempt-1/verification/edit_canonical_chunk_count/overwrite-fixed-64k-chunk-count-preserve-on-100mib-ops-1/verification.json,8bcb94a4c9468c93858955b3cc95e4c19119db9c8784196e3791f804bf696da5
edit_canonical_chunk_count,overwrite-fixed-64k-chunk-count-preserve-on-500mib-ops-1,verification,PASS,53f90fe4f6693845ee9947f5b1db7af81094474e32d0fbcdd08130521326ac58,,,,,,,2131323209,553951167,3.7173232919994916,PASS,/Users/yifanxu/Ephemeral-AI-Lab/layerfs-issue104-evidence/campaign-20260910T1115Z/run/candidate/attempt-1/verification/edit_canonical_chunk_count/overwrite-fixed-64k-chunk-count-preserve-on-500mib-ops-1/verification.json,5a503c40009e7b13437db10291f23818014876018ac223cfed163fd5b83fe713
edit_canonical_chunk_count,overwrite-fixed-64k-chunk-count-increase-on-1mib-ops-1,verification,PASS,53f90fe4f6693845ee9947f5b1db7af81094474e32d0fbcdd08130521326ac58,,,,,,,498578375,382563417,1.5419837500012363,PASS,/Users/yifanxu/Ephemeral-AI-Lab/layerfs-issue104-evidence/campaign-20260910T1115Z/run/candidate/attempt-1/verification/edit_canonical_chunk_count/overwrite-fixed-64k-chunk-count-increase-on-1mib-ops-1/verification.json,fc17711385eb4a423d4a3db021f841a563541557fd5b9bea28540264a3f94234
edit_canonical_chunk_count,overwrite-fixed-64k-chunk-count-increase-on-10mib-ops-1,verification,PASS,53f90fe4f6693845ee9947f5b1db7af81094474e32d0fbcdd08130521326ac58,,,,,,,539652333,386380042,1.6445706659978896,PASS,/Users/yifanxu/Ephemeral-AI-Lab/layerfs-issue104-evidence/campaign-20260910T1115Z/run/candidate/attempt-1/verification/edit_canonical_chunk_count/overwrite-fixed-64k-chunk-count-increase-on-10mib-ops-1/verification.json,e192d7c7b12c3fc83eef55faa0ddfb340019fdabeeb78c8d088ee1555e3bee95
edit_canonical_chunk_count,overwrite-fixed-64k-chunk-count-increase-on-100mib-ops-1,verification,PASS,53f90fe4f6693845ee9947f5b1db7af81094474e32d0fbcdd08130521326ac58,,,,,,,856263875,442783000,2.006264374998864,PASS,/Users/yifanxu/Ephemeral-AI-Lab/layerfs-issue104-evidence/campaign-20260910T1115Z/run/candidate/attempt-1/verification/edit_canonical_chunk_count/overwrite-fixed-64k-chunk-count-increase-on-100mib-ops-1/verification.json,4dbc75986e5cb85054f45e130b1c3259cf742714e767a412611b04695b5d4033
edit_canonical_chunk_count,overwrite-fixed-64k-chunk-count-increase-on-500mib-ops-1,verification,PASS,53f90fe4f6693845ee9947f5b1db7af81094474e32d0fbcdd08130521326ac58,,,,,,,2249787958,504048792,3.8168526670015126,PASS,/Users/yifanxu/Ephemeral-AI-Lab/layerfs-issue104-evidence/campaign-20260910T1115Z/run/candidate/attempt-1/verification/edit_canonical_chunk_count/overwrite-fixed-64k-chunk-count-increase-on-500mib-ops-1/verification.json,ec881dbcb5222aad818908bf8a776116bba450b7fd20c9478479a59932639047
edit_canonical_chunk_count,overwrite-fixed-64k-chunk-count-decrease-on-1mib-ops-1,verification,PASS,53f90fe4f6693845ee9947f5b1db7af81094474e32d0fbcdd08130521326ac58,,,,,,,506721709,388225041,1.4925922920010635,PASS,/Users/yifanxu/Ephemeral-AI-Lab/layerfs-issue104-evidence/campaign-20260910T1115Z/run/candidate/attempt-1/verification/edit_canonical_chunk_count/overwrite-fixed-64k-chunk-count-decrease-on-1mib-ops-1/verification.json,3ca1509cbbdb907fc332bdb276a3dbb4dadd95fe395087acd5d5650102c3cf7b
edit_canonical_chunk_count,overwrite-fixed-64k-chunk-count-decrease-on-10mib-ops-1,verification,PASS,53f90fe4f6693845ee9947f5b1db7af81094474e32d0fbcdd08130521326ac58,,,,,,,576629750,392142250,1.5671325410003192,PASS,/Users/yifanxu/Ephemeral-AI-Lab/layerfs-issue104-evidence/campaign-20260910T1115Z/run/candidate/attempt-1/verification/edit_canonical_chunk_count/overwrite-fixed-64k-chunk-count-decrease-on-10mib-ops-1/verification.json,af800442ad52495a0e182386da97dc5cb96a4eb269cc9d8dba6326cf5a144c6c
edit_canonical_chunk_count,overwrite-fixed-64k-chunk-count-decrease-on-100mib-ops-1,verification,PASS,53f90fe4f6693845ee9947f5b1db7af81094474e32d0fbcdd08130521326ac58,,,,,,,799657458,426967583,1.9882521250001446,PASS,/Users/yifanxu/Ephemeral-AI-Lab/layerfs-issue104-evidence/campaign-20260910T1115Z/run/candidate/attempt-1/verification/edit_canonical_chunk_count/overwrite-fixed-64k-chunk-count-decrease-on-100mib-ops-1/verification.json,f956273bab4a63dfd673bb2cdf280e40b6bbfff6ff87f34fc7d44ae558e8c7d5
edit_canonical_chunk_count,overwrite-fixed-64k-chunk-count-decrease-on-500mib-ops-1,verification,PASS,53f90fe4f6693845ee9947f5b1db7af81094474e32d0fbcdd08130521326ac58,,,,,,,2106803417,489161958,3.604700084000797,PASS,/Users/yifanxu/Ephemeral-AI-Lab/layerfs-issue104-evidence/campaign-20260910T1115Z/run/candidate/attempt-1/verification/edit_canonical_chunk_count/overwrite-fixed-64k-chunk-count-decrease-on-500mib-ops-1/verification.json,060f13db5ee5e6af06e20e33fc63c46718ce0ed54c1ad90e580f07f88bd03c24
init_namespace,namespace-100-compact-v3,performance,PASS,53f90fe4f6693845ee9947f5b1db7af81094474e32d0fbcdd08130521326ac58,layerstack_init_ns,21739459,1,5156864,5.156864,5156864,640112875,385940000,,PASS,/Users/yifanxu/Ephemeral-AI-Lab/layerfs-issue104-evidence/campaign-20260910T1115Z/run/candidate/attempt-1/performance/init_namespace/namespace-100-compact-v3/perf.jsonl,12c37e769628716e651c4ca5a7d163f8c0476afda42db508160790c586bdcaa2
init_namespace,namespace-1000-compact-v3,performance,PASS,53f90fe4f6693845ee9947f5b1db7af81094474e32d0fbcdd08130521326ac58,layerstack_init_ns,94127542,1,20430848,20.430848,20430848,900222166,443424042,,PASS,/Users/yifanxu/Ephemeral-AI-Lab/layerfs-issue104-evidence/campaign-20260910T1115Z/run/candidate/attempt-1/performance/init_namespace/namespace-1000-compact-v3/perf.jsonl,4bb749962da1cdf1c9df8a302332fb956a94919504c1cd6602cb194014b66de8
init_namespace,namespace-10000,performance,PASS,53f90fe4f6693845ee9947f5b1db7af81094474e32d0fbcdd08130521326ac58,layerstack_init_ns,1252646834,1,305426432,305.426432,304881664,4706645208,1629551291,,PASS,/Users/yifanxu/Ephemeral-AI-Lab/layerfs-issue104-evidence/campaign-20260910T1115Z/run/candidate/attempt-1/performance/init_namespace/namespace-10000/perf.jsonl,a6819c633646fc631ef76b69558ee33ff567d4c06b3270141be9022443016df9
init_namespace,namespace-100000,performance,PASS,53f90fe4f6693845ee9947f5b1db7af81094474e32d0fbcdd08130521326ac58,layerstack_init_ns,4840907708,1,530272256,530.272256,515485696,30742905500,5298820750,,PASS,/Users/yifanxu/Ephemeral-AI-Lab/layerfs-issue104-evidence/campaign-20260910T1115Z/run/candidate/attempt-1/performance/init_namespace/namespace-100000/perf.jsonl,e71ae4cfb423253573d06e18cc37eeac217f80ea069d4817389e33d70c31aa84
init_namespace,namespace-100-compact-v3,verification,PASS,53f90fe4f6693845ee9947f5b1db7af81094474e32d0fbcdd08130521326ac58,,,,,,,514418291,384653917,1.5533725419991242,PASS,/Users/yifanxu/Ephemeral-AI-Lab/layerfs-issue104-evidence/campaign-20260910T1115Z/run/candidate/attempt-1/verification/init_namespace/namespace-100-compact-v3/verification.json,c899f172bbd66696b1d7d4ab103228aad0b8f168ad8f321acd8705497fc25d7d
init_namespace,namespace-1000-compact-v3,verification,PASS,53f90fe4f6693845ee9947f5b1db7af81094474e32d0fbcdd08130521326ac58,,,,,,,482531292,499500000,1.5719446250004694,PASS,/Users/yifanxu/Ephemeral-AI-Lab/layerfs-issue104-evidence/campaign-20260910T1115Z/run/candidate/attempt-1/verification/init_namespace/namespace-1000-compact-v3/verification.json,76cb1b323d2d8c3eecf10e3667728792048fe78871a92a89e979ea8ffa188d2a
init_namespace,namespace-10000,verification,PASS,53f90fe4f6693845ee9947f5b1db7af81094474e32d0fbcdd08130521326ac58,,,,,,,628001333,1788554584,2.9956631250024657,PASS,/Users/yifanxu/Ephemeral-AI-Lab/layerfs-issue104-evidence/campaign-20260910T1115Z/run/candidate/attempt-1/verification/init_namespace/namespace-10000/verification.json,89d124e334e3f3fcde1b3f301871c450756d7eef48cd3b99be9687e18e474e2c
init_namespace,namespace-100000,verification,PASS,53f90fe4f6693845ee9947f5b1db7af81094474e32d0fbcdd08130521326ac58,,,,,,,915134708,5923245750,7.541750791002414,PASS,/Users/yifanxu/Ephemeral-AI-Lab/layerfs-issue104-evidence/campaign-20260910T1115Z/run/candidate/attempt-1/verification/init_namespace/namespace-100000/verification.json,2d7139114ac9f47294153b4a7972b09ef21b8c9ebc444c6d170cfdd27e9c84bc
store_footprint,store-footprint-unique-100000,performance,PASS,53f90fe4f6693845ee9947f5b1db7af81094474e32d0fbcdd08130521326ac58,product_call_sum_ns,5041895791,1,520372224,520.372224,515502080,30644852333,5557701333,,PASS,/Users/yifanxu/Ephemeral-AI-Lab/layerfs-issue104-evidence/campaign-20260910T1115Z/run/candidate/attempt-1/performance/store_footprint/store-footprint-unique-100000/perf.jsonl,fae42d4d8679771de0c98fea9dc18744b5db403291d5965a007456b7ab6c72f9
store_footprint,store-footprint-metadata-cardinality-100000,performance,PASS,53f90fe4f6693845ee9947f5b1db7af81094474e32d0fbcdd08130521326ac58,product_call_sum_ns,7190754707,1,554381312,554.381312,552161280,28466912792,7765183042,,PASS,/Users/yifanxu/Ephemeral-AI-Lab/layerfs-issue104-evidence/campaign-20260910T1115Z/run/candidate/attempt-1/performance/store_footprint/store-footprint-metadata-cardinality-100000/perf.jsonl,b641d9f2389de7937001a9a948d6f153b870d95b33dbbf833c661168c0f91f5a
store_footprint,store-footprint-large-object-500m,performance,PASS,53f90fe4f6693845ee9947f5b1db7af81094474e32d0fbcdd08130521326ac58,product_call_sum_ns,1359544542,1,512479232,512.479232,505982976,3624170334,1892174084,,PASS,/Users/yifanxu/Ephemeral-AI-Lab/layerfs-issue104-evidence/campaign-20260910T1115Z/run/candidate/attempt-1/performance/store_footprint/store-footprint-large-object-500m/perf.jsonl,c64c3bb73f9d1ac30010f128489f448acef9c8b0983fd16e8b82d3a1adf14b4b
store_footprint,store-footprint-unique-100-low-v1,performance,PASS,53f90fe4f6693845ee9947f5b1db7af81094474e32d0fbcdd08130521326ac58,product_call_sum_ns,57973876,1,5156864,5.156864,5156864,838298459,541770667,,PASS,/Users/yifanxu/Ephemeral-AI-Lab/layerfs-issue104-evidence/campaign-20260910T1115Z/run/candidate/attempt-1/performance/store_footprint/store-footprint-unique-100-low-v1/perf.jsonl,c1af0e0f842c6bb77479dc4eaa7f534033084dcf36a2b0f3545a1de4364929b5
store_footprint,store-footprint-metadata-cardinality-100-low-v1,performance,PASS,53f90fe4f6693845ee9947f5b1db7af81094474e32d0fbcdd08130521326ac58,product_call_sum_ns,56224000,1,5201920,5.20192,5201920,832756958,551183583,,PASS,/Users/yifanxu/Ephemeral-AI-Lab/layerfs-issue104-evidence/campaign-20260910T1115Z/run/candidate/attempt-1/performance/store_footprint/store-footprint-metadata-cardinality-100-low-v1/perf.jsonl,c804b0ff9ad443d6ff4aded14a15cefba5f45fd6e74cc8d7c4b15732e11ae17f
store_footprint,store-footprint-large-object-10m-low-v1,performance,PASS,53f90fe4f6693845ee9947f5b1db7af81094474e32d0fbcdd08130521326ac58,product_call_sum_ns,62515040,1,10203136,10.203136,10203136,933326042,498802458,,PASS,/Users/yifanxu/Ephemeral-AI-Lab/layerfs-issue104-evidence/campaign-20260910T1115Z/run/candidate/attempt-1/performance/store_footprint/store-footprint-large-object-10m-low-v1/perf.jsonl,d4505b15f878c24931e8b4249472d8abfe182b428475feeb38c9a07c875b889a
store_footprint,store-footprint-unique-100000,verification,PASS,53f90fe4f6693845ee9947f5b1db7af81094474e32d0fbcdd08130521326ac58,,,,,,,771654333,5962804333,7.390838957999222,PASS,/Users/yifanxu/Ephemeral-AI-Lab/layerfs-issue104-evidence/campaign-20260910T1115Z/run/candidate/attempt-1/verification/store_footprint/store-footprint-unique-100000/verification.json,0a016b08c8fa1c56f9d4c0facd73b9935934be69fe3e4c76844a03b5587e95e1
store_footprint,store-footprint-metadata-cardinality-100000,verification,PASS,53f90fe4f6693845ee9947f5b1db7af81094474e32d0fbcdd08130521326ac58,,,,,,,859300167,8517393625,9.977102208998986,PASS,/Users/yifanxu/Ephemeral-AI-Lab/layerfs-issue104-evidence/campaign-20260910T1115Z/run/candidate/attempt-1/verification/store_footprint/store-footprint-metadata-cardinality-100000/verification.json,c13af50d8fc1fec5d9c4b7d203caf68397bf51998706529c23ead597e3f56af8
store_footprint,store-footprint-large-object-500m,verification,PASS,53f90fe4f6693845ee9947f5b1db7af81094474e32d0fbcdd08130521326ac58,,,,,,,764331916,1954478666,3.3708998749971215,PASS,/Users/yifanxu/Ephemeral-AI-Lab/layerfs-issue104-evidence/campaign-20260910T1115Z/run/candidate/attempt-1/verification/store_footprint/store-footprint-large-object-500m/verification.json,15858ea74c601649b9f8134da4ca5587e9ecf541d01adefe016e283e36c0b61c
store_footprint,store-footprint-unique-100-low-v1,verification,PASS,53f90fe4f6693845ee9947f5b1db7af81094474e32d0fbcdd08130521326ac58,,,,,,,704723125,548534459,1.8299197089982044,PASS,/Users/yifanxu/Ephemeral-AI-Lab/layerfs-issue104-evidence/campaign-20260910T1115Z/run/candidate/attempt-1/verification/store_footprint/store-footprint-unique-100-low-v1/verification.json,9efb894f78c709872654b2c2585242e4d24ddb8b3da044028dcb3501ac565eca
store_footprint,store-footprint-metadata-cardinality-100-low-v1,verification,PASS,53f90fe4f6693845ee9947f5b1db7af81094474e32d0fbcdd08130521326ac58,,,,,,,729308125,548365958,1.9183925420002197,PASS,/Users/yifanxu/Ephemeral-AI-Lab/layerfs-issue104-evidence/campaign-20260910T1115Z/run/candidate/attempt-1/verification/store_footprint/store-footprint-metadata-cardinality-100-low-v1/verification.json,5e4b0fa447d59139850657d079272269058ec0796fde6d217315f1e2fe6719c7
store_footprint,store-footprint-large-object-10m-low-v1,verification,PASS,53f90fe4f6693845ee9947f5b1db7af81094474e32d0fbcdd08130521326ac58,,,,,,,781632750,591258041,2.019350124999619,PASS,/Users/yifanxu/Ephemeral-AI-Lab/layerfs-issue104-evidence/campaign-20260910T1115Z/run/candidate/attempt-1/verification/store_footprint/store-footprint-large-object-10m-low-v1/verification.json,9414bd3919aa22eb19b7c53701474e8ce123e3863174cbfa2a28db11a9973867
tiny_file_churn,tiny-create-1-compact-v2,performance,PASS,53f90fe4f6693845ee9947f5b1db7af81094474e32d0fbcdd08130521326ac58,pure_call_sum_ns,27430457,1,1163264,1.163264,1163264,1826040084,394338875,,PASS,/Users/yifanxu/Ephemeral-AI-Lab/layerfs-issue104-evidence/campaign-20260910T1115Z/run/candidate/attempt-1/performance/tiny_file_churn/tiny-create-1-compact-v2/perf.jsonl,1dfcf0c0c04655af3edf83e4507871d4f8cd4b7f09dc60025b84e72db1216a32
tiny_file_churn,tiny-create-10-compact-v2,performance,PASS,53f90fe4f6693845ee9947f5b1db7af81094474e32d0fbcdd08130521326ac58,pure_call_sum_ns,33293583,1,10727424,10.727424,10727424,9021574500,386868209,,PASS,/Users/yifanxu/Ephemeral-AI-Lab/layerfs-issue104-evidence/campaign-20260910T1115Z/run/candidate/attempt-1/performance/tiny_file_churn/tiny-create-10-compact-v2/perf.jsonl,f1bf3445cd6316b8501a6c5186ff677878d3278b13d7bf2dbc39d41070d6945f
tiny_file_churn,tiny-create-100-mixed-v4,performance,PASS,53f90fe4f6693845ee9947f5b1db7af81094474e32d0fbcdd08130521326ac58,pure_call_sum_ns,75412250,1,106082304,106.082304,106082304,9983731625,445740875,,PASS,/Users/yifanxu/Ephemeral-AI-Lab/layerfs-issue104-evidence/campaign-20260910T1115Z/run/candidate/attempt-1/performance/tiny_file_churn/tiny-create-100-mixed-v4/perf.jsonl,feff11556cd9063ec70c2e0aafea2c92c7e03e2e01b2442319d31a8a614bf6a1
tiny_file_churn,tiny-create-500-mixed-v4,performance,PASS,53f90fe4f6693845ee9947f5b1db7af81094474e32d0fbcdd08130521326ac58,pure_call_sum_ns,242208792,1,547229696,547.229696,531333120,16319591542,653615833,,PASS,/Users/yifanxu/Ephemeral-AI-Lab/layerfs-issue104-evidence/campaign-20260910T1115Z/run/candidate/attempt-1/performance/tiny_file_churn/tiny-create-500-mixed-v4/perf.jsonl,b885c3d25e5ac7c783b5f30e62bd704076570619357e1355bef5330dd8db2c89
tiny_file_churn,tiny-stat-1-compact-v2,performance,PASS,53f90fe4f6693845ee9947f5b1db7af81094474e32d0fbcdd08130521326ac58,pure_call_sum_ns,18303166,1,1163264,1.163264,1163264,772786708,345941333,,PASS,/Users/yifanxu/Ephemeral-AI-Lab/layerfs-issue104-evidence/campaign-20260910T1115Z/run/candidate/attempt-1/performance/tiny_file_churn/tiny-stat-1-compact-v2/perf.jsonl,4e109cd3b7ab350bc12058bc4f66f2f9c6b5cd5cc67175ffdf1f49be4a6a5506
tiny_file_churn,tiny-stat-10-compact-v2,performance,PASS,53f90fe4f6693845ee9947f5b1db7af81094474e32d0fbcdd08130521326ac58,pure_call_sum_ns,21341709,1,10723328,10.723328,10723328,929424583,390602458,,PASS,/Users/yifanxu/Ephemeral-AI-Lab/layerfs-issue104-evidence/campaign-20260910T1115Z/run/candidate/attempt-1/performance/tiny_file_churn/tiny-stat-10-compact-v2/perf.jsonl,8b81d0317bdf9ec0494db043b1f3b16fc0abb255e7f1f47bc7710592b8c9b605
tiny_file_churn,tiny-stat-100-mixed-v4,performance,PASS,53f90fe4f6693845ee9947f5b1db7af81094474e32d0fbcdd08130521326ac58,pure_call_sum_ns,42450917,1,106782720,106.78272,106782720,2962787292,451068542,,PASS,/Users/yifanxu/Ephemeral-AI-Lab/layerfs-issue104-evidence/campaign-20260910T1115Z/run/candidate/attempt-1/performance/tiny_file_churn/tiny-stat-100-mixed-v4/perf.jsonl,5f96eb6c7397c5d06cdf3a7f7e1a17b0833d3323d4d5408f32084e618a7ffe50
tiny_file_churn,tiny-stat-500-mixed-v4,performance,PASS,53f90fe4f6693845ee9947f5b1db7af81094474e32d0fbcdd08130521326ac58,pure_call_sum_ns,67105458,1,531214336,531.214336,531214336,9706927209,488173750,,PASS,/Users/yifanxu/Ephemeral-AI-Lab/layerfs-issue104-evidence/campaign-20260910T1115Z/run/candidate/attempt-1/performance/tiny_file_churn/tiny-stat-500-mixed-v4/perf.jsonl,62e2466e7f70967fa900e2a8fd256bc80d624d399964b51dea8474325013f4dd
tiny_file_churn,tiny-unlink-1-compact-v2,performance,PASS,53f90fe4f6693845ee9947f5b1db7af81094474e32d0fbcdd08130521326ac58,pure_call_sum_ns,24219041,1,1163264,1.163264,1163264,550971500,390998583,,PASS,/Users/yifanxu/Ephemeral-AI-Lab/layerfs-issue104-evidence/campaign-20260910T1115Z/run/candidate/attempt-1/performance/tiny_file_churn/tiny-unlink-1-compact-v2/perf.jsonl,6a453088bd2aca2c10ed58dadaafbd376a57cb8aa4a8ca27ccb9536dfd5d80ec
tiny_file_churn,tiny-unlink-10-compact-v2,performance,PASS,53f90fe4f6693845ee9947f5b1db7af81094474e32d0fbcdd08130521326ac58,pure_call_sum_ns,31726625,1,10727424,10.727424,10727424,526215375,385244000,,PASS,/Users/yifanxu/Ephemeral-AI-Lab/layerfs-issue104-evidence/campaign-20260910T1115Z/run/candidate/attempt-1/performance/tiny_file_churn/tiny-unlink-10-compact-v2/perf.jsonl,722165328fc71192de1b2b0dd1e00993c17edda25703fb0246c8b8bc3ec5a185
tiny_file_churn,tiny-unlink-100-mixed-v4,performance,PASS,53f90fe4f6693845ee9947f5b1db7af81094474e32d0fbcdd08130521326ac58,pure_call_sum_ns,76475582,1,106790912,106.790912,106790912,804919583,439101417,,PASS,/Users/yifanxu/Ephemeral-AI-Lab/layerfs-issue104-evidence/campaign-20260910T1115Z/run/candidate/attempt-1/performance/tiny_file_churn/tiny-unlink-100-mixed-v4/perf.jsonl,5c3e6370d4ad12efd9445aa3797d91d4ef912e9cab6ac0fb33908f6c367983a6
tiny_file_churn,tiny-unlink-500-mixed-v4,performance,PASS,53f90fe4f6693845ee9947f5b1db7af81094474e32d0fbcdd08130521326ac58,pure_call_sum_ns,154616999,1,547991552,547.991552,531218432,2187804667,554734375,,PASS,/Users/yifanxu/Ephemeral-AI-Lab/layerfs-issue104-evidence/campaign-20260910T1115Z/run/candidate/attempt-1/performance/tiny_file_churn/tiny-unlink-500-mixed-v4/perf.jsonl,aa6f9b8a46090a1907ecc3c2aa86bb653d09b957f69106feee2ec12420bc262a
tiny_file_churn,tiny-bulk-create-1-compact-v2,performance,PASS,53f90fe4f6693845ee9947f5b1db7af81094474e32d0fbcdd08130521326ac58,pure_call_sum_ns,104294166,1,1171456,1.171456,1171456,643871500,437847083,,PASS,/Users/yifanxu/Ephemeral-AI-Lab/layerfs-issue104-evidence/campaign-20260910T1115Z/run/candidate/attempt-1/performance/tiny_file_churn/tiny-bulk-create-1-compact-v2/perf.jsonl,3f7470bb0e92e8a0d8b3403e891fa7ab83740624034d15f533ee699cf171be9a
tiny_file_churn,tiny-bulk-create-10-compact-v2,performance,PASS,53f90fe4f6693845ee9947f5b1db7af81094474e32d0fbcdd08130521326ac58,pure_call_sum_ns,372819459,1,10727424,10.727424,10727424,548097416,754647042,,PASS,/Users/yifanxu/Ephemeral-AI-Lab/layerfs-issue104-evidence/campaign-20260910T1115Z/run/candidate/attempt-1/performance/tiny_file_churn/tiny-bulk-create-10-compact-v2/perf.jsonl,bae32875bcc0f3f3ad66d3b1d09251561bcd14fe1a3505807a8176e0a9dc7b97
tiny_file_churn,tiny-bulk-create-100-mixed-v3,performance,PASS,53f90fe4f6693845ee9947f5b1db7af81094474e32d0fbcdd08130521326ac58,pure_call_sum_ns,994845248,1,117567488,117.567488,107425792,1216362667,1341905833,,PASS,/Users/yifanxu/Ephemeral-AI-Lab/layerfs-issue104-evidence/campaign-20260910T1115Z/run/candidate/attempt-1/performance/tiny_file_churn/tiny-bulk-create-100-mixed-v3/perf.jsonl,bc8d25218fcc53ffd31651bd6e77083b51d0eeb3aeac202844f912d871d7c1a8
tiny_file_churn,tiny-bulk-create-500-mixed-v3,performance,PASS,53f90fe4f6693845ee9947f5b1db7af81094474e32d0fbcdd08130521326ac58,pure_call_sum_ns,4734482291,1,536997888,536.997888,532246528,3160955584,5155231833,,PASS,/Users/yifanxu/Ephemeral-AI-Lab/layerfs-issue104-evidence/campaign-20260910T1115Z/run/candidate/attempt-1/performance/tiny_file_churn/tiny-bulk-create-500-mixed-v3/perf.jsonl,4ee3ea75b1893270d48d518ddb4e3c1404ae7c37cb60d50fb5f46b0ff8d1978c
tiny_file_churn,tiny-bulk-delete-1-compact-v2,performance,PASS,53f90fe4f6693845ee9947f5b1db7af81094474e32d0fbcdd08130521326ac58,pure_call_sum_ns,107374084,1,1175552,1.175552,1175552,778340125,487084875,,PASS,/Users/yifanxu/Ephemeral-AI-Lab/layerfs-issue104-evidence/campaign-20260910T1115Z/run/candidate/attempt-1/performance/tiny_file_churn/tiny-bulk-delete-1-compact-v2/perf.jsonl,f16967bd6580dbf27a43cec8f01b782c3eaff8ad12a0cd34b5afc8fc5e379c78
tiny_file_churn,tiny-bulk-delete-10-compact-v2,performance,PASS,53f90fe4f6693845ee9947f5b1db7af81094474e32d0fbcdd08130521326ac58,pure_call_sum_ns,210378417,1,10727424,10.727424,10727424,1034298125,550183583,,PASS,/Users/yifanxu/Ephemeral-AI-Lab/layerfs-issue104-evidence/campaign-20260910T1115Z/run/candidate/attempt-1/performance/tiny_file_churn/tiny-bulk-delete-10-compact-v2/perf.jsonl,f44039b3b38a282168fc0cd698be6838050365d67d2f909bab3f946ac210273f
tiny_file_churn,tiny-bulk-delete-100-mixed-v3,performance,PASS,53f90fe4f6693845ee9947f5b1db7af81094474e32d0fbcdd08130521326ac58,pure_call_sum_ns,298072209,1,107405312,107.405312,107405312,2976588625,657316292,,PASS,/Users/yifanxu/Ephemeral-AI-Lab/layerfs-issue104-evidence/campaign-20260910T1115Z/run/candidate/attempt-1/performance/tiny_file_churn/tiny-bulk-delete-100-mixed-v3/perf.jsonl,c9e819c28eb9d08ea9012a1aab9aa0057846d33edab8d6596628fb14348c1bc0
tiny_file_churn,tiny-bulk-delete-500-mixed-v3,performance,PASS,53f90fe4f6693845ee9947f5b1db7af81094474e32d0fbcdd08130521326ac58,pure_call_sum_ns,1072292585,1,548978688,548.978688,532205568,12780916333,1495056000,,PASS,/Users/yifanxu/Ephemeral-AI-Lab/layerfs-issue104-evidence/campaign-20260910T1115Z/run/candidate/attempt-1/performance/tiny_file_churn/tiny-bulk-delete-500-mixed-v3/perf.jsonl,e1e24d742e7e458bfb6141372e4c0eb3bbfcd06b0b504ab325e562bacb18f273
tiny_file_churn,tiny-create-1-compact-v2,verification,PASS,53f90fe4f6693845ee9947f5b1db7af81094474e32d0fbcdd08130521326ac58,,,,1163264,1.163264,1163264,850800958,400176958,1.8524229579998064,PASS,/Users/yifanxu/Ephemeral-AI-Lab/layerfs-issue104-evidence/campaign-20260910T1115Z/run/candidate/attempt-1/verification/tiny_file_churn/tiny-create-1-compact-v2/verification.json,cfa1d153f28a93d8e5782a7eeb844d4117e53cc1353f2da3f070dd929a514f5b
tiny_file_churn,tiny-create-10-compact-v2,verification,PASS,53f90fe4f6693845ee9947f5b1db7af81094474e32d0fbcdd08130521326ac58,,,,10727424,10.727424,10727424,755403041,438578417,1.8085278750004363,PASS,/Users/yifanxu/Ephemeral-AI-Lab/layerfs-issue104-evidence/campaign-20260910T1115Z/run/candidate/attempt-1/verification/tiny_file_churn/tiny-create-10-compact-v2/verification.json,3233a0dded32dd61b800b3a7c84a8c95208a413b4ad70d3628f478d8670344ce
tiny_file_churn,tiny-create-100-mixed-v4,verification,PASS,53f90fe4f6693845ee9947f5b1db7af81094474e32d0fbcdd08130521326ac58,,,,106082304,106.082304,106082304,893569291,560101750,2.23384758300017,PASS,/Users/yifanxu/Ephemeral-AI-Lab/layerfs-issue104-evidence/campaign-20260910T1115Z/run/candidate/attempt-1/verification/tiny_file_churn/tiny-create-100-mixed-v4/verification.json,5376140e4e3749939fa0023b8ab53c815bcc9228ada4f749de01b179bbd2dde3
tiny_file_churn,tiny-create-500-mixed-v4,verification,PASS,53f90fe4f6693845ee9947f5b1db7af81094474e32d0fbcdd08130521326ac58,,,,547229696,547.229696,531341312,2103295084,821090666,4.014426916000957,PASS,/Users/yifanxu/Ephemeral-AI-Lab/layerfs-issue104-evidence/campaign-20260910T1115Z/run/candidate/attempt-1/verification/tiny_file_churn/tiny-create-500-mixed-v4/verification.json,3b66fb20ef4aa3aa6d7385bef198be1b5184e40254bd709d8f76afb62ea97608
tiny_file_churn,tiny-stat-1-compact-v2,verification,PASS,53f90fe4f6693845ee9947f5b1db7af81094474e32d0fbcdd08130521326ac58,,,,1163264,1.163264,1163264,499197042,387032209,1.4962258330015175,PASS,/Users/yifanxu/Ephemeral-AI-Lab/layerfs-issue104-evidence/campaign-20260910T1115Z/run/candidate/attempt-1/verification/tiny_file_churn/tiny-stat-1-compact-v2/verification.json,b0821b857c959994fbf4d24b5b289b2c62688e80ed69c687c2091e51dcb43cf6
tiny_file_churn,tiny-stat-10-compact-v2,verification,PASS,53f90fe4f6693845ee9947f5b1db7af81094474e32d0fbcdd08130521326ac58,,,,10723328,10.723328,10723328,530510625,391765750,1.476541542000632,PASS,/Users/yifanxu/Ephemeral-AI-Lab/layerfs-issue104-evidence/campaign-20260910T1115Z/run/candidate/attempt-1/verification/tiny_file_churn/tiny-stat-10-compact-v2/verification.json,25c4eca9be091f717cb763aa9c4997692f2c93ee085d43b55d701a64805d5533
tiny_file_churn,tiny-stat-100-mixed-v4,verification,PASS,53f90fe4f6693845ee9947f5b1db7af81094474e32d0fbcdd08130521326ac58,,,,106782720,106.78272,106782720,862573667,543261542,2.184988834000251,PASS,/Users/yifanxu/Ephemeral-AI-Lab/layerfs-issue104-evidence/campaign-20260910T1115Z/run/candidate/attempt-1/verification/tiny_file_churn/tiny-stat-100-mixed-v4/verification.json,780f85b85e368211b7f800e82cfc16f52ab48338e07da3b8b4b88baff907c66e
tiny_file_churn,tiny-stat-500-mixed-v4,verification,PASS,53f90fe4f6693845ee9947f5b1db7af81094474e32d0fbcdd08130521326ac58,,,,531214336,531.214336,531214336,2170937875,652086708,3.9189742089984065,PASS,/Users/yifanxu/Ephemeral-AI-Lab/layerfs-issue104-evidence/campaign-20260910T1115Z/run/candidate/attempt-1/verification/tiny_file_churn/tiny-stat-500-mixed-v4/verification.json,fbbb0165d87389b59d51b0eb74b16d5ac598f2ca8490bf0f2f82b5f0151c2370
tiny_file_churn,tiny-unlink-1-compact-v2,verification,PASS,53f90fe4f6693845ee9947f5b1db7af81094474e32d0fbcdd08130521326ac58,,,,1163264,1.163264,1163264,500590958,434046833,1.5701654170006805,PASS,/Users/yifanxu/Ephemeral-AI-Lab/layerfs-issue104-evidence/campaign-20260910T1115Z/run/candidate/attempt-1/verification/tiny_file_churn/tiny-unlink-1-compact-v2/verification.json,d31bd32693dcc6bffa97dbaaf6929eeadefefa0b84b868ca4094c2835b7a4db3
tiny_file_churn,tiny-unlink-10-compact-v2,verification,PASS,53f90fe4f6693845ee9947f5b1db7af81094474e32d0fbcdd08130521326ac58,,,,10727424,10.727424,10727424,582431500,392617959,1.6206093750006403,PASS,/Users/yifanxu/Ephemeral-AI-Lab/layerfs-issue104-evidence/campaign-20260910T1115Z/run/candidate/attempt-1/verification/tiny_file_churn/tiny-unlink-10-compact-v2/verification.json,f04d20af3de203cf9a6942f98de767f65301f92324e55dd3d9203688c505be1d
tiny_file_churn,tiny-unlink-100-mixed-v4,verification,PASS,53f90fe4f6693845ee9947f5b1db7af81094474e32d0fbcdd08130521326ac58,,,,106790912,106.790912,106790912,872667583,551854292,2.1353486249972775,PASS,/Users/yifanxu/Ephemeral-AI-Lab/layerfs-issue104-evidence/campaign-20260910T1115Z/run/candidate/attempt-1/verification/tiny_file_churn/tiny-unlink-100-mixed-v4/verification.json,d85198bb3ad0e1abe2d3ddfb8f73174ace576659a0e242e81f964da659bdb219
tiny_file_churn,tiny-unlink-500-mixed-v4,verification,PASS,53f90fe4f6693845ee9947f5b1db7af81094474e32d0fbcdd08130521326ac58,,,,547991552,547.991552,531218432,2195365125,773637750,4.022952583000006,PASS,/Users/yifanxu/Ephemeral-AI-Lab/layerfs-issue104-evidence/campaign-20260910T1115Z/run/candidate/attempt-1/verification/tiny_file_churn/tiny-unlink-500-mixed-v4/verification.json,9ceb76996a56c3ae53d2d9001082b898a3d653ac712cfe24cb4b584bc4a8cc26
tiny_file_churn,tiny-bulk-create-1-compact-v2,verification,PASS,53f90fe4f6693845ee9947f5b1db7af81094474e32d0fbcdd08130521326ac58,,,,1171456,1.171456,1171456,599529750,545801959,1.7531270840008801,PASS,/Users/yifanxu/Ephemeral-AI-Lab/layerfs-issue104-evidence/campaign-20260910T1115Z/run/candidate/attempt-1/verification/tiny_file_churn/tiny-bulk-create-1-compact-v2/verification.json,fe013fa29ba8c644f8af60d5d5c11cfaadf2649577f3b303068aef1118f8c389
tiny_file_churn,tiny-bulk-create-10-compact-v2,verification,PASS,53f90fe4f6693845ee9947f5b1db7af81094474e32d0fbcdd08130521326ac58,,,,10727424,10.727424,10727424,498882333,819915291,1.904836833000445,PASS,/Users/yifanxu/Ephemeral-AI-Lab/layerfs-issue104-evidence/campaign-20260910T1115Z/run/candidate/attempt-1/verification/tiny_file_churn/tiny-bulk-create-10-compact-v2/verification.json,852730b248f0a3c5d4ca422d308c51703c226cd314925de437d18ca5cb284073
tiny_file_churn,tiny-bulk-create-100-mixed-v3,verification,PASS,53f90fe4f6693845ee9947f5b1db7af81094474e32d0fbcdd08130521326ac58,,,,117567488,117.567488,107401216,487055000,1455166666,2.5818220420005673,PASS,/Users/yifanxu/Ephemeral-AI-Lab/layerfs-issue104-evidence/campaign-20260910T1115Z/run/candidate/attempt-1/verification/tiny_file_churn/tiny-bulk-create-100-mixed-v3/verification.json,5f48bd38f7ead79d245ad30a4c2d17c049fdb4ca3819bfc9ffbaf3be7051fe96
tiny_file_churn,tiny-bulk-create-500-mixed-v3,verification,PASS,53f90fe4f6693845ee9947f5b1db7af81094474e32d0fbcdd08130521326ac58,,,,536997888,536.997888,532316160,495381042,5535182791,6.738416791999043,PASS,/Users/yifanxu/Ephemeral-AI-Lab/layerfs-issue104-evidence/campaign-20260910T1115Z/run/candidate/attempt-1/verification/tiny_file_churn/tiny-bulk-create-500-mixed-v3/verification.json,c9a1b8214bc4d542cc446b9b835f74073f7c08c00e08771bd02740da6b5c11cf
tiny_file_churn,tiny-bulk-delete-1-compact-v2,verification,PASS,53f90fe4f6693845ee9947f5b1db7af81094474e32d0fbcdd08130521326ac58,,,,1175552,1.175552,1175552,514119708,488725459,1.6114375840006687,PASS,/Users/yifanxu/Ephemeral-AI-Lab/layerfs-issue104-evidence/campaign-20260910T1115Z/run/candidate/attempt-1/verification/tiny_file_churn/tiny-bulk-delete-1-compact-v2/verification.json,cef163caa03a689474f1296fc283f04a032723272c06e1d528ec6a16f9d26ed7
tiny_file_churn,tiny-bulk-delete-10-compact-v2,verification,PASS,53f90fe4f6693845ee9947f5b1db7af81094474e32d0fbcdd08130521326ac58,,,,10727424,10.727424,10727424,586588750,605700750,1.7882310840032005,PASS,/Users/yifanxu/Ephemeral-AI-Lab/layerfs-issue104-evidence/campaign-20260910T1115Z/run/candidate/attempt-1/verification/tiny_file_churn/tiny-bulk-delete-10-compact-v2/verification.json,70badf77259cbec65cffaa77baa5b356d6da9d7ab9eef571783aa94866eb4852
tiny_file_churn,tiny-bulk-delete-100-mixed-v3,verification,PASS,53f90fe4f6693845ee9947f5b1db7af81094474e32d0fbcdd08130521326ac58,,,,107405312,107.405312,107405312,875830125,713661250,2.3560955409993767,PASS,/Users/yifanxu/Ephemeral-AI-Lab/layerfs-issue104-evidence/campaign-20260910T1115Z/run/candidate/attempt-1/verification/tiny_file_churn/tiny-bulk-delete-100-mixed-v3/verification.json,14b8608993d6e23e8f7b92aabc05d4e3bc70d5582b8d90cab595e921f8727d96
tiny_file_churn,tiny-bulk-delete-500-mixed-v3,verification,PASS,53f90fe4f6693845ee9947f5b1db7af81094474e32d0fbcdd08130521326ac58,,,,548978688,548.978688,532205568,2076322833,1547637375,4.639928292002878,PASS,/Users/yifanxu/Ephemeral-AI-Lab/layerfs-issue104-evidence/campaign-20260910T1115Z/run/candidate/attempt-1/verification/tiny_file_churn/tiny-bulk-delete-500-mixed-v3/verification.json,24c99dcca8c78dbad491ad45fd1370afb3f8d2ea7780d49e04200a02ef0b7367
namespace_mutation,namespace-subtree-relocate-delete-1-compact-v2,performance,PASS,53f90fe4f6693845ee9947f5b1db7af81094474e32d0fbcdd08130521326ac58,pure_call_sum_ns,31023666,1,675840,0.67584,675840,716109584,380362083,,PASS,/Users/yifanxu/Ephemeral-AI-Lab/layerfs-issue104-evidence/campaign-20260910T1115Z/run/candidate/attempt-1/performance/namespace_mutation/namespace-subtree-relocate-delete-1-compact-v2/perf.jsonl,dbcbf9197f06c9a01663e5bbfae62aa797c4cc69581f52072ae5524454168df7
namespace_mutation,namespace-subtree-relocate-delete-10-compact-v2,performance,PASS,53f90fe4f6693845ee9947f5b1db7af81094474e32d0fbcdd08130521326ac58,pure_call_sum_ns,73616708,1,1183744,1.183744,1183744,801169000,436770750,,PASS,/Users/yifanxu/Ephemeral-AI-Lab/layerfs-issue104-evidence/campaign-20260910T1115Z/run/candidate/attempt-1/performance/namespace_mutation/namespace-subtree-relocate-delete-10-compact-v2/perf.jsonl,2fc01f3b4185d120674a7c9bc000a720316fb01a28450c166f981f942d905193
namespace_mutation,namespace-subtree-relocate-delete-100-mixed-v4,performance,PASS,53f90fe4f6693845ee9947f5b1db7af81094474e32d0fbcdd08130521326ac58,pure_call_sum_ns,87026501,1,106369024,106.369024,106369024,2965089959,504097375,,PASS,/Users/yifanxu/Ephemeral-AI-Lab/layerfs-issue104-evidence/campaign-20260910T1115Z/run/candidate/attempt-1/performance/namespace_mutation/namespace-subtree-relocate-delete-100-mixed-v4/perf.jsonl,15399a32a44c8ab7c33fa0f6f6344541e1a115e0c3393789a0ac6f05c77ee6b6
namespace_mutation,namespace-subtree-relocate-delete-500-mixed-v4,performance,PASS,53f90fe4f6693845ee9947f5b1db7af81094474e32d0fbcdd08130521326ac58,pure_call_sum_ns,309779459,1,549531648,549.531648,532762624,10042637000,759857291,,PASS,/Users/yifanxu/Ephemeral-AI-Lab/layerfs-issue104-evidence/campaign-20260910T1115Z/run/candidate/attempt-1/performance/namespace_mutation/namespace-subtree-relocate-delete-500-mixed-v4/perf.jsonl,9ed793cce32329449f02993b9112c9bc16046f76f2b9560f8f5c81f4d6f89693
namespace_mutation,namespace-subtree-relocate-delete-1-compact-v2,verification,PASS,53f90fe4f6693845ee9947f5b1db7af81094474e32d0fbcdd08130521326ac58,,,,675840,0.67584,675840,616676417,546308000,1.757525834000262,PASS,/Users/yifanxu/Ephemeral-AI-Lab/layerfs-issue104-evidence/campaign-20260910T1115Z/run/candidate/attempt-1/verification/namespace_mutation/namespace-subtree-relocate-delete-1-compact-v2/verification.json,149c67493ecdc8bbea8eca799f9c3b23fe2879ede3810558e70e6a5a998d50cf
namespace_mutation,namespace-subtree-relocate-delete-10-compact-v2,verification,PASS,53f90fe4f6693845ee9947f5b1db7af81094474e32d0fbcdd08130521326ac58,,,,1183744,1.183744,1183744,498378042,694179500,1.7789652920000663,PASS,/Users/yifanxu/Ephemeral-AI-Lab/layerfs-issue104-evidence/campaign-20260910T1115Z/run/candidate/attempt-1/verification/namespace_mutation/namespace-subtree-relocate-delete-10-compact-v2/verification.json,feb5e951eaf1310fe28e98c6c071c609ec505ca7b40c4053a5d1d85dc9368f09
namespace_mutation,namespace-subtree-relocate-delete-100-mixed-v4,verification,PASS,53f90fe4f6693845ee9947f5b1db7af81094474e32d0fbcdd08130521326ac58,,,,106369024,106.369024,106369024,961663875,648689875,2.3979543749992445,PASS,/Users/yifanxu/Ephemeral-AI-Lab/layerfs-issue104-evidence/campaign-20260910T1115Z/run/candidate/attempt-1/verification/namespace_mutation/namespace-subtree-relocate-delete-100-mixed-v4/verification.json,0e2cc8850f9a0af15d986da8a91e2e6722ee32c10a8538898665e955ae586439
namespace_mutation,namespace-subtree-relocate-delete-500-mixed-v4,verification,PASS,53f90fe4f6693845ee9947f5b1db7af81094474e32d0fbcdd08130521326ac58,,,,549531648,549.531648,532762624,2244651625,1095659667,4.510611666999466,PASS,/Users/yifanxu/Ephemeral-AI-Lab/layerfs-issue104-evidence/campaign-20260910T1115Z/run/candidate/attempt-1/verification/namespace_mutation/namespace-subtree-relocate-delete-500-mixed-v4/verification.json,4ed9079091b7792432bed66738d1a7922a3ad19d73588d6b5c7e833dda6090d8
directory_construction_traversal,directory-construct-1-compact-v2,performance,PASS,53f90fe4f6693845ee9947f5b1db7af81094474e32d0fbcdd08130521326ac58,pure_call_sum_ns,28152583,1,1163264,1.163264,1163264,789505500,390125459,,PASS,/Users/yifanxu/Ephemeral-AI-Lab/layerfs-issue104-evidence/campaign-20260910T1115Z/run/candidate/attempt-1/performance/directory_construction_traversal/directory-construct-1-compact-v2/perf.jsonl,4e63a99a896ea69c07720bf441760efdcf9bee90cf283ac70c64aaf6ef6d7598
directory_construction_traversal,directory-construct-10-compact-v2,performance,PASS,53f90fe4f6693845ee9947f5b1db7af81094474e32d0fbcdd08130521326ac58,pure_call_sum_ns,44151167,1,10706944,10.706944,10706944,983063458,390360958,,PASS,/Users/yifanxu/Ephemeral-AI-Lab/layerfs-issue104-evidence/campaign-20260910T1115Z/run/candidate/attempt-1/performance/directory_construction_traversal/directory-construct-10-compact-v2/perf.jsonl,9fb3afaeb7098c49647b418c8264c4433c1b07c7ec3ae53b0258625fc43a84b0
directory_construction_traversal,directory-construct-100-mixed-v4,performance,PASS,53f90fe4f6693845ee9947f5b1db7af81094474e32d0fbcdd08130521326ac58,pure_call_sum_ns,234218125,1,105926656,105.926656,105926656,2874047625,609271500,,PASS,/Users/yifanxu/Ephemeral-AI-Lab/layerfs-issue104-evidence/campaign-20260910T1115Z/run/candidate/attempt-1/performance/directory_construction_traversal/directory-construct-100-mixed-v4/perf.jsonl,484e398adcb22c9632db181ce31c9ac532af0d22cfc1d22d3cf01c324b87b507
directory_construction_traversal,directory-construct-500-mixed-v4,performance,PASS,53f90fe4f6693845ee9947f5b1db7af81094474e32d0fbcdd08130521326ac58,pure_call_sum_ns,1152645001,1,547192832,547.192832,530657280,9904122709,1566409500,,PASS,/Users/yifanxu/Ephemeral-AI-Lab/layerfs-issue104-evidence/campaign-20260910T1115Z/run/candidate/attempt-1/performance/directory_construction_traversal/directory-construct-500-mixed-v4/perf.jsonl,9ad78679f4912e026eb0d66fb684b5b0235f4abcee0f6aa26653c89a733a9754
directory_construction_traversal,directory-metadata-scan-1-compact-v2,performance,PASS,53f90fe4f6693845ee9947f5b1db7af81094474e32d0fbcdd08130521326ac58,pure_call_sum_ns,88825041,1,1163264,1.163264,1163264,679478791,442088583,,PASS,/Users/yifanxu/Ephemeral-AI-Lab/layerfs-issue104-evidence/campaign-20260910T1115Z/run/candidate/attempt-1/performance/directory_construction_traversal/directory-metadata-scan-1-compact-v2/perf.jsonl,f30736970c2202d4b8218a4b1ff13e46b79542b4a8f7a161644547e7994eeb9c
directory_construction_traversal,directory-metadata-scan-10-compact-v2,performance,PASS,53f90fe4f6693845ee9947f5b1db7af81094474e32d0fbcdd08130521326ac58,pure_call_sum_ns,156900501,1,10706944,10.706944,10706944,976608375,549210959,,PASS,/Users/yifanxu/Ephemeral-AI-Lab/layerfs-issue104-evidence/campaign-20260910T1115Z/run/candidate/attempt-1/performance/directory_construction_traversal/directory-metadata-scan-10-compact-v2/perf.jsonl,abcf0dce24faa0105ac4855f0646bcb9b47b10da616d89405190fa98b9bd7580
directory_construction_traversal,directory-metadata-scan-100-mixed-v4,performance,PASS,53f90fe4f6693845ee9947f5b1db7af81094474e32d0fbcdd08130521326ac58,pure_call_sum_ns,337359207,1,105861120,105.86112,105861120,2819577583,711553708,,PASS,/Users/yifanxu/Ephemeral-AI-Lab/layerfs-issue104-evidence/campaign-20260910T1115Z/run/candidate/attempt-1/performance/directory_construction_traversal/directory-metadata-scan-100-mixed-v4/perf.jsonl,eaefbdb151727b08173f5f80e813a0c4043d82b839bda3f1896076fa1ed09100
directory_construction_traversal,directory-metadata-scan-500-mixed-v4,performance,PASS,53f90fe4f6693845ee9947f5b1db7af81094474e32d0fbcdd08130521326ac58,pure_call_sum_ns,700213166,1,530309120,530.30912,530309120,9848930375,1114858458,,PASS,/Users/yifanxu/Ephemeral-AI-Lab/layerfs-issue104-evidence/campaign-20260910T1115Z/run/candidate/attempt-1/performance/directory_construction_traversal/directory-metadata-scan-500-mixed-v4/perf.jsonl,f84eaec7017d30fc7796d274619a8ef3c161c6ec2e89206f92ddf33a866ce79b
directory_construction_traversal,directory-content-scan-1-compact-v2,performance,PASS,53f90fe4f6693845ee9947f5b1db7af81094474e32d0fbcdd08130521326ac58,pure_call_sum_ns,108473042,1,1163264,1.163264,1163264,618162792,447897250,,PASS,/Users/yifanxu/Ephemeral-AI-Lab/layerfs-issue104-evidence/campaign-20260910T1115Z/run/candidate/attempt-1/performance/directory_construction_traversal/directory-content-scan-1-compact-v2/perf.jsonl,3e9e39348e33a29075db1059ac88d5f85f4e9708b4188beca3d2dd63284f4d8d
directory_construction_traversal,directory-content-scan-10-compact-v2,performance,PASS,53f90fe4f6693845ee9947f5b1db7af81094474e32d0fbcdd08130521326ac58,pure_call_sum_ns,390149623,1,10706944,10.706944,10706944,524390417,756321833,,PASS,/Users/yifanxu/Ephemeral-AI-Lab/layerfs-issue104-evidence/campaign-20260910T1115Z/run/candidate/attempt-1/performance/directory_construction_traversal/directory-content-scan-10-compact-v2/perf.jsonl,d580457c0c469e275f7b15649554de83545f85a5997d0a616b2def10ba43b478
directory_construction_traversal,directory-content-scan-100-mixed-v4,performance,PASS,53f90fe4f6693845ee9947f5b1db7af81094474e32d0fbcdd08130521326ac58,pure_call_sum_ns,1327773084,1,105861120,105.86112,105861120,924502417,1685406125,,PASS,/Users/yifanxu/Ephemeral-AI-Lab/layerfs-issue104-evidence/campaign-20260910T1115Z/run/candidate/attempt-1/performance/directory_construction_traversal/directory-content-scan-100-mixed-v4/perf.jsonl,db83656e2ca3172e6bd27627ebf177efe25344226528ea1de081c7016eb19e3a
directory_construction_traversal,directory-content-scan-500-mixed-v4,performance,PASS,53f90fe4f6693845ee9947f5b1db7af81094474e32d0fbcdd08130521326ac58,pure_call_sum_ns,4997211833,1,530309120,530.30912,530309120,2128166834,5436208875,,PASS,/Users/yifanxu/Ephemeral-AI-Lab/layerfs-issue104-evidence/campaign-20260910T1115Z/run/candidate/attempt-1/performance/directory_construction_traversal/directory-content-scan-500-mixed-v4/perf.jsonl,1c4c28772e1fc9db13d2c1f8b7bfcfa3dccc05d385462e274294b306a4bb6deb
directory_construction_traversal,directory-construct-1-compact-v2,verification,PASS,53f90fe4f6693845ee9947f5b1db7af81094474e32d0fbcdd08130521326ac58,,,,1163264,1.163264,1163264,553912875,604227375,1.8078502499993192,PASS,/Users/yifanxu/Ephemeral-AI-Lab/layerfs-issue104-evidence/campaign-20260910T1115Z/run/candidate/attempt-1/verification/directory_construction_traversal/directory-construct-1-compact-v2/verification.json,d183c3947a26441f0974958f21b0db037c5fa841bfc1ef30a7b90abf2c46e7ee
directory_construction_traversal,directory-construct-10-compact-v2,verification,PASS,53f90fe4f6693845ee9947f5b1db7af81094474e32d0fbcdd08130521326ac58,,,,10706944,10.706944,10706944,543294584,979209625,2.177998875002231,PASS,/Users/yifanxu/Ephemeral-AI-Lab/layerfs-issue104-evidence/campaign-20260910T1115Z/run/candidate/attempt-1/verification/directory_construction_traversal/directory-construct-10-compact-v2/verification.json,c2293b85fc6c2e12e3dca40a8fbd625d27b75c61b2cf0907d7f199f43231b6b4
directory_construction_traversal,directory-construct-100-mixed-v4,verification,PASS,53f90fe4f6693845ee9947f5b1db7af81094474e32d0fbcdd08130521326ac58,,,,105926656,105.926656,105926656,848820417,761693708,2.390452916999493,PASS,/Users/yifanxu/Ephemeral-AI-Lab/layerfs-issue104-evidence/campaign-20260910T1115Z/run/candidate/attempt-1/verification/directory_construction_traversal/directory-construct-100-mixed-v4/verification.json,e59f936e9dfcdffd8f156b3935c0ec71304c9aed7a2aaea1c51058aff236583a
directory_construction_traversal,directory-construct-500-mixed-v4,verification,PASS,53f90fe4f6693845ee9947f5b1db7af81094474e32d0fbcdd08130521326ac58,,,,547192832,547.192832,530657280,2292867000,1775021667,5.0841696669995144,PASS,/Users/yifanxu/Ephemeral-AI-Lab/layerfs-issue104-evidence/campaign-20260910T1115Z/run/candidate/attempt-1/verification/directory_construction_traversal/directory-construct-500-mixed-v4/verification.json,07e33555833ebf0f9eb99ee2aa7a9a1eccbf007387a78782b1bd2e3ac4a5c06b
directory_construction_traversal,directory-metadata-scan-1-compact-v2,verification,PASS,53f90fe4f6693845ee9947f5b1db7af81094474e32d0fbcdd08130521326ac58,,,,1163264,1.163264,1163264,603535541,708906583,1.9601045410017832,PASS,/Users/yifanxu/Ephemeral-AI-Lab/layerfs-issue104-evidence/campaign-20260910T1115Z/run/candidate/attempt-1/verification/directory_construction_traversal/directory-metadata-scan-1-compact-v2/verification.json,9ea686212127ed8a0f1fbab4518d3d753352c705f372a22a86c40e82ee2268af
directory_construction_traversal,directory-metadata-scan-10-compact-v2,verification,PASS,53f90fe4f6693845ee9947f5b1db7af81094474e32d0fbcdd08130521326ac58,,,,10706944,10.706944,10706944,646740875,1065817458,2.3588906670011056,PASS,/Users/yifanxu/Ephemeral-AI-Lab/layerfs-issue104-evidence/campaign-20260910T1115Z/run/candidate/attempt-1/verification/directory_construction_traversal/directory-metadata-scan-10-compact-v2/verification.json,3498daf3c74c56b9369d8b831038f71ff7e1613435265b295fb3ca3842cbfe21
directory_construction_traversal,directory-metadata-scan-100-mixed-v4,verification,PASS,53f90fe4f6693845ee9947f5b1db7af81094474e32d0fbcdd08130521326ac58,,,,105861120,105.86112,105861120,890513834,842319875,2.447260749999259,PASS,/Users/yifanxu/Ephemeral-AI-Lab/layerfs-issue104-evidence/campaign-20260910T1115Z/run/candidate/attempt-1/verification/directory_construction_traversal/directory-metadata-scan-100-mixed-v4/verification.json,30da759fb797d163d41ed482bab6e9236ee7da1924546cfea87981077a296535
directory_construction_traversal,directory-metadata-scan-500-mixed-v4,verification,PASS,53f90fe4f6693845ee9947f5b1db7af81094474e32d0fbcdd08130521326ac58,,,,530309120,530.30912,530309120,2256442708,1230533375,4.518553833000624,PASS,/Users/yifanxu/Ephemeral-AI-Lab/layerfs-issue104-evidence/campaign-20260910T1115Z/run/candidate/attempt-1/verification/directory_construction_traversal/directory-metadata-scan-500-mixed-v4/verification.json,4b7c3f15b46baf788a02d4e645e96f09ee84cb226ae09649c93c07ce4099ce16
directory_construction_traversal,directory-content-scan-1-compact-v2,verification,PASS,53f90fe4f6693845ee9947f5b1db7af81094474e32d0fbcdd08130521326ac58,,,,1163264,1.163264,1163264,499768250,708326542,1.8077995409985306,PASS,/Users/yifanxu/Ephemeral-AI-Lab/layerfs-issue104-evidence/campaign-20260910T1115Z/run/candidate/attempt-1/verification/directory_construction_traversal/directory-content-scan-1-compact-v2/verification.json,1b161fc2abaaaafc6776f81529c4205c29d3f8910c24d0f0afe2f931a40aaa70
directory_construction_traversal,directory-content-scan-10-compact-v2,verification,PASS,53f90fe4f6693845ee9947f5b1db7af81094474e32d0fbcdd08130521326ac58,,,,10706944,10.706944,10706944,539251541,1230959291,2.4166127089993097,PASS,/Users/yifanxu/Ephemeral-AI-Lab/layerfs-issue104-evidence/campaign-20260910T1115Z/run/candidate/attempt-1/verification/directory_construction_traversal/directory-content-scan-10-compact-v2/verification.json,179c8e1c3310aa0af4550f6c517df919651c6170c25206b4aef790eeede8fe83
directory_construction_traversal,directory-content-scan-100-mixed-v4,verification,PASS,53f90fe4f6693845ee9947f5b1db7af81094474e32d0fbcdd08130521326ac58,,,,105861120,105.86112,105861120,879876167,1800902000,3.38857291700333,PASS,/Users/yifanxu/Ephemeral-AI-Lab/layerfs-issue104-evidence/campaign-20260910T1115Z/run/candidate/attempt-1/verification/directory_construction_traversal/directory-content-scan-100-mixed-v4/verification.json,a286981ebb7418e06ee9c9d4b699fe824c36fb24cb95d2dc8aa3acb4b63bd6cc
directory_construction_traversal,directory-content-scan-500-mixed-v4,verification,PASS,53f90fe4f6693845ee9947f5b1db7af81094474e32d0fbcdd08130521326ac58,,,,530309120,530.30912,530309120,2159463500,5554925250,8.833813084002031,PASS,/Users/yifanxu/Ephemeral-AI-Lab/layerfs-issue104-evidence/campaign-20260910T1115Z/run/candidate/attempt-1/verification/directory_construction_traversal/directory-content-scan-500-mixed-v4/verification.json,67589730d82ade73ce088c9433a48664570d88f1ff03b6dd4b3229aef67cc0fe
workspace_change_locality,workspace-clean-commit-1-compact-v2,performance,PASS,53f90fe4f6693845ee9947f5b1db7af81094474e32d0fbcdd08130521326ac58,pure_call_sum_ns,14216541,1,1163264,1.163264,1163264,547889958,394511667,,PASS,/Users/yifanxu/Ephemeral-AI-Lab/layerfs-issue104-evidence/campaign-20260910T1115Z/run/candidate/attempt-1/performance/workspace_change_locality/workspace-clean-commit-1-compact-v2/perf.jsonl,03297e17e8c27aa3c0627d2208d16a311851a8d16a2c63b1837ab2b427fb2ba6
workspace_change_locality,workspace-clean-commit-10-compact-v2,performance,PASS,53f90fe4f6693845ee9947f5b1db7af81094474e32d0fbcdd08130521326ac58,pure_call_sum_ns,13975292,1,10706944,10.706944,10706944,534129417,388559541,,PASS,/Users/yifanxu/Ephemeral-AI-Lab/layerfs-issue104-evidence/campaign-20260910T1115Z/run/candidate/attempt-1/performance/workspace_change_locality/workspace-clean-commit-10-compact-v2/perf.jsonl,15c70f3f4c8bf09d8c0c2a69f9f2b92e332d6818e579e929d9341ef530268af5
workspace_change_locality,workspace-clean-commit-100-mixed-v4,performance,PASS,53f90fe4f6693845ee9947f5b1db7af81094474e32d0fbcdd08130521326ac58,pure_call_sum_ns,12660666,1,105861120,105.86112,105861120,819263958,437769959,,PASS,/Users/yifanxu/Ephemeral-AI-Lab/layerfs-issue104-evidence/campaign-20260910T1115Z/run/candidate/attempt-1/performance/workspace_change_locality/workspace-clean-commit-100-mixed-v4/perf.jsonl,ca9f41fc8acdc3697681040ac8fb67cb2681cd15f946f20f9ffd061e989be3c0
workspace_change_locality,workspace-clean-commit-500-mixed-v4,performance,PASS,53f90fe4f6693845ee9947f5b1db7af81094474e32d0fbcdd08130521326ac58,pure_call_sum_ns,14018541,1,530309120,530.30912,530309120,2486995125,446965583,,PASS,/Users/yifanxu/Ephemeral-AI-Lab/layerfs-issue104-evidence/campaign-20260910T1115Z/run/candidate/attempt-1/performance/workspace_change_locality/workspace-clean-commit-500-mixed-v4/perf.jsonl,a699b5416df28ef43d1f970ecb95249b73398a2c7bd35cfd5b11170913d101b6
workspace_change_locality,workspace-fixed-move-1-compact-v2,performance,PASS,53f90fe4f6693845ee9947f5b1db7af81094474e32d0fbcdd08130521326ac58,pure_call_sum_ns,24249042,1,1163264,1.163264,1163264,496743166,399436209,,PASS,/Users/yifanxu/Ephemeral-AI-Lab/layerfs-issue104-evidence/campaign-20260910T1115Z/run/candidate/attempt-1/performance/workspace_change_locality/workspace-fixed-move-1-compact-v2/perf.jsonl,be95a1dab3038286af69cfb7bdbd96925a318b4c2d005ac143a8fb8bfd3d445a
workspace_change_locality,workspace-fixed-move-10-compact-v2,performance,PASS,53f90fe4f6693845ee9947f5b1db7af81094474e32d0fbcdd08130521326ac58,pure_call_sum_ns,27545459,1,10711040,10.71104,10711040,536924625,390848250,,PASS,/Users/yifanxu/Ephemeral-AI-Lab/layerfs-issue104-evidence/campaign-20260910T1115Z/run/candidate/attempt-1/performance/workspace_change_locality/workspace-fixed-move-10-compact-v2/perf.jsonl,e20dffa8036b56208971b9338274ee58a716097d6f415f45ac85b066d605cb54
workspace_change_locality,workspace-fixed-move-100-mixed-v4,performance,PASS,53f90fe4f6693845ee9947f5b1db7af81094474e32d0fbcdd08130521326ac58,pure_call_sum_ns,41921501,1,105861120,105.86112,105861120,852295125,443133083,,PASS,/Users/yifanxu/Ephemeral-AI-Lab/layerfs-issue104-evidence/campaign-20260910T1115Z/run/candidate/attempt-1/performance/workspace_change_locality/workspace-fixed-move-100-mixed-v4/perf.jsonl,b554acd15eabd129a60b2872cf2985a41fd7bec0bf2b5fc4fc4baff6392044f5
workspace_change_locality,workspace-fixed-move-500-mixed-v4,performance,PASS,53f90fe4f6693845ee9947f5b1db7af81094474e32d0fbcdd08130521326ac58,pure_call_sum_ns,56561501,1,547086336,547.086336,530313216,2125759500,432233208,,PASS,/Users/yifanxu/Ephemeral-AI-Lab/layerfs-issue104-evidence/campaign-20260910T1115Z/run/candidate/attempt-1/performance/workspace_change_locality/workspace-fixed-move-500-mixed-v4/perf.jsonl,f2a6d4673e31130f07658bb8c30ecce3fdd8e5108c6da7a90dc131ecf34f46af
workspace_change_locality,workspace-distributed-sdk-edit-1-compact-v2,performance,PASS,53f90fe4f6693845ee9947f5b1db7af81094474e32d0fbcdd08130521326ac58,pure_call_sum_ns,20085625,1,1167360,1.16736,1167360,502538500,393418625,,PASS,/Users/yifanxu/Ephemeral-AI-Lab/layerfs-issue104-evidence/campaign-20260910T1115Z/run/candidate/attempt-1/performance/workspace_change_locality/workspace-distributed-sdk-edit-1-compact-v2/perf.jsonl,d83dc640e84b516a46328ac9d3bed79b23f1639bc55b775fcdbe7c06527734cf
workspace_change_locality,workspace-distributed-sdk-edit-10-compact-v2,performance,PASS,53f90fe4f6693845ee9947f5b1db7af81094474e32d0fbcdd08130521326ac58,pure_call_sum_ns,56623250,1,10752000,10.752,10752000,529752709,439045334,,PASS,/Users/yifanxu/Ephemeral-AI-Lab/layerfs-issue104-evidence/campaign-20260910T1115Z/run/candidate/attempt-1/performance/workspace_change_locality/workspace-distributed-sdk-edit-10-compact-v2/perf.jsonl,e5e3a687ec3776d1ec9264d29e1f983ae773e72c07095175200103c36e5af485
workspace_change_locality,workspace-distributed-sdk-edit-100-mixed-v4,performance,PASS,53f90fe4f6693845ee9947f5b1db7af81094474e32d0fbcdd08130521326ac58,pure_call_sum_ns,475559492,1,122638336,122.638336,106291200,871814375,915403417,,PASS,/Users/yifanxu/Ephemeral-AI-Lab/layerfs-issue104-evidence/campaign-20260910T1115Z/run/candidate/attempt-1/performance/workspace_change_locality/workspace-distributed-sdk-edit-100-mixed-v4/perf.jsonl,9dc81a804dcfac54555e51f7ccdfdd894a17c72020cea7e760651a1e4ae214aa
workspace_change_locality,workspace-distributed-sdk-edit-500-mixed-v4,performance,PASS,53f90fe4f6693845ee9947f5b1db7af81094474e32d0fbcdd08130521326ac58,pure_call_sum_ns,4130687706,1,547086336,547.086336,532434944,2459053500,4600502791,,PASS,/Users/yifanxu/Ephemeral-AI-Lab/layerfs-issue104-evidence/campaign-20260910T1115Z/run/candidate/attempt-1/performance/workspace_change_locality/workspace-distributed-sdk-edit-500-mixed-v4/perf.jsonl,532fe704c64ca460e3c92d76ec3b0573e3dad0abf1fb4326cbe102d5f1ac1d44
workspace_change_locality,workspace-dense-rewrite-1-compact-v2,performance,PASS,53f90fe4f6693845ee9947f5b1db7af81094474e32d0fbcdd08130521326ac58,pure_call_sum_ns,105865166,1,2220032,2.220032,2220032,499456125,453651708,,PASS,/Users/yifanxu/Ephemeral-AI-Lab/layerfs-issue104-evidence/campaign-20260910T1115Z/run/candidate/attempt-1/performance/workspace_change_locality/workspace-dense-rewrite-1-compact-v2/perf.jsonl,d04c315f40caff0f899d20068d5d51cc0cc0ce9b5a496decf4d2835e61656ec5
workspace_change_locality,workspace-dense-rewrite-10-compact-v2,performance,PASS,53f90fe4f6693845ee9947f5b1db7af81094474e32d0fbcdd08130521326ac58,pure_call_sum_ns,585343916,1,22151168,22.151168,21295104,533205791,918405625,,PASS,/Users/yifanxu/Ephemeral-AI-Lab/layerfs-issue104-evidence/campaign-20260910T1115Z/run/candidate/attempt-1/performance/workspace_change_locality/workspace-dense-rewrite-10-compact-v2/perf.jsonl,372fdbc98a61d15bb0e0209fd9e50f7693ade3a0e102ffab7ca48b52229df1b9
workspace_change_locality,workspace-dense-rewrite-100-mixed-v4,performance,PASS,53f90fe4f6693845ee9947f5b1db7af81094474e32d0fbcdd08130521326ac58,pure_call_sum_ns,2667615916,1,223301632,223.301632,211664896,878735291,3029925125,,PASS,/Users/yifanxu/Ephemeral-AI-Lab/layerfs-issue104-evidence/campaign-20260910T1115Z/run/candidate/attempt-1/performance/workspace_change_locality/workspace-dense-rewrite-100-mixed-v4/perf.jsonl,cd4993cc54868e91c1006d5b2f60f97f49cdf7626d48370651dad31124d78404
workspace_change_locality,workspace-dense-rewrite-500-mixed-v4,performance,PASS,53f90fe4f6693845ee9947f5b1db7af81094474e32d0fbcdd08130521326ac58,pure_call_sum_ns,9331262667,1,1067180032,1067.180032,1060540416,2223374750,9880915666,,PASS,/Users/yifanxu/Ephemeral-AI-Lab/layerfs-issue104-evidence/campaign-20260910T1115Z/run/candidate/attempt-1/performance/workspace_change_locality/workspace-dense-rewrite-500-mixed-v4/perf.jsonl,71775a107030a44cd0e3170d97dd805cd4ce100da852bc6eb993347d55b5d69b
workspace_change_locality,workspace-clean-commit-1-compact-v2,verification,PASS,53f90fe4f6693845ee9947f5b1db7af81094474e32d0fbcdd08130521326ac58,,,,1163264,1.163264,1163264,552560917,593140750,1.8025797910013353,PASS,/Users/yifanxu/Ephemeral-AI-Lab/layerfs-issue104-evidence/campaign-20260910T1115Z/run/candidate/attempt-1/verification/workspace_change_locality/workspace-clean-commit-1-compact-v2/verification.json,333222c06d348eb6521481e8d358b498a99a29dbf1aceebeb80b51ebb34af08f
workspace_change_locality,workspace-clean-commit-10-compact-v2,verification,PASS,53f90fe4f6693845ee9947f5b1db7af81094474e32d0fbcdd08130521326ac58,,,,10706944,10.706944,10706944,534560500,858848666,2.038556083000003,PASS,/Users/yifanxu/Ephemeral-AI-Lab/layerfs-issue104-evidence/campaign-20260910T1115Z/run/candidate/attempt-1/verification/workspace_change_locality/workspace-clean-commit-10-compact-v2/verification.json,f7da28880fb4ad1238fd461e8c71500c74ba5b7c3d11cf97f05d40e9ee5d3228
workspace_change_locality,workspace-clean-commit-100-mixed-v4,verification,PASS,53f90fe4f6693845ee9947f5b1db7af81094474e32d0fbcdd08130521326ac58,,,,105861120,105.86112,105861120,890603166,540431708,2.1575396249972982,PASS,/Users/yifanxu/Ephemeral-AI-Lab/layerfs-issue104-evidence/campaign-20260910T1115Z/run/candidate/attempt-1/verification/workspace_change_locality/workspace-clean-commit-100-mixed-v4/verification.json,989776a69eeb9bfa8e3e815c24783f457d7345d2710ec214470d37b824e306e1
workspace_change_locality,workspace-clean-commit-500-mixed-v4,verification,PASS,53f90fe4f6693845ee9947f5b1db7af81094474e32d0fbcdd08130521326ac58,,,,530309120,530.30912,530309120,2556868250,647117750,4.287675457999285,PASS,/Users/yifanxu/Ephemeral-AI-Lab/layerfs-issue104-evidence/campaign-20260910T1115Z/run/candidate/attempt-1/verification/workspace_change_locality/workspace-clean-commit-500-mixed-v4/verification.json,a9ea488fca5233b24abee3fbc71c20058f112e61161add7712b65c96b9aa51db
workspace_change_locality,workspace-fixed-move-1-compact-v2,verification,PASS,53f90fe4f6693845ee9947f5b1db7af81094474e32d0fbcdd08130521326ac58,,,,1163264,1.163264,1163264,508796000,603804792,1.7092186250010855,PASS,/Users/yifanxu/Ephemeral-AI-Lab/layerfs-issue104-evidence/campaign-20260910T1115Z/run/candidate/attempt-1/verification/workspace_change_locality/workspace-fixed-move-1-compact-v2/verification.json,0da333147053d2986b1e3c2a6ad3558bcf77ccb4fe4f103ebe960ceb72ef089e
workspace_change_locality,workspace-fixed-move-10-compact-v2,verification,PASS,53f90fe4f6693845ee9947f5b1db7af81094474e32d0fbcdd08130521326ac58,,,,10711040,10.71104,10711040,538261083,906523292,2.1675830829990446,PASS,/Users/yifanxu/Ephemeral-AI-Lab/layerfs-issue104-evidence/campaign-20260910T1115Z/run/candidate/attempt-1/verification/workspace_change_locality/workspace-fixed-move-10-compact-v2/verification.json,ee4cea2f7eef4875387e1a805fce6b69b345dad312c297c17792daeb60d485a4
workspace_change_locality,workspace-fixed-move-100-mixed-v4,verification,PASS,53f90fe4f6693845ee9947f5b1db7af81094474e32d0fbcdd08130521326ac58,,,,105861120,105.86112,105861120,823756834,541392834,2.137922707999678,PASS,/Users/yifanxu/Ephemeral-AI-Lab/layerfs-issue104-evidence/campaign-20260910T1115Z/run/candidate/attempt-1/verification/workspace_change_locality/workspace-fixed-move-100-mixed-v4/verification.json,af936d3d123dd3a8d0e149e4b6a17cba6550db9a822beba262cd7f70acdde5c6
workspace_change_locality,workspace-fixed-move-500-mixed-v4,verification,PASS,53f90fe4f6693845ee9947f5b1db7af81094474e32d0fbcdd08130521326ac58,,,,547086336,547.086336,530313216,2168719125,708849666,3.93476416699923,PASS,/Users/yifanxu/Ephemeral-AI-Lab/layerfs-issue104-evidence/campaign-20260910T1115Z/run/candidate/attempt-1/verification/workspace_change_locality/workspace-fixed-move-500-mixed-v4/verification.json,19f12448048fda8a32434ab05acf35677bbecc27a0fc03eab56fa965f1526660
workspace_change_locality,workspace-distributed-sdk-edit-1-compact-v2,verification,PASS,53f90fe4f6693845ee9947f5b1db7af81094474e32d0fbcdd08130521326ac58,,,,1167360,1.16736,1167360,503387208,649420584,1.8439839999991818,PASS,/Users/yifanxu/Ephemeral-AI-Lab/layerfs-issue104-evidence/campaign-20260910T1115Z/run/candidate/attempt-1/verification/workspace_change_locality/workspace-distributed-sdk-edit-1-compact-v2/verification.json,5f421c4be056dc9be21adca3a03c4d17548ffa7c788d7debd3415a9a411e7c2c
workspace_change_locality,workspace-distributed-sdk-edit-10-compact-v2,verification,PASS,53f90fe4f6693845ee9947f5b1db7af81094474e32d0fbcdd08130521326ac58,,,,10752000,10.752,10752000,641532916,963676834,2.212521249999554,PASS,/Users/yifanxu/Ephemeral-AI-Lab/layerfs-issue104-evidence/campaign-20260910T1115Z/run/candidate/attempt-1/verification/workspace_change_locality/workspace-distributed-sdk-edit-10-compact-v2/verification.json,e6dfe7f2d13886f6555006aae3a7a35fb8f9a9d76d74621c20286d238ab37247
workspace_change_locality,workspace-distributed-sdk-edit-100-mixed-v4,verification,PASS,53f90fe4f6693845ee9947f5b1db7af81094474e32d0fbcdd08130521326ac58,,,,122638336,122.638336,106291200,876725916,953664042,2.6565049580021878,PASS,/Users/yifanxu/Ephemeral-AI-Lab/layerfs-issue104-evidence/campaign-20260910T1115Z/run/candidate/attempt-1/verification/workspace_change_locality/workspace-distributed-sdk-edit-100-mixed-v4/verification.json,02b364c39b0143b8fab5dd3cebefeaae4e40947e98f647dbbb166fd58f59aa27
workspace_change_locality,workspace-distributed-sdk-edit-500-mixed-v4,verification,PASS,53f90fe4f6693845ee9947f5b1db7af81094474e32d0fbcdd08130521326ac58,,,,547086336,547.086336,532434944,2358437208,4499218666,7.930234915998881,PASS,/Users/yifanxu/Ephemeral-AI-Lab/layerfs-issue104-evidence/campaign-20260910T1115Z/run/candidate/attempt-1/verification/workspace_change_locality/workspace-distributed-sdk-edit-500-mixed-v4/verification.json,8b13426d10790f585e4044d90cb5d6fb0679203fcac733cc51fa66064eff4b4e
workspace_change_locality,workspace-dense-rewrite-1-compact-v2,verification,PASS,53f90fe4f6693845ee9947f5b1db7af81094474e32d0fbcdd08130521326ac58,,,,2220032,2.220032,2220032,543210417,702089459,1.8876026669968269,PASS,/Users/yifanxu/Ephemeral-AI-Lab/layerfs-issue104-evidence/campaign-20260910T1115Z/run/candidate/attempt-1/verification/workspace_change_locality/workspace-dense-rewrite-1-compact-v2/verification.json,5de1b3c2e4f87aef750231c237d084880c0023affce22e1bca412d1c01e2023a
workspace_change_locality,workspace-dense-rewrite-10-compact-v2,verification,PASS,53f90fe4f6693845ee9947f5b1db7af81094474e32d0fbcdd08130521326ac58,,,,22241280,22.24128,21295104,580815792,1502097042,2.829845041000226,PASS,/Users/yifanxu/Ephemeral-AI-Lab/layerfs-issue104-evidence/campaign-20260910T1115Z/run/candidate/attempt-1/verification/workspace_change_locality/workspace-dense-rewrite-10-compact-v2/verification.json,e6d5d4115dd8c1746183c05acac101811ac8b18a574c24a4b40c666770936a71
workspace_change_locality,workspace-dense-rewrite-100-mixed-v4,verification,PASS,53f90fe4f6693845ee9947f5b1db7af81094474e32d0fbcdd08130521326ac58,,,,223301632,223.301632,211664896,806817541,3074046833,4.609661708000203,PASS,/Users/yifanxu/Ephemeral-AI-Lab/layerfs-issue104-evidence/campaign-20260910T1115Z/run/candidate/attempt-1/verification/workspace_change_locality/workspace-dense-rewrite-100-mixed-v4/verification.json,58c43323281798394b1159249a775ac7bb8ee0182dce88aa6372927a315a889c
workspace_change_locality,workspace-dense-rewrite-500-mixed-v4,verification,PASS,53f90fe4f6693845ee9947f5b1db7af81094474e32d0fbcdd08130521326ac58,,,,1067180032,1067.180032,1060540416,2133654000,9798937375,13.024718791999476,PASS,/Users/yifanxu/Ephemeral-AI-Lab/layerfs-issue104-evidence/campaign-20260910T1115Z/run/candidate/attempt-1/verification/workspace_change_locality/workspace-dense-rewrite-500-mixed-v4/verification.json,97cc92c0ee72ccb43b24d629f2c244cd210099934335e9f6e8ad29acc615f6ef
dedup_branch_history,dedup-history-distributed-1,performance,PASS,53f90fe4f6693845ee9947f5b1db7af81094474e32d0fbcdd08130521326ac58,pure_call_sum_ns,26895375,1,1175552,1.175552,1175552,689649375,381287292,,PASS,/Users/yifanxu/Ephemeral-AI-Lab/layerfs-issue104-evidence/campaign-20260910T1115Z/run/candidate/attempt-1/performance/dedup_branch_history/dedup-history-distributed-1/perf.jsonl,8154bdd43ce2b8e6da12ffa2b15e3f3c2687a07d2804e91e0948ea425c661f08
dedup_branch_history,dedup-history-distributed-10,performance,PASS,53f90fe4f6693845ee9947f5b1db7af81094474e32d0fbcdd08130521326ac58,pure_call_sum_ns,99183459,1,1187840,1.18784,1187840,557753708,498283959,,PASS,/Users/yifanxu/Ephemeral-AI-Lab/layerfs-issue104-evidence/campaign-20260910T1115Z/run/candidate/attempt-1/performance/dedup_branch_history/dedup-history-distributed-10/perf.jsonl,9212636c4af2816b01085a0ebd466e5396b7be0c3f2c7acc426507c7bfd216de
dedup_branch_history,dedup-history-distributed-100,performance,PASS,53f90fe4f6693845ee9947f5b1db7af81094474e32d0fbcdd08130521326ac58,pure_call_sum_ns,873929251,1,2293760,2.29376,1310720,556916709,1441496958,,PASS,/Users/yifanxu/Ephemeral-AI-Lab/layerfs-issue104-evidence/campaign-20260910T1115Z/run/candidate/attempt-1/performance/dedup_branch_history/dedup-history-distributed-100/perf.jsonl,62bbbab5fcaef45d8c8ce0fc8bb8155c39c3a41209560bf6d320ff30b58c0bbf
dedup_branch_history,dedup-history-distributed-500,performance,PASS,53f90fe4f6693845ee9947f5b1db7af81094474e32d0fbcdd08130521326ac58,pure_call_sum_ns,5249372173,1,2293760,2.29376,1843200,512295458,6791951709,,PASS,/Users/yifanxu/Ephemeral-AI-Lab/layerfs-issue104-evidence/campaign-20260910T1115Z/run/candidate/attempt-1/performance/dedup_branch_history/dedup-history-distributed-500/perf.jsonl,bbea84adb7f3d7c035151d89998eb86856da7bd787bcd814d2db97d8806ecd45
dedup_branch_history,dedup-history-hotset-1,performance,PASS,53f90fe4f6693845ee9947f5b1db7af81094474e32d0fbcdd08130521326ac58,pure_call_sum_ns,27292959,1,1175552,1.175552,1175552,554456666,389551125,,PASS,/Users/yifanxu/Ephemeral-AI-Lab/layerfs-issue104-evidence/campaign-20260910T1115Z/run/candidate/attempt-1/performance/dedup_branch_history/dedup-history-hotset-1/perf.jsonl,808beca7672f6824c46c1d2dc05e7370f45a94c1322a85fc368078bd1aa5e32a
dedup_branch_history,dedup-history-hotset-10,performance,PASS,53f90fe4f6693845ee9947f5b1db7af81094474e32d0fbcdd08130521326ac58,pure_call_sum_ns,129265373,1,1187840,1.18784,1187840,488164625,488651583,,PASS,/Users/yifanxu/Ephemeral-AI-Lab/layerfs-issue104-evidence/campaign-20260910T1115Z/run/candidate/attempt-1/performance/dedup_branch_history/dedup-history-hotset-10/perf.jsonl,63bcad18a988c2c0fbb72aa4380b86a0942f97062095957a6dfabe53eabc64e1
dedup_branch_history,dedup-history-hotset-100,performance,PASS,53f90fe4f6693845ee9947f5b1db7af81094474e32d0fbcdd08130521326ac58,pure_call_sum_ns,1127308870,1,2285568,2.285568,1712128,607064833,1635306291,,PASS,/Users/yifanxu/Ephemeral-AI-Lab/layerfs-issue104-evidence/campaign-20260910T1115Z/run/candidate/attempt-1/performance/dedup_branch_history/dedup-history-hotset-100/perf.jsonl,694c3261f19770d1bab13f4500ce450d7197ae0da0e139fd5b99b11725ea9f7b
dedup_branch_history,dedup-history-hotset-500,performance,PASS,53f90fe4f6693845ee9947f5b1db7af81094474e32d0fbcdd08130521326ac58,pure_call_sum_ns,5758411288,1,2277376,2.277376,2252800,502909792,7036917667,,PASS,/Users/yifanxu/Ephemeral-AI-Lab/layerfs-issue104-evidence/campaign-20260910T1115Z/run/candidate/attempt-1/performance/dedup_branch_history/dedup-history-hotset-500/perf.jsonl,9e5e0d56fe5aff98c42c8dcbf9c9ce9cd9c4df90b1106d0c6104069d2643d566
dedup_branch_history,dedup-history-recurring-1,performance,PASS,53f90fe4f6693845ee9947f5b1db7af81094474e32d0fbcdd08130521326ac58,pure_call_sum_ns,26511958,1,1224704,1.224704,1224704,623397042,392205416,,PASS,/Users/yifanxu/Ephemeral-AI-Lab/layerfs-issue104-evidence/campaign-20260910T1115Z/run/candidate/attempt-1/performance/dedup_branch_history/dedup-history-recurring-1/perf.jsonl,d0494479c52341adfe4697666f346030e2ef44e4cf53f568ff5e96a6fe319a46
dedup_branch_history,dedup-history-recurring-10,performance,PASS,53f90fe4f6693845ee9947f5b1db7af81094474e32d0fbcdd08130521326ac58,pure_call_sum_ns,83436585,1,1224704,1.224704,1224704,555764042,494993958,,PASS,/Users/yifanxu/Ephemeral-AI-Lab/layerfs-issue104-evidence/campaign-20260910T1115Z/run/candidate/attempt-1/performance/dedup_branch_history/dedup-history-recurring-10/perf.jsonl,e7266b530de319ae5387e6f4dc6a60701e6b2bf80eaae02a53dbbd0ffe5600d8
dedup_branch_history,dedup-history-recurring-100,performance,PASS,53f90fe4f6693845ee9947f5b1db7af81094474e32d0fbcdd08130521326ac58,pure_call_sum_ns,599441623,1,2285568,2.285568,1241088,561812708,1124347250,,PASS,/Users/yifanxu/Ephemeral-AI-Lab/layerfs-issue104-evidence/campaign-20260910T1115Z/run/candidate/attempt-1/performance/dedup_branch_history/dedup-history-recurring-100/perf.jsonl,627a98a84976bee7722193f96a08700085b4e9df17997305b4bb6f412567075d
dedup_branch_history,dedup-history-recurring-500,performance,PASS,53f90fe4f6693845ee9947f5b1db7af81094474e32d0fbcdd08130521326ac58,pure_call_sum_ns,3215736027,1,2285568,2.285568,1302528,551026417,4488434583,,PASS,/Users/yifanxu/Ephemeral-AI-Lab/layerfs-issue104-evidence/campaign-20260910T1115Z/run/candidate/attempt-1/performance/dedup_branch_history/dedup-history-recurring-500/perf.jsonl,12cc5228d9e1cd565b15b7832d9557513fa3a9fd517287ac6afdf1280a99c405
dedup_branch_history,dedup-history-metadata-1,performance,PASS,53f90fe4f6693845ee9947f5b1db7af81094474e32d0fbcdd08130521326ac58,pure_call_sum_ns,25777250,1,1175552,1.175552,1175552,607366292,382612208,,PASS,/Users/yifanxu/Ephemeral-AI-Lab/layerfs-issue104-evidence/campaign-20260910T1115Z/run/candidate/attempt-1/performance/dedup_branch_history/dedup-history-metadata-1/perf.jsonl,4f58e657cfef250079f42c7a9dc0b0defbb5da92360d5a09b2be8e18bfc24845
dedup_branch_history,dedup-history-metadata-10,performance,PASS,53f90fe4f6693845ee9947f5b1db7af81094474e32d0fbcdd08130521326ac58,pure_call_sum_ns,98584418,1,1175552,1.175552,1175552,503385625,496827083,,PASS,/Users/yifanxu/Ephemeral-AI-Lab/layerfs-issue104-evidence/campaign-20260910T1115Z/run/candidate/attempt-1/performance/dedup_branch_history/dedup-history-metadata-10/perf.jsonl,e5c5e2a2fb6377ee0d9f6595260b6bfeb94fae1921d19071aad064f81aa17949
dedup_branch_history,dedup-history-metadata-100,performance,PASS,53f90fe4f6693845ee9947f5b1db7af81094474e32d0fbcdd08130521326ac58,pure_call_sum_ns,774377377,1,2236416,2.236416,1191936,555781167,1216700625,,PASS,/Users/yifanxu/Ephemeral-AI-Lab/layerfs-issue104-evidence/campaign-20260910T1115Z/run/candidate/attempt-1/performance/dedup_branch_history/dedup-history-metadata-100/perf.jsonl,994ad1724ab4c79ab4b8a209cd12c223cf90571a92bd4009c80d48e6e87f2d9d
dedup_branch_history,dedup-history-metadata-500,performance,PASS,53f90fe4f6693845ee9947f5b1db7af81094474e32d0fbcdd08130521326ac58,pure_call_sum_ns,3890784774,1,2236416,2.236416,1257472,554844834,4815458625,,PASS,/Users/yifanxu/Ephemeral-AI-Lab/layerfs-issue104-evidence/campaign-20260910T1115Z/run/candidate/attempt-1/performance/dedup_branch_history/dedup-history-metadata-500/perf.jsonl,ce6b14536ad6bb073c8935f4bfee7917208ef53e237a3d9432a9a06f32720d65
dedup_branch_history,dedup-history-unrelated-1,performance,PASS,53f90fe4f6693845ee9947f5b1db7af81094474e32d0fbcdd08130521326ac58,pure_call_sum_ns,1066194083,1,3272704,3.272704,2252800,497079959,1411857917,,PASS,/Users/yifanxu/Ephemeral-AI-Lab/layerfs-issue104-evidence/campaign-20260910T1115Z/run/candidate/attempt-1/performance/dedup_branch_history/dedup-history-unrelated-1/perf.jsonl,efe735567b84e1f98b3836fca752f7a52489cfbda363e04ce6a04a174ea318c9
dedup_branch_history,dedup-history-unrelated-10,performance,PASS,53f90fe4f6693845ee9947f5b1db7af81094474e32d0fbcdd08130521326ac58,pure_call_sum_ns,10306428834,1,12709888,12.709888,11923456,496951667,10648692958,,PASS,/Users/yifanxu/Ephemeral-AI-Lab/layerfs-issue104-evidence/campaign-20260910T1115Z/run/candidate/attempt-1/performance/dedup_branch_history/dedup-history-unrelated-10/perf.jsonl,22fea210e1f315e2c78ac956dc6755bbe9020b752df1f3244a86662a5a98af8c
dedup_branch_history,dedup-history-unrelated-100-mixed-v2,performance,PASS,53f90fe4f6693845ee9947f5b1db7af81094474e32d0fbcdd08130521326ac58,pure_call_sum_ns,4743104045,1,117661696,117.661696,107159552,713001166,5289991792,,PASS,/Users/yifanxu/Ephemeral-AI-Lab/layerfs-issue104-evidence/campaign-20260910T1115Z/run/candidate/attempt-1/performance/dedup_branch_history/dedup-history-unrelated-100-mixed-v2/perf.jsonl,ab6a6412fd273b9b18c552242916a35d9b24313e73320ed8ad1bc33f34887f7c
dedup_branch_history,dedup-history-unrelated-500-mixed-v2,performance,FAIL,53f90fe4f6693845ee9947f5b1db7af81094474e32d0fbcdd08130521326ac58,pure_call_sum_ns,23781066044,1,537100288,537.100288,531226624,498389875,25056392791,,PASS,/Users/yifanxu/Ephemeral-AI-Lab/layerfs-issue104-evidence/campaign-20260910T1115Z/run/candidate/attempt-1/performance/dedup_branch_history/dedup-history-unrelated-500-mixed-v2/perf.jsonl,ce6763fb968defe7b9872e470a3715bf33218506641cdff9dbc539a1e6007b21
dedup_branch_history,dedup-history-distributed-1,verification,PASS,53f90fe4f6693845ee9947f5b1db7af81094474e32d0fbcdd08130521326ac58,,,,1175552,1.175552,1175552,500481209,915247541,2.0265002910018666,PASS,/Users/yifanxu/Ephemeral-AI-Lab/layerfs-issue104-evidence/campaign-20260910T1115Z/run/candidate/attempt-1/verification/dedup_branch_history/dedup-history-distributed-1/verification.json,6ccba6d397f9bba3e0a2d83e93eaee3b8dd1954734c987b618d96699a774aed7
dedup_branch_history,dedup-history-distributed-10,verification,PASS,53f90fe4f6693845ee9947f5b1db7af81094474e32d0fbcdd08130521326ac58,,,,1187840,1.18784,1187840,557728167,3395115542,4.596695917000034,PASS,/Users/yifanxu/Ephemeral-AI-Lab/layerfs-issue104-evidence/campaign-20260910T1115Z/run/candidate/attempt-1/verification/dedup_branch_history/dedup-history-distributed-10/verification.json,962b983b19a25580fe65249a9e26e6679a3e8fedaff31dd3d10839dd92cc0660
dedup_branch_history,dedup-history-distributed-100,verification,PASS,53f90fe4f6693845ee9947f5b1db7af81094474e32d0fbcdd08130521326ac58,,,,2293760,2.29376,1310720,554217791,3554787792,4.829997250002634,PASS,/Users/yifanxu/Ephemeral-AI-Lab/layerfs-issue104-evidence/campaign-20260910T1115Z/run/candidate/attempt-1/verification/dedup_branch_history/dedup-history-distributed-100/verification.json,b7bef26ded8f97976631ba1f48af1c74a9a7a7903af837961cd47e922c1ec483
dedup_branch_history,dedup-history-distributed-500,verification,PASS,53f90fe4f6693845ee9947f5b1db7af81094474e32d0fbcdd08130521326ac58,,,,2297856,2.297856,1843200,507596583,10716927167,12.003013082998223,PASS,/Users/yifanxu/Ephemeral-AI-Lab/layerfs-issue104-evidence/campaign-20260910T1115Z/run/candidate/attempt-1/verification/dedup_branch_history/dedup-history-distributed-500/verification.json,a813b430f9bc3916724b172794c5b6e06fdb36cd38fafd658eae066c571db77f
dedup_branch_history,dedup-history-hotset-1,verification,PASS,53f90fe4f6693845ee9947f5b1db7af81094474e32d0fbcdd08130521326ac58,,,,1175552,1.175552,1175552,509271875,869050125,2.0134838340018177,PASS,/Users/yifanxu/Ephemeral-AI-Lab/layerfs-issue104-evidence/campaign-20260910T1115Z/run/candidate/attempt-1/verification/dedup_branch_history/dedup-history-hotset-1/verification.json,d8a153d2939ee565746322a0c63c684838326639ddf8764bc611a411ebdf6881
dedup_branch_history,dedup-history-hotset-10,verification,PASS,53f90fe4f6693845ee9947f5b1db7af81094474e32d0fbcdd08130521326ac58,,,,1187840,1.18784,1187840,503338333,3233201250,4.3303376250005385,PASS,/Users/yifanxu/Ephemeral-AI-Lab/layerfs-issue104-evidence/campaign-20260910T1115Z/run/candidate/attempt-1/verification/dedup_branch_history/dedup-history-hotset-10/verification.json,d22c9103158a88ff8a230a4fd8a8340431e3a3965e3694ac9c260386bc38754c
dedup_branch_history,dedup-history-hotset-100,verification,PASS,53f90fe4f6693845ee9947f5b1db7af81094474e32d0fbcdd08130521326ac58,,,,2281472,2.281472,1712128,566240375,3832797166,5.167542125000182,PASS,/Users/yifanxu/Ephemeral-AI-Lab/layerfs-issue104-evidence/campaign-20260910T1115Z/run/candidate/attempt-1/verification/dedup_branch_history/dedup-history-hotset-100/verification.json,be5c12c12c17ab2fd59b52035dff0ec558b0442c8f2d708bb989ddb76242a9b8
dedup_branch_history,dedup-history-hotset-500,verification,PASS,53f90fe4f6693845ee9947f5b1db7af81094474e32d0fbcdd08130521326ac58,,,,2281472,2.281472,2252800,601467000,9504878791,10.821842457997263,PASS,/Users/yifanxu/Ephemeral-AI-Lab/layerfs-issue104-evidence/campaign-20260910T1115Z/run/candidate/attempt-1/verification/dedup_branch_history/dedup-history-hotset-500/verification.json,e3492dee97292686909f6c3771e351ef8575d84d39003f9baa5c8609c7e387b5
dedup_branch_history,dedup-history-recurring-1,verification,PASS,53f90fe4f6693845ee9947f5b1db7af81094474e32d0fbcdd08130521326ac58,,,,1224704,1.224704,1224704,499786625,857571000,1.9588325830009126,PASS,/Users/yifanxu/Ephemeral-AI-Lab/layerfs-issue104-evidence/campaign-20260910T1115Z/run/candidate/attempt-1/verification/dedup_branch_history/dedup-history-recurring-1/verification.json,75ee912933ae89af33cac12d00740b727f219a0e062cabecf2932e2139a495e2
dedup_branch_history,dedup-history-recurring-10,verification,PASS,53f90fe4f6693845ee9947f5b1db7af81094474e32d0fbcdd08130521326ac58,,,,1224704,1.224704,1224704,508303833,3160222334,4.321589250001125,PASS,/Users/yifanxu/Ephemeral-AI-Lab/layerfs-issue104-evidence/campaign-20260910T1115Z/run/candidate/attempt-1/verification/dedup_branch_history/dedup-history-recurring-10/verification.json,00696c14187b908f62f937bc42415b3596359bd18704d2a99463db3b71469bcd
dedup_branch_history,dedup-history-recurring-100,verification,PASS,53f90fe4f6693845ee9947f5b1db7af81094474e32d0fbcdd08130521326ac58,,,,2285568,2.285568,1241088,499383125,2736903417,3.9083316670003114,PASS,/Users/yifanxu/Ephemeral-AI-Lab/layerfs-issue104-evidence/campaign-20260910T1115Z/run/candidate/attempt-1/verification/dedup_branch_history/dedup-history-recurring-100/verification.json,59338922aa94490682e1341e681a55b9544ea21eade0c734392383be0feb801f
dedup_branch_history,dedup-history-recurring-500,verification,PASS,53f90fe4f6693845ee9947f5b1db7af81094474e32d0fbcdd08130521326ac58,,,,2285568,2.285568,1302528,498927791,6722670000,7.897000707998814,PASS,/Users/yifanxu/Ephemeral-AI-Lab/layerfs-issue104-evidence/campaign-20260910T1115Z/run/candidate/attempt-1/verification/dedup_branch_history/dedup-history-recurring-500/verification.json,782cb296099b203bd6f862977efc26d6e75a2da8b9ca52c29b198b2b6eebb0a0
dedup_branch_history,dedup-history-metadata-1,verification,PASS,53f90fe4f6693845ee9947f5b1db7af81094474e32d0fbcdd08130521326ac58,,,,1175552,1.175552,1175552,555396125,855268917,2.047453499999392,PASS,/Users/yifanxu/Ephemeral-AI-Lab/layerfs-issue104-evidence/campaign-20260910T1115Z/run/candidate/attempt-1/verification/dedup_branch_history/dedup-history-metadata-1/verification.json,698db0bb072b00e06c7adda54d791b17b7847b49cb810e67607c891dae6c3f92
dedup_branch_history,dedup-history-metadata-10,verification,PASS,53f90fe4f6693845ee9947f5b1db7af81094474e32d0fbcdd08130521326ac58,,,,1175552,1.175552,1175552,565552709,3225494917,4.495114792000095,PASS,/Users/yifanxu/Ephemeral-AI-Lab/layerfs-issue104-evidence/campaign-20260910T1115Z/run/candidate/attempt-1/verification/dedup_branch_history/dedup-history-metadata-10/verification.json,0a077064d70ac195bd4d3ab518efdc5adecfc679e7fe333491598120d28d679a
dedup_branch_history,dedup-history-metadata-100,verification,PASS,53f90fe4f6693845ee9947f5b1db7af81094474e32d0fbcdd08130521326ac58,,,,2232320,2.23232,1191936,611054209,3036378042,4.312811125000735,PASS,/Users/yifanxu/Ephemeral-AI-Lab/layerfs-issue104-evidence/campaign-20260910T1115Z/run/candidate/attempt-1/verification/dedup_branch_history/dedup-history-metadata-100/verification.json,7feb19b39cd1660122edc2e8b2390fa647a6e85567393fa68e062ceedb6a430f
dedup_branch_history,dedup-history-metadata-500,verification,PASS,53f90fe4f6693845ee9947f5b1db7af81094474e32d0fbcdd08130521326ac58,,,,2236416,2.236416,1257472,510630125,6738623666,7.952484292000008,PASS,/Users/yifanxu/Ephemeral-AI-Lab/layerfs-issue104-evidence/campaign-20260910T1115Z/run/candidate/attempt-1/verification/dedup_branch_history/dedup-history-metadata-500/verification.json,ad1b745e30dd0b25ad7b6fd22c5f428740da85e039f46f1c6d33169909a62738
dedup_branch_history,dedup-history-unrelated-1,verification,PASS,53f90fe4f6693845ee9947f5b1db7af81094474e32d0fbcdd08130521326ac58,,,,3272704,3.272704,2252800,556109375,1900606875,3.2099003330004052,PASS,/Users/yifanxu/Ephemeral-AI-Lab/layerfs-issue104-evidence/campaign-20260910T1115Z/run/candidate/attempt-1/verification/dedup_branch_history/dedup-history-unrelated-1/verification.json,c980b3fc1743218a1771c554628d45a357d2e1c95e917bd88be7ab0ecd8f2cda
dedup_branch_history,dedup-history-unrelated-10,verification,PASS,53f90fe4f6693845ee9947f5b1db7af81094474e32d0fbcdd08130521326ac58,,,,12709888,12.709888,11923456,503482917,13722648500,14.83952487499846,PASS,/Users/yifanxu/Ephemeral-AI-Lab/layerfs-issue104-evidence/campaign-20260910T1115Z/run/candidate/attempt-1/verification/dedup_branch_history/dedup-history-unrelated-10/verification.json,052a7f752fda5489f43e722a40e8ca4a257e38359b6c03b62ad4f1008d1ff256
dedup_branch_history,dedup-history-unrelated-100-mixed-v2,verification,PASS,53f90fe4f6693845ee9947f5b1db7af81094474e32d0fbcdd08130521326ac58,,,,117669888,117.669888,107159552,550353750,5216926417,6.491829040998709,PASS,/Users/yifanxu/Ephemeral-AI-Lab/layerfs-issue104-evidence/campaign-20260910T1115Z/run/candidate/attempt-1/verification/dedup_branch_history/dedup-history-unrelated-100-mixed-v2/verification.json,d923583ba1088dc78e440dab5a4987bece2673dac8a60734e27cc94db0c18b54
dedup_branch_history,dedup-history-unrelated-500-mixed-v2,verification,PASS,53f90fe4f6693845ee9947f5b1db7af81094474e32d0fbcdd08130521326ac58,,,,537067520,537.06752,531226624,541014084,24831577458,26.167076084002474,PASS,/Users/yifanxu/Ephemeral-AI-Lab/layerfs-issue104-evidence/campaign-20260910T1115Z/run/candidate/attempt-1/verification/dedup_branch_history/dedup-history-unrelated-500-mixed-v2/verification.json,7f2af69cf1ea361703c027f1df928fa2c5f406d43414de9121b42051c46eec34
git_tool_workflow,git-tool-1-compact-v2,performance,PASS,53f90fe4f6693845ee9947f5b1db7af81094474e32d0fbcdd08130521326ac58,pure_call_sum_ns,375171792,1,2293760,2.29376,1253376,2764911500,754960917,,PASS,/Users/yifanxu/Ephemeral-AI-Lab/layerfs-issue104-evidence/campaign-20260910T1115Z/run/candidate/attempt-1/performance/git_tool_workflow/git-tool-1-compact-v2/perf.jsonl,c208cd2823b960bf6f799fb0868067dc98acf8cc9749138d40e610c6830c881e
git_tool_workflow,git-tool-10-compact-v2,performance,PASS,53f90fe4f6693845ee9947f5b1db7af81094474e32d0fbcdd08130521326ac58,pure_call_sum_ns,700293585,1,5550080,5.55008,4538368,3625223458,1079827792,,PASS,/Users/yifanxu/Ephemeral-AI-Lab/layerfs-issue104-evidence/campaign-20260910T1115Z/run/candidate/attempt-1/performance/git_tool_workflow/git-tool-10-compact-v2/perf.jsonl,9c6e06ed15fa387c060f5b5c446aa8a6197dd4574a8c1d42e4fc04e48259c5ab
git_tool_workflow,git-tool-100-mixed-v4,performance,PASS,53f90fe4f6693845ee9947f5b1db7af81094474e32d0fbcdd08130521326ac58,pure_call_sum_ns,2715104126,1,87617536,87.617536,71200768,10946989250,3120471917,,PASS,/Users/yifanxu/Ephemeral-AI-Lab/layerfs-issue104-evidence/campaign-20260910T1115Z/run/candidate/attempt-1/performance/git_tool_workflow/git-tool-100-mixed-v4/perf.jsonl,b893ab10330f712ee40609f136faabc4c4248e272906ec9d10f50cff08301acd
git_tool_workflow,git-tool-500-mixed-v4,performance,PASS,53f90fe4f6693845ee9947f5b1db7af81094474e32d0fbcdd08130521326ac58,pure_call_sum_ns,7042397499,1,114155520,114.15552,98611200,18636279625,7401498292,,PASS,/Users/yifanxu/Ephemeral-AI-Lab/layerfs-issue104-evidence/campaign-20260910T1115Z/run/candidate/attempt-1/performance/git_tool_workflow/git-tool-500-mixed-v4/perf.jsonl,0c39faed810b313f730cbd70a8061b23c5b153dec8b305a9ba4ece63d5841610
git_tool_workflow,git-tool-1-compact-v2,verification,PASS,53f90fe4f6693845ee9947f5b1db7af81094474e32d0fbcdd08130521326ac58,,,,2293760,2.29376,1253376,872195083,1589160750,3.115859041998192,PASS,/Users/yifanxu/Ephemeral-AI-Lab/layerfs-issue104-evidence/campaign-20260910T1115Z/run/candidate/attempt-1/verification/git_tool_workflow/git-tool-1-compact-v2/verification.json,027e51d00c989e2cdb3052a81889b3c34dc96a6ef04bb16ce5b4fb3d6c6f6946
git_tool_workflow,git-tool-10-compact-v2,verification,PASS,53f90fe4f6693845ee9947f5b1db7af81094474e32d0fbcdd08130521326ac58,,,,5550080,5.55008,4538368,973327292,2489627709,4.259266542001569,PASS,/Users/yifanxu/Ephemeral-AI-Lab/layerfs-issue104-evidence/campaign-20260910T1115Z/run/candidate/attempt-1/verification/git_tool_workflow/git-tool-10-compact-v2/verification.json,f51fe94aa8c558e00eaa805db042b679bd0b5f0cfa093ec05b4a76570505d49e
git_tool_workflow,git-tool-100-mixed-v4,verification,PASS,53f90fe4f6693845ee9947f5b1db7af81094474e32d0fbcdd08130521326ac58,,,,87617536,87.617536,71196672,2630987333,8314473875,12.240124500000093,PASS,/Users/yifanxu/Ephemeral-AI-Lab/layerfs-issue104-evidence/campaign-20260910T1115Z/run/candidate/attempt-1/verification/git_tool_workflow/git-tool-100-mixed-v4/verification.json,cdfa45f72fac5c8c0f6e871fb853a324520fba5d85a10f7055360c748bf280ea
git_tool_workflow,git-tool-500-mixed-v4,verification,PASS,53f90fe4f6693845ee9947f5b1db7af81094474e32d0fbcdd08130521326ac58,,,,114155520,114.15552,98598912,3846992084,16596138375,22.446622874998866,PASS,/Users/yifanxu/Ephemeral-AI-Lab/layerfs-issue104-evidence/campaign-20260910T1115Z/run/candidate/attempt-1/verification/git_tool_workflow/git-tool-500-mixed-v4/verification.json,743d852f1374fd32b1929405ff63c272ddcc873ebed74d9657e3bd0f447d606a
mixed_load_bearing,agent-episodes-1-compact-v2,performance,PASS,53f90fe4f6693845ee9947f5b1db7af81094474e32d0fbcdd08130521326ac58,pure_call_sum_ns,36481082,1,1204224,1.204224,1204224,811382709,387916416,,PASS,/Users/yifanxu/Ephemeral-AI-Lab/layerfs-issue104-evidence/campaign-20260910T1115Z/run/candidate/attempt-1/performance/mixed_load_bearing/agent-episodes-1-compact-v2/perf.jsonl,cc944b212f600aa3d9334093a8146bd37cef6c005b5ffcd2952265b59952547c
mixed_load_bearing,agent-episodes-10-compact-v2,performance,PASS,53f90fe4f6693845ee9947f5b1db7af81094474e32d0fbcdd08130521326ac58,pure_call_sum_ns,125208707,1,11137024,11.137024,11137024,1188217083,487615500,,PASS,/Users/yifanxu/Ephemeral-AI-Lab/layerfs-issue104-evidence/campaign-20260910T1115Z/run/candidate/attempt-1/performance/mixed_load_bearing/agent-episodes-10-compact-v2/perf.jsonl,a51ac3c373eeb760faae0c2c642417fa939c63b0f083f5809ceb50f00b69a4c8
mixed_load_bearing,agent-episodes-100,performance,PASS,53f90fe4f6693845ee9947f5b1db7af81094474e32d0fbcdd08130521326ac58,pure_call_sum_ns,1205767168,1,98291712,98.291712,83234816,7349159875,1626335208,,PASS,/Users/yifanxu/Ephemeral-AI-Lab/layerfs-issue104-evidence/campaign-20260910T1115Z/run/candidate/attempt-1/performance/mixed_load_bearing/agent-episodes-100/perf.jsonl,839d69c8812d246e124708f8b75fcfbef3eef03903791020e861f1088f9a4d8a
mixed_load_bearing,agent-episodes-500,performance,PASS,53f90fe4f6693845ee9947f5b1db7af81094474e32d0fbcdd08130521326ac58,pure_call_sum_ns,8762111250,1,98291712,98.291712,90021888,1005257208,9181746167,,PASS,/Users/yifanxu/Ephemeral-AI-Lab/layerfs-issue104-evidence/campaign-20260910T1115Z/run/candidate/attempt-1/performance/mixed_load_bearing/agent-episodes-500/perf.jsonl,ee00dff26afb150c0fc325889616a2b80fab5016d54f0e7dce7b70f13baffb35
mixed_load_bearing,agent-episodes-1-compact-v2,verification,PASS,53f90fe4f6693845ee9947f5b1db7af81094474e32d0fbcdd08130521326ac58,,,,1204224,1.204224,1204224,554873500,637196459,1.7934197499998845,PASS,/Users/yifanxu/Ephemeral-AI-Lab/layerfs-issue104-evidence/campaign-20260910T1115Z/run/candidate/attempt-1/verification/mixed_load_bearing/agent-episodes-1-compact-v2/verification.json,1758b99e71d3ecdcaa4d6475cbd7b1c68cce210b50bc55640b829dd77cc4d369
mixed_load_bearing,agent-episodes-10-compact-v2,verification,PASS,53f90fe4f6693845ee9947f5b1db7af81094474e32d0fbcdd08130521326ac58,,,,11137024,11.137024,11137024,557659500,1070603208,2.2797657499977504,PASS,/Users/yifanxu/Ephemeral-AI-Lab/layerfs-issue104-evidence/campaign-20260910T1115Z/run/candidate/attempt-1/verification/mixed_load_bearing/agent-episodes-10-compact-v2/verification.json,dc6c5f5e3185634b358cf6326bf2ba686dc33146a449d8949fef7407d6cd7637
mixed_load_bearing,agent-episodes-100,verification,PASS,53f90fe4f6693845ee9947f5b1db7af81094474e32d0fbcdd08130521326ac58,,,,98291712,98.291712,83234816,945551958,10640202083,12.456146625001566,PASS,/Users/yifanxu/Ephemeral-AI-Lab/layerfs-issue104-evidence/campaign-20260910T1115Z/run/candidate/attempt-1/verification/mixed_load_bearing/agent-episodes-100/verification.json,a50d92d8056e58e8c9af4464e53b3947b8c769727d1c9220a45a6186302c3276
mixed_load_bearing,agent-episodes-500,verification,PASS,53f90fe4f6693845ee9947f5b1db7af81094474e32d0fbcdd08130521326ac58,,,,98291712,98.291712,90021888,821021625,18437443250,20.026425583000673,PASS,/Users/yifanxu/Ephemeral-AI-Lab/layerfs-issue104-evidence/campaign-20260910T1115Z/run/candidate/attempt-1/verification/mixed_load_bearing/agent-episodes-500/verification.json,66cabcb44508026be371f07036f40fd78c599c6216c92d408395acfb093e36b6
workspace_reliability,workspace-invalid-sdk-edit-compact-v2-proof,verification,PASS,53f90fe4f6693845ee9947f5b1db7af81094474e32d0fbcdd08130521326ac58,,,,,,,777471250,817223208,2.246457167002518,PASS,/Users/yifanxu/Ephemeral-AI-Lab/layerfs-issue104-evidence/campaign-20260910T1115Z/run/candidate/attempt-1/verification/workspace_reliability/workspace-invalid-sdk-edit-compact-v2-proof/verification.json,372873c645987e2b154ced373c8d0ecd9b7047b812cc56fa938ee45ba0a90439
workspace_reliability,workspace-invalid-namespace-compact-v2-proof,verification,PASS,53f90fe4f6693845ee9947f5b1db7af81094474e32d0fbcdd08130521326ac58,,,,,,,566994791,822758542,1.985049999999319,PASS,/Users/yifanxu/Ephemeral-AI-Lab/layerfs-issue104-evidence/campaign-20260910T1115Z/run/candidate/attempt-1/verification/workspace_reliability/workspace-invalid-namespace-compact-v2-proof/verification.json,e6ac56f0b8863b89ff928bc19ade55531751e145cd5ddaf44c198a0008417a66
workspace_reliability,workspace-lease-lifecycle-compact-v2-proof,verification,PASS,53f90fe4f6693845ee9947f5b1db7af81094474e32d0fbcdd08130521326ac58,,,,,,,515972875,804942459,2.0213777079989086,PASS,/Users/yifanxu/Ephemeral-AI-Lab/layerfs-issue104-evidence/campaign-20260910T1115Z/run/candidate/attempt-1/verification/workspace_reliability/workspace-lease-lifecycle-compact-v2-proof/verification.json,8c26a7c5a0c97476836c8b47ac8090f61bdd598fbbf7967195d5388aeab893c4
workspace_reliability,workspace-open-writer-busy-compact-v2-proof,verification,PASS,53f90fe4f6693845ee9947f5b1db7af81094474e32d0fbcdd08130521326ac58,,,,,,,562192333,1169267875,2.38110916700316,PASS,/Users/yifanxu/Ephemeral-AI-Lab/layerfs-issue104-evidence/campaign-20260910T1115Z/run/candidate/attempt-1/verification/workspace_reliability/workspace-open-writer-busy-compact-v2-proof/verification.json,5b475a410b695d593a19fd966fc1e5cf0433e1c94713e84b1ba02bf9483644b4
workspace_reliability,workspace-live-execution-busy-compact-v2-proof,verification,PASS,53f90fe4f6693845ee9947f5b1db7af81094474e32d0fbcdd08130521326ac58,,,,,,,573727917,1117516459,2.332577166998817,PASS,/Users/yifanxu/Ephemeral-AI-Lab/layerfs-issue104-evidence/campaign-20260910T1115Z/run/candidate/attempt-1/verification/workspace_reliability/workspace-live-execution-busy-compact-v2-proof/verification.json,9c8b6a73d4c4191c0e474e800956118ac87ef8722d69be8f59437c5d835b7135
workspace_reliability,workspace-candidate-failure-retry-compact-v2-proof,verification,PASS,53f90fe4f6693845ee9947f5b1db7af81094474e32d0fbcdd08130521326ac58,,,,,,,565012375,856254875,2.0565038329987146,PASS,/Users/yifanxu/Ephemeral-AI-Lab/layerfs-issue104-evidence/campaign-20260910T1115Z/run/candidate/attempt-1/verification/workspace_reliability/workspace-candidate-failure-retry-compact-v2-proof/verification.json,13fc90d81c54a200dd4e2270f946541c011487ae2ca32809bd69324bb54a3268
workspace_reliability,workspace-admission-batch-failure-retry-compact-v2-proof,verification,PASS,53f90fe4f6693845ee9947f5b1db7af81094474e32d0fbcdd08130521326ac58,,,,,,,571121666,2141112084,3.3094171670018113,PASS,/Users/yifanxu/Ephemeral-AI-Lab/layerfs-issue104-evidence/campaign-20260910T1115Z/run/candidate/attempt-1/verification/workspace_reliability/workspace-admission-batch-failure-retry-compact-v2-proof/verification.json,7b1927c67f672c8a314fdfcf0d8e61f97aedca08276c971dc2a462e9f2abecc7
workspace_reliability,workspace-final-publication-failure-retry-compact-v2-proof,verification,PASS,53f90fe4f6693845ee9947f5b1db7af81094474e32d0fbcdd08130521326ac58,,,,,,,555280875,2043487250,3.2533157500001835,PASS,/Users/yifanxu/Ephemeral-AI-Lab/layerfs-issue104-evidence/campaign-20260910T1115Z/run/candidate/attempt-1/verification/workspace_reliability/workspace-final-publication-failure-retry-compact-v2-proof/verification.json,f3185eefd3c9af6970ae2b995d77fe3f0e8c4885032db4c8e8088883bc6627c8
workspace_reliability,workspace-published-presentation-failure-smoke-v3-proof,verification,PASS,53f90fe4f6693845ee9947f5b1db7af81094474e32d0fbcdd08130521326ac58,,,,,,,699665375,700623834,2.0867272920004325,PASS,/Users/yifanxu/Ephemeral-AI-Lab/layerfs-issue104-evidence/campaign-20260910T1115Z/run/candidate/attempt-1/verification/workspace_reliability/workspace-published-presentation-failure-smoke-v3-proof/verification.json,269e200ba42913658374a918f51b66cdc5d3d6dbad00952d719e07c17e73f2fe
workspace_reliability,workspace-dirty-end-discard-compact-v2-proof,verification,PASS,53f90fe4f6693845ee9947f5b1db7af81094474e32d0fbcdd08130521326ac58,,,,,,,612855500,817085000,2.091408374999446,PASS,/Users/yifanxu/Ephemeral-AI-Lab/layerfs-issue104-evidence/campaign-20260910T1115Z/run/candidate/attempt-1/verification/workspace_reliability/workspace-dirty-end-discard-compact-v2-proof/verification.json,45040c9365c5de588db1b3369075ea2739269c90ec69c221e80cc4d04a6aadff
workspace_reliability,workspace-dirty-net-zero-compact-v2-proof,verification,PASS,53f90fe4f6693845ee9947f5b1db7af81094474e32d0fbcdd08130521326ac58,,,,,,,506344959,910797125,2.1235302919994865,PASS,/Users/yifanxu/Ephemeral-AI-Lab/layerfs-issue104-evidence/campaign-20260910T1115Z/run/candidate/attempt-1/verification/workspace_reliability/workspace-dirty-net-zero-compact-v2-proof/verification.json,d2e5a4c51d9a8ba3120d1b2164f6ef4debcd4da6631b1dc497cace9193923c05
workspace_reliability,workspace-short-spool-write-compact-v2-proof,verification,PASS,53f90fe4f6693845ee9947f5b1db7af81094474e32d0fbcdd08130521326ac58,,,,,,,617371416,807693459,2.07160970899713,PASS,/Users/yifanxu/Ephemeral-AI-Lab/layerfs-issue104-evidence/campaign-20260910T1115Z/run/candidate/attempt-1/verification/workspace_reliability/workspace-short-spool-write-compact-v2-proof/verification.json,f155988099b8efd51e40e67308d802e0bf2af4c92eefdceb4d16cf9cf92c3eff
workspace_reliability,workspace-deferred-nospace-compact-v2-proof,verification,PASS,53f90fe4f6693845ee9947f5b1db7af81094474e32d0fbcdd08130521326ac58,,,,,,,512734292,806240083,1.9235604589994182,PASS,/Users/yifanxu/Ephemeral-AI-Lab/layerfs-issue104-evidence/campaign-20260910T1115Z/run/candidate/attempt-1/verification/workspace_reliability/workspace-deferred-nospace-compact-v2-proof/verification.json,d1b0d143390eddd66d825d591812a01ede2b7e00eb3bd7a4bc8ca29524b5366c
workspace_reliability,workspace-workload-cancel-compact-v2-proof,verification,PASS,53f90fe4f6693845ee9947f5b1db7af81094474e32d0fbcdd08130521326ac58,,,,,,,579504041,1116805750,2.33852570900126,PASS,/Users/yifanxu/Ephemeral-AI-Lab/layerfs-issue104-evidence/campaign-20260910T1115Z/run/candidate/attempt-1/verification/workspace_reliability/workspace-workload-cancel-compact-v2-proof/verification.json,d62b52f066e13b295eb9e2ac98428040738ada3a0a605fdd3ddbd0b4065cbeb1
workspace_reliability,workspace-dirty-runtime-disconnect-compact-v2-proof,verification,PASS,53f90fe4f6693845ee9947f5b1db7af81094474e32d0fbcdd08130521326ac58,,,,,,,561531083,1124988209,2.329489666997688,PASS,/Users/yifanxu/Ephemeral-AI-Lab/layerfs-issue104-evidence/campaign-20260910T1115Z/run/candidate/attempt-1/verification/workspace_reliability/workspace-dirty-runtime-disconnect-compact-v2-proof/verification.json,d9d74375fadb462829b8fabcb6aa303b3a1db785a5f03366a89a6cc454209dc4
workspace_reliability,workspace-corrupt-descendant-compact-v2-proof,verification,PASS,53f90fe4f6693845ee9947f5b1db7af81094474e32d0fbcdd08130521326ac58,,,,,,,571160125,658994958,1.9302036249973753,PASS,/Users/yifanxu/Ephemeral-AI-Lab/layerfs-issue104-evidence/campaign-20260910T1115Z/run/candidate/attempt-1/verification/workspace_reliability/workspace-corrupt-descendant-compact-v2-proof/verification.json,0bc65e00a0c5a1ac039e98e73daa77c6382f0390c8a3df3f2a4572c1b95c3117
workspace_reliability,workspace-missing-descendant-compact-v2-proof,verification,PASS,53f90fe4f6693845ee9947f5b1db7af81094474e32d0fbcdd08130521326ac58,,,,,,,614015875,584765458,1.8456831660005264,PASS,/Users/yifanxu/Ephemeral-AI-Lab/layerfs-issue104-evidence/campaign-20260910T1115Z/run/candidate/attempt-1/verification/workspace_reliability/workspace-missing-descendant-compact-v2-proof/verification.json,0962cdb6f20bd002672dfa64dcb48ab6c54aaffb246eec3ff38b5829eb8d86c1
workspace_reliability,workspace-parallel-read-write-compact-v2-proof,verification,PASS,53f90fe4f6693845ee9947f5b1db7af81094474e32d0fbcdd08130521326ac58,,,,,,,508401875,866485625,2.0250692090012308,PASS,/Users/yifanxu/Ephemeral-AI-Lab/layerfs-issue104-evidence/campaign-20260910T1115Z/run/candidate/attempt-1/verification/workspace_reliability/workspace-parallel-read-write-compact-v2-proof/verification.json,b9b5809f0b313397d6cc5d20deb39ab6e082ac5b5cee8a8b277d41e338751d71
workspace_reliability,workspace-shared-path-contention-compact-v2-proof,verification,PASS,53f90fe4f6693845ee9947f5b1db7af81094474e32d0fbcdd08130521326ac58,,,,,,,507501084,849725666,1.9624031249986729,PASS,/Users/yifanxu/Ephemeral-AI-Lab/layerfs-issue104-evidence/campaign-20260910T1115Z/run/candidate/attempt-1/verification/workspace_reliability/workspace-shared-path-contention-compact-v2-proof/verification.json,888a36410cc0d0639515cf5bce823a6af424a9b3449d0032398779eae93f5eea
workspace_reliability,workspace-hardlink-alias-compact-v2-proof,verification,PASS,53f90fe4f6693845ee9947f5b1db7af81094474e32d0fbcdd08130521326ac58,,,,,,,563991542,850057708,2.119561542000156,PASS,/Users/yifanxu/Ephemeral-AI-Lab/layerfs-issue104-evidence/campaign-20260910T1115Z/run/candidate/attempt-1/verification/workspace_reliability/workspace-hardlink-alias-compact-v2-proof/verification.json,96ccaa03c05d633ebb9f0a8503a56678815979ba7a7df5a559efa8ec317b3794
workspace_reliability,workspace-symlink-semantics-compact-v2-proof,verification,PASS,53f90fe4f6693845ee9947f5b1db7af81094474e32d0fbcdd08130521326ac58,,,,,,,518043250,801018041,1.9602824590001546,PASS,/Users/yifanxu/Ephemeral-AI-Lab/layerfs-issue104-evidence/campaign-20260910T1115Z/run/candidate/attempt-1/verification/workspace_reliability/workspace-symlink-semantics-compact-v2-proof/verification.json,75753a1928d2c30588f852e697e7e5d560897762afcfaa5e426125e2ec80e012
workspace_reliability,workspace-open-rename-unlink-compact-v2-proof,verification,PASS,53f90fe4f6693845ee9947f5b1db7af81094474e32d0fbcdd08130521326ac58,,,,,,,515211042,808468083,2.013799791002384,PASS,/Users/yifanxu/Ephemeral-AI-Lab/layerfs-issue104-evidence/campaign-20260910T1115Z/run/candidate/attempt-1/verification/workspace_reliability/workspace-open-rename-unlink-compact-v2-proof/verification.json,9cf79008e323446bc8829c9812d5b5b197bb3eb72a3b83edbfb4f099e2b1bf1f
workspace_reliability,workspace-metadata-chmod-compact-v2-proof,verification,PASS,53f90fe4f6693845ee9947f5b1db7af81094474e32d0fbcdd08130521326ac58,,,,,,,557701666,759802666,1.9658961669993005,PASS,/Users/yifanxu/Ephemeral-AI-Lab/layerfs-issue104-evidence/campaign-20260910T1115Z/run/candidate/attempt-1/verification/workspace_reliability/workspace-metadata-chmod-compact-v2-proof/verification.json,7e708958e44cf2c0361ca2ab03b98971ea1aa5b0081856a39e3ab4c7b7e74b2e
workspace_reliability,workspace-metadata-mtime-compact-v2-proof,verification,PASS,53f90fe4f6693845ee9947f5b1db7af81094474e32d0fbcdd08130521326ac58,,,,,,,563730750,758646125,2.010171249999985,PASS,/Users/yifanxu/Ephemeral-AI-Lab/layerfs-issue104-evidence/campaign-20260910T1115Z/run/candidate/attempt-1/verification/workspace_reliability/workspace-metadata-mtime-compact-v2-proof/verification.json,4a8079a51209c2984ec60975f520649e5e4e367901fb68ba1da3a73de2077a1a
workspace_reliability,workspace-metadata-xattr-compact-v2-proof,verification,PASS,53f90fe4f6693845ee9947f5b1db7af81094474e32d0fbcdd08130521326ac58,,,,,,,516049709,747411291,1.8640005829984148,PASS,/Users/yifanxu/Ephemeral-AI-Lab/layerfs-issue104-evidence/campaign-20260910T1115Z/run/candidate/attempt-1/verification/workspace_reliability/workspace-metadata-xattr-compact-v2-proof/verification.json,7d4c7e8a2efeae83a436d5a92df9fa47c4c8ea2f29b7c921cee2d0cbf4bea4b3
workspace_reliability,workspace-exec-500-compact-v2-proof,verification,PASS,53f90fe4f6693845ee9947f5b1db7af81094474e32d0fbcdd08130521326ac58,,,,,,,517722125,9764682250,10.975391374999163,PASS,/Users/yifanxu/Ephemeral-AI-Lab/layerfs-issue104-evidence/campaign-20260910T1115Z/run/candidate/attempt-1/verification/workspace_reliability/workspace-exec-500-compact-v2-proof/verification.json,b878c69242a2eaf007c8bb90d20c3b268a03af32d140cb13fc28eed907c29221
workspace_reliability,workspace-repeat-publication-compact-v2-proof,verification,PASS,53f90fe4f6693845ee9947f5b1db7af81094474e32d0fbcdd08130521326ac58,,,,,,,568568375,977937917,2.135750999997981,PASS,/Users/yifanxu/Ephemeral-AI-Lab/layerfs-issue104-evidence/campaign-20260910T1115Z/run/candidate/attempt-1/verification/workspace_reliability/workspace-repeat-publication-compact-v2-proof/verification.json,e505a914390433752e350805509c73830e8729cd525fb0fd84c233ec09e95a7b
historical_access,ha-stat-old-uncompacted104-v1,performance,PASS,2423307b59add1e699a23b0f3ea03b1d58e4802d5a9306949b85e47dd94097c9,entry-through-receipts-and-teardown-15s-v1,2390955041,1,83697664,83.697664,83697664,1416946791,493817375,,PASS,/Users/yifanxu/Ephemeral-AI-Lab/layerfs-issue104-evidence/campaign-20260910T1115Z/run/historical_access/attempt-1/ha-stat-old-uncompacted104-v1-performance/result.json,027cb956cfd5042b73f4dba3d44012d2de0736b45df63408b133a577d4171ff7
historical_access,ha-stat-head-uncompacted104-v1,performance,PASS,2423307b59add1e699a23b0f3ea03b1d58e4802d5a9306949b85e47dd94097c9,entry-through-receipts-and-teardown-15s-v1,2279345083,1,83697664,83.697664,83697664,1293179958,496863750,,PASS,/Users/yifanxu/Ephemeral-AI-Lab/layerfs-issue104-evidence/campaign-20260910T1115Z/run/historical_access/attempt-1/ha-stat-head-uncompacted104-v1-performance/result.json,2de7bb4134194184024c616505a9a6485e6b74ba3b6872e929c4cf70b326b220
historical_access,ha-directory-old-uncompacted104-v1,performance,PASS,2423307b59add1e699a23b0f3ea03b1d58e4802d5a9306949b85e47dd94097c9,entry-through-receipts-and-teardown-15s-v1,2230886167,1,83697664,83.697664,83697664,1246299000,445574916,,PASS,/Users/yifanxu/Ephemeral-AI-Lab/layerfs-issue104-evidence/campaign-20260910T1115Z/run/historical_access/attempt-1/ha-directory-old-uncompacted104-v1-performance/result.json,0635ba479eb3cb2434ed46bd0e5a5d94fdfcb0aedea939872959a6f57dab874d
historical_access,ha-directory-head-uncompacted104-v1,performance,PASS,2423307b59add1e699a23b0f3ea03b1d58e4802d5a9306949b85e47dd94097c9,entry-through-receipts-and-teardown-15s-v1,2279188875,1,83697664,83.697664,83697664,1264908542,489035875,,PASS,/Users/yifanxu/Ephemeral-AI-Lab/layerfs-issue104-evidence/campaign-20260910T1115Z/run/historical_access/attempt-1/ha-directory-head-uncompacted104-v1-performance/result.json,4965d837d1002946d30b1a0caff645e35211662ce0349c2d11406ecc67e1b18b
historical_access,ha-small-old-uncompacted104-v1,performance,PASS,2423307b59add1e699a23b0f3ea03b1d58e4802d5a9306949b85e47dd94097c9,entry-through-receipts-and-teardown-15s-v1,2222776333,1,83697664,83.697664,83697664,1294252166,448797833,,PASS,/Users/yifanxu/Ephemeral-AI-Lab/layerfs-issue104-evidence/campaign-20260910T1115Z/run/historical_access/attempt-1/ha-small-old-uncompacted104-v1-performance/result.json,3603bfd24170a35be1d1e618f257f1b494e106adfb334a195bb94c6dbe3896f8
historical_access,ha-small-head-uncompacted104-v1,performance,PASS,2423307b59add1e699a23b0f3ea03b1d58e4802d5a9306949b85e47dd94097c9,entry-through-receipts-and-teardown-15s-v1,2342239917,1,83697664,83.697664,83697664,1295742417,502183334,,PASS,/Users/yifanxu/Ephemeral-AI-Lab/layerfs-issue104-evidence/campaign-20260910T1115Z/run/historical_access/attempt-1/ha-small-head-uncompacted104-v1-performance/result.json,32201488446fcffca681af044e7572a2d429ff838a29102e53e07cb827f59bc5
historical_access,ha-range-history-cold-uncompacted104-v1,performance,PASS,2423307b59add1e699a23b0f3ea03b1d58e4802d5a9306949b85e47dd94097c9,entry-through-receipts-and-teardown-15s-v1,2223139792,1,83697664,83.697664,83697664,1195216167,500392291,,PASS,/Users/yifanxu/Ephemeral-AI-Lab/layerfs-issue104-evidence/campaign-20260910T1115Z/run/historical_access/attempt-1/ha-range-history-cold-uncompacted104-v1-performance/result.json,d7a0ca2d385a4a8e85e6050c4be3fa1089daa40d8cb0711134c1799e958602d8
historical_access,ha-range-history-warm-uncompacted104-v1,performance,PASS,2423307b59add1e699a23b0f3ea03b1d58e4802d5a9306949b85e47dd94097c9,entry-through-receipts-and-teardown-15s-v1,2244798625,1,83697664,83.697664,83697664,1211923250,499257250,,PASS,/Users/yifanxu/Ephemeral-AI-Lab/layerfs-issue104-evidence/campaign-20260910T1115Z/run/historical_access/attempt-1/ha-range-history-warm-uncompacted104-v1-performance/result.json,3bb39d62e94770e1ed66e880019021e6e1f7650b20e9f65d1dc4a76a501ea586
historical_access,ha-full-head-cold-uncompacted104-v1,performance,PASS,2423307b59add1e699a23b0f3ea03b1d58e4802d5a9306949b85e47dd94097c9,entry-through-receipts-and-teardown-15s-v1,2215438500,1,83697664,83.697664,83697664,1259667833,503475917,,PASS,/Users/yifanxu/Ephemeral-AI-Lab/layerfs-issue104-evidence/campaign-20260910T1115Z/run/historical_access/attempt-1/ha-full-head-cold-uncompacted104-v1-performance/result.json,c2595e81e203bfbe1d4c062fd9868d0f8ca346b6beb5ee53484f85d06106dea1
historical_access,ha-full-head-warm-uncompacted104-v1,performance,PASS,2423307b59add1e699a23b0f3ea03b1d58e4802d5a9306949b85e47dd94097c9,entry-through-receipts-and-teardown-15s-v1,2282289833,1,83697664,83.697664,83697664,1250265750,547798541,,PASS,/Users/yifanxu/Ephemeral-AI-Lab/layerfs-issue104-evidence/campaign-20260910T1115Z/run/historical_access/attempt-1/ha-full-head-warm-uncompacted104-v1-performance/result.json,a1637cc974b9fb94e3fec1e588b82c42ede49db71505661dbd3baaeeffca50b3
historical_access,ha-metadata-worst-uncompacted104-v1,performance,PASS,2423307b59add1e699a23b0f3ea03b1d58e4802d5a9306949b85e47dd94097c9,entry-through-receipts-and-teardown-15s-v1,2332076542,1,83697664,83.697664,83697664,1294030250,495659208,,PASS,/Users/yifanxu/Ephemeral-AI-Lab/layerfs-issue104-evidence/campaign-20260910T1115Z/run/historical_access/attempt-1/ha-metadata-worst-uncompacted104-v1-performance/result.json,8dea8969ca9900209ffbd191bd65fabf6893fadd928ec7141f5fad1079f81929
historical_access,ha-stat-old-uncompacted104-v1,verification,PASS,2423307b59add1e699a23b0f3ea03b1d58e4802d5a9306949b85e47dd94097c9,entry-through-receipts-and-teardown-15s-v1,2390682000,,83697664,83.697664,83697664,1379922542,499515791,,PASS,/Users/yifanxu/Ephemeral-AI-Lab/layerfs-issue104-evidence/campaign-20260910T1115Z/run/historical_access/attempt-1/ha-stat-old-uncompacted104-v1-verification/result.json,eb7e3844c3595a057250400a87bdf0bf754f2d5977db2acaaf37868249c9f9fb
historical_access,ha-stat-head-uncompacted104-v1,verification,PASS,2423307b59add1e699a23b0f3ea03b1d58e4802d5a9306949b85e47dd94097c9,entry-through-receipts-and-teardown-15s-v1,2230535125,,83697664,83.697664,83697664,1249073792,506055334,,PASS,/Users/yifanxu/Ephemeral-AI-Lab/layerfs-issue104-evidence/campaign-20260910T1115Z/run/historical_access/attempt-1/ha-stat-head-uncompacted104-v1-verification/result.json,082410bebf228672bed9e9ac2b75e0ec67bf03f7bb38013972dc0778cc40cd28
historical_access,ha-directory-old-uncompacted104-v1,verification,PASS,2423307b59add1e699a23b0f3ea03b1d58e4802d5a9306949b85e47dd94097c9,entry-through-receipts-and-teardown-15s-v1,2157898333,,83697664,83.697664,83697664,1260621125,446246500,,PASS,/Users/yifanxu/Ephemeral-AI-Lab/layerfs-issue104-evidence/campaign-20260910T1115Z/run/historical_access/attempt-1/ha-directory-old-uncompacted104-v1-verification/result.json,fd92c18752511f3e464c5b344e4628d10d96d0116f1066ab7cb20163e116fe6d
historical_access,ha-directory-head-uncompacted104-v1,verification,PASS,2423307b59add1e699a23b0f3ea03b1d58e4802d5a9306949b85e47dd94097c9,entry-through-receipts-and-teardown-15s-v1,2278019083,,83697664,83.697664,83697664,1301753666,494156416,,PASS,/Users/yifanxu/Ephemeral-AI-Lab/layerfs-issue104-evidence/campaign-20260910T1115Z/run/historical_access/attempt-1/ha-directory-head-uncompacted104-v1-verification/result.json,a3d9966d1057d760e7b93cb4af8f77c77b38bed8c672218ed547677e2d873500
historical_access,ha-small-old-uncompacted104-v1,verification,PASS,2423307b59add1e699a23b0f3ea03b1d58e4802d5a9306949b85e47dd94097c9,entry-through-receipts-and-teardown-15s-v1,2161432292,,83697664,83.697664,83697664,1206332459,492195458,,PASS,/Users/yifanxu/Ephemeral-AI-Lab/layerfs-issue104-evidence/campaign-20260910T1115Z/run/historical_access/attempt-1/ha-small-old-uncompacted104-v1-verification/result.json,cc58781ce1c31b56cfe9d3d81c53fcdcf9cc92d74121a3cedaf6efba0ea11f6f
historical_access,ha-small-head-uncompacted104-v1,verification,PASS,2423307b59add1e699a23b0f3ea03b1d58e4802d5a9306949b85e47dd94097c9,entry-through-receipts-and-teardown-15s-v1,2281323375,,83697664,83.697664,83697664,1247610292,499850833,,PASS,/Users/yifanxu/Ephemeral-AI-Lab/layerfs-issue104-evidence/campaign-20260910T1115Z/run/historical_access/attempt-1/ha-small-head-uncompacted104-v1-verification/result.json,d89568843fa29338066259f6209c363512457c6f1cb8d9fa658191661aec7f45
historical_access,ha-range-history-cold-uncompacted104-v1,verification,PASS,2423307b59add1e699a23b0f3ea03b1d58e4802d5a9306949b85e47dd94097c9,entry-through-receipts-and-teardown-15s-v1,2237246542,,83697664,83.697664,83697664,1251589667,491976584,,PASS,/Users/yifanxu/Ephemeral-AI-Lab/layerfs-issue104-evidence/campaign-20260910T1115Z/run/historical_access/attempt-1/ha-range-history-cold-uncompacted104-v1-verification/result.json,d8abdd18c4aafe64980c142379e41e5aa8a36470c9d5ea1918fd86d8ce037e2b
historical_access,ha-range-history-warm-uncompacted104-v1,verification,PASS,2423307b59add1e699a23b0f3ea03b1d58e4802d5a9306949b85e47dd94097c9,entry-through-receipts-and-teardown-15s-v1,2224238500,,83697664,83.697664,83697664,1244454875,496731375,,PASS,/Users/yifanxu/Ephemeral-AI-Lab/layerfs-issue104-evidence/campaign-20260910T1115Z/run/historical_access/attempt-1/ha-range-history-warm-uncompacted104-v1-verification/result.json,66ae105ff79c7a10f3fb07941dc2602f58b9c46c98eeadb6ddabda6f5777cd7d
historical_access,ha-full-head-cold-uncompacted104-v1,verification,PASS,2423307b59add1e699a23b0f3ea03b1d58e4802d5a9306949b85e47dd94097c9,entry-through-receipts-and-teardown-15s-v1,2372591041,,83697664,83.697664,83697664,1235032916,556236333,,PASS,/Users/yifanxu/Ephemeral-AI-Lab/layerfs-issue104-evidence/campaign-20260910T1115Z/run/historical_access/attempt-1/ha-full-head-cold-uncompacted104-v1-verification/result.json,d316241027da342bdaedc4c6c048dc9cd3aa44cca391e644ebebc3ea6dcdd9ba
historical_access,ha-full-head-warm-uncompacted104-v1,verification,PASS,2423307b59add1e699a23b0f3ea03b1d58e4802d5a9306949b85e47dd94097c9,entry-through-receipts-and-teardown-15s-v1,2449728042,,83697664,83.697664,83697664,1378458084,553731667,,PASS,/Users/yifanxu/Ephemeral-AI-Lab/layerfs-issue104-evidence/campaign-20260910T1115Z/run/historical_access/attempt-1/ha-full-head-warm-uncompacted104-v1-verification/result.json,29c21953102f5d16c28102bcdd5895d4b0d9efec35c226889c671f7dc2fb8b24
historical_access,ha-metadata-worst-uncompacted104-v1,verification,PASS,2423307b59add1e699a23b0f3ea03b1d58e4802d5a9306949b85e47dd94097c9,entry-through-receipts-and-teardown-15s-v1,2317190208,,83697664,83.697664,83697664,1250510792,549600000,,PASS,/Users/yifanxu/Ephemeral-AI-Lab/layerfs-issue104-evidence/campaign-20260910T1115Z/run/historical_access/attempt-1/ha-metadata-worst-uncompacted104-v1-verification/result.json,e6ca8cddb635fb9542b0e6b04b5b7f84b918f3d4791dba48fecc93d658ea80a3
