family,case,tier,fixture_bytes,fixture_files,fixture_profile,seed,sample_count,timer,elapsed_ns,status,verification,target_ns,target_status,preparation_wall_ns,command_wall_ns,create_ns,exec_ns,sdk_edit_ns,commit_ns,visibility_ns,end_ns,host_peak_rss_bytes,container_peak_bytes,host_cpu_ns,host_cpu_scope,container_cpu_ns,verification_wall_seconds,apply_ns,git_first_status_ns,git_diff_ns,git_add_ns,git_cached_check_ns,git_commit_ns,git_final_status_ns,previous_elapsed_ns,difference_ns,difference_percent,resource_status,cleanup_status,cleanup_wall_ns,source_identity,product_identity,harness_identity,input_identity,image,proof_evidence,evidence
payload_create_read,payload-create-1m-compact-v2,1,0,0,compact-low-tier-v2,,1,pure_call_sum_ns,28837459,PASS,PASS,15000000000,PASS,549385167,379626625,8810292,8517084,,8804500,84333,2621250,14565376,8749056,29537584,host process after-product minus before counters,21137000,1.6539817498996854,,,,,,,,42038543,-13201084,-31.402334757415357,PASS,PASS,343917500,1bedaeaa3d564286b8ff6a77365d3d7b144a6dc97e236466fa7066826a6acd19,3c797bc6dbfd9b03b919c270b609cad839000b68d67e34f3b00d24717e07f39a,91ef300dcb8b8bd17be59dbf2e54b90d36aee62d492cc493dda3f0cfb3ab92cb,7ba327675323af116f6b4b5c32937db7b822cfcaa1b5c2f65c12b395b5a322fc,sha256:9975b10f41d41af17ec0cdd625d587d67f618db475d9390e3c1fe1a31fbe0865,verification/payload_create_read/payload-create-1m-compact-v2/verification.json,performance/payload_create_read/payload-create-1m-compact-v2/perf.jsonl
payload_create_read,payload-create-10m-compact-v2,10,0,0,compact-low-tier-v2,,1,pure_call_sum_ns,91556041,PASS,PASS,15000000000,PASS,492184083,451357584,7388083,28728583,,50850958,101000,4487417,37011456,10469376,69857834,host process after-product minus before counters,33261000,1.8620274169370532,,,,,,,,90331084,1224957,1.3560747261706723,PASS,PASS,333674500,1bedaeaa3d564286b8ff6a77365d3d7b144a6dc97e236466fa7066826a6acd19,3c797bc6dbfd9b03b919c270b609cad839000b68d67e34f3b00d24717e07f39a,91ef300dcb8b8bd17be59dbf2e54b90d36aee62d492cc493dda3f0cfb3ab92cb,9403f5ee714af4f29b5bc7ebcb91147717068900f5f81ec95423c20050c7b59d,sha256:9975b10f41d41af17ec0cdd625d587d67f618db475d9390e3c1fe1a31fbe0865,verification/payload_create_read/payload-create-10m-compact-v2/verification.json,performance/payload_create_read/payload-create-10m-compact-v2/perf.jsonl
payload_create_read,payload-create-100m,100,0,0,registered-fixture,,1,pure_call_sum_ns,682771167,PASS,PASS,15000000000,PASS,541711292,1075021791,8514292,240635208,,428711375,147125,4763167,65306624,11739136,497751541,host process after-product minus before counters,120017000,3.2236744998954237,,,,,,,,723610666,-40839499,-5.643849782612243,PASS,PASS,356719584,1bedaeaa3d564286b8ff6a77365d3d7b144a6dc97e236466fa7066826a6acd19,3c797bc6dbfd9b03b919c270b609cad839000b68d67e34f3b00d24717e07f39a,91ef300dcb8b8bd17be59dbf2e54b90d36aee62d492cc493dda3f0cfb3ab92cb,2e4590ae8156ec301ed89adc3f82d3c37f00dff1601e675a86796344dca35a4d,sha256:9975b10f41d41af17ec0cdd625d587d67f618db475d9390e3c1fe1a31fbe0865,verification/payload_create_read/payload-create-100m/verification.json,performance/payload_create_read/payload-create-100m/perf.jsonl
payload_create_read,payload-create-500m,500,0,0,registered-fixture,,1,pure_call_sum_ns,3068249542,PASS,PASS,15000000000,PASS,596529625,3585870250,8262083,1112948709,,1941935000,90375,5013375,74334208,12976128,2361745792,host process after-product minus before counters,436017000,9.37614162499085,,,,,,,,3368999209,-300749667,-8.926973511794612,PASS,PASS,360316375,1bedaeaa3d564286b8ff6a77365d3d7b144a6dc97e236466fa7066826a6acd19,3c797bc6dbfd9b03b919c270b609cad839000b68d67e34f3b00d24717e07f39a,91ef300dcb8b8bd17be59dbf2e54b90d36aee62d492cc493dda3f0cfb3ab92cb,6e9f496377ec23498ebfc3e0e3dc1d96e57cf2eb34be8a375369dad0e62271f8,sha256:9975b10f41d41af17ec0cdd625d587d67f618db475d9390e3c1fe1a31fbe0865,verification/payload_create_read/payload-create-500m/verification.json,performance/payload_create_read/payload-create-500m/perf.jsonl
payload_create_read,payload-random-read-1-compact-v2,1,1048576,1,compact-low-tier-v2,,1,pure_call_sum_ns,14584500,PASS,PASS,15000000000,PASS,553973000,341726209,7431500,3194542,,1378750,87583,2492125,8962048,5918720,20054833,host process after-product minus before counters,18698000,1.8159785000607371,,,,,,,,15507833,-923333,-5.953978225068583,PASS,PASS,339918542,1bedaeaa3d564286b8ff6a77365d3d7b144a6dc97e236466fa7066826a6acd19,3c797bc6dbfd9b03b919c270b609cad839000b68d67e34f3b00d24717e07f39a,91ef300dcb8b8bd17be59dbf2e54b90d36aee62d492cc493dda3f0cfb3ab92cb,7721dca14659fe2c2a3d7542fc65691801a0634a1060a446207187fdd172100a,sha256:9975b10f41d41af17ec0cdd625d587d67f618db475d9390e3c1fe1a31fbe0865,verification/payload_create_read/payload-random-read-1-compact-v2/verification.json,performance/payload_create_read/payload-random-read-1-compact-v2/perf.jsonl
payload_create_read,payload-random-read-10-compact-v2,10,10485760,1,compact-low-tier-v2,,1,pure_call_sum_ns,17420292,PASS,PASS,15000000000,PASS,689375875,333657750,7038250,6405250,,1575417,73250,2328125,10502144,4784128,19078500,host process after-product minus before counters,19063000,2.0634160828776658,,,,,,,,20241250,-2820958,-13.936678811832273,PASS,PASS,345970834,1bedaeaa3d564286b8ff6a77365d3d7b144a6dc97e236466fa7066826a6acd19,3c797bc6dbfd9b03b919c270b609cad839000b68d67e34f3b00d24717e07f39a,91ef300dcb8b8bd17be59dbf2e54b90d36aee62d492cc493dda3f0cfb3ab92cb,f166d08e1421f5e9b658a6bb0e390975345fa95fcde2a78bc64ca068903d5eeb,sha256:9975b10f41d41af17ec0cdd625d587d67f618db475d9390e3c1fe1a31fbe0865,verification/payload_create_read/payload-random-read-10-compact-v2/verification.json,performance/payload_create_read/payload-random-read-10-compact-v2/perf.jsonl
payload_create_read,payload-random-read-100,100,524288000,1,registered-fixture,,1,pure_call_sum_ns,56396250,PASS,PASS,15000000000,PASS,8427062000,393079167,8674791,43873750,,1610584,80917,2156208,29949952,5124096,36215459,host process after-product minus before counters,28536000,14.759463042020798,,,,,,,,65572875,-9176625,-13.99454423799475,PASS,PASS,753823792,1bedaeaa3d564286b8ff6a77365d3d7b144a6dc97e236466fa7066826a6acd19,3c797bc6dbfd9b03b919c270b609cad839000b68d67e34f3b00d24717e07f39a,91ef300dcb8b8bd17be59dbf2e54b90d36aee62d492cc493dda3f0cfb3ab92cb,bebb0e1d2eb6da3651a0cbcf6bfbbebfa5e266ba780375d9ca80be17ff0edc7d,sha256:9975b10f41d41af17ec0cdd625d587d67f618db475d9390e3c1fe1a31fbe0865,verification/payload_create_read/payload-random-read-100/verification.json,performance/payload_create_read/payload-random-read-100/perf.jsonl
payload_create_read,payload-random-read-500,500,524288000,1,registered-fixture,,1,pure_call_sum_ns,219687084,PASS,PASS,15000000000,PASS,2379777958,598263375,8657083,206589667,,2072084,86625,2281625,51232768,12517376,92612250,host process after-product minus before counters,71467000,8.67045862507075,,,,,,,,278838792,-59151708,-21.21358637932989,PASS,PASS,729985959,1bedaeaa3d564286b8ff6a77365d3d7b144a6dc97e236466fa7066826a6acd19,3c797bc6dbfd9b03b919c270b609cad839000b68d67e34f3b00d24717e07f39a,91ef300dcb8b8bd17be59dbf2e54b90d36aee62d492cc493dda3f0cfb3ab92cb,faa784f54007aebfeb8c23efb01ead351e4b21bf872fcc1982269e7319ad2bd3,sha256:9975b10f41d41af17ec0cdd625d587d67f618db475d9390e3c1fe1a31fbe0865,verification/payload_create_read/payload-random-read-500/verification.json,performance/payload_create_read/payload-random-read-500/perf.jsonl
dedup_workspace_reuse,dedup-workspace-exact-1-compact-v2,1,1048576,1,compact-low-tier-v2,,1,pure_call_sum_ns,31563458,PASS,PASS,15000000000,PASS,606461250,386592375,8281167,10357541,,9724000,84417,3116333,15548416,7868416,31071876,host process after-product minus before counters,23625000,2.724054167047143,,,,,,,,34458042,-2894584,-8.400314794438987,PASS,PASS,346385583,1bedaeaa3d564286b8ff6a77365d3d7b144a6dc97e236466fa7066826a6acd19,3c797bc6dbfd9b03b919c270b609cad839000b68d67e34f3b00d24717e07f39a,91ef300dcb8b8bd17be59dbf2e54b90d36aee62d492cc493dda3f0cfb3ab92cb,ca19e4f72457dd1cae84161ddc4a2f699101f134317055b0a7d22620be18d6a4,sha256:9975b10f41d41af17ec0cdd625d587d67f618db475d9390e3c1fe1a31fbe0865,verification/dedup_workspace_reuse/dedup-workspace-exact-1-compact-v2/verification.json,performance/dedup_workspace_reuse/dedup-workspace-exact-1-compact-v2/perf.jsonl
dedup_workspace_reuse,dedup-workspace-exact-10-compact-v2,10,10485760,10,compact-low-tier-v2,,1,pure_call_sum_ns,109324875,PASS,PASS,15000000000,PASS,778530416,446972250,9041625,43101791,,54570834,72708,2537917,40960000,12906496,86684166,host process after-product minus before counters,34989000,2.1237384169362485,,,,,,,,124068374,-14743499,-11.883366022029112,PASS,PASS,348367875,1bedaeaa3d564286b8ff6a77365d3d7b144a6dc97e236466fa7066826a6acd19,3c797bc6dbfd9b03b919c270b609cad839000b68d67e34f3b00d24717e07f39a,91ef300dcb8b8bd17be59dbf2e54b90d36aee62d492cc493dda3f0cfb3ab92cb,74a8c5389ec948e021aa50a2e0931868aebe2a0487220f16cbff5ba309ab6822,sha256:9975b10f41d41af17ec0cdd625d587d67f618db475d9390e3c1fe1a31fbe0865,verification/dedup_workspace_reuse/dedup-workspace-exact-10-compact-v2/verification.json,performance/dedup_workspace_reuse/dedup-workspace-exact-10-compact-v2/perf.jsonl
dedup_workspace_reuse,dedup-workspace-exact-100,100,134217728,128,registered-fixture,,1,pure_call_sum_ns,840527750,PASS,PASS,15000000000,PASS,2697621584,1234739916,9195167,382532417,,443739791,76125,4984250,72400896,12849152,661315541,host process after-product minus before counters,156062000,7.579232375137508,,,,,,,,1039093252,-198565502,-19.10949778740359,PASS,PASS,442292334,1bedaeaa3d564286b8ff6a77365d3d7b144a6dc97e236466fa7066826a6acd19,3c797bc6dbfd9b03b919c270b609cad839000b68d67e34f3b00d24717e07f39a,91ef300dcb8b8bd17be59dbf2e54b90d36aee62d492cc493dda3f0cfb3ab92cb,e3acd771955ec79f9f7ce445aa3a40b49507f4f54159b70b98b271183ab7ed57,sha256:9975b10f41d41af17ec0cdd625d587d67f618db475d9390e3c1fe1a31fbe0865,verification/dedup_workspace_reuse/dedup-workspace-exact-100/verification.json,performance/dedup_workspace_reuse/dedup-workspace-exact-100/perf.jsonl
dedup_workspace_reuse,dedup-workspace-exact-500,500,134217728,128,registered-fixture,,1,pure_call_sum_ns,4296598375,PASS,PASS,15000000000,PASS,962409916,4694491750,9803791,2422418792,,1858818375,105167,5452250,75071488,13721600,3327830083,host process after-product minus before counters,769120000,14.479497166816145,,,,,,,,5001113875,-704515500,-14.08717173031778,PASS,PASS,502625958,1bedaeaa3d564286b8ff6a77365d3d7b144a6dc97e236466fa7066826a6acd19,3c797bc6dbfd9b03b919c270b609cad839000b68d67e34f3b00d24717e07f39a,91ef300dcb8b8bd17be59dbf2e54b90d36aee62d492cc493dda3f0cfb3ab92cb,4433bd2d767f611ee1a108ba18f4de7cc63b16f3402eb5b5f5e4d365e9e6bd45,sha256:9975b10f41d41af17ec0cdd625d587d67f618db475d9390e3c1fe1a31fbe0865,verification/dedup_workspace_reuse/dedup-workspace-exact-500/verification.json,performance/dedup_workspace_reuse/dedup-workspace-exact-500/perf.jsonl
dedup_workspace_reuse,dedup-workspace-local-1-compact-v2,1,1048576,1,compact-low-tier-v2,,1,pure_call_sum_ns,30610293,PASS,PASS,15000000000,PASS,549359334,389571542,9086750,9273417,,9222542,76917,2950667,16875520,7729152,26709666,host process after-product minus before counters,21991000,1.6782422503456473,,,,,,,,32088708,-1478415,-4.607274932976423,PASS,PASS,350912667,1bedaeaa3d564286b8ff6a77365d3d7b144a6dc97e236466fa7066826a6acd19,3c797bc6dbfd9b03b919c270b609cad839000b68d67e34f3b00d24717e07f39a,91ef300dcb8b8bd17be59dbf2e54b90d36aee62d492cc493dda3f0cfb3ab92cb,b2791a2536fe041edf70cc0e960a6a22ab585ddbccd32d73509df9fd688dc75c,sha256:9975b10f41d41af17ec0cdd625d587d67f618db475d9390e3c1fe1a31fbe0865,verification/dedup_workspace_reuse/dedup-workspace-local-1-compact-v2/verification.json,performance/dedup_workspace_reuse/dedup-workspace-local-1-compact-v2/perf.jsonl
dedup_workspace_reuse,dedup-workspace-local-10-compact-v2,10,10485760,10,compact-low-tier-v2,,1,pure_call_sum_ns,103153458,PASS,PASS,15000000000,PASS,531708083,439985583,7756083,42554000,,49848792,73042,2921541,42500096,10739712,85659917,host process after-product minus before counters,34294000,2.011282874736935,,,,,,,,118665168,-15511710,-13.071830817279086,PASS,PASS,352241625,1bedaeaa3d564286b8ff6a77365d3d7b144a6dc97e236466fa7066826a6acd19,3c797bc6dbfd9b03b919c270b609cad839000b68d67e34f3b00d24717e07f39a,91ef300dcb8b8bd17be59dbf2e54b90d36aee62d492cc493dda3f0cfb3ab92cb,b078b146ac7b20adcc6fa982c038edab91197a18c4c61b67fa0d4c03ed45beaa,sha256:9975b10f41d41af17ec0cdd625d587d67f618db475d9390e3c1fe1a31fbe0865,verification/dedup_workspace_reuse/dedup-workspace-local-10-compact-v2/verification.json,performance/dedup_workspace_reuse/dedup-workspace-local-10-compact-v2/perf.jsonl
dedup_workspace_reuse,dedup-workspace-local-100,100,134217728,128,registered-fixture,,1,pure_call_sum_ns,808387126,PASS,PASS,15000000000,PASS,926128833,1180351208,8464042,373829334,,414616500,82166,11395084,70975488,11059200,637024916,host process after-product minus before counters,155546000,5.887250042054802,,,,,,,,944918208,-136531082,-14.448984138953115,PASS,PASS,442133833,1bedaeaa3d564286b8ff6a77365d3d7b144a6dc97e236466fa7066826a6acd19,3c797bc6dbfd9b03b919c270b609cad839000b68d67e34f3b00d24717e07f39a,91ef300dcb8b8bd17be59dbf2e54b90d36aee62d492cc493dda3f0cfb3ab92cb,85907f9599d5a7cc23e5868b636dee0145388a8b9356828f7d4eaa2262df96fc,sha256:9975b10f41d41af17ec0cdd625d587d67f618db475d9390e3c1fe1a31fbe0865,verification/dedup_workspace_reuse/dedup-workspace-local-100/verification.json,performance/dedup_workspace_reuse/dedup-workspace-local-100/perf.jsonl
dedup_workspace_reuse,dedup-workspace-local-500,500,134217728,128,registered-fixture,,1,pure_call_sum_ns,4307360416,PASS,PASS,15000000000,PASS,1022517916,4677110542,9210166,2334954750,,1956752417,96375,6346708,76054528,13762560,3331097250,host process after-product minus before counters,719735000,14.32428654236719,,,,,,,,5033168877,-725808461,-14.420506816624345,PASS,PASS,435574042,1bedaeaa3d564286b8ff6a77365d3d7b144a6dc97e236466fa7066826a6acd19,3c797bc6dbfd9b03b919c270b609cad839000b68d67e34f3b00d24717e07f39a,91ef300dcb8b8bd17be59dbf2e54b90d36aee62d492cc493dda3f0cfb3ab92cb,92e01bf1107d8959ce4e7d86b4131e1e7ae8db954297a5c42c47db07e016341c,sha256:9975b10f41d41af17ec0cdd625d587d67f618db475d9390e3c1fe1a31fbe0865,verification/dedup_workspace_reuse/dedup-workspace-local-500/verification.json,performance/dedup_workspace_reuse/dedup-workspace-local-500/perf.jsonl
dedup_workspace_reuse,dedup-workspace-unique-1-compact-v2,1,1048576,1,compact-low-tier-v2,,1,pure_call_sum_ns,27475043,PASS,PASS,15000000000,PASS,544828250,393421625,6999084,9832625,,7919750,82959,2640625,15515648,7876608,28931959,host process after-product minus before counters,21156000,1.613851415924728,,,,,,,,29843916,-2368873,-7.93754077045385,PASS,PASS,349656375,1bedaeaa3d564286b8ff6a77365d3d7b144a6dc97e236466fa7066826a6acd19,3c797bc6dbfd9b03b919c270b609cad839000b68d67e34f3b00d24717e07f39a,91ef300dcb8b8bd17be59dbf2e54b90d36aee62d492cc493dda3f0cfb3ab92cb,49fa982b1d92cc115f8c664dc3099a2d9a70a1efe8a0f6158e149d4856f65970,sha256:9975b10f41d41af17ec0cdd625d587d67f618db475d9390e3c1fe1a31fbe0865,verification/dedup_workspace_reuse/dedup-workspace-unique-1-compact-v2/verification.json,performance/dedup_workspace_reuse/dedup-workspace-unique-1-compact-v2/perf.jsonl
dedup_workspace_reuse,dedup-workspace-unique-10-compact-v2,10,10485760,10,compact-low-tier-v2,,1,pure_call_sum_ns,95669332,PASS,PASS,15000000000,PASS,628428375,439074250,7944666,43999000,,40485458,66708,3173500,40747008,10760192,78170709,host process after-product minus before counters,35135000,1.9447309169918299,,,,,,,,113607667,-17938335,-15.789722184859231,PASS,PASS,355559000,1bedaeaa3d564286b8ff6a77365d3d7b144a6dc97e236466fa7066826a6acd19,3c797bc6dbfd9b03b919c270b609cad839000b68d67e34f3b00d24717e07f39a,91ef300dcb8b8bd17be59dbf2e54b90d36aee62d492cc493dda3f0cfb3ab92cb,aa6b89f9e96c52605de2f8dc740cb9bb9c7523a609666a61a7edf6d9dfc1be5b,sha256:9975b10f41d41af17ec0cdd625d587d67f618db475d9390e3c1fe1a31fbe0865,verification/dedup_workspace_reuse/dedup-workspace-unique-10-compact-v2/verification.json,performance/dedup_workspace_reuse/dedup-workspace-unique-10-compact-v2/perf.jsonl
dedup_workspace_reuse,dedup-workspace-unique-100,100,134217728,128,registered-fixture,,1,pure_call_sum_ns,768004167,PASS,PASS,15000000000,PASS,986491083,1200740083,9638208,376459709,,377740375,79083,4086792,69500928,13348864,549636459,host process after-product minus before counters,157231000,5.869120125193149,,,,,,,,889122000,-121117833,-13.622183794799813,PASS,PASS,527344042,1bedaeaa3d564286b8ff6a77365d3d7b144a6dc97e236466fa7066826a6acd19,3c797bc6dbfd9b03b919c270b609cad839000b68d67e34f3b00d24717e07f39a,91ef300dcb8b8bd17be59dbf2e54b90d36aee62d492cc493dda3f0cfb3ab92cb,aed98efc1693f26fab7b1531c2ffc62d1e4bcd06684284d2814246177b857d3b,sha256:9975b10f41d41af17ec0cdd625d587d67f618db475d9390e3c1fe1a31fbe0865,verification/dedup_workspace_reuse/dedup-workspace-unique-100/verification.json,performance/dedup_workspace_reuse/dedup-workspace-unique-100/perf.jsonl
dedup_workspace_reuse,dedup-workspace-unique-500,500,134217728,128,registered-fixture,,1,pure_call_sum_ns,4319934208,PASS,PASS,15000000000,PASS,945014791,4862666500,8217750,2313265167,,1988327833,100250,10023208,74874880,12537856,2937224624,host process after-product minus before counters,733098000,14.501097959000617,,,,,,,,5078062624,-758128416,-14.929481421062523,PASS,PASS,542374333,1bedaeaa3d564286b8ff6a77365d3d7b144a6dc97e236466fa7066826a6acd19,3c797bc6dbfd9b03b919c270b609cad839000b68d67e34f3b00d24717e07f39a,91ef300dcb8b8bd17be59dbf2e54b90d36aee62d492cc493dda3f0cfb3ab92cb,eb5839d7500fdb5d0da061157a244dcabe3b9ca8fbb7954b578d643fc03169b9,sha256:9975b10f41d41af17ec0cdd625d587d67f618db475d9390e3c1fe1a31fbe0865,verification/dedup_workspace_reuse/dedup-workspace-unique-500/verification.json,performance/dedup_workspace_reuse/dedup-workspace-unique-500/perf.jsonl
dedup_workspace_reuse,dedup-workspace-unique-1-base128-v3,1,134217728,128,registered-fixture,,1,pure_call_sum_ns,33382084,PASS,PASS,15000000000,PASS,979521292,445776625,9332917,12249708,,8867709,62792,2868958,38928384,7745536,45061291,host process after-product minus before counters,24114000,3.9754031249321997,,,,,,,,33568916,-186832,-0.5565625056227612,PASS,PASS,450370875,1bedaeaa3d564286b8ff6a77365d3d7b144a6dc97e236466fa7066826a6acd19,3c797bc6dbfd9b03b919c270b609cad839000b68d67e34f3b00d24717e07f39a,91ef300dcb8b8bd17be59dbf2e54b90d36aee62d492cc493dda3f0cfb3ab92cb,8372f1f39547e8b8d688197a3784680d063edc28c593e2f3fb039fbfc54c20fd,sha256:9975b10f41d41af17ec0cdd625d587d67f618db475d9390e3c1fe1a31fbe0865,verification/dedup_workspace_reuse/dedup-workspace-unique-1-base128-v3/verification.json,performance/dedup_workspace_reuse/dedup-workspace-unique-1-base128-v3/perf.jsonl
dedup_workspace_reuse,dedup-workspace-unique-10-base128-v3,10,134217728,128,registered-fixture,,1,pure_call_sum_ns,103006542,PASS,PASS,15000000000,PASS,1002555791,485903333,8019292,49071708,,43048917,80000,2786625,64634880,10829824,89070750,host process after-product minus before counters,37094000,3.9360759588889778,,,,,,,,134105375,-31098833,-23.18984828162182,PASS,PASS,440412292,1bedaeaa3d564286b8ff6a77365d3d7b144a6dc97e236466fa7066826a6acd19,3c797bc6dbfd9b03b919c270b609cad839000b68d67e34f3b00d24717e07f39a,91ef300dcb8b8bd17be59dbf2e54b90d36aee62d492cc493dda3f0cfb3ab92cb,891fa463f98a29a6bba920f13237d9cb44b3fa85606a7862c435797c41b308fc,sha256:9975b10f41d41af17ec0cdd625d587d67f618db475d9390e3c1fe1a31fbe0865,verification/dedup_workspace_reuse/dedup-workspace-unique-10-base128-v3/verification.json,performance/dedup_workspace_reuse/dedup-workspace-unique-10-base128-v3/perf.jsonl
dedup_cross_file,dedup-cross-file-anchor-1,1,1048576,1,registered-fixture,,1,pure_call_sum_ns,3808291,PASS,PASS,15000000000,PASS,548084666,337203167,,,,,,,11419648,4870144,,unavailable: no host CPU counter in this route receipt,13725000,1.5741568747907877,,,,,,,,4182000,-373709,-8.936131037780966,PASS,PASS,342038625,1bedaeaa3d564286b8ff6a77365d3d7b144a6dc97e236466fa7066826a6acd19,3c797bc6dbfd9b03b919c270b609cad839000b68d67e34f3b00d24717e07f39a,91ef300dcb8b8bd17be59dbf2e54b90d36aee62d492cc493dda3f0cfb3ab92cb,25e0c8538f68d5dcda16eb2e468d1e3137ebb2edb5b16caec496e4c9c107085a,sha256:9975b10f41d41af17ec0cdd625d587d67f618db475d9390e3c1fe1a31fbe0865,verification/dedup_cross_file/dedup-cross-file-anchor-1/verification.json,performance/dedup_cross_file/dedup-cross-file-anchor-1/perf.jsonl
dedup_cross_file,dedup-cross-file-unique-10,10,10485760,10,registered-fixture,,1,pure_call_sum_ns,22389542,PASS,PASS,15000000000,PASS,667915458,392169125,,,,,,,32129024,4886528,,unavailable: no host CPU counter in this route receipt,13073000,1.842995208222419,,,,,,,,24260917,-1871375,-7.713537785896551,PASS,PASS,350071250,1bedaeaa3d564286b8ff6a77365d3d7b144a6dc97e236466fa7066826a6acd19,3c797bc6dbfd9b03b919c270b609cad839000b68d67e34f3b00d24717e07f39a,91ef300dcb8b8bd17be59dbf2e54b90d36aee62d492cc493dda3f0cfb3ab92cb,d390fca693be0b14ae2dd30702c977798755e9701c2a480c8791b0d8102ff88c,sha256:9975b10f41d41af17ec0cdd625d587d67f618db475d9390e3c1fe1a31fbe0865,verification/dedup_cross_file/dedup-cross-file-unique-10/verification.json,performance/dedup_cross_file/dedup-cross-file-unique-10/perf.jsonl
dedup_cross_file,dedup-cross-file-unique-100,100,104857600,100,registered-fixture,,1,pure_call_sum_ns,93266750,PASS,PASS,15000000000,PASS,1583048750,501874041,,,,,,,62242816,4608000,,unavailable: no host CPU counter in this route receipt,13405000,3.9533258751034737,,,,,,,,106949167,-13682417,-12.793383421116314,PASS,PASS,349462667,1bedaeaa3d564286b8ff6a77365d3d7b144a6dc97e236466fa7066826a6acd19,3c797bc6dbfd9b03b919c270b609cad839000b68d67e34f3b00d24717e07f39a,91ef300dcb8b8bd17be59dbf2e54b90d36aee62d492cc493dda3f0cfb3ab92cb,2e50a1f059a0396d8a35f1a2c910f1cac59ddc28515cbc606f11e871671a81b9,sha256:9975b10f41d41af17ec0cdd625d587d67f618db475d9390e3c1fe1a31fbe0865,verification/dedup_cross_file/dedup-cross-file-unique-100/verification.json,performance/dedup_cross_file/dedup-cross-file-unique-100/perf.jsonl
dedup_cross_file,dedup-cross-file-unique-500,500,524288000,500,registered-fixture,,1,pure_call_sum_ns,444949333,PASS,PASS,15000000000,PASS,5475804166,979865583,,,,,,,64847872,5136384,,unavailable: no host CPU counter in this route receipt,17104000,13.830102666746825,,,,,,,,458245542,-13296209,-2.9015468305417795,PASS,PASS,475626000,1bedaeaa3d564286b8ff6a77365d3d7b144a6dc97e236466fa7066826a6acd19,3c797bc6dbfd9b03b919c270b609cad839000b68d67e34f3b00d24717e07f39a,91ef300dcb8b8bd17be59dbf2e54b90d36aee62d492cc493dda3f0cfb3ab92cb,58f0ac2efd07eb1b446ffd00e502adbb7962eecb7d2477a798f31130e6b7f22b,sha256:9975b10f41d41af17ec0cdd625d587d67f618db475d9390e3c1fe1a31fbe0865,verification/dedup_cross_file/dedup-cross-file-unique-500/verification.json,performance/dedup_cross_file/dedup-cross-file-unique-500/perf.jsonl
dedup_cross_file,dedup-cross-file-identical-10,10,10485760,10,registered-fixture,,1,pure_call_sum_ns,18395375,PASS,PASS,15000000000,PASS,757908292,391479584,,,,,,,12140544,4612096,,unavailable: no host CPU counter in this route receipt,16490000,1.8481676252558827,,,,,,,,18807541,-412166,-2.1914932951628288,PASS,PASS,344239375,1bedaeaa3d564286b8ff6a77365d3d7b144a6dc97e236466fa7066826a6acd19,3c797bc6dbfd9b03b919c270b609cad839000b68d67e34f3b00d24717e07f39a,91ef300dcb8b8bd17be59dbf2e54b90d36aee62d492cc493dda3f0cfb3ab92cb,e743574a9865dc1f5b4e1604ad9fb8d76f7630ba85ef9cdd18ee2eee8e6e7a16,sha256:9975b10f41d41af17ec0cdd625d587d67f618db475d9390e3c1fe1a31fbe0865,verification/dedup_cross_file/dedup-cross-file-identical-10/verification.json,performance/dedup_cross_file/dedup-cross-file-identical-10/perf.jsonl
dedup_cross_file,dedup-cross-file-identical-100,100,104857600,100,registered-fixture,,1,pure_call_sum_ns,28959584,PASS,PASS,15000000000,PASS,1507104333,389147917,,,,,,,15056896,4878336,,unavailable: no host CPU counter in this route receipt,15299000,3.2244128747843206,,,,,,,,29554042,-594458,-2.0114270663890914,PASS,PASS,345356667,1bedaeaa3d564286b8ff6a77365d3d7b144a6dc97e236466fa7066826a6acd19,3c797bc6dbfd9b03b919c270b609cad839000b68d67e34f3b00d24717e07f39a,91ef300dcb8b8bd17be59dbf2e54b90d36aee62d492cc493dda3f0cfb3ab92cb,46b14d76c3f222bb13ece42592ed1dc2f65f3267476adba5b9f0318eb8c7d165,sha256:9975b10f41d41af17ec0cdd625d587d67f618db475d9390e3c1fe1a31fbe0865,verification/dedup_cross_file/dedup-cross-file-identical-100/verification.json,performance/dedup_cross_file/dedup-cross-file-identical-100/perf.jsonl
dedup_cross_file,dedup-cross-file-identical-500,500,524288000,500,registered-fixture,,1,pure_call_sum_ns,110630125,PASS,PASS,15000000000,PASS,5576183291,444413709,,,,,,,17006592,5144576,,unavailable: no host CPU counter in this route receipt,16656000,9.846022041980177,,,,,,,,111170167,-540042,-0.48577960668170983,PASS,PASS,346368208,1bedaeaa3d564286b8ff6a77365d3d7b144a6dc97e236466fa7066826a6acd19,3c797bc6dbfd9b03b919c270b609cad839000b68d67e34f3b00d24717e07f39a,91ef300dcb8b8bd17be59dbf2e54b90d36aee62d492cc493dda3f0cfb3ab92cb,7ca3d8d3727f979400f588c75c59d0c96d9ea6799ce726ee6ccd9c151717fea5,sha256:9975b10f41d41af17ec0cdd625d587d67f618db475d9390e3c1fe1a31fbe0865,verification/dedup_cross_file/dedup-cross-file-identical-500/verification.json,performance/dedup_cross_file/dedup-cross-file-identical-500/perf.jsonl
dedup_cross_file,dedup-cross-file-mixed-10,10,10485760,10,registered-fixture,,1,pure_call_sum_ns,24046375,PASS,PASS,15000000000,PASS,603320375,394724792,,,,,,,28278784,5156864,,unavailable: no host CPU counter in this route receipt,13391000,1.80004091700539,,,,,,,,25752667,-1706292,-6.625690457613574,PASS,PASS,349124375,1bedaeaa3d564286b8ff6a77365d3d7b144a6dc97e236466fa7066826a6acd19,3c797bc6dbfd9b03b919c270b609cad839000b68d67e34f3b00d24717e07f39a,91ef300dcb8b8bd17be59dbf2e54b90d36aee62d492cc493dda3f0cfb3ab92cb,2a5881cdb089a859f9ee2325ecd7e3ce2f174cb4254c31bb4e2a337e853f3f95,sha256:9975b10f41d41af17ec0cdd625d587d67f618db475d9390e3c1fe1a31fbe0865,verification/dedup_cross_file/dedup-cross-file-mixed-10/verification.json,performance/dedup_cross_file/dedup-cross-file-mixed-10/perf.jsonl
dedup_cross_file,dedup-cross-file-mixed-100,100,104857600,100,registered-fixture,,1,pure_call_sum_ns,113943625,PASS,PASS,15000000000,PASS,1495965875,498977083,,,,,,,66420736,4603904,,unavailable: no host CPU counter in this route receipt,13258000,3.9346542921848595,,,,,,,,113707167,236458,0.20795347051430804,PASS,PASS,345103625,1bedaeaa3d564286b8ff6a77365d3d7b144a6dc97e236466fa7066826a6acd19,3c797bc6dbfd9b03b919c270b609cad839000b68d67e34f3b00d24717e07f39a,91ef300dcb8b8bd17be59dbf2e54b90d36aee62d492cc493dda3f0cfb3ab92cb,65ad7c0c70db82b1335f7d489c438cecd549029b27f826aa2be358922a5f0bdd,sha256:9975b10f41d41af17ec0cdd625d587d67f618db475d9390e3c1fe1a31fbe0865,verification/dedup_cross_file/dedup-cross-file-mixed-100/verification.json,performance/dedup_cross_file/dedup-cross-file-mixed-100/perf.jsonl
dedup_cross_file,dedup-cross-file-mixed-500,500,524288000,500,registered-fixture,,1,pure_call_sum_ns,541992375,PASS,PASS,15000000000,PASS,5478726666,1033476792,,,,,,,69386240,4816896,,unavailable: no host CPU counter in this route receipt,14413000,13.190160249825567,,,,,,,,535620500,6371875,1.1896249303378044,PASS,PASS,398977791,1bedaeaa3d564286b8ff6a77365d3d7b144a6dc97e236466fa7066826a6acd19,3c797bc6dbfd9b03b919c270b609cad839000b68d67e34f3b00d24717e07f39a,91ef300dcb8b8bd17be59dbf2e54b90d36aee62d492cc493dda3f0cfb3ab92cb,f4e7d486a55bd9ebb3a83dc400d1e1c3a9e97c4b4a640188874a7fc8537f77f3,sha256:9975b10f41d41af17ec0cdd625d587d67f618db475d9390e3c1fe1a31fbe0865,verification/dedup_cross_file/dedup-cross-file-mixed-500/verification.json,performance/dedup_cross_file/dedup-cross-file-mixed-500/perf.jsonl
dedup_cdc_locality,dedup-cdc-overwrite-1,1,2097152,2,registered-fixture,,1,pure_call_sum_ns,4002292,PASS,PASS,15000000000,PASS,525130167,329773667,,,,,,,12075008,4866048,,unavailable: no host CPU counter in this route receipt,15701000,1.9819096252322197,,,,,,,,4091083,-88791,-2.170354402489512,PASS,PASS,334008583,1bedaeaa3d564286b8ff6a77365d3d7b144a6dc97e236466fa7066826a6acd19,3c797bc6dbfd9b03b919c270b609cad839000b68d67e34f3b00d24717e07f39a,91ef300dcb8b8bd17be59dbf2e54b90d36aee62d492cc493dda3f0cfb3ab92cb,3459e86d00dc1cf2594709560ac404b9880022934048c6628fae8ddfc362b532,sha256:9975b10f41d41af17ec0cdd625d587d67f618db475d9390e3c1fe1a31fbe0865,verification/dedup_cdc_locality/dedup-cdc-overwrite-1/verification.json,performance/dedup_cdc_locality/dedup-cdc-overwrite-1/perf.jsonl
dedup_cdc_locality,dedup-cdc-overwrite-10,10,11534336,11,registered-fixture,,1,pure_call_sum_ns,20448459,PASS,PASS,15000000000,PASS,741216666,340219209,,,,,,,13058048,5177344,,unavailable: no host CPU counter in this route receipt,12859000,2.1752002499997616,,,,,,,,18875625,1572834,8.332619449687096,PASS,PASS,345680750,1bedaeaa3d564286b8ff6a77365d3d7b144a6dc97e236466fa7066826a6acd19,3c797bc6dbfd9b03b919c270b609cad839000b68d67e34f3b00d24717e07f39a,91ef300dcb8b8bd17be59dbf2e54b90d36aee62d492cc493dda3f0cfb3ab92cb,5bd39c0a659221e0866d83bb56c60c5bff1d2db1973f1cac9b80ee1adf4cae30,sha256:9975b10f41d41af17ec0cdd625d587d67f618db475d9390e3c1fe1a31fbe0865,verification/dedup_cdc_locality/dedup-cdc-overwrite-10/verification.json,performance/dedup_cdc_locality/dedup-cdc-overwrite-10/perf.jsonl
dedup_cdc_locality,dedup-cdc-overwrite-100,100,105906176,101,registered-fixture,,1,pure_call_sum_ns,30952625,PASS,PASS,15000000000,PASS,1971688208,381434916,,,,,,,21299200,4898816,,unavailable: no host CPU counter in this route receipt,13302000,4.911127625033259,,,,,,,,31456458,-503833,-1.6016838259412423,PASS,PASS,342107333,1bedaeaa3d564286b8ff6a77365d3d7b144a6dc97e236466fa7066826a6acd19,3c797bc6dbfd9b03b919c270b609cad839000b68d67e34f3b00d24717e07f39a,91ef300dcb8b8bd17be59dbf2e54b90d36aee62d492cc493dda3f0cfb3ab92cb,dc6f04a32c2dda60d15a717089fe469312a7288b976d98d21de99749a4fdc6fd,sha256:9975b10f41d41af17ec0cdd625d587d67f618db475d9390e3c1fe1a31fbe0865,verification/dedup_cdc_locality/dedup-cdc-overwrite-100/verification.json,performance/dedup_cdc_locality/dedup-cdc-overwrite-100/perf.jsonl
dedup_cdc_locality,dedup-cdc-overwrite-500,500,525336576,501,registered-fixture,,1,pure_call_sum_ns,122035083,PASS,PASS,15000000000,PASS,7686641917,490146042,,,,,,,40796160,5136384,,unavailable: no host CPU counter in this route receipt,12579000,17.282971000298858,,,,,,,,133688000,-11652917,-8.716501855065525,PASS,PASS,346808583,1bedaeaa3d564286b8ff6a77365d3d7b144a6dc97e236466fa7066826a6acd19,3c797bc6dbfd9b03b919c270b609cad839000b68d67e34f3b00d24717e07f39a,91ef300dcb8b8bd17be59dbf2e54b90d36aee62d492cc493dda3f0cfb3ab92cb,7d2e80cab58eb8ba343d1e689f199fb57985f0f5f2c89811f3d2eca2d7aeb479,sha256:9975b10f41d41af17ec0cdd625d587d67f618db475d9390e3c1fe1a31fbe0865,verification/dedup_cdc_locality/dedup-cdc-overwrite-500/verification.json.gz,performance/dedup_cdc_locality/dedup-cdc-overwrite-500/perf.jsonl
dedup_cdc_locality,dedup-cdc-insert-1,1,2101248,2,registered-fixture,,1,pure_call_sum_ns,3897167,PASS,PASS,15000000000,PASS,671542958,381138250,,,,,,,12042240,5058560,,unavailable: no host CPU counter in this route receipt,13229000,1.7598338327370584,,,,,,,,4784250,-887083,-18.541735904269217,PASS,PASS,347221541,1bedaeaa3d564286b8ff6a77365d3d7b144a6dc97e236466fa7066826a6acd19,3c797bc6dbfd9b03b919c270b609cad839000b68d67e34f3b00d24717e07f39a,91ef300dcb8b8bd17be59dbf2e54b90d36aee62d492cc493dda3f0cfb3ab92cb,7cd12e9e9ed61619514c3567492f24ada802f034294c5f9575a564820172a93e,sha256:9975b10f41d41af17ec0cdd625d587d67f618db475d9390e3c1fe1a31fbe0865,verification/dedup_cdc_locality/dedup-cdc-insert-1/verification.json,performance/dedup_cdc_locality/dedup-cdc-insert-1/perf.jsonl
dedup_cdc_locality,dedup-cdc-insert-10,10,11575296,11,registered-fixture,,1,pure_call_sum_ns,18057833,PASS,PASS,15000000000,PASS,664446667,329667709,,,,,,,13664256,4628480,,unavailable: no host CPU counter in this route receipt,13130000,1.9468696247786283,,,,,,,,19287167,-1229334,-6.373844328718676,PASS,PASS,336892584,1bedaeaa3d564286b8ff6a77365d3d7b144a6dc97e236466fa7066826a6acd19,3c797bc6dbfd9b03b919c270b609cad839000b68d67e34f3b00d24717e07f39a,91ef300dcb8b8bd17be59dbf2e54b90d36aee62d492cc493dda3f0cfb3ab92cb,bc6abd21748ad56ee1d6d049362e6907cfa354c356a6f7b030f6b1d9f39eb98d,sha256:9975b10f41d41af17ec0cdd625d587d67f618db475d9390e3c1fe1a31fbe0865,verification/dedup_cdc_locality/dedup-cdc-insert-10/verification.json,performance/dedup_cdc_locality/dedup-cdc-insert-10/perf.jsonl
dedup_cdc_locality,dedup-cdc-insert-100,100,106315776,101,registered-fixture,,1,pure_call_sum_ns,34183250,PASS,PASS,15000000000,PASS,2015913458,389107750,,,,,,,27934720,4874240,,unavailable: no host CPU counter in this route receipt,13187000,4.800869207829237,,,,,,,,34633667,-450417,-1.300517788081753,PASS,PASS,341526583,1bedaeaa3d564286b8ff6a77365d3d7b144a6dc97e236466fa7066826a6acd19,3c797bc6dbfd9b03b919c270b609cad839000b68d67e34f3b00d24717e07f39a,91ef300dcb8b8bd17be59dbf2e54b90d36aee62d492cc493dda3f0cfb3ab92cb,ba8ef8789c8bd5573cc3b3ddb9ffc9809f5e045215b81e48641734a385ba6d36,sha256:9975b10f41d41af17ec0cdd625d587d67f618db475d9390e3c1fe1a31fbe0865,verification/dedup_cdc_locality/dedup-cdc-insert-100/verification.json.gz,performance/dedup_cdc_locality/dedup-cdc-insert-100/perf.jsonl
dedup_cdc_locality,dedup-cdc-insert-500,500,527384576,501,registered-fixture,,1,pure_call_sum_ns,136775833,PASS,PASS,15000000000,PASS,7949686167,497673208,,,,,,,48021504,5066752,,unavailable: no host CPU counter in this route receipt,14951000,17.712656499817967,,,,,,,,137175166,-399333,-0.29111173082159786,PASS,PASS,344166875,1bedaeaa3d564286b8ff6a77365d3d7b144a6dc97e236466fa7066826a6acd19,3c797bc6dbfd9b03b919c270b609cad839000b68d67e34f3b00d24717e07f39a,91ef300dcb8b8bd17be59dbf2e54b90d36aee62d492cc493dda3f0cfb3ab92cb,9c290e4c2a7c1d17754cccd6f440d9d7ac7c62ea0cc6d689fac30d3ab346b403,sha256:9975b10f41d41af17ec0cdd625d587d67f618db475d9390e3c1fe1a31fbe0865,verification/dedup_cdc_locality/dedup-cdc-insert-500/verification.json.gz,performance/dedup_cdc_locality/dedup-cdc-insert-500/perf.jsonl
dedup_cdc_locality,dedup-cdc-delete-1,1,2093056,2,registered-fixture,,1,pure_call_sum_ns,4411750,PASS,PASS,15000000000,PASS,573782375,338550000,,,,,,,12386304,5136384,,unavailable: no host CPU counter in this route receipt,13591000,1.688861166127026,,,,,,,,4702959,-291209,-6.192037821295061,PASS,PASS,334171125,1bedaeaa3d564286b8ff6a77365d3d7b144a6dc97e236466fa7066826a6acd19,3c797bc6dbfd9b03b919c270b609cad839000b68d67e34f3b00d24717e07f39a,91ef300dcb8b8bd17be59dbf2e54b90d36aee62d492cc493dda3f0cfb3ab92cb,1b2076eaa19f857395a71bb46457febc3c890ddcc5f623acee65985ec5385a31,sha256:9975b10f41d41af17ec0cdd625d587d67f618db475d9390e3c1fe1a31fbe0865,verification/dedup_cdc_locality/dedup-cdc-delete-1/verification.json,performance/dedup_cdc_locality/dedup-cdc-delete-1/perf.jsonl
dedup_cdc_locality,dedup-cdc-delete-10,10,11493376,11,registered-fixture,,1,pure_call_sum_ns,18224917,PASS,PASS,15000000000,PASS,671049625,342567375,,,,,,,13762560,5128192,,unavailable: no host CPU counter in this route receipt,12880000,2.125135541893542,,,,,,,,19179250,-954333,-4.975861934121512,PASS,PASS,287204375,1bedaeaa3d564286b8ff6a77365d3d7b144a6dc97e236466fa7066826a6acd19,3c797bc6dbfd9b03b919c270b609cad839000b68d67e34f3b00d24717e07f39a,91ef300dcb8b8bd17be59dbf2e54b90d36aee62d492cc493dda3f0cfb3ab92cb,8e00e6c83a77a358f33bc8c8655b44f7de3e4e524595df4c60dace81dd66894c,sha256:9975b10f41d41af17ec0cdd625d587d67f618db475d9390e3c1fe1a31fbe0865,verification/dedup_cdc_locality/dedup-cdc-delete-10/verification.json,performance/dedup_cdc_locality/dedup-cdc-delete-10/perf.jsonl
dedup_cdc_locality,dedup-cdc-delete-100,100,105496576,101,registered-fixture,,1,pure_call_sum_ns,33165583,PASS,PASS,15000000000,PASS,2101404041,385742750,,,,,,,26787840,5406720,,unavailable: no host CPU counter in this route receipt,12645000,5.0871890829876065,,,,,,,,33175625,-10042,-0.030269211205516098,PASS,PASS,335266250,1bedaeaa3d564286b8ff6a77365d3d7b144a6dc97e236466fa7066826a6acd19,3c797bc6dbfd9b03b919c270b609cad839000b68d67e34f3b00d24717e07f39a,91ef300dcb8b8bd17be59dbf2e54b90d36aee62d492cc493dda3f0cfb3ab92cb,c7d5db8a6bc1102e8ad359e4a780a0a3fe742c42a39ba35c0b57105d2857514c,sha256:9975b10f41d41af17ec0cdd625d587d67f618db475d9390e3c1fe1a31fbe0865,verification/dedup_cdc_locality/dedup-cdc-delete-100/verification.json.gz,performance/dedup_cdc_locality/dedup-cdc-delete-100/perf.jsonl
dedup_cdc_locality,dedup-cdc-delete-500,500,523288576,501,registered-fixture,,1,pure_call_sum_ns,130863875,PASS,PASS,15000000000,PASS,8315268834,488513125,,,,,,,44367872,5931008,,unavailable: no host CPU counter in this route receipt,12774000,18.953364375047386,,,,,,,,142974500,-12110625,-8.470479001500268,PASS,PASS,345236083,1bedaeaa3d564286b8ff6a77365d3d7b144a6dc97e236466fa7066826a6acd19,3c797bc6dbfd9b03b919c270b609cad839000b68d67e34f3b00d24717e07f39a,91ef300dcb8b8bd17be59dbf2e54b90d36aee62d492cc493dda3f0cfb3ab92cb,7f7ff08deb0846c5a3f10d37c47154ccf628553aefd9b2af0819ba5ee895d222,sha256:9975b10f41d41af17ec0cdd625d587d67f618db475d9390e3c1fe1a31fbe0865,verification/dedup_cdc_locality/dedup-cdc-delete-500/verification.json.gz,performance/dedup_cdc_locality/dedup-cdc-delete-500/perf.jsonl
dedup_cdc_locality,dedup-cdc-common-body-1,1,2097152,2,registered-fixture,,1,pure_call_sum_ns,4125125,PASS,PASS,15000000000,PASS,517500584,337304083,,,,,,,12550144,4349952,,unavailable: no host CPU counter in this route receipt,14285000,1.6940456670708954,,,,,,,,4807959,-682834,-14.202159377814993,PASS,PASS,343188833,1bedaeaa3d564286b8ff6a77365d3d7b144a6dc97e236466fa7066826a6acd19,3c797bc6dbfd9b03b919c270b609cad839000b68d67e34f3b00d24717e07f39a,91ef300dcb8b8bd17be59dbf2e54b90d36aee62d492cc493dda3f0cfb3ab92cb,8c826bc6e9bee8d2e52d84b85b204b64f1335c7a589f3d1d7aa273e91419c2a9,sha256:9975b10f41d41af17ec0cdd625d587d67f618db475d9390e3c1fe1a31fbe0865,verification/dedup_cdc_locality/dedup-cdc-common-body-1/verification.json,performance/dedup_cdc_locality/dedup-cdc-common-body-1/perf.jsonl
dedup_cdc_locality,dedup-cdc-common-body-10,10,11534336,11,registered-fixture,,1,pure_call_sum_ns,20395333,PASS,PASS,15000000000,PASS,662975500,330959542,,,,,,,19955712,4870144,,unavailable: no host CPU counter in this route receipt,13722000,1.937447499949485,,,,,,,,20677083,-281750,-1.3626196693218284,PASS,PASS,345381125,1bedaeaa3d564286b8ff6a77365d3d7b144a6dc97e236466fa7066826a6acd19,3c797bc6dbfd9b03b919c270b609cad839000b68d67e34f3b00d24717e07f39a,91ef300dcb8b8bd17be59dbf2e54b90d36aee62d492cc493dda3f0cfb3ab92cb,5dcc6afb2cc031db0639b8892e88ce9824f9e84919872afb6d454ba01031ab04,sha256:9975b10f41d41af17ec0cdd625d587d67f618db475d9390e3c1fe1a31fbe0865,verification/dedup_cdc_locality/dedup-cdc-common-body-10/verification.json,performance/dedup_cdc_locality/dedup-cdc-common-body-10/perf.jsonl
dedup_cdc_locality,dedup-cdc-common-body-100,100,105906176,101,registered-fixture,,1,pure_call_sum_ns,58208209,PASS,PASS,15000000000,PASS,1930762083,384321625,,,,,,,61652992,4608000,,unavailable: no host CPU counter in this route receipt,13320000,4.916059957817197,,,,,,,,57154666,1053543,1.8433193188461638,PASS,PASS,346352167,1bedaeaa3d564286b8ff6a77365d3d7b144a6dc97e236466fa7066826a6acd19,3c797bc6dbfd9b03b919c270b609cad839000b68d67e34f3b00d24717e07f39a,91ef300dcb8b8bd17be59dbf2e54b90d36aee62d492cc493dda3f0cfb3ab92cb,77ea2b5437896a982ef0712fb6acf5bde9e52f0dbd30aef247f4e07ed265fe7c,sha256:9975b10f41d41af17ec0cdd625d587d67f618db475d9390e3c1fe1a31fbe0865,verification/dedup_cdc_locality/dedup-cdc-common-body-100/verification.json.gz,performance/dedup_cdc_locality/dedup-cdc-common-body-100/perf.jsonl
dedup_cdc_locality,dedup-cdc-common-body-500,500,525336576,501,registered-fixture,,1,pure_call_sum_ns,244350083,PASS,PASS,15000000000,PASS,7944016583,656299583,,,,,,,64208896,4878336,,unavailable: no host CPU counter in this route receipt,17690000,17.835566584020853,,,,,,,,254521792,-10171709,-3.996400041062103,PASS,PASS,353744875,1bedaeaa3d564286b8ff6a77365d3d7b144a6dc97e236466fa7066826a6acd19,3c797bc6dbfd9b03b919c270b609cad839000b68d67e34f3b00d24717e07f39a,91ef300dcb8b8bd17be59dbf2e54b90d36aee62d492cc493dda3f0cfb3ab92cb,fe020a00655a7e58a0eb17e674cb53eb22703b5f75208ec8a83e33b2e52f34e9,sha256:9975b10f41d41af17ec0cdd625d587d67f618db475d9390e3c1fe1a31fbe0865,verification/dedup_cdc_locality/dedup-cdc-common-body-500/verification.json.gz,performance/dedup_cdc_locality/dedup-cdc-common-body-500/perf.jsonl
dedup_cdc_locality,dedup-cdc-scattered-1,1,2097152,2,registered-fixture,,1,pure_call_sum_ns,4647500,PASS,PASS,15000000000,PASS,507457541,340955750,,,,,,,14467072,5124096,,unavailable: no host CPU counter in this route receipt,12437000,1.7866018330678344,,,,,,,,4749500,-102000,-2.147594483629856,PASS,PASS,340578833,1bedaeaa3d564286b8ff6a77365d3d7b144a6dc97e236466fa7066826a6acd19,3c797bc6dbfd9b03b919c270b609cad839000b68d67e34f3b00d24717e07f39a,91ef300dcb8b8bd17be59dbf2e54b90d36aee62d492cc493dda3f0cfb3ab92cb,ebe92493cb5269d14f117b4f22bdb232a80664996602e1023518dda1f86d8f20,sha256:9975b10f41d41af17ec0cdd625d587d67f618db475d9390e3c1fe1a31fbe0865,verification/dedup_cdc_locality/dedup-cdc-scattered-1/verification.json,performance/dedup_cdc_locality/dedup-cdc-scattered-1/perf.jsonl
dedup_cdc_locality,dedup-cdc-scattered-10,10,11534336,11,registered-fixture,,1,pure_call_sum_ns,23469041,PASS,PASS,15000000000,PASS,731085417,394132250,,,,,,,33538048,5390336,,unavailable: no host CPU counter in this route receipt,12564000,2.0293574589304626,,,,,,,,24154250,-685209,-2.8368051171118953,PASS,PASS,341489084,1bedaeaa3d564286b8ff6a77365d3d7b144a6dc97e236466fa7066826a6acd19,3c797bc6dbfd9b03b919c270b609cad839000b68d67e34f3b00d24717e07f39a,91ef300dcb8b8bd17be59dbf2e54b90d36aee62d492cc493dda3f0cfb3ab92cb,526ecb3e85a743b44eaf89475f8e7ee6938fc20e9825d34f744d1953704dc455,sha256:9975b10f41d41af17ec0cdd625d587d67f618db475d9390e3c1fe1a31fbe0865,verification/dedup_cdc_locality/dedup-cdc-scattered-10/verification.json,performance/dedup_cdc_locality/dedup-cdc-scattered-10/perf.jsonl
dedup_cdc_locality,dedup-cdc-scattered-100,100,105906176,101,registered-fixture,,1,pure_call_sum_ns,89368333,PASS,PASS,15000000000,PASS,2064871292,499459083,,,,,,,61063168,4882432,,unavailable: no host CPU counter in this route receipt,14106000,5.280157791916281,,,,,,,,91016709,-1648376,-1.8110696575504615,PASS,PASS,388329959,1bedaeaa3d564286b8ff6a77365d3d7b144a6dc97e236466fa7066826a6acd19,3c797bc6dbfd9b03b919c270b609cad839000b68d67e34f3b00d24717e07f39a,91ef300dcb8b8bd17be59dbf2e54b90d36aee62d492cc493dda3f0cfb3ab92cb,3e2f4e5f7d9c77cfafcf6915903d9c32ba203aa0acfe0aedf4cabfc39b85fb4e,sha256:9975b10f41d41af17ec0cdd625d587d67f618db475d9390e3c1fe1a31fbe0865,verification/dedup_cdc_locality/dedup-cdc-scattered-100/verification.json,performance/dedup_cdc_locality/dedup-cdc-scattered-100/perf.jsonl
dedup_cdc_locality,dedup-cdc-scattered-500,500,525336576,501,registered-fixture,,1,pure_call_sum_ns,483006833,PASS,PASS,15000000000,PASS,8401518416,970143167,,,,,,,63635456,5091328,,unavailable: no host CPU counter in this route receipt,16283000,19.78213316621259,,,,,,,,452848375,30158458,6.659725344051417,PASS,PASS,397872041,1bedaeaa3d564286b8ff6a77365d3d7b144a6dc97e236466fa7066826a6acd19,3c797bc6dbfd9b03b919c270b609cad839000b68d67e34f3b00d24717e07f39a,91ef300dcb8b8bd17be59dbf2e54b90d36aee62d492cc493dda3f0cfb3ab92cb,6e44d3b546f43baa3676e2f9c177384a4e6e0b594a5bec4ba241c043124fcf69,sha256:9975b10f41d41af17ec0cdd625d587d67f618db475d9390e3c1fe1a31fbe0865,verification/dedup_cdc_locality/dedup-cdc-scattered-500/verification.json.gz,performance/dedup_cdc_locality/dedup-cdc-scattered-500/perf.jsonl
edit_length_preserving,overwrite-head-4k-on-1mib-ops-1,1,1048576,1,registered-fixture,,1,edit_commit_ns,5777000,PASS,PASS,15000000000,PASS,761952834,389069792,7796917,,2050750,3726250,94959,2547750,31064064,4812800,,unavailable: no host CPU counter in this route receipt,37924000,4.893288208171725,,,,,,,,6942334,-1165334,-16.785910905467816,PASS,PASS,349582583,1bedaeaa3d564286b8ff6a77365d3d7b144a6dc97e236466fa7066826a6acd19,3c797bc6dbfd9b03b919c270b609cad839000b68d67e34f3b00d24717e07f39a,91ef300dcb8b8bd17be59dbf2e54b90d36aee62d492cc493dda3f0cfb3ab92cb,3d66ab30ea881a2cb0d9ffe54a45549ec8365f2302c662ebbc6f9c5d03c4a1f2,sha256:9975b10f41d41af17ec0cdd625d587d67f618db475d9390e3c1fe1a31fbe0865,requalification-sdk-v2/verification/edit_length_preserving/overwrite-head-4k-on-1mib-ops-1/verification.json,performance/edit_length_preserving/overwrite-head-4k-on-1mib-ops-1/perf.jsonl
edit_length_preserving,overwrite-head-4k-on-10mib-ops-1,10,10485760,1,registered-fixture,,1,edit_commit_ns,6154125,PASS,PASS,15000000000,PASS,932542333,391950042,7743000,,1974166,4179959,135375,2519166,31096832,5132288,,unavailable: no host CPU counter in this route receipt,39192000,2.007636707741767,,,,,,,,6978750,-824625,-11.816227834497582,PASS,PASS,351992583,1bedaeaa3d564286b8ff6a77365d3d7b144a6dc97e236466fa7066826a6acd19,3c797bc6dbfd9b03b919c270b609cad839000b68d67e34f3b00d24717e07f39a,91ef300dcb8b8bd17be59dbf2e54b90d36aee62d492cc493dda3f0cfb3ab92cb,11994c5a59dfb4cace2fa2e0edbe5daa6fa0c403174bcf4abe5fe849589a5acf,sha256:9975b10f41d41af17ec0cdd625d587d67f618db475d9390e3c1fe1a31fbe0865,requalification-sdk-v2/verification/edit_length_preserving/overwrite-head-4k-on-10mib-ops-1/verification.json,performance/edit_length_preserving/overwrite-head-4k-on-10mib-ops-1/perf.jsonl
edit_length_preserving,overwrite-head-4k-on-100mib-ops-1,100,104857600,1,registered-fixture,,1,edit_commit_ns,6651583,PASS,PASS,15000000000,PASS,2202968792,387482042,8681625,,1959667,4691916,109167,3107459,31162368,4636672,,unavailable: no host CPU counter in this route receipt,42996000,2.074364125262946,,,,,,,,7292333,-640750,-8.786625624474363,PASS,PASS,419409417,1bedaeaa3d564286b8ff6a77365d3d7b144a6dc97e236466fa7066826a6acd19,3c797bc6dbfd9b03b919c270b609cad839000b68d67e34f3b00d24717e07f39a,91ef300dcb8b8bd17be59dbf2e54b90d36aee62d492cc493dda3f0cfb3ab92cb,3b94a56882a9ef13e8e9da420578c52755e7ae9d7493fd38124a64fa49a6e8ba,sha256:9975b10f41d41af17ec0cdd625d587d67f618db475d9390e3c1fe1a31fbe0865,requalification-sdk-v2/verification/edit_length_preserving/overwrite-head-4k-on-100mib-ops-1/verification.json,performance/edit_length_preserving/overwrite-head-4k-on-100mib-ops-1/perf.jsonl
edit_length_preserving,overwrite-head-4k-on-500mib-ops-1,500,524288000,1,registered-fixture,,1,edit_commit_ns,8411084,PASS,PASS,15000000000,PASS,8435273208,397794166,8860791,,2691542,5719542,123834,3103250,31047680,5136384,,unavailable: no host CPU counter in this route receipt,44625000,10.349498459137976,,,,,,,,9354417,-943333,-10.08435907871116,PASS,PASS,762491708,1bedaeaa3d564286b8ff6a77365d3d7b144a6dc97e236466fa7066826a6acd19,3c797bc6dbfd9b03b919c270b609cad839000b68d67e34f3b00d24717e07f39a,91ef300dcb8b8bd17be59dbf2e54b90d36aee62d492cc493dda3f0cfb3ab92cb,23806ddc4e37456509e7eaaa661e9c12030360d48e7c0f836d5b23d69e31a80e,sha256:9975b10f41d41af17ec0cdd625d587d67f618db475d9390e3c1fe1a31fbe0865,requalification-sdk-v2/verification/edit_length_preserving/overwrite-head-4k-on-500mib-ops-1/verification.json,performance/edit_length_preserving/overwrite-head-4k-on-500mib-ops-1/perf.jsonl
edit_length_preserving,overwrite-middle-4k-on-1mib-ops-1,1,1048576,1,registered-fixture,,1,edit_commit_ns,6138666,PASS,PASS,15000000000,PASS,503839042,342000875,7150500,,1897250,4241416,87542,2588417,31080448,4898816,,unavailable: no host CPU counter in this route receipt,37810000,1.4846038329415023,,,,,,,,6263667,-125001,-1.995652067710496,PASS,PASS,285980750,1bedaeaa3d564286b8ff6a77365d3d7b144a6dc97e236466fa7066826a6acd19,3c797bc6dbfd9b03b919c270b609cad839000b68d67e34f3b00d24717e07f39a,91ef300dcb8b8bd17be59dbf2e54b90d36aee62d492cc493dda3f0cfb3ab92cb,de371cc8f53f329c5214fb295ff4f5ca96b2f1179fc59f9454948e73cdedd662,sha256:9975b10f41d41af17ec0cdd625d587d67f618db475d9390e3c1fe1a31fbe0865,requalification-sdk-v2/verification/edit_length_preserving/overwrite-middle-4k-on-1mib-ops-1/verification.json,performance/edit_length_preserving/overwrite-middle-4k-on-1mib-ops-1/perf.jsonl
edit_length_preserving,overwrite-middle-4k-on-10mib-ops-1,10,10485760,1,registered-fixture,,1,edit_commit_ns,5924958,PASS,PASS,15000000000,PASS,536201417,340635583,6635750,,1655958,4269000,124833,2737167,30621696,4898816,,unavailable: no host CPU counter in this route receipt,36786000,1.4658998753875494,,,,,,,,7385542,-1460584,-19.776260158022254,PASS,PASS,358963166,1bedaeaa3d564286b8ff6a77365d3d7b144a6dc97e236466fa7066826a6acd19,3c797bc6dbfd9b03b919c270b609cad839000b68d67e34f3b00d24717e07f39a,91ef300dcb8b8bd17be59dbf2e54b90d36aee62d492cc493dda3f0cfb3ab92cb,814de5a18950bf5b71a1770f863760a014a5893ee36ec185e0755d9844d3523d,sha256:9975b10f41d41af17ec0cdd625d587d67f618db475d9390e3c1fe1a31fbe0865,requalification-sdk-v2/verification/edit_length_preserving/overwrite-middle-4k-on-10mib-ops-1/verification.json,performance/edit_length_preserving/overwrite-middle-4k-on-10mib-ops-1/perf.jsonl
edit_length_preserving,overwrite-middle-4k-on-100mib-ops-1,100,104857600,1,registered-fixture,,1,edit_commit_ns,6188333,PASS,PASS,15000000000,PASS,930304166,338690333,7229333,,1772916,4415417,97834,2361042,30916608,4636672,,unavailable: no host CPU counter in this route receipt,37201000,1.9178994167596102,,,,,,,,6625708,-437375,-6.601181337903814,PASS,PASS,428919084,1bedaeaa3d564286b8ff6a77365d3d7b144a6dc97e236466fa7066826a6acd19,3c797bc6dbfd9b03b919c270b609cad839000b68d67e34f3b00d24717e07f39a,91ef300dcb8b8bd17be59dbf2e54b90d36aee62d492cc493dda3f0cfb3ab92cb,be0922d61f3470e1d193ff0e2d2b2633adae7d3958337413824c8a48da7bbb67,sha256:9975b10f41d41af17ec0cdd625d587d67f618db475d9390e3c1fe1a31fbe0865,requalification-sdk-v2/verification/edit_length_preserving/overwrite-middle-4k-on-100mib-ops-1/verification.json,performance/edit_length_preserving/overwrite-middle-4k-on-100mib-ops-1/perf.jsonl
edit_length_preserving,overwrite-middle-4k-on-500mib-ops-1,500,524288000,1,registered-fixture,,1,edit_commit_ns,7174000,PASS,PASS,15000000000,PASS,2598789625,384326000,6948500,,1987375,5186625,130375,2622166,31014912,5136384,,unavailable: no host CPU counter in this route receipt,41759000,3.9773077918216586,,,,,,,,8928292,-1754292,-19.64868532525594,PASS,PASS,715299208,1bedaeaa3d564286b8ff6a77365d3d7b144a6dc97e236466fa7066826a6acd19,3c797bc6dbfd9b03b919c270b609cad839000b68d67e34f3b00d24717e07f39a,91ef300dcb8b8bd17be59dbf2e54b90d36aee62d492cc493dda3f0cfb3ab92cb,b627cd87ad5bd31728c3bdc2d8290cbd8676d15e74aba7df55082367742db3b8,sha256:9975b10f41d41af17ec0cdd625d587d67f618db475d9390e3c1fe1a31fbe0865,requalification-sdk-v2/verification/edit_length_preserving/overwrite-middle-4k-on-500mib-ops-1/verification.json,performance/edit_length_preserving/overwrite-middle-4k-on-500mib-ops-1/perf.jsonl
edit_length_preserving,overwrite-tail-4k-on-1mib-ops-1,1,1048576,1,registered-fixture,,1,edit_commit_ns,6112375,PASS,PASS,15000000000,PASS,512435291,390314958,7912709,,2017750,4094625,112375,2477917,31014912,5914624,,unavailable: no host CPU counter in this route receipt,39144000,1.6904152501374483,,,,,,,,6207209,-94834,-1.527804203145085,PASS,PASS,345600916,1bedaeaa3d564286b8ff6a77365d3d7b144a6dc97e236466fa7066826a6acd19,3c797bc6dbfd9b03b919c270b609cad839000b68d67e34f3b00d24717e07f39a,91ef300dcb8b8bd17be59dbf2e54b90d36aee62d492cc493dda3f0cfb3ab92cb,c4a8a22e198828dc1b0359ab6321323c3e88e5abb5929c500e22e6a5963a076f,sha256:9975b10f41d41af17ec0cdd625d587d67f618db475d9390e3c1fe1a31fbe0865,requalification-sdk-v2/verification/edit_length_preserving/overwrite-tail-4k-on-1mib-ops-1/verification.json,performance/edit_length_preserving/overwrite-tail-4k-on-1mib-ops-1/perf.jsonl
edit_length_preserving,overwrite-tail-4k-on-10mib-ops-1,10,10485760,1,registered-fixture,,1,edit_commit_ns,7265084,PASS,PASS,15000000000,PASS,533267708,387960834,11774250,,2349000,4916084,115709,2885083,30720000,4620288,,unavailable: no host CPU counter in this route receipt,42119000,1.5769604998640716,,,,,,,,6988708,276376,3.9546079189458196,PASS,PASS,358187834,1bedaeaa3d564286b8ff6a77365d3d7b144a6dc97e236466fa7066826a6acd19,3c797bc6dbfd9b03b919c270b609cad839000b68d67e34f3b00d24717e07f39a,91ef300dcb8b8bd17be59dbf2e54b90d36aee62d492cc493dda3f0cfb3ab92cb,08ddc0d9aa95dd3ac86b86b292229978d288cccf4c2ee90e6652e1d6892bbe75,sha256:9975b10f41d41af17ec0cdd625d587d67f618db475d9390e3c1fe1a31fbe0865,requalification-sdk-v2/verification/edit_length_preserving/overwrite-tail-4k-on-10mib-ops-1/verification.json,performance/edit_length_preserving/overwrite-tail-4k-on-10mib-ops-1/perf.jsonl
edit_length_preserving,overwrite-tail-4k-on-100mib-ops-1,100,104857600,1,registered-fixture,,1,edit_commit_ns,7631041,PASS,PASS,15000000000,PASS,877366292,398838333,7989625,,2410375,5220666,163917,2938000,30982144,5136384,,unavailable: no host CPU counter in this route receipt,44717000,2.0943664158694446,,,,,,,,8001375,-370334,-4.628379497273906,PASS,PASS,424090917,1bedaeaa3d564286b8ff6a77365d3d7b144a6dc97e236466fa7066826a6acd19,3c797bc6dbfd9b03b919c270b609cad839000b68d67e34f3b00d24717e07f39a,91ef300dcb8b8bd17be59dbf2e54b90d36aee62d492cc493dda3f0cfb3ab92cb,f0e66dcc194c4c8940d96b7054a37cf9a05d2dcb8871bbd4083bb423219ac99e,sha256:9975b10f41d41af17ec0cdd625d587d67f618db475d9390e3c1fe1a31fbe0865,requalification-sdk-v2/verification/edit_length_preserving/overwrite-tail-4k-on-100mib-ops-1/verification.json,performance/edit_length_preserving/overwrite-tail-4k-on-100mib-ops-1/perf.jsonl
edit_length_preserving,overwrite-tail-4k-on-500mib-ops-1,500,524288000,1,registered-fixture,,1,edit_commit_ns,9377875,PASS,PASS,15000000000,PASS,2491497125,440484625,10113416,,2317916,7059959,146042,3229416,30883840,5050368,,unavailable: no host CPU counter in this route receipt,50650000,4.1155280829407275,,,,,,,,8343125,1034750,12.402427148100982,PASS,PASS,808891916,1bedaeaa3d564286b8ff6a77365d3d7b144a6dc97e236466fa7066826a6acd19,3c797bc6dbfd9b03b919c270b609cad839000b68d67e34f3b00d24717e07f39a,91ef300dcb8b8bd17be59dbf2e54b90d36aee62d492cc493dda3f0cfb3ab92cb,d8217ada4735254db0afe86101919c289f1c499b3a449e93881877026560be65,sha256:9975b10f41d41af17ec0cdd625d587d67f618db475d9390e3c1fe1a31fbe0865,requalification-sdk-v2/verification/edit_length_preserving/overwrite-tail-4k-on-500mib-ops-1/verification.json,performance/edit_length_preserving/overwrite-tail-4k-on-500mib-ops-1/perf.jsonl
edit_length_changing,insert-middle-4k-on-1mib-ops-1,1,1048576,1,registered-fixture,,1,edit_commit_ns,5589750,PASS,PASS,15000000000,PASS,619883709,388549000,6300916,,1780208,3809542,101250,2408083,30900224,5136384,,unavailable: no host CPU counter in this route receipt,36293000,1.645815750118345,,,,,,,,6652125,-1062375,-15.970460567112013,PASS,PASS,400713625,1bedaeaa3d564286b8ff6a77365d3d7b144a6dc97e236466fa7066826a6acd19,3c797bc6dbfd9b03b919c270b609cad839000b68d67e34f3b00d24717e07f39a,91ef300dcb8b8bd17be59dbf2e54b90d36aee62d492cc493dda3f0cfb3ab92cb,40a97811081acee8c9fb46940434dba02e74ef77cbd373ca0c66e2e6663c2153,sha256:9975b10f41d41af17ec0cdd625d587d67f618db475d9390e3c1fe1a31fbe0865,requalification-sdk-v2/verification/edit_length_changing/insert-middle-4k-on-1mib-ops-1/verification.json,performance/edit_length_changing/insert-middle-4k-on-1mib-ops-1/perf.jsonl
edit_length_changing,insert-middle-4k-on-10mib-ops-1,10,10485760,1,registered-fixture,,1,edit_commit_ns,7396250,PASS,PASS,15000000000,PASS,642063042,389152583,7332375,,2539083,4857167,103333,3014541,30982144,4878336,,unavailable: no host CPU counter in this route receipt,42079000,1.629339958075434,,,,,,,,7750375,-354125,-4.569133751592664,PASS,PASS,354776083,1bedaeaa3d564286b8ff6a77365d3d7b144a6dc97e236466fa7066826a6acd19,3c797bc6dbfd9b03b919c270b609cad839000b68d67e34f3b00d24717e07f39a,91ef300dcb8b8bd17be59dbf2e54b90d36aee62d492cc493dda3f0cfb3ab92cb,782e97aca5ea013cb36668fc78b0081e92a678cf2d64bc4484ae71a08dc7bfaf,sha256:9975b10f41d41af17ec0cdd625d587d67f618db475d9390e3c1fe1a31fbe0865,requalification-sdk-v2/verification/edit_length_changing/insert-middle-4k-on-10mib-ops-1/verification.json,performance/edit_length_changing/insert-middle-4k-on-10mib-ops-1/perf.jsonl
edit_length_changing,insert-middle-4k-on-100mib-ops-1,100,104857600,1,registered-fixture,,1,edit_commit_ns,12439416,PASS,PASS,15000000000,PASS,873305167,386261084,10280125,,2867416,9572000,188166,4050000,30769152,4870144,,unavailable: no host CPU counter in this route receipt,57843000,2.126746834255755,,,,,,,,6844833,5594583,81.734397318386,PASS,PASS,417302458,1bedaeaa3d564286b8ff6a77365d3d7b144a6dc97e236466fa7066826a6acd19,3c797bc6dbfd9b03b919c270b609cad839000b68d67e34f3b00d24717e07f39a,91ef300dcb8b8bd17be59dbf2e54b90d36aee62d492cc493dda3f0cfb3ab92cb,6ee56dca16a966fc5ce3e327b0d001a73a67b4345a371192a5a5c3bcdb6ab094,sha256:9975b10f41d41af17ec0cdd625d587d67f618db475d9390e3c1fe1a31fbe0865,requalification-sdk-v2/verification/edit_length_changing/insert-middle-4k-on-100mib-ops-1/verification.json,performance/edit_length_changing/insert-middle-4k-on-100mib-ops-1/perf.jsonl
edit_length_changing,insert-middle-4k-on-500mib-result-capped-v2-ops-1,500,524283904,1,registered-fixture,,1,edit_commit_ns,18010583,PASS,PASS,15000000000,PASS,8505556875,392922416,12178708,,5572500,12438083,122250,4437167,31195136,5914624,,unavailable: no host CPU counter in this route receipt,70817000,10.1168696670793,,,,,,,,7268666,10741917,147.78388496596213,PASS,PASS,723100833,1bedaeaa3d564286b8ff6a77365d3d7b144a6dc97e236466fa7066826a6acd19,3c797bc6dbfd9b03b919c270b609cad839000b68d67e34f3b00d24717e07f39a,91ef300dcb8b8bd17be59dbf2e54b90d36aee62d492cc493dda3f0cfb3ab92cb,665b578f7e137f2223741e41a5d0b6e9519ffa73e10ecdd1b2354f884531f8d4,sha256:9975b10f41d41af17ec0cdd625d587d67f618db475d9390e3c1fe1a31fbe0865,requalification-sdk-v2/verification/edit_length_changing/insert-middle-4k-on-500mib-result-capped-v2-ops-1/verification.json,performance/edit_length_changing/insert-middle-4k-on-500mib-result-capped-v2-ops-1/perf.jsonl
edit_length_changing,delete-middle-4k-on-1mib-ops-1,1,1048576,1,registered-fixture,,1,edit_commit_ns,5290000,PASS,PASS,15000000000,PASS,494785584,383185750,6594042,,1773041,3516959,112250,2542125,31195136,4612096,,unavailable: no host CPU counter in this route receipt,37293000,1.6300312080420554,,,,,,,,6012584,-722584,-12.017861205764444,PASS,PASS,350212584,1bedaeaa3d564286b8ff6a77365d3d7b144a6dc97e236466fa7066826a6acd19,3c797bc6dbfd9b03b919c270b609cad839000b68d67e34f3b00d24717e07f39a,91ef300dcb8b8bd17be59dbf2e54b90d36aee62d492cc493dda3f0cfb3ab92cb,15f977b2d6296d336e9df2555ca8cf5d19894eb6da27cc35705e6e8c48e8ecf8,sha256:9975b10f41d41af17ec0cdd625d587d67f618db475d9390e3c1fe1a31fbe0865,requalification-sdk-v2/verification/edit_length_changing/delete-middle-4k-on-1mib-ops-1/verification.json,performance/edit_length_changing/delete-middle-4k-on-1mib-ops-1/perf.jsonl
edit_length_changing,delete-middle-4k-on-10mib-ops-1,10,10485760,1,registered-fixture,,1,edit_commit_ns,6569875,PASS,PASS,15000000000,PASS,535313125,390824000,8425750,,1863167,4706708,95250,2604625,31080448,4608000,,unavailable: no host CPU counter in this route receipt,40410000,1.6265036249533296,,,,,,,,6360750,209125,3.287741225484416,PASS,PASS,353944083,1bedaeaa3d564286b8ff6a77365d3d7b144a6dc97e236466fa7066826a6acd19,3c797bc6dbfd9b03b919c270b609cad839000b68d67e34f3b00d24717e07f39a,91ef300dcb8b8bd17be59dbf2e54b90d36aee62d492cc493dda3f0cfb3ab92cb,0cff3353c3178628baa446bcae2557dda44f92ab20e47dda8ef1c1962b2246f5,sha256:9975b10f41d41af17ec0cdd625d587d67f618db475d9390e3c1fe1a31fbe0865,requalification-sdk-v2/verification/edit_length_changing/delete-middle-4k-on-10mib-ops-1/verification.json,performance/edit_length_changing/delete-middle-4k-on-10mib-ops-1/perf.jsonl
edit_length_changing,delete-middle-4k-on-100mib-ops-1,100,104857600,1,registered-fixture,,1,edit_commit_ns,6758000,PASS,PASS,15000000000,PASS,953562375,388547333,8090584,,1861000,4897000,112208,2550084,31047680,4820992,,unavailable: no host CPU counter in this route receipt,39493000,2.165766208432615,,,,,,,,6718500,39500,0.5879288531666295,PASS,PASS,413237750,1bedaeaa3d564286b8ff6a77365d3d7b144a6dc97e236466fa7066826a6acd19,3c797bc6dbfd9b03b919c270b609cad839000b68d67e34f3b00d24717e07f39a,91ef300dcb8b8bd17be59dbf2e54b90d36aee62d492cc493dda3f0cfb3ab92cb,3b871c390bd723e132b8bc19c9fc5c4eadd3eb5f6e43381425b8bbff793af5fc,sha256:9975b10f41d41af17ec0cdd625d587d67f618db475d9390e3c1fe1a31fbe0865,requalification-sdk-v2/verification/edit_length_changing/delete-middle-4k-on-100mib-ops-1/verification.json,performance/edit_length_changing/delete-middle-4k-on-100mib-ops-1/perf.jsonl
edit_length_changing,delete-middle-4k-on-500mib-ops-1,500,524288000,1,registered-fixture,,1,edit_commit_ns,7488083,PASS,PASS,15000000000,PASS,2614622458,392798917,7067000,,1992666,5495417,115000,2521667,31031296,5914624,,unavailable: no host CPU counter in this route receipt,43257000,3.7909686248749495,,,,,,,,7113250,374833,5.269504094471585,PASS,PASS,813055584,1bedaeaa3d564286b8ff6a77365d3d7b144a6dc97e236466fa7066826a6acd19,3c797bc6dbfd9b03b919c270b609cad839000b68d67e34f3b00d24717e07f39a,91ef300dcb8b8bd17be59dbf2e54b90d36aee62d492cc493dda3f0cfb3ab92cb,4ee4cf1f9ad6ce284b384aebdfa654ddef6597da780085ee67c1e0078d71a616,sha256:9975b10f41d41af17ec0cdd625d587d67f618db475d9390e3c1fe1a31fbe0865,requalification-sdk-v2/verification/edit_length_changing/delete-middle-4k-on-500mib-ops-1/verification.json,performance/edit_length_changing/delete-middle-4k-on-500mib-ops-1/perf.jsonl
edit_length_changing,append-tail-4k-on-1mib-ops-1,1,1048576,1,registered-fixture,,1,edit_commit_ns,6261125,PASS,PASS,15000000000,PASS,547725791,389554209,7976042,,2073041,4188084,131208,2969625,30916608,5386240,,unavailable: no host CPU counter in this route receipt,40353000,1.598674583248794,,,,,,,,7266208,-1005083,-13.832290515217842,PASS,PASS,350065375,1bedaeaa3d564286b8ff6a77365d3d7b144a6dc97e236466fa7066826a6acd19,3c797bc6dbfd9b03b919c270b609cad839000b68d67e34f3b00d24717e07f39a,91ef300dcb8b8bd17be59dbf2e54b90d36aee62d492cc493dda3f0cfb3ab92cb,45f6bf16541407a28335187a5eeb0b28b8989431e685af188707c24bd835c9d1,sha256:9975b10f41d41af17ec0cdd625d587d67f618db475d9390e3c1fe1a31fbe0865,requalification-sdk-v2/verification/edit_length_changing/append-tail-4k-on-1mib-ops-1/verification.json,performance/edit_length_changing/append-tail-4k-on-1mib-ops-1/perf.jsonl
edit_length_changing,append-tail-4k-on-10mib-ops-1,10,10485760,1,registered-fixture,,1,edit_commit_ns,5905416,PASS,PASS,15000000000,PASS,577061291,331695417,7958125,,1937041,3968375,100583,2703459,30883840,5439488,,unavailable: no host CPU counter in this route receipt,40262000,1.5596828749403358,,,,,,,,7074333,-1168917,-16.523352802306594,PASS,PASS,350527583,1bedaeaa3d564286b8ff6a77365d3d7b144a6dc97e236466fa7066826a6acd19,3c797bc6dbfd9b03b919c270b609cad839000b68d67e34f3b00d24717e07f39a,91ef300dcb8b8bd17be59dbf2e54b90d36aee62d492cc493dda3f0cfb3ab92cb,dd9f86fb6231223c90a068b7d53876500f703c62ea676ca5985adcc289fab63c,sha256:9975b10f41d41af17ec0cdd625d587d67f618db475d9390e3c1fe1a31fbe0865,requalification-sdk-v2/verification/edit_length_changing/append-tail-4k-on-10mib-ops-1/verification.json,performance/edit_length_changing/append-tail-4k-on-10mib-ops-1/perf.jsonl
edit_length_changing,append-tail-4k-on-100mib-ops-1,100,104857600,1,registered-fixture,,1,edit_commit_ns,6254875,PASS,PASS,15000000000,PASS,871561750,392160250,8596125,,1951750,4303125,120458,2538250,31162368,5443584,,unavailable: no host CPU counter in this route receipt,38096000,2.0242148749530315,,,,,,,,7521583,-1266708,-16.84097616153408,PASS,PASS,421694750,1bedaeaa3d564286b8ff6a77365d3d7b144a6dc97e236466fa7066826a6acd19,3c797bc6dbfd9b03b919c270b609cad839000b68d67e34f3b00d24717e07f39a,91ef300dcb8b8bd17be59dbf2e54b90d36aee62d492cc493dda3f0cfb3ab92cb,ac35df7a47988cd852ec84e58ac8cba77eb3dfb00b25f3f998aa7881626f19f6,sha256:9975b10f41d41af17ec0cdd625d587d67f618db475d9390e3c1fe1a31fbe0865,requalification-sdk-v2/verification/edit_length_changing/append-tail-4k-on-100mib-ops-1/verification.json,performance/edit_length_changing/append-tail-4k-on-100mib-ops-1/perf.jsonl
edit_length_changing,append-tail-4k-on-500mib-result-capped-v2-ops-1,500,524283904,1,registered-fixture,,1,edit_commit_ns,6686041,PASS,PASS,15000000000,PASS,2605320042,395464375,9098708,,1991125,4694916,128125,2492292,30801920,4878336,,unavailable: no host CPU counter in this route receipt,39125000,3.907536083832383,,,,,,,,7323291,-637250,-8.701688899157496,PASS,PASS,730558375,1bedaeaa3d564286b8ff6a77365d3d7b144a6dc97e236466fa7066826a6acd19,3c797bc6dbfd9b03b919c270b609cad839000b68d67e34f3b00d24717e07f39a,91ef300dcb8b8bd17be59dbf2e54b90d36aee62d492cc493dda3f0cfb3ab92cb,4b42b438e27ebb2b1d1ae0e3617875d5c2da887365d68f5a2fbb6771e279cca5,sha256:9975b10f41d41af17ec0cdd625d587d67f618db475d9390e3c1fe1a31fbe0865,requalification-sdk-v2/verification/edit_length_changing/append-tail-4k-on-500mib-result-capped-v2-ops-1/verification.json,performance/edit_length_changing/append-tail-4k-on-500mib-result-capped-v2-ops-1/perf.jsonl
edit_length_changing,prepend-head-4k-on-1mib-ops-1,1,1048576,1,registered-fixture,,1,edit_commit_ns,5905500,PASS,PASS,15000000000,PASS,489848750,394819209,7620291,,1952083,3953417,111000,2434500,31031296,5136384,,unavailable: no host CPU counter in this route receipt,37588000,1.6000570417381823,,,,,,,,7075208,-1169708,-16.532489221518293,PASS,PASS,344768000,1bedaeaa3d564286b8ff6a77365d3d7b144a6dc97e236466fa7066826a6acd19,3c797bc6dbfd9b03b919c270b609cad839000b68d67e34f3b00d24717e07f39a,91ef300dcb8b8bd17be59dbf2e54b90d36aee62d492cc493dda3f0cfb3ab92cb,6f39752ace7f4db0423fc51ed0ed04cc94d17b89b9ee51ea07c99a465bc5e69c,sha256:9975b10f41d41af17ec0cdd625d587d67f618db475d9390e3c1fe1a31fbe0865,requalification-sdk-v2/verification/edit_length_changing/prepend-head-4k-on-1mib-ops-1/verification.json,performance/edit_length_changing/prepend-head-4k-on-1mib-ops-1/perf.jsonl
edit_length_changing,prepend-head-4k-on-10mib-ops-1,10,10485760,1,registered-fixture,,1,edit_commit_ns,5671583,PASS,PASS,15000000000,PASS,561947875,342807666,7931709,,1734708,3936875,127958,2704334,30916608,5668864,,unavailable: no host CPU counter in this route receipt,35895000,1.475805874913931,,,,,,,,6295666,-624083,-9.912898810070292,PASS,PASS,360275208,1bedaeaa3d564286b8ff6a77365d3d7b144a6dc97e236466fa7066826a6acd19,3c797bc6dbfd9b03b919c270b609cad839000b68d67e34f3b00d24717e07f39a,91ef300dcb8b8bd17be59dbf2e54b90d36aee62d492cc493dda3f0cfb3ab92cb,a4eb01a6a0c2509d34a6ca37019a5f1eeae2100b2699d28368dd29b6e6080340,sha256:9975b10f41d41af17ec0cdd625d587d67f618db475d9390e3c1fe1a31fbe0865,requalification-sdk-v2/verification/edit_length_changing/prepend-head-4k-on-10mib-ops-1/verification.json,performance/edit_length_changing/prepend-head-4k-on-10mib-ops-1/perf.jsonl
edit_length_changing,prepend-head-4k-on-100mib-ops-1,100,104857600,1,registered-fixture,,1,edit_commit_ns,6269458,PASS,PASS,15000000000,PASS,912460459,391782542,8465000,,2164458,4105000,85458,2596917,30883840,5390336,,unavailable: no host CPU counter in this route receipt,40468000,2.0379828750155866,,,,,,,,6176291,93167,1.5084619555652414,PASS,PASS,416277375,1bedaeaa3d564286b8ff6a77365d3d7b144a6dc97e236466fa7066826a6acd19,3c797bc6dbfd9b03b919c270b609cad839000b68d67e34f3b00d24717e07f39a,91ef300dcb8b8bd17be59dbf2e54b90d36aee62d492cc493dda3f0cfb3ab92cb,d1077f3fc23f19d4751599b93891845a455163b5f2f52250876e1c08e23485fb,sha256:9975b10f41d41af17ec0cdd625d587d67f618db475d9390e3c1fe1a31fbe0865,requalification-sdk-v2/verification/edit_length_changing/prepend-head-4k-on-100mib-ops-1/verification.json,performance/edit_length_changing/prepend-head-4k-on-100mib-ops-1/perf.jsonl
edit_length_changing,prepend-head-4k-on-500mib-result-capped-v2-ops-1,500,524283904,1,registered-fixture,,1,edit_commit_ns,7098667,PASS,PASS,15000000000,PASS,2640092833,388027041,8659333,,2310250,4788417,91917,2497583,30654464,4616192,,unavailable: no host CPU counter in this route receipt,39342000,3.723122708965093,,,,,,,,7303708,-205041,-2.807354839487011,PASS,PASS,727442125,1bedaeaa3d564286b8ff6a77365d3d7b144a6dc97e236466fa7066826a6acd19,3c797bc6dbfd9b03b919c270b609cad839000b68d67e34f3b00d24717e07f39a,91ef300dcb8b8bd17be59dbf2e54b90d36aee62d492cc493dda3f0cfb3ab92cb,79326adb9a62e86c8800840c78e10dd62a5c357f381b2c5e5e1a39164f518a15,sha256:9975b10f41d41af17ec0cdd625d587d67f618db475d9390e3c1fe1a31fbe0865,requalification-sdk-v2/verification/edit_length_changing/prepend-head-4k-on-500mib-result-capped-v2-ops-1/verification.json,performance/edit_length_changing/prepend-head-4k-on-500mib-result-capped-v2-ops-1/perf.jsonl
edit_length_changing,replace-grow-middle-2k-to-4k-on-1mib-ops-1,1,1048576,1,registered-fixture,,1,edit_commit_ns,5744083,PASS,PASS,15000000000,PASS,498962583,338950250,7343417,,1975417,3768666,95375,2357584,31096832,5394432,,unavailable: no host CPU counter in this route receipt,38535000,1.4701372082345188,,,,,,,,7557375,-1813292,-23.993675052514927,PASS,PASS,346606833,1bedaeaa3d564286b8ff6a77365d3d7b144a6dc97e236466fa7066826a6acd19,3c797bc6dbfd9b03b919c270b609cad839000b68d67e34f3b00d24717e07f39a,91ef300dcb8b8bd17be59dbf2e54b90d36aee62d492cc493dda3f0cfb3ab92cb,c018f7ebb23a32d67249d5c9f98a48546738c8acf485bbc96fc6503ae7ebd9b0,sha256:9975b10f41d41af17ec0cdd625d587d67f618db475d9390e3c1fe1a31fbe0865,requalification-sdk-v2/verification/edit_length_changing/replace-grow-middle-2k-to-4k-on-1mib-ops-1/verification.json,performance/edit_length_changing/replace-grow-middle-2k-to-4k-on-1mib-ops-1/perf.jsonl
edit_length_changing,replace-grow-middle-2k-to-4k-on-10mib-ops-1,10,10485760,1,registered-fixture,,1,edit_commit_ns,6462958,PASS,PASS,15000000000,PASS,578909875,338536250,7594875,,2321791,4141167,127542,2554708,31014912,4874240,,unavailable: no host CPU counter in this route receipt,38868000,1.5025674169883132,,,,,,,,6816834,-353876,-5.191207531238108,PASS,PASS,354272167,1bedaeaa3d564286b8ff6a77365d3d7b144a6dc97e236466fa7066826a6acd19,3c797bc6dbfd9b03b919c270b609cad839000b68d67e34f3b00d24717e07f39a,91ef300dcb8b8bd17be59dbf2e54b90d36aee62d492cc493dda3f0cfb3ab92cb,94c28c5614afb1a91e217077b6a9cbbab792879d2388c847d0c9cb63bf917f59,sha256:9975b10f41d41af17ec0cdd625d587d67f618db475d9390e3c1fe1a31fbe0865,requalification-sdk-v2/verification/edit_length_changing/replace-grow-middle-2k-to-4k-on-10mib-ops-1/verification.json,performance/edit_length_changing/replace-grow-middle-2k-to-4k-on-10mib-ops-1/perf.jsonl
edit_length_changing,replace-grow-middle-2k-to-4k-on-100mib-ops-1,100,104857600,1,registered-fixture,,1,edit_commit_ns,6381708,PASS,PASS,15000000000,PASS,1039865292,396872833,8948542,,1980875,4400833,115333,2718500,31031296,4878336,,unavailable: no host CPU counter in this route receipt,40324000,2.0294438749551773,,,,,,,,9793583,-3411875,-34.83786271071578,PASS,PASS,412850875,1bedaeaa3d564286b8ff6a77365d3d7b144a6dc97e236466fa7066826a6acd19,3c797bc6dbfd9b03b919c270b609cad839000b68d67e34f3b00d24717e07f39a,91ef300dcb8b8bd17be59dbf2e54b90d36aee62d492cc493dda3f0cfb3ab92cb,aef86bcf405894b0fd79fc682f662dd0427face469aacc05fd153cc44493a12c,sha256:9975b10f41d41af17ec0cdd625d587d67f618db475d9390e3c1fe1a31fbe0865,requalification-sdk-v2/verification/edit_length_changing/replace-grow-middle-2k-to-4k-on-100mib-ops-1/verification.json,performance/edit_length_changing/replace-grow-middle-2k-to-4k-on-100mib-ops-1/perf.jsonl
edit_length_changing,replace-grow-middle-2k-to-4k-on-500mib-result-capped-v2-ops-1,500,524285952,1,registered-fixture,,1,edit_commit_ns,7921917,PASS,PASS,15000000000,PASS,8082588625,380420250,8988000,,2165417,5756500,109125,2587917,30736384,5394432,,unavailable: no host CPU counter in this route receipt,43514000,9.569232542067766,,,,,,,,7901833,20084,0.2541688744877296,PASS,PASS,721065834,1bedaeaa3d564286b8ff6a77365d3d7b144a6dc97e236466fa7066826a6acd19,3c797bc6dbfd9b03b919c270b609cad839000b68d67e34f3b00d24717e07f39a,91ef300dcb8b8bd17be59dbf2e54b90d36aee62d492cc493dda3f0cfb3ab92cb,883fd800790235fc4ecaf131f104aa1a5c1f159848fd32c1e9acbb238fb91ca0,sha256:9975b10f41d41af17ec0cdd625d587d67f618db475d9390e3c1fe1a31fbe0865,requalification-sdk-v2/verification/edit_length_changing/replace-grow-middle-2k-to-4k-on-500mib-result-capped-v2-ops-1/verification.json,performance/edit_length_changing/replace-grow-middle-2k-to-4k-on-500mib-result-capped-v2-ops-1/perf.jsonl
edit_length_changing,replace-shrink-middle-4k-to-2k-on-1mib-ops-1,1,1048576,1,registered-fixture,,1,edit_commit_ns,5880000,PASS,PASS,15000000000,PASS,565463541,381368125,8844500,,2001875,3878125,123750,2503500,30818304,5128192,,unavailable: no host CPU counter in this route receipt,39215000,1.4633545419201255,,,,,,,,6608375,-728375,-11.021998600261032,PASS,PASS,344971500,1bedaeaa3d564286b8ff6a77365d3d7b144a6dc97e236466fa7066826a6acd19,3c797bc6dbfd9b03b919c270b609cad839000b68d67e34f3b00d24717e07f39a,91ef300dcb8b8bd17be59dbf2e54b90d36aee62d492cc493dda3f0cfb3ab92cb,64008898c4c359086b4d300717928749db277e12e7129e1fa73abf65f9a5dbe8,sha256:9975b10f41d41af17ec0cdd625d587d67f618db475d9390e3c1fe1a31fbe0865,requalification-sdk-v2/verification/edit_length_changing/replace-shrink-middle-4k-to-2k-on-1mib-ops-1/verification.json,performance/edit_length_changing/replace-shrink-middle-4k-to-2k-on-1mib-ops-1/perf.jsonl
edit_length_changing,replace-shrink-middle-4k-to-2k-on-10mib-ops-1,10,10485760,1,registered-fixture,,1,edit_commit_ns,5769750,PASS,PASS,15000000000,PASS,526781917,342620334,7933333,,1780208,3989542,129166,2721666,31031296,4796416,,unavailable: no host CPU counter in this route receipt,39865000,1.7834462500177324,,,,,,,,5983250,-213500,-3.5682948230476748,PASS,PASS,351494416,1bedaeaa3d564286b8ff6a77365d3d7b144a6dc97e236466fa7066826a6acd19,3c797bc6dbfd9b03b919c270b609cad839000b68d67e34f3b00d24717e07f39a,91ef300dcb8b8bd17be59dbf2e54b90d36aee62d492cc493dda3f0cfb3ab92cb,61fdc3365a7c5486e7138083a51ac58c5d04439058b15bd05777bf548b9b849f,sha256:9975b10f41d41af17ec0cdd625d587d67f618db475d9390e3c1fe1a31fbe0865,requalification-sdk-v2/verification/edit_length_changing/replace-shrink-middle-4k-to-2k-on-10mib-ops-1/verification.json,performance/edit_length_changing/replace-shrink-middle-4k-to-2k-on-10mib-ops-1/perf.jsonl
edit_length_changing,replace-shrink-middle-4k-to-2k-on-100mib-ops-1,100,104857600,1,registered-fixture,,1,edit_commit_ns,7007625,PASS,PASS,15000000000,PASS,917652375,391924667,8224875,,2022333,4985292,98250,2514250,30867456,5652480,,unavailable: no host CPU counter in this route receipt,40879000,2.0271498328074813,,,,,,,,6422166,585459,9.116223405000742,PASS,PASS,423834250,1bedaeaa3d564286b8ff6a77365d3d7b144a6dc97e236466fa7066826a6acd19,3c797bc6dbfd9b03b919c270b609cad839000b68d67e34f3b00d24717e07f39a,91ef300dcb8b8bd17be59dbf2e54b90d36aee62d492cc493dda3f0cfb3ab92cb,487029a9e8e63780211b8bfb562eb2fb4063abd6ee5cb8f3cd900abef9b8faff,sha256:9975b10f41d41af17ec0cdd625d587d67f618db475d9390e3c1fe1a31fbe0865,requalification-sdk-v2/verification/edit_length_changing/replace-shrink-middle-4k-to-2k-on-100mib-ops-1/verification.json,performance/edit_length_changing/replace-shrink-middle-4k-to-2k-on-100mib-ops-1/perf.jsonl
edit_length_changing,replace-shrink-middle-4k-to-2k-on-500mib-ops-1,500,524288000,1,registered-fixture,,1,edit_commit_ns,6996750,PASS,PASS,15000000000,PASS,2473183541,397051125,8583333,,2043875,4952875,112583,2454792,30703616,4612096,,unavailable: no host CPU counter in this route receipt,40402000,4.094620666000992,,,,,,,,6912083,84667,1.2249129531575358,PASS,PASS,721760458,1bedaeaa3d564286b8ff6a77365d3d7b144a6dc97e236466fa7066826a6acd19,3c797bc6dbfd9b03b919c270b609cad839000b68d67e34f3b00d24717e07f39a,91ef300dcb8b8bd17be59dbf2e54b90d36aee62d492cc493dda3f0cfb3ab92cb,124efd4c2d0dab7fd06586ed661a95a720697862dceaf6f83f72c881067108a1,sha256:9975b10f41d41af17ec0cdd625d587d67f618db475d9390e3c1fe1a31fbe0865,requalification-sdk-v2/verification/edit_length_changing/replace-shrink-middle-4k-to-2k-on-500mib-ops-1/verification.json,performance/edit_length_changing/replace-shrink-middle-4k-to-2k-on-500mib-ops-1/perf.jsonl
edit_length_changing,truncate-tail-4k-on-1mib-ops-1,1,1048576,1,registered-fixture,,1,edit_commit_ns,5293459,PASS,PASS,15000000000,PASS,509748958,385535792,11094333,,1929584,3363875,131583,3689625,30818304,4812800,,unavailable: no host CPU counter in this route receipt,39067000,1.5802297913469374,,,,,,,,5454458,-160999,-2.95169565885373,PASS,PASS,347993500,1bedaeaa3d564286b8ff6a77365d3d7b144a6dc97e236466fa7066826a6acd19,3c797bc6dbfd9b03b919c270b609cad839000b68d67e34f3b00d24717e07f39a,91ef300dcb8b8bd17be59dbf2e54b90d36aee62d492cc493dda3f0cfb3ab92cb,3a380ebb14c2170da0d75f90e897d6861c611f12ffba7e70847cb3b31430e9da,sha256:9975b10f41d41af17ec0cdd625d587d67f618db475d9390e3c1fe1a31fbe0865,requalification-sdk-v2/verification/edit_length_changing/truncate-tail-4k-on-1mib-ops-1/verification.json,performance/edit_length_changing/truncate-tail-4k-on-1mib-ops-1/perf.jsonl
edit_length_changing,truncate-tail-4k-on-10mib-ops-1,10,10485760,1,registered-fixture,,1,edit_commit_ns,15641333,PASS,PASS,15000000000,PASS,589715875,391468625,12739000,,5806041,9835292,120667,8948417,31080448,5165056,,unavailable: no host CPU counter in this route receipt,74487000,1.5486287497915328,,,,,,,,6264167,9377166,149.69533858212912,PASS,PASS,348316959,1bedaeaa3d564286b8ff6a77365d3d7b144a6dc97e236466fa7066826a6acd19,3c797bc6dbfd9b03b919c270b609cad839000b68d67e34f3b00d24717e07f39a,91ef300dcb8b8bd17be59dbf2e54b90d36aee62d492cc493dda3f0cfb3ab92cb,f60e866982af2d845fbb691abfce98d7bf4a125bd331fd04e74f2a7d44860f86,sha256:9975b10f41d41af17ec0cdd625d587d67f618db475d9390e3c1fe1a31fbe0865,requalification-sdk-v2/verification/edit_length_changing/truncate-tail-4k-on-10mib-ops-1/verification.json,performance/edit_length_changing/truncate-tail-4k-on-10mib-ops-1/perf.jsonl
edit_length_changing,truncate-tail-4k-on-100mib-ops-1,100,104857600,1,registered-fixture,,1,edit_commit_ns,6527834,PASS,PASS,15000000000,PASS,892365792,393305542,7921042,,2088334,4439500,101875,2765083,31244288,5136384,,unavailable: no host CPU counter in this route receipt,40057000,2.1211761250160635,,,,,,,,6846541,-318707,-4.6550075432251115,PASS,PASS,418761584,1bedaeaa3d564286b8ff6a77365d3d7b144a6dc97e236466fa7066826a6acd19,3c797bc6dbfd9b03b919c270b609cad839000b68d67e34f3b00d24717e07f39a,91ef300dcb8b8bd17be59dbf2e54b90d36aee62d492cc493dda3f0cfb3ab92cb,e6966e4785bb6893afce2d259b84a9aabbdaa0d0d2a554d2c5b3fc0d5aed0380,sha256:9975b10f41d41af17ec0cdd625d587d67f618db475d9390e3c1fe1a31fbe0865,requalification-sdk-v2/verification/edit_length_changing/truncate-tail-4k-on-100mib-ops-1/verification.json,performance/edit_length_changing/truncate-tail-4k-on-100mib-ops-1/perf.jsonl
edit_length_changing,truncate-tail-4k-on-500mib-ops-1,500,524288000,1,registered-fixture,,1,edit_commit_ns,6895459,PASS,PASS,15000000000,PASS,2665103542,393314167,7822375,,1912625,4982834,135875,2979791,31096832,5128192,,unavailable: no host CPU counter in this route receipt,41219000,4.183337207883596,,,,,,,,7533500,-638041,-8.46938342072078,PASS,PASS,760039833,1bedaeaa3d564286b8ff6a77365d3d7b144a6dc97e236466fa7066826a6acd19,3c797bc6dbfd9b03b919c270b609cad839000b68d67e34f3b00d24717e07f39a,91ef300dcb8b8bd17be59dbf2e54b90d36aee62d492cc493dda3f0cfb3ab92cb,ac070e2c76f8b4628894c68da12fec81fec3267784fec80f5cceec2a3e29a5ce,sha256:9975b10f41d41af17ec0cdd625d587d67f618db475d9390e3c1fe1a31fbe0865,requalification-sdk-v2/verification/edit_length_changing/truncate-tail-4k-on-500mib-ops-1/verification.json,performance/edit_length_changing/truncate-tail-4k-on-500mib-ops-1/perf.jsonl
edit_length_changing,zero-extend-tail-4k-on-1mib-ops-1,1,1048576,1,registered-fixture,,1,edit_commit_ns,5633000,PASS,PASS,15000000000,PASS,503058708,331266167,7650125,,1913750,3719250,115542,2801041,31047680,4874240,,unavailable: no host CPU counter in this route receipt,37329000,1.429268625099212,,,,,,,,7085084,-1452084,-20.494944026069415,PASS,PASS,343650667,1bedaeaa3d564286b8ff6a77365d3d7b144a6dc97e236466fa7066826a6acd19,3c797bc6dbfd9b03b919c270b609cad839000b68d67e34f3b00d24717e07f39a,91ef300dcb8b8bd17be59dbf2e54b90d36aee62d492cc493dda3f0cfb3ab92cb,e53db361b5024cdabd7e09be0040cadef0b0711b0cbe9398a4fb458ed523262f,sha256:9975b10f41d41af17ec0cdd625d587d67f618db475d9390e3c1fe1a31fbe0865,requalification-sdk-v2/verification/edit_length_changing/zero-extend-tail-4k-on-1mib-ops-1/verification.json,performance/edit_length_changing/zero-extend-tail-4k-on-1mib-ops-1/perf.jsonl
edit_length_changing,zero-extend-tail-4k-on-10mib-ops-1,10,10485760,1,registered-fixture,,1,edit_commit_ns,5637917,PASS,PASS,15000000000,PASS,548931833,335149458,7032625,,1844583,3793334,114875,2383208,30949376,5402624,,unavailable: no host CPU counter in this route receipt,37536000,1.6796865002252162,,,,,,,,6263375,-625458,-9.985958049773485,PASS,PASS,349409667,1bedaeaa3d564286b8ff6a77365d3d7b144a6dc97e236466fa7066826a6acd19,3c797bc6dbfd9b03b919c270b609cad839000b68d67e34f3b00d24717e07f39a,91ef300dcb8b8bd17be59dbf2e54b90d36aee62d492cc493dda3f0cfb3ab92cb,13c8f0a0227c1c3958901ec55cba5d15973d237569e7ec6926ce92924066bc1d,sha256:9975b10f41d41af17ec0cdd625d587d67f618db475d9390e3c1fe1a31fbe0865,requalification-sdk-v2/verification/edit_length_changing/zero-extend-tail-4k-on-10mib-ops-1/verification.json,performance/edit_length_changing/zero-extend-tail-4k-on-10mib-ops-1/perf.jsonl
edit_length_changing,zero-extend-tail-4k-on-100mib-ops-1,100,104857600,1,registered-fixture,,1,edit_commit_ns,6403792,PASS,PASS,15000000000,PASS,907824291,390253417,7900541,,2307375,4096417,143416,2452375,31178752,4870144,,unavailable: no host CPU counter in this route receipt,38476000,2.3117653341032565,,,,,,,,5945041,458751,7.7165321483905664,PASS,PASS,423399750,1bedaeaa3d564286b8ff6a77365d3d7b144a6dc97e236466fa7066826a6acd19,3c797bc6dbfd9b03b919c270b609cad839000b68d67e34f3b00d24717e07f39a,91ef300dcb8b8bd17be59dbf2e54b90d36aee62d492cc493dda3f0cfb3ab92cb,a4e546d41210ef01922e3eb8a2a3537d8a6118d47c992661269c61be322dd01d,sha256:9975b10f41d41af17ec0cdd625d587d67f618db475d9390e3c1fe1a31fbe0865,requalification-sdk-v2/verification/edit_length_changing/zero-extend-tail-4k-on-100mib-ops-1/verification.json,performance/edit_length_changing/zero-extend-tail-4k-on-100mib-ops-1/perf.jsonl
edit_length_changing,zero-extend-tail-4k-on-500mib-result-capped-v2-ops-1,500,524283904,1,registered-fixture,,1,edit_commit_ns,6663791,PASS,PASS,15000000000,PASS,2681490375,390591917,9272459,,1964250,4699541,108542,2440459,31031296,4874240,,unavailable: no host CPU counter in this route receipt,39607000,4.307895042002201,,,,,,,,7992416,-1328625,-16.623571645920332,PASS,PASS,715315417,1bedaeaa3d564286b8ff6a77365d3d7b144a6dc97e236466fa7066826a6acd19,3c797bc6dbfd9b03b919c270b609cad839000b68d67e34f3b00d24717e07f39a,91ef300dcb8b8bd17be59dbf2e54b90d36aee62d492cc493dda3f0cfb3ab92cb,2a2aec5045da0cb543eb634fd13e73c9e8a03d5c7d7a545518e57a2445c6d255,sha256:9975b10f41d41af17ec0cdd625d587d67f618db475d9390e3c1fe1a31fbe0865,requalification-sdk-v2/verification/edit_length_changing/zero-extend-tail-4k-on-500mib-result-capped-v2-ops-1/verification.json,performance/edit_length_changing/zero-extend-tail-4k-on-500mib-result-capped-v2-ops-1/perf.jsonl
edit_canonical_chunk_count,overwrite-fixed-64k-chunk-count-preserve-on-1mib-ops-1,1,1048576,1,registered-fixture,,1,edit_commit_ns,6854625,PASS,PASS,15000000000,PASS,601477125,389138833,8062125,,2255750,4598875,112041,2482791,31080448,4644864,,unavailable: no host CPU counter in this route receipt,41403000,1.693148166872561,,,,,,,,7344167,-489542,-6.665725330047642,PASS,PASS,345959500,1bedaeaa3d564286b8ff6a77365d3d7b144a6dc97e236466fa7066826a6acd19,3c797bc6dbfd9b03b919c270b609cad839000b68d67e34f3b00d24717e07f39a,91ef300dcb8b8bd17be59dbf2e54b90d36aee62d492cc493dda3f0cfb3ab92cb,112c89a3fcde11f4eec89a60e08a9154eec4320883aafa99b8a0c00e0a9d44b1,sha256:9975b10f41d41af17ec0cdd625d587d67f618db475d9390e3c1fe1a31fbe0865,requalification-sdk-v2/verification/edit_canonical_chunk_count/overwrite-fixed-64k-chunk-count-preserve-on-1mib-ops-1/verification.json,performance/edit_canonical_chunk_count/overwrite-fixed-64k-chunk-count-preserve-on-1mib-ops-1/perf.jsonl
edit_canonical_chunk_count,overwrite-fixed-64k-chunk-count-preserve-on-10mib-ops-1,10,10485760,1,registered-fixture,,1,edit_commit_ns,8506500,PASS,PASS,15000000000,PASS,634703875,335914458,7691666,,2525375,5981125,119167,3010417,31031296,4874240,,unavailable: no host CPU counter in this route receipt,44922000,1.6394168329425156,,,,,,,,7627125,879375,11.52957372535523,PASS,PASS,351893084,1bedaeaa3d564286b8ff6a77365d3d7b144a6dc97e236466fa7066826a6acd19,3c797bc6dbfd9b03b919c270b609cad839000b68d67e34f3b00d24717e07f39a,91ef300dcb8b8bd17be59dbf2e54b90d36aee62d492cc493dda3f0cfb3ab92cb,b5f8f834672c6eeba8c1d8033ceb1b0be0522f7f27ced9f64030e8a656bc9b9c,sha256:9975b10f41d41af17ec0cdd625d587d67f618db475d9390e3c1fe1a31fbe0865,requalification-sdk-v2/verification/edit_canonical_chunk_count/overwrite-fixed-64k-chunk-count-preserve-on-10mib-ops-1/verification.json,performance/edit_canonical_chunk_count/overwrite-fixed-64k-chunk-count-preserve-on-10mib-ops-1/perf.jsonl
edit_canonical_chunk_count,overwrite-fixed-64k-chunk-count-preserve-on-100mib-ops-1,100,104857600,1,registered-fixture,,1,edit_commit_ns,7335375,PASS,PASS,15000000000,PASS,974113500,385743291,7078875,,2052792,5282583,97584,2385459,31031296,4878336,,unavailable: no host CPU counter in this route receipt,39625000,2.086416333913803,,,,,,,,7847042,-511667,-6.520507982498374,PASS,PASS,414174166,1bedaeaa3d564286b8ff6a77365d3d7b144a6dc97e236466fa7066826a6acd19,3c797bc6dbfd9b03b919c270b609cad839000b68d67e34f3b00d24717e07f39a,91ef300dcb8b8bd17be59dbf2e54b90d36aee62d492cc493dda3f0cfb3ab92cb,d1b51d7ec5964f576ed6133d21400d64b621f3c987f219c68c6ac8736caa89bd,sha256:9975b10f41d41af17ec0cdd625d587d67f618db475d9390e3c1fe1a31fbe0865,requalification-sdk-v2/verification/edit_canonical_chunk_count/overwrite-fixed-64k-chunk-count-preserve-on-100mib-ops-1/verification.json,performance/edit_canonical_chunk_count/overwrite-fixed-64k-chunk-count-preserve-on-100mib-ops-1/perf.jsonl
edit_canonical_chunk_count,overwrite-fixed-64k-chunk-count-preserve-on-500mib-ops-1,500,524288000,1,registered-fixture,,1,edit_commit_ns,8269583,PASS,PASS,15000000000,PASS,2488205208,393094125,7949875,,2322833,5946750,105791,2465792,31358976,4870144,,unavailable: no host CPU counter in this route receipt,44506000,4.169705667067319,,,,,,,,9105250,-835667,-9.177858927541802,PASS,PASS,727268583,1bedaeaa3d564286b8ff6a77365d3d7b144a6dc97e236466fa7066826a6acd19,3c797bc6dbfd9b03b919c270b609cad839000b68d67e34f3b00d24717e07f39a,91ef300dcb8b8bd17be59dbf2e54b90d36aee62d492cc493dda3f0cfb3ab92cb,ccd3d26a5c38296ed5eb71cb8b4831fbabc03114e4764d2639c37b6ce99cd626,sha256:9975b10f41d41af17ec0cdd625d587d67f618db475d9390e3c1fe1a31fbe0865,requalification-sdk-v2/verification/edit_canonical_chunk_count/overwrite-fixed-64k-chunk-count-preserve-on-500mib-ops-1/verification.json,performance/edit_canonical_chunk_count/overwrite-fixed-64k-chunk-count-preserve-on-500mib-ops-1/perf.jsonl
edit_canonical_chunk_count,overwrite-fixed-64k-chunk-count-increase-on-1mib-ops-1,1,1048576,1,registered-fixture,,1,edit_commit_ns,7852416,PASS,PASS,15000000000,PASS,503634292,339537292,7676250,,2481750,5370666,120333,2874292,31096832,5148672,,unavailable: no host CPU counter in this route receipt,42353000,1.4702880419790745,,,,,,,,7252625,599791,8.269985005429069,PASS,PASS,350795791,1bedaeaa3d564286b8ff6a77365d3d7b144a6dc97e236466fa7066826a6acd19,3c797bc6dbfd9b03b919c270b609cad839000b68d67e34f3b00d24717e07f39a,91ef300dcb8b8bd17be59dbf2e54b90d36aee62d492cc493dda3f0cfb3ab92cb,7ab4ad2627533ae8ffcb3100445c832ac0dde6894e26d2ca2bd8d52eb4a7a7b0,sha256:9975b10f41d41af17ec0cdd625d587d67f618db475d9390e3c1fe1a31fbe0865,requalification-sdk-v2/verification/edit_canonical_chunk_count/overwrite-fixed-64k-chunk-count-increase-on-1mib-ops-1/verification.json,performance/edit_canonical_chunk_count/overwrite-fixed-64k-chunk-count-increase-on-1mib-ops-1/perf.jsonl
edit_canonical_chunk_count,overwrite-fixed-64k-chunk-count-increase-on-10mib-ops-1,10,10485760,1,registered-fixture,,1,edit_commit_ns,7515667,PASS,PASS,15000000000,PASS,589143917,341236167,8196833,,2100792,5414875,75917,2522500,30949376,4870144,,unavailable: no host CPU counter in this route receipt,39566000,1.5128514170646667,,,,,,,,7746000,-230333,-2.9735734572682673,PASS,PASS,358135750,1bedaeaa3d564286b8ff6a77365d3d7b144a6dc97e236466fa7066826a6acd19,3c797bc6dbfd9b03b919c270b609cad839000b68d67e34f3b00d24717e07f39a,91ef300dcb8b8bd17be59dbf2e54b90d36aee62d492cc493dda3f0cfb3ab92cb,dd632fc24d90329c7f0b6675291e0d1f690425911407a3b31e0262e21cbd6fc9,sha256:9975b10f41d41af17ec0cdd625d587d67f618db475d9390e3c1fe1a31fbe0865,requalification-sdk-v2/verification/edit_canonical_chunk_count/overwrite-fixed-64k-chunk-count-increase-on-10mib-ops-1/verification.json,performance/edit_canonical_chunk_count/overwrite-fixed-64k-chunk-count-increase-on-10mib-ops-1/perf.jsonl
edit_canonical_chunk_count,overwrite-fixed-64k-chunk-count-increase-on-100mib-ops-1,100,104857600,1,registered-fixture,,1,edit_commit_ns,7869709,PASS,PASS,15000000000,PASS,964054416,389649208,7183833,,2351334,5518375,90292,2538375,30851072,5066752,,unavailable: no host CPU counter in this route receipt,41526000,2.0101697077043355,,,,,,,,8518917,-649208,-7.62078090442717,PASS,PASS,422292125,1bedaeaa3d564286b8ff6a77365d3d7b144a6dc97e236466fa7066826a6acd19,3c797bc6dbfd9b03b919c270b609cad839000b68d67e34f3b00d24717e07f39a,91ef300dcb8b8bd17be59dbf2e54b90d36aee62d492cc493dda3f0cfb3ab92cb,20a6b8e82fda0d7a61866b2864e012c7565d1ef75eca27abdf41216a99c3cba6,sha256:9975b10f41d41af17ec0cdd625d587d67f618db475d9390e3c1fe1a31fbe0865,requalification-sdk-v2/verification/edit_canonical_chunk_count/overwrite-fixed-64k-chunk-count-increase-on-100mib-ops-1/verification.json,performance/edit_canonical_chunk_count/overwrite-fixed-64k-chunk-count-increase-on-100mib-ops-1/perf.jsonl
edit_canonical_chunk_count,overwrite-fixed-64k-chunk-count-increase-on-500mib-ops-1,500,524288000,1,registered-fixture,,1,edit_commit_ns,8466250,PASS,PASS,15000000000,PASS,2586135292,397109375,7030500,,2244167,6222083,96167,2647834,31014912,5136384,,unavailable: no host CPU counter in this route receipt,44078000,3.829485333058983,,,,,,,,8662125,-195875,-2.2612811521422285,PASS,PASS,751861000,1bedaeaa3d564286b8ff6a77365d3d7b144a6dc97e236466fa7066826a6acd19,3c797bc6dbfd9b03b919c270b609cad839000b68d67e34f3b00d24717e07f39a,91ef300dcb8b8bd17be59dbf2e54b90d36aee62d492cc493dda3f0cfb3ab92cb,9649b1032f265690e33813d55e5eafc15ea6b4581009e529e6be6c28059c9b96,sha256:9975b10f41d41af17ec0cdd625d587d67f618db475d9390e3c1fe1a31fbe0865,requalification-sdk-v2/verification/edit_canonical_chunk_count/overwrite-fixed-64k-chunk-count-increase-on-500mib-ops-1/verification.json,performance/edit_canonical_chunk_count/overwrite-fixed-64k-chunk-count-increase-on-500mib-ops-1/perf.jsonl
edit_canonical_chunk_count,overwrite-fixed-64k-chunk-count-decrease-on-1mib-ops-1,1,1048576,1,registered-fixture,,1,edit_commit_ns,7175375,PASS,PASS,15000000000,PASS,562585583,336607458,8316500,,2428208,4747167,110209,2432958,30932992,4882432,,unavailable: no host CPU counter in this route receipt,42691000,1.5791225829161704,,,,,,,,8122250,-946875,-11.657791868016867,PASS,PASS,344610166,1bedaeaa3d564286b8ff6a77365d3d7b144a6dc97e236466fa7066826a6acd19,3c797bc6dbfd9b03b919c270b609cad839000b68d67e34f3b00d24717e07f39a,91ef300dcb8b8bd17be59dbf2e54b90d36aee62d492cc493dda3f0cfb3ab92cb,9ec942a1ca16f0fca61c7d3c04ee443d38701155851c3fccd5d5678bb6d9d4ea,sha256:9975b10f41d41af17ec0cdd625d587d67f618db475d9390e3c1fe1a31fbe0865,requalification-sdk-v2/verification/edit_canonical_chunk_count/overwrite-fixed-64k-chunk-count-decrease-on-1mib-ops-1/verification.json,performance/edit_canonical_chunk_count/overwrite-fixed-64k-chunk-count-decrease-on-1mib-ops-1/perf.jsonl
edit_canonical_chunk_count,overwrite-fixed-64k-chunk-count-decrease-on-10mib-ops-1,10,10485760,1,registered-fixture,,1,edit_commit_ns,7013292,PASS,PASS,15000000000,PASS,535495042,390773000,6940666,,2069042,4944250,95291,2517416,30736384,4808704,,unavailable: no host CPU counter in this route receipt,38888000,1.7167114582844079,,,,,,,,7611792,-598500,-7.862800244673002,PASS,PASS,360218833,1bedaeaa3d564286b8ff6a77365d3d7b144a6dc97e236466fa7066826a6acd19,3c797bc6dbfd9b03b919c270b609cad839000b68d67e34f3b00d24717e07f39a,91ef300dcb8b8bd17be59dbf2e54b90d36aee62d492cc493dda3f0cfb3ab92cb,74982078192e6e0fb5675d99234651c8629b51090b6c3995a237bacf1e03183f,sha256:9975b10f41d41af17ec0cdd625d587d67f618db475d9390e3c1fe1a31fbe0865,requalification-sdk-v2/verification/edit_canonical_chunk_count/overwrite-fixed-64k-chunk-count-decrease-on-10mib-ops-1/verification.json,performance/edit_canonical_chunk_count/overwrite-fixed-64k-chunk-count-decrease-on-10mib-ops-1/perf.jsonl
edit_canonical_chunk_count,overwrite-fixed-64k-chunk-count-decrease-on-100mib-ops-1,100,104857600,1,registered-fixture,,1,edit_commit_ns,7582042,PASS,PASS,15000000000,PASS,852123208,387917542,7962875,,2203834,5378208,112834,2816958,30982144,4874240,,unavailable: no host CPU counter in this route receipt,42248000,2.053627416025847,,,,,,,,8010000,-427958,-5.342796504369538,PASS,PASS,430563459,1bedaeaa3d564286b8ff6a77365d3d7b144a6dc97e236466fa7066826a6acd19,3c797bc6dbfd9b03b919c270b609cad839000b68d67e34f3b00d24717e07f39a,91ef300dcb8b8bd17be59dbf2e54b90d36aee62d492cc493dda3f0cfb3ab92cb,bb2b882042f084f44e9c2685b319b8d6f83f9677878d7bb0bb1426689aa9a207,sha256:9975b10f41d41af17ec0cdd625d587d67f618db475d9390e3c1fe1a31fbe0865,requalification-sdk-v2/verification/edit_canonical_chunk_count/overwrite-fixed-64k-chunk-count-decrease-on-100mib-ops-1/verification.json,performance/edit_canonical_chunk_count/overwrite-fixed-64k-chunk-count-decrease-on-100mib-ops-1/perf.jsonl
edit_canonical_chunk_count,overwrite-fixed-64k-chunk-count-decrease-on-500mib-ops-1,500,524288000,1,registered-fixture,,1,edit_commit_ns,8095500,PASS,PASS,15000000000,PASS,2682760625,388367000,8024500,,2212750,5882750,107792,2656542,30998528,4870144,,unavailable: no host CPU counter in this route receipt,43783000,4.162201290950179,,,,,,,,7998375,97125,1.2143091565474238,PASS,PASS,725526750,1bedaeaa3d564286b8ff6a77365d3d7b144a6dc97e236466fa7066826a6acd19,3c797bc6dbfd9b03b919c270b609cad839000b68d67e34f3b00d24717e07f39a,91ef300dcb8b8bd17be59dbf2e54b90d36aee62d492cc493dda3f0cfb3ab92cb,dcbd1bdc0ef1513454a0ecb092c2c9cdf4267d99c68a269507557ee1b3b81a92,sha256:9975b10f41d41af17ec0cdd625d587d67f618db475d9390e3c1fe1a31fbe0865,requalification-sdk-v2/verification/edit_canonical_chunk_count/overwrite-fixed-64k-chunk-count-decrease-on-500mib-ops-1/verification.json,performance/edit_canonical_chunk_count/overwrite-fixed-64k-chunk-count-decrease-on-500mib-ops-1/perf.jsonl
init_namespace,namespace-100-compact-v3,100,5000000,100,compact-low-tier-v2,,1,layerstack_init_ns,8901875,PASS,PASS,15000000000,PASS,577207584,337301084,,,,,,,22855680,4616192,23207667,native initialization phase,13270000,1.6314908331260085,,,,,,,,10105458,-1203583,-11.910227126766545,PASS,PASS,337052041,1bedaeaa3d564286b8ff6a77365d3d7b144a6dc97e236466fa7066826a6acd19,3c797bc6dbfd9b03b919c270b609cad839000b68d67e34f3b00d24717e07f39a,91ef300dcb8b8bd17be59dbf2e54b90d36aee62d492cc493dda3f0cfb3ab92cb,c64f20373830a3f22adc7ae91fb21f60ebb57e625b1fea00bd4e0386f7e95f54,sha256:9975b10f41d41af17ec0cdd625d587d67f618db475d9390e3c1fe1a31fbe0865,verification/init_namespace/namespace-100-compact-v3/verification.json,performance/init_namespace/namespace-100-compact-v3/perf.jsonl
init_namespace,namespace-1000-compact-v3,1000,20000000,1000,compact-low-tier-v2,,1,layerstack_init_ns,38077083,PASS,PASS,15000000000,PASS,981590250,390572292,,,,,,,53362688,4866048,174370500,native initialization phase,13283000,1.965520250145346,,,,,,,,39891375,-1814292,-4.548080882145577,PASS,PASS,340698625,1bedaeaa3d564286b8ff6a77365d3d7b144a6dc97e236466fa7066826a6acd19,3c797bc6dbfd9b03b919c270b609cad839000b68d67e34f3b00d24717e07f39a,91ef300dcb8b8bd17be59dbf2e54b90d36aee62d492cc493dda3f0cfb3ab92cb,af529d6c1ace62851cfb8197e0cacab7390f632008ba09a1800bd1775871e125,sha256:9975b10f41d41af17ec0cdd625d587d67f618db475d9390e3c1fe1a31fbe0865,verification/init_namespace/namespace-1000-compact-v3/verification.json,performance/init_namespace/namespace-1000-compact-v3/perf.jsonl
init_namespace,namespace-10000,10000,300000000,10000,registered-fixture,,1,layerstack_init_ns,403467916,PASS,PASS,15000000000,PASS,4706608584,876246750,,,,,,,70467584,4636672,1721873083,native initialization phase,17192000,6.707328666001558,,,,,,,,402720750,747166,0.18552955118404005,PASS,PASS,346098000,1bedaeaa3d564286b8ff6a77365d3d7b144a6dc97e236466fa7066826a6acd19,3c797bc6dbfd9b03b919c270b609cad839000b68d67e34f3b00d24717e07f39a,91ef300dcb8b8bd17be59dbf2e54b90d36aee62d492cc493dda3f0cfb3ab92cb,667413e0beca22b4254502062298db7f5718a41bacd7b2abde0ee849be78354b,sha256:9975b10f41d41af17ec0cdd625d587d67f618db475d9390e3c1fe1a31fbe0865,verification/init_namespace/namespace-10000/verification.json,performance/init_namespace/namespace-10000/perf.jsonl
init_namespace,namespace-100000,100000,500000000,100000,registered-fixture,,1,layerstack_init_ns,2603162083,PASS,PASS,15000000000,PASS,28593761834,3331686459,,,,,,,106168320,6635520,18099105583,native initialization phase,16464000,35.46769508300349,,,,,,,,2734598417,-131436334,-4.806421783282997,PASS,PASS,355419250,1bedaeaa3d564286b8ff6a77365d3d7b144a6dc97e236466fa7066826a6acd19,3c797bc6dbfd9b03b919c270b609cad839000b68d67e34f3b00d24717e07f39a,91ef300dcb8b8bd17be59dbf2e54b90d36aee62d492cc493dda3f0cfb3ab92cb,c49fde33907150204907c4ba20795b1978d3a7d0b4f81c81b7e4250fb5b32486,sha256:9975b10f41d41af17ec0cdd625d587d67f618db475d9390e3c1fe1a31fbe0865,verification/init_namespace/namespace-100000/verification.json,performance/init_namespace/namespace-100000/perf.jsonl
store_footprint,store-footprint-unique-100000,100000,500000000,100000,registered-fixture,,1,product_call_sum_ns,2982459252,PASS,PASS,15000000000,PASS,29967584583,3817705500,,,,,,,108642304,5337088,9338030458,host process cumulative at observation,54923000,32.86010116711259,,,,,,,,2936725542,45733710,1.557302830854733,PASS,PASS,408122333,1bedaeaa3d564286b8ff6a77365d3d7b144a6dc97e236466fa7066826a6acd19,3c797bc6dbfd9b03b919c270b609cad839000b68d67e34f3b00d24717e07f39a,91ef300dcb8b8bd17be59dbf2e54b90d36aee62d492cc493dda3f0cfb3ab92cb,71fb7d4cf3e22efde88ca667196db9fbd926b558ba0ef190c6705be4f2b6edc2,sha256:9975b10f41d41af17ec0cdd625d587d67f618db475d9390e3c1fe1a31fbe0865,verification/store_footprint/store-footprint-unique-100000/verification.json,performance/store_footprint/store-footprint-unique-100000/perf.jsonl
store_footprint,store-footprint-metadata-cardinality-100000,100000,500000000,100000,registered-fixture,,1,product_call_sum_ns,4570429959,PASS,PASS,15000000000,PASS,27303627292,5367916542,,,,,,,127270912,4886528,20165695499,host process cumulative at observation,54629000,38.551538666244596,,,,,,,,5708673915,-1138243956,-19.93885047469908,PASS,PASS,384434708,1bedaeaa3d564286b8ff6a77365d3d7b144a6dc97e236466fa7066826a6acd19,3c797bc6dbfd9b03b919c270b609cad839000b68d67e34f3b00d24717e07f39a,91ef300dcb8b8bd17be59dbf2e54b90d36aee62d492cc493dda3f0cfb3ab92cb,09567547f4fcaf4cac66755db9c127bead2622185193d944a9276e867c9ca75b,sha256:9975b10f41d41af17ec0cdd625d587d67f618db475d9390e3c1fe1a31fbe0865,verification/store_footprint/store-footprint-metadata-cardinality-100000/verification.json,performance/store_footprint/store-footprint-metadata-cardinality-100000/perf.jsonl
store_footprint,store-footprint-large-object-500m,100000,500000000,100,registered-fixture,,1,product_call_sum_ns,491905625,PASS,PASS,15000000000,PASS,3544154959,1248343708,,,,,,,65503232,5132288,1294280208,host process cumulative at observation,52445000,5.6987985000014305,,,,,,,,495413042,-3507417,-0.7079783337637687,PASS,PASS,381827250,1bedaeaa3d564286b8ff6a77365d3d7b144a6dc97e236466fa7066826a6acd19,3c797bc6dbfd9b03b919c270b609cad839000b68d67e34f3b00d24717e07f39a,91ef300dcb8b8bd17be59dbf2e54b90d36aee62d492cc493dda3f0cfb3ab92cb,ae2466e26946ded957c2ffcc6967a1bbff142319c2a39290100ebf2d26123b85,sha256:9975b10f41d41af17ec0cdd625d587d67f618db475d9390e3c1fe1a31fbe0865,verification/store_footprint/store-footprint-large-object-500m/verification.json,performance/store_footprint/store-footprint-large-object-500m/perf.jsonl
store_footprint,store-footprint-unique-100-low-v1,100,5000000,100,compact-low-tier-v2,,1,product_call_sum_ns,31947543,PASS,PASS,15000000000,PASS,808257083,498291708,,,,,,,24936448,4898816,49881834,host process cumulative at observation,46972000,2.0881247082725167,,,,,,,,34059585,-2112042,-6.201020946086102,PASS,PASS,345944125,1bedaeaa3d564286b8ff6a77365d3d7b144a6dc97e236466fa7066826a6acd19,3c797bc6dbfd9b03b919c270b609cad839000b68d67e34f3b00d24717e07f39a,91ef300dcb8b8bd17be59dbf2e54b90d36aee62d492cc493dda3f0cfb3ab92cb,8fddeb7cc0a1480608eff5707107af8df39c420f8e9c42f513302c9417858ecb,sha256:9975b10f41d41af17ec0cdd625d587d67f618db475d9390e3c1fe1a31fbe0865,verification/store_footprint/store-footprint-unique-100-low-v1/verification.json,performance/store_footprint/store-footprint-unique-100-low-v1/perf.jsonl
store_footprint,store-footprint-metadata-cardinality-100-low-v1,100,5000000,100,compact-low-tier-v2,,1,product_call_sum_ns,35869626,PASS,PASS,15000000000,PASS,817323500,483455208,,,,,,,25149440,5410816,54643250,host process cumulative at observation,46763000,2.1498197079636157,,,,,,,,33524167,2345459,6.996322980970713,PASS,PASS,336465166,1bedaeaa3d564286b8ff6a77365d3d7b144a6dc97e236466fa7066826a6acd19,3c797bc6dbfd9b03b919c270b609cad839000b68d67e34f3b00d24717e07f39a,91ef300dcb8b8bd17be59dbf2e54b90d36aee62d492cc493dda3f0cfb3ab92cb,34e6343259b731b8243a2c0192dc7ac933c08df9a9a0d55649ffa0613a43db5d,sha256:9975b10f41d41af17ec0cdd625d587d67f618db475d9390e3c1fe1a31fbe0865,verification/store_footprint/store-footprint-metadata-cardinality-100-low-v1/verification.json,performance/store_footprint/store-footprint-metadata-cardinality-100-low-v1/perf.jsonl
store_footprint,store-footprint-large-object-10m-low-v1,10,10000000,10,compact-low-tier-v2,,1,product_call_sum_ns,43893543,PASS,PASS,15000000000,PASS,873735042,493926916,,,,,,,32342016,4874240,50690083,host process cumulative at observation,46873000,2.1416437081061304,,,,,,,,53083250,-9189707,-17.311877098708162,PASS,PASS,343433750,1bedaeaa3d564286b8ff6a77365d3d7b144a6dc97e236466fa7066826a6acd19,3c797bc6dbfd9b03b919c270b609cad839000b68d67e34f3b00d24717e07f39a,91ef300dcb8b8bd17be59dbf2e54b90d36aee62d492cc493dda3f0cfb3ab92cb,11c3adaa392ed7ba7bcf97d9adf76c474694d89a08b542d3291c45fda776a9de,sha256:9975b10f41d41af17ec0cdd625d587d67f618db475d9390e3c1fe1a31fbe0865,verification/store_footprint/store-footprint-large-object-10m-low-v1/verification.json,performance/store_footprint/store-footprint-large-object-10m-low-v1/perf.jsonl
tiny_file_churn,tiny-create-1-compact-v2,1,1048576,50,compact-low-tier-v2,,1,pure_call_sum_ns,19053709,PASS,PASS,15000000000,PASS,1777821166,444781292,7558708,5760750,,3306834,69584,2357833,9961472,5165056,23693833,host process after-product minus before counters,21301000,2.9295104583725333,,,,,,,,22029293,-2975584,-13.50739671944987,PASS,PASS,349005459,1bedaeaa3d564286b8ff6a77365d3d7b144a6dc97e236466fa7066826a6acd19,3c797bc6dbfd9b03b919c270b609cad839000b68d67e34f3b00d24717e07f39a,91ef300dcb8b8bd17be59dbf2e54b90d36aee62d492cc493dda3f0cfb3ab92cb,e2cdaed21a82ed9c133bf08ff3718b72ba5995d99ae484f2d97418c1c45be79d,sha256:9975b10f41d41af17ec0cdd625d587d67f618db475d9390e3c1fe1a31fbe0865,verification/tiny_file_churn/tiny-create-1-compact-v2/verification.json,performance/tiny_file_churn/tiny-create-1-compact-v2/perf.jsonl
tiny_file_churn,tiny-create-10-compact-v2,10,10485760,500,compact-low-tier-v2,,1,pure_call_sum_ns,26711667,PASS,PASS,15000000000,PASS,9293640542,339299250,8621000,10517834,,4762458,74542,2735833,11468800,4894720,23312459,host process after-product minus before counters,22630000,10.674214290920645,,,,,,,,35748960,-9037293,-25.27987667333539,PASS,PASS,340502084,1bedaeaa3d564286b8ff6a77365d3d7b144a6dc97e236466fa7066826a6acd19,3c797bc6dbfd9b03b919c270b609cad839000b68d67e34f3b00d24717e07f39a,91ef300dcb8b8bd17be59dbf2e54b90d36aee62d492cc493dda3f0cfb3ab92cb,90f724764058905ac6fd24a96a537188c7d9dd75bd7198c990f0494c4ce9836b,sha256:9975b10f41d41af17ec0cdd625d587d67f618db475d9390e3c1fe1a31fbe0865,verification/tiny_file_churn/tiny-create-10-compact-v2/verification.json,performance/tiny_file_churn/tiny-create-10-compact-v2/perf.jsonl
tiny_file_churn,tiny-create-100-mixed-v4,100,104857600,2000,workspace-mixed-v4,,1,pure_call_sum_ns,53616291,PASS,PASS,15000000000,PASS,11350842834,389891167,6576500,36491458,,7752541,72750,2723042,12648448,4612096,26864667,host process after-product minus before counters,38363000,13.17870608298108,,,,,,,,91400959,-37784668,-41.33946559576032,PASS,PASS,427748625,1bedaeaa3d564286b8ff6a77365d3d7b144a6dc97e236466fa7066826a6acd19,3c797bc6dbfd9b03b919c270b609cad839000b68d67e34f3b00d24717e07f39a,91ef300dcb8b8bd17be59dbf2e54b90d36aee62d492cc493dda3f0cfb3ab92cb,d3b66c9dae028bdf4711e4d6bcea4d3d1d9fa9ef091225679d2a6281477ee8d7,sha256:9975b10f41d41af17ec0cdd625d587d67f618db475d9390e3c1fe1a31fbe0865,verification/tiny_file_churn/tiny-create-100-mixed-v4/verification.json,performance/tiny_file_churn/tiny-create-100-mixed-v4/perf.jsonl
tiny_file_churn,tiny-create-500-mixed-v4,500,524288000,5000,workspace-mixed-v4,,1,pure_call_sum_ns,201739625,PASS,PASS,15000000000,PASS,21682538000,546087125,9651875,164055458,,24284125,74458,3673709,21495808,6807552,41676334,host process after-product minus before counters,118182000,23.838351749815047,,,,,,,,322892250,-121152625,-37.52106933504908,PASS,PASS,924410250,1bedaeaa3d564286b8ff6a77365d3d7b144a6dc97e236466fa7066826a6acd19,3c797bc6dbfd9b03b919c270b609cad839000b68d67e34f3b00d24717e07f39a,91ef300dcb8b8bd17be59dbf2e54b90d36aee62d492cc493dda3f0cfb3ab92cb,7bc64a3268e5e3cf039ecf31d8aa7063652a2fcd1bbab3e2cd82a3b7ebe0ce45,sha256:9975b10f41d41af17ec0cdd625d587d67f618db475d9390e3c1fe1a31fbe0865,verification/tiny_file_churn/tiny-create-500-mixed-v4/verification.json,performance/tiny_file_churn/tiny-create-500-mixed-v4/perf.jsonl
tiny_file_churn,tiny-stat-1-compact-v2,1,1048576,51,compact-low-tier-v2,,1,pure_call_sum_ns,15833917,PASS,PASS,15000000000,PASS,682887791,342323792,7467542,4650167,,1357083,68833,2290292,9814016,4603904,21585874,host process after-product minus before counters,19505000,1.6641851249150932,,,,,,,,18053456,-2219539,-12.294260999112856,PASS,PASS,344246000,1bedaeaa3d564286b8ff6a77365d3d7b144a6dc97e236466fa7066826a6acd19,3c797bc6dbfd9b03b919c270b609cad839000b68d67e34f3b00d24717e07f39a,91ef300dcb8b8bd17be59dbf2e54b90d36aee62d492cc493dda3f0cfb3ab92cb,c85cf278477212d28d2e75d3ca3c7389cadd05f918f1d5fd5c1cce6b99a6058f,sha256:9975b10f41d41af17ec0cdd625d587d67f618db475d9390e3c1fe1a31fbe0865,verification/tiny_file_churn/tiny-stat-1-compact-v2/verification.json,performance/tiny_file_churn/tiny-stat-1-compact-v2/perf.jsonl
tiny_file_churn,tiny-stat-10-compact-v2,10,10502249,510,compact-low-tier-v2,,1,pure_call_sum_ns,21194250,PASS,PASS,15000000000,PASS,900698333,385679667,8308791,9018042,,1525792,81875,2259750,12615680,5386240,23505625,host process after-product minus before counters,21284000,1.8630032921209931,,,,,,,,24621125,-3426875,-13.918433865227524,PASS,PASS,298299875,1bedaeaa3d564286b8ff6a77365d3d7b144a6dc97e236466fa7066826a6acd19,3c797bc6dbfd9b03b919c270b609cad839000b68d67e34f3b00d24717e07f39a,91ef300dcb8b8bd17be59dbf2e54b90d36aee62d492cc493dda3f0cfb3ab92cb,629db2a198092befb931ab28d5fade7642fafd2b95afe131c22f914ff139db53,sha256:9975b10f41d41af17ec0cdd625d587d67f618db475d9390e3c1fe1a31fbe0865,verification/tiny_file_churn/tiny-stat-10-compact-v2/verification.json,performance/tiny_file_churn/tiny-stat-10-compact-v2/perf.jsonl
tiny_file_churn,tiny-stat-100-mixed-v4,100,105682050,2500,workspace-mixed-v4,,1,pure_call_sum_ns,37810208,PASS,PASS,15000000000,PASS,3241505791,391789959,7164666,26470708,,1777667,87417,2309750,13991936,5849088,30915334,host process after-product minus before counters,26194000,4.687502583023161,,,,,,,,65483625,-27673417,-42.26005661720774,PASS,PASS,451933125,1bedaeaa3d564286b8ff6a77365d3d7b144a6dc97e236466fa7066826a6acd19,3c797bc6dbfd9b03b919c270b609cad839000b68d67e34f3b00d24717e07f39a,91ef300dcb8b8bd17be59dbf2e54b90d36aee62d492cc493dda3f0cfb3ab92cb,4cef76f58d89eb48a583de05354b36cadf2e924fbcf20f10341cf0568c4b070d,sha256:9975b10f41d41af17ec0cdd625d587d67f618db475d9390e3c1fe1a31fbe0865,verification/tiny_file_churn/tiny-stat-100-mixed-v4/verification.json,performance/tiny_file_churn/tiny-stat-100-mixed-v4/perf.jsonl
tiny_file_churn,tiny-stat-500-mixed-v4,500,525112450,5500,workspace-mixed-v4,,1,pure_call_sum_ns,55349375,PASS,PASS,15000000000,PASS,13605708375,391464500,7630625,42781125,,1995458,68500,2873667,16859136,6643712,35523000,host process after-product minus before counters,36233000,15.140078791882843,,,,,,,,218262625,-162913250,-74.64092856026083,PASS,PASS,718096000,1bedaeaa3d564286b8ff6a77365d3d7b144a6dc97e236466fa7066826a6acd19,3c797bc6dbfd9b03b919c270b609cad839000b68d67e34f3b00d24717e07f39a,91ef300dcb8b8bd17be59dbf2e54b90d36aee62d492cc493dda3f0cfb3ab92cb,109bbf3bddbbcf3d9a78374782814096295a489c03118029a6c36c42e44ad08e,sha256:9975b10f41d41af17ec0cdd625d587d67f618db475d9390e3c1fe1a31fbe0865,verification/tiny_file_churn/tiny-stat-500-mixed-v4/verification.json,performance/tiny_file_churn/tiny-stat-500-mixed-v4/perf.jsonl
tiny_file_churn,tiny-unlink-1-compact-v2,1,1048576,51,compact-low-tier-v2,,1,pure_call_sum_ns,17634874,PASS,PASS,15000000000,PASS,502145708,332023917,6615458,5616500,,2754875,74250,2573791,10174464,4866048,21836875,host process after-product minus before counters,18779000,1.5801415829919279,,,,,,,,20225875,-2591001,-12.810328354150315,PASS,PASS,349065917,1bedaeaa3d564286b8ff6a77365d3d7b144a6dc97e236466fa7066826a6acd19,3c797bc6dbfd9b03b919c270b609cad839000b68d67e34f3b00d24717e07f39a,91ef300dcb8b8bd17be59dbf2e54b90d36aee62d492cc493dda3f0cfb3ab92cb,5fbd7d5c95406211005609d7674d1bfe2042a8d10bb4f5981e56d4191a6ff286,sha256:9975b10f41d41af17ec0cdd625d587d67f618db475d9390e3c1fe1a31fbe0865,verification/tiny_file_churn/tiny-unlink-1-compact-v2/verification.json,performance/tiny_file_churn/tiny-unlink-1-compact-v2/perf.jsonl
tiny_file_churn,tiny-unlink-10-compact-v2,10,10502249,510,compact-low-tier-v2,,1,pure_call_sum_ns,25205291,PASS,PASS,15000000000,PASS,606468208,333570042,7356541,11478250,,3615125,72833,2682542,13369344,4874240,24640541,host process after-product minus before counters,22438000,1.5121114579960704,,,,,,,,29633376,-4428085,-14.942897495040727,PASS,PASS,356126959,1bedaeaa3d564286b8ff6a77365d3d7b144a6dc97e236466fa7066826a6acd19,3c797bc6dbfd9b03b919c270b609cad839000b68d67e34f3b00d24717e07f39a,91ef300dcb8b8bd17be59dbf2e54b90d36aee62d492cc493dda3f0cfb3ab92cb,a3f3b97692fc3c6c3bd51c028e8ba3d214a5baffe862cb1eaf5bea96a49779b0,sha256:9975b10f41d41af17ec0cdd625d587d67f618db475d9390e3c1fe1a31fbe0865,verification/tiny_file_churn/tiny-unlink-10-compact-v2/verification.json,performance/tiny_file_churn/tiny-unlink-10-compact-v2/perf.jsonl
tiny_file_churn,tiny-unlink-100-mixed-v4,100,105682050,2500,workspace-mixed-v4,,1,pure_call_sum_ns,50918082,PASS,PASS,15000000000,PASS,892394541,385243000,7798791,35327541,,5092875,74042,2624833,15958016,5701632,35002375,host process after-product minus before counters,31412000,2.215617834124714,,,,,,,,77793082,-26875000,-34.54677370926119,PASS,PASS,416917791,1bedaeaa3d564286b8ff6a77365d3d7b144a6dc97e236466fa7066826a6acd19,3c797bc6dbfd9b03b919c270b609cad839000b68d67e34f3b00d24717e07f39a,91ef300dcb8b8bd17be59dbf2e54b90d36aee62d492cc493dda3f0cfb3ab92cb,937d80f3ebe8ba87e3cdf6480279c4e1952434a8f7c301493d95ebf1d7613372,sha256:9975b10f41d41af17ec0cdd625d587d67f618db475d9390e3c1fe1a31fbe0865,verification/tiny_file_churn/tiny-unlink-100-mixed-v4/verification.json,performance/tiny_file_churn/tiny-unlink-100-mixed-v4/perf.jsonl
tiny_file_churn,tiny-unlink-500-mixed-v4,500,525112450,5500,workspace-mixed-v4,,1,pure_call_sum_ns,114278709,PASS,PASS,15000000000,PASS,2676864958,492555333,8004375,93342417,,9091667,75125,3765125,20643840,5816320,46524458,host process after-product minus before counters,64791000,4.306972874794155,,,,,,,,300545416,-186266707,-61.976226248614616,PASS,PASS,824926000,1bedaeaa3d564286b8ff6a77365d3d7b144a6dc97e236466fa7066826a6acd19,3c797bc6dbfd9b03b919c270b609cad839000b68d67e34f3b00d24717e07f39a,91ef300dcb8b8bd17be59dbf2e54b90d36aee62d492cc493dda3f0cfb3ab92cb,e5174b0032cc17fb60bba70360c2205c2d0b4c6debeba6b8ea1254a9623ba642,sha256:9975b10f41d41af17ec0cdd625d587d67f618db475d9390e3c1fe1a31fbe0865,verification/tiny_file_churn/tiny-unlink-500-mixed-v4/verification.json,performance/tiny_file_churn/tiny-unlink-500-mixed-v4/perf.jsonl
tiny_file_churn,tiny-bulk-create-1-compact-v2,1,1048576,50,compact-low-tier-v2,,1,pure_call_sum_ns,96728291,PASS,PASS,15000000000,PASS,656136959,435117541,7338916,73819875,,11621084,72125,3876291,15007744,7217152,32415917,host process after-product minus before counters,63058000,1.857313958927989,,,,,,,,99501625,-2773334,-2.7872248317552604,PASS,PASS,343612791,1bedaeaa3d564286b8ff6a77365d3d7b144a6dc97e236466fa7066826a6acd19,3c797bc6dbfd9b03b919c270b609cad839000b68d67e34f3b00d24717e07f39a,91ef300dcb8b8bd17be59dbf2e54b90d36aee62d492cc493dda3f0cfb3ab92cb,27d5ac68e762e87d4bce6a612e67c05cd4423ed2202e5ef01281d90af27c6f87,sha256:9975b10f41d41af17ec0cdd625d587d67f618db475d9390e3c1fe1a31fbe0865,verification/tiny_file_churn/tiny-bulk-create-1-compact-v2/verification.json,performance/tiny_file_churn/tiny-bulk-create-1-compact-v2/perf.jsonl
tiny_file_churn,tiny-bulk-create-10-compact-v2,10,1048576,50,compact-low-tier-v2,,1,pure_call_sum_ns,295897791,PASS,PASS,15000000000,PASS,474066000,648933042,7668625,241066833,,43041917,77208,4043208,37142528,11907072,76582500,host process after-product minus before counters,157204000,1.859029124956578,,,,,,,,317470709,-21572918,-6.795246738810162,PASS,PASS,355153375,1bedaeaa3d564286b8ff6a77365d3d7b144a6dc97e236466fa7066826a6acd19,3c797bc6dbfd9b03b919c270b609cad839000b68d67e34f3b00d24717e07f39a,91ef300dcb8b8bd17be59dbf2e54b90d36aee62d492cc493dda3f0cfb3ab92cb,7e68c8634b38be7998d25ced8efc4f49540b9ad518b50a0196a863d9afb30c65,sha256:9975b10f41d41af17ec0cdd625d587d67f618db475d9390e3c1fe1a31fbe0865,verification/tiny_file_churn/tiny-bulk-create-10-compact-v2/verification.json,performance/tiny_file_churn/tiny-bulk-create-10-compact-v2/perf.jsonl
tiny_file_churn,tiny-bulk-create-100-mixed-v3,100,1048576,200,tiny-bulk-mixed-v3,,1,pure_call_sum_ns,989887791,PASS,PASS,15000000000,PASS,1221092833,1375398959,7356750,595398125,,381964208,155750,5012958,71892992,14790656,461893000,host process after-product minus before counters,325856000,3.2811177908442914,,,,,,,,1037675209,-47787418,-4.605238477852081,PASS,PASS,343452833,1bedaeaa3d564286b8ff6a77365d3d7b144a6dc97e236466fa7066826a6acd19,3c797bc6dbfd9b03b919c270b609cad839000b68d67e34f3b00d24717e07f39a,91ef300dcb8b8bd17be59dbf2e54b90d36aee62d492cc493dda3f0cfb3ab92cb,0691062c66ab3196519c7d2bc251370e36eaa84fef597b931084497403702ee2,sha256:9975b10f41d41af17ec0cdd625d587d67f618db475d9390e3c1fe1a31fbe0865,verification/tiny_file_churn/tiny-bulk-create-100-mixed-v3/verification.json,performance/tiny_file_churn/tiny-bulk-create-100-mixed-v3/perf.jsonl
tiny_file_churn,tiny-bulk-create-500-mixed-v3,500,1048576,200,tiny-bulk-mixed-v3,,1,pure_call_sum_ns,5054054042,PASS,PASS,15000000000,PASS,3057437042,5587842333,8445750,3036145959,,1987004750,98875,22358708,90456064,24674304,2305909042,host process after-product minus before counters,1595777000,9.008737375028431,,,,,,,,5172216499,-118162457,-2.284561309891912,PASS,PASS,376399542,1bedaeaa3d564286b8ff6a77365d3d7b144a6dc97e236466fa7066826a6acd19,3c797bc6dbfd9b03b919c270b609cad839000b68d67e34f3b00d24717e07f39a,91ef300dcb8b8bd17be59dbf2e54b90d36aee62d492cc493dda3f0cfb3ab92cb,c11e4cefecdb2462eba74a4094ebd7a28b500e63b05b3359d46b626387ff9dfd,sha256:9975b10f41d41af17ec0cdd625d587d67f618db475d9390e3c1fe1a31fbe0865,verification/tiny_file_churn/tiny-bulk-create-500-mixed-v3/verification.json,performance/tiny_file_churn/tiny-bulk-create-500-mixed-v3/perf.jsonl
tiny_file_churn,tiny-bulk-delete-1-compact-v2,1,2097152,100,compact-low-tier-v2,,1,pure_call_sum_ns,93346584,PASS,PASS,15000000000,PASS,774933208,438642291,7505167,79582041,,3860459,69125,2329792,11026432,5144576,38058917,host process after-product minus before counters,51039000,1.7963929162360728,,,,,,,,147886167,-54539583,-36.87943511308938,PASS,PASS,343143708,1bedaeaa3d564286b8ff6a77365d3d7b144a6dc97e236466fa7066826a6acd19,3c797bc6dbfd9b03b919c270b609cad839000b68d67e34f3b00d24717e07f39a,91ef300dcb8b8bd17be59dbf2e54b90d36aee62d492cc493dda3f0cfb3ab92cb,96bb420c67630ff1a817abb64a9d342bc45d20db77f64db3d81f0b0b5d92a21b,sha256:9975b10f41d41af17ec0cdd625d587d67f618db475d9390e3c1fe1a31fbe0865,verification/tiny_file_churn/tiny-bulk-delete-1-compact-v2/verification.json,performance/tiny_file_churn/tiny-bulk-delete-1-compact-v2/perf.jsonl
tiny_file_churn,tiny-bulk-delete-10-compact-v2,10,11534336,550,compact-low-tier-v2,,1,pure_call_sum_ns,168254959,PASS,PASS,15000000000,PASS,932566333,497006959,7806042,152263667,,5078833,74417,3032000,24625152,4894720,46541084,host process after-product minus before counters,91752000,2.326850458048284,,,,,,,,240292543,-72037584,-29.979117579191794,PASS,PASS,352760417,1bedaeaa3d564286b8ff6a77365d3d7b144a6dc97e236466fa7066826a6acd19,3c797bc6dbfd9b03b919c270b609cad839000b68d67e34f3b00d24717e07f39a,91ef300dcb8b8bd17be59dbf2e54b90d36aee62d492cc493dda3f0cfb3ab92cb,f5d8a050074ab90a477d36ec7d5380418206aaee77625fbb0fbf172d73b18236,sha256:9975b10f41d41af17ec0cdd625d587d67f618db475d9390e3c1fe1a31fbe0865,verification/tiny_file_churn/tiny-bulk-delete-10-compact-v2/verification.json,performance/tiny_file_churn/tiny-bulk-delete-10-compact-v2/perf.jsonl
tiny_file_churn,tiny-bulk-delete-100-mixed-v3,100,105906176,1200,tiny-bulk-mixed-v3,,1,pure_call_sum_ns,259278875,PASS,PASS,15000000000,PASS,2941981041,599798000,7945541,243269667,,5440209,80791,2542667,41615360,8880128,70523124,host process after-product minus before counters,132486000,4.3907437501475215,,,,,,,,334564376,-75285501,-22.50254551907224,PASS,PASS,412950834,1bedaeaa3d564286b8ff6a77365d3d7b144a6dc97e236466fa7066826a6acd19,3c797bc6dbfd9b03b919c270b609cad839000b68d67e34f3b00d24717e07f39a,91ef300dcb8b8bd17be59dbf2e54b90d36aee62d492cc493dda3f0cfb3ab92cb,a698659311bd417c9306846639b6869404608cd6bb4dc3ee9cac25f7eebee18a,sha256:9975b10f41d41af17ec0cdd625d587d67f618db475d9390e3c1fe1a31fbe0865,verification/tiny_file_churn/tiny-bulk-delete-100-mixed-v3/verification.json,performance/tiny_file_churn/tiny-bulk-delete-100-mixed-v3/perf.jsonl
tiny_file_churn,tiny-bulk-delete-500-mixed-v3,500,525336576,5200,tiny-bulk-mixed-v3,,1,pure_call_sum_ns,933000457,PASS,PASS,15000000000,PASS,16710734791,1286415125,8838583,905346750,,15148166,82416,3584542,60506112,26259456,199167958,host process after-product minus before counters,468256000,19.176117249764502,,,,,,,,1079909335,-146908878,-13.603815916638965,PASS,PASS,755536791,1bedaeaa3d564286b8ff6a77365d3d7b144a6dc97e236466fa7066826a6acd19,3c797bc6dbfd9b03b919c270b609cad839000b68d67e34f3b00d24717e07f39a,91ef300dcb8b8bd17be59dbf2e54b90d36aee62d492cc493dda3f0cfb3ab92cb,9691b3f938fd0571aac07e167f2346898ddec514c41c7215b327e5d1cf08ae26,sha256:9975b10f41d41af17ec0cdd625d587d67f618db475d9390e3c1fe1a31fbe0865,verification/tiny_file_churn/tiny-bulk-delete-500-mixed-v3/verification.json,performance/tiny_file_churn/tiny-bulk-delete-500-mixed-v3/perf.jsonl
namespace_mutation,namespace-subtree-relocate-delete-1-compact-v2,1,551200,250,compact-low-tier-v2,,1,pure_call_sum_ns,21310793,PASS,PASS,15000000000,PASS,677860916,334112833,7135875,8515375,,3150542,75959,2433042,10256384,5165056,23650084,host process after-product minus before counters,21060000,1.934355332981795,,,,,,,,23849834,-2539041,-10.64594831142221,PASS,PASS,290849500,1bedaeaa3d564286b8ff6a77365d3d7b144a6dc97e236466fa7066826a6acd19,3c797bc6dbfd9b03b919c270b609cad839000b68d67e34f3b00d24717e07f39a,91ef300dcb8b8bd17be59dbf2e54b90d36aee62d492cc493dda3f0cfb3ab92cb,99d275a4f12be08f480be3338d0e5b200bfebe78280adee0eed6d332907219e7,sha256:9975b10f41d41af17ec0cdd625d587d67f618db475d9390e3c1fe1a31fbe0865,verification/namespace_mutation/namespace-subtree-relocate-delete-1-compact-v2/verification.json,performance/namespace_mutation/namespace-subtree-relocate-delete-1-compact-v2/perf.jsonl
namespace_mutation,namespace-subtree-relocate-delete-10-compact-v2,10,1012000,700,compact-low-tier-v2,,1,pure_call_sum_ns,59144541,PASS,PASS,15000000000,PASS,706751125,391539667,7899916,44220458,,4099292,97292,2827583,11845632,4890624,31011833,host process after-product minus before counters,39290000,1.9511259589344263,,,,,,,,69609499,-10464958,-15.033807383098678,PASS,PASS,285635208,1bedaeaa3d564286b8ff6a77365d3d7b144a6dc97e236466fa7066826a6acd19,3c797bc6dbfd9b03b919c270b609cad839000b68d67e34f3b00d24717e07f39a,91ef300dcb8b8bd17be59dbf2e54b90d36aee62d492cc493dda3f0cfb3ab92cb,b0a76660563a9922315fedb9f4609d88dcfc6d4675a89b84cfba97d25786f388,sha256:9975b10f41d41af17ec0cdd625d587d67f618db475d9390e3c1fe1a31fbe0865,verification/namespace_mutation/namespace-subtree-relocate-delete-10-compact-v2/verification.json,performance/namespace_mutation/namespace-subtree-relocate-delete-10-compact-v2/perf.jsonl
namespace_mutation,namespace-subtree-relocate-delete-100-mixed-v4,100,105267200,2400,workspace-mixed-v4,,1,pure_call_sum_ns,51018082,PASS,PASS,15000000000,PASS,3157188542,395370083,7376916,36125916,,4865667,90583,2559000,13467648,5152768,29238625,host process after-product minus before counters,35341000,4.428649625275284,,,,,,,,42299833,8718249,20.610599100946803,PASS,PASS,413183875,1bedaeaa3d564286b8ff6a77365d3d7b144a6dc97e236466fa7066826a6acd19,3c797bc6dbfd9b03b919c270b609cad839000b68d67e34f3b00d24717e07f39a,91ef300dcb8b8bd17be59dbf2e54b90d36aee62d492cc493dda3f0cfb3ab92cb,6cef143f5ffc1387a27d59a4b925e48ad090e71c54820a2efa2761831867bc24,sha256:9975b10f41d41af17ec0cdd625d587d67f618db475d9390e3c1fe1a31fbe0865,verification/namespace_mutation/namespace-subtree-relocate-delete-100-mixed-v4/verification.json,performance/namespace_mutation/namespace-subtree-relocate-delete-100-mixed-v4/perf.jsonl
namespace_mutation,namespace-subtree-relocate-delete-500-mixed-v4,500,526336000,7000,workspace-mixed-v4,,1,pure_call_sum_ns,182893833,PASS,PASS,15000000000,PASS,14036646250,540302625,9223000,161251750,,9644333,66083,2708667,22036480,6017024,56176624,host process after-product minus before counters,99739000,15.900314709171653,,,,,,,,208677542,-25783709,-12.355766103474613,PASS,PASS,792246292,1bedaeaa3d564286b8ff6a77365d3d7b144a6dc97e236466fa7066826a6acd19,3c797bc6dbfd9b03b919c270b609cad839000b68d67e34f3b00d24717e07f39a,91ef300dcb8b8bd17be59dbf2e54b90d36aee62d492cc493dda3f0cfb3ab92cb,72c6d1206ace342078db9d2c518ac1093381376f863a18cb76cf3af30f7fa1b6,sha256:9975b10f41d41af17ec0cdd625d587d67f618db475d9390e3c1fe1a31fbe0865,verification/namespace_mutation/namespace-subtree-relocate-delete-500-mixed-v4/verification.json,performance/namespace_mutation/namespace-subtree-relocate-delete-500-mixed-v4/perf.jsonl
directory_construction_traversal,directory-construct-1-compact-v2,1,1048576,50,compact-low-tier-v2,,1,pure_call_sum_ns,17022374,PASS,PASS,15000000000,PASS,655402750,386852417,7303083,4825458,,2526583,74125,2293125,9863168,5394432,19375834,host process after-product minus before counters,18911000,1.8342067091725767,,,,,,,,19678835,-2656461,-13.499076545943904,PASS,PASS,341598625,1bedaeaa3d564286b8ff6a77365d3d7b144a6dc97e236466fa7066826a6acd19,3c797bc6dbfd9b03b919c270b609cad839000b68d67e34f3b00d24717e07f39a,91ef300dcb8b8bd17be59dbf2e54b90d36aee62d492cc493dda3f0cfb3ab92cb,cb58da303e854077db5a0b1cbb60c50e022abfef463882934985d2c66cadb626,sha256:9975b10f41d41af17ec0cdd625d587d67f618db475d9390e3c1fe1a31fbe0865,verification/directory_construction_traversal/directory-construct-1-compact-v2/verification.json,performance/directory_construction_traversal/directory-construct-1-compact-v2/perf.jsonl
directory_construction_traversal,directory-construct-10-compact-v2,10,10485760,500,compact-low-tier-v2,,1,pure_call_sum_ns,39346916,PASS,PASS,15000000000,PASS,873733250,386296875,8612208,23145208,,4571375,82750,2935375,10928128,4595712,24404417,host process after-product minus before counters,30566000,2.4709582081995904,,,,,,,,43810833,-4463917,-10.189071273764641,PASS,PASS,295307791,1bedaeaa3d564286b8ff6a77365d3d7b144a6dc97e236466fa7066826a6acd19,3c797bc6dbfd9b03b919c270b609cad839000b68d67e34f3b00d24717e07f39a,91ef300dcb8b8bd17be59dbf2e54b90d36aee62d492cc493dda3f0cfb3ab92cb,66c7ba38f6cd5e9bcd74d1475c5f76d885a039224fcb42de2f4a4eb4333f3b0a,sha256:9975b10f41d41af17ec0cdd625d587d67f618db475d9390e3c1fe1a31fbe0865,verification/directory_construction_traversal/directory-construct-10-compact-v2/verification.json,performance/directory_construction_traversal/directory-construct-10-compact-v2/perf.jsonl
directory_construction_traversal,directory-construct-100-mixed-v4,100,104857600,2000,workspace-mixed-v4,,1,pure_call_sum_ns,216059959,PASS,PASS,15000000000,PASS,3134668000,544910333,7840042,191301375,,13697458,67500,3153584,13975552,5562368,34674916,host process after-product minus before counters,127829000,4.403138792142272,,,,,,,,243814916,-27754957,-11.383617317326065,PASS,PASS,482619584,1bedaeaa3d564286b8ff6a77365d3d7b144a6dc97e236466fa7066826a6acd19,3c797bc6dbfd9b03b919c270b609cad839000b68d67e34f3b00d24717e07f39a,91ef300dcb8b8bd17be59dbf2e54b90d36aee62d492cc493dda3f0cfb3ab92cb,5d61c0ae9c73e01d186064ab6a83b263d06590d6a126a0b9307462b173e7bc21,sha256:9975b10f41d41af17ec0cdd625d587d67f618db475d9390e3c1fe1a31fbe0865,verification/directory_construction_traversal/directory-construct-100-mixed-v4/verification.json,performance/directory_construction_traversal/directory-construct-100-mixed-v4/perf.jsonl
directory_construction_traversal,directory-construct-500-mixed-v4,500,524288000,5000,workspace-mixed-v4,,1,pure_call_sum_ns,1030580667,PASS,PASS,15000000000,PASS,13538205917,1355197708,9042750,942613958,,73471542,76542,5375875,31375360,11542528,98714917,host process after-product minus before counters,554071000,16.01527929212898,,,,,,,,1232776041,-202195374,-16.401630732211803,PASS,PASS,761954459,1bedaeaa3d564286b8ff6a77365d3d7b144a6dc97e236466fa7066826a6acd19,3c797bc6dbfd9b03b919c270b609cad839000b68d67e34f3b00d24717e07f39a,91ef300dcb8b8bd17be59dbf2e54b90d36aee62d492cc493dda3f0cfb3ab92cb,5cee9a6697bac72e3af880a7d64dd5a2651bf86ec053e67281fdb5dbcb08751c,sha256:9975b10f41d41af17ec0cdd625d587d67f618db475d9390e3c1fe1a31fbe0865,verification/directory_construction_traversal/directory-construct-500-mixed-v4/verification.json,performance/directory_construction_traversal/directory-construct-500-mixed-v4/perf.jsonl
directory_construction_traversal,directory-metadata-scan-1-compact-v2,1,1048576,50,compact-low-tier-v2,,1,pure_call_sum_ns,70526833,PASS,PASS,15000000000,PASS,647638667,389380833,7669583,59086250,,1434000,66833,2270167,10469376,5148672,31379541,host process after-product minus before counters,40094000,1.9332237499766052,,,,,,,,83737959,-13211126,-15.776747078347109,PASS,PASS,342852583,1bedaeaa3d564286b8ff6a77365d3d7b144a6dc97e236466fa7066826a6acd19,3c797bc6dbfd9b03b919c270b609cad839000b68d67e34f3b00d24717e07f39a,91ef300dcb8b8bd17be59dbf2e54b90d36aee62d492cc493dda3f0cfb3ab92cb,410c98e38728137cd3b1bf06c8dfe0b21d65430d4e4217f2c3a1b5eb218042d5,sha256:9975b10f41d41af17ec0cdd625d587d67f618db475d9390e3c1fe1a31fbe0865,verification/directory_construction_traversal/directory-metadata-scan-1-compact-v2/verification.json.gz,performance/directory_construction_traversal/directory-metadata-scan-1-compact-v2/perf.jsonl
directory_construction_traversal,directory-metadata-scan-10-compact-v2,10,10485760,500,compact-low-tier-v2,,1,pure_call_sum_ns,100738749,PASS,PASS,15000000000,PASS,921020709,392993375,7167000,88606416,,1953583,71750,2940000,24281088,5267456,38570500,host process after-product minus before counters,53512000,2.5388052500784397,,,,,,,,121406751,-20668002,-17.023766660224684,PASS,PASS,352184167,1bedaeaa3d564286b8ff6a77365d3d7b144a6dc97e236466fa7066826a6acd19,3c797bc6dbfd9b03b919c270b609cad839000b68d67e34f3b00d24717e07f39a,91ef300dcb8b8bd17be59dbf2e54b90d36aee62d492cc493dda3f0cfb3ab92cb,78c7da06027bba880184fdd2c20908f980e6eb030742fcf8aea3645f322d9f23,sha256:9975b10f41d41af17ec0cdd625d587d67f618db475d9390e3c1fe1a31fbe0865,verification/directory_construction_traversal/directory-metadata-scan-10-compact-v2/verification.json.gz,performance/directory_construction_traversal/directory-metadata-scan-10-compact-v2/perf.jsonl
directory_construction_traversal,directory-metadata-scan-100-mixed-v4,100,104857600,2000,workspace-mixed-v4,,1,pure_call_sum_ns,244238709,PASS,PASS,15000000000,PASS,3179073375,605784166,7781542,226650917,,3171625,76584,6558041,53641216,16683008,86358626,host process after-product minus before counters,116207000,4.6578890001401305,,,,,,,,229157292,15081417,6.581251187066742,PASS,PASS,424819500,1bedaeaa3d564286b8ff6a77365d3d7b144a6dc97e236466fa7066826a6acd19,3c797bc6dbfd9b03b919c270b609cad839000b68d67e34f3b00d24717e07f39a,91ef300dcb8b8bd17be59dbf2e54b90d36aee62d492cc493dda3f0cfb3ab92cb,323236d87587589727cbc7eb2a1bdf368e1413ccffba258c1d25b42678c36728,sha256:9975b10f41d41af17ec0cdd625d587d67f618db475d9390e3c1fe1a31fbe0865,verification/directory_construction_traversal/directory-metadata-scan-100-mixed-v4/verification.json.gz,performance/directory_construction_traversal/directory-metadata-scan-100-mixed-v4/perf.jsonl
directory_construction_traversal,directory-metadata-scan-500-mixed-v4,500,524288000,5000,workspace-mixed-v4,,1,pure_call_sum_ns,504932250,PASS,PASS,15000000000,PASS,13798268709,857844375,8192250,479975833,,5305625,74125,11384417,57901056,35213312,184070458,host process after-product minus before counters,220106000,15.367040832992643,,,,,,,,410722625,94209625,22.937529920588133,PASS,PASS,726862042,1bedaeaa3d564286b8ff6a77365d3d7b144a6dc97e236466fa7066826a6acd19,3c797bc6dbfd9b03b919c270b609cad839000b68d67e34f3b00d24717e07f39a,91ef300dcb8b8bd17be59dbf2e54b90d36aee62d492cc493dda3f0cfb3ab92cb,6643ac8dc82b99ba667e2e0dda653b433beceb678c5863cf98c32d1b378a0fd9,sha256:9975b10f41d41af17ec0cdd625d587d67f618db475d9390e3c1fe1a31fbe0865,verification/directory_construction_traversal/directory-metadata-scan-500-mixed-v4/verification.json.gz,performance/directory_construction_traversal/directory-metadata-scan-500-mixed-v4/perf.jsonl
directory_construction_traversal,directory-content-scan-1-compact-v2,1,1048576,50,compact-low-tier-v2,,1,pure_call_sum_ns,84759585,PASS,PASS,15000000000,PASS,552911708,445527334,7889542,73138292,,1491792,80250,2159709,10928128,7307264,37519458,host process after-product minus before counters,46296000,1.8085595830343664,,,,,,,,107853999,-23094414,-21.412663613891592,PASS,PASS,348043750,1bedaeaa3d564286b8ff6a77365d3d7b144a6dc97e236466fa7066826a6acd19,3c797bc6dbfd9b03b919c270b609cad839000b68d67e34f3b00d24717e07f39a,91ef300dcb8b8bd17be59dbf2e54b90d36aee62d492cc493dda3f0cfb3ab92cb,fecabff8e80aa9eabc43b7f90d164779da4d5dd362cf157b345d13574ba6b6a1,sha256:9975b10f41d41af17ec0cdd625d587d67f618db475d9390e3c1fe1a31fbe0865,verification/directory_construction_traversal/directory-content-scan-1-compact-v2/verification.json.gz,performance/directory_construction_traversal/directory-content-scan-1-compact-v2/perf.jsonl
directory_construction_traversal,directory-content-scan-10-compact-v2,10,10485760,500,compact-low-tier-v2,,1,pure_call_sum_ns,308870416,PASS,PASS,15000000000,PASS,589212500,644281375,8491666,294490667,,2817333,83000,2987750,25886720,29908992,90934375,host process after-product minus before counters,122332000,2.3349620001390576,,,,,,,,379844041,-70973625,-18.684938379749386,PASS,PASS,355942958,1bedaeaa3d564286b8ff6a77365d3d7b144a6dc97e236466fa7066826a6acd19,3c797bc6dbfd9b03b919c270b609cad839000b68d67e34f3b00d24717e07f39a,91ef300dcb8b8bd17be59dbf2e54b90d36aee62d492cc493dda3f0cfb3ab92cb,4187d1a5fd65e0021424df5adc38581b10b7d15810803e92b46054843f891d86,sha256:9975b10f41d41af17ec0cdd625d587d67f618db475d9390e3c1fe1a31fbe0865,verification/directory_construction_traversal/directory-content-scan-10-compact-v2/verification.json.gz,performance/directory_construction_traversal/directory-content-scan-10-compact-v2/perf.jsonl
directory_construction_traversal,directory-content-scan-100-mixed-v4,100,104857600,2000,workspace-mixed-v4,,1,pure_call_sum_ns,1105140625,PASS,PASS,15000000000,PASS,943243833,1471371208,8926250,1082973583,,7242333,79084,5919375,54640640,181116928,358585501,host process after-product minus before counters,480819000,3.204433625098318,,,,,,,,1600999042,-495858417,-30.971812224232423,PASS,PASS,425928166,1bedaeaa3d564286b8ff6a77365d3d7b144a6dc97e236466fa7066826a6acd19,3c797bc6dbfd9b03b919c270b609cad839000b68d67e34f3b00d24717e07f39a,91ef300dcb8b8bd17be59dbf2e54b90d36aee62d492cc493dda3f0cfb3ab92cb,1a28099ee45e894490f004f13389b0d11e7649c44378237d39e0ffe25de4f9f2,sha256:9975b10f41d41af17ec0cdd625d587d67f618db475d9390e3c1fe1a31fbe0865,verification/directory_construction_traversal/directory-content-scan-100-mixed-v4/verification.json.gz,performance/directory_construction_traversal/directory-content-scan-100-mixed-v4/perf.jsonl
directory_construction_traversal,directory-content-scan-500-mixed-v4,500,524288000,5000,workspace-mixed-v4,,1,pure_call_sum_ns,3906595000,PASS,PASS,15000000000,PASS,2410195667,4275609709,8843959,3861436000,,24455833,80500,11778708,62078976,614662144,1516647376,host process after-product minus before counters,1575744000,8.218886875081807,,,,,,,,5306648124,-1400053124,-26.38300281618597,PASS,PASS,772354250,1bedaeaa3d564286b8ff6a77365d3d7b144a6dc97e236466fa7066826a6acd19,3c797bc6dbfd9b03b919c270b609cad839000b68d67e34f3b00d24717e07f39a,91ef300dcb8b8bd17be59dbf2e54b90d36aee62d492cc493dda3f0cfb3ab92cb,8da488640edc1a9a31638d257354a0b908d342bd46733e2344adb88075c190e1,sha256:9975b10f41d41af17ec0cdd625d587d67f618db475d9390e3c1fe1a31fbe0865,verification/directory_construction_traversal/directory-content-scan-500-mixed-v4/verification.json.gz,performance/directory_construction_traversal/directory-content-scan-500-mixed-v4/perf.jsonl
workspace_change_locality,workspace-clean-commit-1-compact-v2,1,1048576,50,compact-low-tier-v2,,1,pure_call_sum_ns,11315960,PASS,PASS,15000000000,PASS,508317333,332521625,7649709,,,1542917,80167,2043167,8650752,4878336,20494625,host process after-product minus before counters,16578000,1.6036402923054993,,,,,,,,11058750,257210,2.3258505708149655,PASS,PASS,353749333,1bedaeaa3d564286b8ff6a77365d3d7b144a6dc97e236466fa7066826a6acd19,3c797bc6dbfd9b03b919c270b609cad839000b68d67e34f3b00d24717e07f39a,91ef300dcb8b8bd17be59dbf2e54b90d36aee62d492cc493dda3f0cfb3ab92cb,bc88d70a0059d8e6b70179adaa1711c46783a6e0f7a577231c3549567951fcad,sha256:9975b10f41d41af17ec0cdd625d587d67f618db475d9390e3c1fe1a31fbe0865,verification/workspace_change_locality/workspace-clean-commit-1-compact-v2/verification.json,performance/workspace_change_locality/workspace-clean-commit-1-compact-v2/perf.jsonl
workspace_change_locality,workspace-clean-commit-10-compact-v2,10,10485760,500,compact-low-tier-v2,,1,pure_call_sum_ns,10872708,PASS,PASS,15000000000,PASS,648124500,397305417,7447125,,,1445292,99791,1880500,9207808,4378624,21930791,host process after-product minus before counters,16554000,2.133901999797672,,,,,,,,12542083,-1669375,-13.31018938401221,PASS,PASS,357755834,1bedaeaa3d564286b8ff6a77365d3d7b144a6dc97e236466fa7066826a6acd19,3c797bc6dbfd9b03b919c270b609cad839000b68d67e34f3b00d24717e07f39a,91ef300dcb8b8bd17be59dbf2e54b90d36aee62d492cc493dda3f0cfb3ab92cb,c4f18ba8531d4aa1ad718a3d3ca1807005b36a4642c539d32059e696af042a47,sha256:9975b10f41d41af17ec0cdd625d587d67f618db475d9390e3c1fe1a31fbe0865,verification/workspace_change_locality/workspace-clean-commit-10-compact-v2/verification.json,performance/workspace_change_locality/workspace-clean-commit-10-compact-v2/perf.jsonl
workspace_change_locality,workspace-clean-commit-100-mixed-v4,100,104857600,2000,workspace-mixed-v4,,1,pure_call_sum_ns,11559208,PASS,PASS,15000000000,PASS,904593084,382077750,7755750,,,1468875,90083,2244500,8732672,4870144,21463292,host process after-product minus before counters,17108000,1.983244125265628,,,,,,,,11507583,51625,0.44861722917836006,PASS,PASS,413324000,1bedaeaa3d564286b8ff6a77365d3d7b144a6dc97e236466fa7066826a6acd19,3c797bc6dbfd9b03b919c270b609cad839000b68d67e34f3b00d24717e07f39a,91ef300dcb8b8bd17be59dbf2e54b90d36aee62d492cc493dda3f0cfb3ab92cb,7dda224bf6c4bc4cfb708ff335aabcf533f0682e5c25b9dad50a69326c2b2712,sha256:9975b10f41d41af17ec0cdd625d587d67f618db475d9390e3c1fe1a31fbe0865,verification/workspace_change_locality/workspace-clean-commit-100-mixed-v4/verification.json,performance/workspace_change_locality/workspace-clean-commit-100-mixed-v4/perf.jsonl
workspace_change_locality,workspace-clean-commit-500-mixed-v4,500,524288000,5000,workspace-mixed-v4,,1,pure_call_sum_ns,11866166,PASS,PASS,15000000000,PASS,2653288625,387296125,8210666,,,1403791,64834,2186875,9289728,5402624,18101416,host process after-product minus before counters,17978000,4.171032125130296,,,,,,,,12952667,-1086501,-8.388241587620527,PASS,PASS,799468458,1bedaeaa3d564286b8ff6a77365d3d7b144a6dc97e236466fa7066826a6acd19,3c797bc6dbfd9b03b919c270b609cad839000b68d67e34f3b00d24717e07f39a,91ef300dcb8b8bd17be59dbf2e54b90d36aee62d492cc493dda3f0cfb3ab92cb,61a6961db19f1e351f040c9aac144e8f5e38ab063145bd401a579981bc617bc9,sha256:9975b10f41d41af17ec0cdd625d587d67f618db475d9390e3c1fe1a31fbe0865,verification/workspace_change_locality/workspace-clean-commit-500-mixed-v4/verification.json,performance/workspace_change_locality/workspace-clean-commit-500-mixed-v4/perf.jsonl
workspace_change_locality,workspace-fixed-move-1-compact-v2,1,1048576,50,compact-low-tier-v2,,1,pure_call_sum_ns,19708292,PASS,PASS,15000000000,PASS,497788209,337078458,7866334,5916000,,2942125,73333,2910500,10895360,4874240,22504584,host process after-product minus before counters,21267000,1.7485374580137432,,,,,,,,21613708,-1905416,-8.81577561795505,PASS,PASS,338531917,1bedaeaa3d564286b8ff6a77365d3d7b144a6dc97e236466fa7066826a6acd19,3c797bc6dbfd9b03b919c270b609cad839000b68d67e34f3b00d24717e07f39a,91ef300dcb8b8bd17be59dbf2e54b90d36aee62d492cc493dda3f0cfb3ab92cb,9ac8e35d2fc7552fd53d0f3805ba5249412204619388d923a1fd5c4e1098d1fc,sha256:9975b10f41d41af17ec0cdd625d587d67f618db475d9390e3c1fe1a31fbe0865,verification/workspace_change_locality/workspace-fixed-move-1-compact-v2/verification.json,performance/workspace_change_locality/workspace-fixed-move-1-compact-v2/perf.jsonl
workspace_change_locality,workspace-fixed-move-10-compact-v2,10,10485760,500,compact-low-tier-v2,,1,pure_call_sum_ns,21320084,PASS,PASS,15000000000,PASS,534293208,384623792,8218458,6788375,,3280667,83292,2949292,14073856,4874240,25039125,host process after-product minus before counters,19912000,1.989767957944423,,,,,,,,21995917,-675833,-3.0725384170162124,PASS,PASS,351663333,1bedaeaa3d564286b8ff6a77365d3d7b144a6dc97e236466fa7066826a6acd19,3c797bc6dbfd9b03b919c270b609cad839000b68d67e34f3b00d24717e07f39a,91ef300dcb8b8bd17be59dbf2e54b90d36aee62d492cc493dda3f0cfb3ab92cb,86159750f66d4867ee8fbfaa21eb78f99c082b0666c5b55edfb10fba18e54e96,sha256:9975b10f41d41af17ec0cdd625d587d67f618db475d9390e3c1fe1a31fbe0865,verification/workspace_change_locality/workspace-fixed-move-10-compact-v2/verification.json,performance/workspace_change_locality/workspace-fixed-move-10-compact-v2/perf.jsonl
workspace_change_locality,workspace-fixed-move-100-mixed-v4,100,104857600,2000,workspace-mixed-v4,,1,pure_call_sum_ns,28352083,PASS,PASS,15000000000,PASS,925486166,385684750,9671417,12033792,,3935583,71291,2640000,13254656,4722688,28726750,host process after-product minus before counters,21827000,2.1229467089287937,,,,,,,,20821250,7530833,36.168976406315664,PASS,PASS,428241167,1bedaeaa3d564286b8ff6a77365d3d7b144a6dc97e236466fa7066826a6acd19,3c797bc6dbfd9b03b919c270b609cad839000b68d67e34f3b00d24717e07f39a,91ef300dcb8b8bd17be59dbf2e54b90d36aee62d492cc493dda3f0cfb3ab92cb,57a9eb99f2de2155d2c611b7db87c284f94508b2a6e3c3ff07db8a383019ae42,sha256:9975b10f41d41af17ec0cdd625d587d67f618db475d9390e3c1fe1a31fbe0865,verification/workspace_change_locality/workspace-fixed-move-100-mixed-v4/verification.json,performance/workspace_change_locality/workspace-fixed-move-100-mixed-v4/perf.jsonl
workspace_change_locality,workspace-fixed-move-500-mixed-v4,500,524288000,5000,workspace-mixed-v4,,1,pure_call_sum_ns,27589207,PASS,PASS,15000000000,PASS,2591135375,344447125,8058875,12654666,,3553583,74250,3247833,16941056,5165056,24628375,host process after-product minus before counters,20494000,4.110525917261839,,,,,,,,23177458,4411749,19.034654274856198,PASS,PASS,723325625,1bedaeaa3d564286b8ff6a77365d3d7b144a6dc97e236466fa7066826a6acd19,3c797bc6dbfd9b03b919c270b609cad839000b68d67e34f3b00d24717e07f39a,91ef300dcb8b8bd17be59dbf2e54b90d36aee62d492cc493dda3f0cfb3ab92cb,c4525026dc24555e403805c57af8c11a407358a6924e3139f4d44fcfc799530c,sha256:9975b10f41d41af17ec0cdd625d587d67f618db475d9390e3c1fe1a31fbe0865,verification/workspace_change_locality/workspace-fixed-move-500-mixed-v4/verification.json,performance/workspace_change_locality/workspace-fixed-move-500-mixed-v4/perf.jsonl
workspace_change_locality,workspace-distributed-sdk-edit-1-compact-v2,1,1048576,50,compact-low-tier-v2,,1,pure_call_sum_ns,16937333,PASS,PASS,15000000000,PASS,551228417,391017459,7655750,,3008375,3588458,66625,2618125,10993664,5144576,24997916,host process after-product minus before counters,18851000,1.6775912921875715,,,,,,,,18321833,-1384500,-7.5565583421702405,PASS,PASS,342963291,1bedaeaa3d564286b8ff6a77365d3d7b144a6dc97e236466fa7066826a6acd19,3c797bc6dbfd9b03b919c270b609cad839000b68d67e34f3b00d24717e07f39a,91ef300dcb8b8bd17be59dbf2e54b90d36aee62d492cc493dda3f0cfb3ab92cb,b7e27c906f45c704c74fd4e0eb64c3f300dca7a3ff3c26eb349028a7d01047c2,sha256:9975b10f41d41af17ec0cdd625d587d67f618db475d9390e3c1fe1a31fbe0865,verification/workspace_change_locality/workspace-distributed-sdk-edit-1-compact-v2/verification.json,performance/workspace_change_locality/workspace-distributed-sdk-edit-1-compact-v2/perf.jsonl
workspace_change_locality,workspace-distributed-sdk-edit-10-compact-v2,10,10485760,500,compact-low-tier-v2,,1,pure_call_sum_ns,39179873,PASS,PASS,15000000000,PASS,548479042,390265292,7945000,,23558958,4909041,73791,2693083,20955136,4870144,31690083,host process after-product minus before counters,20565000,2.05084816692397,,,,,,,,35855332,3324541,9.272096546198485,PASS,PASS,347599125,1bedaeaa3d564286b8ff6a77365d3d7b144a6dc97e236466fa7066826a6acd19,3c797bc6dbfd9b03b919c270b609cad839000b68d67e34f3b00d24717e07f39a,91ef300dcb8b8bd17be59dbf2e54b90d36aee62d492cc493dda3f0cfb3ab92cb,f860cdf94cc082a47ae05151d72ca2e3fdc9b3a6f21fe32fba465918eee60278,sha256:9975b10f41d41af17ec0cdd625d587d67f618db475d9390e3c1fe1a31fbe0865,verification/workspace_change_locality/workspace-distributed-sdk-edit-10-compact-v2/verification.json,performance/workspace_change_locality/workspace-distributed-sdk-edit-10-compact-v2/perf.jsonl
workspace_change_locality,workspace-distributed-sdk-edit-100-mixed-v4,100,104857600,2000,workspace-mixed-v4,,1,pure_call_sum_ns,336399086,PASS,PASS,15000000000,PASS,985458708,691441583,8601083,,310515127,14688250,73959,2520667,57278464,13561856,149096500,host process after-product minus before counters,66874000,2.5024316660128534,,,,,,,,355760339,-19361253,-5.442217942118613,PASS,PASS,424029166,1bedaeaa3d564286b8ff6a77365d3d7b144a6dc97e236466fa7066826a6acd19,3c797bc6dbfd9b03b919c270b609cad839000b68d67e34f3b00d24717e07f39a,91ef300dcb8b8bd17be59dbf2e54b90d36aee62d492cc493dda3f0cfb3ab92cb,5c3e23fea65ada653da07e89e17e3e0f9b815e1fbf1de237f0cc0feda38c0a70,sha256:9975b10f41d41af17ec0cdd625d587d67f618db475d9390e3c1fe1a31fbe0865,verification/workspace_change_locality/workspace-distributed-sdk-edit-100-mixed-v4/verification.json.gz,performance/workspace_change_locality/workspace-distributed-sdk-edit-100-mixed-v4/perf.jsonl.gz
workspace_change_locality,workspace-distributed-sdk-edit-500-mixed-v4,500,524288000,5000,workspace-mixed-v4,,1,pure_call_sum_ns,2849182039,PASS,PASS,15000000000,PASS,2718993125,3207727417,7738750,,2782241082,56073958,86291,3041958,70057984,31084544,948672792,host process after-product minus before counters,508728000,7.130985875148326,,,,,,,,2818321215,30860824,1.095007334002558,PASS,PASS,728930708,1bedaeaa3d564286b8ff6a77365d3d7b144a6dc97e236466fa7066826a6acd19,3c797bc6dbfd9b03b919c270b609cad839000b68d67e34f3b00d24717e07f39a,91ef300dcb8b8bd17be59dbf2e54b90d36aee62d492cc493dda3f0cfb3ab92cb,3bc29f396dc83f97aafd277ce71689e684d41ba2954c47a9ff787a567de5b234,sha256:9975b10f41d41af17ec0cdd625d587d67f618db475d9390e3c1fe1a31fbe0865,verification/workspace_change_locality/workspace-distributed-sdk-edit-500-mixed-v4/verification.json.gz,performance/workspace_change_locality/workspace-distributed-sdk-edit-500-mixed-v4/perf.jsonl.gz
workspace_change_locality,workspace-dense-rewrite-1-compact-v2,1,1048576,50,compact-low-tier-v2,,1,pure_call_sum_ns,84118125,PASS,PASS,15000000000,PASS,566761750,449563291,7925583,63189792,,10068833,74792,2859125,15630336,8605696,42937000,host process after-product minus before counters,42662000,1.7524517909623682,,,,,,,,124778917,-40660792,-32.586267758679135,PASS,PASS,352495291,1bedaeaa3d564286b8ff6a77365d3d7b144a6dc97e236466fa7066826a6acd19,3c797bc6dbfd9b03b919c270b609cad839000b68d67e34f3b00d24717e07f39a,91ef300dcb8b8bd17be59dbf2e54b90d36aee62d492cc493dda3f0cfb3ab92cb,db52eabd3d66746bd885013bb55b910d7699901eed09cc002085d95cc220336f,sha256:9975b10f41d41af17ec0cdd625d587d67f618db475d9390e3c1fe1a31fbe0865,verification/workspace_change_locality/workspace-dense-rewrite-1-compact-v2/verification.json,performance/workspace_change_locality/workspace-dense-rewrite-1-compact-v2/perf.jsonl
workspace_change_locality,workspace-dense-rewrite-10-compact-v2,10,10485760,500,compact-low-tier-v2,,1,pure_call_sum_ns,316616500,PASS,PASS,15000000000,PASS,596835000,648000542,8649250,226868250,,76749125,72250,4277625,49922048,22556672,128174666,host process after-product minus before counters,127344000,2.570778665598482,,,,,,,,445116748,-128500248,-28.868886326425084,PASS,PASS,348411375,1bedaeaa3d564286b8ff6a77365d3d7b144a6dc97e236466fa7066826a6acd19,3c797bc6dbfd9b03b919c270b609cad839000b68d67e34f3b00d24717e07f39a,91ef300dcb8b8bd17be59dbf2e54b90d36aee62d492cc493dda3f0cfb3ab92cb,777eb1a041471b40f8290da18da3e66efc7a39df08e6079dd4ede1803d80df87,sha256:9975b10f41d41af17ec0cdd625d587d67f618db475d9390e3c1fe1a31fbe0865,verification/workspace_change_locality/workspace-dense-rewrite-10-compact-v2/verification.json,performance/workspace_change_locality/workspace-dense-rewrite-10-compact-v2/perf.jsonl
workspace_change_locality,workspace-dense-rewrite-100-mixed-v4,100,104857600,2000,workspace-mixed-v4,,1,pure_call_sum_ns,1497618208,PASS,PASS,15000000000,PASS,968143708,1868423666,6961791,933244250,,545124875,87667,12199625,79265792,130428928,702154916,host process after-product minus before counters,488297000,3.8838729159906507,,,,,,,,2434445875,-936827667,-38.48217274495782,PASS,PASS,446195542,1bedaeaa3d564286b8ff6a77365d3d7b144a6dc97e236466fa7066826a6acd19,3c797bc6dbfd9b03b919c270b609cad839000b68d67e34f3b00d24717e07f39a,91ef300dcb8b8bd17be59dbf2e54b90d36aee62d492cc493dda3f0cfb3ab92cb,617f819c3d5938be54e66e4b8b8cc98be13de4bbc2fa96194d3bc71c2c658fdc,sha256:9975b10f41d41af17ec0cdd625d587d67f618db475d9390e3c1fe1a31fbe0865,verification/workspace_change_locality/workspace-dense-rewrite-100-mixed-v4/verification.json,performance/workspace_change_locality/workspace-dense-rewrite-100-mixed-v4/perf.jsonl
workspace_change_locality,workspace-dense-rewrite-500-mixed-v4,500,524288000,5000,workspace-mixed-v4,,1,pure_call_sum_ns,5688591958,PASS,PASS,15000000000,PASS,2629800750,6232420125,7297208,3032658125,,2626086500,145459,22404666,98009088,572596224,3127638750,host process after-product minus before counters,1546687000,10.18545279186219,,,,,,,,8334001500,-2645409542,-31.742369400821442,PASS,PASS,762869042,1bedaeaa3d564286b8ff6a77365d3d7b144a6dc97e236466fa7066826a6acd19,3c797bc6dbfd9b03b919c270b609cad839000b68d67e34f3b00d24717e07f39a,91ef300dcb8b8bd17be59dbf2e54b90d36aee62d492cc493dda3f0cfb3ab92cb,483cc33744894fb84d44a4b23a6c2792eeaf55775f7c661b35b4df5fccb0c926,sha256:9975b10f41d41af17ec0cdd625d587d67f618db475d9390e3c1fe1a31fbe0865,verification/workspace_change_locality/workspace-dense-rewrite-500-mixed-v4/verification.json,performance/workspace_change_locality/workspace-dense-rewrite-500-mixed-v4/perf.jsonl
dedup_branch_history,dedup-history-distributed-1,1,1048576,200,registered-fixture,,1,pure_call_sum_ns,22163084,PASS,PASS,15000000000,PASS,745474250,342495209,8631625,,6799084,4075625,70500,2586250,12435456,5386240,26112333,host process after-product minus before counters,18321000,2.1922978330403566,,,,,,,,15778292,6384792,40.465672710328846,PASS,PASS,344123708,1bedaeaa3d564286b8ff6a77365d3d7b144a6dc97e236466fa7066826a6acd19,3c797bc6dbfd9b03b919c270b609cad839000b68d67e34f3b00d24717e07f39a,91ef300dcb8b8bd17be59dbf2e54b90d36aee62d492cc493dda3f0cfb3ab92cb,a73aacbebdb290130dede1afa6c1f564af82a11973bb91f7d967551e55e27aa1,sha256:9975b10f41d41af17ec0cdd625d587d67f618db475d9390e3c1fe1a31fbe0865,verification/dedup_branch_history/dedup-history-distributed-1/verification.json,performance/dedup_branch_history/dedup-history-distributed-1/perf.jsonl
dedup_branch_history,dedup-history-distributed-10,10,1048576,200,registered-fixture,,1,pure_call_sum_ns,82265877,PASS,PASS,15000000000,PASS,1001289333,442562208,11940125,,31502962,35981458,65666,2775666,13352960,5394432,66758834,host process after-product minus before counters,26896000,4.5789663339965045,,,,,,,,57151126,25114751,43.9444552676005,PASS,PASS,346008042,1bedaeaa3d564286b8ff6a77365d3d7b144a6dc97e236466fa7066826a6acd19,3c797bc6dbfd9b03b919c270b609cad839000b68d67e34f3b00d24717e07f39a,91ef300dcb8b8bd17be59dbf2e54b90d36aee62d492cc493dda3f0cfb3ab92cb,76b3040f74f29c8a258c610c342d11e5454ded3a89d7f0c125ce97d86daf9650,sha256:9975b10f41d41af17ec0cdd625d587d67f618db475d9390e3c1fe1a31fbe0865,verification/dedup_branch_history/dedup-history-distributed-10/verification.json.gz,performance/dedup_branch_history/dedup-history-distributed-10/perf.jsonl.gz
dedup_branch_history,dedup-history-distributed-100,100,1048576,200,registered-fixture,,1,pure_call_sum_ns,586404579,PASS,PASS,15000000000,PASS,671537042,1112623333,7792167,,238381706,337384956,66708,2779042,15810560,11640832,407909416,host process after-product minus before counters,98724000,4.233630375005305,,,,,,,,397227739,189176840,47.6242773166453,PASS,PASS,344083417,1bedaeaa3d564286b8ff6a77365d3d7b144a6dc97e236466fa7066826a6acd19,3c797bc6dbfd9b03b919c270b609cad839000b68d67e34f3b00d24717e07f39a,91ef300dcb8b8bd17be59dbf2e54b90d36aee62d492cc493dda3f0cfb3ab92cb,ecbd1f3e2f84154c0d1c53f14f19d39c5fe893db40a16be4c951b8ab6411da90,sha256:9975b10f41d41af17ec0cdd625d587d67f618db475d9390e3c1fe1a31fbe0865,verification/dedup_branch_history/dedup-history-distributed-100/verification.json.gz,performance/dedup_branch_history/dedup-history-distributed-100/perf.jsonl.gz
dedup_branch_history,dedup-history-distributed-500,500,1048576,200,registered-fixture,,1,pure_call_sum_ns,2925218405,PASS,PASS,15000000000,PASS,575026125,4198516083,8140208,,1221636947,1692532000,66292,2842958,24772608,43884544,1996995083,host process after-product minus before counters,442802000,8.538804166950285,,,,,,,,2073073776,852144629,41.10536918006916,PASS,PASS,353373792,1bedaeaa3d564286b8ff6a77365d3d7b144a6dc97e236466fa7066826a6acd19,3c797bc6dbfd9b03b919c270b609cad839000b68d67e34f3b00d24717e07f39a,91ef300dcb8b8bd17be59dbf2e54b90d36aee62d492cc493dda3f0cfb3ab92cb,d48f1292d09b986a1e8a6747fda819a2351e41aab3df2104bca89b504009c8b0,sha256:9975b10f41d41af17ec0cdd625d587d67f618db475d9390e3c1fe1a31fbe0865,verification/dedup_branch_history/dedup-history-distributed-500/verification.json.gz,performance/dedup_branch_history/dedup-history-distributed-500/perf.jsonl.gz
dedup_branch_history,dedup-history-hotset-1,1,1048576,200,registered-fixture,,1,pure_call_sum_ns,23580083,PASS,PASS,15000000000,PASS,479112833,347726833,9402458,,6857000,4553084,67750,2699791,12812288,4874240,25994541,host process after-product minus before counters,21868000,2.239450457971543,,,,,,,,17330416,6249667,36.061840639024474,PASS,PASS,352357708,1bedaeaa3d564286b8ff6a77365d3d7b144a6dc97e236466fa7066826a6acd19,3c797bc6dbfd9b03b919c270b609cad839000b68d67e34f3b00d24717e07f39a,91ef300dcb8b8bd17be59dbf2e54b90d36aee62d492cc493dda3f0cfb3ab92cb,f96febc07ae691e26baba2cec809ceeaf388fb42a7845ef6a4b3ec5f63c605e4,sha256:9975b10f41d41af17ec0cdd625d587d67f618db475d9390e3c1fe1a31fbe0865,verification/dedup_branch_history/dedup-history-hotset-1/verification.json,performance/dedup_branch_history/dedup-history-hotset-1/perf.jsonl
dedup_branch_history,dedup-history-hotset-10,10,1048576,200,registered-fixture,,1,pure_call_sum_ns,118461251,PASS,PASS,15000000000,PASS,517372125,499070667,11559000,,64619958,39226084,68250,2987959,13516800,5644288,73076458,host process after-product minus before counters,32555000,4.571824874728918,,,,,,,,104037791,14423460,13.863673825985021,PASS,PASS,401121708,1bedaeaa3d564286b8ff6a77365d3d7b144a6dc97e236466fa7066826a6acd19,3c797bc6dbfd9b03b919c270b609cad839000b68d67e34f3b00d24717e07f39a,91ef300dcb8b8bd17be59dbf2e54b90d36aee62d492cc493dda3f0cfb3ab92cb,160341558a7b3c3827e75c0b446fcff1660915cc6007c27c9a9a4c658db81bbc,sha256:9975b10f41d41af17ec0cdd625d587d67f618db475d9390e3c1fe1a31fbe0865,verification/dedup_branch_history/dedup-history-hotset-10/verification.json.gz,performance/dedup_branch_history/dedup-history-hotset-10/perf.jsonl.gz
dedup_branch_history,dedup-history-hotset-100,100,1048576,200,registered-fixture,,1,pure_call_sum_ns,799500410,PASS,PASS,15000000000,PASS,566843583,1314924125,8635042,,508239667,280116201,81833,2427667,15990784,12562432,451409250,host process after-product minus before counters,137177000,4.604663415811956,,,,,,,,771554422,27945988,3.6220371762706325,PASS,PASS,352461541,1bedaeaa3d564286b8ff6a77365d3d7b144a6dc97e236466fa7066826a6acd19,3c797bc6dbfd9b03b919c270b609cad839000b68d67e34f3b00d24717e07f39a,91ef300dcb8b8bd17be59dbf2e54b90d36aee62d492cc493dda3f0cfb3ab92cb,386ba80201b0ca578a445fdff53a14afa85820bfca0501a974bca4c460ec8398,sha256:9975b10f41d41af17ec0cdd625d587d67f618db475d9390e3c1fe1a31fbe0865,verification/dedup_branch_history/dedup-history-hotset-100/verification.json.gz,performance/dedup_branch_history/dedup-history-hotset-100/perf.jsonl.gz
dedup_branch_history,dedup-history-hotset-500,500,1048576,200,registered-fixture,,1,pure_call_sum_ns,3683754881,PASS,PASS,15000000000,PASS,565171958,4784469209,7718084,,2293413791,1379459797,88667,3074542,24625152,46792704,2183350750,host process after-product minus before counters,559317000,8.688416291959584,,,,,,,,3657148004,26606877,0.7275307690828692,PASS,PASS,348326458,1bedaeaa3d564286b8ff6a77365d3d7b144a6dc97e236466fa7066826a6acd19,3c797bc6dbfd9b03b919c270b609cad839000b68d67e34f3b00d24717e07f39a,91ef300dcb8b8bd17be59dbf2e54b90d36aee62d492cc493dda3f0cfb3ab92cb,e7c371942f126bcd5effbd11e68c70e0d7e73cb1193ddae57b2b35c48e88a84b,sha256:9975b10f41d41af17ec0cdd625d587d67f618db475d9390e3c1fe1a31fbe0865,verification/dedup_branch_history/dedup-history-hotset-500/verification.json.gz,performance/dedup_branch_history/dedup-history-hotset-500/perf.jsonl.gz
dedup_branch_history,dedup-history-recurring-1,1,1048576,200,registered-fixture,,1,pure_call_sum_ns,21456208,PASS,PASS,15000000000,PASS,504459750,392608375,7540375,,6660917,4544250,87916,2622750,13090816,4870144,30119459,host process after-product minus before counters,19477000,2.060230457689613,,,,,,,,16679708,4776500,28.636592439148217,PASS,PASS,345079500,1bedaeaa3d564286b8ff6a77365d3d7b144a6dc97e236466fa7066826a6acd19,3c797bc6dbfd9b03b919c270b609cad839000b68d67e34f3b00d24717e07f39a,91ef300dcb8b8bd17be59dbf2e54b90d36aee62d492cc493dda3f0cfb3ab92cb,8d4760567c2e890172445bf7f86ea0d453db0d39de5384ae12d223862c3399eb,sha256:9975b10f41d41af17ec0cdd625d587d67f618db475d9390e3c1fe1a31fbe0865,verification/dedup_branch_history/dedup-history-recurring-1/verification.json,performance/dedup_branch_history/dedup-history-recurring-1/perf.jsonl
dedup_branch_history,dedup-history-recurring-10,10,1048576,200,registered-fixture,,1,pure_call_sum_ns,62918081,PASS,PASS,15000000000,PASS,470350417,390663917,6762917,,20887748,32854749,63667,2349000,13647872,4878336,54793000,host process after-product minus before counters,22939000,4.071059083100408,,,,,,,,68660085,-5742004,-8.36294333163147,PASS,PASS,344584459,1bedaeaa3d564286b8ff6a77365d3d7b144a6dc97e236466fa7066826a6acd19,3c797bc6dbfd9b03b919c270b609cad839000b68d67e34f3b00d24717e07f39a,91ef300dcb8b8bd17be59dbf2e54b90d36aee62d492cc493dda3f0cfb3ab92cb,a3d6be980fbafd4e2d5394c3d3904ed68e63c692a7647f02850e33180dd53c89,sha256:9975b10f41d41af17ec0cdd625d587d67f618db475d9390e3c1fe1a31fbe0865,verification/dedup_branch_history/dedup-history-recurring-10/verification.json.gz,performance/dedup_branch_history/dedup-history-recurring-10/perf.jsonl.gz
dedup_branch_history,dedup-history-recurring-100,100,1048576,200,registered-fixture,,1,pure_call_sum_ns,462840955,PASS,PASS,15000000000,PASS,498166292,962400084,6383125,,151687247,302301708,69750,2399125,14565376,5111808,354210333,host process after-product minus before counters,74392000,3.892683541867882,,,,,,,,498935457,-36094502,-7.23430285292392,PASS,PASS,349101375,1bedaeaa3d564286b8ff6a77365d3d7b144a6dc97e236466fa7066826a6acd19,3c797bc6dbfd9b03b919c270b609cad839000b68d67e34f3b00d24717e07f39a,91ef300dcb8b8bd17be59dbf2e54b90d36aee62d492cc493dda3f0cfb3ab92cb,ac7e7153fc2d42e0c8b14ed40e1ee18d8f2ecabca0c7e6379762ff8f6acf5c84,sha256:9975b10f41d41af17ec0cdd625d587d67f618db475d9390e3c1fe1a31fbe0865,verification/dedup_branch_history/dedup-history-recurring-100/verification.json.gz,performance/dedup_branch_history/dedup-history-recurring-100/perf.jsonl.gz
dedup_branch_history,dedup-history-recurring-500,500,1048576,200,registered-fixture,,1,pure_call_sum_ns,2145416191,PASS,PASS,15000000000,PASS,515143208,3230915208,8348625,,712460568,1421468082,77125,3061791,16072704,5627904,1634220500,host process after-product minus before counters,297340000,7.011576457880437,,,,,,,,2188923246,-43507055,-1.9876007566507428,PASS,PASS,351287209,1bedaeaa3d564286b8ff6a77365d3d7b144a6dc97e236466fa7066826a6acd19,3c797bc6dbfd9b03b919c270b609cad839000b68d67e34f3b00d24717e07f39a,91ef300dcb8b8bd17be59dbf2e54b90d36aee62d492cc493dda3f0cfb3ab92cb,39ffa5414dbd9fd2efac198233447d85c44b4cc7c555c0517e073ffb10573825,sha256:9975b10f41d41af17ec0cdd625d587d67f618db475d9390e3c1fe1a31fbe0865,verification/dedup_branch_history/dedup-history-recurring-500/verification.json.gz,performance/dedup_branch_history/dedup-history-recurring-500/perf.jsonl.gz
dedup_branch_history,dedup-history-metadata-1,1,1048576,200,registered-fixture,,1,pure_call_sum_ns,20652541,PASS,PASS,15000000000,PASS,511387500,344006458,8228875,6846916,,2914333,77542,2584875,10944512,4550656,23671541,host process after-product minus before counters,20622000,1.9984951252117753,,,,,,,,21832501,-1179960,-5.404602981582366,PASS,PASS,352265542,1bedaeaa3d564286b8ff6a77365d3d7b144a6dc97e236466fa7066826a6acd19,3c797bc6dbfd9b03b919c270b609cad839000b68d67e34f3b00d24717e07f39a,91ef300dcb8b8bd17be59dbf2e54b90d36aee62d492cc493dda3f0cfb3ab92cb,b2de9069ee45c48916f387e8af904d8bfb3e37f71083e6f556f1c799942dd564,sha256:9975b10f41d41af17ec0cdd625d587d67f618db475d9390e3c1fe1a31fbe0865,verification/dedup_branch_history/dedup-history-metadata-1/verification.json,performance/dedup_branch_history/dedup-history-metadata-1/perf.jsonl
dedup_branch_history,dedup-history-metadata-10,10,1048576,200,registered-fixture,,1,pure_call_sum_ns,76473917,PASS,PASS,15000000000,PASS,494609083,392187375,7406667,40257667,,26111750,74167,2623666,11288576,4902912,46292833,host process after-product minus before counters,41338000,4.163718957919627,,,,,,,,72655751,3818166,5.255146285667049,PASS,PASS,289519958,1bedaeaa3d564286b8ff6a77365d3d7b144a6dc97e236466fa7066826a6acd19,3c797bc6dbfd9b03b919c270b609cad839000b68d67e34f3b00d24717e07f39a,91ef300dcb8b8bd17be59dbf2e54b90d36aee62d492cc493dda3f0cfb3ab92cb,44325e9bef6013bca6e2d6a4159b0e7e71771cf88510808ea00712d1feb7003b,sha256:9975b10f41d41af17ec0cdd625d587d67f618db475d9390e3c1fe1a31fbe0865,verification/dedup_branch_history/dedup-history-metadata-10/verification.json.gz,performance/dedup_branch_history/dedup-history-metadata-10/perf.jsonl.gz
dedup_branch_history,dedup-history-metadata-100,100,1048576,200,registered-fixture,,1,pure_call_sum_ns,649605248,PASS,PASS,15000000000,PASS,550131250,1112431375,7003875,384356415,,255544916,81167,2618875,12353536,5931008,296723625,host process after-product minus before counters,274518000,3.8464217078872025,,,,,,,,654387779,-4782531,-0.7308405128391006,PASS,PASS,338896625,1bedaeaa3d564286b8ff6a77365d3d7b144a6dc97e236466fa7066826a6acd19,3c797bc6dbfd9b03b919c270b609cad839000b68d67e34f3b00d24717e07f39a,91ef300dcb8b8bd17be59dbf2e54b90d36aee62d492cc493dda3f0cfb3ab92cb,3f371e759679493b4c44b97e6e8c1a1cc4efcad5ea89900d431bfbb4d7c8be8c,sha256:9975b10f41d41af17ec0cdd625d587d67f618db475d9390e3c1fe1a31fbe0865,verification/dedup_branch_history/dedup-history-metadata-100/verification.json.gz,performance/dedup_branch_history/dedup-history-metadata-100/perf.jsonl.gz
dedup_branch_history,dedup-history-metadata-500,500,1048576,200,registered-fixture,,1,pure_call_sum_ns,3231966647,PASS,PASS,15000000000,PASS,565956458,4045384542,8044208,1946105612,,1275061660,131250,2623917,14155776,5132288,1486518499,host process after-product minus before counters,1327448000,6.678333332762122,,,,,,,,2935201967,296764680,10.1105369693969,PASS,PASS,348283292,1bedaeaa3d564286b8ff6a77365d3d7b144a6dc97e236466fa7066826a6acd19,3c797bc6dbfd9b03b919c270b609cad839000b68d67e34f3b00d24717e07f39a,91ef300dcb8b8bd17be59dbf2e54b90d36aee62d492cc493dda3f0cfb3ab92cb,6a10cb824312ab9e12a3714ad485cc3981942c1ba1358aaa5e4394d9ea682181,sha256:9975b10f41d41af17ec0cdd625d587d67f618db475d9390e3c1fe1a31fbe0865,verification/dedup_branch_history/dedup-history-metadata-500/verification.json.gz,performance/dedup_branch_history/dedup-history-metadata-500/perf.jsonl.gz
dedup_branch_history,dedup-history-unrelated-1,1,1048576,200,registered-fixture,,1,pure_call_sum_ns,880163541,PASS,PASS,15000000000,PASS,561646125,1256153542,7470333,840214042,,28888417,76958,3513791,17727488,8486912,324045333,host process after-product minus before counters,203508000,2.9486843328922987,,,,,,,,1107731167,-227567626,-20.543578873591446,PASS,PASS,342520709,1bedaeaa3d564286b8ff6a77365d3d7b144a6dc97e236466fa7066826a6acd19,3c797bc6dbfd9b03b919c270b609cad839000b68d67e34f3b00d24717e07f39a,91ef300dcb8b8bd17be59dbf2e54b90d36aee62d492cc493dda3f0cfb3ab92cb,02dd738aadcbd619a6810fa3092995993b3d626bd4d5190ee7c82acc53308f43,sha256:9975b10f41d41af17ec0cdd625d587d67f618db475d9390e3c1fe1a31fbe0865,verification/dedup_branch_history/dedup-history-unrelated-1/verification.json,performance/dedup_branch_history/dedup-history-unrelated-1/perf.jsonl
dedup_branch_history,dedup-history-unrelated-10,10,1048576,200,registered-fixture,,1,pure_call_sum_ns,9543474916,PASS,PASS,15000000000,PASS,556557792,9925274167,6796042,9181185417,,350191248,74667,5227542,35635200,15937536,3408048333,host process after-product minus before counters,2117178000,12.83805275009945,,,,,,,,11029950587,-1486475671,-13.476721035831055,PASS,PASS,339529875,1bedaeaa3d564286b8ff6a77365d3d7b144a6dc97e236466fa7066826a6acd19,3c797bc6dbfd9b03b919c270b609cad839000b68d67e34f3b00d24717e07f39a,91ef300dcb8b8bd17be59dbf2e54b90d36aee62d492cc493dda3f0cfb3ab92cb,7eb1137c69273a2614cffdf21a097ee575848d6ffdaefa3e6675fb67e51e7b49,sha256:9975b10f41d41af17ec0cdd625d587d67f618db475d9390e3c1fe1a31fbe0865,verification/dedup_branch_history/dedup-history-unrelated-10/verification.json.gz,performance/dedup_branch_history/dedup-history-unrelated-10/perf.jsonl.gz
dedup_branch_history,dedup-history-unrelated-100-mixed-v2,100,1048576,10,history-unrelated-mixed-v2,,1,pure_call_sum_ns,3549609120,PASS,PASS,15000000000,PASS,547627833,4034666708,7115250,2741061288,,798292832,79500,3060250,59277312,8744960,1448705208,host process after-product minus before counters,894776000,5.244219375308603,,,,,,,,3492535202,57073918,1.6341687255526194,PASS,PASS,345482541,1bedaeaa3d564286b8ff6a77365d3d7b144a6dc97e236466fa7066826a6acd19,3c797bc6dbfd9b03b919c270b609cad839000b68d67e34f3b00d24717e07f39a,91ef300dcb8b8bd17be59dbf2e54b90d36aee62d492cc493dda3f0cfb3ab92cb,43e9f706b97a0ee719ee372cc75ad0319abc64d11b90a0fb858af6032f5071f7,sha256:9975b10f41d41af17ec0cdd625d587d67f618db475d9390e3c1fe1a31fbe0865,verification/dedup_branch_history/dedup-history-unrelated-100-mixed-v2/verification.json.gz,performance/dedup_branch_history/dedup-history-unrelated-100-mixed-v2/perf.jsonl.gz
dedup_branch_history,dedup-history-unrelated-500-mixed-v2,500,1048576,10,history-unrelated-mixed-v2,,1,pure_call_sum_ns,18163888871,PASS,PASS,15000000000,TARGET_MISS,550864625,19187298250,7444417,13835773239,,4317425423,87292,3158500,68419584,10420224,7438216500,host process after-product minus before counters,4424422000,20.745782082900405,,,,,,,,16997840520,1166048351,6.859979358130841,PASS,PASS,357138375,1bedaeaa3d564286b8ff6a77365d3d7b144a6dc97e236466fa7066826a6acd19,3c797bc6dbfd9b03b919c270b609cad839000b68d67e34f3b00d24717e07f39a,91ef300dcb8b8bd17be59dbf2e54b90d36aee62d492cc493dda3f0cfb3ab92cb,3b13c4d6705a315bc35d454ce61a511486638a13bdbd91f5fed430c37b771c3a,sha256:9975b10f41d41af17ec0cdd625d587d67f618db475d9390e3c1fe1a31fbe0865,verification/dedup_branch_history/dedup-history-unrelated-500-mixed-v2/verification.json.gz,performance/dedup_branch_history/dedup-history-unrelated-500-mixed-v2/perf.jsonl.gz
git_tool_workflow,git-tool-1-compact-v2,1,1051076,51,compact-low-tier-v2,,1,pure_call_sum_ns,318657624,PASS,PASS,15000000000,PASS,2736822375,647966709,9869708,300597833,,5009833,74958,3105292,14139392,12570624,58382167,host process after-product minus before counters,174840000,5.03639341564849,3876833,118800541,85742042,36215958,4703250,13079167,30733042,,,,PASS,PASS,400097625,1bedaeaa3d564286b8ff6a77365d3d7b144a6dc97e236466fa7066826a6acd19,3c797bc6dbfd9b03b919c270b609cad839000b68d67e34f3b00d24717e07f39a,91ef300dcb8b8bd17be59dbf2e54b90d36aee62d492cc493dda3f0cfb3ab92cb,2bddefb75e18971c73e149c577759ea7b28d3785fc82a77673037361ad9d8d29,sha256:9975b10f41d41af17ec0cdd625d587d67f618db475d9390e3c1fe1a31fbe0865,verification/git_tool_workflow/git-tool-1-compact-v2/verification.json,performance/git_tool_workflow/git-tool-1-compact-v2/perf.jsonl
git_tool_workflow,git-tool-10-compact-v2,10,4211804,207,compact-low-tier-v2,,1,pure_call_sum_ns,611383084,PASS,PASS,15000000000,PASS,3503882875,942642917,10449500,587984667,,8796750,76250,4075917,24592384,28143616,129912708,host process after-product minus before counters,294753000,6.69657937483862,10896250,201072917,268597375,44716625,5151167,16622875,30209166,,,,PASS,PASS,509087208,1bedaeaa3d564286b8ff6a77365d3d7b144a6dc97e236466fa7066826a6acd19,3c797bc6dbfd9b03b919c270b609cad839000b68d67e34f3b00d24717e07f39a,91ef300dcb8b8bd17be59dbf2e54b90d36aee62d492cc493dda3f0cfb3ab92cb,27c57cb7d22dce9d06ec47166f2d39af1c5b7f2d4c9b157dd82baf20d7482868,sha256:9975b10f41d41af17ec0cdd625d587d67f618db475d9390e3c1fe1a31fbe0865,verification/git_tool_workflow/git-tool-10-compact-v2/verification.json,performance/git_tool_workflow/git-tool-10-compact-v2/perf.jsonl
git_tool_workflow,git-tool-100-mixed-v4,100,61491723,2351,workspace-mixed-v4-git,,1,pure_call_sum_ns,1879182458,PASS,PASS,500000000,TARGET_MISS,11303984042,2167487375,10415250,1830353542,,27289208,69375,11055083,53641216,74002432,319395250,host process after-product minus before counters,1211771000,20.080943084321916,97089583,502457000,1019667334,101550334,14611083,40066166,35236042,1852297167,26885291,1.451456681950429,PASS,PASS,1035388500,1bedaeaa3d564286b8ff6a77365d3d7b144a6dc97e236466fa7066826a6acd19,3c797bc6dbfd9b03b919c270b609cad839000b68d67e34f3b00d24717e07f39a,91ef300dcb8b8bd17be59dbf2e54b90d36aee62d492cc493dda3f0cfb3ab92cb,9154cea40439104e5f71d1123d4fc3838ac48b605df4da92217a18e7cd4e4770,sha256:9975b10f41d41af17ec0cdd625d587d67f618db475d9390e3c1fe1a31fbe0865,verification/git_tool_workflow/git-tool-100-mixed-v4/verification.json,performance/git_tool_workflow/git-tool-100-mixed-v4/perf.jsonl
git_tool_workflow,git-tool-500-mixed-v4,500,73779723,5351,workspace-mixed-v4-git,,1,pure_call_sum_ns,4689306499,PASS,PASS,1000000000,TARGET_MISS,19877394250,5019107625,12350250,4575834708,,78106791,95083,22919667,79691776,147619840,827276624,host process after-product minus before counters,2973604000,36.49917087517679,474959875,1135061792,2279828084,358899709,71040667,122089042,65301500,4635513874,53792625,1.160445777149237,PASS,PASS,1801407500,1bedaeaa3d564286b8ff6a77365d3d7b144a6dc97e236466fa7066826a6acd19,3c797bc6dbfd9b03b919c270b609cad839000b68d67e34f3b00d24717e07f39a,91ef300dcb8b8bd17be59dbf2e54b90d36aee62d492cc493dda3f0cfb3ab92cb,a716cbf0a24ca2b4cac21cb76efde02f46ea4aeeb2d4423276dc965cf558210d,sha256:9975b10f41d41af17ec0cdd625d587d67f618db475d9390e3c1fe1a31fbe0865,verification/git_tool_workflow/git-tool-500-mixed-v4/verification.json,performance/git_tool_workflow/git-tool-500-mixed-v4/perf.jsonl
mixed_load_bearing,agent-episodes-1-compact-v2,1,1081344,54,compact-low-tier-v2,,1,pure_call_sum_ns,26241042,PASS,PASS,15000000000,PASS,761561791,385288375,6770917,12084083,,4345792,75458,2964792,9584640,4878336,21491208,host process after-product minus before counters,22154000,2.0044421670027077,,,,,,,,29921292,-3680250,-12.299769675721222,PASS,PASS,344294584,1bedaeaa3d564286b8ff6a77365d3d7b144a6dc97e236466fa7066826a6acd19,3c797bc6dbfd9b03b919c270b609cad839000b68d67e34f3b00d24717e07f39a,91ef300dcb8b8bd17be59dbf2e54b90d36aee62d492cc493dda3f0cfb3ab92cb,f5e335d057ea70d43e4888d9322c55b1b867d76ef56127b4b01ff009f813d9dd,sha256:9975b10f41d41af17ec0cdd625d587d67f618db475d9390e3c1fe1a31fbe0865,verification/mixed_load_bearing/agent-episodes-1-compact-v2/verification.json,performance/mixed_load_bearing/agent-episodes-1-compact-v2/perf.jsonl
mixed_load_bearing,agent-episodes-10-compact-v2,10,10813440,540,compact-low-tier-v2,,1,pure_call_sum_ns,89910918,PASS,PASS,15000000000,PASS,953899792,394207459,6484333,74119250,,6675542,60584,2571209,11272192,5672960,37235583,host process after-product minus before counters,47230000,2.7333738333545625,,,,,,,,143727584,-53816666,-37.443519540410556,PASS,PASS,346634042,1bedaeaa3d564286b8ff6a77365d3d7b144a6dc97e236466fa7066826a6acd19,3c797bc6dbfd9b03b919c270b609cad839000b68d67e34f3b00d24717e07f39a,91ef300dcb8b8bd17be59dbf2e54b90d36aee62d492cc493dda3f0cfb3ab92cb,a87dfed6755bc4226b1b1b574abdf06376f44626359bdd399acfaf2c15379961,sha256:9975b10f41d41af17ec0cdd625d587d67f618db475d9390e3c1fe1a31fbe0865,verification/mixed_load_bearing/agent-episodes-10-compact-v2/verification.json,performance/mixed_load_bearing/agent-episodes-10-compact-v2/perf.jsonl
mixed_load_bearing,agent-episodes-100,100,83492864,14800,registered-fixture,,1,pure_call_sum_ns,908411042,PASS,PASS,15000000000,PASS,6590433500,1283346750,7640292,851249375,,45420125,69583,4031667,42598400,12947456,247805708,host process after-product minus before counters,366410000,18.099349500145763,,,,,,,,1449353374,-540942332,-37.323011882677,PASS,PASS,409177583,1bedaeaa3d564286b8ff6a77365d3d7b144a6dc97e236466fa7066826a6acd19,3c797bc6dbfd9b03b919c270b609cad839000b68d67e34f3b00d24717e07f39a,91ef300dcb8b8bd17be59dbf2e54b90d36aee62d492cc493dda3f0cfb3ab92cb,a28cd1ae7dbcebbc4a7b60d7939d032e7952b0e770e9e729d1fd3c1c8c0c598b,sha256:9975b10f41d41af17ec0cdd625d587d67f618db475d9390e3c1fe1a31fbe0865,verification/mixed_load_bearing/agent-episodes-100/verification.json,performance/mixed_load_bearing/agent-episodes-100/perf.jsonl
mixed_load_bearing,agent-episodes-500,500,83492864,14800,registered-fixture,,1,pure_call_sum_ns,7535400625,PASS,PASS,15000000000,PASS,981729500,7920989291,8036042,7345759750,,172414000,124042,9066791,78577664,42659840,2203597792,host process after-product minus before counters,2880581000,19.736787791829556,,,,,,,,10585121875,-3049721250,-28.811394767242582,PASS,PASS,408315208,1bedaeaa3d564286b8ff6a77365d3d7b144a6dc97e236466fa7066826a6acd19,3c797bc6dbfd9b03b919c270b609cad839000b68d67e34f3b00d24717e07f39a,91ef300dcb8b8bd17be59dbf2e54b90d36aee62d492cc493dda3f0cfb3ab92cb,8c61f67434412495f034000348575ae7c681c1e80222026c69ea22540b49ac54,sha256:9975b10f41d41af17ec0cdd625d587d67f618db475d9390e3c1fe1a31fbe0865,verification/mixed_load_bearing/agent-episodes-500/verification.json,performance/mixed_load_bearing/agent-episodes-500/perf.jsonl
