family,case,status,wall_seconds,source_identity,product_identity,input_identity,image_identity,evidence,omissions,sampled_paths_or_ranges,coverage,error
payload_create_read,payload-create-1m-compact-v2,PASS,1.6539817498996854,1bedaeaa3d564286b8ff6a77365d3d7b144a6dc97e236466fa7066826a6acd19,3c797bc6dbfd9b03b919c270b609cad839000b68d67e34f3b00d24717e07f39a,7ba327675323af116f6b4b5c32937db7b822cfcaa1b5c2f65c12b395b5a322fc,sha256:9975b10f41d41af17ec0cdd625d587d67f618db475d9390e3c1fe1a31fbe0865,verification/payload_create_read/payload-create-1m-compact-v2/verification.json,"[""no exhaustive Phase 1 replay""]",[],"{""type"":""sampled-content"",""summary"":""changed data and selected unchanged witnesses; qualified roots"",""details"":[{""kind"":""fast-canonical-verification"",""receipt"":""{\""actual_read_logical_bytes\"": \""1048576\"", \""actual_read_regular_paths\"": \""1\"", \""authenticated_global_inodes\"": \""2\"", \""authenticated_namespace_paths\"": \""2\"", \""canonical_root\"": \""6cee8c9867725afeffb780251a031c4e295830eea2507c2aafa4cb2a245eb2e0\"", \""certificate_binding\"": \""cead53ae674dbf265d032bcdee1d1b567213948445ec562641991ca2e5ce0923\"", \""covered_regular_paths\"": \""0\"", \""full_canonical_census_performed\"": \""false\"", \""fully_verified\"": \""false\"", \""has_reused_reference\"": \""false\"", \""reference_assurance\"": \""independent_current_content\"", \""reference_native_readback\"": \""false\"", \""reference_root_scope\"": \""none\"", \""scope\"": \""full current namespace/global inode/metadata/aliases; selected changed+witness bytes; unchanged file-state/extent/payload subgraph references certified, those current subgraph bytes not read\"", \""skipped_current_store_logical_bytes\"": \""0\"", \""skipped_current_store_regular_paths\"": \""0\"", \""verification_profile\"": \""fast-verify-v2\"", \""verification_status\"": \""fast_iteration_verified\""}"",""step"":1},{""coverage_sha256"":""e3b0c44298fc1c149afbf4c8996fb92427ae41e4649b934ca495991b7852b855"",""kind"":""fast-native-verification"",""receipt"":""absent_paths_verified=0\ncertificate_binding=cead53ae674dbf265d032bcdee1d1b567213948445ec562641991ca2e5ce0923\nchanged_paths_declared=2\ncovered_paths_sha256=e3b0c44298fc1c149afbf4c8996fb92427ae41e4649b934ca495991b7852b855\nfast_witness_profile=native-fast-witness-v2:first-middle-last-seeded-per-namespace-length-depth-class;declared-read-targets\nfully_verified=false\nlogical_bytes=1048576\nnative_namespace_paths_verified=2\nnative_namespace_type_source=DirEntry::file_type;platform-metadata-fallback-permitted;skipped-counts-describe-unperformed-checks-not-syscalls\nnative_namespace_types_verified=2\noracle_identity_encoding=structural-entry-recipes-v1\noracle_scope=independent-delta-and-witnesses;complete-native-namespace;certified-unchanged-content-roots-checked-by-host\nreference_assurance=independent_current_content\nselected_independent_oracle_identity=98ba5f954b21fff76be9dcb59ded9fa9b15c509b5be3f9fa9e199249c678c8d2\nselected_metadata_paths_verified=2\nselected_regular_bytes_verified=1048576\nselected_regular_paths_verified=1\nskipped_untouched_metadata_paths=0\nskipped_untouched_regular_bodies=0\nuncertified_regular_paths_checked=1\nverification_status=fast_iteration_verified\nwitness_paths_declared=0\n"",""step"":1}]}",
payload_create_read,payload-create-10m-compact-v2,PASS,1.8620274169370532,1bedaeaa3d564286b8ff6a77365d3d7b144a6dc97e236466fa7066826a6acd19,3c797bc6dbfd9b03b919c270b609cad839000b68d67e34f3b00d24717e07f39a,9403f5ee714af4f29b5bc7ebcb91147717068900f5f81ec95423c20050c7b59d,sha256:9975b10f41d41af17ec0cdd625d587d67f618db475d9390e3c1fe1a31fbe0865,verification/payload_create_read/payload-create-10m-compact-v2/verification.json,"[""no exhaustive Phase 1 replay""]",[],"{""type"":""sampled-content"",""summary"":""changed data and selected unchanged witnesses; qualified roots"",""details"":[{""kind"":""fast-canonical-verification"",""receipt"":""{\""actual_read_logical_bytes\"": \""10485760\"", \""actual_read_regular_paths\"": \""1\"", \""authenticated_global_inodes\"": \""2\"", \""authenticated_namespace_paths\"": \""2\"", \""canonical_root\"": \""0a42bf05f32b88e5a02ea8fbc03762e4a6b547d34aaa2f00be8425168c902e27\"", \""certificate_binding\"": \""a6df54340282d9cb9d6037a272228109eaf0a181f6161b5fcef6928326a8d5a9\"", \""covered_regular_paths\"": \""0\"", \""full_canonical_census_performed\"": \""false\"", \""fully_verified\"": \""false\"", \""has_reused_reference\"": \""false\"", \""reference_assurance\"": \""independent_current_content\"", \""reference_native_readback\"": \""false\"", \""reference_root_scope\"": \""none\"", \""scope\"": \""full current namespace/global inode/metadata/aliases; selected changed+witness bytes; unchanged file-state/extent/payload subgraph references certified, those current subgraph bytes not read\"", \""skipped_current_store_logical_bytes\"": \""0\"", \""skipped_current_store_regular_paths\"": \""0\"", \""verification_profile\"": \""fast-verify-v2\"", \""verification_status\"": \""fast_iteration_verified\""}"",""step"":1},{""coverage_sha256"":""e3b0c44298fc1c149afbf4c8996fb92427ae41e4649b934ca495991b7852b855"",""kind"":""fast-native-verification"",""receipt"":""absent_paths_verified=0\ncertificate_binding=a6df54340282d9cb9d6037a272228109eaf0a181f6161b5fcef6928326a8d5a9\nchanged_paths_declared=2\ncovered_paths_sha256=e3b0c44298fc1c149afbf4c8996fb92427ae41e4649b934ca495991b7852b855\nfast_witness_profile=native-fast-witness-v2:first-middle-last-seeded-per-namespace-length-depth-class;declared-read-targets\nfully_verified=false\nlogical_bytes=10485760\nnative_namespace_paths_verified=2\nnative_namespace_type_source=DirEntry::file_type;platform-metadata-fallback-permitted;skipped-counts-describe-unperformed-checks-not-syscalls\nnative_namespace_types_verified=2\noracle_identity_encoding=structural-entry-recipes-v1\noracle_scope=independent-delta-and-witnesses;complete-native-namespace;certified-unchanged-content-roots-checked-by-host\nreference_assurance=independent_current_content\nselected_independent_oracle_identity=087d1fed809e2af6f188699210bb9b2fae55cf870ba119b081c957f48f2aed20\nselected_metadata_paths_verified=2\nselected_regular_bytes_verified=10485760\nselected_regular_paths_verified=1\nskipped_untouched_metadata_paths=0\nskipped_untouched_regular_bodies=0\nuncertified_regular_paths_checked=1\nverification_status=fast_iteration_verified\nwitness_paths_declared=0\n"",""step"":1}]}",
payload_create_read,payload-create-100m,PASS,3.2236744998954237,1bedaeaa3d564286b8ff6a77365d3d7b144a6dc97e236466fa7066826a6acd19,3c797bc6dbfd9b03b919c270b609cad839000b68d67e34f3b00d24717e07f39a,2e4590ae8156ec301ed89adc3f82d3c37f00dff1601e675a86796344dca35a4d,sha256:9975b10f41d41af17ec0cdd625d587d67f618db475d9390e3c1fe1a31fbe0865,verification/payload_create_read/payload-create-100m/verification.json,"[""no exhaustive Phase 1 replay""]",[],"{""type"":""sampled-content"",""summary"":""changed data and selected unchanged witnesses; qualified roots"",""details"":[{""kind"":""fast-canonical-verification"",""receipt"":""{\""actual_read_logical_bytes\"": \""104857600\"", \""actual_read_regular_paths\"": \""1\"", \""authenticated_global_inodes\"": \""2\"", \""authenticated_namespace_paths\"": \""2\"", \""canonical_root\"": \""021a50e197fa455919a62b985764bd36cea5edc09a2728417864c9f39d943a13\"", \""certificate_binding\"": \""145c029622161a217ff33d478f8278c33d00e0a4b8221ba287ddff8186ac25e7\"", \""covered_regular_paths\"": \""0\"", \""full_canonical_census_performed\"": \""false\"", \""fully_verified\"": \""false\"", \""has_reused_reference\"": \""false\"", \""reference_assurance\"": \""independent_current_content\"", \""reference_native_readback\"": \""false\"", \""reference_root_scope\"": \""none\"", \""scope\"": \""full current namespace/global inode/metadata/aliases; selected changed+witness bytes; unchanged file-state/extent/payload subgraph references certified, those current subgraph bytes not read\"", \""skipped_current_store_logical_bytes\"": \""0\"", \""skipped_current_store_regular_paths\"": \""0\"", \""verification_profile\"": \""fast-verify-v2\"", \""verification_status\"": \""fast_iteration_verified\""}"",""step"":1},{""coverage_sha256"":""e3b0c44298fc1c149afbf4c8996fb92427ae41e4649b934ca495991b7852b855"",""kind"":""fast-native-verification"",""receipt"":""absent_paths_verified=0\ncertificate_binding=145c029622161a217ff33d478f8278c33d00e0a4b8221ba287ddff8186ac25e7\nchanged_paths_declared=2\ncovered_paths_sha256=e3b0c44298fc1c149afbf4c8996fb92427ae41e4649b934ca495991b7852b855\nfast_witness_profile=native-fast-witness-v2:first-middle-last-seeded-per-namespace-length-depth-class;declared-read-targets\nfully_verified=false\nlogical_bytes=104857600\nnative_namespace_paths_verified=2\nnative_namespace_type_source=DirEntry::file_type;platform-metadata-fallback-permitted;skipped-counts-describe-unperformed-checks-not-syscalls\nnative_namespace_types_verified=2\noracle_identity_encoding=structural-entry-recipes-v1\noracle_scope=independent-delta-and-witnesses;complete-native-namespace;certified-unchanged-content-roots-checked-by-host\nreference_assurance=independent_current_content\nselected_independent_oracle_identity=63120ae882f49f4e240f69e89e59843ab258103b7e447533ba19aaba2c0e56cf\nselected_metadata_paths_verified=2\nselected_regular_bytes_verified=104857600\nselected_regular_paths_verified=1\nskipped_untouched_metadata_paths=0\nskipped_untouched_regular_bodies=0\nuncertified_regular_paths_checked=1\nverification_status=fast_iteration_verified\nwitness_paths_declared=0\n"",""step"":1}]}",
payload_create_read,payload-create-500m,PASS,9.37614162499085,1bedaeaa3d564286b8ff6a77365d3d7b144a6dc97e236466fa7066826a6acd19,3c797bc6dbfd9b03b919c270b609cad839000b68d67e34f3b00d24717e07f39a,6e9f496377ec23498ebfc3e0e3dc1d96e57cf2eb34be8a375369dad0e62271f8,sha256:9975b10f41d41af17ec0cdd625d587d67f618db475d9390e3c1fe1a31fbe0865,verification/payload_create_read/payload-create-500m/verification.json,"[""no exhaustive Phase 1 replay""]",[],"{""type"":""sampled-content"",""summary"":""changed data and selected unchanged witnesses; qualified roots"",""details"":[{""kind"":""fast-canonical-verification"",""receipt"":""{\""actual_read_logical_bytes\"": \""524288000\"", \""actual_read_regular_paths\"": \""1\"", \""authenticated_global_inodes\"": \""2\"", \""authenticated_namespace_paths\"": \""2\"", \""canonical_root\"": \""74bf85650573bfb0781d1e644eb49bf8c157ad1baaec24d535fcd84d51421c20\"", \""certificate_binding\"": \""23fd4bfb5c37dbe4dd305ee2a1599d976eaca427c6ca916dcb807d4b7e470ea0\"", \""covered_regular_paths\"": \""0\"", \""full_canonical_census_performed\"": \""false\"", \""fully_verified\"": \""false\"", \""has_reused_reference\"": \""false\"", \""reference_assurance\"": \""independent_current_content\"", \""reference_native_readback\"": \""false\"", \""reference_root_scope\"": \""none\"", \""scope\"": \""full current namespace/global inode/metadata/aliases; selected changed+witness bytes; unchanged file-state/extent/payload subgraph references certified, those current subgraph bytes not read\"", \""skipped_current_store_logical_bytes\"": \""0\"", \""skipped_current_store_regular_paths\"": \""0\"", \""verification_profile\"": \""fast-verify-v2\"", \""verification_status\"": \""fast_iteration_verified\""}"",""step"":1},{""coverage_sha256"":""e3b0c44298fc1c149afbf4c8996fb92427ae41e4649b934ca495991b7852b855"",""kind"":""fast-native-verification"",""receipt"":""absent_paths_verified=0\ncertificate_binding=23fd4bfb5c37dbe4dd305ee2a1599d976eaca427c6ca916dcb807d4b7e470ea0\nchanged_paths_declared=2\ncovered_paths_sha256=e3b0c44298fc1c149afbf4c8996fb92427ae41e4649b934ca495991b7852b855\nfast_witness_profile=native-fast-witness-v2:first-middle-last-seeded-per-namespace-length-depth-class;declared-read-targets\nfully_verified=false\nlogical_bytes=524288000\nnative_namespace_paths_verified=2\nnative_namespace_type_source=DirEntry::file_type;platform-metadata-fallback-permitted;skipped-counts-describe-unperformed-checks-not-syscalls\nnative_namespace_types_verified=2\noracle_identity_encoding=structural-entry-recipes-v1\noracle_scope=independent-delta-and-witnesses;complete-native-namespace;certified-unchanged-content-roots-checked-by-host\nreference_assurance=independent_current_content\nselected_independent_oracle_identity=c6341d728f8237d6dbe0a72d77647736fd3ad41d585d36800c17cd256ede5a41\nselected_metadata_paths_verified=2\nselected_regular_bytes_verified=524288000\nselected_regular_paths_verified=1\nskipped_untouched_metadata_paths=0\nskipped_untouched_regular_bodies=0\nuncertified_regular_paths_checked=1\nverification_status=fast_iteration_verified\nwitness_paths_declared=0\n"",""step"":1}]}",
payload_create_read,payload-random-read-1-compact-v2,PASS,1.8159785000607371,1bedaeaa3d564286b8ff6a77365d3d7b144a6dc97e236466fa7066826a6acd19,3c797bc6dbfd9b03b919c270b609cad839000b68d67e34f3b00d24717e07f39a,7721dca14659fe2c2a3d7542fc65691801a0634a1060a446207187fdd172100a,sha256:9975b10f41d41af17ec0cdd625d587d67f618db475d9390e3c1fe1a31fbe0865,verification/payload_create_read/payload-random-read-1-compact-v2/verification.json,"[""no exhaustive Phase 1 replay""]",[],"{""type"":""sampled-content"",""summary"":""changed data and selected unchanged witnesses; qualified roots"",""details"":[{""kind"":""fast-canonical-verification"",""receipt"":""{\""actual_read_logical_bytes\"": \""1048576\"", \""actual_read_regular_paths\"": \""1\"", \""authenticated_global_inodes\"": \""2\"", \""authenticated_namespace_paths\"": \""2\"", \""canonical_root\"": \""64e8148694ab1befea220d5379fc0fe8c36edfd2848fda96e34fe492ac91b1c9\"", \""certificate_binding\"": \""0a36d51b902fd980b425f153451fd0469eaee6fcb57a8fe2d348aa5b8f452ff8\"", \""covered_regular_paths\"": \""0\"", \""full_canonical_census_performed\"": \""false\"", \""fully_verified\"": \""false\"", \""has_reused_reference\"": \""false\"", \""reference_assurance\"": \""independent_current_content\"", \""reference_native_readback\"": \""false\"", \""reference_root_scope\"": \""none\"", \""scope\"": \""full current namespace/global inode/metadata/aliases; selected changed+witness bytes; unchanged file-state/extent/payload subgraph references certified, those current subgraph bytes not read\"", \""skipped_current_store_logical_bytes\"": \""0\"", \""skipped_current_store_regular_paths\"": \""0\"", \""verification_profile\"": \""fast-verify-v2\"", \""verification_status\"": \""fast_iteration_verified\""}"",""step"":1},{""coverage_sha256"":""e3b0c44298fc1c149afbf4c8996fb92427ae41e4649b934ca495991b7852b855"",""kind"":""fast-native-verification"",""receipt"":""absent_paths_verified=0\ncertificate_binding=0a36d51b902fd980b425f153451fd0469eaee6fcb57a8fe2d348aa5b8f452ff8\nchanged_paths_declared=0\ncovered_paths_sha256=e3b0c44298fc1c149afbf4c8996fb92427ae41e4649b934ca495991b7852b855\nfast_witness_profile=native-fast-witness-v2:first-middle-last-seeded-per-namespace-length-depth-class;declared-read-targets\nfully_verified=false\nlogical_bytes=1048576\nnative_namespace_paths_verified=2\nnative_namespace_type_source=DirEntry::file_type;platform-metadata-fallback-permitted;skipped-counts-describe-unperformed-checks-not-syscalls\nnative_namespace_types_verified=2\noracle_identity_encoding=structural-entry-recipes-v1\noracle_scope=independent-delta-and-witnesses;complete-native-namespace;certified-unchanged-content-roots-checked-by-host\nreference_assurance=independent_current_content\nselected_independent_oracle_identity=98ba5f954b21fff76be9dcb59ded9fa9b15c509b5be3f9fa9e199249c678c8d2\nselected_metadata_paths_verified=2\nselected_regular_bytes_verified=1048576\nselected_regular_paths_verified=1\nskipped_untouched_metadata_paths=0\nskipped_untouched_regular_bodies=0\nuncertified_regular_paths_checked=1\nverification_status=fast_iteration_verified\nwitness_paths_declared=2\n"",""step"":1}]}",
payload_create_read,payload-random-read-10-compact-v2,PASS,2.0634160828776658,1bedaeaa3d564286b8ff6a77365d3d7b144a6dc97e236466fa7066826a6acd19,3c797bc6dbfd9b03b919c270b609cad839000b68d67e34f3b00d24717e07f39a,f166d08e1421f5e9b658a6bb0e390975345fa95fcde2a78bc64ca068903d5eeb,sha256:9975b10f41d41af17ec0cdd625d587d67f618db475d9390e3c1fe1a31fbe0865,verification/payload_create_read/payload-random-read-10-compact-v2/verification.json,"[""no exhaustive Phase 1 replay""]",[],"{""type"":""sampled-content"",""summary"":""changed data and selected unchanged witnesses; qualified roots"",""details"":[{""kind"":""fast-canonical-verification"",""receipt"":""{\""actual_read_logical_bytes\"": \""10485760\"", \""actual_read_regular_paths\"": \""1\"", \""authenticated_global_inodes\"": \""2\"", \""authenticated_namespace_paths\"": \""2\"", \""canonical_root\"": \""415b195882a7556740a1232741a0769d454e253f58b142ae30385923d143dcf5\"", \""certificate_binding\"": \""4350390020ddd2de26ddbfaccb233b2793b1a24a1c8053c3b5e1d56f399169d9\"", \""covered_regular_paths\"": \""0\"", \""full_canonical_census_performed\"": \""false\"", \""fully_verified\"": \""false\"", \""has_reused_reference\"": \""false\"", \""reference_assurance\"": \""independent_current_content\"", \""reference_native_readback\"": \""false\"", \""reference_root_scope\"": \""none\"", \""scope\"": \""full current namespace/global inode/metadata/aliases; selected changed+witness bytes; unchanged file-state/extent/payload subgraph references certified, those current subgraph bytes not read\"", \""skipped_current_store_logical_bytes\"": \""0\"", \""skipped_current_store_regular_paths\"": \""0\"", \""verification_profile\"": \""fast-verify-v2\"", \""verification_status\"": \""fast_iteration_verified\""}"",""step"":1},{""coverage_sha256"":""e3b0c44298fc1c149afbf4c8996fb92427ae41e4649b934ca495991b7852b855"",""kind"":""fast-native-verification"",""receipt"":""absent_paths_verified=0\ncertificate_binding=4350390020ddd2de26ddbfaccb233b2793b1a24a1c8053c3b5e1d56f399169d9\nchanged_paths_declared=0\ncovered_paths_sha256=e3b0c44298fc1c149afbf4c8996fb92427ae41e4649b934ca495991b7852b855\nfast_witness_profile=native-fast-witness-v2:first-middle-last-seeded-per-namespace-length-depth-class;declared-read-targets\nfully_verified=false\nlogical_bytes=10485760\nnative_namespace_paths_verified=2\nnative_namespace_type_source=DirEntry::file_type;platform-metadata-fallback-permitted;skipped-counts-describe-unperformed-checks-not-syscalls\nnative_namespace_types_verified=2\noracle_identity_encoding=structural-entry-recipes-v1\noracle_scope=independent-delta-and-witnesses;complete-native-namespace;certified-unchanged-content-roots-checked-by-host\nreference_assurance=independent_current_content\nselected_independent_oracle_identity=087d1fed809e2af6f188699210bb9b2fae55cf870ba119b081c957f48f2aed20\nselected_metadata_paths_verified=2\nselected_regular_bytes_verified=10485760\nselected_regular_paths_verified=1\nskipped_untouched_metadata_paths=0\nskipped_untouched_regular_bodies=0\nuncertified_regular_paths_checked=1\nverification_status=fast_iteration_verified\nwitness_paths_declared=2\n"",""step"":1}]}",
payload_create_read,payload-random-read-100,PASS,14.759463042020798,1bedaeaa3d564286b8ff6a77365d3d7b144a6dc97e236466fa7066826a6acd19,3c797bc6dbfd9b03b919c270b609cad839000b68d67e34f3b00d24717e07f39a,bebb0e1d2eb6da3651a0cbcf6bfbbebfa5e266ba780375d9ca80be17ff0edc7d,sha256:9975b10f41d41af17ec0cdd625d587d67f618db475d9390e3c1fe1a31fbe0865,verification/payload_create_read/payload-random-read-100/verification.json,"[""no exhaustive Phase 1 replay""]",[],"{""type"":""sampled-content"",""summary"":""changed data and selected unchanged witnesses; qualified roots"",""details"":[{""kind"":""fast-canonical-verification"",""receipt"":""{\""actual_read_logical_bytes\"": \""524288000\"", \""actual_read_regular_paths\"": \""1\"", \""authenticated_global_inodes\"": \""2\"", \""authenticated_namespace_paths\"": \""2\"", \""canonical_root\"": \""7bdcdbe1227274614c040024a34cfac35cd7f17916e83fe279cd47c6dfda19ee\"", \""certificate_binding\"": \""9e30fb2f3a1753a2a51e434d5d532eb4e494bab975c6cb004a198b92b966b252\"", \""covered_regular_paths\"": \""0\"", \""full_canonical_census_performed\"": \""false\"", \""fully_verified\"": \""false\"", \""has_reused_reference\"": \""false\"", \""reference_assurance\"": \""independent_current_content\"", \""reference_native_readback\"": \""false\"", \""reference_root_scope\"": \""none\"", \""scope\"": \""full current namespace/global inode/metadata/aliases; selected changed+witness bytes; unchanged file-state/extent/payload subgraph references certified, those current subgraph bytes not read\"", \""skipped_current_store_logical_bytes\"": \""0\"", \""skipped_current_store_regular_paths\"": \""0\"", \""verification_profile\"": \""fast-verify-v2\"", \""verification_status\"": \""fast_iteration_verified\""}"",""step"":1},{""coverage_sha256"":""e3b0c44298fc1c149afbf4c8996fb92427ae41e4649b934ca495991b7852b855"",""kind"":""fast-native-verification"",""receipt"":""absent_paths_verified=0\ncertificate_binding=9e30fb2f3a1753a2a51e434d5d532eb4e494bab975c6cb004a198b92b966b252\nchanged_paths_declared=0\ncovered_paths_sha256=e3b0c44298fc1c149afbf4c8996fb92427ae41e4649b934ca495991b7852b855\nfast_witness_profile=native-fast-witness-v2:first-middle-last-seeded-per-namespace-length-depth-class;declared-read-targets\nfully_verified=false\nlogical_bytes=524288000\nnative_namespace_paths_verified=2\nnative_namespace_type_source=DirEntry::file_type;platform-metadata-fallback-permitted;skipped-counts-describe-unperformed-checks-not-syscalls\nnative_namespace_types_verified=2\noracle_identity_encoding=structural-entry-recipes-v1\noracle_scope=independent-delta-and-witnesses;complete-native-namespace;certified-unchanged-content-roots-checked-by-host\nreference_assurance=independent_current_content\nselected_independent_oracle_identity=c6341d728f8237d6dbe0a72d77647736fd3ad41d585d36800c17cd256ede5a41\nselected_metadata_paths_verified=2\nselected_regular_bytes_verified=524288000\nselected_regular_paths_verified=1\nskipped_untouched_metadata_paths=0\nskipped_untouched_regular_bodies=0\nuncertified_regular_paths_checked=1\nverification_status=fast_iteration_verified\nwitness_paths_declared=2\n"",""step"":1}]}",
payload_create_read,payload-random-read-500,PASS,8.67045862507075,1bedaeaa3d564286b8ff6a77365d3d7b144a6dc97e236466fa7066826a6acd19,3c797bc6dbfd9b03b919c270b609cad839000b68d67e34f3b00d24717e07f39a,faa784f54007aebfeb8c23efb01ead351e4b21bf872fcc1982269e7319ad2bd3,sha256:9975b10f41d41af17ec0cdd625d587d67f618db475d9390e3c1fe1a31fbe0865,verification/payload_create_read/payload-random-read-500/verification.json,"[""no exhaustive Phase 1 replay""]",[],"{""type"":""sampled-content"",""summary"":""changed data and selected unchanged witnesses; qualified roots"",""details"":[{""kind"":""fast-canonical-verification"",""receipt"":""{\""actual_read_logical_bytes\"": \""524288000\"", \""actual_read_regular_paths\"": \""1\"", \""authenticated_global_inodes\"": \""2\"", \""authenticated_namespace_paths\"": \""2\"", \""canonical_root\"": \""7bdcdbe1227274614c040024a34cfac35cd7f17916e83fe279cd47c6dfda19ee\"", \""certificate_binding\"": \""c0f3d94968478ad3c1255bd783e7257ce40ac76fab36adc0a4c6edabbc620383\"", \""covered_regular_paths\"": \""0\"", \""full_canonical_census_performed\"": \""false\"", \""fully_verified\"": \""false\"", \""has_reused_reference\"": \""false\"", \""reference_assurance\"": \""independent_current_content\"", \""reference_native_readback\"": \""false\"", \""reference_root_scope\"": \""none\"", \""scope\"": \""full current namespace/global inode/metadata/aliases; selected changed+witness bytes; unchanged file-state/extent/payload subgraph references certified, those current subgraph bytes not read\"", \""skipped_current_store_logical_bytes\"": \""0\"", \""skipped_current_store_regular_paths\"": \""0\"", \""verification_profile\"": \""fast-verify-v2\"", \""verification_status\"": \""fast_iteration_verified\""}"",""step"":1},{""coverage_sha256"":""e3b0c44298fc1c149afbf4c8996fb92427ae41e4649b934ca495991b7852b855"",""kind"":""fast-native-verification"",""receipt"":""absent_paths_verified=0\ncertificate_binding=c0f3d94968478ad3c1255bd783e7257ce40ac76fab36adc0a4c6edabbc620383\nchanged_paths_declared=0\ncovered_paths_sha256=e3b0c44298fc1c149afbf4c8996fb92427ae41e4649b934ca495991b7852b855\nfast_witness_profile=native-fast-witness-v2:first-middle-last-seeded-per-namespace-length-depth-class;declared-read-targets\nfully_verified=false\nlogical_bytes=524288000\nnative_namespace_paths_verified=2\nnative_namespace_type_source=DirEntry::file_type;platform-metadata-fallback-permitted;skipped-counts-describe-unperformed-checks-not-syscalls\nnative_namespace_types_verified=2\noracle_identity_encoding=structural-entry-recipes-v1\noracle_scope=independent-delta-and-witnesses;complete-native-namespace;certified-unchanged-content-roots-checked-by-host\nreference_assurance=independent_current_content\nselected_independent_oracle_identity=c6341d728f8237d6dbe0a72d77647736fd3ad41d585d36800c17cd256ede5a41\nselected_metadata_paths_verified=2\nselected_regular_bytes_verified=524288000\nselected_regular_paths_verified=1\nskipped_untouched_metadata_paths=0\nskipped_untouched_regular_bodies=0\nuncertified_regular_paths_checked=1\nverification_status=fast_iteration_verified\nwitness_paths_declared=2\n"",""step"":1}]}",
dedup_workspace_reuse,dedup-workspace-exact-1-compact-v2,PASS,2.724054167047143,1bedaeaa3d564286b8ff6a77365d3d7b144a6dc97e236466fa7066826a6acd19,3c797bc6dbfd9b03b919c270b609cad839000b68d67e34f3b00d24717e07f39a,ca19e4f72457dd1cae84161ddc4a2f699101f134317055b0a7d22620be18d6a4,sha256:9975b10f41d41af17ec0cdd625d587d67f618db475d9390e3c1fe1a31fbe0865,verification/dedup_workspace_reuse/dedup-workspace-exact-1-compact-v2/verification.json,"[""no exhaustive Phase 1 replay""]",[],"{""type"":""sampled-content"",""summary"":""changed data and selected unchanged witnesses; qualified roots"",""details"":[{""kind"":""fast-canonical-verification"",""receipt"":""{\""actual_read_logical_bytes\"": \""2097152\"", \""actual_read_regular_paths\"": \""2\"", \""authenticated_global_inodes\"": \""5\"", \""authenticated_namespace_paths\"": \""5\"", \""canonical_root\"": \""d2e0cfa38b2a14f4cf3257124451af329ff4cc86bdd6006743f7b6867de2bc06\"", \""certificate_binding\"": \""61ad31654faa0daaa526f24561e8fc2f274ddd9fa98f8d1a966987b29dedccec\"", \""covered_regular_paths\"": \""0\"", \""extent_assurance\"": \""selected-current-reads-and-certified-unchanged-root-references\"", \""full_canonical_census_performed\"": \""false\"", \""fully_verified\"": \""false\"", \""has_reused_reference\"": \""false\"", \""reference_assurance\"": \""independent_current_content\"", \""reference_native_readback\"": \""false\"", \""reference_root_scope\"": \""none\"", \""scope\"": \""full current namespace/global inode/metadata/aliases; selected changed+witness bytes; unchanged file-state/extent/payload subgraph references certified, those current subgraph bytes not read\"", \""skipped_current_store_logical_bytes\"": \""0\"", \""skipped_current_store_regular_paths\"": \""0\"", \""verification_profile\"": \""fast-verify-v2\"", \""verification_status\"": \""fast_iteration_verified\""}"",""step"":1},{""coverage_sha256"":""e3b0c44298fc1c149afbf4c8996fb92427ae41e4649b934ca495991b7852b855"",""kind"":""fast-native-verification"",""receipt"":""absent_paths_verified=0\ncertificate_binding=61ad31654faa0daaa526f24561e8fc2f274ddd9fa98f8d1a966987b29dedccec\nchanged_paths_declared=3\ncovered_paths_sha256=e3b0c44298fc1c149afbf4c8996fb92427ae41e4649b934ca495991b7852b855\nfast_witness_profile=native-fast-witness-v2:first-middle-last-seeded-per-namespace-length-depth-class;declared-read-targets\nfully_verified=false\nlogical_bytes=2097152\nnative_namespace_paths_verified=5\nnative_namespace_type_source=DirEntry::file_type;platform-metadata-fallback-permitted;skipped-counts-describe-unperformed-checks-not-syscalls\nnative_namespace_types_verified=5\noracle_identity_encoding=structural-entry-recipes-v1\noracle_scope=independent-delta-and-witnesses;complete-native-namespace;certified-unchanged-content-roots-checked-by-host\nreference_assurance=independent_current_content\nselected_independent_oracle_identity=1388f79c2d581344730269b2c923fd6a123270b7d612c51d9ea965e3dec8b7c4\nselected_metadata_paths_verified=5\nselected_regular_bytes_verified=2097152\nselected_regular_paths_verified=2\nskipped_untouched_metadata_paths=0\nskipped_untouched_regular_bodies=0\nuncertified_regular_paths_checked=2\nverification_status=fast_iteration_verified\nwitness_paths_declared=3\n"",""step"":1}]}",
dedup_workspace_reuse,dedup-workspace-exact-10-compact-v2,PASS,2.1237384169362485,1bedaeaa3d564286b8ff6a77365d3d7b144a6dc97e236466fa7066826a6acd19,3c797bc6dbfd9b03b919c270b609cad839000b68d67e34f3b00d24717e07f39a,74a8c5389ec948e021aa50a2e0931868aebe2a0487220f16cbff5ba309ab6822,sha256:9975b10f41d41af17ec0cdd625d587d67f618db475d9390e3c1fe1a31fbe0865,verification/dedup_workspace_reuse/dedup-workspace-exact-10-compact-v2/verification.json,"[""no exhaustive Phase 1 replay""]",[],"{""type"":""sampled-content"",""summary"":""changed data and selected unchanged witnesses; qualified roots"",""details"":[{""kind"":""fast-canonical-verification"",""receipt"":""{\""actual_read_logical_bytes\"": \""20971520\"", \""actual_read_regular_paths\"": \""20\"", \""authenticated_global_inodes\"": \""23\"", \""authenticated_namespace_paths\"": \""23\"", \""canonical_root\"": \""293b29a195b17d54a85f7d3e0d15b8aa3715ba7c751ca7bb90807c463ad57043\"", \""certificate_binding\"": \""c2bd413ec4f198d9d596887d8c6471c7b231797b0fe0e26f25112ff2f761c3cd\"", \""covered_regular_paths\"": \""0\"", \""extent_assurance\"": \""selected-current-reads-and-certified-unchanged-root-references\"", \""full_canonical_census_performed\"": \""false\"", \""fully_verified\"": \""false\"", \""has_reused_reference\"": \""false\"", \""reference_assurance\"": \""independent_current_content\"", \""reference_native_readback\"": \""false\"", \""reference_root_scope\"": \""none\"", \""scope\"": \""full current namespace/global inode/metadata/aliases; selected changed+witness bytes; unchanged file-state/extent/payload subgraph references certified, those current subgraph bytes not read\"", \""skipped_current_store_logical_bytes\"": \""0\"", \""skipped_current_store_regular_paths\"": \""0\"", \""verification_profile\"": \""fast-verify-v2\"", \""verification_status\"": \""fast_iteration_verified\""}"",""step"":1},{""coverage_sha256"":""e3b0c44298fc1c149afbf4c8996fb92427ae41e4649b934ca495991b7852b855"",""kind"":""fast-native-verification"",""receipt"":""absent_paths_verified=0\ncertificate_binding=c2bd413ec4f198d9d596887d8c6471c7b231797b0fe0e26f25112ff2f761c3cd\nchanged_paths_declared=12\ncovered_paths_sha256=e3b0c44298fc1c149afbf4c8996fb92427ae41e4649b934ca495991b7852b855\nfast_witness_profile=native-fast-witness-v2:first-middle-last-seeded-per-namespace-length-depth-class;declared-read-targets\nfully_verified=false\nlogical_bytes=20971520\nnative_namespace_paths_verified=23\nnative_namespace_type_source=DirEntry::file_type;platform-metadata-fallback-permitted;skipped-counts-describe-unperformed-checks-not-syscalls\nnative_namespace_types_verified=23\noracle_identity_encoding=structural-entry-recipes-v1\noracle_scope=independent-delta-and-witnesses;complete-native-namespace;certified-unchanged-content-roots-checked-by-host\nreference_assurance=independent_current_content\nselected_independent_oracle_identity=91c4d5f64ecc8ddfa75d9e0e0de42f5cf271d8bcfc255434bb16f860705afa2f\nselected_metadata_paths_verified=23\nselected_regular_bytes_verified=20971520\nselected_regular_paths_verified=20\nskipped_untouched_metadata_paths=0\nskipped_untouched_regular_bodies=0\nuncertified_regular_paths_checked=20\nverification_status=fast_iteration_verified\nwitness_paths_declared=6\n"",""step"":1}]}",
dedup_workspace_reuse,dedup-workspace-exact-100,PASS,7.579232375137508,1bedaeaa3d564286b8ff6a77365d3d7b144a6dc97e236466fa7066826a6acd19,3c797bc6dbfd9b03b919c270b609cad839000b68d67e34f3b00d24717e07f39a,e3acd771955ec79f9f7ce445aa3a40b49507f4f54159b70b98b271183ab7ed57,sha256:9975b10f41d41af17ec0cdd625d587d67f618db475d9390e3c1fe1a31fbe0865,verification/dedup_workspace_reuse/dedup-workspace-exact-100/verification.json,"[""no exhaustive Phase 1 replay""]",[],"{""type"":""sampled-content"",""summary"":""changed data and selected unchanged witnesses; qualified roots"",""details"":[{""kind"":""fast-canonical-verification"",""receipt"":""{\""actual_read_logical_bytes\"": \""239075328\"", \""actual_read_regular_paths\"": \""228\"", \""authenticated_global_inodes\"": \""231\"", \""authenticated_namespace_paths\"": \""231\"", \""canonical_root\"": \""e661dc08b68bc1d8c2658619197f5d56069b6872828c6fab139324f87b0c9e5b\"", \""certificate_binding\"": \""e028e8d361e54e3be394f5eacb0278d939723242dc52c382223667e5b16be3c9\"", \""covered_regular_paths\"": \""0\"", \""extent_assurance\"": \""selected-current-reads-and-certified-unchanged-root-references\"", \""full_canonical_census_performed\"": \""false\"", \""fully_verified\"": \""false\"", \""has_reused_reference\"": \""false\"", \""reference_assurance\"": \""independent_current_content\"", \""reference_native_readback\"": \""false\"", \""reference_root_scope\"": \""none\"", \""scope\"": \""full current namespace/global inode/metadata/aliases; selected changed+witness bytes; unchanged file-state/extent/payload subgraph references certified, those current subgraph bytes not read\"", \""skipped_current_store_logical_bytes\"": \""0\"", \""skipped_current_store_regular_paths\"": \""0\"", \""verification_profile\"": \""fast-verify-v2\"", \""verification_status\"": \""fast_iteration_verified\""}"",""step"":1},{""coverage_sha256"":""e3b0c44298fc1c149afbf4c8996fb92427ae41e4649b934ca495991b7852b855"",""kind"":""fast-native-verification"",""receipt"":""absent_paths_verified=0\ncertificate_binding=e028e8d361e54e3be394f5eacb0278d939723242dc52c382223667e5b16be3c9\nchanged_paths_declared=102\ncovered_paths_sha256=e3b0c44298fc1c149afbf4c8996fb92427ae41e4649b934ca495991b7852b855\nfast_witness_profile=native-fast-witness-v2:first-middle-last-seeded-per-namespace-length-depth-class;declared-read-targets\nfully_verified=false\nlogical_bytes=239075328\nnative_namespace_paths_verified=231\nnative_namespace_type_source=DirEntry::file_type;platform-metadata-fallback-permitted;skipped-counts-describe-unperformed-checks-not-syscalls\nnative_namespace_types_verified=231\noracle_identity_encoding=structural-entry-recipes-v1\noracle_scope=independent-delta-and-witnesses;complete-native-namespace;certified-unchanged-content-roots-checked-by-host\nreference_assurance=independent_current_content\nselected_independent_oracle_identity=5f53afeef6a96bae60cc49781481ea6614105cc6e5e68ac0595ac2200cb7b2f2\nselected_metadata_paths_verified=231\nselected_regular_bytes_verified=239075328\nselected_regular_paths_verified=228\nskipped_untouched_metadata_paths=0\nskipped_untouched_regular_bodies=0\nuncertified_regular_paths_checked=228\nverification_status=fast_iteration_verified\nwitness_paths_declared=6\n"",""step"":1}]}",
dedup_workspace_reuse,dedup-workspace-exact-500,PASS,14.479497166816145,1bedaeaa3d564286b8ff6a77365d3d7b144a6dc97e236466fa7066826a6acd19,3c797bc6dbfd9b03b919c270b609cad839000b68d67e34f3b00d24717e07f39a,4433bd2d767f611ee1a108ba18f4de7cc63b16f3402eb5b5f5e4d365e9e6bd45,sha256:9975b10f41d41af17ec0cdd625d587d67f618db475d9390e3c1fe1a31fbe0865,verification/dedup_workspace_reuse/dedup-workspace-exact-500/verification.json,"[""no exhaustive Phase 1 replay""]",[],"{""type"":""sampled-content"",""summary"":""changed data and selected unchanged witnesses; qualified roots"",""details"":[{""kind"":""fast-canonical-verification"",""receipt"":""{\""actual_read_logical_bytes\"": \""658505728\"", \""actual_read_regular_paths\"": \""628\"", \""authenticated_global_inodes\"": \""631\"", \""authenticated_namespace_paths\"": \""631\"", \""canonical_root\"": \""c3ee85af4173c06698596889f50643b105487c6db04709736f63684080c973b3\"", \""certificate_binding\"": \""3a3841ab89cc78d24afc02c9918581f5a96e0eac37436c6210c0c8e94e00fef7\"", \""covered_regular_paths\"": \""0\"", \""extent_assurance\"": \""selected-current-reads-and-certified-unchanged-root-references\"", \""full_canonical_census_performed\"": \""false\"", \""fully_verified\"": \""false\"", \""has_reused_reference\"": \""false\"", \""reference_assurance\"": \""independent_current_content\"", \""reference_native_readback\"": \""false\"", \""reference_root_scope\"": \""none\"", \""scope\"": \""full current namespace/global inode/metadata/aliases; selected changed+witness bytes; unchanged file-state/extent/payload subgraph references certified, those current subgraph bytes not read\"", \""skipped_current_store_logical_bytes\"": \""0\"", \""skipped_current_store_regular_paths\"": \""0\"", \""verification_profile\"": \""fast-verify-v2\"", \""verification_status\"": \""fast_iteration_verified\""}"",""step"":1},{""coverage_sha256"":""e3b0c44298fc1c149afbf4c8996fb92427ae41e4649b934ca495991b7852b855"",""kind"":""fast-native-verification"",""receipt"":""absent_paths_verified=0\ncertificate_binding=3a3841ab89cc78d24afc02c9918581f5a96e0eac37436c6210c0c8e94e00fef7\nchanged_paths_declared=502\ncovered_paths_sha256=e3b0c44298fc1c149afbf4c8996fb92427ae41e4649b934ca495991b7852b855\nfast_witness_profile=native-fast-witness-v2:first-middle-last-seeded-per-namespace-length-depth-class;declared-read-targets\nfully_verified=false\nlogical_bytes=658505728\nnative_namespace_paths_verified=631\nnative_namespace_type_source=DirEntry::file_type;platform-metadata-fallback-permitted;skipped-counts-describe-unperformed-checks-not-syscalls\nnative_namespace_types_verified=631\noracle_identity_encoding=structural-entry-recipes-v1\noracle_scope=independent-delta-and-witnesses;complete-native-namespace;certified-unchanged-content-roots-checked-by-host\nreference_assurance=independent_current_content\nselected_independent_oracle_identity=38cf748fd6d74de15db99cb86b88688cc67c2304d9335bfd35c91203d04c8ccb\nselected_metadata_paths_verified=631\nselected_regular_bytes_verified=658505728\nselected_regular_paths_verified=628\nskipped_untouched_metadata_paths=0\nskipped_untouched_regular_bodies=0\nuncertified_regular_paths_checked=628\nverification_status=fast_iteration_verified\nwitness_paths_declared=6\n"",""step"":1}]}",
dedup_workspace_reuse,dedup-workspace-local-1-compact-v2,PASS,1.6782422503456473,1bedaeaa3d564286b8ff6a77365d3d7b144a6dc97e236466fa7066826a6acd19,3c797bc6dbfd9b03b919c270b609cad839000b68d67e34f3b00d24717e07f39a,b2791a2536fe041edf70cc0e960a6a22ab585ddbccd32d73509df9fd688dc75c,sha256:9975b10f41d41af17ec0cdd625d587d67f618db475d9390e3c1fe1a31fbe0865,verification/dedup_workspace_reuse/dedup-workspace-local-1-compact-v2/verification.json,"[""no exhaustive Phase 1 replay""]",[],"{""type"":""sampled-content"",""summary"":""changed data and selected unchanged witnesses; qualified roots"",""details"":[{""kind"":""fast-canonical-verification"",""receipt"":""{\""actual_read_logical_bytes\"": \""2097152\"", \""actual_read_regular_paths\"": \""2\"", \""authenticated_global_inodes\"": \""5\"", \""authenticated_namespace_paths\"": \""5\"", \""canonical_root\"": \""cb77cd8b2c0e113f5560549c17089eb4021f5a898a68a35bed3fd96beb85ab45\"", \""certificate_binding\"": \""f51cd2500d04b506c54b4c56ed959eb679e0bd7866591f630ca15a18ed43bc58\"", \""covered_regular_paths\"": \""0\"", \""extent_assurance\"": \""selected-current-reads-and-certified-unchanged-root-references\"", \""full_canonical_census_performed\"": \""false\"", \""fully_verified\"": \""false\"", \""has_reused_reference\"": \""false\"", \""reference_assurance\"": \""independent_current_content\"", \""reference_native_readback\"": \""false\"", \""reference_root_scope\"": \""none\"", \""scope\"": \""full current namespace/global inode/metadata/aliases; selected changed+witness bytes; unchanged file-state/extent/payload subgraph references certified, those current subgraph bytes not read\"", \""skipped_current_store_logical_bytes\"": \""0\"", \""skipped_current_store_regular_paths\"": \""0\"", \""verification_profile\"": \""fast-verify-v2\"", \""verification_status\"": \""fast_iteration_verified\""}"",""step"":1},{""coverage_sha256"":""e3b0c44298fc1c149afbf4c8996fb92427ae41e4649b934ca495991b7852b855"",""kind"":""fast-native-verification"",""receipt"":""absent_paths_verified=0\ncertificate_binding=f51cd2500d04b506c54b4c56ed959eb679e0bd7866591f630ca15a18ed43bc58\nchanged_paths_declared=3\ncovered_paths_sha256=e3b0c44298fc1c149afbf4c8996fb92427ae41e4649b934ca495991b7852b855\nfast_witness_profile=native-fast-witness-v2:first-middle-last-seeded-per-namespace-length-depth-class;declared-read-targets\nfully_verified=false\nlogical_bytes=2097152\nnative_namespace_paths_verified=5\nnative_namespace_type_source=DirEntry::file_type;platform-metadata-fallback-permitted;skipped-counts-describe-unperformed-checks-not-syscalls\nnative_namespace_types_verified=5\noracle_identity_encoding=structural-entry-recipes-v1\noracle_scope=independent-delta-and-witnesses;complete-native-namespace;certified-unchanged-content-roots-checked-by-host\nreference_assurance=independent_current_content\nselected_independent_oracle_identity=33d7d467e5e32cacf7a61c723cb753794148d2917d65c8060ff22cead51da92b\nselected_metadata_paths_verified=5\nselected_regular_bytes_verified=2097152\nselected_regular_paths_verified=2\nskipped_untouched_metadata_paths=0\nskipped_untouched_regular_bodies=0\nuncertified_regular_paths_checked=2\nverification_status=fast_iteration_verified\nwitness_paths_declared=3\n"",""step"":1}]}",
dedup_workspace_reuse,dedup-workspace-local-10-compact-v2,PASS,2.011282874736935,1bedaeaa3d564286b8ff6a77365d3d7b144a6dc97e236466fa7066826a6acd19,3c797bc6dbfd9b03b919c270b609cad839000b68d67e34f3b00d24717e07f39a,b078b146ac7b20adcc6fa982c038edab91197a18c4c61b67fa0d4c03ed45beaa,sha256:9975b10f41d41af17ec0cdd625d587d67f618db475d9390e3c1fe1a31fbe0865,verification/dedup_workspace_reuse/dedup-workspace-local-10-compact-v2/verification.json,"[""no exhaustive Phase 1 replay""]",[],"{""type"":""sampled-content"",""summary"":""changed data and selected unchanged witnesses; qualified roots"",""details"":[{""kind"":""fast-canonical-verification"",""receipt"":""{\""actual_read_logical_bytes\"": \""20971520\"", \""actual_read_regular_paths\"": \""20\"", \""authenticated_global_inodes\"": \""23\"", \""authenticated_namespace_paths\"": \""23\"", \""canonical_root\"": \""ae0b44e8d46484060e2125cbd3423bbb6cf470bc504820fed907f35ce472d15e\"", \""certificate_binding\"": \""5b6eb4ffdf449f1647d9a74324bc8c4e8d62dc7e62b1ec1823886bf8285e5cb7\"", \""covered_regular_paths\"": \""0\"", \""extent_assurance\"": \""selected-current-reads-and-certified-unchanged-root-references\"", \""full_canonical_census_performed\"": \""false\"", \""fully_verified\"": \""false\"", \""has_reused_reference\"": \""false\"", \""reference_assurance\"": \""independent_current_content\"", \""reference_native_readback\"": \""false\"", \""reference_root_scope\"": \""none\"", \""scope\"": \""full current namespace/global inode/metadata/aliases; selected changed+witness bytes; unchanged file-state/extent/payload subgraph references certified, those current subgraph bytes not read\"", \""skipped_current_store_logical_bytes\"": \""0\"", \""skipped_current_store_regular_paths\"": \""0\"", \""verification_profile\"": \""fast-verify-v2\"", \""verification_status\"": \""fast_iteration_verified\""}"",""step"":1},{""coverage_sha256"":""e3b0c44298fc1c149afbf4c8996fb92427ae41e4649b934ca495991b7852b855"",""kind"":""fast-native-verification"",""receipt"":""absent_paths_verified=0\ncertificate_binding=5b6eb4ffdf449f1647d9a74324bc8c4e8d62dc7e62b1ec1823886bf8285e5cb7\nchanged_paths_declared=12\ncovered_paths_sha256=e3b0c44298fc1c149afbf4c8996fb92427ae41e4649b934ca495991b7852b855\nfast_witness_profile=native-fast-witness-v2:first-middle-last-seeded-per-namespace-length-depth-class;declared-read-targets\nfully_verified=false\nlogical_bytes=20971520\nnative_namespace_paths_verified=23\nnative_namespace_type_source=DirEntry::file_type;platform-metadata-fallback-permitted;skipped-counts-describe-unperformed-checks-not-syscalls\nnative_namespace_types_verified=23\noracle_identity_encoding=structural-entry-recipes-v1\noracle_scope=independent-delta-and-witnesses;complete-native-namespace;certified-unchanged-content-roots-checked-by-host\nreference_assurance=independent_current_content\nselected_independent_oracle_identity=9a8a4c0f9bc87e43cc16d25606b24025af65cdbde894548bd522f8d3242f6d87\nselected_metadata_paths_verified=23\nselected_regular_bytes_verified=20971520\nselected_regular_paths_verified=20\nskipped_untouched_metadata_paths=0\nskipped_untouched_regular_bodies=0\nuncertified_regular_paths_checked=20\nverification_status=fast_iteration_verified\nwitness_paths_declared=6\n"",""step"":1}]}",
dedup_workspace_reuse,dedup-workspace-local-100,PASS,5.887250042054802,1bedaeaa3d564286b8ff6a77365d3d7b144a6dc97e236466fa7066826a6acd19,3c797bc6dbfd9b03b919c270b609cad839000b68d67e34f3b00d24717e07f39a,85907f9599d5a7cc23e5868b636dee0145388a8b9356828f7d4eaa2262df96fc,sha256:9975b10f41d41af17ec0cdd625d587d67f618db475d9390e3c1fe1a31fbe0865,verification/dedup_workspace_reuse/dedup-workspace-local-100/verification.json,"[""no exhaustive Phase 1 replay""]",[],"{""type"":""sampled-content"",""summary"":""changed data and selected unchanged witnesses; qualified roots"",""details"":[{""kind"":""fast-canonical-verification"",""receipt"":""{\""actual_read_logical_bytes\"": \""239075328\"", \""actual_read_regular_paths\"": \""228\"", \""authenticated_global_inodes\"": \""231\"", \""authenticated_namespace_paths\"": \""231\"", \""canonical_root\"": \""aeb43d72b8fff3d2ffaec7ae0d15a75de33144061654f57e105f97f4b6687116\"", \""certificate_binding\"": \""b2d48e22a9ecf287408d40be6599b405d46376609232f6835a3e45b62d206c03\"", \""covered_regular_paths\"": \""0\"", \""extent_assurance\"": \""selected-current-reads-and-certified-unchanged-root-references\"", \""full_canonical_census_performed\"": \""false\"", \""fully_verified\"": \""false\"", \""has_reused_reference\"": \""false\"", \""reference_assurance\"": \""independent_current_content\"", \""reference_native_readback\"": \""false\"", \""reference_root_scope\"": \""none\"", \""scope\"": \""full current namespace/global inode/metadata/aliases; selected changed+witness bytes; unchanged file-state/extent/payload subgraph references certified, those current subgraph bytes not read\"", \""skipped_current_store_logical_bytes\"": \""0\"", \""skipped_current_store_regular_paths\"": \""0\"", \""verification_profile\"": \""fast-verify-v2\"", \""verification_status\"": \""fast_iteration_verified\""}"",""step"":1},{""coverage_sha256"":""e3b0c44298fc1c149afbf4c8996fb92427ae41e4649b934ca495991b7852b855"",""kind"":""fast-native-verification"",""receipt"":""absent_paths_verified=0\ncertificate_binding=b2d48e22a9ecf287408d40be6599b405d46376609232f6835a3e45b62d206c03\nchanged_paths_declared=102\ncovered_paths_sha256=e3b0c44298fc1c149afbf4c8996fb92427ae41e4649b934ca495991b7852b855\nfast_witness_profile=native-fast-witness-v2:first-middle-last-seeded-per-namespace-length-depth-class;declared-read-targets\nfully_verified=false\nlogical_bytes=239075328\nnative_namespace_paths_verified=231\nnative_namespace_type_source=DirEntry::file_type;platform-metadata-fallback-permitted;skipped-counts-describe-unperformed-checks-not-syscalls\nnative_namespace_types_verified=231\noracle_identity_encoding=structural-entry-recipes-v1\noracle_scope=independent-delta-and-witnesses;complete-native-namespace;certified-unchanged-content-roots-checked-by-host\nreference_assurance=independent_current_content\nselected_independent_oracle_identity=eb7c11aae8263eaf1577dda651af446d9eee54f7665aec7b035005b66653b918\nselected_metadata_paths_verified=231\nselected_regular_bytes_verified=239075328\nselected_regular_paths_verified=228\nskipped_untouched_metadata_paths=0\nskipped_untouched_regular_bodies=0\nuncertified_regular_paths_checked=228\nverification_status=fast_iteration_verified\nwitness_paths_declared=6\n"",""step"":1}]}",
dedup_workspace_reuse,dedup-workspace-local-500,PASS,14.32428654236719,1bedaeaa3d564286b8ff6a77365d3d7b144a6dc97e236466fa7066826a6acd19,3c797bc6dbfd9b03b919c270b609cad839000b68d67e34f3b00d24717e07f39a,92e01bf1107d8959ce4e7d86b4131e1e7ae8db954297a5c42c47db07e016341c,sha256:9975b10f41d41af17ec0cdd625d587d67f618db475d9390e3c1fe1a31fbe0865,verification/dedup_workspace_reuse/dedup-workspace-local-500/verification.json,"[""no exhaustive Phase 1 replay""]",[],"{""type"":""sampled-content"",""summary"":""changed data and selected unchanged witnesses; qualified roots"",""details"":[{""kind"":""fast-canonical-verification"",""receipt"":""{\""actual_read_logical_bytes\"": \""658505728\"", \""actual_read_regular_paths\"": \""628\"", \""authenticated_global_inodes\"": \""631\"", \""authenticated_namespace_paths\"": \""631\"", \""canonical_root\"": \""e340fff08b856c074698c594c4944599f400e0471902502d5e39270222dea29d\"", \""certificate_binding\"": \""d2784d59068f0cf58231aee2766ccf0eefc7579d927c6e133460da48e3757367\"", \""covered_regular_paths\"": \""0\"", \""extent_assurance\"": \""selected-current-reads-and-certified-unchanged-root-references\"", \""full_canonical_census_performed\"": \""false\"", \""fully_verified\"": \""false\"", \""has_reused_reference\"": \""false\"", \""reference_assurance\"": \""independent_current_content\"", \""reference_native_readback\"": \""false\"", \""reference_root_scope\"": \""none\"", \""scope\"": \""full current namespace/global inode/metadata/aliases; selected changed+witness bytes; unchanged file-state/extent/payload subgraph references certified, those current subgraph bytes not read\"", \""skipped_current_store_logical_bytes\"": \""0\"", \""skipped_current_store_regular_paths\"": \""0\"", \""verification_profile\"": \""fast-verify-v2\"", \""verification_status\"": \""fast_iteration_verified\""}"",""step"":1},{""coverage_sha256"":""e3b0c44298fc1c149afbf4c8996fb92427ae41e4649b934ca495991b7852b855"",""kind"":""fast-native-verification"",""receipt"":""absent_paths_verified=0\ncertificate_binding=d2784d59068f0cf58231aee2766ccf0eefc7579d927c6e133460da48e3757367\nchanged_paths_declared=502\ncovered_paths_sha256=e3b0c44298fc1c149afbf4c8996fb92427ae41e4649b934ca495991b7852b855\nfast_witness_profile=native-fast-witness-v2:first-middle-last-seeded-per-namespace-length-depth-class;declared-read-targets\nfully_verified=false\nlogical_bytes=658505728\nnative_namespace_paths_verified=631\nnative_namespace_type_source=DirEntry::file_type;platform-metadata-fallback-permitted;skipped-counts-describe-unperformed-checks-not-syscalls\nnative_namespace_types_verified=631\noracle_identity_encoding=structural-entry-recipes-v1\noracle_scope=independent-delta-and-witnesses;complete-native-namespace;certified-unchanged-content-roots-checked-by-host\nreference_assurance=independent_current_content\nselected_independent_oracle_identity=c0931eaa378dfdd9d3ef919c225108a676805f3d45b59d34c144e2f46d5279b5\nselected_metadata_paths_verified=631\nselected_regular_bytes_verified=658505728\nselected_regular_paths_verified=628\nskipped_untouched_metadata_paths=0\nskipped_untouched_regular_bodies=0\nuncertified_regular_paths_checked=628\nverification_status=fast_iteration_verified\nwitness_paths_declared=6\n"",""step"":1}]}",
dedup_workspace_reuse,dedup-workspace-unique-1-compact-v2,PASS,1.613851415924728,1bedaeaa3d564286b8ff6a77365d3d7b144a6dc97e236466fa7066826a6acd19,3c797bc6dbfd9b03b919c270b609cad839000b68d67e34f3b00d24717e07f39a,49fa982b1d92cc115f8c664dc3099a2d9a70a1efe8a0f6158e149d4856f65970,sha256:9975b10f41d41af17ec0cdd625d587d67f618db475d9390e3c1fe1a31fbe0865,verification/dedup_workspace_reuse/dedup-workspace-unique-1-compact-v2/verification.json,"[""no exhaustive Phase 1 replay""]",[],"{""type"":""sampled-content"",""summary"":""changed data and selected unchanged witnesses; qualified roots"",""details"":[{""kind"":""fast-canonical-verification"",""receipt"":""{\""actual_read_logical_bytes\"": \""2097152\"", \""actual_read_regular_paths\"": \""2\"", \""authenticated_global_inodes\"": \""5\"", \""authenticated_namespace_paths\"": \""5\"", \""canonical_root\"": \""ab52f3df8e9b9361f3f74d0c561fcedeafa265092d429edcedd2eadaf6b0b2f0\"", \""certificate_binding\"": \""6ff2cf966524cdad306c58582a23b62a7780ce537217dcc887f26aabd33016f3\"", \""covered_regular_paths\"": \""0\"", \""extent_assurance\"": \""selected-current-reads-and-certified-unchanged-root-references\"", \""full_canonical_census_performed\"": \""false\"", \""fully_verified\"": \""false\"", \""has_reused_reference\"": \""false\"", \""reference_assurance\"": \""independent_current_content\"", \""reference_native_readback\"": \""false\"", \""reference_root_scope\"": \""none\"", \""scope\"": \""full current namespace/global inode/metadata/aliases; selected changed+witness bytes; unchanged file-state/extent/payload subgraph references certified, those current subgraph bytes not read\"", \""skipped_current_store_logical_bytes\"": \""0\"", \""skipped_current_store_regular_paths\"": \""0\"", \""verification_profile\"": \""fast-verify-v2\"", \""verification_status\"": \""fast_iteration_verified\""}"",""step"":1},{""coverage_sha256"":""e3b0c44298fc1c149afbf4c8996fb92427ae41e4649b934ca495991b7852b855"",""kind"":""fast-native-verification"",""receipt"":""absent_paths_verified=0\ncertificate_binding=6ff2cf966524cdad306c58582a23b62a7780ce537217dcc887f26aabd33016f3\nchanged_paths_declared=3\ncovered_paths_sha256=e3b0c44298fc1c149afbf4c8996fb92427ae41e4649b934ca495991b7852b855\nfast_witness_profile=native-fast-witness-v2:first-middle-last-seeded-per-namespace-length-depth-class;declared-read-targets\nfully_verified=false\nlogical_bytes=2097152\nnative_namespace_paths_verified=5\nnative_namespace_type_source=DirEntry::file_type;platform-metadata-fallback-permitted;skipped-counts-describe-unperformed-checks-not-syscalls\nnative_namespace_types_verified=5\noracle_identity_encoding=structural-entry-recipes-v1\noracle_scope=independent-delta-and-witnesses;complete-native-namespace;certified-unchanged-content-roots-checked-by-host\nreference_assurance=independent_current_content\nselected_independent_oracle_identity=ca818311b4aa4e1ef39778fe3924fe448c713db090618067b94dea4e09314c92\nselected_metadata_paths_verified=5\nselected_regular_bytes_verified=2097152\nselected_regular_paths_verified=2\nskipped_untouched_metadata_paths=0\nskipped_untouched_regular_bodies=0\nuncertified_regular_paths_checked=2\nverification_status=fast_iteration_verified\nwitness_paths_declared=3\n"",""step"":1}]}",
dedup_workspace_reuse,dedup-workspace-unique-10-compact-v2,PASS,1.9447309169918299,1bedaeaa3d564286b8ff6a77365d3d7b144a6dc97e236466fa7066826a6acd19,3c797bc6dbfd9b03b919c270b609cad839000b68d67e34f3b00d24717e07f39a,aa6b89f9e96c52605de2f8dc740cb9bb9c7523a609666a61a7edf6d9dfc1be5b,sha256:9975b10f41d41af17ec0cdd625d587d67f618db475d9390e3c1fe1a31fbe0865,verification/dedup_workspace_reuse/dedup-workspace-unique-10-compact-v2/verification.json,"[""no exhaustive Phase 1 replay""]",[],"{""type"":""sampled-content"",""summary"":""changed data and selected unchanged witnesses; qualified roots"",""details"":[{""kind"":""fast-canonical-verification"",""receipt"":""{\""actual_read_logical_bytes\"": \""20971520\"", \""actual_read_regular_paths\"": \""20\"", \""authenticated_global_inodes\"": \""23\"", \""authenticated_namespace_paths\"": \""23\"", \""canonical_root\"": \""2f57e8e96acae48cdda00724a2c001e8b923f4f608f5ed035778dfaf00ebd08d\"", \""certificate_binding\"": \""91d407c20f91a1c86e123b0a897b6e8c7190eed0e6e73433945830584440272a\"", \""covered_regular_paths\"": \""0\"", \""extent_assurance\"": \""selected-current-reads-and-certified-unchanged-root-references\"", \""full_canonical_census_performed\"": \""false\"", \""fully_verified\"": \""false\"", \""has_reused_reference\"": \""false\"", \""reference_assurance\"": \""independent_current_content\"", \""reference_native_readback\"": \""false\"", \""reference_root_scope\"": \""none\"", \""scope\"": \""full current namespace/global inode/metadata/aliases; selected changed+witness bytes; unchanged file-state/extent/payload subgraph references certified, those current subgraph bytes not read\"", \""skipped_current_store_logical_bytes\"": \""0\"", \""skipped_current_store_regular_paths\"": \""0\"", \""verification_profile\"": \""fast-verify-v2\"", \""verification_status\"": \""fast_iteration_verified\""}"",""step"":1},{""coverage_sha256"":""e3b0c44298fc1c149afbf4c8996fb92427ae41e4649b934ca495991b7852b855"",""kind"":""fast-native-verification"",""receipt"":""absent_paths_verified=0\ncertificate_binding=91d407c20f91a1c86e123b0a897b6e8c7190eed0e6e73433945830584440272a\nchanged_paths_declared=12\ncovered_paths_sha256=e3b0c44298fc1c149afbf4c8996fb92427ae41e4649b934ca495991b7852b855\nfast_witness_profile=native-fast-witness-v2:first-middle-last-seeded-per-namespace-length-depth-class;declared-read-targets\nfully_verified=false\nlogical_bytes=20971520\nnative_namespace_paths_verified=23\nnative_namespace_type_source=DirEntry::file_type;platform-metadata-fallback-permitted;skipped-counts-describe-unperformed-checks-not-syscalls\nnative_namespace_types_verified=23\noracle_identity_encoding=structural-entry-recipes-v1\noracle_scope=independent-delta-and-witnesses;complete-native-namespace;certified-unchanged-content-roots-checked-by-host\nreference_assurance=independent_current_content\nselected_independent_oracle_identity=12570788abed9eba531c55284bffbb77b65245994262d960f9ab0eb2525a655d\nselected_metadata_paths_verified=23\nselected_regular_bytes_verified=20971520\nselected_regular_paths_verified=20\nskipped_untouched_metadata_paths=0\nskipped_untouched_regular_bodies=0\nuncertified_regular_paths_checked=20\nverification_status=fast_iteration_verified\nwitness_paths_declared=6\n"",""step"":1}]}",
dedup_workspace_reuse,dedup-workspace-unique-100,PASS,5.869120125193149,1bedaeaa3d564286b8ff6a77365d3d7b144a6dc97e236466fa7066826a6acd19,3c797bc6dbfd9b03b919c270b609cad839000b68d67e34f3b00d24717e07f39a,aed98efc1693f26fab7b1531c2ffc62d1e4bcd06684284d2814246177b857d3b,sha256:9975b10f41d41af17ec0cdd625d587d67f618db475d9390e3c1fe1a31fbe0865,verification/dedup_workspace_reuse/dedup-workspace-unique-100/verification.json,"[""no exhaustive Phase 1 replay""]",[],"{""type"":""sampled-content"",""summary"":""changed data and selected unchanged witnesses; qualified roots"",""details"":[{""kind"":""fast-canonical-verification"",""receipt"":""{\""actual_read_logical_bytes\"": \""239075328\"", \""actual_read_regular_paths\"": \""228\"", \""authenticated_global_inodes\"": \""231\"", \""authenticated_namespace_paths\"": \""231\"", \""canonical_root\"": \""717a3fb3f2c06b53ba9d306a88b1c8c9d8846d37758531117adba1f9caa7624e\"", \""certificate_binding\"": \""1bc44a4d61a32f0b4f6ff02b835a45fd3412edcd00a709533ee5d8ff32d01345\"", \""covered_regular_paths\"": \""0\"", \""extent_assurance\"": \""selected-current-reads-and-certified-unchanged-root-references\"", \""full_canonical_census_performed\"": \""false\"", \""fully_verified\"": \""false\"", \""has_reused_reference\"": \""false\"", \""reference_assurance\"": \""independent_current_content\"", \""reference_native_readback\"": \""false\"", \""reference_root_scope\"": \""none\"", \""scope\"": \""full current namespace/global inode/metadata/aliases; selected changed+witness bytes; unchanged file-state/extent/payload subgraph references certified, those current subgraph bytes not read\"", \""skipped_current_store_logical_bytes\"": \""0\"", \""skipped_current_store_regular_paths\"": \""0\"", \""verification_profile\"": \""fast-verify-v2\"", \""verification_status\"": \""fast_iteration_verified\""}"",""step"":1},{""coverage_sha256"":""e3b0c44298fc1c149afbf4c8996fb92427ae41e4649b934ca495991b7852b855"",""kind"":""fast-native-verification"",""receipt"":""absent_paths_verified=0\ncertificate_binding=1bc44a4d61a32f0b4f6ff02b835a45fd3412edcd00a709533ee5d8ff32d01345\nchanged_paths_declared=102\ncovered_paths_sha256=e3b0c44298fc1c149afbf4c8996fb92427ae41e4649b934ca495991b7852b855\nfast_witness_profile=native-fast-witness-v2:first-middle-last-seeded-per-namespace-length-depth-class;declared-read-targets\nfully_verified=false\nlogical_bytes=239075328\nnative_namespace_paths_verified=231\nnative_namespace_type_source=DirEntry::file_type;platform-metadata-fallback-permitted;skipped-counts-describe-unperformed-checks-not-syscalls\nnative_namespace_types_verified=231\noracle_identity_encoding=structural-entry-recipes-v1\noracle_scope=independent-delta-and-witnesses;complete-native-namespace;certified-unchanged-content-roots-checked-by-host\nreference_assurance=independent_current_content\nselected_independent_oracle_identity=93804afd8df35907e67e3f869190fcc7eac7cb61db696cc905abf411f3a07750\nselected_metadata_paths_verified=231\nselected_regular_bytes_verified=239075328\nselected_regular_paths_verified=228\nskipped_untouched_metadata_paths=0\nskipped_untouched_regular_bodies=0\nuncertified_regular_paths_checked=228\nverification_status=fast_iteration_verified\nwitness_paths_declared=6\n"",""step"":1}]}",
dedup_workspace_reuse,dedup-workspace-unique-500,PASS,14.501097959000617,1bedaeaa3d564286b8ff6a77365d3d7b144a6dc97e236466fa7066826a6acd19,3c797bc6dbfd9b03b919c270b609cad839000b68d67e34f3b00d24717e07f39a,eb5839d7500fdb5d0da061157a244dcabe3b9ca8fbb7954b578d643fc03169b9,sha256:9975b10f41d41af17ec0cdd625d587d67f618db475d9390e3c1fe1a31fbe0865,verification/dedup_workspace_reuse/dedup-workspace-unique-500/verification.json,"[""no exhaustive Phase 1 replay""]",[],"{""type"":""sampled-content"",""summary"":""changed data and selected unchanged witnesses; qualified roots"",""details"":[{""kind"":""fast-canonical-verification"",""receipt"":""{\""actual_read_logical_bytes\"": \""658505728\"", \""actual_read_regular_paths\"": \""628\"", \""authenticated_global_inodes\"": \""631\"", \""authenticated_namespace_paths\"": \""631\"", \""canonical_root\"": \""36c6b116488e9bc52800b89accef9a6e2fa10cff347dc8f6501e3947e708626a\"", \""certificate_binding\"": \""3dd3fd3466bc4e46328e9ff64dd18fee7ffebd7f7d1d524bbd8d13c2465a3047\"", \""covered_regular_paths\"": \""0\"", \""extent_assurance\"": \""selected-current-reads-and-certified-unchanged-root-references\"", \""full_canonical_census_performed\"": \""false\"", \""fully_verified\"": \""false\"", \""has_reused_reference\"": \""false\"", \""reference_assurance\"": \""independent_current_content\"", \""reference_native_readback\"": \""false\"", \""reference_root_scope\"": \""none\"", \""scope\"": \""full current namespace/global inode/metadata/aliases; selected changed+witness bytes; unchanged file-state/extent/payload subgraph references certified, those current subgraph bytes not read\"", \""skipped_current_store_logical_bytes\"": \""0\"", \""skipped_current_store_regular_paths\"": \""0\"", \""verification_profile\"": \""fast-verify-v2\"", \""verification_status\"": \""fast_iteration_verified\""}"",""step"":1},{""coverage_sha256"":""e3b0c44298fc1c149afbf4c8996fb92427ae41e4649b934ca495991b7852b855"",""kind"":""fast-native-verification"",""receipt"":""absent_paths_verified=0\ncertificate_binding=3dd3fd3466bc4e46328e9ff64dd18fee7ffebd7f7d1d524bbd8d13c2465a3047\nchanged_paths_declared=502\ncovered_paths_sha256=e3b0c44298fc1c149afbf4c8996fb92427ae41e4649b934ca495991b7852b855\nfast_witness_profile=native-fast-witness-v2:first-middle-last-seeded-per-namespace-length-depth-class;declared-read-targets\nfully_verified=false\nlogical_bytes=658505728\nnative_namespace_paths_verified=631\nnative_namespace_type_source=DirEntry::file_type;platform-metadata-fallback-permitted;skipped-counts-describe-unperformed-checks-not-syscalls\nnative_namespace_types_verified=631\noracle_identity_encoding=structural-entry-recipes-v1\noracle_scope=independent-delta-and-witnesses;complete-native-namespace;certified-unchanged-content-roots-checked-by-host\nreference_assurance=independent_current_content\nselected_independent_oracle_identity=500fe1e0e88cb6a5e28e63ac86292d3441c31ce3aafb13e293550c013a669eec\nselected_metadata_paths_verified=631\nselected_regular_bytes_verified=658505728\nselected_regular_paths_verified=628\nskipped_untouched_metadata_paths=0\nskipped_untouched_regular_bodies=0\nuncertified_regular_paths_checked=628\nverification_status=fast_iteration_verified\nwitness_paths_declared=6\n"",""step"":1}]}",
dedup_workspace_reuse,dedup-workspace-unique-1-base128-v3,PASS,3.9754031249321997,1bedaeaa3d564286b8ff6a77365d3d7b144a6dc97e236466fa7066826a6acd19,3c797bc6dbfd9b03b919c270b609cad839000b68d67e34f3b00d24717e07f39a,8372f1f39547e8b8d688197a3784680d063edc28c593e2f3fb039fbfc54c20fd,sha256:9975b10f41d41af17ec0cdd625d587d67f618db475d9390e3c1fe1a31fbe0865,verification/dedup_workspace_reuse/dedup-workspace-unique-1-base128-v3/verification.json,"[""no exhaustive Phase 1 replay""]",[],"{""type"":""sampled-content"",""summary"":""changed data and selected unchanged witnesses; qualified roots"",""details"":[{""kind"":""fast-canonical-verification"",""receipt"":""{\""actual_read_logical_bytes\"": \""135266304\"", \""actual_read_regular_paths\"": \""129\"", \""authenticated_global_inodes\"": \""132\"", \""authenticated_namespace_paths\"": \""132\"", \""canonical_root\"": \""11f2ee46a1644eda329757d3f48e6c08102aa9911086ca373ae31009e2f9c0c0\"", \""certificate_binding\"": \""f3e339f5f3dbc979398cfde3451a932950150a724ec9216e2c9ac174b8a5dded\"", \""covered_regular_paths\"": \""0\"", \""extent_assurance\"": \""selected-current-reads-and-certified-unchanged-root-references\"", \""full_canonical_census_performed\"": \""false\"", \""fully_verified\"": \""false\"", \""has_reused_reference\"": \""false\"", \""reference_assurance\"": \""independent_current_content\"", \""reference_native_readback\"": \""false\"", \""reference_root_scope\"": \""none\"", \""scope\"": \""full current namespace/global inode/metadata/aliases; selected changed+witness bytes; unchanged file-state/extent/payload subgraph references certified, those current subgraph bytes not read\"", \""skipped_current_store_logical_bytes\"": \""0\"", \""skipped_current_store_regular_paths\"": \""0\"", \""verification_profile\"": \""fast-verify-v2\"", \""verification_status\"": \""fast_iteration_verified\""}"",""step"":1},{""coverage_sha256"":""e3b0c44298fc1c149afbf4c8996fb92427ae41e4649b934ca495991b7852b855"",""kind"":""fast-native-verification"",""receipt"":""absent_paths_verified=0\ncertificate_binding=f3e339f5f3dbc979398cfde3451a932950150a724ec9216e2c9ac174b8a5dded\nchanged_paths_declared=3\ncovered_paths_sha256=e3b0c44298fc1c149afbf4c8996fb92427ae41e4649b934ca495991b7852b855\nfast_witness_profile=native-fast-witness-v2:first-middle-last-seeded-per-namespace-length-depth-class;declared-read-targets\nfully_verified=false\nlogical_bytes=135266304\nnative_namespace_paths_verified=132\nnative_namespace_type_source=DirEntry::file_type;platform-metadata-fallback-permitted;skipped-counts-describe-unperformed-checks-not-syscalls\nnative_namespace_types_verified=132\noracle_identity_encoding=structural-entry-recipes-v1\noracle_scope=independent-delta-and-witnesses;complete-native-namespace;certified-unchanged-content-roots-checked-by-host\nreference_assurance=independent_current_content\nselected_independent_oracle_identity=7439f7aa2579637cdb03ac00655cad5d484633a8df8db89d600ffcfca1c3121d\nselected_metadata_paths_verified=132\nselected_regular_bytes_verified=135266304\nselected_regular_paths_verified=129\nskipped_untouched_metadata_paths=0\nskipped_untouched_regular_bodies=0\nuncertified_regular_paths_checked=129\nverification_status=fast_iteration_verified\nwitness_paths_declared=6\n"",""step"":1}]}",
dedup_workspace_reuse,dedup-workspace-unique-10-base128-v3,PASS,3.9360759588889778,1bedaeaa3d564286b8ff6a77365d3d7b144a6dc97e236466fa7066826a6acd19,3c797bc6dbfd9b03b919c270b609cad839000b68d67e34f3b00d24717e07f39a,891fa463f98a29a6bba920f13237d9cb44b3fa85606a7862c435797c41b308fc,sha256:9975b10f41d41af17ec0cdd625d587d67f618db475d9390e3c1fe1a31fbe0865,verification/dedup_workspace_reuse/dedup-workspace-unique-10-base128-v3/verification.json,"[""no exhaustive Phase 1 replay""]",[],"{""type"":""sampled-content"",""summary"":""changed data and selected unchanged witnesses; qualified roots"",""details"":[{""kind"":""fast-canonical-verification"",""receipt"":""{\""actual_read_logical_bytes\"": \""144703488\"", \""actual_read_regular_paths\"": \""138\"", \""authenticated_global_inodes\"": \""141\"", \""authenticated_namespace_paths\"": \""141\"", \""canonical_root\"": \""6413c836fc348852e9f7084fe1bac204ca21af026fcd4bc0cd321b9c74290990\"", \""certificate_binding\"": \""19ffe83986f964f3c61585869e9665de94118dc68bd8546de8f900c4ec3f30d3\"", \""covered_regular_paths\"": \""0\"", \""extent_assurance\"": \""selected-current-reads-and-certified-unchanged-root-references\"", \""full_canonical_census_performed\"": \""false\"", \""fully_verified\"": \""false\"", \""has_reused_reference\"": \""false\"", \""reference_assurance\"": \""independent_current_content\"", \""reference_native_readback\"": \""false\"", \""reference_root_scope\"": \""none\"", \""scope\"": \""full current namespace/global inode/metadata/aliases; selected changed+witness bytes; unchanged file-state/extent/payload subgraph references certified, those current subgraph bytes not read\"", \""skipped_current_store_logical_bytes\"": \""0\"", \""skipped_current_store_regular_paths\"": \""0\"", \""verification_profile\"": \""fast-verify-v2\"", \""verification_status\"": \""fast_iteration_verified\""}"",""step"":1},{""coverage_sha256"":""e3b0c44298fc1c149afbf4c8996fb92427ae41e4649b934ca495991b7852b855"",""kind"":""fast-native-verification"",""receipt"":""absent_paths_verified=0\ncertificate_binding=19ffe83986f964f3c61585869e9665de94118dc68bd8546de8f900c4ec3f30d3\nchanged_paths_declared=12\ncovered_paths_sha256=e3b0c44298fc1c149afbf4c8996fb92427ae41e4649b934ca495991b7852b855\nfast_witness_profile=native-fast-witness-v2:first-middle-last-seeded-per-namespace-length-depth-class;declared-read-targets\nfully_verified=false\nlogical_bytes=144703488\nnative_namespace_paths_verified=141\nnative_namespace_type_source=DirEntry::file_type;platform-metadata-fallback-permitted;skipped-counts-describe-unperformed-checks-not-syscalls\nnative_namespace_types_verified=141\noracle_identity_encoding=structural-entry-recipes-v1\noracle_scope=independent-delta-and-witnesses;complete-native-namespace;certified-unchanged-content-roots-checked-by-host\nreference_assurance=independent_current_content\nselected_independent_oracle_identity=15138bcc007b312692ca0730bea926d6a6ac0ce22abeb4e005d38f305d425442\nselected_metadata_paths_verified=141\nselected_regular_bytes_verified=144703488\nselected_regular_paths_verified=138\nskipped_untouched_metadata_paths=0\nskipped_untouched_regular_bodies=0\nuncertified_regular_paths_checked=138\nverification_status=fast_iteration_verified\nwitness_paths_declared=6\n"",""step"":1}]}",
dedup_cross_file,dedup-cross-file-anchor-1,PASS,1.5741568747907877,1bedaeaa3d564286b8ff6a77365d3d7b144a6dc97e236466fa7066826a6acd19,3c797bc6dbfd9b03b919c270b609cad839000b68d67e34f3b00d24717e07f39a,25e0c8538f68d5dcda16eb2e468d1e3137ebb2edb5b16caec496e4c9c107085a,sha256:9975b10f41d41af17ec0cdd625d587d67f618db475d9390e3c1fe1a31fbe0865,verification/dedup_cross_file/dedup-cross-file-anchor-1/verification.json,"[""no exhaustive Phase 1 replay""]",[],"{""type"":""sampled-content"",""summary"":""changed data and selected unchanged witnesses; qualified roots"",""details"":[{""kind"":""fast-canonical-verification"",""receipt"":""{\""actual_read_logical_bytes\"": \""1048576\"", \""actual_read_regular_paths\"": \""1\"", \""authenticated_global_inodes\"": \""3\"", \""authenticated_namespace_paths\"": \""3\"", \""canonical_root\"": \""1605b4167f7f921ac627cc683c914c478600bb45fe41efcfd5a911ae72529785\"", \""certificate_binding\"": \""fd802d948589e95c8c2d4c37080a6755784018a95cf5d6ffeb5cdf90dbe94833\"", \""covered_regular_paths\"": \""0\"", \""extent_assurance\"": \""selected-current-reads-and-certified-unchanged-root-references\"", \""full_canonical_census_performed\"": \""false\"", \""fully_verified\"": \""false\"", \""has_reused_reference\"": \""false\"", \""reference_assurance\"": \""independent_current_content\"", \""reference_native_readback\"": \""false\"", \""reference_root_scope\"": \""none\"", \""scope\"": \""full current namespace/global inode/metadata/aliases; selected changed+witness bytes; unchanged file-state/extent/payload subgraph references certified, those current subgraph bytes not read\"", \""skipped_current_store_logical_bytes\"": \""0\"", \""skipped_current_store_regular_paths\"": \""0\"", \""verification_profile\"": \""fast-verify-v2\"", \""verification_status\"": \""fast_iteration_verified\""}"",""step"":1},{""coverage_sha256"":""e3b0c44298fc1c149afbf4c8996fb92427ae41e4649b934ca495991b7852b855"",""kind"":""fast-native-verification"",""receipt"":""absent_paths_verified=0\ncertificate_binding=fd802d948589e95c8c2d4c37080a6755784018a95cf5d6ffeb5cdf90dbe94833\nchanged_paths_declared=3\ncovered_paths_sha256=e3b0c44298fc1c149afbf4c8996fb92427ae41e4649b934ca495991b7852b855\nfast_witness_profile=native-fast-witness-v2:first-middle-last-seeded-per-namespace-length-depth-class;declared-read-targets\nfully_verified=false\nlogical_bytes=1048576\nnative_namespace_paths_verified=3\nnative_namespace_type_source=DirEntry::file_type;platform-metadata-fallback-permitted;skipped-counts-describe-unperformed-checks-not-syscalls\nnative_namespace_types_verified=3\noracle_identity_encoding=structural-entry-recipes-v1\noracle_scope=independent-delta-and-witnesses;complete-native-namespace;certified-unchanged-content-roots-checked-by-host\nreference_assurance=independent_current_content\nselected_independent_oracle_identity=a5ff7c52b6d5269edc9717dfab6ddf78de77c93819e12f93c4bc5dfe550f0ae8\nselected_metadata_paths_verified=3\nselected_regular_bytes_verified=1048576\nselected_regular_paths_verified=1\nskipped_untouched_metadata_paths=0\nskipped_untouched_regular_bodies=0\nuncertified_regular_paths_checked=1\nverification_status=fast_iteration_verified\nwitness_paths_declared=0\n"",""step"":1}]}",
dedup_cross_file,dedup-cross-file-unique-10,PASS,1.842995208222419,1bedaeaa3d564286b8ff6a77365d3d7b144a6dc97e236466fa7066826a6acd19,3c797bc6dbfd9b03b919c270b609cad839000b68d67e34f3b00d24717e07f39a,d390fca693be0b14ae2dd30702c977798755e9701c2a480c8791b0d8102ff88c,sha256:9975b10f41d41af17ec0cdd625d587d67f618db475d9390e3c1fe1a31fbe0865,verification/dedup_cross_file/dedup-cross-file-unique-10/verification.json,"[""no exhaustive Phase 1 replay""]",[],"{""type"":""sampled-content"",""summary"":""changed data and selected unchanged witnesses; qualified roots"",""details"":[{""kind"":""fast-canonical-verification"",""receipt"":""{\""actual_read_logical_bytes\"": \""10485760\"", \""actual_read_regular_paths\"": \""10\"", \""authenticated_global_inodes\"": \""12\"", \""authenticated_namespace_paths\"": \""12\"", \""canonical_root\"": \""c54975188b73fdfb8a1b5ce5c5084884afb0d883b05e8e7b98162f63861f27ff\"", \""certificate_binding\"": \""553adb88d2f947486e9e24afc0623bb4b4829c2cc3186f1838169354bc4babca\"", \""covered_regular_paths\"": \""0\"", \""extent_assurance\"": \""selected-current-reads-and-certified-unchanged-root-references\"", \""full_canonical_census_performed\"": \""false\"", \""fully_verified\"": \""false\"", \""has_reused_reference\"": \""false\"", \""reference_assurance\"": \""independent_current_content\"", \""reference_native_readback\"": \""false\"", \""reference_root_scope\"": \""none\"", \""scope\"": \""full current namespace/global inode/metadata/aliases; selected changed+witness bytes; unchanged file-state/extent/payload subgraph references certified, those current subgraph bytes not read\"", \""skipped_current_store_logical_bytes\"": \""0\"", \""skipped_current_store_regular_paths\"": \""0\"", \""verification_profile\"": \""fast-verify-v2\"", \""verification_status\"": \""fast_iteration_verified\""}"",""step"":1},{""coverage_sha256"":""e3b0c44298fc1c149afbf4c8996fb92427ae41e4649b934ca495991b7852b855"",""kind"":""fast-native-verification"",""receipt"":""absent_paths_verified=0\ncertificate_binding=553adb88d2f947486e9e24afc0623bb4b4829c2cc3186f1838169354bc4babca\nchanged_paths_declared=12\ncovered_paths_sha256=e3b0c44298fc1c149afbf4c8996fb92427ae41e4649b934ca495991b7852b855\nfast_witness_profile=native-fast-witness-v2:first-middle-last-seeded-per-namespace-length-depth-class;declared-read-targets\nfully_verified=false\nlogical_bytes=10485760\nnative_namespace_paths_verified=12\nnative_namespace_type_source=DirEntry::file_type;platform-metadata-fallback-permitted;skipped-counts-describe-unperformed-checks-not-syscalls\nnative_namespace_types_verified=12\noracle_identity_encoding=structural-entry-recipes-v1\noracle_scope=independent-delta-and-witnesses;complete-native-namespace;certified-unchanged-content-roots-checked-by-host\nreference_assurance=independent_current_content\nselected_independent_oracle_identity=27e3a4a5f0f2f5206794f0d25bb8c9c9fdbf789367a061d71aed238dad760658\nselected_metadata_paths_verified=12\nselected_regular_bytes_verified=10485760\nselected_regular_paths_verified=10\nskipped_untouched_metadata_paths=0\nskipped_untouched_regular_bodies=0\nuncertified_regular_paths_checked=10\nverification_status=fast_iteration_verified\nwitness_paths_declared=0\n"",""step"":1}]}",
dedup_cross_file,dedup-cross-file-unique-100,PASS,3.9533258751034737,1bedaeaa3d564286b8ff6a77365d3d7b144a6dc97e236466fa7066826a6acd19,3c797bc6dbfd9b03b919c270b609cad839000b68d67e34f3b00d24717e07f39a,2e50a1f059a0396d8a35f1a2c910f1cac59ddc28515cbc606f11e871671a81b9,sha256:9975b10f41d41af17ec0cdd625d587d67f618db475d9390e3c1fe1a31fbe0865,verification/dedup_cross_file/dedup-cross-file-unique-100/verification.json,"[""no exhaustive Phase 1 replay""]",[],"{""type"":""sampled-content"",""summary"":""changed data and selected unchanged witnesses; qualified roots"",""details"":[{""kind"":""fast-canonical-verification"",""receipt"":""{\""actual_read_logical_bytes\"": \""104857600\"", \""actual_read_regular_paths\"": \""100\"", \""authenticated_global_inodes\"": \""102\"", \""authenticated_namespace_paths\"": \""102\"", \""canonical_root\"": \""c452938bd9ff62df0427d12eb7e4776e1ba60af20d2ed1acb4c7ea209169ea55\"", \""certificate_binding\"": \""5f90e767be14e692e316fcc65b225cfa9d80a92250142fa678b833cfbef3d585\"", \""covered_regular_paths\"": \""0\"", \""extent_assurance\"": \""selected-current-reads-and-certified-unchanged-root-references\"", \""full_canonical_census_performed\"": \""false\"", \""fully_verified\"": \""false\"", \""has_reused_reference\"": \""false\"", \""reference_assurance\"": \""independent_current_content\"", \""reference_native_readback\"": \""false\"", \""reference_root_scope\"": \""none\"", \""scope\"": \""full current namespace/global inode/metadata/aliases; selected changed+witness bytes; unchanged file-state/extent/payload subgraph references certified, those current subgraph bytes not read\"", \""skipped_current_store_logical_bytes\"": \""0\"", \""skipped_current_store_regular_paths\"": \""0\"", \""verification_profile\"": \""fast-verify-v2\"", \""verification_status\"": \""fast_iteration_verified\""}"",""step"":1},{""coverage_sha256"":""e3b0c44298fc1c149afbf4c8996fb92427ae41e4649b934ca495991b7852b855"",""kind"":""fast-native-verification"",""receipt"":""absent_paths_verified=0\ncertificate_binding=5f90e767be14e692e316fcc65b225cfa9d80a92250142fa678b833cfbef3d585\nchanged_paths_declared=102\ncovered_paths_sha256=e3b0c44298fc1c149afbf4c8996fb92427ae41e4649b934ca495991b7852b855\nfast_witness_profile=native-fast-witness-v2:first-middle-last-seeded-per-namespace-length-depth-class;declared-read-targets\nfully_verified=false\nlogical_bytes=104857600\nnative_namespace_paths_verified=102\nnative_namespace_type_source=DirEntry::file_type;platform-metadata-fallback-permitted;skipped-counts-describe-unperformed-checks-not-syscalls\nnative_namespace_types_verified=102\noracle_identity_encoding=structural-entry-recipes-v1\noracle_scope=independent-delta-and-witnesses;complete-native-namespace;certified-unchanged-content-roots-checked-by-host\nreference_assurance=independent_current_content\nselected_independent_oracle_identity=602c45ac4988b1b79c8a1f65713f61352d438a34dc014503fc028b8e62a98f9b\nselected_metadata_paths_verified=102\nselected_regular_bytes_verified=104857600\nselected_regular_paths_verified=100\nskipped_untouched_metadata_paths=0\nskipped_untouched_regular_bodies=0\nuncertified_regular_paths_checked=100\nverification_status=fast_iteration_verified\nwitness_paths_declared=0\n"",""step"":1}]}",
dedup_cross_file,dedup-cross-file-unique-500,PASS,13.830102666746825,1bedaeaa3d564286b8ff6a77365d3d7b144a6dc97e236466fa7066826a6acd19,3c797bc6dbfd9b03b919c270b609cad839000b68d67e34f3b00d24717e07f39a,58f0ac2efd07eb1b446ffd00e502adbb7962eecb7d2477a798f31130e6b7f22b,sha256:9975b10f41d41af17ec0cdd625d587d67f618db475d9390e3c1fe1a31fbe0865,verification/dedup_cross_file/dedup-cross-file-unique-500/verification.json,"[""no exhaustive Phase 1 replay""]",[],"{""type"":""sampled-content"",""summary"":""changed data and selected unchanged witnesses; qualified roots"",""details"":[{""kind"":""fast-canonical-verification"",""receipt"":""{\""actual_read_logical_bytes\"": \""524288000\"", \""actual_read_regular_paths\"": \""500\"", \""authenticated_global_inodes\"": \""502\"", \""authenticated_namespace_paths\"": \""502\"", \""canonical_root\"": \""5f1ac7216b46b613f30867059d5f1f8f3fb83a1eee061a61721bd98e549334b5\"", \""certificate_binding\"": \""4b8040d3d0dac7a4d204835713f0d2da6164ebe73085aee5f357d45a753aac4b\"", \""covered_regular_paths\"": \""0\"", \""extent_assurance\"": \""selected-current-reads-and-certified-unchanged-root-references\"", \""full_canonical_census_performed\"": \""false\"", \""fully_verified\"": \""false\"", \""has_reused_reference\"": \""false\"", \""reference_assurance\"": \""independent_current_content\"", \""reference_native_readback\"": \""false\"", \""reference_root_scope\"": \""none\"", \""scope\"": \""full current namespace/global inode/metadata/aliases; selected changed+witness bytes; unchanged file-state/extent/payload subgraph references certified, those current subgraph bytes not read\"", \""skipped_current_store_logical_bytes\"": \""0\"", \""skipped_current_store_regular_paths\"": \""0\"", \""verification_profile\"": \""fast-verify-v2\"", \""verification_status\"": \""fast_iteration_verified\""}"",""step"":1},{""coverage_sha256"":""e3b0c44298fc1c149afbf4c8996fb92427ae41e4649b934ca495991b7852b855"",""kind"":""fast-native-verification"",""receipt"":""absent_paths_verified=0\ncertificate_binding=4b8040d3d0dac7a4d204835713f0d2da6164ebe73085aee5f357d45a753aac4b\nchanged_paths_declared=502\ncovered_paths_sha256=e3b0c44298fc1c149afbf4c8996fb92427ae41e4649b934ca495991b7852b855\nfast_witness_profile=native-fast-witness-v2:first-middle-last-seeded-per-namespace-length-depth-class;declared-read-targets\nfully_verified=false\nlogical_bytes=524288000\nnative_namespace_paths_verified=502\nnative_namespace_type_source=DirEntry::file_type;platform-metadata-fallback-permitted;skipped-counts-describe-unperformed-checks-not-syscalls\nnative_namespace_types_verified=502\noracle_identity_encoding=structural-entry-recipes-v1\noracle_scope=independent-delta-and-witnesses;complete-native-namespace;certified-unchanged-content-roots-checked-by-host\nreference_assurance=independent_current_content\nselected_independent_oracle_identity=f5ca3a83358202ec6c1d0fa435db02efb0a3c9e5e6cc10a1d2f7760fd6ff3f96\nselected_metadata_paths_verified=502\nselected_regular_bytes_verified=524288000\nselected_regular_paths_verified=500\nskipped_untouched_metadata_paths=0\nskipped_untouched_regular_bodies=0\nuncertified_regular_paths_checked=500\nverification_status=fast_iteration_verified\nwitness_paths_declared=0\n"",""step"":1}]}",
dedup_cross_file,dedup-cross-file-identical-10,PASS,1.8481676252558827,1bedaeaa3d564286b8ff6a77365d3d7b144a6dc97e236466fa7066826a6acd19,3c797bc6dbfd9b03b919c270b609cad839000b68d67e34f3b00d24717e07f39a,e743574a9865dc1f5b4e1604ad9fb8d76f7630ba85ef9cdd18ee2eee8e6e7a16,sha256:9975b10f41d41af17ec0cdd625d587d67f618db475d9390e3c1fe1a31fbe0865,verification/dedup_cross_file/dedup-cross-file-identical-10/verification.json,"[""no exhaustive Phase 1 replay""]",[],"{""type"":""sampled-content"",""summary"":""changed data and selected unchanged witnesses; qualified roots"",""details"":[{""kind"":""fast-canonical-verification"",""receipt"":""{\""actual_read_logical_bytes\"": \""10485760\"", \""actual_read_regular_paths\"": \""10\"", \""authenticated_global_inodes\"": \""12\"", \""authenticated_namespace_paths\"": \""12\"", \""canonical_root\"": \""52775601b7a7790eb889e894d812a5b8ad1eb9b49181ea38e85813bf71e07b8a\"", \""certificate_binding\"": \""201e0ae261855e28d316fde84b93a6493ddeff4cc93ae99182288e0bf2063735\"", \""covered_regular_paths\"": \""0\"", \""extent_assurance\"": \""selected-current-reads-and-certified-unchanged-root-references\"", \""full_canonical_census_performed\"": \""false\"", \""fully_verified\"": \""false\"", \""has_reused_reference\"": \""false\"", \""reference_assurance\"": \""independent_current_content\"", \""reference_native_readback\"": \""false\"", \""reference_root_scope\"": \""none\"", \""scope\"": \""full current namespace/global inode/metadata/aliases; selected changed+witness bytes; unchanged file-state/extent/payload subgraph references certified, those current subgraph bytes not read\"", \""skipped_current_store_logical_bytes\"": \""0\"", \""skipped_current_store_regular_paths\"": \""0\"", \""verification_profile\"": \""fast-verify-v2\"", \""verification_status\"": \""fast_iteration_verified\""}"",""step"":1},{""coverage_sha256"":""e3b0c44298fc1c149afbf4c8996fb92427ae41e4649b934ca495991b7852b855"",""kind"":""fast-native-verification"",""receipt"":""absent_paths_verified=0\ncertificate_binding=201e0ae261855e28d316fde84b93a6493ddeff4cc93ae99182288e0bf2063735\nchanged_paths_declared=12\ncovered_paths_sha256=e3b0c44298fc1c149afbf4c8996fb92427ae41e4649b934ca495991b7852b855\nfast_witness_profile=native-fast-witness-v2:first-middle-last-seeded-per-namespace-length-depth-class;declared-read-targets\nfully_verified=false\nlogical_bytes=10485760\nnative_namespace_paths_verified=12\nnative_namespace_type_source=DirEntry::file_type;platform-metadata-fallback-permitted;skipped-counts-describe-unperformed-checks-not-syscalls\nnative_namespace_types_verified=12\noracle_identity_encoding=structural-entry-recipes-v1\noracle_scope=independent-delta-and-witnesses;complete-native-namespace;certified-unchanged-content-roots-checked-by-host\nreference_assurance=independent_current_content\nselected_independent_oracle_identity=8b6469a4a4854b54d70b63e222e892836cb8635e60e86171ad3e82be13ff9188\nselected_metadata_paths_verified=12\nselected_regular_bytes_verified=10485760\nselected_regular_paths_verified=10\nskipped_untouched_metadata_paths=0\nskipped_untouched_regular_bodies=0\nuncertified_regular_paths_checked=10\nverification_status=fast_iteration_verified\nwitness_paths_declared=0\n"",""step"":1}]}",
dedup_cross_file,dedup-cross-file-identical-100,PASS,3.2244128747843206,1bedaeaa3d564286b8ff6a77365d3d7b144a6dc97e236466fa7066826a6acd19,3c797bc6dbfd9b03b919c270b609cad839000b68d67e34f3b00d24717e07f39a,46b14d76c3f222bb13ece42592ed1dc2f65f3267476adba5b9f0318eb8c7d165,sha256:9975b10f41d41af17ec0cdd625d587d67f618db475d9390e3c1fe1a31fbe0865,verification/dedup_cross_file/dedup-cross-file-identical-100/verification.json,"[""no exhaustive Phase 1 replay""]",[],"{""type"":""sampled-content"",""summary"":""changed data and selected unchanged witnesses; qualified roots"",""details"":[{""kind"":""fast-canonical-verification"",""receipt"":""{\""actual_read_logical_bytes\"": \""104857600\"", \""actual_read_regular_paths\"": \""100\"", \""authenticated_global_inodes\"": \""102\"", \""authenticated_namespace_paths\"": \""102\"", \""canonical_root\"": \""b350d46226259d4584746eb81d86227f6dd75638ab012cf65b8612760c47fa48\"", \""certificate_binding\"": \""9eef4421aae0477cf3560e20bc8bc71dbbe8ce1697cc9403f6a308b94e36f3e9\"", \""covered_regular_paths\"": \""0\"", \""extent_assurance\"": \""selected-current-reads-and-certified-unchanged-root-references\"", \""full_canonical_census_performed\"": \""false\"", \""fully_verified\"": \""false\"", \""has_reused_reference\"": \""false\"", \""reference_assurance\"": \""independent_current_content\"", \""reference_native_readback\"": \""false\"", \""reference_root_scope\"": \""none\"", \""scope\"": \""full current namespace/global inode/metadata/aliases; selected changed+witness bytes; unchanged file-state/extent/payload subgraph references certified, those current subgraph bytes not read\"", \""skipped_current_store_logical_bytes\"": \""0\"", \""skipped_current_store_regular_paths\"": \""0\"", \""verification_profile\"": \""fast-verify-v2\"", \""verification_status\"": \""fast_iteration_verified\""}"",""step"":1},{""coverage_sha256"":""e3b0c44298fc1c149afbf4c8996fb92427ae41e4649b934ca495991b7852b855"",""kind"":""fast-native-verification"",""receipt"":""absent_paths_verified=0\ncertificate_binding=9eef4421aae0477cf3560e20bc8bc71dbbe8ce1697cc9403f6a308b94e36f3e9\nchanged_paths_declared=102\ncovered_paths_sha256=e3b0c44298fc1c149afbf4c8996fb92427ae41e4649b934ca495991b7852b855\nfast_witness_profile=native-fast-witness-v2:first-middle-last-seeded-per-namespace-length-depth-class;declared-read-targets\nfully_verified=false\nlogical_bytes=104857600\nnative_namespace_paths_verified=102\nnative_namespace_type_source=DirEntry::file_type;platform-metadata-fallback-permitted;skipped-counts-describe-unperformed-checks-not-syscalls\nnative_namespace_types_verified=102\noracle_identity_encoding=structural-entry-recipes-v1\noracle_scope=independent-delta-and-witnesses;complete-native-namespace;certified-unchanged-content-roots-checked-by-host\nreference_assurance=independent_current_content\nselected_independent_oracle_identity=4dcfed405fdaf28401bc7bb0f9ac8a7420e53d33e9741323cba3b66fe186cd23\nselected_metadata_paths_verified=102\nselected_regular_bytes_verified=104857600\nselected_regular_paths_verified=100\nskipped_untouched_metadata_paths=0\nskipped_untouched_regular_bodies=0\nuncertified_regular_paths_checked=100\nverification_status=fast_iteration_verified\nwitness_paths_declared=0\n"",""step"":1}]}",
dedup_cross_file,dedup-cross-file-identical-500,PASS,9.846022041980177,1bedaeaa3d564286b8ff6a77365d3d7b144a6dc97e236466fa7066826a6acd19,3c797bc6dbfd9b03b919c270b609cad839000b68d67e34f3b00d24717e07f39a,7ca3d8d3727f979400f588c75c59d0c96d9ea6799ce726ee6ccd9c151717fea5,sha256:9975b10f41d41af17ec0cdd625d587d67f618db475d9390e3c1fe1a31fbe0865,verification/dedup_cross_file/dedup-cross-file-identical-500/verification.json,"[""no exhaustive Phase 1 replay""]",[],"{""type"":""sampled-content"",""summary"":""changed data and selected unchanged witnesses; qualified roots"",""details"":[{""kind"":""fast-canonical-verification"",""receipt"":""{\""actual_read_logical_bytes\"": \""524288000\"", \""actual_read_regular_paths\"": \""500\"", \""authenticated_global_inodes\"": \""502\"", \""authenticated_namespace_paths\"": \""502\"", \""canonical_root\"": \""bd9f1029f205797040f86b1708d6ee53de26aae37f6c5b482a32586f17173fc6\"", \""certificate_binding\"": \""7501ae9437bfdbfee6b50b7114409e7ce34e7107197547d69e3b2f89326c28eb\"", \""covered_regular_paths\"": \""0\"", \""extent_assurance\"": \""selected-current-reads-and-certified-unchanged-root-references\"", \""full_canonical_census_performed\"": \""false\"", \""fully_verified\"": \""false\"", \""has_reused_reference\"": \""false\"", \""reference_assurance\"": \""independent_current_content\"", \""reference_native_readback\"": \""false\"", \""reference_root_scope\"": \""none\"", \""scope\"": \""full current namespace/global inode/metadata/aliases; selected changed+witness bytes; unchanged file-state/extent/payload subgraph references certified, those current subgraph bytes not read\"", \""skipped_current_store_logical_bytes\"": \""0\"", \""skipped_current_store_regular_paths\"": \""0\"", \""verification_profile\"": \""fast-verify-v2\"", \""verification_status\"": \""fast_iteration_verified\""}"",""step"":1},{""coverage_sha256"":""e3b0c44298fc1c149afbf4c8996fb92427ae41e4649b934ca495991b7852b855"",""kind"":""fast-native-verification"",""receipt"":""absent_paths_verified=0\ncertificate_binding=7501ae9437bfdbfee6b50b7114409e7ce34e7107197547d69e3b2f89326c28eb\nchanged_paths_declared=502\ncovered_paths_sha256=e3b0c44298fc1c149afbf4c8996fb92427ae41e4649b934ca495991b7852b855\nfast_witness_profile=native-fast-witness-v2:first-middle-last-seeded-per-namespace-length-depth-class;declared-read-targets\nfully_verified=false\nlogical_bytes=524288000\nnative_namespace_paths_verified=502\nnative_namespace_type_source=DirEntry::file_type;platform-metadata-fallback-permitted;skipped-counts-describe-unperformed-checks-not-syscalls\nnative_namespace_types_verified=502\noracle_identity_encoding=structural-entry-recipes-v1\noracle_scope=independent-delta-and-witnesses;complete-native-namespace;certified-unchanged-content-roots-checked-by-host\nreference_assurance=independent_current_content\nselected_independent_oracle_identity=f31fd78b179d87c2bc0c5fd599f6fff09b7fb90ae259db7bdeb1ed4ad310fcb6\nselected_metadata_paths_verified=502\nselected_regular_bytes_verified=524288000\nselected_regular_paths_verified=500\nskipped_untouched_metadata_paths=0\nskipped_untouched_regular_bodies=0\nuncertified_regular_paths_checked=500\nverification_status=fast_iteration_verified\nwitness_paths_declared=0\n"",""step"":1}]}",
dedup_cross_file,dedup-cross-file-mixed-10,PASS,1.80004091700539,1bedaeaa3d564286b8ff6a77365d3d7b144a6dc97e236466fa7066826a6acd19,3c797bc6dbfd9b03b919c270b609cad839000b68d67e34f3b00d24717e07f39a,2a5881cdb089a859f9ee2325ecd7e3ce2f174cb4254c31bb4e2a337e853f3f95,sha256:9975b10f41d41af17ec0cdd625d587d67f618db475d9390e3c1fe1a31fbe0865,verification/dedup_cross_file/dedup-cross-file-mixed-10/verification.json,"[""no exhaustive Phase 1 replay""]",[],"{""type"":""sampled-content"",""summary"":""changed data and selected unchanged witnesses; qualified roots"",""details"":[{""kind"":""fast-canonical-verification"",""receipt"":""{\""actual_read_logical_bytes\"": \""10485760\"", \""actual_read_regular_paths\"": \""10\"", \""authenticated_global_inodes\"": \""12\"", \""authenticated_namespace_paths\"": \""12\"", \""canonical_root\"": \""d6ccc27c9c8f79e5878f634e564198fd0b775f648f57657d33583560c871387f\"", \""certificate_binding\"": \""5c6cb1c36a715573702d1ae55bf3ecce6a5b90ac13d9b345c0367e4ae0f4ecda\"", \""covered_regular_paths\"": \""0\"", \""extent_assurance\"": \""selected-current-reads-and-certified-unchanged-root-references\"", \""full_canonical_census_performed\"": \""false\"", \""fully_verified\"": \""false\"", \""has_reused_reference\"": \""false\"", \""reference_assurance\"": \""independent_current_content\"", \""reference_native_readback\"": \""false\"", \""reference_root_scope\"": \""none\"", \""scope\"": \""full current namespace/global inode/metadata/aliases; selected changed+witness bytes; unchanged file-state/extent/payload subgraph references certified, those current subgraph bytes not read\"", \""skipped_current_store_logical_bytes\"": \""0\"", \""skipped_current_store_regular_paths\"": \""0\"", \""verification_profile\"": \""fast-verify-v2\"", \""verification_status\"": \""fast_iteration_verified\""}"",""step"":1},{""coverage_sha256"":""e3b0c44298fc1c149afbf4c8996fb92427ae41e4649b934ca495991b7852b855"",""kind"":""fast-native-verification"",""receipt"":""absent_paths_verified=0\ncertificate_binding=5c6cb1c36a715573702d1ae55bf3ecce6a5b90ac13d9b345c0367e4ae0f4ecda\nchanged_paths_declared=12\ncovered_paths_sha256=e3b0c44298fc1c149afbf4c8996fb92427ae41e4649b934ca495991b7852b855\nfast_witness_profile=native-fast-witness-v2:first-middle-last-seeded-per-namespace-length-depth-class;declared-read-targets\nfully_verified=false\nlogical_bytes=10485760\nnative_namespace_paths_verified=12\nnative_namespace_type_source=DirEntry::file_type;platform-metadata-fallback-permitted;skipped-counts-describe-unperformed-checks-not-syscalls\nnative_namespace_types_verified=12\noracle_identity_encoding=structural-entry-recipes-v1\noracle_scope=independent-delta-and-witnesses;complete-native-namespace;certified-unchanged-content-roots-checked-by-host\nreference_assurance=independent_current_content\nselected_independent_oracle_identity=a845eaf2c591eac9fb196798612832ea6a21f20b63efa1b7ad70978ed0cce7a9\nselected_metadata_paths_verified=12\nselected_regular_bytes_verified=10485760\nselected_regular_paths_verified=10\nskipped_untouched_metadata_paths=0\nskipped_untouched_regular_bodies=0\nuncertified_regular_paths_checked=10\nverification_status=fast_iteration_verified\nwitness_paths_declared=0\n"",""step"":1}]}",
dedup_cross_file,dedup-cross-file-mixed-100,PASS,3.9346542921848595,1bedaeaa3d564286b8ff6a77365d3d7b144a6dc97e236466fa7066826a6acd19,3c797bc6dbfd9b03b919c270b609cad839000b68d67e34f3b00d24717e07f39a,65ad7c0c70db82b1335f7d489c438cecd549029b27f826aa2be358922a5f0bdd,sha256:9975b10f41d41af17ec0cdd625d587d67f618db475d9390e3c1fe1a31fbe0865,verification/dedup_cross_file/dedup-cross-file-mixed-100/verification.json,"[""no exhaustive Phase 1 replay""]",[],"{""type"":""sampled-content"",""summary"":""changed data and selected unchanged witnesses; qualified roots"",""details"":[{""kind"":""fast-canonical-verification"",""receipt"":""{\""actual_read_logical_bytes\"": \""104857600\"", \""actual_read_regular_paths\"": \""100\"", \""authenticated_global_inodes\"": \""102\"", \""authenticated_namespace_paths\"": \""102\"", \""canonical_root\"": \""4ebcaad7ce36698b80f60e49e3117864ab9866786385c0a7d64a9308b51211d3\"", \""certificate_binding\"": \""b4f71154abd3ff4a35e5311792ae779fba179be70161f954a140fbc4df87ea3b\"", \""covered_regular_paths\"": \""0\"", \""extent_assurance\"": \""selected-current-reads-and-certified-unchanged-root-references\"", \""full_canonical_census_performed\"": \""false\"", \""fully_verified\"": \""false\"", \""has_reused_reference\"": \""false\"", \""reference_assurance\"": \""independent_current_content\"", \""reference_native_readback\"": \""false\"", \""reference_root_scope\"": \""none\"", \""scope\"": \""full current namespace/global inode/metadata/aliases; selected changed+witness bytes; unchanged file-state/extent/payload subgraph references certified, those current subgraph bytes not read\"", \""skipped_current_store_logical_bytes\"": \""0\"", \""skipped_current_store_regular_paths\"": \""0\"", \""verification_profile\"": \""fast-verify-v2\"", \""verification_status\"": \""fast_iteration_verified\""}"",""step"":1},{""coverage_sha256"":""e3b0c44298fc1c149afbf4c8996fb92427ae41e4649b934ca495991b7852b855"",""kind"":""fast-native-verification"",""receipt"":""absent_paths_verified=0\ncertificate_binding=b4f71154abd3ff4a35e5311792ae779fba179be70161f954a140fbc4df87ea3b\nchanged_paths_declared=102\ncovered_paths_sha256=e3b0c44298fc1c149afbf4c8996fb92427ae41e4649b934ca495991b7852b855\nfast_witness_profile=native-fast-witness-v2:first-middle-last-seeded-per-namespace-length-depth-class;declared-read-targets\nfully_verified=false\nlogical_bytes=104857600\nnative_namespace_paths_verified=102\nnative_namespace_type_source=DirEntry::file_type;platform-metadata-fallback-permitted;skipped-counts-describe-unperformed-checks-not-syscalls\nnative_namespace_types_verified=102\noracle_identity_encoding=structural-entry-recipes-v1\noracle_scope=independent-delta-and-witnesses;complete-native-namespace;certified-unchanged-content-roots-checked-by-host\nreference_assurance=independent_current_content\nselected_independent_oracle_identity=201ac608d3b8b5ab5276370ff85e834a9e004a8c81b8ecacd56c923b15bf359c\nselected_metadata_paths_verified=102\nselected_regular_bytes_verified=104857600\nselected_regular_paths_verified=100\nskipped_untouched_metadata_paths=0\nskipped_untouched_regular_bodies=0\nuncertified_regular_paths_checked=100\nverification_status=fast_iteration_verified\nwitness_paths_declared=0\n"",""step"":1}]}",
dedup_cross_file,dedup-cross-file-mixed-500,PASS,13.190160249825567,1bedaeaa3d564286b8ff6a77365d3d7b144a6dc97e236466fa7066826a6acd19,3c797bc6dbfd9b03b919c270b609cad839000b68d67e34f3b00d24717e07f39a,f4e7d486a55bd9ebb3a83dc400d1e1c3a9e97c4b4a640188874a7fc8537f77f3,sha256:9975b10f41d41af17ec0cdd625d587d67f618db475d9390e3c1fe1a31fbe0865,verification/dedup_cross_file/dedup-cross-file-mixed-500/verification.json,"[""no exhaustive Phase 1 replay""]",[],"{""type"":""sampled-content"",""summary"":""changed data and selected unchanged witnesses; qualified roots"",""details"":[{""kind"":""fast-canonical-verification"",""receipt"":""{\""actual_read_logical_bytes\"": \""524288000\"", \""actual_read_regular_paths\"": \""500\"", \""authenticated_global_inodes\"": \""502\"", \""authenticated_namespace_paths\"": \""502\"", \""canonical_root\"": \""eaf6134a202e3481d583f72b476716cf77dc5ec2651d617a2f8e9915c966ca8b\"", \""certificate_binding\"": \""ede4ce1beea0908ecb60e94b9c79a13d0af36e9bb80b8a4ae5b804edb8d5c396\"", \""covered_regular_paths\"": \""0\"", \""extent_assurance\"": \""selected-current-reads-and-certified-unchanged-root-references\"", \""full_canonical_census_performed\"": \""false\"", \""fully_verified\"": \""false\"", \""has_reused_reference\"": \""false\"", \""reference_assurance\"": \""independent_current_content\"", \""reference_native_readback\"": \""false\"", \""reference_root_scope\"": \""none\"", \""scope\"": \""full current namespace/global inode/metadata/aliases; selected changed+witness bytes; unchanged file-state/extent/payload subgraph references certified, those current subgraph bytes not read\"", \""skipped_current_store_logical_bytes\"": \""0\"", \""skipped_current_store_regular_paths\"": \""0\"", \""verification_profile\"": \""fast-verify-v2\"", \""verification_status\"": \""fast_iteration_verified\""}"",""step"":1},{""coverage_sha256"":""e3b0c44298fc1c149afbf4c8996fb92427ae41e4649b934ca495991b7852b855"",""kind"":""fast-native-verification"",""receipt"":""absent_paths_verified=0\ncertificate_binding=ede4ce1beea0908ecb60e94b9c79a13d0af36e9bb80b8a4ae5b804edb8d5c396\nchanged_paths_declared=502\ncovered_paths_sha256=e3b0c44298fc1c149afbf4c8996fb92427ae41e4649b934ca495991b7852b855\nfast_witness_profile=native-fast-witness-v2:first-middle-last-seeded-per-namespace-length-depth-class;declared-read-targets\nfully_verified=false\nlogical_bytes=524288000\nnative_namespace_paths_verified=502\nnative_namespace_type_source=DirEntry::file_type;platform-metadata-fallback-permitted;skipped-counts-describe-unperformed-checks-not-syscalls\nnative_namespace_types_verified=502\noracle_identity_encoding=structural-entry-recipes-v1\noracle_scope=independent-delta-and-witnesses;complete-native-namespace;certified-unchanged-content-roots-checked-by-host\nreference_assurance=independent_current_content\nselected_independent_oracle_identity=d13e64d8d0d786d7a077e63fd780e3fc57af51279a1fe6c0b70c284a8a905270\nselected_metadata_paths_verified=502\nselected_regular_bytes_verified=524288000\nselected_regular_paths_verified=500\nskipped_untouched_metadata_paths=0\nskipped_untouched_regular_bodies=0\nuncertified_regular_paths_checked=500\nverification_status=fast_iteration_verified\nwitness_paths_declared=0\n"",""step"":1}]}",
dedup_cdc_locality,dedup-cdc-overwrite-1,PASS,1.9819096252322197,1bedaeaa3d564286b8ff6a77365d3d7b144a6dc97e236466fa7066826a6acd19,3c797bc6dbfd9b03b919c270b609cad839000b68d67e34f3b00d24717e07f39a,3459e86d00dc1cf2594709560ac404b9880022934048c6628fae8ddfc362b532,sha256:9975b10f41d41af17ec0cdd625d587d67f618db475d9390e3c1fe1a31fbe0865,verification/dedup_cdc_locality/dedup-cdc-overwrite-1/verification.json,"[""no exhaustive Phase 1 replay""]",[],"{""type"":""sampled-content"",""summary"":""changed data and selected unchanged witnesses; qualified roots"",""details"":[{""kind"":""fast-canonical-verification"",""receipt"":""{\""actual_read_logical_bytes\"": \""2097152\"", \""actual_read_regular_paths\"": \""2\"", \""authenticated_global_inodes\"": \""4\"", \""authenticated_namespace_paths\"": \""4\"", \""canonical_root\"": \""7c7a1bdb5f89ad5ddef0a63153490d40a622d2984fd00186079afb66acb88c8c\"", \""certificate_binding\"": \""03fa775bd8405acab99d63f6bab32a70ccba94c604ea2f62f102b77cf4fad9bc\"", \""covered_regular_paths\"": \""0\"", \""extent_assurance\"": \""selected-current-reads-and-certified-unchanged-root-references\"", \""full_canonical_census_performed\"": \""false\"", \""fully_verified\"": \""false\"", \""has_reused_reference\"": \""false\"", \""reference_assurance\"": \""independent_current_content\"", \""reference_native_readback\"": \""false\"", \""reference_root_scope\"": \""none\"", \""scope\"": \""full current namespace/global inode/metadata/aliases; selected changed+witness bytes; unchanged file-state/extent/payload subgraph references certified, those current subgraph bytes not read\"", \""skipped_current_store_logical_bytes\"": \""0\"", \""skipped_current_store_regular_paths\"": \""0\"", \""verification_profile\"": \""fast-verify-v2\"", \""verification_status\"": \""fast_iteration_verified\""}"",""step"":1},{""coverage_sha256"":""e3b0c44298fc1c149afbf4c8996fb92427ae41e4649b934ca495991b7852b855"",""kind"":""fast-native-verification"",""receipt"":""absent_paths_verified=0\ncertificate_binding=03fa775bd8405acab99d63f6bab32a70ccba94c604ea2f62f102b77cf4fad9bc\nchanged_paths_declared=4\ncovered_paths_sha256=e3b0c44298fc1c149afbf4c8996fb92427ae41e4649b934ca495991b7852b855\nfast_witness_profile=native-fast-witness-v2:first-middle-last-seeded-per-namespace-length-depth-class;declared-read-targets\nfully_verified=false\nlogical_bytes=2097152\nnative_namespace_paths_verified=4\nnative_namespace_type_source=DirEntry::file_type;platform-metadata-fallback-permitted;skipped-counts-describe-unperformed-checks-not-syscalls\nnative_namespace_types_verified=4\noracle_identity_encoding=structural-entry-recipes-v1\noracle_scope=independent-delta-and-witnesses;complete-native-namespace;certified-unchanged-content-roots-checked-by-host\nreference_assurance=independent_current_content\nselected_independent_oracle_identity=cd2e1b3b03e11b05812374c59ac274bc5f35c5d08140f8338b62d4546ed88b8a\nselected_metadata_paths_verified=4\nselected_regular_bytes_verified=2097152\nselected_regular_paths_verified=2\nskipped_untouched_metadata_paths=0\nskipped_untouched_regular_bodies=0\nuncertified_regular_paths_checked=2\nverification_status=fast_iteration_verified\nwitness_paths_declared=0\n"",""step"":1}]}",
dedup_cdc_locality,dedup-cdc-overwrite-10,PASS,2.1752002499997616,1bedaeaa3d564286b8ff6a77365d3d7b144a6dc97e236466fa7066826a6acd19,3c797bc6dbfd9b03b919c270b609cad839000b68d67e34f3b00d24717e07f39a,5bd39c0a659221e0866d83bb56c60c5bff1d2db1973f1cac9b80ee1adf4cae30,sha256:9975b10f41d41af17ec0cdd625d587d67f618db475d9390e3c1fe1a31fbe0865,verification/dedup_cdc_locality/dedup-cdc-overwrite-10/verification.json,"[""no exhaustive Phase 1 replay""]",[],"{""type"":""sampled-content"",""summary"":""changed data and selected unchanged witnesses; qualified roots"",""details"":[{""kind"":""fast-canonical-verification"",""receipt"":""{\""actual_read_logical_bytes\"": \""11534336\"", \""actual_read_regular_paths\"": \""11\"", \""authenticated_global_inodes\"": \""13\"", \""authenticated_namespace_paths\"": \""13\"", \""canonical_root\"": \""6030f4071ecad46f55b9572c579e04ba2db3ff62f3d42b646d5ea7b0c5be499f\"", \""certificate_binding\"": \""974fae9d0bdb27e748938b11cf201f329113904755638537eb5166ff75ad87e1\"", \""covered_regular_paths\"": \""0\"", \""extent_assurance\"": \""selected-current-reads-and-certified-unchanged-root-references\"", \""full_canonical_census_performed\"": \""false\"", \""fully_verified\"": \""false\"", \""has_reused_reference\"": \""false\"", \""reference_assurance\"": \""independent_current_content\"", \""reference_native_readback\"": \""false\"", \""reference_root_scope\"": \""none\"", \""scope\"": \""full current namespace/global inode/metadata/aliases; selected changed+witness bytes; unchanged file-state/extent/payload subgraph references certified, those current subgraph bytes not read\"", \""skipped_current_store_logical_bytes\"": \""0\"", \""skipped_current_store_regular_paths\"": \""0\"", \""verification_profile\"": \""fast-verify-v2\"", \""verification_status\"": \""fast_iteration_verified\""}"",""step"":1},{""coverage_sha256"":""e3b0c44298fc1c149afbf4c8996fb92427ae41e4649b934ca495991b7852b855"",""kind"":""fast-native-verification"",""receipt"":""absent_paths_verified=0\ncertificate_binding=974fae9d0bdb27e748938b11cf201f329113904755638537eb5166ff75ad87e1\nchanged_paths_declared=13\ncovered_paths_sha256=e3b0c44298fc1c149afbf4c8996fb92427ae41e4649b934ca495991b7852b855\nfast_witness_profile=native-fast-witness-v2:first-middle-last-seeded-per-namespace-length-depth-class;declared-read-targets\nfully_verified=false\nlogical_bytes=11534336\nnative_namespace_paths_verified=13\nnative_namespace_type_source=DirEntry::file_type;platform-metadata-fallback-permitted;skipped-counts-describe-unperformed-checks-not-syscalls\nnative_namespace_types_verified=13\noracle_identity_encoding=structural-entry-recipes-v1\noracle_scope=independent-delta-and-witnesses;complete-native-namespace;certified-unchanged-content-roots-checked-by-host\nreference_assurance=independent_current_content\nselected_independent_oracle_identity=f0f4074751b2a769b578ee4caf9eeffb576bc8b530e5952f8aef0d70d2dcc584\nselected_metadata_paths_verified=13\nselected_regular_bytes_verified=11534336\nselected_regular_paths_verified=11\nskipped_untouched_metadata_paths=0\nskipped_untouched_regular_bodies=0\nuncertified_regular_paths_checked=11\nverification_status=fast_iteration_verified\nwitness_paths_declared=0\n"",""step"":1}]}",
dedup_cdc_locality,dedup-cdc-overwrite-100,PASS,4.911127625033259,1bedaeaa3d564286b8ff6a77365d3d7b144a6dc97e236466fa7066826a6acd19,3c797bc6dbfd9b03b919c270b609cad839000b68d67e34f3b00d24717e07f39a,dc6f04a32c2dda60d15a717089fe469312a7288b976d98d21de99749a4fdc6fd,sha256:9975b10f41d41af17ec0cdd625d587d67f618db475d9390e3c1fe1a31fbe0865,verification/dedup_cdc_locality/dedup-cdc-overwrite-100/verification.json,"[""no exhaustive Phase 1 replay""]",[],"{""type"":""sampled-content"",""summary"":""changed data and selected unchanged witnesses; qualified roots"",""details"":[{""kind"":""fast-canonical-verification"",""receipt"":""{\""actual_read_logical_bytes\"": \""105906176\"", \""actual_read_regular_paths\"": \""101\"", \""authenticated_global_inodes\"": \""103\"", \""authenticated_namespace_paths\"": \""103\"", \""canonical_root\"": \""c6c58483a12752bfccb551e6a13378fdedccfba2ad7af0fe71733b39d4666fc4\"", \""certificate_binding\"": \""ca5990e85a094f05bb5b86367637c35099a178be52f6d9ec8aaa92c49df588d4\"", \""covered_regular_paths\"": \""0\"", \""extent_assurance\"": \""selected-current-reads-and-certified-unchanged-root-references\"", \""full_canonical_census_performed\"": \""false\"", \""fully_verified\"": \""false\"", \""has_reused_reference\"": \""false\"", \""reference_assurance\"": \""independent_current_content\"", \""reference_native_readback\"": \""false\"", \""reference_root_scope\"": \""none\"", \""scope\"": \""full current namespace/global inode/metadata/aliases; selected changed+witness bytes; unchanged file-state/extent/payload subgraph references certified, those current subgraph bytes not read\"", \""skipped_current_store_logical_bytes\"": \""0\"", \""skipped_current_store_regular_paths\"": \""0\"", \""verification_profile\"": \""fast-verify-v2\"", \""verification_status\"": \""fast_iteration_verified\""}"",""step"":1},{""coverage_sha256"":""e3b0c44298fc1c149afbf4c8996fb92427ae41e4649b934ca495991b7852b855"",""kind"":""fast-native-verification"",""receipt"":""absent_paths_verified=0\ncertificate_binding=ca5990e85a094f05bb5b86367637c35099a178be52f6d9ec8aaa92c49df588d4\nchanged_paths_declared=103\ncovered_paths_sha256=e3b0c44298fc1c149afbf4c8996fb92427ae41e4649b934ca495991b7852b855\nfast_witness_profile=native-fast-witness-v2:first-middle-last-seeded-per-namespace-length-depth-class;declared-read-targets\nfully_verified=false\nlogical_bytes=105906176\nnative_namespace_paths_verified=103\nnative_namespace_type_source=DirEntry::file_type;platform-metadata-fallback-permitted;skipped-counts-describe-unperformed-checks-not-syscalls\nnative_namespace_types_verified=103\noracle_identity_encoding=structural-entry-recipes-v1\noracle_scope=independent-delta-and-witnesses;complete-native-namespace;certified-unchanged-content-roots-checked-by-host\nreference_assurance=independent_current_content\nselected_independent_oracle_identity=f1df1a41dc4ef93d11c5c865f73a220e007ed18d7940c83e668bc63ce958946e\nselected_metadata_paths_verified=103\nselected_regular_bytes_verified=105906176\nselected_regular_paths_verified=101\nskipped_untouched_metadata_paths=0\nskipped_untouched_regular_bodies=0\nuncertified_regular_paths_checked=101\nverification_status=fast_iteration_verified\nwitness_paths_declared=0\n"",""step"":1}]}",
dedup_cdc_locality,dedup-cdc-overwrite-500,PASS,17.282971000298858,1bedaeaa3d564286b8ff6a77365d3d7b144a6dc97e236466fa7066826a6acd19,3c797bc6dbfd9b03b919c270b609cad839000b68d67e34f3b00d24717e07f39a,7d2e80cab58eb8ba343d1e689f199fb57985f0f5f2c89811f3d2eca2d7aeb479,sha256:9975b10f41d41af17ec0cdd625d587d67f618db475d9390e3c1fe1a31fbe0865,verification/dedup_cdc_locality/dedup-cdc-overwrite-500/verification.json.gz,"[""no exhaustive Phase 1 replay""]",[],"{""type"":""sampled-content"",""summary"":""changed data and selected unchanged witnesses; qualified roots"",""details"":[{""kind"":""fast-canonical-verification"",""receipt"":""{\""actual_read_logical_bytes\"": \""525336576\"", \""actual_read_regular_paths\"": \""501\"", \""authenticated_global_inodes\"": \""503\"", \""authenticated_namespace_paths\"": \""503\"", \""canonical_root\"": \""e0ba0dfaaa4e2163a1c4adfe081d6dada2b2b1ed19998995485823976bcf089d\"", \""certificate_binding\"": \""c274a95696e98f9da4c9196433ef713dc495dfa9877a3dde39198272c279ee1b\"", \""covered_regular_paths\"": \""0\"", \""extent_assurance\"": \""selected-current-reads-and-certified-unchanged-root-references\"", \""full_canonical_census_performed\"": \""false\"", \""fully_verified\"": \""false\"", \""has_reused_reference\"": \""false\"", \""reference_assurance\"": \""independent_current_content\"", \""reference_native_readback\"": \""false\"", \""reference_root_scope\"": \""none\"", \""scope\"": \""full current namespace/global inode/metadata/aliases; selected changed+witness bytes; unchanged file-state/extent/payload subgraph references certified, those current subgraph bytes not read\"", \""skipped_current_store_logical_bytes\"": \""0\"", \""skipped_current_store_regular_paths\"": \""0\"", \""verification_profile\"": \""fast-verify-v2\"", \""verification_status\"": \""fast_iteration_verified\""}"",""step"":1},{""coverage_sha256"":""e3b0c44298fc1c149afbf4c8996fb92427ae41e4649b934ca495991b7852b855"",""kind"":""fast-native-verification"",""receipt"":""absent_paths_verified=0\ncertificate_binding=c274a95696e98f9da4c9196433ef713dc495dfa9877a3dde39198272c279ee1b\nchanged_paths_declared=503\ncovered_paths_sha256=e3b0c44298fc1c149afbf4c8996fb92427ae41e4649b934ca495991b7852b855\nfast_witness_profile=native-fast-witness-v2:first-middle-last-seeded-per-namespace-length-depth-class;declared-read-targets\nfully_verified=false\nlogical_bytes=525336576\nnative_namespace_paths_verified=503\nnative_namespace_type_source=DirEntry::file_type;platform-metadata-fallback-permitted;skipped-counts-describe-unperformed-checks-not-syscalls\nnative_namespace_types_verified=503\noracle_identity_encoding=structural-entry-recipes-v1\noracle_scope=independent-delta-and-witnesses;complete-native-namespace;certified-unchanged-content-roots-checked-by-host\nreference_assurance=independent_current_content\nselected_independent_oracle_identity=f72feb880b61161aefbacd2db78d63ff6b760510617cfa9b107390b6953cd595\nselected_metadata_paths_verified=503\nselected_regular_bytes_verified=525336576\nselected_regular_paths_verified=501\nskipped_untouched_metadata_paths=0\nskipped_untouched_regular_bodies=0\nuncertified_regular_paths_checked=501\nverification_status=fast_iteration_verified\nwitness_paths_declared=0\n"",""step"":1}]}",
dedup_cdc_locality,dedup-cdc-insert-1,PASS,1.7598338327370584,1bedaeaa3d564286b8ff6a77365d3d7b144a6dc97e236466fa7066826a6acd19,3c797bc6dbfd9b03b919c270b609cad839000b68d67e34f3b00d24717e07f39a,7cd12e9e9ed61619514c3567492f24ada802f034294c5f9575a564820172a93e,sha256:9975b10f41d41af17ec0cdd625d587d67f618db475d9390e3c1fe1a31fbe0865,verification/dedup_cdc_locality/dedup-cdc-insert-1/verification.json,"[""no exhaustive Phase 1 replay""]",[],"{""type"":""sampled-content"",""summary"":""changed data and selected unchanged witnesses; qualified roots"",""details"":[{""kind"":""fast-canonical-verification"",""receipt"":""{\""actual_read_logical_bytes\"": \""2101248\"", \""actual_read_regular_paths\"": \""2\"", \""authenticated_global_inodes\"": \""4\"", \""authenticated_namespace_paths\"": \""4\"", \""canonical_root\"": \""b6d90fe262464543c2cb6bb559b0756b02cfaf4bb7960077e5698cf8e195d291\"", \""certificate_binding\"": \""7663535c7eba07be5f87323a84885df57a65f11c3d481d4845b14a437f82936e\"", \""covered_regular_paths\"": \""0\"", \""extent_assurance\"": \""selected-current-reads-and-certified-unchanged-root-references\"", \""full_canonical_census_performed\"": \""false\"", \""fully_verified\"": \""false\"", \""has_reused_reference\"": \""false\"", \""reference_assurance\"": \""independent_current_content\"", \""reference_native_readback\"": \""false\"", \""reference_root_scope\"": \""none\"", \""scope\"": \""full current namespace/global inode/metadata/aliases; selected changed+witness bytes; unchanged file-state/extent/payload subgraph references certified, those current subgraph bytes not read\"", \""skipped_current_store_logical_bytes\"": \""0\"", \""skipped_current_store_regular_paths\"": \""0\"", \""verification_profile\"": \""fast-verify-v2\"", \""verification_status\"": \""fast_iteration_verified\""}"",""step"":1},{""coverage_sha256"":""e3b0c44298fc1c149afbf4c8996fb92427ae41e4649b934ca495991b7852b855"",""kind"":""fast-native-verification"",""receipt"":""absent_paths_verified=0\ncertificate_binding=7663535c7eba07be5f87323a84885df57a65f11c3d481d4845b14a437f82936e\nchanged_paths_declared=4\ncovered_paths_sha256=e3b0c44298fc1c149afbf4c8996fb92427ae41e4649b934ca495991b7852b855\nfast_witness_profile=native-fast-witness-v2:first-middle-last-seeded-per-namespace-length-depth-class;declared-read-targets\nfully_verified=false\nlogical_bytes=2101248\nnative_namespace_paths_verified=4\nnative_namespace_type_source=DirEntry::file_type;platform-metadata-fallback-permitted;skipped-counts-describe-unperformed-checks-not-syscalls\nnative_namespace_types_verified=4\noracle_identity_encoding=structural-entry-recipes-v1\noracle_scope=independent-delta-and-witnesses;complete-native-namespace;certified-unchanged-content-roots-checked-by-host\nreference_assurance=independent_current_content\nselected_independent_oracle_identity=aec76782603fcc0e28c80f751ab7882dba2aa9c907247b787c5c21db7be55274\nselected_metadata_paths_verified=4\nselected_regular_bytes_verified=2101248\nselected_regular_paths_verified=2\nskipped_untouched_metadata_paths=0\nskipped_untouched_regular_bodies=0\nuncertified_regular_paths_checked=2\nverification_status=fast_iteration_verified\nwitness_paths_declared=0\n"",""step"":1}]}",
dedup_cdc_locality,dedup-cdc-insert-10,PASS,1.9468696247786283,1bedaeaa3d564286b8ff6a77365d3d7b144a6dc97e236466fa7066826a6acd19,3c797bc6dbfd9b03b919c270b609cad839000b68d67e34f3b00d24717e07f39a,bc6abd21748ad56ee1d6d049362e6907cfa354c356a6f7b030f6b1d9f39eb98d,sha256:9975b10f41d41af17ec0cdd625d587d67f618db475d9390e3c1fe1a31fbe0865,verification/dedup_cdc_locality/dedup-cdc-insert-10/verification.json,"[""no exhaustive Phase 1 replay""]",[],"{""type"":""sampled-content"",""summary"":""changed data and selected unchanged witnesses; qualified roots"",""details"":[{""kind"":""fast-canonical-verification"",""receipt"":""{\""actual_read_logical_bytes\"": \""11575296\"", \""actual_read_regular_paths\"": \""11\"", \""authenticated_global_inodes\"": \""13\"", \""authenticated_namespace_paths\"": \""13\"", \""canonical_root\"": \""3d3cd7910559c81e50e06316a721b0bd034786c0ed397cd66e74855fe864a65a\"", \""certificate_binding\"": \""7a427bdb528f40b9101c5ce919790df6bd5e73f9b595ed1891412ee4f24b1cfe\"", \""covered_regular_paths\"": \""0\"", \""extent_assurance\"": \""selected-current-reads-and-certified-unchanged-root-references\"", \""full_canonical_census_performed\"": \""false\"", \""fully_verified\"": \""false\"", \""has_reused_reference\"": \""false\"", \""reference_assurance\"": \""independent_current_content\"", \""reference_native_readback\"": \""false\"", \""reference_root_scope\"": \""none\"", \""scope\"": \""full current namespace/global inode/metadata/aliases; selected changed+witness bytes; unchanged file-state/extent/payload subgraph references certified, those current subgraph bytes not read\"", \""skipped_current_store_logical_bytes\"": \""0\"", \""skipped_current_store_regular_paths\"": \""0\"", \""verification_profile\"": \""fast-verify-v2\"", \""verification_status\"": \""fast_iteration_verified\""}"",""step"":1},{""coverage_sha256"":""e3b0c44298fc1c149afbf4c8996fb92427ae41e4649b934ca495991b7852b855"",""kind"":""fast-native-verification"",""receipt"":""absent_paths_verified=0\ncertificate_binding=7a427bdb528f40b9101c5ce919790df6bd5e73f9b595ed1891412ee4f24b1cfe\nchanged_paths_declared=13\ncovered_paths_sha256=e3b0c44298fc1c149afbf4c8996fb92427ae41e4649b934ca495991b7852b855\nfast_witness_profile=native-fast-witness-v2:first-middle-last-seeded-per-namespace-length-depth-class;declared-read-targets\nfully_verified=false\nlogical_bytes=11575296\nnative_namespace_paths_verified=13\nnative_namespace_type_source=DirEntry::file_type;platform-metadata-fallback-permitted;skipped-counts-describe-unperformed-checks-not-syscalls\nnative_namespace_types_verified=13\noracle_identity_encoding=structural-entry-recipes-v1\noracle_scope=independent-delta-and-witnesses;complete-native-namespace;certified-unchanged-content-roots-checked-by-host\nreference_assurance=independent_current_content\nselected_independent_oracle_identity=ba69f739b1488921964ba75833f50e395475dd7181ea7be1aab8b2305d7ab070\nselected_metadata_paths_verified=13\nselected_regular_bytes_verified=11575296\nselected_regular_paths_verified=11\nskipped_untouched_metadata_paths=0\nskipped_untouched_regular_bodies=0\nuncertified_regular_paths_checked=11\nverification_status=fast_iteration_verified\nwitness_paths_declared=0\n"",""step"":1}]}",
dedup_cdc_locality,dedup-cdc-insert-100,PASS,4.800869207829237,1bedaeaa3d564286b8ff6a77365d3d7b144a6dc97e236466fa7066826a6acd19,3c797bc6dbfd9b03b919c270b609cad839000b68d67e34f3b00d24717e07f39a,ba8ef8789c8bd5573cc3b3ddb9ffc9809f5e045215b81e48641734a385ba6d36,sha256:9975b10f41d41af17ec0cdd625d587d67f618db475d9390e3c1fe1a31fbe0865,verification/dedup_cdc_locality/dedup-cdc-insert-100/verification.json.gz,"[""no exhaustive Phase 1 replay""]",[],"{""type"":""sampled-content"",""summary"":""changed data and selected unchanged witnesses; qualified roots"",""details"":[{""kind"":""fast-canonical-verification"",""receipt"":""{\""actual_read_logical_bytes\"": \""106315776\"", \""actual_read_regular_paths\"": \""101\"", \""authenticated_global_inodes\"": \""103\"", \""authenticated_namespace_paths\"": \""103\"", \""canonical_root\"": \""0f9fa2889cc32526e3e87885aaaf1ce3f39d84bc880115af399d19d5559ebcde\"", \""certificate_binding\"": \""1a1011b7074a43afc3cb173d999ee97c25942d73fcceba3f6649242fa7602ae4\"", \""covered_regular_paths\"": \""0\"", \""extent_assurance\"": \""selected-current-reads-and-certified-unchanged-root-references\"", \""full_canonical_census_performed\"": \""false\"", \""fully_verified\"": \""false\"", \""has_reused_reference\"": \""false\"", \""reference_assurance\"": \""independent_current_content\"", \""reference_native_readback\"": \""false\"", \""reference_root_scope\"": \""none\"", \""scope\"": \""full current namespace/global inode/metadata/aliases; selected changed+witness bytes; unchanged file-state/extent/payload subgraph references certified, those current subgraph bytes not read\"", \""skipped_current_store_logical_bytes\"": \""0\"", \""skipped_current_store_regular_paths\"": \""0\"", \""verification_profile\"": \""fast-verify-v2\"", \""verification_status\"": \""fast_iteration_verified\""}"",""step"":1},{""coverage_sha256"":""e3b0c44298fc1c149afbf4c8996fb92427ae41e4649b934ca495991b7852b855"",""kind"":""fast-native-verification"",""receipt"":""absent_paths_verified=0\ncertificate_binding=1a1011b7074a43afc3cb173d999ee97c25942d73fcceba3f6649242fa7602ae4\nchanged_paths_declared=103\ncovered_paths_sha256=e3b0c44298fc1c149afbf4c8996fb92427ae41e4649b934ca495991b7852b855\nfast_witness_profile=native-fast-witness-v2:first-middle-last-seeded-per-namespace-length-depth-class;declared-read-targets\nfully_verified=false\nlogical_bytes=106315776\nnative_namespace_paths_verified=103\nnative_namespace_type_source=DirEntry::file_type;platform-metadata-fallback-permitted;skipped-counts-describe-unperformed-checks-not-syscalls\nnative_namespace_types_verified=103\noracle_identity_encoding=structural-entry-recipes-v1\noracle_scope=independent-delta-and-witnesses;complete-native-namespace;certified-unchanged-content-roots-checked-by-host\nreference_assurance=independent_current_content\nselected_independent_oracle_identity=29a967deb6a8b2471b3685cc6d1a5fb7f54032bb11e16d1f1392d0466b417cad\nselected_metadata_paths_verified=103\nselected_regular_bytes_verified=106315776\nselected_regular_paths_verified=101\nskipped_untouched_metadata_paths=0\nskipped_untouched_regular_bodies=0\nuncertified_regular_paths_checked=101\nverification_status=fast_iteration_verified\nwitness_paths_declared=0\n"",""step"":1}]}",
dedup_cdc_locality,dedup-cdc-insert-500,PASS,17.712656499817967,1bedaeaa3d564286b8ff6a77365d3d7b144a6dc97e236466fa7066826a6acd19,3c797bc6dbfd9b03b919c270b609cad839000b68d67e34f3b00d24717e07f39a,9c290e4c2a7c1d17754cccd6f440d9d7ac7c62ea0cc6d689fac30d3ab346b403,sha256:9975b10f41d41af17ec0cdd625d587d67f618db475d9390e3c1fe1a31fbe0865,verification/dedup_cdc_locality/dedup-cdc-insert-500/verification.json.gz,"[""no exhaustive Phase 1 replay""]",[],"{""type"":""sampled-content"",""summary"":""changed data and selected unchanged witnesses; qualified roots"",""details"":[{""kind"":""fast-canonical-verification"",""receipt"":""{\""actual_read_logical_bytes\"": \""527384576\"", \""actual_read_regular_paths\"": \""501\"", \""authenticated_global_inodes\"": \""503\"", \""authenticated_namespace_paths\"": \""503\"", \""canonical_root\"": \""c1cef6f0a82ca0cf47935cee04edb1c99c717d36d3473c1a792af0ddc522b693\"", \""certificate_binding\"": \""607f4a48d691b5b90bbdbad6cc1036017c6dad6d6120724ee46ca051b13d1ed5\"", \""covered_regular_paths\"": \""0\"", \""extent_assurance\"": \""selected-current-reads-and-certified-unchanged-root-references\"", \""full_canonical_census_performed\"": \""false\"", \""fully_verified\"": \""false\"", \""has_reused_reference\"": \""false\"", \""reference_assurance\"": \""independent_current_content\"", \""reference_native_readback\"": \""false\"", \""reference_root_scope\"": \""none\"", \""scope\"": \""full current namespace/global inode/metadata/aliases; selected changed+witness bytes; unchanged file-state/extent/payload subgraph references certified, those current subgraph bytes not read\"", \""skipped_current_store_logical_bytes\"": \""0\"", \""skipped_current_store_regular_paths\"": \""0\"", \""verification_profile\"": \""fast-verify-v2\"", \""verification_status\"": \""fast_iteration_verified\""}"",""step"":1},{""coverage_sha256"":""e3b0c44298fc1c149afbf4c8996fb92427ae41e4649b934ca495991b7852b855"",""kind"":""fast-native-verification"",""receipt"":""absent_paths_verified=0\ncertificate_binding=607f4a48d691b5b90bbdbad6cc1036017c6dad6d6120724ee46ca051b13d1ed5\nchanged_paths_declared=503\ncovered_paths_sha256=e3b0c44298fc1c149afbf4c8996fb92427ae41e4649b934ca495991b7852b855\nfast_witness_profile=native-fast-witness-v2:first-middle-last-seeded-per-namespace-length-depth-class;declared-read-targets\nfully_verified=false\nlogical_bytes=527384576\nnative_namespace_paths_verified=503\nnative_namespace_type_source=DirEntry::file_type;platform-metadata-fallback-permitted;skipped-counts-describe-unperformed-checks-not-syscalls\nnative_namespace_types_verified=503\noracle_identity_encoding=structural-entry-recipes-v1\noracle_scope=independent-delta-and-witnesses;complete-native-namespace;certified-unchanged-content-roots-checked-by-host\nreference_assurance=independent_current_content\nselected_independent_oracle_identity=cfdd56882941e547854140dd11b2fc81579584d88c556601b13315e8f5a5fba8\nselected_metadata_paths_verified=503\nselected_regular_bytes_verified=527384576\nselected_regular_paths_verified=501\nskipped_untouched_metadata_paths=0\nskipped_untouched_regular_bodies=0\nuncertified_regular_paths_checked=501\nverification_status=fast_iteration_verified\nwitness_paths_declared=0\n"",""step"":1}]}",
dedup_cdc_locality,dedup-cdc-delete-1,PASS,1.688861166127026,1bedaeaa3d564286b8ff6a77365d3d7b144a6dc97e236466fa7066826a6acd19,3c797bc6dbfd9b03b919c270b609cad839000b68d67e34f3b00d24717e07f39a,1b2076eaa19f857395a71bb46457febc3c890ddcc5f623acee65985ec5385a31,sha256:9975b10f41d41af17ec0cdd625d587d67f618db475d9390e3c1fe1a31fbe0865,verification/dedup_cdc_locality/dedup-cdc-delete-1/verification.json,"[""no exhaustive Phase 1 replay""]",[],"{""type"":""sampled-content"",""summary"":""changed data and selected unchanged witnesses; qualified roots"",""details"":[{""kind"":""fast-canonical-verification"",""receipt"":""{\""actual_read_logical_bytes\"": \""2093056\"", \""actual_read_regular_paths\"": \""2\"", \""authenticated_global_inodes\"": \""4\"", \""authenticated_namespace_paths\"": \""4\"", \""canonical_root\"": \""1800bdd34f2a313b53bebaa505aca3246ba97b1db6217bbf6edd75aafee070c6\"", \""certificate_binding\"": \""bf28eeaa7195d728cea9d0f955cbf60f57ab28b22439cbc767f2129a5cedefa1\"", \""covered_regular_paths\"": \""0\"", \""extent_assurance\"": \""selected-current-reads-and-certified-unchanged-root-references\"", \""full_canonical_census_performed\"": \""false\"", \""fully_verified\"": \""false\"", \""has_reused_reference\"": \""false\"", \""reference_assurance\"": \""independent_current_content\"", \""reference_native_readback\"": \""false\"", \""reference_root_scope\"": \""none\"", \""scope\"": \""full current namespace/global inode/metadata/aliases; selected changed+witness bytes; unchanged file-state/extent/payload subgraph references certified, those current subgraph bytes not read\"", \""skipped_current_store_logical_bytes\"": \""0\"", \""skipped_current_store_regular_paths\"": \""0\"", \""verification_profile\"": \""fast-verify-v2\"", \""verification_status\"": \""fast_iteration_verified\""}"",""step"":1},{""coverage_sha256"":""e3b0c44298fc1c149afbf4c8996fb92427ae41e4649b934ca495991b7852b855"",""kind"":""fast-native-verification"",""receipt"":""absent_paths_verified=0\ncertificate_binding=bf28eeaa7195d728cea9d0f955cbf60f57ab28b22439cbc767f2129a5cedefa1\nchanged_paths_declared=4\ncovered_paths_sha256=e3b0c44298fc1c149afbf4c8996fb92427ae41e4649b934ca495991b7852b855\nfast_witness_profile=native-fast-witness-v2:first-middle-last-seeded-per-namespace-length-depth-class;declared-read-targets\nfully_verified=false\nlogical_bytes=2093056\nnative_namespace_paths_verified=4\nnative_namespace_type_source=DirEntry::file_type;platform-metadata-fallback-permitted;skipped-counts-describe-unperformed-checks-not-syscalls\nnative_namespace_types_verified=4\noracle_identity_encoding=structural-entry-recipes-v1\noracle_scope=independent-delta-and-witnesses;complete-native-namespace;certified-unchanged-content-roots-checked-by-host\nreference_assurance=independent_current_content\nselected_independent_oracle_identity=71fb0fce9584580a4810202526c2f723438b921ef4cc7fe00ad987750787c8f1\nselected_metadata_paths_verified=4\nselected_regular_bytes_verified=2093056\nselected_regular_paths_verified=2\nskipped_untouched_metadata_paths=0\nskipped_untouched_regular_bodies=0\nuncertified_regular_paths_checked=2\nverification_status=fast_iteration_verified\nwitness_paths_declared=0\n"",""step"":1}]}",
dedup_cdc_locality,dedup-cdc-delete-10,PASS,2.125135541893542,1bedaeaa3d564286b8ff6a77365d3d7b144a6dc97e236466fa7066826a6acd19,3c797bc6dbfd9b03b919c270b609cad839000b68d67e34f3b00d24717e07f39a,8e00e6c83a77a358f33bc8c8655b44f7de3e4e524595df4c60dace81dd66894c,sha256:9975b10f41d41af17ec0cdd625d587d67f618db475d9390e3c1fe1a31fbe0865,verification/dedup_cdc_locality/dedup-cdc-delete-10/verification.json,"[""no exhaustive Phase 1 replay""]",[],"{""type"":""sampled-content"",""summary"":""changed data and selected unchanged witnesses; qualified roots"",""details"":[{""kind"":""fast-canonical-verification"",""receipt"":""{\""actual_read_logical_bytes\"": \""11493376\"", \""actual_read_regular_paths\"": \""11\"", \""authenticated_global_inodes\"": \""13\"", \""authenticated_namespace_paths\"": \""13\"", \""canonical_root\"": \""cf51aa4a8af0f405c1e0f57527c21f10671b1a5f9a03a6aad58b1b19be43b7a4\"", \""certificate_binding\"": \""9abb303f6475f3d065db73493ce79ddffac18503038dfd6757c2cf48890f98e1\"", \""covered_regular_paths\"": \""0\"", \""extent_assurance\"": \""selected-current-reads-and-certified-unchanged-root-references\"", \""full_canonical_census_performed\"": \""false\"", \""fully_verified\"": \""false\"", \""has_reused_reference\"": \""false\"", \""reference_assurance\"": \""independent_current_content\"", \""reference_native_readback\"": \""false\"", \""reference_root_scope\"": \""none\"", \""scope\"": \""full current namespace/global inode/metadata/aliases; selected changed+witness bytes; unchanged file-state/extent/payload subgraph references certified, those current subgraph bytes not read\"", \""skipped_current_store_logical_bytes\"": \""0\"", \""skipped_current_store_regular_paths\"": \""0\"", \""verification_profile\"": \""fast-verify-v2\"", \""verification_status\"": \""fast_iteration_verified\""}"",""step"":1},{""coverage_sha256"":""e3b0c44298fc1c149afbf4c8996fb92427ae41e4649b934ca495991b7852b855"",""kind"":""fast-native-verification"",""receipt"":""absent_paths_verified=0\ncertificate_binding=9abb303f6475f3d065db73493ce79ddffac18503038dfd6757c2cf48890f98e1\nchanged_paths_declared=13\ncovered_paths_sha256=e3b0c44298fc1c149afbf4c8996fb92427ae41e4649b934ca495991b7852b855\nfast_witness_profile=native-fast-witness-v2:first-middle-last-seeded-per-namespace-length-depth-class;declared-read-targets\nfully_verified=false\nlogical_bytes=11493376\nnative_namespace_paths_verified=13\nnative_namespace_type_source=DirEntry::file_type;platform-metadata-fallback-permitted;skipped-counts-describe-unperformed-checks-not-syscalls\nnative_namespace_types_verified=13\noracle_identity_encoding=structural-entry-recipes-v1\noracle_scope=independent-delta-and-witnesses;complete-native-namespace;certified-unchanged-content-roots-checked-by-host\nreference_assurance=independent_current_content\nselected_independent_oracle_identity=7d4827d9d5c85152ae548da074226f5f1b871d969638ebf0f8151a1687ee3b72\nselected_metadata_paths_verified=13\nselected_regular_bytes_verified=11493376\nselected_regular_paths_verified=11\nskipped_untouched_metadata_paths=0\nskipped_untouched_regular_bodies=0\nuncertified_regular_paths_checked=11\nverification_status=fast_iteration_verified\nwitness_paths_declared=0\n"",""step"":1}]}",
dedup_cdc_locality,dedup-cdc-delete-100,PASS,5.0871890829876065,1bedaeaa3d564286b8ff6a77365d3d7b144a6dc97e236466fa7066826a6acd19,3c797bc6dbfd9b03b919c270b609cad839000b68d67e34f3b00d24717e07f39a,c7d5db8a6bc1102e8ad359e4a780a0a3fe742c42a39ba35c0b57105d2857514c,sha256:9975b10f41d41af17ec0cdd625d587d67f618db475d9390e3c1fe1a31fbe0865,verification/dedup_cdc_locality/dedup-cdc-delete-100/verification.json.gz,"[""no exhaustive Phase 1 replay""]",[],"{""type"":""sampled-content"",""summary"":""changed data and selected unchanged witnesses; qualified roots"",""details"":[{""kind"":""fast-canonical-verification"",""receipt"":""{\""actual_read_logical_bytes\"": \""105496576\"", \""actual_read_regular_paths\"": \""101\"", \""authenticated_global_inodes\"": \""103\"", \""authenticated_namespace_paths\"": \""103\"", \""canonical_root\"": \""cb71a99a2d39e8f27e4dfaff01958a3d6bd7531b5d99177cdf67f8c564371164\"", \""certificate_binding\"": \""8cf9fd74abc3c7b543719a80d6eac636bbaa4c5d4000c92b7c24277563e50620\"", \""covered_regular_paths\"": \""0\"", \""extent_assurance\"": \""selected-current-reads-and-certified-unchanged-root-references\"", \""full_canonical_census_performed\"": \""false\"", \""fully_verified\"": \""false\"", \""has_reused_reference\"": \""false\"", \""reference_assurance\"": \""independent_current_content\"", \""reference_native_readback\"": \""false\"", \""reference_root_scope\"": \""none\"", \""scope\"": \""full current namespace/global inode/metadata/aliases; selected changed+witness bytes; unchanged file-state/extent/payload subgraph references certified, those current subgraph bytes not read\"", \""skipped_current_store_logical_bytes\"": \""0\"", \""skipped_current_store_regular_paths\"": \""0\"", \""verification_profile\"": \""fast-verify-v2\"", \""verification_status\"": \""fast_iteration_verified\""}"",""step"":1},{""coverage_sha256"":""e3b0c44298fc1c149afbf4c8996fb92427ae41e4649b934ca495991b7852b855"",""kind"":""fast-native-verification"",""receipt"":""absent_paths_verified=0\ncertificate_binding=8cf9fd74abc3c7b543719a80d6eac636bbaa4c5d4000c92b7c24277563e50620\nchanged_paths_declared=103\ncovered_paths_sha256=e3b0c44298fc1c149afbf4c8996fb92427ae41e4649b934ca495991b7852b855\nfast_witness_profile=native-fast-witness-v2:first-middle-last-seeded-per-namespace-length-depth-class;declared-read-targets\nfully_verified=false\nlogical_bytes=105496576\nnative_namespace_paths_verified=103\nnative_namespace_type_source=DirEntry::file_type;platform-metadata-fallback-permitted;skipped-counts-describe-unperformed-checks-not-syscalls\nnative_namespace_types_verified=103\noracle_identity_encoding=structural-entry-recipes-v1\noracle_scope=independent-delta-and-witnesses;complete-native-namespace;certified-unchanged-content-roots-checked-by-host\nreference_assurance=independent_current_content\nselected_independent_oracle_identity=7650c95005603a84910af1389e5a05a8ebb148a61c0fa6d0fd9312bad4d8fd79\nselected_metadata_paths_verified=103\nselected_regular_bytes_verified=105496576\nselected_regular_paths_verified=101\nskipped_untouched_metadata_paths=0\nskipped_untouched_regular_bodies=0\nuncertified_regular_paths_checked=101\nverification_status=fast_iteration_verified\nwitness_paths_declared=0\n"",""step"":1}]}",
dedup_cdc_locality,dedup-cdc-delete-500,PASS,18.953364375047386,1bedaeaa3d564286b8ff6a77365d3d7b144a6dc97e236466fa7066826a6acd19,3c797bc6dbfd9b03b919c270b609cad839000b68d67e34f3b00d24717e07f39a,7f7ff08deb0846c5a3f10d37c47154ccf628553aefd9b2af0819ba5ee895d222,sha256:9975b10f41d41af17ec0cdd625d587d67f618db475d9390e3c1fe1a31fbe0865,verification/dedup_cdc_locality/dedup-cdc-delete-500/verification.json.gz,"[""no exhaustive Phase 1 replay""]",[],"{""type"":""sampled-content"",""summary"":""changed data and selected unchanged witnesses; qualified roots"",""details"":[{""kind"":""fast-canonical-verification"",""receipt"":""{\""actual_read_logical_bytes\"": \""523288576\"", \""actual_read_regular_paths\"": \""501\"", \""authenticated_global_inodes\"": \""503\"", \""authenticated_namespace_paths\"": \""503\"", \""canonical_root\"": \""fc830b84a4cab3ef5fff90c0c7321c26e68ba5934e0cf03cef33c39f50a7855f\"", \""certificate_binding\"": \""7ea2414c2aa49ade3f136fe760f18c1704b3addeddbb222745757d035682cde1\"", \""covered_regular_paths\"": \""0\"", \""extent_assurance\"": \""selected-current-reads-and-certified-unchanged-root-references\"", \""full_canonical_census_performed\"": \""false\"", \""fully_verified\"": \""false\"", \""has_reused_reference\"": \""false\"", \""reference_assurance\"": \""independent_current_content\"", \""reference_native_readback\"": \""false\"", \""reference_root_scope\"": \""none\"", \""scope\"": \""full current namespace/global inode/metadata/aliases; selected changed+witness bytes; unchanged file-state/extent/payload subgraph references certified, those current subgraph bytes not read\"", \""skipped_current_store_logical_bytes\"": \""0\"", \""skipped_current_store_regular_paths\"": \""0\"", \""verification_profile\"": \""fast-verify-v2\"", \""verification_status\"": \""fast_iteration_verified\""}"",""step"":1},{""coverage_sha256"":""e3b0c44298fc1c149afbf4c8996fb92427ae41e4649b934ca495991b7852b855"",""kind"":""fast-native-verification"",""receipt"":""absent_paths_verified=0\ncertificate_binding=7ea2414c2aa49ade3f136fe760f18c1704b3addeddbb222745757d035682cde1\nchanged_paths_declared=503\ncovered_paths_sha256=e3b0c44298fc1c149afbf4c8996fb92427ae41e4649b934ca495991b7852b855\nfast_witness_profile=native-fast-witness-v2:first-middle-last-seeded-per-namespace-length-depth-class;declared-read-targets\nfully_verified=false\nlogical_bytes=523288576\nnative_namespace_paths_verified=503\nnative_namespace_type_source=DirEntry::file_type;platform-metadata-fallback-permitted;skipped-counts-describe-unperformed-checks-not-syscalls\nnative_namespace_types_verified=503\noracle_identity_encoding=structural-entry-recipes-v1\noracle_scope=independent-delta-and-witnesses;complete-native-namespace;certified-unchanged-content-roots-checked-by-host\nreference_assurance=independent_current_content\nselected_independent_oracle_identity=c229a35b27ff5213aed375fab96913335a5ce36782cd777a98c83734be95f1bc\nselected_metadata_paths_verified=503\nselected_regular_bytes_verified=523288576\nselected_regular_paths_verified=501\nskipped_untouched_metadata_paths=0\nskipped_untouched_regular_bodies=0\nuncertified_regular_paths_checked=501\nverification_status=fast_iteration_verified\nwitness_paths_declared=0\n"",""step"":1}]}",
dedup_cdc_locality,dedup-cdc-common-body-1,PASS,1.6940456670708954,1bedaeaa3d564286b8ff6a77365d3d7b144a6dc97e236466fa7066826a6acd19,3c797bc6dbfd9b03b919c270b609cad839000b68d67e34f3b00d24717e07f39a,8c826bc6e9bee8d2e52d84b85b204b64f1335c7a589f3d1d7aa273e91419c2a9,sha256:9975b10f41d41af17ec0cdd625d587d67f618db475d9390e3c1fe1a31fbe0865,verification/dedup_cdc_locality/dedup-cdc-common-body-1/verification.json,"[""no exhaustive Phase 1 replay""]",[],"{""type"":""sampled-content"",""summary"":""changed data and selected unchanged witnesses; qualified roots"",""details"":[{""kind"":""fast-canonical-verification"",""receipt"":""{\""actual_read_logical_bytes\"": \""2097152\"", \""actual_read_regular_paths\"": \""2\"", \""authenticated_global_inodes\"": \""4\"", \""authenticated_namespace_paths\"": \""4\"", \""canonical_root\"": \""ecdf12de910921da19fab64a89f59c81bdaa2e073590dd59dc6616d7d696f9f7\"", \""certificate_binding\"": \""92fc62da088365d7a1291e14d728a6a7e2fe44f67308ccd627dac7ad3cf3b742\"", \""covered_regular_paths\"": \""0\"", \""extent_assurance\"": \""selected-current-reads-and-certified-unchanged-root-references\"", \""full_canonical_census_performed\"": \""false\"", \""fully_verified\"": \""false\"", \""has_reused_reference\"": \""false\"", \""reference_assurance\"": \""independent_current_content\"", \""reference_native_readback\"": \""false\"", \""reference_root_scope\"": \""none\"", \""scope\"": \""full current namespace/global inode/metadata/aliases; selected changed+witness bytes; unchanged file-state/extent/payload subgraph references certified, those current subgraph bytes not read\"", \""skipped_current_store_logical_bytes\"": \""0\"", \""skipped_current_store_regular_paths\"": \""0\"", \""verification_profile\"": \""fast-verify-v2\"", \""verification_status\"": \""fast_iteration_verified\""}"",""step"":1},{""coverage_sha256"":""e3b0c44298fc1c149afbf4c8996fb92427ae41e4649b934ca495991b7852b855"",""kind"":""fast-native-verification"",""receipt"":""absent_paths_verified=0\ncertificate_binding=92fc62da088365d7a1291e14d728a6a7e2fe44f67308ccd627dac7ad3cf3b742\nchanged_paths_declared=4\ncovered_paths_sha256=e3b0c44298fc1c149afbf4c8996fb92427ae41e4649b934ca495991b7852b855\nfast_witness_profile=native-fast-witness-v2:first-middle-last-seeded-per-namespace-length-depth-class;declared-read-targets\nfully_verified=false\nlogical_bytes=2097152\nnative_namespace_paths_verified=4\nnative_namespace_type_source=DirEntry::file_type;platform-metadata-fallback-permitted;skipped-counts-describe-unperformed-checks-not-syscalls\nnative_namespace_types_verified=4\noracle_identity_encoding=structural-entry-recipes-v1\noracle_scope=independent-delta-and-witnesses;complete-native-namespace;certified-unchanged-content-roots-checked-by-host\nreference_assurance=independent_current_content\nselected_independent_oracle_identity=14d057b772fcfb95f6e828f3e77a515dbe9779577a40b27bf52a37c7e64ce720\nselected_metadata_paths_verified=4\nselected_regular_bytes_verified=2097152\nselected_regular_paths_verified=2\nskipped_untouched_metadata_paths=0\nskipped_untouched_regular_bodies=0\nuncertified_regular_paths_checked=2\nverification_status=fast_iteration_verified\nwitness_paths_declared=0\n"",""step"":1}]}",
dedup_cdc_locality,dedup-cdc-common-body-10,PASS,1.937447499949485,1bedaeaa3d564286b8ff6a77365d3d7b144a6dc97e236466fa7066826a6acd19,3c797bc6dbfd9b03b919c270b609cad839000b68d67e34f3b00d24717e07f39a,5dcc6afb2cc031db0639b8892e88ce9824f9e84919872afb6d454ba01031ab04,sha256:9975b10f41d41af17ec0cdd625d587d67f618db475d9390e3c1fe1a31fbe0865,verification/dedup_cdc_locality/dedup-cdc-common-body-10/verification.json,"[""no exhaustive Phase 1 replay""]",[],"{""type"":""sampled-content"",""summary"":""changed data and selected unchanged witnesses; qualified roots"",""details"":[{""kind"":""fast-canonical-verification"",""receipt"":""{\""actual_read_logical_bytes\"": \""11534336\"", \""actual_read_regular_paths\"": \""11\"", \""authenticated_global_inodes\"": \""13\"", \""authenticated_namespace_paths\"": \""13\"", \""canonical_root\"": \""05457737974cb60ce52900b7ae390b041e875a1ec0d501ac9b5e2c6a6c7d2534\"", \""certificate_binding\"": \""8c97015319fd41adb130ca6feb569881ca689fb740fd892c5cf92ea0a3f2c9e0\"", \""covered_regular_paths\"": \""0\"", \""extent_assurance\"": \""selected-current-reads-and-certified-unchanged-root-references\"", \""full_canonical_census_performed\"": \""false\"", \""fully_verified\"": \""false\"", \""has_reused_reference\"": \""false\"", \""reference_assurance\"": \""independent_current_content\"", \""reference_native_readback\"": \""false\"", \""reference_root_scope\"": \""none\"", \""scope\"": \""full current namespace/global inode/metadata/aliases; selected changed+witness bytes; unchanged file-state/extent/payload subgraph references certified, those current subgraph bytes not read\"", \""skipped_current_store_logical_bytes\"": \""0\"", \""skipped_current_store_regular_paths\"": \""0\"", \""verification_profile\"": \""fast-verify-v2\"", \""verification_status\"": \""fast_iteration_verified\""}"",""step"":1},{""coverage_sha256"":""e3b0c44298fc1c149afbf4c8996fb92427ae41e4649b934ca495991b7852b855"",""kind"":""fast-native-verification"",""receipt"":""absent_paths_verified=0\ncertificate_binding=8c97015319fd41adb130ca6feb569881ca689fb740fd892c5cf92ea0a3f2c9e0\nchanged_paths_declared=13\ncovered_paths_sha256=e3b0c44298fc1c149afbf4c8996fb92427ae41e4649b934ca495991b7852b855\nfast_witness_profile=native-fast-witness-v2:first-middle-last-seeded-per-namespace-length-depth-class;declared-read-targets\nfully_verified=false\nlogical_bytes=11534336\nnative_namespace_paths_verified=13\nnative_namespace_type_source=DirEntry::file_type;platform-metadata-fallback-permitted;skipped-counts-describe-unperformed-checks-not-syscalls\nnative_namespace_types_verified=13\noracle_identity_encoding=structural-entry-recipes-v1\noracle_scope=independent-delta-and-witnesses;complete-native-namespace;certified-unchanged-content-roots-checked-by-host\nreference_assurance=independent_current_content\nselected_independent_oracle_identity=9119b4ba5959d3f0ada9e0c03555103ff83c03df170cdbc1b572b0757cfac08a\nselected_metadata_paths_verified=13\nselected_regular_bytes_verified=11534336\nselected_regular_paths_verified=11\nskipped_untouched_metadata_paths=0\nskipped_untouched_regular_bodies=0\nuncertified_regular_paths_checked=11\nverification_status=fast_iteration_verified\nwitness_paths_declared=0\n"",""step"":1}]}",
dedup_cdc_locality,dedup-cdc-common-body-100,PASS,4.916059957817197,1bedaeaa3d564286b8ff6a77365d3d7b144a6dc97e236466fa7066826a6acd19,3c797bc6dbfd9b03b919c270b609cad839000b68d67e34f3b00d24717e07f39a,77ea2b5437896a982ef0712fb6acf5bde9e52f0dbd30aef247f4e07ed265fe7c,sha256:9975b10f41d41af17ec0cdd625d587d67f618db475d9390e3c1fe1a31fbe0865,verification/dedup_cdc_locality/dedup-cdc-common-body-100/verification.json.gz,"[""no exhaustive Phase 1 replay""]",[],"{""type"":""sampled-content"",""summary"":""changed data and selected unchanged witnesses; qualified roots"",""details"":[{""kind"":""fast-canonical-verification"",""receipt"":""{\""actual_read_logical_bytes\"": \""105906176\"", \""actual_read_regular_paths\"": \""101\"", \""authenticated_global_inodes\"": \""103\"", \""authenticated_namespace_paths\"": \""103\"", \""canonical_root\"": \""f1001d6406258e22161dbc328f2e64bd3ef35cd348d84ebf5f8218e42f32138b\"", \""certificate_binding\"": \""a5269b1a919f7be6aeebda186fc3960a29852f8a42822fc2ecd5c7d88e5e6bb5\"", \""covered_regular_paths\"": \""0\"", \""extent_assurance\"": \""selected-current-reads-and-certified-unchanged-root-references\"", \""full_canonical_census_performed\"": \""false\"", \""fully_verified\"": \""false\"", \""has_reused_reference\"": \""false\"", \""reference_assurance\"": \""independent_current_content\"", \""reference_native_readback\"": \""false\"", \""reference_root_scope\"": \""none\"", \""scope\"": \""full current namespace/global inode/metadata/aliases; selected changed+witness bytes; unchanged file-state/extent/payload subgraph references certified, those current subgraph bytes not read\"", \""skipped_current_store_logical_bytes\"": \""0\"", \""skipped_current_store_regular_paths\"": \""0\"", \""verification_profile\"": \""fast-verify-v2\"", \""verification_status\"": \""fast_iteration_verified\""}"",""step"":1},{""coverage_sha256"":""e3b0c44298fc1c149afbf4c8996fb92427ae41e4649b934ca495991b7852b855"",""kind"":""fast-native-verification"",""receipt"":""absent_paths_verified=0\ncertificate_binding=a5269b1a919f7be6aeebda186fc3960a29852f8a42822fc2ecd5c7d88e5e6bb5\nchanged_paths_declared=103\ncovered_paths_sha256=e3b0c44298fc1c149afbf4c8996fb92427ae41e4649b934ca495991b7852b855\nfast_witness_profile=native-fast-witness-v2:first-middle-last-seeded-per-namespace-length-depth-class;declared-read-targets\nfully_verified=false\nlogical_bytes=105906176\nnative_namespace_paths_verified=103\nnative_namespace_type_source=DirEntry::file_type;platform-metadata-fallback-permitted;skipped-counts-describe-unperformed-checks-not-syscalls\nnative_namespace_types_verified=103\noracle_identity_encoding=structural-entry-recipes-v1\noracle_scope=independent-delta-and-witnesses;complete-native-namespace;certified-unchanged-content-roots-checked-by-host\nreference_assurance=independent_current_content\nselected_independent_oracle_identity=ce27c8f4ff70342863149c19d22381b5534d1cd52ac29c397dfa3fce85f38646\nselected_metadata_paths_verified=103\nselected_regular_bytes_verified=105906176\nselected_regular_paths_verified=101\nskipped_untouched_metadata_paths=0\nskipped_untouched_regular_bodies=0\nuncertified_regular_paths_checked=101\nverification_status=fast_iteration_verified\nwitness_paths_declared=0\n"",""step"":1}]}",
dedup_cdc_locality,dedup-cdc-common-body-500,PASS,17.835566584020853,1bedaeaa3d564286b8ff6a77365d3d7b144a6dc97e236466fa7066826a6acd19,3c797bc6dbfd9b03b919c270b609cad839000b68d67e34f3b00d24717e07f39a,fe020a00655a7e58a0eb17e674cb53eb22703b5f75208ec8a83e33b2e52f34e9,sha256:9975b10f41d41af17ec0cdd625d587d67f618db475d9390e3c1fe1a31fbe0865,verification/dedup_cdc_locality/dedup-cdc-common-body-500/verification.json.gz,"[""no exhaustive Phase 1 replay""]",[],"{""type"":""sampled-content"",""summary"":""changed data and selected unchanged witnesses; qualified roots"",""details"":[{""kind"":""fast-canonical-verification"",""receipt"":""{\""actual_read_logical_bytes\"": \""525336576\"", \""actual_read_regular_paths\"": \""501\"", \""authenticated_global_inodes\"": \""503\"", \""authenticated_namespace_paths\"": \""503\"", \""canonical_root\"": \""bce79a6f2d6130e269d4413839b6feebb834ea48878da2128a48629efcf6c971\"", \""certificate_binding\"": \""e75069d8376677f234eb360c24a85f24216fae1d61c01f39db34aa8b4fb80be9\"", \""covered_regular_paths\"": \""0\"", \""extent_assurance\"": \""selected-current-reads-and-certified-unchanged-root-references\"", \""full_canonical_census_performed\"": \""false\"", \""fully_verified\"": \""false\"", \""has_reused_reference\"": \""false\"", \""reference_assurance\"": \""independent_current_content\"", \""reference_native_readback\"": \""false\"", \""reference_root_scope\"": \""none\"", \""scope\"": \""full current namespace/global inode/metadata/aliases; selected changed+witness bytes; unchanged file-state/extent/payload subgraph references certified, those current subgraph bytes not read\"", \""skipped_current_store_logical_bytes\"": \""0\"", \""skipped_current_store_regular_paths\"": \""0\"", \""verification_profile\"": \""fast-verify-v2\"", \""verification_status\"": \""fast_iteration_verified\""}"",""step"":1},{""coverage_sha256"":""e3b0c44298fc1c149afbf4c8996fb92427ae41e4649b934ca495991b7852b855"",""kind"":""fast-native-verification"",""receipt"":""absent_paths_verified=0\ncertificate_binding=e75069d8376677f234eb360c24a85f24216fae1d61c01f39db34aa8b4fb80be9\nchanged_paths_declared=503\ncovered_paths_sha256=e3b0c44298fc1c149afbf4c8996fb92427ae41e4649b934ca495991b7852b855\nfast_witness_profile=native-fast-witness-v2:first-middle-last-seeded-per-namespace-length-depth-class;declared-read-targets\nfully_verified=false\nlogical_bytes=525336576\nnative_namespace_paths_verified=503\nnative_namespace_type_source=DirEntry::file_type;platform-metadata-fallback-permitted;skipped-counts-describe-unperformed-checks-not-syscalls\nnative_namespace_types_verified=503\noracle_identity_encoding=structural-entry-recipes-v1\noracle_scope=independent-delta-and-witnesses;complete-native-namespace;certified-unchanged-content-roots-checked-by-host\nreference_assurance=independent_current_content\nselected_independent_oracle_identity=e9d7eea6c4d877018e61a488bf7d5f141102d7b8df797fdefc43c22610bc9620\nselected_metadata_paths_verified=503\nselected_regular_bytes_verified=525336576\nselected_regular_paths_verified=501\nskipped_untouched_metadata_paths=0\nskipped_untouched_regular_bodies=0\nuncertified_regular_paths_checked=501\nverification_status=fast_iteration_verified\nwitness_paths_declared=0\n"",""step"":1}]}",
dedup_cdc_locality,dedup-cdc-scattered-1,PASS,1.7866018330678344,1bedaeaa3d564286b8ff6a77365d3d7b144a6dc97e236466fa7066826a6acd19,3c797bc6dbfd9b03b919c270b609cad839000b68d67e34f3b00d24717e07f39a,ebe92493cb5269d14f117b4f22bdb232a80664996602e1023518dda1f86d8f20,sha256:9975b10f41d41af17ec0cdd625d587d67f618db475d9390e3c1fe1a31fbe0865,verification/dedup_cdc_locality/dedup-cdc-scattered-1/verification.json,"[""no exhaustive Phase 1 replay""]",[],"{""type"":""sampled-content"",""summary"":""changed data and selected unchanged witnesses; qualified roots"",""details"":[{""kind"":""fast-canonical-verification"",""receipt"":""{\""actual_read_logical_bytes\"": \""2097152\"", \""actual_read_regular_paths\"": \""2\"", \""authenticated_global_inodes\"": \""4\"", \""authenticated_namespace_paths\"": \""4\"", \""canonical_root\"": \""a936421ba6b22ea6bef9167d762b42d8fa5f01cd5f36f8c155fe5548a608e1dd\"", \""certificate_binding\"": \""94fbb44ffcd1e5c4ff5d80a1ab47b3a5d0aa22a4a828d9a0d66c3a695dc0408e\"", \""covered_regular_paths\"": \""0\"", \""extent_assurance\"": \""selected-current-reads-and-certified-unchanged-root-references\"", \""full_canonical_census_performed\"": \""false\"", \""fully_verified\"": \""false\"", \""has_reused_reference\"": \""false\"", \""reference_assurance\"": \""independent_current_content\"", \""reference_native_readback\"": \""false\"", \""reference_root_scope\"": \""none\"", \""scope\"": \""full current namespace/global inode/metadata/aliases; selected changed+witness bytes; unchanged file-state/extent/payload subgraph references certified, those current subgraph bytes not read\"", \""skipped_current_store_logical_bytes\"": \""0\"", \""skipped_current_store_regular_paths\"": \""0\"", \""verification_profile\"": \""fast-verify-v2\"", \""verification_status\"": \""fast_iteration_verified\""}"",""step"":1},{""coverage_sha256"":""e3b0c44298fc1c149afbf4c8996fb92427ae41e4649b934ca495991b7852b855"",""kind"":""fast-native-verification"",""receipt"":""absent_paths_verified=0\ncertificate_binding=94fbb44ffcd1e5c4ff5d80a1ab47b3a5d0aa22a4a828d9a0d66c3a695dc0408e\nchanged_paths_declared=4\ncovered_paths_sha256=e3b0c44298fc1c149afbf4c8996fb92427ae41e4649b934ca495991b7852b855\nfast_witness_profile=native-fast-witness-v2:first-middle-last-seeded-per-namespace-length-depth-class;declared-read-targets\nfully_verified=false\nlogical_bytes=2097152\nnative_namespace_paths_verified=4\nnative_namespace_type_source=DirEntry::file_type;platform-metadata-fallback-permitted;skipped-counts-describe-unperformed-checks-not-syscalls\nnative_namespace_types_verified=4\noracle_identity_encoding=structural-entry-recipes-v1\noracle_scope=independent-delta-and-witnesses;complete-native-namespace;certified-unchanged-content-roots-checked-by-host\nreference_assurance=independent_current_content\nselected_independent_oracle_identity=4c4bd64721b0b84d8ab1792b895e224b42b846042aa4e55912b32b614d732fc6\nselected_metadata_paths_verified=4\nselected_regular_bytes_verified=2097152\nselected_regular_paths_verified=2\nskipped_untouched_metadata_paths=0\nskipped_untouched_regular_bodies=0\nuncertified_regular_paths_checked=2\nverification_status=fast_iteration_verified\nwitness_paths_declared=0\n"",""step"":1}]}",
dedup_cdc_locality,dedup-cdc-scattered-10,PASS,2.0293574589304626,1bedaeaa3d564286b8ff6a77365d3d7b144a6dc97e236466fa7066826a6acd19,3c797bc6dbfd9b03b919c270b609cad839000b68d67e34f3b00d24717e07f39a,526ecb3e85a743b44eaf89475f8e7ee6938fc20e9825d34f744d1953704dc455,sha256:9975b10f41d41af17ec0cdd625d587d67f618db475d9390e3c1fe1a31fbe0865,verification/dedup_cdc_locality/dedup-cdc-scattered-10/verification.json,"[""no exhaustive Phase 1 replay""]",[],"{""type"":""sampled-content"",""summary"":""changed data and selected unchanged witnesses; qualified roots"",""details"":[{""kind"":""fast-canonical-verification"",""receipt"":""{\""actual_read_logical_bytes\"": \""11534336\"", \""actual_read_regular_paths\"": \""11\"", \""authenticated_global_inodes\"": \""13\"", \""authenticated_namespace_paths\"": \""13\"", \""canonical_root\"": \""5d79a9c2f564ac5d2e6f751eb7aec26a94d161a608580062816e4da84bc69a70\"", \""certificate_binding\"": \""e39519eadf22fc40a5e0aa9ca1c3d566582ea5a65507885690d4cea2c298618f\"", \""covered_regular_paths\"": \""0\"", \""extent_assurance\"": \""selected-current-reads-and-certified-unchanged-root-references\"", \""full_canonical_census_performed\"": \""false\"", \""fully_verified\"": \""false\"", \""has_reused_reference\"": \""false\"", \""reference_assurance\"": \""independent_current_content\"", \""reference_native_readback\"": \""false\"", \""reference_root_scope\"": \""none\"", \""scope\"": \""full current namespace/global inode/metadata/aliases; selected changed+witness bytes; unchanged file-state/extent/payload subgraph references certified, those current subgraph bytes not read\"", \""skipped_current_store_logical_bytes\"": \""0\"", \""skipped_current_store_regular_paths\"": \""0\"", \""verification_profile\"": \""fast-verify-v2\"", \""verification_status\"": \""fast_iteration_verified\""}"",""step"":1},{""coverage_sha256"":""e3b0c44298fc1c149afbf4c8996fb92427ae41e4649b934ca495991b7852b855"",""kind"":""fast-native-verification"",""receipt"":""absent_paths_verified=0\ncertificate_binding=e39519eadf22fc40a5e0aa9ca1c3d566582ea5a65507885690d4cea2c298618f\nchanged_paths_declared=13\ncovered_paths_sha256=e3b0c44298fc1c149afbf4c8996fb92427ae41e4649b934ca495991b7852b855\nfast_witness_profile=native-fast-witness-v2:first-middle-last-seeded-per-namespace-length-depth-class;declared-read-targets\nfully_verified=false\nlogical_bytes=11534336\nnative_namespace_paths_verified=13\nnative_namespace_type_source=DirEntry::file_type;platform-metadata-fallback-permitted;skipped-counts-describe-unperformed-checks-not-syscalls\nnative_namespace_types_verified=13\noracle_identity_encoding=structural-entry-recipes-v1\noracle_scope=independent-delta-and-witnesses;complete-native-namespace;certified-unchanged-content-roots-checked-by-host\nreference_assurance=independent_current_content\nselected_independent_oracle_identity=4f88b512a85bf7b7fae5bd313aa5dfb36466d014c062a9126cf777af0ac59664\nselected_metadata_paths_verified=13\nselected_regular_bytes_verified=11534336\nselected_regular_paths_verified=11\nskipped_untouched_metadata_paths=0\nskipped_untouched_regular_bodies=0\nuncertified_regular_paths_checked=11\nverification_status=fast_iteration_verified\nwitness_paths_declared=0\n"",""step"":1}]}",
dedup_cdc_locality,dedup-cdc-scattered-100,PASS,5.280157791916281,1bedaeaa3d564286b8ff6a77365d3d7b144a6dc97e236466fa7066826a6acd19,3c797bc6dbfd9b03b919c270b609cad839000b68d67e34f3b00d24717e07f39a,3e2f4e5f7d9c77cfafcf6915903d9c32ba203aa0acfe0aedf4cabfc39b85fb4e,sha256:9975b10f41d41af17ec0cdd625d587d67f618db475d9390e3c1fe1a31fbe0865,verification/dedup_cdc_locality/dedup-cdc-scattered-100/verification.json,"[""no exhaustive Phase 1 replay""]",[],"{""type"":""sampled-content"",""summary"":""changed data and selected unchanged witnesses; qualified roots"",""details"":[{""kind"":""fast-canonical-verification"",""receipt"":""{\""actual_read_logical_bytes\"": \""105906176\"", \""actual_read_regular_paths\"": \""101\"", \""authenticated_global_inodes\"": \""103\"", \""authenticated_namespace_paths\"": \""103\"", \""canonical_root\"": \""438c3d7c77f8f2328f19b5a5e4f33a161be284ea88861253129eac3c593238d5\"", \""certificate_binding\"": \""ace655aae2dfaf627b70f9d50626863cbb258a1c50124b3bbe41e8de358a750b\"", \""covered_regular_paths\"": \""0\"", \""extent_assurance\"": \""selected-current-reads-and-certified-unchanged-root-references\"", \""full_canonical_census_performed\"": \""false\"", \""fully_verified\"": \""false\"", \""has_reused_reference\"": \""false\"", \""reference_assurance\"": \""independent_current_content\"", \""reference_native_readback\"": \""false\"", \""reference_root_scope\"": \""none\"", \""scope\"": \""full current namespace/global inode/metadata/aliases; selected changed+witness bytes; unchanged file-state/extent/payload subgraph references certified, those current subgraph bytes not read\"", \""skipped_current_store_logical_bytes\"": \""0\"", \""skipped_current_store_regular_paths\"": \""0\"", \""verification_profile\"": \""fast-verify-v2\"", \""verification_status\"": \""fast_iteration_verified\""}"",""step"":1},{""coverage_sha256"":""e3b0c44298fc1c149afbf4c8996fb92427ae41e4649b934ca495991b7852b855"",""kind"":""fast-native-verification"",""receipt"":""absent_paths_verified=0\ncertificate_binding=ace655aae2dfaf627b70f9d50626863cbb258a1c50124b3bbe41e8de358a750b\nchanged_paths_declared=103\ncovered_paths_sha256=e3b0c44298fc1c149afbf4c8996fb92427ae41e4649b934ca495991b7852b855\nfast_witness_profile=native-fast-witness-v2:first-middle-last-seeded-per-namespace-length-depth-class;declared-read-targets\nfully_verified=false\nlogical_bytes=105906176\nnative_namespace_paths_verified=103\nnative_namespace_type_source=DirEntry::file_type;platform-metadata-fallback-permitted;skipped-counts-describe-unperformed-checks-not-syscalls\nnative_namespace_types_verified=103\noracle_identity_encoding=structural-entry-recipes-v1\noracle_scope=independent-delta-and-witnesses;complete-native-namespace;certified-unchanged-content-roots-checked-by-host\nreference_assurance=independent_current_content\nselected_independent_oracle_identity=371e85bc5e6cdbddb681c0d32fe02d68ed6563c06bdb7069a61c2bd7fee56790\nselected_metadata_paths_verified=103\nselected_regular_bytes_verified=105906176\nselected_regular_paths_verified=101\nskipped_untouched_metadata_paths=0\nskipped_untouched_regular_bodies=0\nuncertified_regular_paths_checked=101\nverification_status=fast_iteration_verified\nwitness_paths_declared=0\n"",""step"":1}]}",
dedup_cdc_locality,dedup-cdc-scattered-500,PASS,19.78213316621259,1bedaeaa3d564286b8ff6a77365d3d7b144a6dc97e236466fa7066826a6acd19,3c797bc6dbfd9b03b919c270b609cad839000b68d67e34f3b00d24717e07f39a,6e44d3b546f43baa3676e2f9c177384a4e6e0b594a5bec4ba241c043124fcf69,sha256:9975b10f41d41af17ec0cdd625d587d67f618db475d9390e3c1fe1a31fbe0865,verification/dedup_cdc_locality/dedup-cdc-scattered-500/verification.json.gz,"[""no exhaustive Phase 1 replay""]",[],"{""type"":""sampled-content"",""summary"":""changed data and selected unchanged witnesses; qualified roots"",""details"":[{""kind"":""fast-canonical-verification"",""receipt"":""{\""actual_read_logical_bytes\"": \""525336576\"", \""actual_read_regular_paths\"": \""501\"", \""authenticated_global_inodes\"": \""503\"", \""authenticated_namespace_paths\"": \""503\"", \""canonical_root\"": \""7ecd0488a4f258487414c0c4c4ef83b80fefd2fe5d5f03c950296e339e3ab0ef\"", \""certificate_binding\"": \""6d3ea7843d41a3bc5dca0113f7f650ef713cf84e906d8d4430715210f385f130\"", \""covered_regular_paths\"": \""0\"", \""extent_assurance\"": \""selected-current-reads-and-certified-unchanged-root-references\"", \""full_canonical_census_performed\"": \""false\"", \""fully_verified\"": \""false\"", \""has_reused_reference\"": \""false\"", \""reference_assurance\"": \""independent_current_content\"", \""reference_native_readback\"": \""false\"", \""reference_root_scope\"": \""none\"", \""scope\"": \""full current namespace/global inode/metadata/aliases; selected changed+witness bytes; unchanged file-state/extent/payload subgraph references certified, those current subgraph bytes not read\"", \""skipped_current_store_logical_bytes\"": \""0\"", \""skipped_current_store_regular_paths\"": \""0\"", \""verification_profile\"": \""fast-verify-v2\"", \""verification_status\"": \""fast_iteration_verified\""}"",""step"":1},{""coverage_sha256"":""e3b0c44298fc1c149afbf4c8996fb92427ae41e4649b934ca495991b7852b855"",""kind"":""fast-native-verification"",""receipt"":""absent_paths_verified=0\ncertificate_binding=6d3ea7843d41a3bc5dca0113f7f650ef713cf84e906d8d4430715210f385f130\nchanged_paths_declared=503\ncovered_paths_sha256=e3b0c44298fc1c149afbf4c8996fb92427ae41e4649b934ca495991b7852b855\nfast_witness_profile=native-fast-witness-v2:first-middle-last-seeded-per-namespace-length-depth-class;declared-read-targets\nfully_verified=false\nlogical_bytes=525336576\nnative_namespace_paths_verified=503\nnative_namespace_type_source=DirEntry::file_type;platform-metadata-fallback-permitted;skipped-counts-describe-unperformed-checks-not-syscalls\nnative_namespace_types_verified=503\noracle_identity_encoding=structural-entry-recipes-v1\noracle_scope=independent-delta-and-witnesses;complete-native-namespace;certified-unchanged-content-roots-checked-by-host\nreference_assurance=independent_current_content\nselected_independent_oracle_identity=d50d16723b1d3ca89ba4892fd5a27748d3ea76abb2f7cf4d68bb0565c0ac6567\nselected_metadata_paths_verified=503\nselected_regular_bytes_verified=525336576\nselected_regular_paths_verified=501\nskipped_untouched_metadata_paths=0\nskipped_untouched_regular_bodies=0\nuncertified_regular_paths_checked=501\nverification_status=fast_iteration_verified\nwitness_paths_declared=0\n"",""step"":1}]}",
dedup_cdc_locality,dedup-cdc-boundaries-proof,PASS,1.5558000826276839,1bedaeaa3d564286b8ff6a77365d3d7b144a6dc97e236466fa7066826a6acd19,3c797bc6dbfd9b03b919c270b609cad839000b68d67e34f3b00d24717e07f39a,e909cc6dfcde3f09b7a201b5b16a2ea24b1707caea7206bb587685d1d7db0ceb,sha256:9975b10f41d41af17ec0cdd625d587d67f618db475d9390e3c1fe1a31fbe0865,verification/dedup_cdc_locality/dedup-cdc-boundaries-proof/verification.json,"[""no exhaustive Phase 1 replay""]",[],"{""type"":""registered-proof"",""summary"":""registered verification; detailed checks in receipt""}",
edit_length_preserving,overwrite-head-4k-on-1mib-ops-1,PASS,1.4951769169420004,7a2e978b0f9b817600ff15a5e63e920d21494a43361ec103bb7a0e66cfe4e256,3c797bc6dbfd9b03b919c270b609cad839000b68d67e34f3b00d24717e07f39a,deb067e79a31a7b9fe0174f304594495182244c46562cc17cc72239c6aa91133,sha256:9975b10f41d41af17ec0cdd625d587d67f618db475d9390e3c1fe1a31fbe0865,requalification-sdk-v2-final/verification/edit_length_preserving/overwrite-head-4k-on-1mib-ops-1/verification.json,"[""no exhaustive Phase 1 replay""]",[],"{""type"":""bounded-content"",""summary"":""bounded bytes; payload.bin [0, 69632)"",""path"":""payload.bin"",""start"":0,""end"":69632,""schema"":""fs-bench-pro-sdk-edit-verification-v1-checkpoint-cold-v2"",""cache_scope"":""cold-before-sdk; post-commit FUSE read"",""profile"":""canonical-roots-and-boundaries-v1"",""omissions"":[""full-file byte replay"",""omitted; canonical inode preservation checked""]}",
edit_length_preserving,overwrite-head-4k-on-10mib-ops-1,PASS,1.680199374910444,7a2e978b0f9b817600ff15a5e63e920d21494a43361ec103bb7a0e66cfe4e256,3c797bc6dbfd9b03b919c270b609cad839000b68d67e34f3b00d24717e07f39a,8f853979c1d3066a67a97d69334f0d031ff368fb7a06d2222a3702cfdc389935,sha256:9975b10f41d41af17ec0cdd625d587d67f618db475d9390e3c1fe1a31fbe0865,requalification-sdk-v2-final/verification/edit_length_preserving/overwrite-head-4k-on-10mib-ops-1/verification.json,"[""no exhaustive Phase 1 replay""]",[],"{""type"":""bounded-content"",""summary"":""bounded bytes; payload.bin [0, 69632)"",""path"":""payload.bin"",""start"":0,""end"":69632,""schema"":""fs-bench-pro-sdk-edit-verification-v1-checkpoint-cold-v2"",""cache_scope"":""cold-before-sdk; post-commit FUSE read"",""profile"":""canonical-roots-and-boundaries-v1"",""omissions"":[""full-file byte replay"",""omitted; canonical inode preservation checked""]}",
edit_length_preserving,overwrite-head-4k-on-100mib-ops-1,PASS,2.1902561662718654,7a2e978b0f9b817600ff15a5e63e920d21494a43361ec103bb7a0e66cfe4e256,3c797bc6dbfd9b03b919c270b609cad839000b68d67e34f3b00d24717e07f39a,97c87a0a1cb2d9a8ea86fe319e378459ca25f2804506e11f56a02e0642a6c830,sha256:9975b10f41d41af17ec0cdd625d587d67f618db475d9390e3c1fe1a31fbe0865,requalification-sdk-v2-final/verification/edit_length_preserving/overwrite-head-4k-on-100mib-ops-1/verification.json,"[""no exhaustive Phase 1 replay""]",[],"{""type"":""bounded-content"",""summary"":""bounded bytes; payload.bin [0, 69632)"",""path"":""payload.bin"",""start"":0,""end"":69632,""schema"":""fs-bench-pro-sdk-edit-verification-v1-checkpoint-cold-v2"",""cache_scope"":""cold-before-sdk; post-commit FUSE read"",""profile"":""canonical-roots-and-boundaries-v1"",""omissions"":[""full-file byte replay"",""omitted; canonical inode preservation checked""]}",
edit_length_preserving,overwrite-head-4k-on-500mib-ops-1,PASS,4.238654165994376,7a2e978b0f9b817600ff15a5e63e920d21494a43361ec103bb7a0e66cfe4e256,3c797bc6dbfd9b03b919c270b609cad839000b68d67e34f3b00d24717e07f39a,a6766986485491e202a90b29e5fc303a3a7a1016acd2a69739927a7fe8257fa0,sha256:9975b10f41d41af17ec0cdd625d587d67f618db475d9390e3c1fe1a31fbe0865,requalification-sdk-v2-final/verification/edit_length_preserving/overwrite-head-4k-on-500mib-ops-1/verification.json,"[""no exhaustive Phase 1 replay""]",[],"{""type"":""bounded-content"",""summary"":""bounded bytes; payload.bin [0, 69632)"",""path"":""payload.bin"",""start"":0,""end"":69632,""schema"":""fs-bench-pro-sdk-edit-verification-v1-checkpoint-cold-v2"",""cache_scope"":""cold-before-sdk; post-commit FUSE read"",""profile"":""canonical-roots-and-boundaries-v1"",""omissions"":[""full-file byte replay"",""omitted; canonical inode preservation checked""]}",
edit_length_preserving,overwrite-middle-4k-on-1mib-ops-1,PASS,1.535062207840383,7a2e978b0f9b817600ff15a5e63e920d21494a43361ec103bb7a0e66cfe4e256,3c797bc6dbfd9b03b919c270b609cad839000b68d67e34f3b00d24717e07f39a,18007a4299bf532abec20d24fa85750a547802788fb2fde381fb8739df60b3a8,sha256:9975b10f41d41af17ec0cdd625d587d67f618db475d9390e3c1fe1a31fbe0865,requalification-sdk-v2-final/verification/edit_length_preserving/overwrite-middle-4k-on-1mib-ops-1/verification.json,"[""no exhaustive Phase 1 replay""]",[],"{""type"":""bounded-content"",""summary"":""bounded bytes; payload.bin [456704, 591872)"",""path"":""payload.bin"",""start"":456704,""end"":591872,""schema"":""fs-bench-pro-sdk-edit-verification-v1-checkpoint-cold-v2"",""cache_scope"":""cold-before-sdk; post-commit FUSE read"",""profile"":""canonical-roots-and-boundaries-v1"",""omissions"":[""full-file byte replay"",""omitted; canonical inode preservation checked""]}",
edit_length_preserving,overwrite-middle-4k-on-10mib-ops-1,PASS,1.578351958654821,7a2e978b0f9b817600ff15a5e63e920d21494a43361ec103bb7a0e66cfe4e256,3c797bc6dbfd9b03b919c270b609cad839000b68d67e34f3b00d24717e07f39a,9a41fc80085349ac5491b914ff75ee66cecf3977837ed6d7796d03da9b83b376,sha256:9975b10f41d41af17ec0cdd625d587d67f618db475d9390e3c1fe1a31fbe0865,requalification-sdk-v2-final/verification/edit_length_preserving/overwrite-middle-4k-on-10mib-ops-1/verification.json,"[""no exhaustive Phase 1 replay""]",[],"{""type"":""bounded-content"",""summary"":""bounded bytes; payload.bin [5175296, 5310464)"",""path"":""payload.bin"",""start"":5175296,""end"":5310464,""schema"":""fs-bench-pro-sdk-edit-verification-v1-checkpoint-cold-v2"",""cache_scope"":""cold-before-sdk; post-commit FUSE read"",""profile"":""canonical-roots-and-boundaries-v1"",""omissions"":[""full-file byte replay"",""omitted; canonical inode preservation checked""]}",
edit_length_preserving,overwrite-middle-4k-on-100mib-ops-1,PASS,2.168165291659534,7a2e978b0f9b817600ff15a5e63e920d21494a43361ec103bb7a0e66cfe4e256,3c797bc6dbfd9b03b919c270b609cad839000b68d67e34f3b00d24717e07f39a,fcc53909811add4a1572060058bacdaca23cee9e2f2a493f3c66a80c8bc55fbc,sha256:9975b10f41d41af17ec0cdd625d587d67f618db475d9390e3c1fe1a31fbe0865,requalification-sdk-v2-final/verification/edit_length_preserving/overwrite-middle-4k-on-100mib-ops-1/verification.json,"[""no exhaustive Phase 1 replay""]",[],"{""type"":""bounded-content"",""summary"":""bounded bytes; payload.bin [52361216, 52496384)"",""path"":""payload.bin"",""start"":52361216,""end"":52496384,""schema"":""fs-bench-pro-sdk-edit-verification-v1-checkpoint-cold-v2"",""cache_scope"":""cold-before-sdk; post-commit FUSE read"",""profile"":""canonical-roots-and-boundaries-v1"",""omissions"":[""full-file byte replay"",""omitted; canonical inode preservation checked""]}",
edit_length_preserving,overwrite-middle-4k-on-500mib-ops-1,PASS,4.10351675003767,7a2e978b0f9b817600ff15a5e63e920d21494a43361ec103bb7a0e66cfe4e256,3c797bc6dbfd9b03b919c270b609cad839000b68d67e34f3b00d24717e07f39a,bc53bc26b7cd9913ae04efb40f227b7ae9b46fdf7e5c74d8fcd0f4733af8a25a,sha256:9975b10f41d41af17ec0cdd625d587d67f618db475d9390e3c1fe1a31fbe0865,requalification-sdk-v2-final/verification/edit_length_preserving/overwrite-middle-4k-on-500mib-ops-1/verification.json,"[""no exhaustive Phase 1 replay""]",[],"{""type"":""bounded-content"",""summary"":""bounded bytes; payload.bin [262076416, 262211584)"",""path"":""payload.bin"",""start"":262076416,""end"":262211584,""schema"":""fs-bench-pro-sdk-edit-verification-v1-checkpoint-cold-v2"",""cache_scope"":""cold-before-sdk; post-commit FUSE read"",""profile"":""canonical-roots-and-boundaries-v1"",""omissions"":[""full-file byte replay"",""omitted; canonical inode preservation checked""]}",
edit_length_preserving,overwrite-tail-4k-on-1mib-ops-1,PASS,1.5903436252847314,7a2e978b0f9b817600ff15a5e63e920d21494a43361ec103bb7a0e66cfe4e256,3c797bc6dbfd9b03b919c270b609cad839000b68d67e34f3b00d24717e07f39a,08d5dea7be9abe124012cad1a6e86b51abd31029a82a16a00a459492955cf9d6,sha256:9975b10f41d41af17ec0cdd625d587d67f618db475d9390e3c1fe1a31fbe0865,requalification-sdk-v2-final/verification/edit_length_preserving/overwrite-tail-4k-on-1mib-ops-1/verification.json,"[""no exhaustive Phase 1 replay""]",[],"{""type"":""bounded-content"",""summary"":""bounded bytes; payload.bin [978944, 1048576)"",""path"":""payload.bin"",""start"":978944,""end"":1048576,""schema"":""fs-bench-pro-sdk-edit-verification-v1-checkpoint-cold-v2"",""cache_scope"":""cold-before-sdk; post-commit FUSE read"",""profile"":""canonical-roots-and-boundaries-v1"",""omissions"":[""full-file byte replay"",""omitted; canonical inode preservation checked""]}",
edit_length_preserving,overwrite-tail-4k-on-10mib-ops-1,PASS,1.533842083066702,7a2e978b0f9b817600ff15a5e63e920d21494a43361ec103bb7a0e66cfe4e256,3c797bc6dbfd9b03b919c270b609cad839000b68d67e34f3b00d24717e07f39a,342c916697a79be854b874147a5ee0bd5f18e5481b03a415fc92e051bb3fb7d8,sha256:9975b10f41d41af17ec0cdd625d587d67f618db475d9390e3c1fe1a31fbe0865,requalification-sdk-v2-final/verification/edit_length_preserving/overwrite-tail-4k-on-10mib-ops-1/verification.json,"[""no exhaustive Phase 1 replay""]",[],"{""type"":""bounded-content"",""summary"":""bounded bytes; payload.bin [10416128, 10485760)"",""path"":""payload.bin"",""start"":10416128,""end"":10485760,""schema"":""fs-bench-pro-sdk-edit-verification-v1-checkpoint-cold-v2"",""cache_scope"":""cold-before-sdk; post-commit FUSE read"",""profile"":""canonical-roots-and-boundaries-v1"",""omissions"":[""full-file byte replay"",""omitted; canonical inode preservation checked""]}",
edit_length_preserving,overwrite-tail-4k-on-100mib-ops-1,PASS,2.036649541929364,7a2e978b0f9b817600ff15a5e63e920d21494a43361ec103bb7a0e66cfe4e256,3c797bc6dbfd9b03b919c270b609cad839000b68d67e34f3b00d24717e07f39a,bc264bee73d923e75cdc4a462a5f4fcdb156fe64f60c312ac2fd46078d034123,sha256:9975b10f41d41af17ec0cdd625d587d67f618db475d9390e3c1fe1a31fbe0865,requalification-sdk-v2-final/verification/edit_length_preserving/overwrite-tail-4k-on-100mib-ops-1/verification.json,"[""no exhaustive Phase 1 replay""]",[],"{""type"":""bounded-content"",""summary"":""bounded bytes; payload.bin [104787968, 104857600)"",""path"":""payload.bin"",""start"":104787968,""end"":104857600,""schema"":""fs-bench-pro-sdk-edit-verification-v1-checkpoint-cold-v2"",""cache_scope"":""cold-before-sdk; post-commit FUSE read"",""profile"":""canonical-roots-and-boundaries-v1"",""omissions"":[""full-file byte replay"",""omitted; canonical inode preservation checked""]}",
edit_length_preserving,overwrite-tail-4k-on-500mib-ops-1,PASS,4.209581875242293,7a2e978b0f9b817600ff15a5e63e920d21494a43361ec103bb7a0e66cfe4e256,3c797bc6dbfd9b03b919c270b609cad839000b68d67e34f3b00d24717e07f39a,120f456ce6f28cd120fb64d72e0a4bb65e2ac9a8b783a954dcdddc429d9decd2,sha256:9975b10f41d41af17ec0cdd625d587d67f618db475d9390e3c1fe1a31fbe0865,requalification-sdk-v2-final/verification/edit_length_preserving/overwrite-tail-4k-on-500mib-ops-1/verification.json,"[""no exhaustive Phase 1 replay""]",[],"{""type"":""bounded-content"",""summary"":""bounded bytes; payload.bin [524218368, 524288000)"",""path"":""payload.bin"",""start"":524218368,""end"":524288000,""schema"":""fs-bench-pro-sdk-edit-verification-v1-checkpoint-cold-v2"",""cache_scope"":""cold-before-sdk; post-commit FUSE read"",""profile"":""canonical-roots-and-boundaries-v1"",""omissions"":[""full-file byte replay"",""omitted; canonical inode preservation checked""]}",
edit_length_changing,insert-middle-4k-on-1mib-ops-1,PASS,1.6506410418078303,7a2e978b0f9b817600ff15a5e63e920d21494a43361ec103bb7a0e66cfe4e256,3c797bc6dbfd9b03b919c270b609cad839000b68d67e34f3b00d24717e07f39a,73dfd0a389320841a898708255952b3be6b858af31aef495c544353ddbadd397,sha256:9975b10f41d41af17ec0cdd625d587d67f618db475d9390e3c1fe1a31fbe0865,requalification-sdk-v2-final/verification/edit_length_changing/insert-middle-4k-on-1mib-ops-1/verification.json,"[""no exhaustive Phase 1 replay""]",[],"{""type"":""bounded-content"",""summary"":""bounded bytes; payload.bin [458752, 593920)"",""path"":""payload.bin"",""start"":458752,""end"":593920,""schema"":""fs-bench-pro-sdk-edit-verification-v1-checkpoint-cold-v2"",""cache_scope"":""cold-before-sdk; post-commit FUSE read"",""profile"":""canonical-roots-and-boundaries-v1"",""omissions"":[""full-file byte replay"",""omitted; canonical inode preservation checked""]}",
edit_length_changing,insert-middle-4k-on-10mib-ops-1,PASS,1.7209854167886078,7a2e978b0f9b817600ff15a5e63e920d21494a43361ec103bb7a0e66cfe4e256,3c797bc6dbfd9b03b919c270b609cad839000b68d67e34f3b00d24717e07f39a,52c3f3ae06dcb81f8f2bd46be5051ac3c1df40cf6fc75d7c3e8784b0202cf989,sha256:9975b10f41d41af17ec0cdd625d587d67f618db475d9390e3c1fe1a31fbe0865,requalification-sdk-v2-final/verification/edit_length_changing/insert-middle-4k-on-10mib-ops-1/verification.json,"[""no exhaustive Phase 1 replay""]",[],"{""type"":""bounded-content"",""summary"":""bounded bytes; payload.bin [5177344, 5312512)"",""path"":""payload.bin"",""start"":5177344,""end"":5312512,""schema"":""fs-bench-pro-sdk-edit-verification-v1-checkpoint-cold-v2"",""cache_scope"":""cold-before-sdk; post-commit FUSE read"",""profile"":""canonical-roots-and-boundaries-v1"",""omissions"":[""full-file byte replay"",""omitted; canonical inode preservation checked""]}",
edit_length_changing,insert-middle-4k-on-100mib-ops-1,PASS,2.1841747919097543,7a2e978b0f9b817600ff15a5e63e920d21494a43361ec103bb7a0e66cfe4e256,3c797bc6dbfd9b03b919c270b609cad839000b68d67e34f3b00d24717e07f39a,36734a27910af6e9567bc4d1ade177edff64692efa4d074bc8735941d7d648e7,sha256:9975b10f41d41af17ec0cdd625d587d67f618db475d9390e3c1fe1a31fbe0865,requalification-sdk-v2-final/verification/edit_length_changing/insert-middle-4k-on-100mib-ops-1/verification.json,"[""no exhaustive Phase 1 replay""]",[],"{""type"":""bounded-content"",""summary"":""bounded bytes; payload.bin [52363264, 52498432)"",""path"":""payload.bin"",""start"":52363264,""end"":52498432,""schema"":""fs-bench-pro-sdk-edit-verification-v1-checkpoint-cold-v2"",""cache_scope"":""cold-before-sdk; post-commit FUSE read"",""profile"":""canonical-roots-and-boundaries-v1"",""omissions"":[""full-file byte replay"",""omitted; canonical inode preservation checked""]}",
edit_length_changing,insert-middle-4k-on-500mib-result-capped-v2-ops-1,PASS,3.872016207780689,7a2e978b0f9b817600ff15a5e63e920d21494a43361ec103bb7a0e66cfe4e256,3c797bc6dbfd9b03b919c270b609cad839000b68d67e34f3b00d24717e07f39a,9beee4b93cc10020e99d36adc206da3f4cb73e15ff9ae5b6772043f9a6f97940,sha256:9975b10f41d41af17ec0cdd625d587d67f618db475d9390e3c1fe1a31fbe0865,requalification-sdk-v2-final/verification/edit_length_changing/insert-middle-4k-on-500mib-result-capped-v2-ops-1/verification.json,"[""no exhaustive Phase 1 replay""]",[],"{""type"":""bounded-content"",""summary"":""bounded bytes; payload.bin [262076416, 262211584)"",""path"":""payload.bin"",""start"":262076416,""end"":262211584,""schema"":""fs-bench-pro-sdk-edit-verification-v1-checkpoint-cold-v2"",""cache_scope"":""cold-before-sdk; post-commit FUSE read"",""profile"":""canonical-roots-and-boundaries-v1"",""omissions"":[""full-file byte replay"",""omitted; canonical inode preservation checked""]}",
edit_length_changing,delete-middle-4k-on-1mib-ops-1,PASS,1.6392752500250936,7a2e978b0f9b817600ff15a5e63e920d21494a43361ec103bb7a0e66cfe4e256,3c797bc6dbfd9b03b919c270b609cad839000b68d67e34f3b00d24717e07f39a,f5b7090cdd07ff0a1547dee98f7a07355aa4cc312ca1157cfba71868dbac091f,sha256:9975b10f41d41af17ec0cdd625d587d67f618db475d9390e3c1fe1a31fbe0865,requalification-sdk-v2-final/verification/edit_length_changing/delete-middle-4k-on-1mib-ops-1/verification.json,"[""no exhaustive Phase 1 replay""]",[],"{""type"":""bounded-content"",""summary"":""bounded bytes; payload.bin [456704, 587776)"",""path"":""payload.bin"",""start"":456704,""end"":587776,""schema"":""fs-bench-pro-sdk-edit-verification-v1-checkpoint-cold-v2"",""cache_scope"":""cold-before-sdk; post-commit FUSE read"",""profile"":""canonical-roots-and-boundaries-v1"",""omissions"":[""full-file byte replay"",""omitted; canonical inode preservation checked""]}",
edit_length_changing,delete-middle-4k-on-10mib-ops-1,PASS,1.78876195801422,7a2e978b0f9b817600ff15a5e63e920d21494a43361ec103bb7a0e66cfe4e256,3c797bc6dbfd9b03b919c270b609cad839000b68d67e34f3b00d24717e07f39a,b915ac34f5d6a253334f33aff820b8931e59416af6d7410f7a4b5e4212d3fb1b,sha256:9975b10f41d41af17ec0cdd625d587d67f618db475d9390e3c1fe1a31fbe0865,requalification-sdk-v2-final/verification/edit_length_changing/delete-middle-4k-on-10mib-ops-1/verification.json,"[""no exhaustive Phase 1 replay""]",[],"{""type"":""bounded-content"",""summary"":""bounded bytes; payload.bin [5175296, 5306368)"",""path"":""payload.bin"",""start"":5175296,""end"":5306368,""schema"":""fs-bench-pro-sdk-edit-verification-v1-checkpoint-cold-v2"",""cache_scope"":""cold-before-sdk; post-commit FUSE read"",""profile"":""canonical-roots-and-boundaries-v1"",""omissions"":[""full-file byte replay"",""omitted; canonical inode preservation checked""]}",
edit_length_changing,delete-middle-4k-on-100mib-ops-1,PASS,2.1923956251703203,7a2e978b0f9b817600ff15a5e63e920d21494a43361ec103bb7a0e66cfe4e256,3c797bc6dbfd9b03b919c270b609cad839000b68d67e34f3b00d24717e07f39a,132c8801e7315eb24a5d87371edce93bd2fb52dad65d042491819780911a23dc,sha256:9975b10f41d41af17ec0cdd625d587d67f618db475d9390e3c1fe1a31fbe0865,requalification-sdk-v2-final/verification/edit_length_changing/delete-middle-4k-on-100mib-ops-1/verification.json,"[""no exhaustive Phase 1 replay""]",[],"{""type"":""bounded-content"",""summary"":""bounded bytes; payload.bin [52361216, 52492288)"",""path"":""payload.bin"",""start"":52361216,""end"":52492288,""schema"":""fs-bench-pro-sdk-edit-verification-v1-checkpoint-cold-v2"",""cache_scope"":""cold-before-sdk; post-commit FUSE read"",""profile"":""canonical-roots-and-boundaries-v1"",""omissions"":[""full-file byte replay"",""omitted; canonical inode preservation checked""]}",
edit_length_changing,delete-middle-4k-on-500mib-ops-1,PASS,4.111687624827027,7a2e978b0f9b817600ff15a5e63e920d21494a43361ec103bb7a0e66cfe4e256,3c797bc6dbfd9b03b919c270b609cad839000b68d67e34f3b00d24717e07f39a,18b6a7e36d28c23f0ef12f91eb9d20fd08202fda701ae5cd22f615206942ba97,sha256:9975b10f41d41af17ec0cdd625d587d67f618db475d9390e3c1fe1a31fbe0865,requalification-sdk-v2-final/verification/edit_length_changing/delete-middle-4k-on-500mib-ops-1/verification.json,"[""no exhaustive Phase 1 replay""]",[],"{""type"":""bounded-content"",""summary"":""bounded bytes; payload.bin [262076416, 262207488)"",""path"":""payload.bin"",""start"":262076416,""end"":262207488,""schema"":""fs-bench-pro-sdk-edit-verification-v1-checkpoint-cold-v2"",""cache_scope"":""cold-before-sdk; post-commit FUSE read"",""profile"":""canonical-roots-and-boundaries-v1"",""omissions"":[""full-file byte replay"",""omitted; canonical inode preservation checked""]}",
edit_length_changing,append-tail-4k-on-1mib-ops-1,PASS,1.6403474160470068,7a2e978b0f9b817600ff15a5e63e920d21494a43361ec103bb7a0e66cfe4e256,3c797bc6dbfd9b03b919c270b609cad839000b68d67e34f3b00d24717e07f39a,e31e50cfcf25b237fbd9cae4bc32efbee36a7d208f856f29438257b5464daf7b,sha256:9975b10f41d41af17ec0cdd625d587d67f618db475d9390e3c1fe1a31fbe0865,requalification-sdk-v2-final/verification/edit_length_changing/append-tail-4k-on-1mib-ops-1/verification.json,"[""no exhaustive Phase 1 replay""]",[],"{""type"":""bounded-content"",""summary"":""bounded bytes; payload.bin [983040, 1052672)"",""path"":""payload.bin"",""start"":983040,""end"":1052672,""schema"":""fs-bench-pro-sdk-edit-verification-v1-checkpoint-cold-v2"",""cache_scope"":""cold-before-sdk; post-commit FUSE read"",""profile"":""canonical-roots-and-boundaries-v1"",""omissions"":[""full-file byte replay"",""omitted; canonical inode preservation checked""]}",
edit_length_changing,append-tail-4k-on-10mib-ops-1,PASS,1.6821543746627867,7a2e978b0f9b817600ff15a5e63e920d21494a43361ec103bb7a0e66cfe4e256,3c797bc6dbfd9b03b919c270b609cad839000b68d67e34f3b00d24717e07f39a,f2b747e068a30d620c4f57b81cd3696bea188eb8cbf7d770b95eeed85c8a6b44,sha256:9975b10f41d41af17ec0cdd625d587d67f618db475d9390e3c1fe1a31fbe0865,requalification-sdk-v2-final/verification/edit_length_changing/append-tail-4k-on-10mib-ops-1/verification.json,"[""no exhaustive Phase 1 replay""]",[],"{""type"":""bounded-content"",""summary"":""bounded bytes; payload.bin [10420224, 10489856)"",""path"":""payload.bin"",""start"":10420224,""end"":10489856,""schema"":""fs-bench-pro-sdk-edit-verification-v1-checkpoint-cold-v2"",""cache_scope"":""cold-before-sdk; post-commit FUSE read"",""profile"":""canonical-roots-and-boundaries-v1"",""omissions"":[""full-file byte replay"",""omitted; canonical inode preservation checked""]}",
edit_length_changing,append-tail-4k-on-100mib-ops-1,PASS,3.996913750190288,7a2e978b0f9b817600ff15a5e63e920d21494a43361ec103bb7a0e66cfe4e256,3c797bc6dbfd9b03b919c270b609cad839000b68d67e34f3b00d24717e07f39a,a1b49b831ad725ee97c57953c23b81081907ee07ce4bfa437b5cf40720080a81,sha256:9975b10f41d41af17ec0cdd625d587d67f618db475d9390e3c1fe1a31fbe0865,requalification-sdk-v2-final/verification/edit_length_changing/append-tail-4k-on-100mib-ops-1/verification.json,"[""no exhaustive Phase 1 replay""]",[],"{""type"":""bounded-content"",""summary"":""bounded bytes; payload.bin [104792064, 104861696)"",""path"":""payload.bin"",""start"":104792064,""end"":104861696,""schema"":""fs-bench-pro-sdk-edit-verification-v1-checkpoint-cold-v2"",""cache_scope"":""cold-before-sdk; post-commit FUSE read"",""profile"":""canonical-roots-and-boundaries-v1"",""omissions"":[""full-file byte replay"",""omitted; canonical inode preservation checked""]}",
edit_length_changing,append-tail-4k-on-500mib-result-capped-v2-ops-1,PASS,4.3029424590058625,7a2e978b0f9b817600ff15a5e63e920d21494a43361ec103bb7a0e66cfe4e256,3c797bc6dbfd9b03b919c270b609cad839000b68d67e34f3b00d24717e07f39a,75174a9b4eb2edda6d17062f9ac7da4df5fb1322694eb61716fdb513fcd3373f,sha256:9975b10f41d41af17ec0cdd625d587d67f618db475d9390e3c1fe1a31fbe0865,requalification-sdk-v2-final/verification/edit_length_changing/append-tail-4k-on-500mib-result-capped-v2-ops-1/verification.json,"[""no exhaustive Phase 1 replay""]",[],"{""type"":""bounded-content"",""summary"":""bounded bytes; payload.bin [524218368, 524288000)"",""path"":""payload.bin"",""start"":524218368,""end"":524288000,""schema"":""fs-bench-pro-sdk-edit-verification-v1-checkpoint-cold-v2"",""cache_scope"":""cold-before-sdk; post-commit FUSE read"",""profile"":""canonical-roots-and-boundaries-v1"",""omissions"":[""full-file byte replay"",""omitted; canonical inode preservation checked""]}",
edit_length_changing,prepend-head-4k-on-1mib-ops-1,PASS,1.5953289582394063,7a2e978b0f9b817600ff15a5e63e920d21494a43361ec103bb7a0e66cfe4e256,3c797bc6dbfd9b03b919c270b609cad839000b68d67e34f3b00d24717e07f39a,ff02b956785a7a20fbd5bdf73797dba3ba815e779ffd60cd6e9486b71fd464b9,sha256:9975b10f41d41af17ec0cdd625d587d67f618db475d9390e3c1fe1a31fbe0865,requalification-sdk-v2-final/verification/edit_length_changing/prepend-head-4k-on-1mib-ops-1/verification.json,"[""no exhaustive Phase 1 replay""]",[],"{""type"":""bounded-content"",""summary"":""bounded bytes; payload.bin [0, 69632)"",""path"":""payload.bin"",""start"":0,""end"":69632,""schema"":""fs-bench-pro-sdk-edit-verification-v1-checkpoint-cold-v2"",""cache_scope"":""cold-before-sdk; post-commit FUSE read"",""profile"":""canonical-roots-and-boundaries-v1"",""omissions"":[""full-file byte replay"",""omitted; canonical inode preservation checked""]}",
edit_length_changing,prepend-head-4k-on-10mib-ops-1,PASS,1.55305983312428,7a2e978b0f9b817600ff15a5e63e920d21494a43361ec103bb7a0e66cfe4e256,3c797bc6dbfd9b03b919c270b609cad839000b68d67e34f3b00d24717e07f39a,4941b9f2fed3a03a5e3a6701454da8495c4c70347d8ec8d68f5f969abf8d7588,sha256:9975b10f41d41af17ec0cdd625d587d67f618db475d9390e3c1fe1a31fbe0865,requalification-sdk-v2-final/verification/edit_length_changing/prepend-head-4k-on-10mib-ops-1/verification.json,"[""no exhaustive Phase 1 replay""]",[],"{""type"":""bounded-content"",""summary"":""bounded bytes; payload.bin [0, 69632)"",""path"":""payload.bin"",""start"":0,""end"":69632,""schema"":""fs-bench-pro-sdk-edit-verification-v1-checkpoint-cold-v2"",""cache_scope"":""cold-before-sdk; post-commit FUSE read"",""profile"":""canonical-roots-and-boundaries-v1"",""omissions"":[""full-file byte replay"",""omitted; canonical inode preservation checked""]}",
edit_length_changing,prepend-head-4k-on-100mib-ops-1,PASS,2.157613833900541,7a2e978b0f9b817600ff15a5e63e920d21494a43361ec103bb7a0e66cfe4e256,3c797bc6dbfd9b03b919c270b609cad839000b68d67e34f3b00d24717e07f39a,7adc71f82dc5c468039c4d518a90973def0d773620abd54600c82424ddba621a,sha256:9975b10f41d41af17ec0cdd625d587d67f618db475d9390e3c1fe1a31fbe0865,requalification-sdk-v2-final/verification/edit_length_changing/prepend-head-4k-on-100mib-ops-1/verification.json,"[""no exhaustive Phase 1 replay""]",[],"{""type"":""bounded-content"",""summary"":""bounded bytes; payload.bin [0, 69632)"",""path"":""payload.bin"",""start"":0,""end"":69632,""schema"":""fs-bench-pro-sdk-edit-verification-v1-checkpoint-cold-v2"",""cache_scope"":""cold-before-sdk; post-commit FUSE read"",""profile"":""canonical-roots-and-boundaries-v1"",""omissions"":[""full-file byte replay"",""omitted; canonical inode preservation checked""]}",
edit_length_changing,prepend-head-4k-on-500mib-result-capped-v2-ops-1,PASS,4.06599170807749,7a2e978b0f9b817600ff15a5e63e920d21494a43361ec103bb7a0e66cfe4e256,3c797bc6dbfd9b03b919c270b609cad839000b68d67e34f3b00d24717e07f39a,a0edadd48617565046044442ac6f907a3b52c37ace06ce767af369c6efefc89a,sha256:9975b10f41d41af17ec0cdd625d587d67f618db475d9390e3c1fe1a31fbe0865,requalification-sdk-v2-final/verification/edit_length_changing/prepend-head-4k-on-500mib-result-capped-v2-ops-1/verification.json,"[""no exhaustive Phase 1 replay""]",[],"{""type"":""bounded-content"",""summary"":""bounded bytes; payload.bin [0, 69632)"",""path"":""payload.bin"",""start"":0,""end"":69632,""schema"":""fs-bench-pro-sdk-edit-verification-v1-checkpoint-cold-v2"",""cache_scope"":""cold-before-sdk; post-commit FUSE read"",""profile"":""canonical-roots-and-boundaries-v1"",""omissions"":[""full-file byte replay"",""omitted; canonical inode preservation checked""]}",
edit_length_changing,replace-grow-middle-2k-to-4k-on-1mib-ops-1,PASS,1.5150385410524905,7a2e978b0f9b817600ff15a5e63e920d21494a43361ec103bb7a0e66cfe4e256,3c797bc6dbfd9b03b919c270b609cad839000b68d67e34f3b00d24717e07f39a,7bfe90f4fdbc229b7ea573ae98f60303b7dbb804a6d92efb5f0a47aaeba34907,sha256:9975b10f41d41af17ec0cdd625d587d67f618db475d9390e3c1fe1a31fbe0865,requalification-sdk-v2-final/verification/edit_length_changing/replace-grow-middle-2k-to-4k-on-1mib-ops-1/verification.json,"[""no exhaustive Phase 1 replay""]",[],"{""type"":""bounded-content"",""summary"":""bounded bytes; payload.bin [457728, 592896)"",""path"":""payload.bin"",""start"":457728,""end"":592896,""schema"":""fs-bench-pro-sdk-edit-verification-v1-checkpoint-cold-v2"",""cache_scope"":""cold-before-sdk; post-commit FUSE read"",""profile"":""canonical-roots-and-boundaries-v1"",""omissions"":[""full-file byte replay"",""omitted; canonical inode preservation checked""]}",
edit_length_changing,replace-grow-middle-2k-to-4k-on-10mib-ops-1,PASS,1.6228076671250165,7a2e978b0f9b817600ff15a5e63e920d21494a43361ec103bb7a0e66cfe4e256,3c797bc6dbfd9b03b919c270b609cad839000b68d67e34f3b00d24717e07f39a,714efe8651136a2ac83c6410403f2411bcb6872e8cd7738b2b41c3cb581b0d1e,sha256:9975b10f41d41af17ec0cdd625d587d67f618db475d9390e3c1fe1a31fbe0865,requalification-sdk-v2-final/verification/edit_length_changing/replace-grow-middle-2k-to-4k-on-10mib-ops-1/verification.json,"[""no exhaustive Phase 1 replay""]",[],"{""type"":""bounded-content"",""summary"":""bounded bytes; payload.bin [5176320, 5311488)"",""path"":""payload.bin"",""start"":5176320,""end"":5311488,""schema"":""fs-bench-pro-sdk-edit-verification-v1-checkpoint-cold-v2"",""cache_scope"":""cold-before-sdk; post-commit FUSE read"",""profile"":""canonical-roots-and-boundaries-v1"",""omissions"":[""full-file byte replay"",""omitted; canonical inode preservation checked""]}",
edit_length_changing,replace-grow-middle-2k-to-4k-on-100mib-ops-1,PASS,1.9542380827479064,7a2e978b0f9b817600ff15a5e63e920d21494a43361ec103bb7a0e66cfe4e256,3c797bc6dbfd9b03b919c270b609cad839000b68d67e34f3b00d24717e07f39a,f596a1a17a7d066b6da0584a0646a043200be52e52b3fa0e5b9fff7553628082,sha256:9975b10f41d41af17ec0cdd625d587d67f618db475d9390e3c1fe1a31fbe0865,requalification-sdk-v2-final/verification/edit_length_changing/replace-grow-middle-2k-to-4k-on-100mib-ops-1/verification.json,"[""no exhaustive Phase 1 replay""]",[],"{""type"":""bounded-content"",""summary"":""bounded bytes; payload.bin [52362240, 52497408)"",""path"":""payload.bin"",""start"":52362240,""end"":52497408,""schema"":""fs-bench-pro-sdk-edit-verification-v1-checkpoint-cold-v2"",""cache_scope"":""cold-before-sdk; post-commit FUSE read"",""profile"":""canonical-roots-and-boundaries-v1"",""omissions"":[""full-file byte replay"",""omitted; canonical inode preservation checked""]}",
edit_length_changing,replace-grow-middle-2k-to-4k-on-500mib-result-capped-v2-ops-1,PASS,4.2571374997496605,7a2e978b0f9b817600ff15a5e63e920d21494a43361ec103bb7a0e66cfe4e256,3c797bc6dbfd9b03b919c270b609cad839000b68d67e34f3b00d24717e07f39a,c05d71504625c22b140fbee3bff428d0577547763ef29d195a1f0f32b1652930,sha256:9975b10f41d41af17ec0cdd625d587d67f618db475d9390e3c1fe1a31fbe0865,requalification-sdk-v2-final/verification/edit_length_changing/replace-grow-middle-2k-to-4k-on-500mib-result-capped-v2-ops-1/verification.json,"[""no exhaustive Phase 1 replay""]",[],"{""type"":""bounded-content"",""summary"":""bounded bytes; payload.bin [262076416, 262211584)"",""path"":""payload.bin"",""start"":262076416,""end"":262211584,""schema"":""fs-bench-pro-sdk-edit-verification-v1-checkpoint-cold-v2"",""cache_scope"":""cold-before-sdk; post-commit FUSE read"",""profile"":""canonical-roots-and-boundaries-v1"",""omissions"":[""full-file byte replay"",""omitted; canonical inode preservation checked""]}",
edit_length_changing,replace-shrink-middle-4k-to-2k-on-1mib-ops-1,PASS,1.532934042159468,7a2e978b0f9b817600ff15a5e63e920d21494a43361ec103bb7a0e66cfe4e256,3c797bc6dbfd9b03b919c270b609cad839000b68d67e34f3b00d24717e07f39a,d74a134382c22cc4def218b2f53e5dc22e4cfb1cc3d1f4119bb895912187b471,sha256:9975b10f41d41af17ec0cdd625d587d67f618db475d9390e3c1fe1a31fbe0865,requalification-sdk-v2-final/verification/edit_length_changing/replace-shrink-middle-4k-to-2k-on-1mib-ops-1/verification.json,"[""no exhaustive Phase 1 replay""]",[],"{""type"":""bounded-content"",""summary"":""bounded bytes; payload.bin [456704, 589824)"",""path"":""payload.bin"",""start"":456704,""end"":589824,""schema"":""fs-bench-pro-sdk-edit-verification-v1-checkpoint-cold-v2"",""cache_scope"":""cold-before-sdk; post-commit FUSE read"",""profile"":""canonical-roots-and-boundaries-v1"",""omissions"":[""full-file byte replay"",""omitted; canonical inode preservation checked""]}",
edit_length_changing,replace-shrink-middle-4k-to-2k-on-10mib-ops-1,PASS,1.5852388748899102,7a2e978b0f9b817600ff15a5e63e920d21494a43361ec103bb7a0e66cfe4e256,3c797bc6dbfd9b03b919c270b609cad839000b68d67e34f3b00d24717e07f39a,ef78a1bc08341318031b37bbe97f4df681fe953af5e73f62aaade9ff5fd8a94f,sha256:9975b10f41d41af17ec0cdd625d587d67f618db475d9390e3c1fe1a31fbe0865,requalification-sdk-v2-final/verification/edit_length_changing/replace-shrink-middle-4k-to-2k-on-10mib-ops-1/verification.json,"[""no exhaustive Phase 1 replay""]",[],"{""type"":""bounded-content"",""summary"":""bounded bytes; payload.bin [5175296, 5308416)"",""path"":""payload.bin"",""start"":5175296,""end"":5308416,""schema"":""fs-bench-pro-sdk-edit-verification-v1-checkpoint-cold-v2"",""cache_scope"":""cold-before-sdk; post-commit FUSE read"",""profile"":""canonical-roots-and-boundaries-v1"",""omissions"":[""full-file byte replay"",""omitted; canonical inode preservation checked""]}",
edit_length_changing,replace-shrink-middle-4k-to-2k-on-100mib-ops-1,PASS,2.1501615419983864,7a2e978b0f9b817600ff15a5e63e920d21494a43361ec103bb7a0e66cfe4e256,3c797bc6dbfd9b03b919c270b609cad839000b68d67e34f3b00d24717e07f39a,ade6e4af431ed25701628f0058d49afbd5dbe55198575c76453be096216869ec,sha256:9975b10f41d41af17ec0cdd625d587d67f618db475d9390e3c1fe1a31fbe0865,requalification-sdk-v2-final/verification/edit_length_changing/replace-shrink-middle-4k-to-2k-on-100mib-ops-1/verification.json,"[""no exhaustive Phase 1 replay""]",[],"{""type"":""bounded-content"",""summary"":""bounded bytes; payload.bin [52361216, 52494336)"",""path"":""payload.bin"",""start"":52361216,""end"":52494336,""schema"":""fs-bench-pro-sdk-edit-verification-v1-checkpoint-cold-v2"",""cache_scope"":""cold-before-sdk; post-commit FUSE read"",""profile"":""canonical-roots-and-boundaries-v1"",""omissions"":[""full-file byte replay"",""omitted; canonical inode preservation checked""]}",
edit_length_changing,replace-shrink-middle-4k-to-2k-on-500mib-ops-1,PASS,4.232938332948834,7a2e978b0f9b817600ff15a5e63e920d21494a43361ec103bb7a0e66cfe4e256,3c797bc6dbfd9b03b919c270b609cad839000b68d67e34f3b00d24717e07f39a,b9f4e0fa3be104abfc78285469d8a729b5e411617387230b2d0322b29c811327,sha256:9975b10f41d41af17ec0cdd625d587d67f618db475d9390e3c1fe1a31fbe0865,requalification-sdk-v2-final/verification/edit_length_changing/replace-shrink-middle-4k-to-2k-on-500mib-ops-1/verification.json,"[""no exhaustive Phase 1 replay""]",[],"{""type"":""bounded-content"",""summary"":""bounded bytes; payload.bin [262076416, 262209536)"",""path"":""payload.bin"",""start"":262076416,""end"":262209536,""schema"":""fs-bench-pro-sdk-edit-verification-v1-checkpoint-cold-v2"",""cache_scope"":""cold-before-sdk; post-commit FUSE read"",""profile"":""canonical-roots-and-boundaries-v1"",""omissions"":[""full-file byte replay"",""omitted; canonical inode preservation checked""]}",
edit_length_changing,truncate-tail-4k-on-1mib-ops-1,PASS,1.637574166059494,7a2e978b0f9b817600ff15a5e63e920d21494a43361ec103bb7a0e66cfe4e256,3c797bc6dbfd9b03b919c270b609cad839000b68d67e34f3b00d24717e07f39a,a20840358edf9a0eda7d2e08eaad1d02e3d6ad6d24dd1d0bde8336a1a606e653,sha256:9975b10f41d41af17ec0cdd625d587d67f618db475d9390e3c1fe1a31fbe0865,requalification-sdk-v2-final/verification/edit_length_changing/truncate-tail-4k-on-1mib-ops-1/verification.json,"[""no exhaustive Phase 1 replay""]",[],"{""type"":""bounded-content"",""summary"":""bounded bytes; payload.bin [978944, 1044480)"",""path"":""payload.bin"",""start"":978944,""end"":1044480,""schema"":""fs-bench-pro-sdk-edit-verification-v1-checkpoint-cold-v2"",""cache_scope"":""cold-before-sdk; post-commit FUSE read"",""profile"":""canonical-roots-and-boundaries-v1"",""omissions"":[""full-file byte replay"",""omitted; canonical inode preservation checked""]}",
edit_length_changing,truncate-tail-4k-on-10mib-ops-1,PASS,1.5727360830642283,7a2e978b0f9b817600ff15a5e63e920d21494a43361ec103bb7a0e66cfe4e256,3c797bc6dbfd9b03b919c270b609cad839000b68d67e34f3b00d24717e07f39a,f47488f5c12e270557fe67ae308c933a53c58a40e0d1dda8abd0a98e16ad7568,sha256:9975b10f41d41af17ec0cdd625d587d67f618db475d9390e3c1fe1a31fbe0865,requalification-sdk-v2-final/verification/edit_length_changing/truncate-tail-4k-on-10mib-ops-1/verification.json,"[""no exhaustive Phase 1 replay""]",[],"{""type"":""bounded-content"",""summary"":""bounded bytes; payload.bin [10416128, 10481664)"",""path"":""payload.bin"",""start"":10416128,""end"":10481664,""schema"":""fs-bench-pro-sdk-edit-verification-v1-checkpoint-cold-v2"",""cache_scope"":""cold-before-sdk; post-commit FUSE read"",""profile"":""canonical-roots-and-boundaries-v1"",""omissions"":[""full-file byte replay"",""omitted; canonical inode preservation checked""]}",
edit_length_changing,truncate-tail-4k-on-100mib-ops-1,PASS,2.0714745419099927,7a2e978b0f9b817600ff15a5e63e920d21494a43361ec103bb7a0e66cfe4e256,3c797bc6dbfd9b03b919c270b609cad839000b68d67e34f3b00d24717e07f39a,1773695f16274759616b8ae141300530ce292fd8c67965d993b983d6d56c9195,sha256:9975b10f41d41af17ec0cdd625d587d67f618db475d9390e3c1fe1a31fbe0865,requalification-sdk-v2-final/verification/edit_length_changing/truncate-tail-4k-on-100mib-ops-1/verification.json,"[""no exhaustive Phase 1 replay""]",[],"{""type"":""bounded-content"",""summary"":""bounded bytes; payload.bin [104787968, 104853504)"",""path"":""payload.bin"",""start"":104787968,""end"":104853504,""schema"":""fs-bench-pro-sdk-edit-verification-v1-checkpoint-cold-v2"",""cache_scope"":""cold-before-sdk; post-commit FUSE read"",""profile"":""canonical-roots-and-boundaries-v1"",""omissions"":[""full-file byte replay"",""omitted; canonical inode preservation checked""]}",
edit_length_changing,truncate-tail-4k-on-500mib-ops-1,PASS,4.20727475034073,7a2e978b0f9b817600ff15a5e63e920d21494a43361ec103bb7a0e66cfe4e256,3c797bc6dbfd9b03b919c270b609cad839000b68d67e34f3b00d24717e07f39a,d5c42df619e8d0765ea88334aa9f3ed84a99c4c845700e49acf16f19c64805ed,sha256:9975b10f41d41af17ec0cdd625d587d67f618db475d9390e3c1fe1a31fbe0865,requalification-sdk-v2-final/verification/edit_length_changing/truncate-tail-4k-on-500mib-ops-1/verification.json,"[""no exhaustive Phase 1 replay""]",[],"{""type"":""bounded-content"",""summary"":""bounded bytes; payload.bin [524218368, 524283904)"",""path"":""payload.bin"",""start"":524218368,""end"":524283904,""schema"":""fs-bench-pro-sdk-edit-verification-v1-checkpoint-cold-v2"",""cache_scope"":""cold-before-sdk; post-commit FUSE read"",""profile"":""canonical-roots-and-boundaries-v1"",""omissions"":[""full-file byte replay"",""omitted; canonical inode preservation checked""]}",
edit_length_changing,zero-extend-tail-4k-on-1mib-ops-1,PASS,1.436217624694109,7a2e978b0f9b817600ff15a5e63e920d21494a43361ec103bb7a0e66cfe4e256,3c797bc6dbfd9b03b919c270b609cad839000b68d67e34f3b00d24717e07f39a,1909c575ee2e4fa2245667a64ac3cccde329812f5660df725ee8eb0a9cfe26da,sha256:9975b10f41d41af17ec0cdd625d587d67f618db475d9390e3c1fe1a31fbe0865,requalification-sdk-v2-final/verification/edit_length_changing/zero-extend-tail-4k-on-1mib-ops-1/verification.json,"[""no exhaustive Phase 1 replay""]",[],"{""type"":""bounded-content"",""summary"":""bounded bytes; payload.bin [983040, 1052672)"",""path"":""payload.bin"",""start"":983040,""end"":1052672,""schema"":""fs-bench-pro-sdk-edit-verification-v1-checkpoint-cold-v2"",""cache_scope"":""cold-before-sdk; post-commit FUSE read"",""profile"":""canonical-roots-and-boundaries-v1"",""omissions"":[""full-file byte replay"",""omitted; canonical inode preservation checked""]}",
edit_length_changing,zero-extend-tail-4k-on-10mib-ops-1,PASS,1.5494124577380717,7a2e978b0f9b817600ff15a5e63e920d21494a43361ec103bb7a0e66cfe4e256,3c797bc6dbfd9b03b919c270b609cad839000b68d67e34f3b00d24717e07f39a,c029c993ece1f11f4f9c9670770141296dff5da91393adccdadfc693c249bf80,sha256:9975b10f41d41af17ec0cdd625d587d67f618db475d9390e3c1fe1a31fbe0865,requalification-sdk-v2-final/verification/edit_length_changing/zero-extend-tail-4k-on-10mib-ops-1/verification.json,"[""no exhaustive Phase 1 replay""]",[],"{""type"":""bounded-content"",""summary"":""bounded bytes; payload.bin [10420224, 10489856)"",""path"":""payload.bin"",""start"":10420224,""end"":10489856,""schema"":""fs-bench-pro-sdk-edit-verification-v1-checkpoint-cold-v2"",""cache_scope"":""cold-before-sdk; post-commit FUSE read"",""profile"":""canonical-roots-and-boundaries-v1"",""omissions"":[""full-file byte replay"",""omitted; canonical inode preservation checked""]}",
edit_length_changing,zero-extend-tail-4k-on-100mib-ops-1,PASS,2.04764166707173,7a2e978b0f9b817600ff15a5e63e920d21494a43361ec103bb7a0e66cfe4e256,3c797bc6dbfd9b03b919c270b609cad839000b68d67e34f3b00d24717e07f39a,4f0ef9a649ac4dde92aa4555cc5ce840e8f7b2edcd7f300abb35ecb30e994f69,sha256:9975b10f41d41af17ec0cdd625d587d67f618db475d9390e3c1fe1a31fbe0865,requalification-sdk-v2-final/verification/edit_length_changing/zero-extend-tail-4k-on-100mib-ops-1/verification.json,"[""no exhaustive Phase 1 replay""]",[],"{""type"":""bounded-content"",""summary"":""bounded bytes; payload.bin [104792064, 104861696)"",""path"":""payload.bin"",""start"":104792064,""end"":104861696,""schema"":""fs-bench-pro-sdk-edit-verification-v1-checkpoint-cold-v2"",""cache_scope"":""cold-before-sdk; post-commit FUSE read"",""profile"":""canonical-roots-and-boundaries-v1"",""omissions"":[""full-file byte replay"",""omitted; canonical inode preservation checked""]}",
edit_length_changing,zero-extend-tail-4k-on-500mib-result-capped-v2-ops-1,PASS,4.4089916669763625,7a2e978b0f9b817600ff15a5e63e920d21494a43361ec103bb7a0e66cfe4e256,3c797bc6dbfd9b03b919c270b609cad839000b68d67e34f3b00d24717e07f39a,d5ec987f089ee2ee6bbe2c752df97014b0a6c76f1c140cc47649cbcec4a43ce4,sha256:9975b10f41d41af17ec0cdd625d587d67f618db475d9390e3c1fe1a31fbe0865,requalification-sdk-v2-final/verification/edit_length_changing/zero-extend-tail-4k-on-500mib-result-capped-v2-ops-1/verification.json,"[""no exhaustive Phase 1 replay""]",[],"{""type"":""bounded-content"",""summary"":""bounded bytes; payload.bin [524218368, 524288000)"",""path"":""payload.bin"",""start"":524218368,""end"":524288000,""schema"":""fs-bench-pro-sdk-edit-verification-v1-checkpoint-cold-v2"",""cache_scope"":""cold-before-sdk; post-commit FUSE read"",""profile"":""canonical-roots-and-boundaries-v1"",""omissions"":[""full-file byte replay"",""omitted; canonical inode preservation checked""]}",
edit_canonical_chunk_count,overwrite-fixed-64k-chunk-count-preserve-on-1mib-ops-1,PASS,1.4050975409336388,7a2e978b0f9b817600ff15a5e63e920d21494a43361ec103bb7a0e66cfe4e256,3c797bc6dbfd9b03b919c270b609cad839000b68d67e34f3b00d24717e07f39a,035a2283b6caccf6513cd03a284710e178f444e7fe0466cb193e9d10f56991d4,sha256:9975b10f41d41af17ec0cdd625d587d67f618db475d9390e3c1fe1a31fbe0865,requalification-sdk-v2-final/verification/edit_canonical_chunk_count/overwrite-fixed-64k-chunk-count-preserve-on-1mib-ops-1/verification.json,"[""no exhaustive Phase 1 replay""]",[],"{""type"":""bounded-content"",""summary"":""bounded bytes; payload.bin [81920, 278528)"",""path"":""payload.bin"",""start"":81920,""end"":278528,""schema"":""fs-bench-pro-sdk-edit-verification-v1-checkpoint-cold-v2"",""cache_scope"":""cold-before-sdk; post-commit FUSE read"",""profile"":""canonical-roots-and-boundaries-v1"",""omissions"":[""full-file byte replay"",""omitted; canonical inode preservation checked""]}",
edit_canonical_chunk_count,overwrite-fixed-64k-chunk-count-preserve-on-10mib-ops-1,PASS,1.5512231667526066,7a2e978b0f9b817600ff15a5e63e920d21494a43361ec103bb7a0e66cfe4e256,3c797bc6dbfd9b03b919c270b609cad839000b68d67e34f3b00d24717e07f39a,b617535af2d5323f6e34ce1cac1e1fe1b5c8f7f9ab70bbbeda196861b3c73a9f,sha256:9975b10f41d41af17ec0cdd625d587d67f618db475d9390e3c1fe1a31fbe0865,requalification-sdk-v2-final/verification/edit_canonical_chunk_count/overwrite-fixed-64k-chunk-count-preserve-on-10mib-ops-1/verification.json,"[""no exhaustive Phase 1 replay""]",[],"{""type"":""bounded-content"",""summary"":""bounded bytes; payload.bin [81920, 278528)"",""path"":""payload.bin"",""start"":81920,""end"":278528,""schema"":""fs-bench-pro-sdk-edit-verification-v1-checkpoint-cold-v2"",""cache_scope"":""cold-before-sdk; post-commit FUSE read"",""profile"":""canonical-roots-and-boundaries-v1"",""omissions"":[""full-file byte replay"",""omitted; canonical inode preservation checked""]}",
edit_canonical_chunk_count,overwrite-fixed-64k-chunk-count-preserve-on-100mib-ops-1,PASS,2.093342542182654,7a2e978b0f9b817600ff15a5e63e920d21494a43361ec103bb7a0e66cfe4e256,3c797bc6dbfd9b03b919c270b609cad839000b68d67e34f3b00d24717e07f39a,03b4ab332c79187de7e3ffab0867f9fe6102f9dae07d183f03a30e90ee0160bd,sha256:9975b10f41d41af17ec0cdd625d587d67f618db475d9390e3c1fe1a31fbe0865,requalification-sdk-v2-final/verification/edit_canonical_chunk_count/overwrite-fixed-64k-chunk-count-preserve-on-100mib-ops-1/verification.json,"[""no exhaustive Phase 1 replay""]",[],"{""type"":""bounded-content"",""summary"":""bounded bytes; payload.bin [81920, 278528)"",""path"":""payload.bin"",""start"":81920,""end"":278528,""schema"":""fs-bench-pro-sdk-edit-verification-v1-checkpoint-cold-v2"",""cache_scope"":""cold-before-sdk; post-commit FUSE read"",""profile"":""canonical-roots-and-boundaries-v1"",""omissions"":[""full-file byte replay"",""omitted; canonical inode preservation checked""]}",
edit_canonical_chunk_count,overwrite-fixed-64k-chunk-count-preserve-on-500mib-ops-1,PASS,4.3598984172567725,7a2e978b0f9b817600ff15a5e63e920d21494a43361ec103bb7a0e66cfe4e256,3c797bc6dbfd9b03b919c270b609cad839000b68d67e34f3b00d24717e07f39a,10c529083af5866b3f4d31a8bfa91ed9f20d578f5a30641a52d8638c56fce17f,sha256:9975b10f41d41af17ec0cdd625d587d67f618db475d9390e3c1fe1a31fbe0865,requalification-sdk-v2-final/verification/edit_canonical_chunk_count/overwrite-fixed-64k-chunk-count-preserve-on-500mib-ops-1/verification.json,"[""no exhaustive Phase 1 replay""]",[],"{""type"":""bounded-content"",""summary"":""bounded bytes; payload.bin [81920, 278528)"",""path"":""payload.bin"",""start"":81920,""end"":278528,""schema"":""fs-bench-pro-sdk-edit-verification-v1-checkpoint-cold-v2"",""cache_scope"":""cold-before-sdk; post-commit FUSE read"",""profile"":""canonical-roots-and-boundaries-v1"",""omissions"":[""full-file byte replay"",""omitted; canonical inode preservation checked""]}",
edit_canonical_chunk_count,overwrite-fixed-64k-chunk-count-increase-on-1mib-ops-1,PASS,1.7067101253196597,7a2e978b0f9b817600ff15a5e63e920d21494a43361ec103bb7a0e66cfe4e256,3c797bc6dbfd9b03b919c270b609cad839000b68d67e34f3b00d24717e07f39a,cb06a05445dfdb6774661ba376c495a511519cd1380ae1a1a092456bce1258d1,sha256:9975b10f41d41af17ec0cdd625d587d67f618db475d9390e3c1fe1a31fbe0865,requalification-sdk-v2-final/verification/edit_canonical_chunk_count/overwrite-fixed-64k-chunk-count-increase-on-1mib-ops-1/verification.json,"[""no exhaustive Phase 1 replay""]",[],"{""type"":""bounded-content"",""summary"":""bounded bytes; payload.bin [81920, 278528)"",""path"":""payload.bin"",""start"":81920,""end"":278528,""schema"":""fs-bench-pro-sdk-edit-verification-v1-checkpoint-cold-v2"",""cache_scope"":""cold-before-sdk; post-commit FUSE read"",""profile"":""canonical-roots-and-boundaries-v1"",""omissions"":[""full-file byte replay"",""omitted; canonical inode preservation checked""]}",
edit_canonical_chunk_count,overwrite-fixed-64k-chunk-count-increase-on-10mib-ops-1,PASS,1.4690240840427577,7a2e978b0f9b817600ff15a5e63e920d21494a43361ec103bb7a0e66cfe4e256,3c797bc6dbfd9b03b919c270b609cad839000b68d67e34f3b00d24717e07f39a,1b3ff677dd2139f918c077aa3047086352e697aa781294da7fb3d107022eb7eb,sha256:9975b10f41d41af17ec0cdd625d587d67f618db475d9390e3c1fe1a31fbe0865,requalification-sdk-v2-final/verification/edit_canonical_chunk_count/overwrite-fixed-64k-chunk-count-increase-on-10mib-ops-1/verification.json,"[""no exhaustive Phase 1 replay""]",[],"{""type"":""bounded-content"",""summary"":""bounded bytes; payload.bin [81920, 278528)"",""path"":""payload.bin"",""start"":81920,""end"":278528,""schema"":""fs-bench-pro-sdk-edit-verification-v1-checkpoint-cold-v2"",""cache_scope"":""cold-before-sdk; post-commit FUSE read"",""profile"":""canonical-roots-and-boundaries-v1"",""omissions"":[""full-file byte replay"",""omitted; canonical inode preservation checked""]}",
edit_canonical_chunk_count,overwrite-fixed-64k-chunk-count-increase-on-100mib-ops-1,PASS,1.9965403745882213,7a2e978b0f9b817600ff15a5e63e920d21494a43361ec103bb7a0e66cfe4e256,3c797bc6dbfd9b03b919c270b609cad839000b68d67e34f3b00d24717e07f39a,973d7430f6b2150466ac505a8650608dca8554b9fa0789e4f50e7692aaecdbcd,sha256:9975b10f41d41af17ec0cdd625d587d67f618db475d9390e3c1fe1a31fbe0865,requalification-sdk-v2-final/verification/edit_canonical_chunk_count/overwrite-fixed-64k-chunk-count-increase-on-100mib-ops-1/verification.json,"[""no exhaustive Phase 1 replay""]",[],"{""type"":""bounded-content"",""summary"":""bounded bytes; payload.bin [81920, 278528)"",""path"":""payload.bin"",""start"":81920,""end"":278528,""schema"":""fs-bench-pro-sdk-edit-verification-v1-checkpoint-cold-v2"",""cache_scope"":""cold-before-sdk; post-commit FUSE read"",""profile"":""canonical-roots-and-boundaries-v1"",""omissions"":[""full-file byte replay"",""omitted; canonical inode preservation checked""]}",
edit_canonical_chunk_count,overwrite-fixed-64k-chunk-count-increase-on-500mib-ops-1,PASS,4.096127917058766,7a2e978b0f9b817600ff15a5e63e920d21494a43361ec103bb7a0e66cfe4e256,3c797bc6dbfd9b03b919c270b609cad839000b68d67e34f3b00d24717e07f39a,26fb6c8281aa648cce4094d73e173bf982cda69f7211c47c1805334c58541544,sha256:9975b10f41d41af17ec0cdd625d587d67f618db475d9390e3c1fe1a31fbe0865,requalification-sdk-v2-final/verification/edit_canonical_chunk_count/overwrite-fixed-64k-chunk-count-increase-on-500mib-ops-1/verification.json,"[""no exhaustive Phase 1 replay""]",[],"{""type"":""bounded-content"",""summary"":""bounded bytes; payload.bin [81920, 278528)"",""path"":""payload.bin"",""start"":81920,""end"":278528,""schema"":""fs-bench-pro-sdk-edit-verification-v1-checkpoint-cold-v2"",""cache_scope"":""cold-before-sdk; post-commit FUSE read"",""profile"":""canonical-roots-and-boundaries-v1"",""omissions"":[""full-file byte replay"",""omitted; canonical inode preservation checked""]}",
edit_canonical_chunk_count,overwrite-fixed-64k-chunk-count-decrease-on-1mib-ops-1,PASS,1.5881308750249445,7a2e978b0f9b817600ff15a5e63e920d21494a43361ec103bb7a0e66cfe4e256,3c797bc6dbfd9b03b919c270b609cad839000b68d67e34f3b00d24717e07f39a,85bde566cc849ea30be480340610eb48fb37883dd2843e00a60ba2da8dacf04b,sha256:9975b10f41d41af17ec0cdd625d587d67f618db475d9390e3c1fe1a31fbe0865,requalification-sdk-v2-final/verification/edit_canonical_chunk_count/overwrite-fixed-64k-chunk-count-decrease-on-1mib-ops-1/verification.json,"[""no exhaustive Phase 1 replay""]",[],"{""type"":""bounded-content"",""summary"":""bounded bytes; payload.bin [81920, 278528)"",""path"":""payload.bin"",""start"":81920,""end"":278528,""schema"":""fs-bench-pro-sdk-edit-verification-v1-checkpoint-cold-v2"",""cache_scope"":""cold-before-sdk; post-commit FUSE read"",""profile"":""canonical-roots-and-boundaries-v1"",""omissions"":[""full-file byte replay"",""omitted; canonical inode preservation checked""]}",
edit_canonical_chunk_count,overwrite-fixed-64k-chunk-count-decrease-on-10mib-ops-1,PASS,1.6785530410706997,7a2e978b0f9b817600ff15a5e63e920d21494a43361ec103bb7a0e66cfe4e256,3c797bc6dbfd9b03b919c270b609cad839000b68d67e34f3b00d24717e07f39a,d6ef9dfc97dd17d3e1b0ea43a040388b99fe167722c4c139d8519ea17eabc920,sha256:9975b10f41d41af17ec0cdd625d587d67f618db475d9390e3c1fe1a31fbe0865,requalification-sdk-v2-final/verification/edit_canonical_chunk_count/overwrite-fixed-64k-chunk-count-decrease-on-10mib-ops-1/verification.json,"[""no exhaustive Phase 1 replay""]",[],"{""type"":""bounded-content"",""summary"":""bounded bytes; payload.bin [81920, 278528)"",""path"":""payload.bin"",""start"":81920,""end"":278528,""schema"":""fs-bench-pro-sdk-edit-verification-v1-checkpoint-cold-v2"",""cache_scope"":""cold-before-sdk; post-commit FUSE read"",""profile"":""canonical-roots-and-boundaries-v1"",""omissions"":[""full-file byte replay"",""omitted; canonical inode preservation checked""]}",
edit_canonical_chunk_count,overwrite-fixed-64k-chunk-count-decrease-on-100mib-ops-1,PASS,2.0354702919721603,7a2e978b0f9b817600ff15a5e63e920d21494a43361ec103bb7a0e66cfe4e256,3c797bc6dbfd9b03b919c270b609cad839000b68d67e34f3b00d24717e07f39a,3cc2744429828379027f6c4556d38ed7e9e06c6f4c24073c27b43d0dd17066f3,sha256:9975b10f41d41af17ec0cdd625d587d67f618db475d9390e3c1fe1a31fbe0865,requalification-sdk-v2-final/verification/edit_canonical_chunk_count/overwrite-fixed-64k-chunk-count-decrease-on-100mib-ops-1/verification.json,"[""no exhaustive Phase 1 replay""]",[],"{""type"":""bounded-content"",""summary"":""bounded bytes; payload.bin [81920, 278528)"",""path"":""payload.bin"",""start"":81920,""end"":278528,""schema"":""fs-bench-pro-sdk-edit-verification-v1-checkpoint-cold-v2"",""cache_scope"":""cold-before-sdk; post-commit FUSE read"",""profile"":""canonical-roots-and-boundaries-v1"",""omissions"":[""full-file byte replay"",""omitted; canonical inode preservation checked""]}",
edit_canonical_chunk_count,overwrite-fixed-64k-chunk-count-decrease-on-500mib-ops-1,PASS,3.8346948330290616,7a2e978b0f9b817600ff15a5e63e920d21494a43361ec103bb7a0e66cfe4e256,3c797bc6dbfd9b03b919c270b609cad839000b68d67e34f3b00d24717e07f39a,8a3cc3a08ba075d20143eff204a26ff1d2daeed3926bfa8f2098a8eba599b348,sha256:9975b10f41d41af17ec0cdd625d587d67f618db475d9390e3c1fe1a31fbe0865,requalification-sdk-v2-final/verification/edit_canonical_chunk_count/overwrite-fixed-64k-chunk-count-decrease-on-500mib-ops-1/verification.json,"[""no exhaustive Phase 1 replay""]",[],"{""type"":""bounded-content"",""summary"":""bounded bytes; payload.bin [81920, 278528)"",""path"":""payload.bin"",""start"":81920,""end"":278528,""schema"":""fs-bench-pro-sdk-edit-verification-v1-checkpoint-cold-v2"",""cache_scope"":""cold-before-sdk; post-commit FUSE read"",""profile"":""canonical-roots-and-boundaries-v1"",""omissions"":[""full-file byte replay"",""omitted; canonical inode preservation checked""]}",
init_namespace,namespace-100-compact-v3,PASS,1.6314908331260085,1bedaeaa3d564286b8ff6a77365d3d7b144a6dc97e236466fa7066826a6acd19,3c797bc6dbfd9b03b919c270b609cad839000b68d67e34f3b00d24717e07f39a,c64f20373830a3f22adc7ae91fb21f60ebb57e625b1fea00bd4e0386f7e95f54,sha256:9975b10f41d41af17ec0cdd625d587d67f618db475d9390e3c1fe1a31fbe0865,verification/init_namespace/namespace-100-compact-v3/verification.json,"[""no exhaustive Phase 1 replay""]",[],"{""type"":""registered-proof"",""summary"":""registered verification; detailed checks in receipt""}",
init_namespace,namespace-1000-compact-v3,PASS,1.965520250145346,1bedaeaa3d564286b8ff6a77365d3d7b144a6dc97e236466fa7066826a6acd19,3c797bc6dbfd9b03b919c270b609cad839000b68d67e34f3b00d24717e07f39a,af529d6c1ace62851cfb8197e0cacab7390f632008ba09a1800bd1775871e125,sha256:9975b10f41d41af17ec0cdd625d587d67f618db475d9390e3c1fe1a31fbe0865,verification/init_namespace/namespace-1000-compact-v3/verification.json,"[""no exhaustive Phase 1 replay""]",[],"{""type"":""registered-proof"",""summary"":""registered verification; detailed checks in receipt""}",
init_namespace,namespace-10000,PASS,6.707328666001558,1bedaeaa3d564286b8ff6a77365d3d7b144a6dc97e236466fa7066826a6acd19,3c797bc6dbfd9b03b919c270b609cad839000b68d67e34f3b00d24717e07f39a,667413e0beca22b4254502062298db7f5718a41bacd7b2abde0ee849be78354b,sha256:9975b10f41d41af17ec0cdd625d587d67f618db475d9390e3c1fe1a31fbe0865,verification/init_namespace/namespace-10000/verification.json,"[""no exhaustive Phase 1 replay""]",[],"{""type"":""registered-proof"",""summary"":""registered verification; detailed checks in receipt""}",
init_namespace,namespace-100000,PASS,35.46769508300349,1bedaeaa3d564286b8ff6a77365d3d7b144a6dc97e236466fa7066826a6acd19,3c797bc6dbfd9b03b919c270b609cad839000b68d67e34f3b00d24717e07f39a,c49fde33907150204907c4ba20795b1978d3a7d0b4f81c81b7e4250fb5b32486,sha256:9975b10f41d41af17ec0cdd625d587d67f618db475d9390e3c1fe1a31fbe0865,verification/init_namespace/namespace-100000/verification.json,"[""no exhaustive Phase 1 replay""]",[],"{""type"":""registered-proof"",""summary"":""registered verification; detailed checks in receipt""}",
store_footprint,store-footprint-unique-100000,PASS,32.86010116711259,1bedaeaa3d564286b8ff6a77365d3d7b144a6dc97e236466fa7066826a6acd19,3c797bc6dbfd9b03b919c270b609cad839000b68d67e34f3b00d24717e07f39a,71fb7d4cf3e22efde88ca667196db9fbd926b558ba0ef190c6705be4f2b6edc2,sha256:9975b10f41d41af17ec0cdd625d587d67f618db475d9390e3c1fe1a31fbe0865,verification/store_footprint/store-footprint-unique-100000/verification.json,"[""no exhaustive Phase 1 replay""]",[],"{""type"":""bounded-content"",""summary"":""bounded bytes; d0000/f000000 [0, 1468)"",""path"":""d0000/f000000"",""start"":0,""end"":1468,""schema"":null,""cache_scope"":null,""profile"":""storage-accounting-reopen-and-edit-boundary-v1"",""omissions"":[""full-file byte replay""]}",
store_footprint,store-footprint-metadata-cardinality-100000,PASS,38.551538666244596,1bedaeaa3d564286b8ff6a77365d3d7b144a6dc97e236466fa7066826a6acd19,3c797bc6dbfd9b03b919c270b609cad839000b68d67e34f3b00d24717e07f39a,09567547f4fcaf4cac66755db9c127bead2622185193d944a9276e867c9ca75b,sha256:9975b10f41d41af17ec0cdd625d587d67f618db475d9390e3c1fe1a31fbe0865,verification/store_footprint/store-footprint-metadata-cardinality-100000/verification.json,"[""no exhaustive Phase 1 replay""]",[],"{""type"":""bounded-content"",""summary"":""bounded bytes; d0000/f000000 [0, 1468)"",""path"":""d0000/f000000"",""start"":0,""end"":1468,""schema"":null,""cache_scope"":null,""profile"":""storage-accounting-reopen-and-edit-boundary-v1"",""omissions"":[""full-file byte replay""]}",
store_footprint,store-footprint-large-object-500m,PASS,5.6987985000014305,1bedaeaa3d564286b8ff6a77365d3d7b144a6dc97e236466fa7066826a6acd19,3c797bc6dbfd9b03b919c270b609cad839000b68d67e34f3b00d24717e07f39a,ae2466e26946ded957c2ffcc6967a1bbff142319c2a39290100ebf2d26123b85,sha256:9975b10f41d41af17ec0cdd625d587d67f618db475d9390e3c1fe1a31fbe0865,verification/store_footprint/store-footprint-large-object-500m/verification.json,"[""no exhaustive Phase 1 replay""]",[],"{""type"":""bounded-content"",""summary"":""bounded bytes; d0000/file-00000.bin [4375525, 4506607)"",""path"":""d0000/file-00000.bin"",""start"":4375525,""end"":4506607,""schema"":null,""cache_scope"":null,""profile"":""storage-accounting-reopen-and-edit-boundary-v1"",""omissions"":[""full-file byte replay""]}",
store_footprint,store-footprint-unique-100-low-v1,PASS,2.0881247082725167,1bedaeaa3d564286b8ff6a77365d3d7b144a6dc97e236466fa7066826a6acd19,3c797bc6dbfd9b03b919c270b609cad839000b68d67e34f3b00d24717e07f39a,8fddeb7cc0a1480608eff5707107af8df39c420f8e9c42f513302c9417858ecb,sha256:9975b10f41d41af17ec0cdd625d587d67f618db475d9390e3c1fe1a31fbe0865,verification/store_footprint/store-footprint-unique-100-low-v1/verification.json,"[""no exhaustive Phase 1 replay""]",[],"{""type"":""bounded-content"",""summary"":""bounded bytes; d0000/f000000 [0, 1097)"",""path"":""d0000/f000000"",""start"":0,""end"":1097,""schema"":null,""cache_scope"":null,""profile"":""storage-accounting-reopen-and-edit-boundary-v1"",""omissions"":[""full-file byte replay""]}",
store_footprint,store-footprint-metadata-cardinality-100-low-v1,PASS,2.1498197079636157,1bedaeaa3d564286b8ff6a77365d3d7b144a6dc97e236466fa7066826a6acd19,3c797bc6dbfd9b03b919c270b609cad839000b68d67e34f3b00d24717e07f39a,34e6343259b731b8243a2c0192dc7ac933c08df9a9a0d55649ffa0613a43db5d,sha256:9975b10f41d41af17ec0cdd625d587d67f618db475d9390e3c1fe1a31fbe0865,verification/store_footprint/store-footprint-metadata-cardinality-100-low-v1/verification.json,"[""no exhaustive Phase 1 replay""]",[],"{""type"":""bounded-content"",""summary"":""bounded bytes; d0000/f000000 [0, 1097)"",""path"":""d0000/f000000"",""start"":0,""end"":1097,""schema"":null,""cache_scope"":null,""profile"":""storage-accounting-reopen-and-edit-boundary-v1"",""omissions"":[""full-file byte replay""]}",
store_footprint,store-footprint-large-object-10m-low-v1,PASS,2.1416437081061304,1bedaeaa3d564286b8ff6a77365d3d7b144a6dc97e236466fa7066826a6acd19,3c797bc6dbfd9b03b919c270b609cad839000b68d67e34f3b00d24717e07f39a,11c3adaa392ed7ba7bcf97d9adf76c474694d89a08b542d3291c45fda776a9de,sha256:9975b10f41d41af17ec0cdd625d587d67f618db475d9390e3c1fe1a31fbe0865,verification/store_footprint/store-footprint-large-object-10m-low-v1/verification.json,"[""no exhaustive Phase 1 replay""]",[],"{""type"":""bounded-content"",""summary"":""bounded bytes; d0000/file-00000.bin [396765, 527847)"",""path"":""d0000/file-00000.bin"",""start"":396765,""end"":527847,""schema"":null,""cache_scope"":null,""profile"":""storage-accounting-reopen-and-edit-boundary-v1"",""omissions"":[""full-file byte replay""]}",
tiny_file_churn,tiny-create-1-compact-v2,PASS,2.9295104583725333,1bedaeaa3d564286b8ff6a77365d3d7b144a6dc97e236466fa7066826a6acd19,3c797bc6dbfd9b03b919c270b609cad839000b68d67e34f3b00d24717e07f39a,e2cdaed21a82ed9c133bf08ff3718b72ba5995d99ae484f2d97418c1c45be79d,sha256:9975b10f41d41af17ec0cdd625d587d67f618db475d9390e3c1fe1a31fbe0865,verification/tiny_file_churn/tiny-create-1-compact-v2/verification.json,"[""no exhaustive Phase 1 replay"",""sampled Workspace proof: no exhaustive namespace, full-file bytes, object census, aliases, or failure injection""]","[""absent_paths="",""full_file_bytes_verified=false"",""full_namespace_verified=false"",""omissions=unselected paths, bytes beyond selected ranges, exhaustive inode/object/reference census, alias and failure injection semantics"",""sampled_paths=.\nwide/s000-f000.dat\ntiny\ntiny/p0/f116.dat"",""sampled_ranges=wide/s000-f000.dat:0..20971\ntiny/p0/f116.dat:0..0""]","{""type"":""sampled-content"",""summary"":""changed data and selected unchanged witnesses; qualified roots"",""details"":[]}",
tiny_file_churn,tiny-create-10-compact-v2,PASS,10.674214290920645,1bedaeaa3d564286b8ff6a77365d3d7b144a6dc97e236466fa7066826a6acd19,3c797bc6dbfd9b03b919c270b609cad839000b68d67e34f3b00d24717e07f39a,90f724764058905ac6fd24a96a537188c7d9dd75bd7198c990f0494c4ce9836b,sha256:9975b10f41d41af17ec0cdd625d587d67f618db475d9390e3c1fe1a31fbe0865,verification/tiny_file_churn/tiny-create-10-compact-v2/verification.json,"[""no exhaustive Phase 1 replay"",""sampled Workspace proof: no exhaustive namespace, full-file bytes, object census, aliases, or failure injection""]","[""absent_paths="",""full_file_bytes_verified=false"",""full_namespace_verified=false"",""omissions=unselected paths, bytes beyond selected ranges, exhaustive inode/object/reference census, alias and failure injection semantics"",""sampled_paths=.\nwide/s000-f000.dat\ntiny\ntiny/p0/f116.dat\ntiny/p1/f128.dat\ntiny/p2/f209.dat\ntiny/p3/f432.dat\ntiny/p4/f452.dat\ntiny/p5/f411.dat\ntiny/p6/f488.dat\ntiny/p7/f259.dat\ntiny/p9/f211.dat"",""sampled_ranges=wide/s000-f000.dat:0..20971\ntiny/p0/f116.dat:0..0\ntiny/p1/f128.dat:0..1\ntiny/p2/f209.dat:0..7\ntiny/p3/f432.dat:0..31\ntiny/p4/f452.dat:0..127\ntiny/p5/f411.dat:0..511\ntiny/p6/f488.dat:0..1024\ntiny/p7/f259.dat:0..2500\ntiny/p9/f211.dat:0..8192""]","{""type"":""sampled-content"",""summary"":""changed data and selected unchanged witnesses; qualified roots"",""details"":[]}",
tiny_file_churn,tiny-create-100-mixed-v4,PASS,13.17870608298108,1bedaeaa3d564286b8ff6a77365d3d7b144a6dc97e236466fa7066826a6acd19,3c797bc6dbfd9b03b919c270b609cad839000b68d67e34f3b00d24717e07f39a,d3b66c9dae028bdf4711e4d6bcea4d3d1d9fa9ef091225679d2a6281477ee8d7,sha256:9975b10f41d41af17ec0cdd625d587d67f618db475d9390e3c1fe1a31fbe0865,verification/tiny_file_churn/tiny-create-100-mixed-v4/verification.json,"[""no exhaustive Phase 1 replay"",""sampled Workspace proof: no exhaustive namespace, full-file bytes, object census, aliases, or failure injection""]","[""absent_paths="",""full_file_bytes_verified=false"",""full_namespace_verified=false"",""omissions=unselected paths, bytes beyond selected ranges, exhaustive inode/object/reference census, alias and failure injection semantics"",""sampled_paths=.\ndest\nwide\nwide/s000-f000.dat\nregular/s000/f064.dat\nspine/d001/d002/d003/d004/d005/d006/d007/d008/d009/d010/d011/d012/d013/d014/d015/d016/d017/d018/d019/d020/d021/d022/d023/d024/d025/d026/d027/d028/d029/d030/d031/d032/d033/d034/d035/d036/d037/d038/d039/d040/d041/d042/d043/d044/d045/d046/d047/d048/d049/d050/d051/d052/d053/d054/d055/d056/d057/d058/d059/d060/d061/d062/d063/d064/d065/d066/d067/d068/d069/d070/d071/d072/d073/d074/d075/d076/d077/d078/d079/d080/d081/d082/d083/d084/d085/d086/d087/d088/d089/d090/d091/d092/d093/d094/d095/d096/d097/d098/d099/d100/d101/d102/d103/d104/d105/d106/d107/d108/d109/d110/d111/d112/d113/d114/d115/d116/d117/d118/d119/d120/d121/d122/d123/d124/d125/d126/d127/d128/s000.dat\ntiny\ntiny/p0/f116.dat\ntiny/p0/f332.dat\ntiny/p9/f372.dat"",""sampled_ranges=wide/s000-f000.dat:0..65536\nwide/s000-f000.dat:26214400..26279936\nwide/s000-f000.dat:52363264..52428800\nregular/s000/f064.dat:0..4096\nspine/d001/d002/d003/d004/d005/d006/d007/d008/d009/d010/d011/d012/d013/d014/d015/d016/d017/d018/d019/d020/d021/d022/d023/d024/d025/d026/d027/d028/d029/d030/d031/d032/d033/d034/d035/d036/d037/d038/d039/d040/d041/d042/d043/d044/d045/d046/d047/d048/d049/d050/d051/d052/d053/d054/d055/d056/d057/d058/d059/d060/d061/d062/d063/d064/d065/d066/d067/d068/d069/d070/d071/d072/d073/d074/d075/d076/d077/d078/d079/d080/d081/d082/d083/d084/d085/d086/d087/d088/d089/d090/d091/d092/d093/d094/d095/d096/d097/d098/d099/d100/d101/d102/d103/d104/d105/d106/d107/d108/d109/d110/d111/d112/d113/d114/d115/d116/d117/d118/d119/d120/d121/d122/d123/d124/d125/d126/d127/d128/s000.dat:0..4096\ntiny/p0/f116.dat:0..0\ntiny/p0/f332.dat:0..0\ntiny/p9/f372.dat:0..8192""]","{""type"":""sampled-content"",""summary"":""changed data and selected unchanged witnesses; qualified roots"",""details"":[]}",
tiny_file_churn,tiny-create-500-mixed-v4,PASS,23.838351749815047,1bedaeaa3d564286b8ff6a77365d3d7b144a6dc97e236466fa7066826a6acd19,3c797bc6dbfd9b03b919c270b609cad839000b68d67e34f3b00d24717e07f39a,7bc64a3268e5e3cf039ecf31d8aa7063652a2fcd1bbab3e2cd82a3b7ebe0ce45,sha256:9975b10f41d41af17ec0cdd625d587d67f618db475d9390e3c1fe1a31fbe0865,verification/tiny_file_churn/tiny-create-500-mixed-v4/verification.json,"[""no exhaustive Phase 1 replay"",""sampled Workspace proof: no exhaustive namespace, full-file bytes, object census, aliases, or failure injection""]","[""absent_paths="",""full_file_bytes_verified=false"",""full_namespace_verified=false"",""omissions=unselected paths, bytes beyond selected ranges, exhaustive inode/object/reference census, alias and failure injection semantics"",""sampled_paths=.\ndest\nwide\nwide/s000-f000.dat\nwide/s000-f001.dat\nregular/s000/f064.dat\nspine/d001/d002/d003/d004/d005/d006/d007/d008/d009/d010/d011/d012/d013/d014/d015/d016/d017/d018/d019/d020/d021/d022/d023/d024/d025/d026/d027/d028/d029/d030/d031/d032/d033/d034/d035/d036/d037/d038/d039/d040/d041/d042/d043/d044/d045/d046/d047/d048/d049/d050/d051/d052/d053/d054/d055/d056/d057/d058/d059/d060/d061/d062/d063/d064/d065/d066/d067/d068/d069/d070/d071/d072/d073/d074/d075/d076/d077/d078/d079/d080/d081/d082/d083/d084/d085/d086/d087/d088/d089/d090/d091/d092/d093/d094/d095/d096/d097/d098/d099/d100/d101/d102/d103/d104/d105/d106/d107/d108/d109/d110/d111/d112/d113/d114/d115/d116/d117/d118/d119/d120/d121/d122/d123/d124/d125/d126/d127/d128/s000.dat\ntiny\ntiny/p0/f116.dat\ntiny/p0/f309.dat\ntiny/p9/f229.dat"",""sampled_ranges=wide/s000-f000.dat:0..65536\nwide/s000-f000.dat:157286400..157351936\nwide/s000-f000.dat:314507264..314572800\nwide/s000-f001.dat:0..65536\nwide/s000-f001.dat:52428800..52494336\nwide/s000-f001.dat:104792064..104857600\nregular/s000/f064.dat:0..4096\nspine/d001/d002/d003/d004/d005/d006/d007/d008/d009/d010/d011/d012/d013/d014/d015/d016/d017/d018/d019/d020/d021/d022/d023/d024/d025/d026/d027/d028/d029/d030/d031/d032/d033/d034/d035/d036/d037/d038/d039/d040/d041/d042/d043/d044/d045/d046/d047/d048/d049/d050/d051/d052/d053/d054/d055/d056/d057/d058/d059/d060/d061/d062/d063/d064/d065/d066/d067/d068/d069/d070/d071/d072/d073/d074/d075/d076/d077/d078/d079/d080/d081/d082/d083/d084/d085/d086/d087/d088/d089/d090/d091/d092/d093/d094/d095/d096/d097/d098/d099/d100/d101/d102/d103/d104/d105/d106/d107/d108/d109/d110/d111/d112/d113/d114/d115/d116/d117/d118/d119/d120/d121/d122/d123/d124/d125/d126/d127/d128/s000.dat:0..4096\ntiny/p0/f116.dat:0..0\ntiny/p0/f309.dat:0..0\ntiny/p9/f229.dat:0..8192""]","{""type"":""sampled-content"",""summary"":""changed data and selected unchanged witnesses; qualified roots"",""details"":[]}",
tiny_file_churn,tiny-stat-1-compact-v2,PASS,1.6641851249150932,1bedaeaa3d564286b8ff6a77365d3d7b144a6dc97e236466fa7066826a6acd19,3c797bc6dbfd9b03b919c270b609cad839000b68d67e34f3b00d24717e07f39a,c85cf278477212d28d2e75d3ca3c7389cadd05f918f1d5fd5c1cce6b99a6058f,sha256:9975b10f41d41af17ec0cdd625d587d67f618db475d9390e3c1fe1a31fbe0865,verification/tiny_file_churn/tiny-stat-1-compact-v2/verification.json,"[""no exhaustive Phase 1 replay"",""sampled Workspace proof: no exhaustive namespace, full-file bytes, object census, aliases, or failure injection""]","[""absent_paths="",""full_file_bytes_verified=false"",""full_namespace_verified=false"",""omissions=unselected paths, bytes beyond selected ranges, exhaustive inode/object/reference census, alias and failure injection semantics"",""sampled_paths=.\nwide/s000-f000.dat\ntiny\ntiny/p0/f116.dat"",""sampled_ranges=wide/s000-f000.dat:0..20971\ntiny/p0/f116.dat:0..0""]","{""type"":""sampled-content"",""summary"":""changed data and selected unchanged witnesses; qualified roots"",""details"":[]}",
tiny_file_churn,tiny-stat-10-compact-v2,PASS,1.8630032921209931,1bedaeaa3d564286b8ff6a77365d3d7b144a6dc97e236466fa7066826a6acd19,3c797bc6dbfd9b03b919c270b609cad839000b68d67e34f3b00d24717e07f39a,629db2a198092befb931ab28d5fade7642fafd2b95afe131c22f914ff139db53,sha256:9975b10f41d41af17ec0cdd625d587d67f618db475d9390e3c1fe1a31fbe0865,verification/tiny_file_churn/tiny-stat-10-compact-v2/verification.json,"[""no exhaustive Phase 1 replay"",""sampled Workspace proof: no exhaustive namespace, full-file bytes, object census, aliases, or failure injection""]","[""absent_paths="",""full_file_bytes_verified=false"",""full_namespace_verified=false"",""omissions=unselected paths, bytes beyond selected ranges, exhaustive inode/object/reference census, alias and failure injection semantics"",""sampled_paths=.\nwide/s000-f000.dat\ntiny\ntiny/p0/f116.dat\ntiny/p1/f128.dat\ntiny/p2/f209.dat\ntiny/p3/f432.dat\ntiny/p4/f452.dat\ntiny/p5/f411.dat\ntiny/p6/f488.dat\ntiny/p7/f259.dat\ntiny/p9/f211.dat"",""sampled_ranges=wide/s000-f000.dat:0..20971\ntiny/p0/f116.dat:0..0\ntiny/p1/f128.dat:0..1\ntiny/p2/f209.dat:0..7\ntiny/p3/f432.dat:0..31\ntiny/p4/f452.dat:0..127\ntiny/p5/f411.dat:0..511\ntiny/p6/f488.dat:0..1024\ntiny/p7/f259.dat:0..2500\ntiny/p9/f211.dat:0..8192""]","{""type"":""sampled-content"",""summary"":""changed data and selected unchanged witnesses; qualified roots"",""details"":[]}",
tiny_file_churn,tiny-stat-100-mixed-v4,PASS,4.687502583023161,1bedaeaa3d564286b8ff6a77365d3d7b144a6dc97e236466fa7066826a6acd19,3c797bc6dbfd9b03b919c270b609cad839000b68d67e34f3b00d24717e07f39a,4cef76f58d89eb48a583de05354b36cadf2e924fbcf20f10341cf0568c4b070d,sha256:9975b10f41d41af17ec0cdd625d587d67f618db475d9390e3c1fe1a31fbe0865,verification/tiny_file_churn/tiny-stat-100-mixed-v4/verification.json,"[""no exhaustive Phase 1 replay"",""sampled Workspace proof: no exhaustive namespace, full-file bytes, object census, aliases, or failure injection""]","[""absent_paths="",""full_file_bytes_verified=false"",""full_namespace_verified=false"",""omissions=unselected paths, bytes beyond selected ranges, exhaustive inode/object/reference census, alias and failure injection semantics"",""sampled_paths=.\ndest\nwide\nwide/s000-f000.dat\nregular/s000/f064.dat\nspine/d001/d002/d003/d004/d005/d006/d007/d008/d009/d010/d011/d012/d013/d014/d015/d016/d017/d018/d019/d020/d021/d022/d023/d024/d025/d026/d027/d028/d029/d030/d031/d032/d033/d034/d035/d036/d037/d038/d039/d040/d041/d042/d043/d044/d045/d046/d047/d048/d049/d050/d051/d052/d053/d054/d055/d056/d057/d058/d059/d060/d061/d062/d063/d064/d065/d066/d067/d068/d069/d070/d071/d072/d073/d074/d075/d076/d077/d078/d079/d080/d081/d082/d083/d084/d085/d086/d087/d088/d089/d090/d091/d092/d093/d094/d095/d096/d097/d098/d099/d100/d101/d102/d103/d104/d105/d106/d107/d108/d109/d110/d111/d112/d113/d114/d115/d116/d117/d118/d119/d120/d121/d122/d123/d124/d125/d126/d127/d128/s000.dat\ntiny\ntiny/p0/f116.dat\ntiny/p0/f332.dat\ntiny/p9/f372.dat"",""sampled_ranges=wide/s000-f000.dat:0..65536\nwide/s000-f000.dat:26214400..26279936\nwide/s000-f000.dat:52363264..52428800\nregular/s000/f064.dat:0..4096\nspine/d001/d002/d003/d004/d005/d006/d007/d008/d009/d010/d011/d012/d013/d014/d015/d016/d017/d018/d019/d020/d021/d022/d023/d024/d025/d026/d027/d028/d029/d030/d031/d032/d033/d034/d035/d036/d037/d038/d039/d040/d041/d042/d043/d044/d045/d046/d047/d048/d049/d050/d051/d052/d053/d054/d055/d056/d057/d058/d059/d060/d061/d062/d063/d064/d065/d066/d067/d068/d069/d070/d071/d072/d073/d074/d075/d076/d077/d078/d079/d080/d081/d082/d083/d084/d085/d086/d087/d088/d089/d090/d091/d092/d093/d094/d095/d096/d097/d098/d099/d100/d101/d102/d103/d104/d105/d106/d107/d108/d109/d110/d111/d112/d113/d114/d115/d116/d117/d118/d119/d120/d121/d122/d123/d124/d125/d126/d127/d128/s000.dat:0..4096\ntiny/p0/f116.dat:0..0\ntiny/p0/f332.dat:0..0\ntiny/p9/f372.dat:0..8192""]","{""type"":""sampled-content"",""summary"":""changed data and selected unchanged witnesses; qualified roots"",""details"":[]}",
tiny_file_churn,tiny-stat-500-mixed-v4,PASS,15.140078791882843,1bedaeaa3d564286b8ff6a77365d3d7b144a6dc97e236466fa7066826a6acd19,3c797bc6dbfd9b03b919c270b609cad839000b68d67e34f3b00d24717e07f39a,109bbf3bddbbcf3d9a78374782814096295a489c03118029a6c36c42e44ad08e,sha256:9975b10f41d41af17ec0cdd625d587d67f618db475d9390e3c1fe1a31fbe0865,verification/tiny_file_churn/tiny-stat-500-mixed-v4/verification.json,"[""no exhaustive Phase 1 replay"",""sampled Workspace proof: no exhaustive namespace, full-file bytes, object census, aliases, or failure injection""]","[""absent_paths="",""full_file_bytes_verified=false"",""full_namespace_verified=false"",""omissions=unselected paths, bytes beyond selected ranges, exhaustive inode/object/reference census, alias and failure injection semantics"",""sampled_paths=.\ndest\nwide\nwide/s000-f000.dat\nwide/s000-f001.dat\nregular/s000/f064.dat\nspine/d001/d002/d003/d004/d005/d006/d007/d008/d009/d010/d011/d012/d013/d014/d015/d016/d017/d018/d019/d020/d021/d022/d023/d024/d025/d026/d027/d028/d029/d030/d031/d032/d033/d034/d035/d036/d037/d038/d039/d040/d041/d042/d043/d044/d045/d046/d047/d048/d049/d050/d051/d052/d053/d054/d055/d056/d057/d058/d059/d060/d061/d062/d063/d064/d065/d066/d067/d068/d069/d070/d071/d072/d073/d074/d075/d076/d077/d078/d079/d080/d081/d082/d083/d084/d085/d086/d087/d088/d089/d090/d091/d092/d093/d094/d095/d096/d097/d098/d099/d100/d101/d102/d103/d104/d105/d106/d107/d108/d109/d110/d111/d112/d113/d114/d115/d116/d117/d118/d119/d120/d121/d122/d123/d124/d125/d126/d127/d128/s000.dat\ntiny\ntiny/p0/f116.dat\ntiny/p0/f309.dat\ntiny/p9/f229.dat"",""sampled_ranges=wide/s000-f000.dat:0..65536\nwide/s000-f000.dat:157286400..157351936\nwide/s000-f000.dat:314507264..314572800\nwide/s000-f001.dat:0..65536\nwide/s000-f001.dat:52428800..52494336\nwide/s000-f001.dat:104792064..104857600\nregular/s000/f064.dat:0..4096\nspine/d001/d002/d003/d004/d005/d006/d007/d008/d009/d010/d011/d012/d013/d014/d015/d016/d017/d018/d019/d020/d021/d022/d023/d024/d025/d026/d027/d028/d029/d030/d031/d032/d033/d034/d035/d036/d037/d038/d039/d040/d041/d042/d043/d044/d045/d046/d047/d048/d049/d050/d051/d052/d053/d054/d055/d056/d057/d058/d059/d060/d061/d062/d063/d064/d065/d066/d067/d068/d069/d070/d071/d072/d073/d074/d075/d076/d077/d078/d079/d080/d081/d082/d083/d084/d085/d086/d087/d088/d089/d090/d091/d092/d093/d094/d095/d096/d097/d098/d099/d100/d101/d102/d103/d104/d105/d106/d107/d108/d109/d110/d111/d112/d113/d114/d115/d116/d117/d118/d119/d120/d121/d122/d123/d124/d125/d126/d127/d128/s000.dat:0..4096\ntiny/p0/f116.dat:0..0\ntiny/p0/f309.dat:0..0\ntiny/p9/f229.dat:0..8192""]","{""type"":""sampled-content"",""summary"":""changed data and selected unchanged witnesses; qualified roots"",""details"":[]}",
tiny_file_churn,tiny-unlink-1-compact-v2,PASS,1.5801415829919279,1bedaeaa3d564286b8ff6a77365d3d7b144a6dc97e236466fa7066826a6acd19,3c797bc6dbfd9b03b919c270b609cad839000b68d67e34f3b00d24717e07f39a,5fbd7d5c95406211005609d7674d1bfe2042a8d10bb4f5981e56d4191a6ff286,sha256:9975b10f41d41af17ec0cdd625d587d67f618db475d9390e3c1fe1a31fbe0865,verification/tiny_file_churn/tiny-unlink-1-compact-v2/verification.json,"[""no exhaustive Phase 1 replay"",""sampled Workspace proof: no exhaustive namespace, full-file bytes, object census, aliases, or failure injection""]","[""absent_paths=tiny/p0/f116.dat"",""full_file_bytes_verified=false"",""full_namespace_verified=false"",""omissions=unselected paths, bytes beyond selected ranges, exhaustive inode/object/reference census, alias and failure injection semantics"",""sampled_paths=.\nwide/s000-f000.dat\ntiny"",""sampled_ranges=wide/s000-f000.dat:0..20971""]","{""type"":""sampled-content"",""summary"":""changed data and selected unchanged witnesses; qualified roots"",""details"":[]}",
tiny_file_churn,tiny-unlink-10-compact-v2,PASS,1.5121114579960704,1bedaeaa3d564286b8ff6a77365d3d7b144a6dc97e236466fa7066826a6acd19,3c797bc6dbfd9b03b919c270b609cad839000b68d67e34f3b00d24717e07f39a,a3f3b97692fc3c6c3bd51c028e8ba3d214a5baffe862cb1eaf5bea96a49779b0,sha256:9975b10f41d41af17ec0cdd625d587d67f618db475d9390e3c1fe1a31fbe0865,verification/tiny_file_churn/tiny-unlink-10-compact-v2/verification.json,"[""no exhaustive Phase 1 replay"",""sampled Workspace proof: no exhaustive namespace, full-file bytes, object census, aliases, or failure injection""]","[""absent_paths=tiny/p0/f116.dat\ntiny/p1/f128.dat\ntiny/p2/f209.dat\ntiny/p3/f432.dat\ntiny/p4/f452.dat\ntiny/p5/f411.dat\ntiny/p6/f488.dat\ntiny/p7/f259.dat\ntiny/p9/f211.dat"",""full_file_bytes_verified=false"",""full_namespace_verified=false"",""omissions=unselected paths, bytes beyond selected ranges, exhaustive inode/object/reference census, alias and failure injection semantics"",""sampled_paths=.\nwide/s000-f000.dat\ntiny"",""sampled_ranges=wide/s000-f000.dat:0..20971""]","{""type"":""sampled-content"",""summary"":""changed data and selected unchanged witnesses; qualified roots"",""details"":[]}",
tiny_file_churn,tiny-unlink-100-mixed-v4,PASS,2.215617834124714,1bedaeaa3d564286b8ff6a77365d3d7b144a6dc97e236466fa7066826a6acd19,3c797bc6dbfd9b03b919c270b609cad839000b68d67e34f3b00d24717e07f39a,937d80f3ebe8ba87e3cdf6480279c4e1952434a8f7c301493d95ebf1d7613372,sha256:9975b10f41d41af17ec0cdd625d587d67f618db475d9390e3c1fe1a31fbe0865,verification/tiny_file_churn/tiny-unlink-100-mixed-v4/verification.json,"[""no exhaustive Phase 1 replay"",""sampled Workspace proof: no exhaustive namespace, full-file bytes, object census, aliases, or failure injection""]","[""absent_paths=tiny/p0/f116.dat\ntiny/p0/f332.dat\ntiny/p9/f372.dat"",""full_file_bytes_verified=false"",""full_namespace_verified=false"",""omissions=unselected paths, bytes beyond selected ranges, exhaustive inode/object/reference census, alias and failure injection semantics"",""sampled_paths=.\ndest\nwide\nwide/s000-f000.dat\nregular/s000/f064.dat\nspine/d001/d002/d003/d004/d005/d006/d007/d008/d009/d010/d011/d012/d013/d014/d015/d016/d017/d018/d019/d020/d021/d022/d023/d024/d025/d026/d027/d028/d029/d030/d031/d032/d033/d034/d035/d036/d037/d038/d039/d040/d041/d042/d043/d044/d045/d046/d047/d048/d049/d050/d051/d052/d053/d054/d055/d056/d057/d058/d059/d060/d061/d062/d063/d064/d065/d066/d067/d068/d069/d070/d071/d072/d073/d074/d075/d076/d077/d078/d079/d080/d081/d082/d083/d084/d085/d086/d087/d088/d089/d090/d091/d092/d093/d094/d095/d096/d097/d098/d099/d100/d101/d102/d103/d104/d105/d106/d107/d108/d109/d110/d111/d112/d113/d114/d115/d116/d117/d118/d119/d120/d121/d122/d123/d124/d125/d126/d127/d128/s000.dat\ntiny"",""sampled_ranges=wide/s000-f000.dat:0..65536\nwide/s000-f000.dat:26214400..26279936\nwide/s000-f000.dat:52363264..52428800\nregular/s000/f064.dat:0..4096\nspine/d001/d002/d003/d004/d005/d006/d007/d008/d009/d010/d011/d012/d013/d014/d015/d016/d017/d018/d019/d020/d021/d022/d023/d024/d025/d026/d027/d028/d029/d030/d031/d032/d033/d034/d035/d036/d037/d038/d039/d040/d041/d042/d043/d044/d045/d046/d047/d048/d049/d050/d051/d052/d053/d054/d055/d056/d057/d058/d059/d060/d061/d062/d063/d064/d065/d066/d067/d068/d069/d070/d071/d072/d073/d074/d075/d076/d077/d078/d079/d080/d081/d082/d083/d084/d085/d086/d087/d088/d089/d090/d091/d092/d093/d094/d095/d096/d097/d098/d099/d100/d101/d102/d103/d104/d105/d106/d107/d108/d109/d110/d111/d112/d113/d114/d115/d116/d117/d118/d119/d120/d121/d122/d123/d124/d125/d126/d127/d128/s000.dat:0..4096""]","{""type"":""sampled-content"",""summary"":""changed data and selected unchanged witnesses; qualified roots"",""details"":[]}",
tiny_file_churn,tiny-unlink-500-mixed-v4,PASS,4.306972874794155,1bedaeaa3d564286b8ff6a77365d3d7b144a6dc97e236466fa7066826a6acd19,3c797bc6dbfd9b03b919c270b609cad839000b68d67e34f3b00d24717e07f39a,e5174b0032cc17fb60bba70360c2205c2d0b4c6debeba6b8ea1254a9623ba642,sha256:9975b10f41d41af17ec0cdd625d587d67f618db475d9390e3c1fe1a31fbe0865,verification/tiny_file_churn/tiny-unlink-500-mixed-v4/verification.json,"[""no exhaustive Phase 1 replay"",""sampled Workspace proof: no exhaustive namespace, full-file bytes, object census, aliases, or failure injection""]","[""absent_paths=tiny/p0/f116.dat\ntiny/p0/f309.dat\ntiny/p9/f229.dat"",""full_file_bytes_verified=false"",""full_namespace_verified=false"",""omissions=unselected paths, bytes beyond selected ranges, exhaustive inode/object/reference census, alias and failure injection semantics"",""sampled_paths=.\ndest\nwide\nwide/s000-f000.dat\nwide/s000-f001.dat\nregular/s000/f064.dat\nspine/d001/d002/d003/d004/d005/d006/d007/d008/d009/d010/d011/d012/d013/d014/d015/d016/d017/d018/d019/d020/d021/d022/d023/d024/d025/d026/d027/d028/d029/d030/d031/d032/d033/d034/d035/d036/d037/d038/d039/d040/d041/d042/d043/d044/d045/d046/d047/d048/d049/d050/d051/d052/d053/d054/d055/d056/d057/d058/d059/d060/d061/d062/d063/d064/d065/d066/d067/d068/d069/d070/d071/d072/d073/d074/d075/d076/d077/d078/d079/d080/d081/d082/d083/d084/d085/d086/d087/d088/d089/d090/d091/d092/d093/d094/d095/d096/d097/d098/d099/d100/d101/d102/d103/d104/d105/d106/d107/d108/d109/d110/d111/d112/d113/d114/d115/d116/d117/d118/d119/d120/d121/d122/d123/d124/d125/d126/d127/d128/s000.dat\ntiny"",""sampled_ranges=wide/s000-f000.dat:0..65536\nwide/s000-f000.dat:157286400..157351936\nwide/s000-f000.dat:314507264..314572800\nwide/s000-f001.dat:0..65536\nwide/s000-f001.dat:52428800..52494336\nwide/s000-f001.dat:104792064..104857600\nregular/s000/f064.dat:0..4096\nspine/d001/d002/d003/d004/d005/d006/d007/d008/d009/d010/d011/d012/d013/d014/d015/d016/d017/d018/d019/d020/d021/d022/d023/d024/d025/d026/d027/d028/d029/d030/d031/d032/d033/d034/d035/d036/d037/d038/d039/d040/d041/d042/d043/d044/d045/d046/d047/d048/d049/d050/d051/d052/d053/d054/d055/d056/d057/d058/d059/d060/d061/d062/d063/d064/d065/d066/d067/d068/d069/d070/d071/d072/d073/d074/d075/d076/d077/d078/d079/d080/d081/d082/d083/d084/d085/d086/d087/d088/d089/d090/d091/d092/d093/d094/d095/d096/d097/d098/d099/d100/d101/d102/d103/d104/d105/d106/d107/d108/d109/d110/d111/d112/d113/d114/d115/d116/d117/d118/d119/d120/d121/d122/d123/d124/d125/d126/d127/d128/s000.dat:0..4096""]","{""type"":""sampled-content"",""summary"":""changed data and selected unchanged witnesses; qualified roots"",""details"":[]}",
tiny_file_churn,tiny-bulk-create-1-compact-v2,PASS,1.857313958927989,1bedaeaa3d564286b8ff6a77365d3d7b144a6dc97e236466fa7066826a6acd19,3c797bc6dbfd9b03b919c270b609cad839000b68d67e34f3b00d24717e07f39a,27d5ac68e762e87d4bce6a612e67c05cd4423ed2202e5ef01281d90af27c6f87,sha256:9975b10f41d41af17ec0cdd625d587d67f618db475d9390e3c1fe1a31fbe0865,verification/tiny_file_churn/tiny-bulk-create-1-compact-v2/verification.json,"[""no exhaustive Phase 1 replay"",""sampled Workspace proof: no exhaustive namespace, full-file bytes, object census, aliases, or failure injection""]","[""absent_paths="",""full_file_bytes_verified=false"",""full_namespace_verified=false"",""omissions=unselected paths, bytes beyond selected ranges, exhaustive inode/object/reference census, alias and failure injection semantics"",""sampled_paths=.\nwitness/wide/s000-f000.dat\nwitness\nbulk\nbulk/wide/s000-f000.dat\nbulk/regular/s000/f064.dat\nbulk/regular/s000/f128.dat\nbulk/spine/d001/d002/d003/d004/d005/d006/d007/d008/d009/d010/d011/d012/d013/d014/d015/d016/d017/d018/d019/d020/d021/d022/d023/d024/d025/d026/d027/d028/d029/d030/d031/d032/d033/d034/d035/d036/d037/d038/d039/d040/d041/d042/d043/d044/d045/d046/d047/d048/d049/d050/d051/d052/d053/d054/d055/d056/d057/d058/d059/d060/d061/d062/d063/d064/d065/d066/d067/d068/d069/d070/d071/d072/d073/d074/d075/d076/d077/d078/d079/d080/d081/d082/d083/d084/d085/d086/d087/d088/d089/d090/d091/d092/d093/d094/d095/d096/d097/d098/d099/d100/d101/d102/d103/d104/d105/d106/d107/d108/d109/d110/d111/d112/d113/d114/d115/d116/d117/d118/d119/d120/d121/d122/d123/d124/d125/d126/d127/d128/s000.dat"",""sampled_ranges=witness/wide/s000-f000.dat:0..20971\nbulk/wide/s000-f000.dat:0..20971\nbulk/regular/s000/f064.dat:0..1024\nbulk/regular/s000/f128.dat:0..8192\nbulk/spine/d001/d002/d003/d004/d005/d006/d007/d008/d009/d010/d011/d012/d013/d014/d015/d016/d017/d018/d019/d020/d021/d022/d023/d024/d025/d026/d027/d028/d029/d030/d031/d032/d033/d034/d035/d036/d037/d038/d039/d040/d041/d042/d043/d044/d045/d046/d047/d048/d049/d050/d051/d052/d053/d054/d055/d056/d057/d058/d059/d060/d061/d062/d063/d064/d065/d066/d067/d068/d069/d070/d071/d072/d073/d074/d075/d076/d077/d078/d079/d080/d081/d082/d083/d084/d085/d086/d087/d088/d089/d090/d091/d092/d093/d094/d095/d096/d097/d098/d099/d100/d101/d102/d103/d104/d105/d106/d107/d108/d109/d110/d111/d112/d113/d114/d115/d116/d117/d118/d119/d120/d121/d122/d123/d124/d125/d126/d127/d128/s000.dat:0..53723""]","{""type"":""sampled-content"",""summary"":""changed data and selected unchanged witnesses; qualified roots"",""details"":[]}",
tiny_file_churn,tiny-bulk-create-10-compact-v2,PASS,1.859029124956578,1bedaeaa3d564286b8ff6a77365d3d7b144a6dc97e236466fa7066826a6acd19,3c797bc6dbfd9b03b919c270b609cad839000b68d67e34f3b00d24717e07f39a,7e68c8634b38be7998d25ced8efc4f49540b9ad518b50a0196a863d9afb30c65,sha256:9975b10f41d41af17ec0cdd625d587d67f618db475d9390e3c1fe1a31fbe0865,verification/tiny_file_churn/tiny-bulk-create-10-compact-v2/verification.json,"[""no exhaustive Phase 1 replay"",""sampled Workspace proof: no exhaustive namespace, full-file bytes, object census, aliases, or failure injection""]","[""absent_paths="",""full_file_bytes_verified=false"",""full_namespace_verified=false"",""omissions=unselected paths, bytes beyond selected ranges, exhaustive inode/object/reference census, alias and failure injection semantics"",""sampled_paths=.\nwitness/wide/s000-f000.dat\nwitness\nbulk\nbulk/wide/s000-f000.dat\nbulk/regular/s000/f064.dat\nbulk/regular/s000/f128.dat\nbulk/spine/d001/d002/d003/d004/d005/d006/d007/d008/d009/d010/d011/d012/d013/d014/d015/d016/d017/d018/d019/d020/d021/d022/d023/d024/d025/d026/d027/d028/d029/d030/d031/d032/d033/d034/d035/d036/d037/d038/d039/d040/d041/d042/d043/d044/d045/d046/d047/d048/d049/d050/d051/d052/d053/d054/d055/d056/d057/d058/d059/d060/d061/d062/d063/d064/d065/d066/d067/d068/d069/d070/d071/d072/d073/d074/d075/d076/d077/d078/d079/d080/d081/d082/d083/d084/d085/d086/d087/d088/d089/d090/d091/d092/d093/d094/d095/d096/d097/d098/d099/d100/d101/d102/d103/d104/d105/d106/d107/d108/d109/d110/d111/d112/d113/d114/d115/d116/d117/d118/d119/d120/d121/d122/d123/d124/d125/d126/d127/d128/s000.dat\nbulk/wide/s005-f000.dat\nbulk/regular/s005/f064.dat\nbulk/spine/d001/d002/d003/d004/d005/d006/d007/d008/d009/d010/d011/d012/d013/d014/d015/d016/d017/d018/d019/d020/d021/d022/d023/d024/d025/d026/d027/d028/d029/d030/d031/d032/d033/d034/d035/d036/d037/d038/d039/d040/d041/d042/d043/d044/d045/d046/d047/d048/d049/d050/d051/d052/d053/d054/d055/d056/d057/d058/d059/d060/d061/d062/d063/d064/d065/d066/d067/d068/d069/d070/d071/d072/d073/d074/d075/d076/d077/d078/d079/d080/d081/d082/d083/d084/d085/d086/d087/d088/d089/d090/d091/d092/d093/d094/d095/d096/d097/d098/d099/d100/d101/d102/d103/d104/d105/d106/d107/d108/d109/d110/d111/d112/d113/d114/d115/d116/d117/d118/d119/d120/d121/d122/d123/d124/d125/d126/d127/d128/s005.dat\nbulk/wide/s009-f000.dat\nbulk/regular/s009/f064.dat\nbulk/spine/d001/d002/d003/d004/d005/d006/d007/d008/d009/d010/d011/d012/d013/d014/d015/d016/d017/d018/d019/d020/d021/d022/d023/d024/d025/d026/d027/d028/d029/d030/d031/d032/d033/d034/d035/d036/d037/d038/d039/d040/d041/d042/d043/d044/d045/d046/d047/d048/d049/d050/d051/d052/d053/d054/d055/d056/d057/d058/d059/d060/d061/d062/d063/d064/d065/d066/d067/d068/d069/d070/d071/d072/d073/d074/d075/d076/d077/d078/d079/d080/d081/d082/d083/d084/d085/d086/d087/d088/d089/d090/d091/d092/d093/d094/d095/d096/d097/d098/d099/d100/d101/d102/d103/d104/d105/d106/d107/d108/d109/d110/d111/d112/d113/d114/d115/d116/d117/d118/d119/d120/d121/d122/d123/d124/d125/d126/d127/d128/s009.dat"",""sampled_ranges=witness/wide/s000-f000.dat:0..20971\nbulk/wide/s000-f000.dat:0..20971\nbulk/regular/s000/f064.dat:0..1024\nbulk/regular/s000/f128.dat:0..8192\nbulk/spine/d001/d002/d003/d004/d005/d006/d007/d008/d009/d010/d011/d012/d013/d014/d015/d016/d017/d018/d019/d020/d021/d022/d023/d024/d025/d026/d027/d028/d029/d030/d031/d032/d033/d034/d035/d036/d037/d038/d039/d040/d041/d042/d043/d044/d045/d046/d047/d048/d049/d050/d051/d052/d053/d054/d055/d056/d057/d058/d059/d060/d061/d062/d063/d064/d065/d066/d067/d068/d069/d070/d071/d072/d073/d074/d075/d076/d077/d078/d079/d080/d081/d082/d083/d084/d085/d086/d087/d088/d089/d090/d091/d092/d093/d094/d095/d096/d097/d098/d099/d100/d101/d102/d103/d104/d105/d106/d107/d108/d109/d110/d111/d112/d113/d114/d115/d116/d117/d118/d119/d120/d121/d122/d123/d124/d125/d126/d127/d128/s000.dat:0..53723\nbulk/wide/s005-f000.dat:0..20971\nbulk/regular/s005/f064.dat:0..1024\nbulk/spine/d001/d002/d003/d004/d005/d006/d007/d008/d009/d010/d011/d012/d013/d014/d015/d016/d017/d018/d019/d020/d021/d022/d023/d024/d025/d026/d027/d028/d029/d030/d031/d032/d033/d034/d035/d036/d037/d038/d039/d040/d041/d042/d043/d044/d045/d046/d047/d048/d049/d050/d051/d052/d053/d054/d055/d056/d057/d058/d059/d060/d061/d062/d063/d064/d065/d066/d067/d068/d069/d070/d071/d072/d073/d074/d075/d076/d077/d078/d079/d080/d081/d082/d083/d084/d085/d086/d087/d088/d089/d090/d091/d092/d093/d094/d095/d096/d097/d098/d099/d100/d101/d102/d103/d104/d105/d106/d107/d108/d109/d110/d111/d112/d113/d114/d115/d116/d117/d118/d119/d120/d121/d122/d123/d124/d125/d126/d127/d128/s005.dat:0..53723\nbulk/wide/s009-f000.dat:0..20971\nbulk/regular/s009/f064.dat:0..1024\nbulk/spine/d001/d002/d003/d004/d005/d006/d007/d008/d009/d010/d011/d012/d013/d014/d015/d016/d017/d018/d019/d020/d021/d022/d023/d024/d025/d026/d027/d028/d029/d030/d031/d032/d033/d034/d035/d036/d037/d038/d039/d040/d041/d042/d043/d044/d045/d046/d047/d048/d049/d050/d051/d052/d053/d054/d055/d056/d057/d058/d059/d060/d061/d062/d063/d064/d065/d066/d067/d068/d069/d070/d071/d072/d073/d074/d075/d076/d077/d078/d079/d080/d081/d082/d083/d084/d085/d086/d087/d088/d089/d090/d091/d092/d093/d094/d095/d096/d097/d098/d099/d100/d101/d102/d103/d104/d105/d106/d107/d108/d109/d110/d111/d112/d113/d114/d115/d116/d117/d118/d119/d120/d121/d122/d123/d124/d125/d126/d127/d128/s009.dat:0..53723""]","{""type"":""sampled-content"",""summary"":""changed data and selected unchanged witnesses; qualified roots"",""details"":[]}",
tiny_file_churn,tiny-bulk-create-100-mixed-v3,PASS,3.2811177908442914,1bedaeaa3d564286b8ff6a77365d3d7b144a6dc97e236466fa7066826a6acd19,3c797bc6dbfd9b03b919c270b609cad839000b68d67e34f3b00d24717e07f39a,0691062c66ab3196519c7d2bc251370e36eaa84fef597b931084497403702ee2,sha256:9975b10f41d41af17ec0cdd625d587d67f618db475d9390e3c1fe1a31fbe0865,verification/tiny_file_churn/tiny-bulk-create-100-mixed-v3/verification.json,"[""no exhaustive Phase 1 replay"",""sampled Workspace proof: no exhaustive namespace, full-file bytes, object census, aliases, or failure injection""]","[""absent_paths="",""full_file_bytes_verified=false"",""full_namespace_verified=false"",""omissions=unselected paths, bytes beyond selected ranges, exhaustive inode/object/reference census, alias and failure injection semantics"",""sampled_paths=.\nwitness/wide/s000-f000.dat\nwitness\nbulk\nbulk/wide/s000-f000.dat\nbulk/wide/s000-f001.dat\nbulk/spine/d001/d002/d003/d004/d005/d006/d007/d008/d009/d010/d011/d012/d013/d014/d015/d016/d017/d018/d019/d020/d021/d022/d023/d024/d025/d026/d027/d028/d029/d030/d031/d032/d033/d034/d035/d036/d037/d038/d039/d040/d041/d042/d043/d044/d045/d046/d047/d048/d049/d050/d051/d052/d053/d054/d055/d056/d057/d058/d059/d060/d061/d062/d063/d064/d065/d066/d067/d068/d069/d070/d071/d072/d073/d074/d075/d076/d077/d078/d079/d080/d081/d082/d083/d084/d085/d086/d087/d088/d089/d090/d091/d092/d093/d094/d095/d096/d097/d098/d099/d100/d101/d102/d103/d104/d105/d106/d107/d108/d109/d110/d111/d112/d113/d114/d115/d116/d117/d118/d119/d120/d121/d122/d123/d124/d125/d126/d127/d128/s000.dat\nbulk/wide/s004-f000.dat\nbulk/wide/s004-f001.dat\nbulk/spine/d001/d002/d003/d004/d005/d006/d007/d008/d009/d010/d011/d012/d013/d014/d015/d016/d017/d018/d019/d020/d021/d022/d023/d024/d025/d026/d027/d028/d029/d030/d031/d032/d033/d034/d035/d036/d037/d038/d039/d040/d041/d042/d043/d044/d045/d046/d047/d048/d049/d050/d051/d052/d053/d054/d055/d056/d057/d058/d059/d060/d061/d062/d063/d064/d065/d066/d067/d068/d069/d070/d071/d072/d073/d074/d075/d076/d077/d078/d079/d080/d081/d082/d083/d084/d085/d086/d087/d088/d089/d090/d091/d092/d093/d094/d095/d096/d097/d098/d099/d100/d101/d102/d103/d104/d105/d106/d107/d108/d109/d110/d111/d112/d113/d114/d115/d116/d117/d118/d119/d120/d121/d122/d123/d124/d125/d126/d127/d128/s004.dat"",""sampled_ranges=witness/wide/s000-f000.dat:0..1024\nbulk/wide/s000-f000.dat:0..65536\nbulk/wide/s000-f000.dat:26214400..26279936\nbulk/wide/s000-f000.dat:52363264..52428800\nbulk/wide/s000-f001.dat:0..4096\nbulk/spine/d001/d002/d003/d004/d005/d006/d007/d008/d009/d010/d011/d012/d013/d014/d015/d016/d017/d018/d019/d020/d021/d022/d023/d024/d025/d026/d027/d028/d029/d030/d031/d032/d033/d034/d035/d036/d037/d038/d039/d040/d041/d042/d043/d044/d045/d046/d047/d048/d049/d050/d051/d052/d053/d054/d055/d056/d057/d058/d059/d060/d061/d062/d063/d064/d065/d066/d067/d068/d069/d070/d071/d072/d073/d074/d075/d076/d077/d078/d079/d080/d081/d082/d083/d084/d085/d086/d087/d088/d089/d090/d091/d092/d093/d094/d095/d096/d097/d098/d099/d100/d101/d102/d103/d104/d105/d106/d107/d108/d109/d110/d111/d112/d113/d114/d115/d116/d117/d118/d119/d120/d121/d122/d123/d124/d125/d126/d127/d128/s000.dat:0..4096\nbulk/wide/s004-f000.dat:0..4096\nbulk/wide/s004-f001.dat:0..65536\nbulk/spine/d001/d002/d003/d004/d005/d006/d007/d008/d009/d010/d011/d012/d013/d014/d015/d016/d017/d018/d019/d020/d021/d022/d023/d024/d025/d026/d027/d028/d029/d030/d031/d032/d033/d034/d035/d036/d037/d038/d039/d040/d041/d042/d043/d044/d045/d046/d047/d048/d049/d050/d051/d052/d053/d054/d055/d056/d057/d058/d059/d060/d061/d062/d063/d064/d065/d066/d067/d068/d069/d070/d071/d072/d073/d074/d075/d076/d077/d078/d079/d080/d081/d082/d083/d084/d085/d086/d087/d088/d089/d090/d091/d092/d093/d094/d095/d096/d097/d098/d099/d100/d101/d102/d103/d104/d105/d106/d107/d108/d109/d110/d111/d112/d113/d114/d115/d116/d117/d118/d119/d120/d121/d122/d123/d124/d125/d126/d127/d128/s004.dat:0..65536""]","{""type"":""sampled-content"",""summary"":""changed data and selected unchanged witnesses; qualified roots"",""details"":[]}",
tiny_file_churn,tiny-bulk-create-500-mixed-v3,PASS,9.008737375028431,1bedaeaa3d564286b8ff6a77365d3d7b144a6dc97e236466fa7066826a6acd19,3c797bc6dbfd9b03b919c270b609cad839000b68d67e34f3b00d24717e07f39a,c11e4cefecdb2462eba74a4094ebd7a28b500e63b05b3359d46b626387ff9dfd,sha256:9975b10f41d41af17ec0cdd625d587d67f618db475d9390e3c1fe1a31fbe0865,verification/tiny_file_churn/tiny-bulk-create-500-mixed-v3/verification.json,"[""no exhaustive Phase 1 replay"",""sampled Workspace proof: no exhaustive namespace, full-file bytes, object census, aliases, or failure injection""]","[""absent_paths="",""full_file_bytes_verified=false"",""full_namespace_verified=false"",""omissions=unselected paths, bytes beyond selected ranges, exhaustive inode/object/reference census, alias and failure injection semantics"",""sampled_paths=.\nwitness/wide/s000-f000.dat\nwitness\nbulk\nbulk/wide/s000-f000.dat\nbulk/wide/s000-f001.dat\nbulk/wide/s000-f002.dat\nbulk/wide/s000-f003.dat\nbulk/spine/d001/d002/d003/d004/d005/d006/d007/d008/d009/d010/d011/d012/d013/d014/d015/d016/d017/d018/d019/d020/d021/d022/d023/d024/d025/d026/d027/d028/d029/d030/d031/d032/d033/d034/d035/d036/d037/d038/d039/d040/d041/d042/d043/d044/d045/d046/d047/d048/d049/d050/d051/d052/d053/d054/d055/d056/d057/d058/d059/d060/d061/d062/d063/d064/d065/d066/d067/d068/d069/d070/d071/d072/d073/d074/d075/d076/d077/d078/d079/d080/d081/d082/d083/d084/d085/d086/d087/d088/d089/d090/d091/d092/d093/d094/d095/d096/d097/d098/d099/d100/d101/d102/d103/d104/d105/d106/d107/d108/d109/d110/d111/d112/d113/d114/d115/d116/d117/d118/d119/d120/d121/d122/d123/d124/d125/d126/d127/d128/s000.dat\nbulk/wide/s020-f002.dat\nbulk/wide/s020-f003.dat\nbulk/spine/d001/d002/d003/d004/d005/d006/d007/d008/d009/d010/d011/d012/d013/d014/d015/d016/d017/d018/d019/d020/d021/d022/d023/d024/d025/d026/d027/d028/d029/d030/d031/d032/d033/d034/d035/d036/d037/d038/d039/d040/d041/d042/d043/d044/d045/d046/d047/d048/d049/d050/d051/d052/d053/d054/d055/d056/d057/d058/d059/d060/d061/d062/d063/d064/d065/d066/d067/d068/d069/d070/d071/d072/d073/d074/d075/d076/d077/d078/d079/d080/d081/d082/d083/d084/d085/d086/d087/d088/d089/d090/d091/d092/d093/d094/d095/d096/d097/d098/d099/d100/d101/d102/d103/d104/d105/d106/d107/d108/d109/d110/d111/d112/d113/d114/d115/d116/d117/d118/d119/d120/d121/d122/d123/d124/d125/d126/d127/d128/s024.dat"",""sampled_ranges=witness/wide/s000-f000.dat:0..1024\nbulk/wide/s000-f000.dat:0..65536\nbulk/wide/s000-f000.dat:52428800..52494336\nbulk/wide/s000-f000.dat:104792064..104857600\nbulk/wide/s000-f001.dat:0..65536\nbulk/wide/s000-f001.dat:52428800..52494336\nbulk/wide/s000-f001.dat:104792064..104857600\nbulk/wide/s000-f002.dat:0..65536\nbulk/wide/s000-f002.dat:52428800..52494336\nbulk/wide/s000-f002.dat:104792064..104857600\nbulk/wide/s000-f003.dat:0..4096\nbulk/spine/d001/d002/d003/d004/d005/d006/d007/d008/d009/d010/d011/d012/d013/d014/d015/d016/d017/d018/d019/d020/d021/d022/d023/d024/d025/d026/d027/d028/d029/d030/d031/d032/d033/d034/d035/d036/d037/d038/d039/d040/d041/d042/d043/d044/d045/d046/d047/d048/d049/d050/d051/d052/d053/d054/d055/d056/d057/d058/d059/d060/d061/d062/d063/d064/d065/d066/d067/d068/d069/d070/d071/d072/d073/d074/d075/d076/d077/d078/d079/d080/d081/d082/d083/d084/d085/d086/d087/d088/d089/d090/d091/d092/d093/d094/d095/d096/d097/d098/d099/d100/d101/d102/d103/d104/d105/d106/d107/d108/d109/d110/d111/d112/d113/d114/d115/d116/d117/d118/d119/d120/d121/d122/d123/d124/d125/d126/d127/d128/s000.dat:0..4096\nbulk/wide/s020-f002.dat:0..4096\nbulk/wide/s020-f003.dat:0..65536\nbulk/spine/d001/d002/d003/d004/d005/d006/d007/d008/d009/d010/d011/d012/d013/d014/d015/d016/d017/d018/d019/d020/d021/d022/d023/d024/d025/d026/d027/d028/d029/d030/d031/d032/d033/d034/d035/d036/d037/d038/d039/d040/d041/d042/d043/d044/d045/d046/d047/d048/d049/d050/d051/d052/d053/d054/d055/d056/d057/d058/d059/d060/d061/d062/d063/d064/d065/d066/d067/d068/d069/d070/d071/d072/d073/d074/d075/d076/d077/d078/d079/d080/d081/d082/d083/d084/d085/d086/d087/d088/d089/d090/d091/d092/d093/d094/d095/d096/d097/d098/d099/d100/d101/d102/d103/d104/d105/d106/d107/d108/d109/d110/d111/d112/d113/d114/d115/d116/d117/d118/d119/d120/d121/d122/d123/d124/d125/d126/d127/d128/s024.dat:0..65536""]","{""type"":""sampled-content"",""summary"":""changed data and selected unchanged witnesses; qualified roots"",""details"":[]}",
tiny_file_churn,tiny-bulk-delete-1-compact-v2,PASS,1.7963929162360728,1bedaeaa3d564286b8ff6a77365d3d7b144a6dc97e236466fa7066826a6acd19,3c797bc6dbfd9b03b919c270b609cad839000b68d67e34f3b00d24717e07f39a,96bb420c67630ff1a817abb64a9d342bc45d20db77f64db3d81f0b0b5d92a21b,sha256:9975b10f41d41af17ec0cdd625d587d67f618db475d9390e3c1fe1a31fbe0865,verification/tiny_file_churn/tiny-bulk-delete-1-compact-v2/verification.json,"[""no exhaustive Phase 1 replay"",""sampled Workspace proof: no exhaustive namespace, full-file bytes, object census, aliases, or failure injection""]","[""absent_paths=bulk\nbulk/wide/s000-f000.dat\nbulk/regular/s000/f064.dat\nbulk/regular/s000/f128.dat\nbulk/spine/d001/d002/d003/d004/d005/d006/d007/d008/d009/d010/d011/d012/d013/d014/d015/d016/d017/d018/d019/d020/d021/d022/d023/d024/d025/d026/d027/d028/d029/d030/d031/d032/d033/d034/d035/d036/d037/d038/d039/d040/d041/d042/d043/d044/d045/d046/d047/d048/d049/d050/d051/d052/d053/d054/d055/d056/d057/d058/d059/d060/d061/d062/d063/d064/d065/d066/d067/d068/d069/d070/d071/d072/d073/d074/d075/d076/d077/d078/d079/d080/d081/d082/d083/d084/d085/d086/d087/d088/d089/d090/d091/d092/d093/d094/d095/d096/d097/d098/d099/d100/d101/d102/d103/d104/d105/d106/d107/d108/d109/d110/d111/d112/d113/d114/d115/d116/d117/d118/d119/d120/d121/d122/d123/d124/d125/d126/d127/d128/s000.dat"",""full_file_bytes_verified=false"",""full_namespace_verified=false"",""omissions=unselected paths, bytes beyond selected ranges, exhaustive inode/object/reference census, alias and failure injection semantics"",""sampled_paths=.\nwitness/wide/s000-f000.dat\nwitness"",""sampled_ranges=witness/wide/s000-f000.dat:0..20971""]","{""type"":""sampled-content"",""summary"":""changed data and selected unchanged witnesses; qualified roots"",""details"":[]}",
tiny_file_churn,tiny-bulk-delete-10-compact-v2,PASS,2.326850458048284,1bedaeaa3d564286b8ff6a77365d3d7b144a6dc97e236466fa7066826a6acd19,3c797bc6dbfd9b03b919c270b609cad839000b68d67e34f3b00d24717e07f39a,f5d8a050074ab90a477d36ec7d5380418206aaee77625fbb0fbf172d73b18236,sha256:9975b10f41d41af17ec0cdd625d587d67f618db475d9390e3c1fe1a31fbe0865,verification/tiny_file_churn/tiny-bulk-delete-10-compact-v2/verification.json,"[""no exhaustive Phase 1 replay"",""sampled Workspace proof: no exhaustive namespace, full-file bytes, object census, aliases, or failure injection""]","[""absent_paths=bulk\nbulk/wide/s000-f000.dat\nbulk/regular/s000/f064.dat\nbulk/regular/s000/f128.dat\nbulk/spine/d001/d002/d003/d004/d005/d006/d007/d008/d009/d010/d011/d012/d013/d014/d015/d016/d017/d018/d019/d020/d021/d022/d023/d024/d025/d026/d027/d028/d029/d030/d031/d032/d033/d034/d035/d036/d037/d038/d039/d040/d041/d042/d043/d044/d045/d046/d047/d048/d049/d050/d051/d052/d053/d054/d055/d056/d057/d058/d059/d060/d061/d062/d063/d064/d065/d066/d067/d068/d069/d070/d071/d072/d073/d074/d075/d076/d077/d078/d079/d080/d081/d082/d083/d084/d085/d086/d087/d088/d089/d090/d091/d092/d093/d094/d095/d096/d097/d098/d099/d100/d101/d102/d103/d104/d105/d106/d107/d108/d109/d110/d111/d112/d113/d114/d115/d116/d117/d118/d119/d120/d121/d122/d123/d124/d125/d126/d127/d128/s000.dat\nbulk/wide/s005-f000.dat\nbulk/regular/s005/f064.dat\nbulk/spine/d001/d002/d003/d004/d005/d006/d007/d008/d009/d010/d011/d012/d013/d014/d015/d016/d017/d018/d019/d020/d021/d022/d023/d024/d025/d026/d027/d028/d029/d030/d031/d032/d033/d034/d035/d036/d037/d038/d039/d040/d041/d042/d043/d044/d045/d046/d047/d048/d049/d050/d051/d052/d053/d054/d055/d056/d057/d058/d059/d060/d061/d062/d063/d064/d065/d066/d067/d068/d069/d070/d071/d072/d073/d074/d075/d076/d077/d078/d079/d080/d081/d082/d083/d084/d085/d086/d087/d088/d089/d090/d091/d092/d093/d094/d095/d096/d097/d098/d099/d100/d101/d102/d103/d104/d105/d106/d107/d108/d109/d110/d111/d112/d113/d114/d115/d116/d117/d118/d119/d120/d121/d122/d123/d124/d125/d126/d127/d128/s005.dat\nbulk/wide/s009-f000.dat\nbulk/regular/s009/f064.dat\nbulk/spine/d001/d002/d003/d004/d005/d006/d007/d008/d009/d010/d011/d012/d013/d014/d015/d016/d017/d018/d019/d020/d021/d022/d023/d024/d025/d026/d027/d028/d029/d030/d031/d032/d033/d034/d035/d036/d037/d038/d039/d040/d041/d042/d043/d044/d045/d046/d047/d048/d049/d050/d051/d052/d053/d054/d055/d056/d057/d058/d059/d060/d061/d062/d063/d064/d065/d066/d067/d068/d069/d070/d071/d072/d073/d074/d075/d076/d077/d078/d079/d080/d081/d082/d083/d084/d085/d086/d087/d088/d089/d090/d091/d092/d093/d094/d095/d096/d097/d098/d099/d100/d101/d102/d103/d104/d105/d106/d107/d108/d109/d110/d111/d112/d113/d114/d115/d116/d117/d118/d119/d120/d121/d122/d123/d124/d125/d126/d127/d128/s009.dat"",""full_file_bytes_verified=false"",""full_namespace_verified=false"",""omissions=unselected paths, bytes beyond selected ranges, exhaustive inode/object/reference census, alias and failure injection semantics"",""sampled_paths=.\nwitness/wide/s000-f000.dat\nwitness"",""sampled_ranges=witness/wide/s000-f000.dat:0..20971""]","{""type"":""sampled-content"",""summary"":""changed data and selected unchanged witnesses; qualified roots"",""details"":[]}",
tiny_file_churn,tiny-bulk-delete-100-mixed-v3,PASS,4.3907437501475215,1bedaeaa3d564286b8ff6a77365d3d7b144a6dc97e236466fa7066826a6acd19,3c797bc6dbfd9b03b919c270b609cad839000b68d67e34f3b00d24717e07f39a,a698659311bd417c9306846639b6869404608cd6bb4dc3ee9cac25f7eebee18a,sha256:9975b10f41d41af17ec0cdd625d587d67f618db475d9390e3c1fe1a31fbe0865,verification/tiny_file_churn/tiny-bulk-delete-100-mixed-v3/verification.json,"[""no exhaustive Phase 1 replay"",""sampled Workspace proof: no exhaustive namespace, full-file bytes, object census, aliases, or failure injection""]","[""absent_paths=bulk\nbulk/wide/s000-f000.dat\nbulk/wide/s000-f001.dat\nbulk/spine/d001/d002/d003/d004/d005/d006/d007/d008/d009/d010/d011/d012/d013/d014/d015/d016/d017/d018/d019/d020/d021/d022/d023/d024/d025/d026/d027/d028/d029/d030/d031/d032/d033/d034/d035/d036/d037/d038/d039/d040/d041/d042/d043/d044/d045/d046/d047/d048/d049/d050/d051/d052/d053/d054/d055/d056/d057/d058/d059/d060/d061/d062/d063/d064/d065/d066/d067/d068/d069/d070/d071/d072/d073/d074/d075/d076/d077/d078/d079/d080/d081/d082/d083/d084/d085/d086/d087/d088/d089/d090/d091/d092/d093/d094/d095/d096/d097/d098/d099/d100/d101/d102/d103/d104/d105/d106/d107/d108/d109/d110/d111/d112/d113/d114/d115/d116/d117/d118/d119/d120/d121/d122/d123/d124/d125/d126/d127/d128/s000.dat\nbulk/wide/s004-f000.dat\nbulk/wide/s004-f001.dat\nbulk/spine/d001/d002/d003/d004/d005/d006/d007/d008/d009/d010/d011/d012/d013/d014/d015/d016/d017/d018/d019/d020/d021/d022/d023/d024/d025/d026/d027/d028/d029/d030/d031/d032/d033/d034/d035/d036/d037/d038/d039/d040/d041/d042/d043/d044/d045/d046/d047/d048/d049/d050/d051/d052/d053/d054/d055/d056/d057/d058/d059/d060/d061/d062/d063/d064/d065/d066/d067/d068/d069/d070/d071/d072/d073/d074/d075/d076/d077/d078/d079/d080/d081/d082/d083/d084/d085/d086/d087/d088/d089/d090/d091/d092/d093/d094/d095/d096/d097/d098/d099/d100/d101/d102/d103/d104/d105/d106/d107/d108/d109/d110/d111/d112/d113/d114/d115/d116/d117/d118/d119/d120/d121/d122/d123/d124/d125/d126/d127/d128/s004.dat"",""full_file_bytes_verified=false"",""full_namespace_verified=false"",""omissions=unselected paths, bytes beyond selected ranges, exhaustive inode/object/reference census, alias and failure injection semantics"",""sampled_paths=.\nwitness/wide/s000-f000.dat\nwitness"",""sampled_ranges=witness/wide/s000-f000.dat:0..1024""]","{""type"":""sampled-content"",""summary"":""changed data and selected unchanged witnesses; qualified roots"",""details"":[]}",
tiny_file_churn,tiny-bulk-delete-500-mixed-v3,PASS,19.176117249764502,1bedaeaa3d564286b8ff6a77365d3d7b144a6dc97e236466fa7066826a6acd19,3c797bc6dbfd9b03b919c270b609cad839000b68d67e34f3b00d24717e07f39a,9691b3f938fd0571aac07e167f2346898ddec514c41c7215b327e5d1cf08ae26,sha256:9975b10f41d41af17ec0cdd625d587d67f618db475d9390e3c1fe1a31fbe0865,verification/tiny_file_churn/tiny-bulk-delete-500-mixed-v3/verification.json,"[""no exhaustive Phase 1 replay"",""sampled Workspace proof: no exhaustive namespace, full-file bytes, object census, aliases, or failure injection""]","[""absent_paths=bulk\nbulk/wide/s000-f000.dat\nbulk/wide/s000-f001.dat\nbulk/wide/s000-f002.dat\nbulk/wide/s000-f003.dat\nbulk/spine/d001/d002/d003/d004/d005/d006/d007/d008/d009/d010/d011/d012/d013/d014/d015/d016/d017/d018/d019/d020/d021/d022/d023/d024/d025/d026/d027/d028/d029/d030/d031/d032/d033/d034/d035/d036/d037/d038/d039/d040/d041/d042/d043/d044/d045/d046/d047/d048/d049/d050/d051/d052/d053/d054/d055/d056/d057/d058/d059/d060/d061/d062/d063/d064/d065/d066/d067/d068/d069/d070/d071/d072/d073/d074/d075/d076/d077/d078/d079/d080/d081/d082/d083/d084/d085/d086/d087/d088/d089/d090/d091/d092/d093/d094/d095/d096/d097/d098/d099/d100/d101/d102/d103/d104/d105/d106/d107/d108/d109/d110/d111/d112/d113/d114/d115/d116/d117/d118/d119/d120/d121/d122/d123/d124/d125/d126/d127/d128/s000.dat\nbulk/wide/s020-f002.dat\nbulk/wide/s020-f003.dat\nbulk/spine/d001/d002/d003/d004/d005/d006/d007/d008/d009/d010/d011/d012/d013/d014/d015/d016/d017/d018/d019/d020/d021/d022/d023/d024/d025/d026/d027/d028/d029/d030/d031/d032/d033/d034/d035/d036/d037/d038/d039/d040/d041/d042/d043/d044/d045/d046/d047/d048/d049/d050/d051/d052/d053/d054/d055/d056/d057/d058/d059/d060/d061/d062/d063/d064/d065/d066/d067/d068/d069/d070/d071/d072/d073/d074/d075/d076/d077/d078/d079/d080/d081/d082/d083/d084/d085/d086/d087/d088/d089/d090/d091/d092/d093/d094/d095/d096/d097/d098/d099/d100/d101/d102/d103/d104/d105/d106/d107/d108/d109/d110/d111/d112/d113/d114/d115/d116/d117/d118/d119/d120/d121/d122/d123/d124/d125/d126/d127/d128/s024.dat"",""full_file_bytes_verified=false"",""full_namespace_verified=false"",""omissions=unselected paths, bytes beyond selected ranges, exhaustive inode/object/reference census, alias and failure injection semantics"",""sampled_paths=.\nwitness/wide/s000-f000.dat\nwitness"",""sampled_ranges=witness/wide/s000-f000.dat:0..1024""]","{""type"":""sampled-content"",""summary"":""changed data and selected unchanged witnesses; qualified roots"",""details"":[]}",
namespace_mutation,namespace-subtree-relocate-delete-1-compact-v2,PASS,1.934355332981795,1bedaeaa3d564286b8ff6a77365d3d7b144a6dc97e236466fa7066826a6acd19,3c797bc6dbfd9b03b919c270b609cad839000b68d67e34f3b00d24717e07f39a,99d275a4f12be08f480be3338d0e5b200bfebe78280adee0eed6d332907219e7,sha256:9975b10f41d41af17ec0cdd625d587d67f618db475d9390e3c1fe1a31fbe0865,verification/namespace_mutation/namespace-subtree-relocate-delete-1-compact-v2/verification.json,"[""no exhaustive Phase 1 replay""]",[],"{""type"":""sampled-content"",""summary"":""changed data and selected unchanged witnesses; qualified roots"",""details"":[{""kind"":""fast-canonical-verification"",""receipt"":""{\""actual_read_logical_bytes\"": \""525600\"", \""actual_read_regular_paths\"": \""225\"", \""authenticated_global_inodes\"": \""232\"", \""authenticated_namespace_paths\"": \""232\"", \""canonical_root\"": \""1025406378961d31c388663311cb22cd3d4209e5af9cfbac272cef28cb5c869e\"", \""certificate_binding\"": \""c1a288580601f1cbae6123efbaaa332ca1f3d9aba1f78a30f1cd99080b41e80c\"", \""covered_regular_paths\"": \""0\"", \""full_canonical_census_performed\"": \""false\"", \""fully_verified\"": \""false\"", \""has_reused_reference\"": \""false\"", \""reference_assurance\"": \""independent_current_content\"", \""reference_native_readback\"": \""false\"", \""reference_root_scope\"": \""none\"", \""scope\"": \""full current namespace/global inode/metadata/aliases; selected changed+witness bytes; unchanged file-state/extent/payload subgraph references certified, those current subgraph bytes not read\"", \""skipped_current_store_logical_bytes\"": \""0\"", \""skipped_current_store_regular_paths\"": \""0\"", \""verification_profile\"": \""fast-verify-v2\"", \""verification_status\"": \""fast_iteration_verified\""}"",""step"":1},{""coverage_sha256"":""e3b0c44298fc1c149afbf4c8996fb92427ae41e4649b934ca495991b7852b855"",""kind"":""fast-native-verification"",""receipt"":""absent_paths_verified=54\ncertificate_binding=c1a288580601f1cbae6123efbaaa332ca1f3d9aba1f78a30f1cd99080b41e80c\nchanged_paths_declared=30\ncovered_paths_sha256=e3b0c44298fc1c149afbf4c8996fb92427ae41e4649b934ca495991b7852b855\nfast_witness_profile=native-fast-witness-v2:first-middle-last-seeded-per-namespace-length-depth-class;declared-read-targets\nfully_verified=false\nlogical_bytes=525600\nnative_namespace_paths_verified=232\nnative_namespace_type_source=DirEntry::file_type;platform-metadata-fallback-permitted;skipped-counts-describe-unperformed-checks-not-syscalls\nnative_namespace_types_verified=232\noracle_identity_encoding=structural-entry-recipes-v1\noracle_scope=independent-delta-and-witnesses;complete-native-namespace;certified-unchanged-content-roots-checked-by-host\nreference_assurance=independent_current_content\nselected_independent_oracle_identity=13e558979372d6c7917450a5116076a986488407d12d275d6e0183cabe116f39\nselected_metadata_paths_verified=232\nselected_regular_bytes_verified=525600\nselected_regular_paths_verified=225\nskipped_untouched_metadata_paths=0\nskipped_untouched_regular_bodies=0\nuncertified_regular_paths_checked=225\nverification_status=fast_iteration_verified\nwitness_paths_declared=7\n"",""step"":1}]}",
namespace_mutation,namespace-subtree-relocate-delete-10-compact-v2,PASS,1.9511259589344263,1bedaeaa3d564286b8ff6a77365d3d7b144a6dc97e236466fa7066826a6acd19,3c797bc6dbfd9b03b919c270b609cad839000b68d67e34f3b00d24717e07f39a,b0a76660563a9922315fedb9f4609d88dcfc6d4675a89b84cfba97d25786f388,sha256:9975b10f41d41af17ec0cdd625d587d67f618db475d9390e3c1fe1a31fbe0865,verification/namespace_mutation/namespace-subtree-relocate-delete-10-compact-v2/verification.json,"[""no exhaustive Phase 1 replay""]",[],"{""type"":""sampled-content"",""summary"":""changed data and selected unchanged witnesses; qualified roots"",""details"":[{""kind"":""fast-canonical-verification"",""receipt"":""{\""actual_read_logical_bytes\"": \""756000\"", \""actual_read_regular_paths\"": \""450\"", \""authenticated_global_inodes\"": \""466\"", \""authenticated_namespace_paths\"": \""466\"", \""canonical_root\"": \""5e935149c5d6a8c1f6c6da4eca9073bd11ca94404c7b49547f0d75fb0f51e314\"", \""certificate_binding\"": \""39cc119fb229da4db8ea7c10e35950751ee0a6a3afd81fd74df9d8a10bd0185f\"", \""covered_regular_paths\"": \""0\"", \""full_canonical_census_performed\"": \""false\"", \""fully_verified\"": \""false\"", \""has_reused_reference\"": \""false\"", \""reference_assurance\"": \""independent_current_content\"", \""reference_native_readback\"": \""false\"", \""reference_root_scope\"": \""none\"", \""scope\"": \""full current namespace/global inode/metadata/aliases; selected changed+witness bytes; unchanged file-state/extent/payload subgraph references certified, those current subgraph bytes not read\"", \""skipped_current_store_logical_bytes\"": \""0\"", \""skipped_current_store_regular_paths\"": \""0\"", \""verification_profile\"": \""fast-verify-v2\"", \""verification_status\"": \""fast_iteration_verified\""}"",""step"":1},{""coverage_sha256"":""e3b0c44298fc1c149afbf4c8996fb92427ae41e4649b934ca495991b7852b855"",""kind"":""fast-native-verification"",""receipt"":""absent_paths_verified=522\ncertificate_binding=39cc119fb229da4db8ea7c10e35950751ee0a6a3afd81fd74df9d8a10bd0185f\nchanged_paths_declared=264\ncovered_paths_sha256=e3b0c44298fc1c149afbf4c8996fb92427ae41e4649b934ca495991b7852b855\nfast_witness_profile=native-fast-witness-v2:first-middle-last-seeded-per-namespace-length-depth-class;declared-read-targets\nfully_verified=false\nlogical_bytes=756000\nnative_namespace_paths_verified=466\nnative_namespace_type_source=DirEntry::file_type;platform-metadata-fallback-permitted;skipped-counts-describe-unperformed-checks-not-syscalls\nnative_namespace_types_verified=466\noracle_identity_encoding=structural-entry-recipes-v1\noracle_scope=independent-delta-and-witnesses;complete-native-namespace;certified-unchanged-content-roots-checked-by-host\nreference_assurance=independent_current_content\nselected_independent_oracle_identity=5382316cca915bccf58e4b3c3f8f0a06940a0014504aaf83bf0f10f8d1e5551f\nselected_metadata_paths_verified=466\nselected_regular_bytes_verified=756000\nselected_regular_paths_verified=450\nskipped_untouched_metadata_paths=0\nskipped_untouched_regular_bodies=0\nuncertified_regular_paths_checked=450\nverification_status=fast_iteration_verified\nwitness_paths_declared=7\n"",""step"":1}]}",
namespace_mutation,namespace-subtree-relocate-delete-100-mixed-v4,PASS,4.428649625275284,1bedaeaa3d564286b8ff6a77365d3d7b144a6dc97e236466fa7066826a6acd19,3c797bc6dbfd9b03b919c270b609cad839000b68d67e34f3b00d24717e07f39a,6cef143f5ffc1387a27d59a4b925e48ad090e71c54820a2efa2761831867bc24,sha256:9975b10f41d41af17ec0cdd625d587d67f618db475d9390e3c1fe1a31fbe0865,verification/namespace_mutation/namespace-subtree-relocate-delete-100-mixed-v4/verification.json,"[""no exhaustive Phase 1 replay"",""sampled Workspace proof: no exhaustive namespace, full-file bytes, object census, aliases, or failure injection""]","[""absent_paths=source/tree-b"",""full_file_bytes_verified=false"",""full_namespace_verified=false"",""omissions=unselected paths, bytes beyond selected ranges, exhaustive inode/object/reference census, alias and failure injection semantics"",""sampled_paths=.\ndest\nwide\nwide/s000-f000.dat\nwide/s000-f001.dat\nregular/s000/f064.dat\nspine/d001/d002/d003/d004/d005/d006/d007/d008/d009/d010/d011/d012/d013/d014/d015/d016/d017/d018/d019/d020/d021/d022/d023/d024/d025/d026/d027/d028/d029/d030/d031/d032/d033/d034/d035/d036/d037/d038/d039/d040/d041/d042/d043/d044/d045/d046/d047/d048/d049/d050/d051/d052/d053/d054/d055/d056/d057/d058/d059/d060/d061/d062/d063/d064/d065/d066/d067/d068/d069/d070/d071/d072/d073/d074/d075/d076/d077/d078/d079/d080/d081/d082/d083/d084/d085/d086/d087/d088/d089/d090/d091/d092/d093/d094/d095/d096/d097/d098/d099/d100/d101/d102/d103/d104/d105/d106/d107/d108/d109/d110/d111/d112/d113/d114/d115/d116/d117/d118/d119/d120/d121/d122/d123/d124/d125/d126/d127/d128/s000.dat\nwide/s008-f000.dat\nwide/s008-f001.dat\nspine/d001/d002/d003/d004/d005/d006/d007/d008/d009/d010/d011/d012/d013/d014/d015/d016/d017/d018/d019/d020/d021/d022/d023/d024/d025/d026/d027/d028/d029/d030/d031/d032/d033/d034/d035/d036/d037/d038/d039/d040/d041/d042/d043/d044/d045/d046/d047/d048/d049/d050/d051/d052/d053/d054/d055/d056/d057/d058/d059/d060/d061/d062/d063/d064/d065/d066/d067/d068/d069/d070/d071/d072/d073/d074/d075/d076/d077/d078/d079/d080/d081/d082/d083/d084/d085/d086/d087/d088/d089/d090/d091/d092/d093/d094/d095/d096/d097/d098/d099/d100/d101/d102/d103/d104/d105/d106/d107/d108/d109/d110/d111/d112/d113/d114/d115/d116/d117/d118/d119/d120/d121/d122/d123/d124/d125/d126/d127/d128/s009.dat\ndestination/moved-a\ndestination/moved-a/s000/f000.dat"",""sampled_ranges=wide/s000-f000.dat:0..65536\nwide/s000-f000.dat:26214400..26279936\nwide/s000-f000.dat:52363264..52428800\nwide/s000-f001.dat:0..4096\nregular/s000/f064.dat:0..4096\nspine/d001/d002/d003/d004/d005/d006/d007/d008/d009/d010/d011/d012/d013/d014/d015/d016/d017/d018/d019/d020/d021/d022/d023/d024/d025/d026/d027/d028/d029/d030/d031/d032/d033/d034/d035/d036/d037/d038/d039/d040/d041/d042/d043/d044/d045/d046/d047/d048/d049/d050/d051/d052/d053/d054/d055/d056/d057/d058/d059/d060/d061/d062/d063/d064/d065/d066/d067/d068/d069/d070/d071/d072/d073/d074/d075/d076/d077/d078/d079/d080/d081/d082/d083/d084/d085/d086/d087/d088/d089/d090/d091/d092/d093/d094/d095/d096/d097/d098/d099/d100/d101/d102/d103/d104/d105/d106/d107/d108/d109/d110/d111/d112/d113/d114/d115/d116/d117/d118/d119/d120/d121/d122/d123/d124/d125/d126/d127/d128/s000.dat:0..4096\nwide/s008-f000.dat:0..4096\nwide/s008-f001.dat:0..65536\nspine/d001/d002/d003/d004/d005/d006/d007/d008/d009/d010/d011/d012/d013/d014/d015/d016/d017/d018/d019/d020/d021/d022/d023/d024/d025/d026/d027/d028/d029/d030/d031/d032/d033/d034/d035/d036/d037/d038/d039/d040/d041/d042/d043/d044/d045/d046/d047/d048/d049/d050/d051/d052/d053/d054/d055/d056/d057/d058/d059/d060/d061/d062/d063/d064/d065/d066/d067/d068/d069/d070/d071/d072/d073/d074/d075/d076/d077/d078/d079/d080/d081/d082/d083/d084/d085/d086/d087/d088/d089/d090/d091/d092/d093/d094/d095/d096/d097/d098/d099/d100/d101/d102/d103/d104/d105/d106/d107/d108/d109/d110/d111/d112/d113/d114/d115/d116/d117/d118/d119/d120/d121/d122/d123/d124/d125/d126/d127/d128/s009.dat:0..65536\ndestination/moved-a/s000/f000.dat:0..1024""]","{""type"":""sampled-content"",""summary"":""changed data and selected unchanged witnesses; qualified roots"",""details"":[]}",
namespace_mutation,namespace-subtree-relocate-delete-500-mixed-v4,PASS,15.900314709171653,1bedaeaa3d564286b8ff6a77365d3d7b144a6dc97e236466fa7066826a6acd19,3c797bc6dbfd9b03b919c270b609cad839000b68d67e34f3b00d24717e07f39a,72c6d1206ace342078db9d2c518ac1093381376f863a18cb76cf3af30f7fa1b6,sha256:9975b10f41d41af17ec0cdd625d587d67f618db475d9390e3c1fe1a31fbe0865,verification/namespace_mutation/namespace-subtree-relocate-delete-500-mixed-v4/verification.json,"[""no exhaustive Phase 1 replay"",""sampled Workspace proof: no exhaustive namespace, full-file bytes, object census, aliases, or failure injection""]","[""absent_paths=source/tree-b"",""full_file_bytes_verified=false"",""full_namespace_verified=false"",""omissions=unselected paths, bytes beyond selected ranges, exhaustive inode/object/reference census, alias and failure injection semantics"",""sampled_paths=.\ndest\nwide\nwide/s000-f000.dat\nwide/s000-f001.dat\nwide/s000-f002.dat\nregular/s000/f064.dat\nspine/d001/d002/d003/d004/d005/d006/d007/d008/d009/d010/d011/d012/d013/d014/d015/d016/d017/d018/d019/d020/d021/d022/d023/d024/d025/d026/d027/d028/d029/d030/d031/d032/d033/d034/d035/d036/d037/d038/d039/d040/d041/d042/d043/d044/d045/d046/d047/d048/d049/d050/d051/d052/d053/d054/d055/d056/d057/d058/d059/d060/d061/d062/d063/d064/d065/d066/d067/d068/d069/d070/d071/d072/d073/d074/d075/d076/d077/d078/d079/d080/d081/d082/d083/d084/d085/d086/d087/d088/d089/d090/d091/d092/d093/d094/d095/d096/d097/d098/d099/d100/d101/d102/d103/d104/d105/d106/d107/d108/d109/d110/d111/d112/d113/d114/d115/d116/d117/d118/d119/d120/d121/d122/d123/d124/d125/d126/d127/d128/s000.dat\nwide/s020-f001.dat\nwide/s020-f002.dat\nspine/d001/d002/d003/d004/d005/d006/d007/d008/d009/d010/d011/d012/d013/d014/d015/d016/d017/d018/d019/d020/d021/d022/d023/d024/d025/d026/d027/d028/d029/d030/d031/d032/d033/d034/d035/d036/d037/d038/d039/d040/d041/d042/d043/d044/d045/d046/d047/d048/d049/d050/d051/d052/d053/d054/d055/d056/d057/d058/d059/d060/d061/d062/d063/d064/d065/d066/d067/d068/d069/d070/d071/d072/d073/d074/d075/d076/d077/d078/d079/d080/d081/d082/d083/d084/d085/d086/d087/d088/d089/d090/d091/d092/d093/d094/d095/d096/d097/d098/d099/d100/d101/d102/d103/d104/d105/d106/d107/d108/d109/d110/d111/d112/d113/d114/d115/d116/d117/d118/d119/d120/d121/d122/d123/d124/d125/d126/d127/d128/s024.dat\ndestination/moved-a\ndestination/moved-a/s000/f000.dat"",""sampled_ranges=wide/s000-f000.dat:0..65536\nwide/s000-f000.dat:157286400..157351936\nwide/s000-f000.dat:314507264..314572800\nwide/s000-f001.dat:0..65536\nwide/s000-f001.dat:52428800..52494336\nwide/s000-f001.dat:104792064..104857600\nwide/s000-f002.dat:0..4096\nregular/s000/f064.dat:0..4096\nspine/d001/d002/d003/d004/d005/d006/d007/d008/d009/d010/d011/d012/d013/d014/d015/d016/d017/d018/d019/d020/d021/d022/d023/d024/d025/d026/d027/d028/d029/d030/d031/d032/d033/d034/d035/d036/d037/d038/d039/d040/d041/d042/d043/d044/d045/d046/d047/d048/d049/d050/d051/d052/d053/d054/d055/d056/d057/d058/d059/d060/d061/d062/d063/d064/d065/d066/d067/d068/d069/d070/d071/d072/d073/d074/d075/d076/d077/d078/d079/d080/d081/d082/d083/d084/d085/d086/d087/d088/d089/d090/d091/d092/d093/d094/d095/d096/d097/d098/d099/d100/d101/d102/d103/d104/d105/d106/d107/d108/d109/d110/d111/d112/d113/d114/d115/d116/d117/d118/d119/d120/d121/d122/d123/d124/d125/d126/d127/d128/s000.dat:0..4096\nwide/s020-f001.dat:0..4096\nwide/s020-f002.dat:0..65536\nspine/d001/d002/d003/d004/d005/d006/d007/d008/d009/d010/d011/d012/d013/d014/d015/d016/d017/d018/d019/d020/d021/d022/d023/d024/d025/d026/d027/d028/d029/d030/d031/d032/d033/d034/d035/d036/d037/d038/d039/d040/d041/d042/d043/d044/d045/d046/d047/d048/d049/d050/d051/d052/d053/d054/d055/d056/d057/d058/d059/d060/d061/d062/d063/d064/d065/d066/d067/d068/d069/d070/d071/d072/d073/d074/d075/d076/d077/d078/d079/d080/d081/d082/d083/d084/d085/d086/d087/d088/d089/d090/d091/d092/d093/d094/d095/d096/d097/d098/d099/d100/d101/d102/d103/d104/d105/d106/d107/d108/d109/d110/d111/d112/d113/d114/d115/d116/d117/d118/d119/d120/d121/d122/d123/d124/d125/d126/d127/d128/s024.dat:0..65536\ndestination/moved-a/s000/f000.dat:0..1024""]","{""type"":""sampled-content"",""summary"":""changed data and selected unchanged witnesses; qualified roots"",""details"":[]}",
directory_construction_traversal,directory-construct-1-compact-v2,PASS,1.8342067091725767,1bedaeaa3d564286b8ff6a77365d3d7b144a6dc97e236466fa7066826a6acd19,3c797bc6dbfd9b03b919c270b609cad839000b68d67e34f3b00d24717e07f39a,cb58da303e854077db5a0b1cbb60c50e022abfef463882934985d2c66cadb626,sha256:9975b10f41d41af17ec0cdd625d587d67f618db475d9390e3c1fe1a31fbe0865,verification/directory_construction_traversal/directory-construct-1-compact-v2/verification.json,"[""no exhaustive Phase 1 replay""]",[],"{""type"":""sampled-content"",""summary"":""changed data and selected unchanged witnesses; qualified roots"",""details"":[{""kind"":""fast-canonical-verification"",""receipt"":""{\""actual_read_logical_bytes\"": \""1048576\"", \""actual_read_regular_paths\"": \""50\"", \""authenticated_global_inodes\"": \""186\"", \""authenticated_namespace_paths\"": \""186\"", \""canonical_root\"": \""c105e008e966dda075745e65ef977e6d1be976456cb752d45f0fadb7b9aa5176\"", \""certificate_binding\"": \""e87596eb7b3e00d72d43d7737217fd3c06828017ce43aa2fe43dbcbf40882f2c\"", \""covered_regular_paths\"": \""0\"", \""full_canonical_census_performed\"": \""false\"", \""fully_verified\"": \""false\"", \""has_reused_reference\"": \""false\"", \""reference_assurance\"": \""independent_current_content\"", \""reference_native_readback\"": \""false\"", \""reference_root_scope\"": \""none\"", \""scope\"": \""full current namespace/global inode/metadata/aliases; selected changed+witness bytes; unchanged file-state/extent/payload subgraph references certified, those current subgraph bytes not read\"", \""skipped_current_store_logical_bytes\"": \""0\"", \""skipped_current_store_regular_paths\"": \""0\"", \""verification_profile\"": \""fast-verify-v2\"", \""verification_status\"": \""fast_iteration_verified\""}"",""step"":1},{""coverage_sha256"":""e3b0c44298fc1c149afbf4c8996fb92427ae41e4649b934ca495991b7852b855"",""kind"":""fast-native-verification"",""receipt"":""absent_paths_verified=0\ncertificate_binding=e87596eb7b3e00d72d43d7737217fd3c06828017ce43aa2fe43dbcbf40882f2c\nchanged_paths_declared=3\ncovered_paths_sha256=e3b0c44298fc1c149afbf4c8996fb92427ae41e4649b934ca495991b7852b855\nfast_witness_profile=native-fast-witness-v2:first-middle-last-seeded-per-namespace-length-depth-class;declared-read-targets\nfully_verified=false\nlogical_bytes=1048576\nnative_namespace_paths_verified=186\nnative_namespace_type_source=DirEntry::file_type;platform-metadata-fallback-permitted;skipped-counts-describe-unperformed-checks-not-syscalls\nnative_namespace_types_verified=186\noracle_identity_encoding=structural-entry-recipes-v1\noracle_scope=independent-delta-and-witnesses;complete-native-namespace;certified-unchanged-content-roots-checked-by-host\nreference_assurance=independent_current_content\nselected_independent_oracle_identity=4f7161304dfe8986b7a6c3350c0b5850b5752d4cb8b4363afb4ed1437771b590\nselected_metadata_paths_verified=185\nselected_regular_bytes_verified=1048576\nselected_regular_paths_verified=50\nskipped_untouched_metadata_paths=1\nskipped_untouched_regular_bodies=0\nuncertified_regular_paths_checked=50\nverification_status=fast_iteration_verified\nwitness_paths_declared=143\n"",""step"":1}]}",
directory_construction_traversal,directory-construct-10-compact-v2,PASS,2.4709582081995904,1bedaeaa3d564286b8ff6a77365d3d7b144a6dc97e236466fa7066826a6acd19,3c797bc6dbfd9b03b919c270b609cad839000b68d67e34f3b00d24717e07f39a,66c7ba38f6cd5e9bcd74d1475c5f76d885a039224fcb42de2f4a4eb4333f3b0a,sha256:9975b10f41d41af17ec0cdd625d587d67f618db475d9390e3c1fe1a31fbe0865,verification/directory_construction_traversal/directory-construct-10-compact-v2/verification.json,"[""no exhaustive Phase 1 replay""]",[],"{""type"":""sampled-content"",""summary"":""changed data and selected unchanged witnesses; qualified roots"",""details"":[{""kind"":""fast-canonical-verification"",""receipt"":""{\""actual_read_logical_bytes\"": \""10485760\"", \""actual_read_regular_paths\"": \""500\"", \""authenticated_global_inodes\"": \""699\"", \""authenticated_namespace_paths\"": \""699\"", \""canonical_root\"": \""7c7938e672d0303ddd2493e5a25ebbf5128cb50369c24eac50b98f06e28f6662\"", \""certificate_binding\"": \""8fc7478797161773ff87b2dfe3de47e9d1d337ab8d264059639f91707111aae9\"", \""covered_regular_paths\"": \""0\"", \""full_canonical_census_performed\"": \""false\"", \""fully_verified\"": \""false\"", \""has_reused_reference\"": \""false\"", \""reference_assurance\"": \""independent_current_content\"", \""reference_native_readback\"": \""false\"", \""reference_root_scope\"": \""none\"", \""scope\"": \""full current namespace/global inode/metadata/aliases; selected changed+witness bytes; unchanged file-state/extent/payload subgraph references certified, those current subgraph bytes not read\"", \""skipped_current_store_logical_bytes\"": \""0\"", \""skipped_current_store_regular_paths\"": \""0\"", \""verification_profile\"": \""fast-verify-v2\"", \""verification_status\"": \""fast_iteration_verified\""}"",""step"":1},{""coverage_sha256"":""e3b0c44298fc1c149afbf4c8996fb92427ae41e4649b934ca495991b7852b855"",""kind"":""fast-native-verification"",""receipt"":""absent_paths_verified=0\ncertificate_binding=8fc7478797161773ff87b2dfe3de47e9d1d337ab8d264059639f91707111aae9\nchanged_paths_declared=57\ncovered_paths_sha256=e3b0c44298fc1c149afbf4c8996fb92427ae41e4649b934ca495991b7852b855\nfast_witness_profile=native-fast-witness-v2:first-middle-last-seeded-per-namespace-length-depth-class;declared-read-targets\nfully_verified=false\nlogical_bytes=10485760\nnative_namespace_paths_verified=699\nnative_namespace_type_source=DirEntry::file_type;platform-metadata-fallback-permitted;skipped-counts-describe-unperformed-checks-not-syscalls\nnative_namespace_types_verified=699\noracle_identity_encoding=structural-entry-recipes-v1\noracle_scope=independent-delta-and-witnesses;complete-native-namespace;certified-unchanged-content-roots-checked-by-host\nreference_assurance=independent_current_content\nselected_independent_oracle_identity=38bf499a33eca3596a8796cffbf345989b1c2f65256b47bac5c632fb851358c8\nselected_metadata_paths_verified=698\nselected_regular_bytes_verified=10485760\nselected_regular_paths_verified=500\nskipped_untouched_metadata_paths=1\nskipped_untouched_regular_bodies=0\nuncertified_regular_paths_checked=500\nverification_status=fast_iteration_verified\nwitness_paths_declared=158\n"",""step"":1}]}",
directory_construction_traversal,directory-construct-100-mixed-v4,PASS,4.403138792142272,1bedaeaa3d564286b8ff6a77365d3d7b144a6dc97e236466fa7066826a6acd19,3c797bc6dbfd9b03b919c270b609cad839000b68d67e34f3b00d24717e07f39a,5d61c0ae9c73e01d186064ab6a83b263d06590d6a126a0b9307462b173e7bc21,sha256:9975b10f41d41af17ec0cdd625d587d67f618db475d9390e3c1fe1a31fbe0865,verification/directory_construction_traversal/directory-construct-100-mixed-v4/verification.json,"[""no exhaustive Phase 1 replay"",""sampled Workspace proof: no exhaustive namespace, full-file bytes, object census, aliases, or failure injection""]","[""absent_paths="",""full_file_bytes_verified=false"",""full_namespace_verified=false"",""omissions=unselected paths, bytes beyond selected ranges, exhaustive inode/object/reference census, alias and failure injection semantics"",""sampled_paths=.\ndest\nwide\nwide/s000-f000.dat\nwide/s000-f001.dat\nregular/s000/f064.dat\nspine/d001/d002/d003/d004/d005/d006/d007/d008/d009/d010/d011/d012/d013/d014/d015/d016/d017/d018/d019/d020/d021/d022/d023/d024/d025/d026/d027/d028/d029/d030/d031/d032/d033/d034/d035/d036/d037/d038/d039/d040/d041/d042/d043/d044/d045/d046/d047/d048/d049/d050/d051/d052/d053/d054/d055/d056/d057/d058/d059/d060/d061/d062/d063/d064/d065/d066/d067/d068/d069/d070/d071/d072/d073/d074/d075/d076/d077/d078/d079/d080/d081/d082/d083/d084/d085/d086/d087/d088/d089/d090/d091/d092/d093/d094/d095/d096/d097/d098/d099/d100/d101/d102/d103/d104/d105/d106/d107/d108/d109/d110/d111/d112/d113/d114/d115/d116/d117/d118/d119/d120/d121/d122/d123/d124/d125/d126/d127/d128/s000.dat\nwide/s008-f000.dat\nwide/s008-f001.dat\nspine/d001/d002/d003/d004/d005/d006/d007/d008/d009/d010/d011/d012/d013/d014/d015/d016/d017/d018/d019/d020/d021/d022/d023/d024/d025/d026/d027/d028/d029/d030/d031/d032/d033/d034/d035/d036/d037/d038/d039/d040/d041/d042/d043/d044/d045/d046/d047/d048/d049/d050/d051/d052/d053/d054/d055/d056/d057/d058/d059/d060/d061/d062/d063/d064/d065/d066/d067/d068/d069/d070/d071/d072/d073/d074/d075/d076/d077/d078/d079/d080/d081/d082/d083/d084/d085/d086/d087/d088/d089/d090/d091/d092/d093/d094/d095/d096/d097/d098/d099/d100/d101/d102/d103/d104/d105/d106/d107/d108/d109/d110/d111/d112/d113/d114/d115/d116/d117/d118/d119/d120/d121/d122/d123/d124/d125/d126/d127/d128/s009.dat"",""sampled_ranges=wide/s000-f000.dat:0..65536\nwide/s000-f000.dat:26214400..26279936\nwide/s000-f000.dat:52363264..52428800\nwide/s000-f001.dat:0..4096\nregular/s000/f064.dat:0..4096\nspine/d001/d002/d003/d004/d005/d006/d007/d008/d009/d010/d011/d012/d013/d014/d015/d016/d017/d018/d019/d020/d021/d022/d023/d024/d025/d026/d027/d028/d029/d030/d031/d032/d033/d034/d035/d036/d037/d038/d039/d040/d041/d042/d043/d044/d045/d046/d047/d048/d049/d050/d051/d052/d053/d054/d055/d056/d057/d058/d059/d060/d061/d062/d063/d064/d065/d066/d067/d068/d069/d070/d071/d072/d073/d074/d075/d076/d077/d078/d079/d080/d081/d082/d083/d084/d085/d086/d087/d088/d089/d090/d091/d092/d093/d094/d095/d096/d097/d098/d099/d100/d101/d102/d103/d104/d105/d106/d107/d108/d109/d110/d111/d112/d113/d114/d115/d116/d117/d118/d119/d120/d121/d122/d123/d124/d125/d126/d127/d128/s000.dat:0..4096\nwide/s008-f000.dat:0..4096\nwide/s008-f001.dat:0..65536\nspine/d001/d002/d003/d004/d005/d006/d007/d008/d009/d010/d011/d012/d013/d014/d015/d016/d017/d018/d019/d020/d021/d022/d023/d024/d025/d026/d027/d028/d029/d030/d031/d032/d033/d034/d035/d036/d037/d038/d039/d040/d041/d042/d043/d044/d045/d046/d047/d048/d049/d050/d051/d052/d053/d054/d055/d056/d057/d058/d059/d060/d061/d062/d063/d064/d065/d066/d067/d068/d069/d070/d071/d072/d073/d074/d075/d076/d077/d078/d079/d080/d081/d082/d083/d084/d085/d086/d087/d088/d089/d090/d091/d092/d093/d094/d095/d096/d097/d098/d099/d100/d101/d102/d103/d104/d105/d106/d107/d108/d109/d110/d111/d112/d113/d114/d115/d116/d117/d118/d119/d120/d121/d122/d123/d124/d125/d126/d127/d128/s009.dat:0..65536""]","{""type"":""sampled-content"",""summary"":""changed data and selected unchanged witnesses; qualified roots"",""details"":[]}",
directory_construction_traversal,directory-construct-500-mixed-v4,PASS,16.01527929212898,1bedaeaa3d564286b8ff6a77365d3d7b144a6dc97e236466fa7066826a6acd19,3c797bc6dbfd9b03b919c270b609cad839000b68d67e34f3b00d24717e07f39a,5cee9a6697bac72e3af880a7d64dd5a2651bf86ec053e67281fdb5dbcb08751c,sha256:9975b10f41d41af17ec0cdd625d587d67f618db475d9390e3c1fe1a31fbe0865,verification/directory_construction_traversal/directory-construct-500-mixed-v4/verification.json,"[""no exhaustive Phase 1 replay"",""sampled Workspace proof: no exhaustive namespace, full-file bytes, object census, aliases, or failure injection""]","[""absent_paths="",""full_file_bytes_verified=false"",""full_namespace_verified=false"",""omissions=unselected paths, bytes beyond selected ranges, exhaustive inode/object/reference census, alias and failure injection semantics"",""sampled_paths=.\ndest\nwide\nwide/s000-f000.dat\nwide/s000-f001.dat\nwide/s000-f002.dat\nregular/s000/f064.dat\nspine/d001/d002/d003/d004/d005/d006/d007/d008/d009/d010/d011/d012/d013/d014/d015/d016/d017/d018/d019/d020/d021/d022/d023/d024/d025/d026/d027/d028/d029/d030/d031/d032/d033/d034/d035/d036/d037/d038/d039/d040/d041/d042/d043/d044/d045/d046/d047/d048/d049/d050/d051/d052/d053/d054/d055/d056/d057/d058/d059/d060/d061/d062/d063/d064/d065/d066/d067/d068/d069/d070/d071/d072/d073/d074/d075/d076/d077/d078/d079/d080/d081/d082/d083/d084/d085/d086/d087/d088/d089/d090/d091/d092/d093/d094/d095/d096/d097/d098/d099/d100/d101/d102/d103/d104/d105/d106/d107/d108/d109/d110/d111/d112/d113/d114/d115/d116/d117/d118/d119/d120/d121/d122/d123/d124/d125/d126/d127/d128/s000.dat\nwide/s020-f001.dat\nwide/s020-f002.dat\nspine/d001/d002/d003/d004/d005/d006/d007/d008/d009/d010/d011/d012/d013/d014/d015/d016/d017/d018/d019/d020/d021/d022/d023/d024/d025/d026/d027/d028/d029/d030/d031/d032/d033/d034/d035/d036/d037/d038/d039/d040/d041/d042/d043/d044/d045/d046/d047/d048/d049/d050/d051/d052/d053/d054/d055/d056/d057/d058/d059/d060/d061/d062/d063/d064/d065/d066/d067/d068/d069/d070/d071/d072/d073/d074/d075/d076/d077/d078/d079/d080/d081/d082/d083/d084/d085/d086/d087/d088/d089/d090/d091/d092/d093/d094/d095/d096/d097/d098/d099/d100/d101/d102/d103/d104/d105/d106/d107/d108/d109/d110/d111/d112/d113/d114/d115/d116/d117/d118/d119/d120/d121/d122/d123/d124/d125/d126/d127/d128/s024.dat"",""sampled_ranges=wide/s000-f000.dat:0..65536\nwide/s000-f000.dat:157286400..157351936\nwide/s000-f000.dat:314507264..314572800\nwide/s000-f001.dat:0..65536\nwide/s000-f001.dat:52428800..52494336\nwide/s000-f001.dat:104792064..104857600\nwide/s000-f002.dat:0..4096\nregular/s000/f064.dat:0..4096\nspine/d001/d002/d003/d004/d005/d006/d007/d008/d009/d010/d011/d012/d013/d014/d015/d016/d017/d018/d019/d020/d021/d022/d023/d024/d025/d026/d027/d028/d029/d030/d031/d032/d033/d034/d035/d036/d037/d038/d039/d040/d041/d042/d043/d044/d045/d046/d047/d048/d049/d050/d051/d052/d053/d054/d055/d056/d057/d058/d059/d060/d061/d062/d063/d064/d065/d066/d067/d068/d069/d070/d071/d072/d073/d074/d075/d076/d077/d078/d079/d080/d081/d082/d083/d084/d085/d086/d087/d088/d089/d090/d091/d092/d093/d094/d095/d096/d097/d098/d099/d100/d101/d102/d103/d104/d105/d106/d107/d108/d109/d110/d111/d112/d113/d114/d115/d116/d117/d118/d119/d120/d121/d122/d123/d124/d125/d126/d127/d128/s000.dat:0..4096\nwide/s020-f001.dat:0..4096\nwide/s020-f002.dat:0..65536\nspine/d001/d002/d003/d004/d005/d006/d007/d008/d009/d010/d011/d012/d013/d014/d015/d016/d017/d018/d019/d020/d021/d022/d023/d024/d025/d026/d027/d028/d029/d030/d031/d032/d033/d034/d035/d036/d037/d038/d039/d040/d041/d042/d043/d044/d045/d046/d047/d048/d049/d050/d051/d052/d053/d054/d055/d056/d057/d058/d059/d060/d061/d062/d063/d064/d065/d066/d067/d068/d069/d070/d071/d072/d073/d074/d075/d076/d077/d078/d079/d080/d081/d082/d083/d084/d085/d086/d087/d088/d089/d090/d091/d092/d093/d094/d095/d096/d097/d098/d099/d100/d101/d102/d103/d104/d105/d106/d107/d108/d109/d110/d111/d112/d113/d114/d115/d116/d117/d118/d119/d120/d121/d122/d123/d124/d125/d126/d127/d128/s024.dat:0..65536""]","{""type"":""sampled-content"",""summary"":""changed data and selected unchanged witnesses; qualified roots"",""details"":[]}",
directory_construction_traversal,directory-metadata-scan-1-compact-v2,PASS,1.9332237499766052,1bedaeaa3d564286b8ff6a77365d3d7b144a6dc97e236466fa7066826a6acd19,3c797bc6dbfd9b03b919c270b609cad839000b68d67e34f3b00d24717e07f39a,410c98e38728137cd3b1bf06c8dfe0b21d65430d4e4217f2c3a1b5eb218042d5,sha256:9975b10f41d41af17ec0cdd625d587d67f618db475d9390e3c1fe1a31fbe0865,verification/directory_construction_traversal/directory-metadata-scan-1-compact-v2/verification.json.gz,"[""no exhaustive Phase 1 replay""]",[],"{""type"":""sampled-content"",""summary"":""changed data and selected unchanged witnesses; qualified roots"",""details"":[{""kind"":""fast-canonical-verification"",""receipt"":""{\""actual_read_logical_bytes\"": \""1048576\"", \""actual_read_regular_paths\"": \""50\"", \""authenticated_global_inodes\"": \""184\"", \""authenticated_namespace_paths\"": \""184\"", \""canonical_root\"": \""a53e7635d54cd2b1203072ed7a7bd41c67c2d050a784f52da1e52535aa0e8b05\"", \""certificate_binding\"": \""18f9c08a339e41fa22d7e296263e3fe68a8102fb65d340596968685ff1bf8ae5\"", \""covered_regular_paths\"": \""0\"", \""full_canonical_census_performed\"": \""false\"", \""fully_verified\"": \""false\"", \""has_reused_reference\"": \""false\"", \""reference_assurance\"": \""independent_current_content\"", \""reference_native_readback\"": \""false\"", \""reference_root_scope\"": \""none\"", \""scope\"": \""full current namespace/global inode/metadata/aliases; selected changed+witness bytes; unchanged file-state/extent/payload subgraph references certified, those current subgraph bytes not read\"", \""skipped_current_store_logical_bytes\"": \""0\"", \""skipped_current_store_regular_paths\"": \""0\"", \""verification_profile\"": \""fast-verify-v2\"", \""verification_status\"": \""fast_iteration_verified\""}"",""step"":1},{""coverage_sha256"":""e3b0c44298fc1c149afbf4c8996fb92427ae41e4649b934ca495991b7852b855"",""kind"":""fast-native-verification"",""receipt"":""absent_paths_verified=0\ncertificate_binding=18f9c08a339e41fa22d7e296263e3fe68a8102fb65d340596968685ff1bf8ae5\nchanged_paths_declared=0\ncovered_paths_sha256=e3b0c44298fc1c149afbf4c8996fb92427ae41e4649b934ca495991b7852b855\nfast_witness_profile=native-fast-witness-v2:first-middle-last-seeded-per-namespace-length-depth-class;declared-read-targets\nfully_verified=false\nlogical_bytes=1048576\nnative_namespace_paths_verified=184\nnative_namespace_type_source=DirEntry::file_type;platform-metadata-fallback-permitted;skipped-counts-describe-unperformed-checks-not-syscalls\nnative_namespace_types_verified=184\noracle_identity_encoding=structural-entry-recipes-v1\noracle_scope=independent-delta-and-witnesses;complete-native-namespace;certified-unchanged-content-roots-checked-by-host\nreference_assurance=independent_current_content\nselected_independent_oracle_identity=a4c72aafdb52e6f519781738a15fe8a60ec14350e5a698048f232d55e5af6188\nselected_metadata_paths_verified=183\nselected_regular_bytes_verified=1048576\nselected_regular_paths_verified=50\nskipped_untouched_metadata_paths=1\nskipped_untouched_regular_bodies=0\nuncertified_regular_paths_checked=50\nverification_status=fast_iteration_verified\nwitness_paths_declared=144\n"",""step"":1}]}",
directory_construction_traversal,directory-metadata-scan-10-compact-v2,PASS,2.5388052500784397,1bedaeaa3d564286b8ff6a77365d3d7b144a6dc97e236466fa7066826a6acd19,3c797bc6dbfd9b03b919c270b609cad839000b68d67e34f3b00d24717e07f39a,78c7da06027bba880184fdd2c20908f980e6eb030742fcf8aea3645f322d9f23,sha256:9975b10f41d41af17ec0cdd625d587d67f618db475d9390e3c1fe1a31fbe0865,verification/directory_construction_traversal/directory-metadata-scan-10-compact-v2/verification.json.gz,"[""no exhaustive Phase 1 replay""]",[],"{""type"":""sampled-content"",""summary"":""changed data and selected unchanged witnesses; qualified roots"",""details"":[{""kind"":""fast-canonical-verification"",""receipt"":""{\""actual_read_logical_bytes\"": \""10485760\"", \""actual_read_regular_paths\"": \""500\"", \""authenticated_global_inodes\"": \""643\"", \""authenticated_namespace_paths\"": \""643\"", \""canonical_root\"": \""c29a682ee0f46e9198f65ce681b16f7e90df87e9a9519275be931a5f147cbd34\"", \""certificate_binding\"": \""853204c27f95b75fd3a5ae8a2194a4a6bb02844fe6ceeb535a8fb627c4bb2da0\"", \""covered_regular_paths\"": \""0\"", \""full_canonical_census_performed\"": \""false\"", \""fully_verified\"": \""false\"", \""has_reused_reference\"": \""false\"", \""reference_assurance\"": \""independent_current_content\"", \""reference_native_readback\"": \""false\"", \""reference_root_scope\"": \""none\"", \""scope\"": \""full current namespace/global inode/metadata/aliases; selected changed+witness bytes; unchanged file-state/extent/payload subgraph references certified, those current subgraph bytes not read\"", \""skipped_current_store_logical_bytes\"": \""0\"", \""skipped_current_store_regular_paths\"": \""0\"", \""verification_profile\"": \""fast-verify-v2\"", \""verification_status\"": \""fast_iteration_verified\""}"",""step"":1},{""coverage_sha256"":""e3b0c44298fc1c149afbf4c8996fb92427ae41e4649b934ca495991b7852b855"",""kind"":""fast-native-verification"",""receipt"":""absent_paths_verified=0\ncertificate_binding=853204c27f95b75fd3a5ae8a2194a4a6bb02844fe6ceeb535a8fb627c4bb2da0\nchanged_paths_declared=0\ncovered_paths_sha256=e3b0c44298fc1c149afbf4c8996fb92427ae41e4649b934ca495991b7852b855\nfast_witness_profile=native-fast-witness-v2:first-middle-last-seeded-per-namespace-length-depth-class;declared-read-targets\nfully_verified=false\nlogical_bytes=10485760\nnative_namespace_paths_verified=643\nnative_namespace_type_source=DirEntry::file_type;platform-metadata-fallback-permitted;skipped-counts-describe-unperformed-checks-not-syscalls\nnative_namespace_types_verified=643\noracle_identity_encoding=structural-entry-recipes-v1\noracle_scope=independent-delta-and-witnesses;complete-native-namespace;certified-unchanged-content-roots-checked-by-host\nreference_assurance=independent_current_content\nselected_independent_oracle_identity=05bbfd03a9acbf42bc8b589e347b0d9564d92a535924707e984440914caa1571\nselected_metadata_paths_verified=642\nselected_regular_bytes_verified=10485760\nselected_regular_paths_verified=500\nskipped_untouched_metadata_paths=1\nskipped_untouched_regular_bodies=0\nuncertified_regular_paths_checked=500\nverification_status=fast_iteration_verified\nwitness_paths_declared=156\n"",""step"":1}]}",
directory_construction_traversal,directory-metadata-scan-100-mixed-v4,PASS,4.6578890001401305,1bedaeaa3d564286b8ff6a77365d3d7b144a6dc97e236466fa7066826a6acd19,3c797bc6dbfd9b03b919c270b609cad839000b68d67e34f3b00d24717e07f39a,323236d87587589727cbc7eb2a1bdf368e1413ccffba258c1d25b42678c36728,sha256:9975b10f41d41af17ec0cdd625d587d67f618db475d9390e3c1fe1a31fbe0865,verification/directory_construction_traversal/directory-metadata-scan-100-mixed-v4/verification.json.gz,"[""no exhaustive Phase 1 replay"",""sampled Workspace proof: no exhaustive namespace, full-file bytes, object census, aliases, or failure injection""]","[""absent_paths="",""full_file_bytes_verified=false"",""full_namespace_verified=false"",""omissions=unselected paths, bytes beyond selected ranges, exhaustive inode/object/reference census, alias and failure injection semantics"",""sampled_paths=.\ndest\nwide\nwide/s000-f000.dat\nwide/s000-f001.dat\nregular/s000/f064.dat\nspine/d001/d002/d003/d004/d005/d006/d007/d008/d009/d010/d011/d012/d013/d014/d015/d016/d017/d018/d019/d020/d021/d022/d023/d024/d025/d026/d027/d028/d029/d030/d031/d032/d033/d034/d035/d036/d037/d038/d039/d040/d041/d042/d043/d044/d045/d046/d047/d048/d049/d050/d051/d052/d053/d054/d055/d056/d057/d058/d059/d060/d061/d062/d063/d064/d065/d066/d067/d068/d069/d070/d071/d072/d073/d074/d075/d076/d077/d078/d079/d080/d081/d082/d083/d084/d085/d086/d087/d088/d089/d090/d091/d092/d093/d094/d095/d096/d097/d098/d099/d100/d101/d102/d103/d104/d105/d106/d107/d108/d109/d110/d111/d112/d113/d114/d115/d116/d117/d118/d119/d120/d121/d122/d123/d124/d125/d126/d127/d128/s000.dat\nwide/s008-f000.dat\nwide/s008-f001.dat\nspine/d001/d002/d003/d004/d005/d006/d007/d008/d009/d010/d011/d012/d013/d014/d015/d016/d017/d018/d019/d020/d021/d022/d023/d024/d025/d026/d027/d028/d029/d030/d031/d032/d033/d034/d035/d036/d037/d038/d039/d040/d041/d042/d043/d044/d045/d046/d047/d048/d049/d050/d051/d052/d053/d054/d055/d056/d057/d058/d059/d060/d061/d062/d063/d064/d065/d066/d067/d068/d069/d070/d071/d072/d073/d074/d075/d076/d077/d078/d079/d080/d081/d082/d083/d084/d085/d086/d087/d088/d089/d090/d091/d092/d093/d094/d095/d096/d097/d098/d099/d100/d101/d102/d103/d104/d105/d106/d107/d108/d109/d110/d111/d112/d113/d114/d115/d116/d117/d118/d119/d120/d121/d122/d123/d124/d125/d126/d127/d128/s009.dat"",""sampled_ranges=wide/s000-f000.dat:0..65536\nwide/s000-f000.dat:26214400..26279936\nwide/s000-f000.dat:52363264..52428800\nwide/s000-f001.dat:0..4096\nregular/s000/f064.dat:0..4096\nspine/d001/d002/d003/d004/d005/d006/d007/d008/d009/d010/d011/d012/d013/d014/d015/d016/d017/d018/d019/d020/d021/d022/d023/d024/d025/d026/d027/d028/d029/d030/d031/d032/d033/d034/d035/d036/d037/d038/d039/d040/d041/d042/d043/d044/d045/d046/d047/d048/d049/d050/d051/d052/d053/d054/d055/d056/d057/d058/d059/d060/d061/d062/d063/d064/d065/d066/d067/d068/d069/d070/d071/d072/d073/d074/d075/d076/d077/d078/d079/d080/d081/d082/d083/d084/d085/d086/d087/d088/d089/d090/d091/d092/d093/d094/d095/d096/d097/d098/d099/d100/d101/d102/d103/d104/d105/d106/d107/d108/d109/d110/d111/d112/d113/d114/d115/d116/d117/d118/d119/d120/d121/d122/d123/d124/d125/d126/d127/d128/s000.dat:0..4096\nwide/s008-f000.dat:0..4096\nwide/s008-f001.dat:0..65536\nspine/d001/d002/d003/d004/d005/d006/d007/d008/d009/d010/d011/d012/d013/d014/d015/d016/d017/d018/d019/d020/d021/d022/d023/d024/d025/d026/d027/d028/d029/d030/d031/d032/d033/d034/d035/d036/d037/d038/d039/d040/d041/d042/d043/d044/d045/d046/d047/d048/d049/d050/d051/d052/d053/d054/d055/d056/d057/d058/d059/d060/d061/d062/d063/d064/d065/d066/d067/d068/d069/d070/d071/d072/d073/d074/d075/d076/d077/d078/d079/d080/d081/d082/d083/d084/d085/d086/d087/d088/d089/d090/d091/d092/d093/d094/d095/d096/d097/d098/d099/d100/d101/d102/d103/d104/d105/d106/d107/d108/d109/d110/d111/d112/d113/d114/d115/d116/d117/d118/d119/d120/d121/d122/d123/d124/d125/d126/d127/d128/s009.dat:0..65536""]","{""type"":""sampled-content"",""summary"":""changed data and selected unchanged witnesses; qualified roots"",""details"":[]}",
directory_construction_traversal,directory-metadata-scan-500-mixed-v4,PASS,15.367040832992643,1bedaeaa3d564286b8ff6a77365d3d7b144a6dc97e236466fa7066826a6acd19,3c797bc6dbfd9b03b919c270b609cad839000b68d67e34f3b00d24717e07f39a,6643ac8dc82b99ba667e2e0dda653b433beceb678c5863cf98c32d1b378a0fd9,sha256:9975b10f41d41af17ec0cdd625d587d67f618db475d9390e3c1fe1a31fbe0865,verification/directory_construction_traversal/directory-metadata-scan-500-mixed-v4/verification.json.gz,"[""no exhaustive Phase 1 replay"",""sampled Workspace proof: no exhaustive namespace, full-file bytes, object census, aliases, or failure injection""]","[""absent_paths="",""full_file_bytes_verified=false"",""full_namespace_verified=false"",""omissions=unselected paths, bytes beyond selected ranges, exhaustive inode/object/reference census, alias and failure injection semantics"",""sampled_paths=.\ndest\nwide\nwide/s000-f000.dat\nwide/s000-f001.dat\nwide/s000-f002.dat\nregular/s000/f064.dat\nspine/d001/d002/d003/d004/d005/d006/d007/d008/d009/d010/d011/d012/d013/d014/d015/d016/d017/d018/d019/d020/d021/d022/d023/d024/d025/d026/d027/d028/d029/d030/d031/d032/d033/d034/d035/d036/d037/d038/d039/d040/d041/d042/d043/d044/d045/d046/d047/d048/d049/d050/d051/d052/d053/d054/d055/d056/d057/d058/d059/d060/d061/d062/d063/d064/d065/d066/d067/d068/d069/d070/d071/d072/d073/d074/d075/d076/d077/d078/d079/d080/d081/d082/d083/d084/d085/d086/d087/d088/d089/d090/d091/d092/d093/d094/d095/d096/d097/d098/d099/d100/d101/d102/d103/d104/d105/d106/d107/d108/d109/d110/d111/d112/d113/d114/d115/d116/d117/d118/d119/d120/d121/d122/d123/d124/d125/d126/d127/d128/s000.dat\nwide/s020-f001.dat\nwide/s020-f002.dat\nspine/d001/d002/d003/d004/d005/d006/d007/d008/d009/d010/d011/d012/d013/d014/d015/d016/d017/d018/d019/d020/d021/d022/d023/d024/d025/d026/d027/d028/d029/d030/d031/d032/d033/d034/d035/d036/d037/d038/d039/d040/d041/d042/d043/d044/d045/d046/d047/d048/d049/d050/d051/d052/d053/d054/d055/d056/d057/d058/d059/d060/d061/d062/d063/d064/d065/d066/d067/d068/d069/d070/d071/d072/d073/d074/d075/d076/d077/d078/d079/d080/d081/d082/d083/d084/d085/d086/d087/d088/d089/d090/d091/d092/d093/d094/d095/d096/d097/d098/d099/d100/d101/d102/d103/d104/d105/d106/d107/d108/d109/d110/d111/d112/d113/d114/d115/d116/d117/d118/d119/d120/d121/d122/d123/d124/d125/d126/d127/d128/s024.dat"",""sampled_ranges=wide/s000-f000.dat:0..65536\nwide/s000-f000.dat:157286400..157351936\nwide/s000-f000.dat:314507264..314572800\nwide/s000-f001.dat:0..65536\nwide/s000-f001.dat:52428800..52494336\nwide/s000-f001.dat:104792064..104857600\nwide/s000-f002.dat:0..4096\nregular/s000/f064.dat:0..4096\nspine/d001/d002/d003/d004/d005/d006/d007/d008/d009/d010/d011/d012/d013/d014/d015/d016/d017/d018/d019/d020/d021/d022/d023/d024/d025/d026/d027/d028/d029/d030/d031/d032/d033/d034/d035/d036/d037/d038/d039/d040/d041/d042/d043/d044/d045/d046/d047/d048/d049/d050/d051/d052/d053/d054/d055/d056/d057/d058/d059/d060/d061/d062/d063/d064/d065/d066/d067/d068/d069/d070/d071/d072/d073/d074/d075/d076/d077/d078/d079/d080/d081/d082/d083/d084/d085/d086/d087/d088/d089/d090/d091/d092/d093/d094/d095/d096/d097/d098/d099/d100/d101/d102/d103/d104/d105/d106/d107/d108/d109/d110/d111/d112/d113/d114/d115/d116/d117/d118/d119/d120/d121/d122/d123/d124/d125/d126/d127/d128/s000.dat:0..4096\nwide/s020-f001.dat:0..4096\nwide/s020-f002.dat:0..65536\nspine/d001/d002/d003/d004/d005/d006/d007/d008/d009/d010/d011/d012/d013/d014/d015/d016/d017/d018/d019/d020/d021/d022/d023/d024/d025/d026/d027/d028/d029/d030/d031/d032/d033/d034/d035/d036/d037/d038/d039/d040/d041/d042/d043/d044/d045/d046/d047/d048/d049/d050/d051/d052/d053/d054/d055/d056/d057/d058/d059/d060/d061/d062/d063/d064/d065/d066/d067/d068/d069/d070/d071/d072/d073/d074/d075/d076/d077/d078/d079/d080/d081/d082/d083/d084/d085/d086/d087/d088/d089/d090/d091/d092/d093/d094/d095/d096/d097/d098/d099/d100/d101/d102/d103/d104/d105/d106/d107/d108/d109/d110/d111/d112/d113/d114/d115/d116/d117/d118/d119/d120/d121/d122/d123/d124/d125/d126/d127/d128/s024.dat:0..65536""]","{""type"":""sampled-content"",""summary"":""changed data and selected unchanged witnesses; qualified roots"",""details"":[]}",
directory_construction_traversal,directory-content-scan-1-compact-v2,PASS,1.8085595830343664,1bedaeaa3d564286b8ff6a77365d3d7b144a6dc97e236466fa7066826a6acd19,3c797bc6dbfd9b03b919c270b609cad839000b68d67e34f3b00d24717e07f39a,fecabff8e80aa9eabc43b7f90d164779da4d5dd362cf157b345d13574ba6b6a1,sha256:9975b10f41d41af17ec0cdd625d587d67f618db475d9390e3c1fe1a31fbe0865,verification/directory_construction_traversal/directory-content-scan-1-compact-v2/verification.json.gz,"[""no exhaustive Phase 1 replay""]",[],"{""type"":""sampled-content"",""summary"":""changed data and selected unchanged witnesses; qualified roots"",""details"":[{""kind"":""fast-canonical-verification"",""receipt"":""{\""actual_read_logical_bytes\"": \""1048576\"", \""actual_read_regular_paths\"": \""50\"", \""authenticated_global_inodes\"": \""184\"", \""authenticated_namespace_paths\"": \""184\"", \""canonical_root\"": \""a53e7635d54cd2b1203072ed7a7bd41c67c2d050a784f52da1e52535aa0e8b05\"", \""certificate_binding\"": \""d16f0c5c35046b8083a2d57a9276ea1f5a6060605aba73ecc6aa496ede785bae\"", \""covered_regular_paths\"": \""0\"", \""full_canonical_census_performed\"": \""false\"", \""fully_verified\"": \""false\"", \""has_reused_reference\"": \""false\"", \""reference_assurance\"": \""independent_current_content\"", \""reference_native_readback\"": \""false\"", \""reference_root_scope\"": \""none\"", \""scope\"": \""full current namespace/global inode/metadata/aliases; selected changed+witness bytes; unchanged file-state/extent/payload subgraph references certified, those current subgraph bytes not read\"", \""skipped_current_store_logical_bytes\"": \""0\"", \""skipped_current_store_regular_paths\"": \""0\"", \""verification_profile\"": \""fast-verify-v2\"", \""verification_status\"": \""fast_iteration_verified\""}"",""step"":1},{""coverage_sha256"":""e3b0c44298fc1c149afbf4c8996fb92427ae41e4649b934ca495991b7852b855"",""kind"":""fast-native-verification"",""receipt"":""absent_paths_verified=0\ncertificate_binding=d16f0c5c35046b8083a2d57a9276ea1f5a6060605aba73ecc6aa496ede785bae\nchanged_paths_declared=0\ncovered_paths_sha256=e3b0c44298fc1c149afbf4c8996fb92427ae41e4649b934ca495991b7852b855\nfast_witness_profile=native-fast-witness-v2:first-middle-last-seeded-per-namespace-length-depth-class;declared-read-targets\nfully_verified=false\nlogical_bytes=1048576\nnative_namespace_paths_verified=184\nnative_namespace_type_source=DirEntry::file_type;platform-metadata-fallback-permitted;skipped-counts-describe-unperformed-checks-not-syscalls\nnative_namespace_types_verified=184\noracle_identity_encoding=structural-entry-recipes-v1\noracle_scope=independent-delta-and-witnesses;complete-native-namespace;certified-unchanged-content-roots-checked-by-host\nreference_assurance=independent_current_content\nselected_independent_oracle_identity=a4c72aafdb52e6f519781738a15fe8a60ec14350e5a698048f232d55e5af6188\nselected_metadata_paths_verified=183\nselected_regular_bytes_verified=1048576\nselected_regular_paths_verified=50\nskipped_untouched_metadata_paths=1\nskipped_untouched_regular_bodies=0\nuncertified_regular_paths_checked=50\nverification_status=fast_iteration_verified\nwitness_paths_declared=144\n"",""step"":1}]}",
directory_construction_traversal,directory-content-scan-10-compact-v2,PASS,2.3349620001390576,1bedaeaa3d564286b8ff6a77365d3d7b144a6dc97e236466fa7066826a6acd19,3c797bc6dbfd9b03b919c270b609cad839000b68d67e34f3b00d24717e07f39a,4187d1a5fd65e0021424df5adc38581b10b7d15810803e92b46054843f891d86,sha256:9975b10f41d41af17ec0cdd625d587d67f618db475d9390e3c1fe1a31fbe0865,verification/directory_construction_traversal/directory-content-scan-10-compact-v2/verification.json.gz,"[""no exhaustive Phase 1 replay""]",[],"{""type"":""sampled-content"",""summary"":""changed data and selected unchanged witnesses; qualified roots"",""details"":[{""kind"":""fast-canonical-verification"",""receipt"":""{\""actual_read_logical_bytes\"": \""10485760\"", \""actual_read_regular_paths\"": \""500\"", \""authenticated_global_inodes\"": \""643\"", \""authenticated_namespace_paths\"": \""643\"", \""canonical_root\"": \""c29a682ee0f46e9198f65ce681b16f7e90df87e9a9519275be931a5f147cbd34\"", \""certificate_binding\"": \""a1e7c0b94f87fc9ec285dae781dd7593d25a08649e0ab3238f95cb44dbd33201\"", \""covered_regular_paths\"": \""0\"", \""full_canonical_census_performed\"": \""false\"", \""fully_verified\"": \""false\"", \""has_reused_reference\"": \""false\"", \""reference_assurance\"": \""independent_current_content\"", \""reference_native_readback\"": \""false\"", \""reference_root_scope\"": \""none\"", \""scope\"": \""full current namespace/global inode/metadata/aliases; selected changed+witness bytes; unchanged file-state/extent/payload subgraph references certified, those current subgraph bytes not read\"", \""skipped_current_store_logical_bytes\"": \""0\"", \""skipped_current_store_regular_paths\"": \""0\"", \""verification_profile\"": \""fast-verify-v2\"", \""verification_status\"": \""fast_iteration_verified\""}"",""step"":1},{""coverage_sha256"":""e3b0c44298fc1c149afbf4c8996fb92427ae41e4649b934ca495991b7852b855"",""kind"":""fast-native-verification"",""receipt"":""absent_paths_verified=0\ncertificate_binding=a1e7c0b94f87fc9ec285dae781dd7593d25a08649e0ab3238f95cb44dbd33201\nchanged_paths_declared=0\ncovered_paths_sha256=e3b0c44298fc1c149afbf4c8996fb92427ae41e4649b934ca495991b7852b855\nfast_witness_profile=native-fast-witness-v2:first-middle-last-seeded-per-namespace-length-depth-class;declared-read-targets\nfully_verified=false\nlogical_bytes=10485760\nnative_namespace_paths_verified=643\nnative_namespace_type_source=DirEntry::file_type;platform-metadata-fallback-permitted;skipped-counts-describe-unperformed-checks-not-syscalls\nnative_namespace_types_verified=643\noracle_identity_encoding=structural-entry-recipes-v1\noracle_scope=independent-delta-and-witnesses;complete-native-namespace;certified-unchanged-content-roots-checked-by-host\nreference_assurance=independent_current_content\nselected_independent_oracle_identity=05bbfd03a9acbf42bc8b589e347b0d9564d92a535924707e984440914caa1571\nselected_metadata_paths_verified=642\nselected_regular_bytes_verified=10485760\nselected_regular_paths_verified=500\nskipped_untouched_metadata_paths=1\nskipped_untouched_regular_bodies=0\nuncertified_regular_paths_checked=500\nverification_status=fast_iteration_verified\nwitness_paths_declared=158\n"",""step"":1}]}",
directory_construction_traversal,directory-content-scan-100-mixed-v4,PASS,3.204433625098318,1bedaeaa3d564286b8ff6a77365d3d7b144a6dc97e236466fa7066826a6acd19,3c797bc6dbfd9b03b919c270b609cad839000b68d67e34f3b00d24717e07f39a,1a28099ee45e894490f004f13389b0d11e7649c44378237d39e0ffe25de4f9f2,sha256:9975b10f41d41af17ec0cdd625d587d67f618db475d9390e3c1fe1a31fbe0865,verification/directory_construction_traversal/directory-content-scan-100-mixed-v4/verification.json.gz,"[""no exhaustive Phase 1 replay"",""sampled Workspace proof: no exhaustive namespace, full-file bytes, object census, aliases, or failure injection""]","[""absent_paths="",""full_file_bytes_verified=false"",""full_namespace_verified=false"",""omissions=unselected paths, bytes beyond selected ranges, exhaustive inode/object/reference census, alias and failure injection semantics"",""sampled_paths=.\ndest\nwide\nwide/s000-f000.dat\nwide/s000-f001.dat\nregular/s000/f064.dat\nspine/d001/d002/d003/d004/d005/d006/d007/d008/d009/d010/d011/d012/d013/d014/d015/d016/d017/d018/d019/d020/d021/d022/d023/d024/d025/d026/d027/d028/d029/d030/d031/d032/d033/d034/d035/d036/d037/d038/d039/d040/d041/d042/d043/d044/d045/d046/d047/d048/d049/d050/d051/d052/d053/d054/d055/d056/d057/d058/d059/d060/d061/d062/d063/d064/d065/d066/d067/d068/d069/d070/d071/d072/d073/d074/d075/d076/d077/d078/d079/d080/d081/d082/d083/d084/d085/d086/d087/d088/d089/d090/d091/d092/d093/d094/d095/d096/d097/d098/d099/d100/d101/d102/d103/d104/d105/d106/d107/d108/d109/d110/d111/d112/d113/d114/d115/d116/d117/d118/d119/d120/d121/d122/d123/d124/d125/d126/d127/d128/s000.dat\nwide/s008-f000.dat\nwide/s008-f001.dat\nspine/d001/d002/d003/d004/d005/d006/d007/d008/d009/d010/d011/d012/d013/d014/d015/d016/d017/d018/d019/d020/d021/d022/d023/d024/d025/d026/d027/d028/d029/d030/d031/d032/d033/d034/d035/d036/d037/d038/d039/d040/d041/d042/d043/d044/d045/d046/d047/d048/d049/d050/d051/d052/d053/d054/d055/d056/d057/d058/d059/d060/d061/d062/d063/d064/d065/d066/d067/d068/d069/d070/d071/d072/d073/d074/d075/d076/d077/d078/d079/d080/d081/d082/d083/d084/d085/d086/d087/d088/d089/d090/d091/d092/d093/d094/d095/d096/d097/d098/d099/d100/d101/d102/d103/d104/d105/d106/d107/d108/d109/d110/d111/d112/d113/d114/d115/d116/d117/d118/d119/d120/d121/d122/d123/d124/d125/d126/d127/d128/s009.dat"",""sampled_ranges=wide/s000-f000.dat:0..65536\nwide/s000-f000.dat:26214400..26279936\nwide/s000-f000.dat:52363264..52428800\nwide/s000-f001.dat:0..4096\nregular/s000/f064.dat:0..4096\nspine/d001/d002/d003/d004/d005/d006/d007/d008/d009/d010/d011/d012/d013/d014/d015/d016/d017/d018/d019/d020/d021/d022/d023/d024/d025/d026/d027/d028/d029/d030/d031/d032/d033/d034/d035/d036/d037/d038/d039/d040/d041/d042/d043/d044/d045/d046/d047/d048/d049/d050/d051/d052/d053/d054/d055/d056/d057/d058/d059/d060/d061/d062/d063/d064/d065/d066/d067/d068/d069/d070/d071/d072/d073/d074/d075/d076/d077/d078/d079/d080/d081/d082/d083/d084/d085/d086/d087/d088/d089/d090/d091/d092/d093/d094/d095/d096/d097/d098/d099/d100/d101/d102/d103/d104/d105/d106/d107/d108/d109/d110/d111/d112/d113/d114/d115/d116/d117/d118/d119/d120/d121/d122/d123/d124/d125/d126/d127/d128/s000.dat:0..4096\nwide/s008-f000.dat:0..4096\nwide/s008-f001.dat:0..65536\nspine/d001/d002/d003/d004/d005/d006/d007/d008/d009/d010/d011/d012/d013/d014/d015/d016/d017/d018/d019/d020/d021/d022/d023/d024/d025/d026/d027/d028/d029/d030/d031/d032/d033/d034/d035/d036/d037/d038/d039/d040/d041/d042/d043/d044/d045/d046/d047/d048/d049/d050/d051/d052/d053/d054/d055/d056/d057/d058/d059/d060/d061/d062/d063/d064/d065/d066/d067/d068/d069/d070/d071/d072/d073/d074/d075/d076/d077/d078/d079/d080/d081/d082/d083/d084/d085/d086/d087/d088/d089/d090/d091/d092/d093/d094/d095/d096/d097/d098/d099/d100/d101/d102/d103/d104/d105/d106/d107/d108/d109/d110/d111/d112/d113/d114/d115/d116/d117/d118/d119/d120/d121/d122/d123/d124/d125/d126/d127/d128/s009.dat:0..65536""]","{""type"":""sampled-content"",""summary"":""changed data and selected unchanged witnesses; qualified roots"",""details"":[]}",
directory_construction_traversal,directory-content-scan-500-mixed-v4,PASS,8.218886875081807,1bedaeaa3d564286b8ff6a77365d3d7b144a6dc97e236466fa7066826a6acd19,3c797bc6dbfd9b03b919c270b609cad839000b68d67e34f3b00d24717e07f39a,8da488640edc1a9a31638d257354a0b908d342bd46733e2344adb88075c190e1,sha256:9975b10f41d41af17ec0cdd625d587d67f618db475d9390e3c1fe1a31fbe0865,verification/directory_construction_traversal/directory-content-scan-500-mixed-v4/verification.json.gz,"[""no exhaustive Phase 1 replay"",""sampled Workspace proof: no exhaustive namespace, full-file bytes, object census, aliases, or failure injection""]","[""absent_paths="",""full_file_bytes_verified=false"",""full_namespace_verified=false"",""omissions=unselected paths, bytes beyond selected ranges, exhaustive inode/object/reference census, alias and failure injection semantics"",""sampled_paths=.\ndest\nwide\nwide/s000-f000.dat\nwide/s000-f001.dat\nwide/s000-f002.dat\nregular/s000/f064.dat\nspine/d001/d002/d003/d004/d005/d006/d007/d008/d009/d010/d011/d012/d013/d014/d015/d016/d017/d018/d019/d020/d021/d022/d023/d024/d025/d026/d027/d028/d029/d030/d031/d032/d033/d034/d035/d036/d037/d038/d039/d040/d041/d042/d043/d044/d045/d046/d047/d048/d049/d050/d051/d052/d053/d054/d055/d056/d057/d058/d059/d060/d061/d062/d063/d064/d065/d066/d067/d068/d069/d070/d071/d072/d073/d074/d075/d076/d077/d078/d079/d080/d081/d082/d083/d084/d085/d086/d087/d088/d089/d090/d091/d092/d093/d094/d095/d096/d097/d098/d099/d100/d101/d102/d103/d104/d105/d106/d107/d108/d109/d110/d111/d112/d113/d114/d115/d116/d117/d118/d119/d120/d121/d122/d123/d124/d125/d126/d127/d128/s000.dat\nwide/s020-f001.dat\nwide/s020-f002.dat\nspine/d001/d002/d003/d004/d005/d006/d007/d008/d009/d010/d011/d012/d013/d014/d015/d016/d017/d018/d019/d020/d021/d022/d023/d024/d025/d026/d027/d028/d029/d030/d031/d032/d033/d034/d035/d036/d037/d038/d039/d040/d041/d042/d043/d044/d045/d046/d047/d048/d049/d050/d051/d052/d053/d054/d055/d056/d057/d058/d059/d060/d061/d062/d063/d064/d065/d066/d067/d068/d069/d070/d071/d072/d073/d074/d075/d076/d077/d078/d079/d080/d081/d082/d083/d084/d085/d086/d087/d088/d089/d090/d091/d092/d093/d094/d095/d096/d097/d098/d099/d100/d101/d102/d103/d104/d105/d106/d107/d108/d109/d110/d111/d112/d113/d114/d115/d116/d117/d118/d119/d120/d121/d122/d123/d124/d125/d126/d127/d128/s024.dat"",""sampled_ranges=wide/s000-f000.dat:0..65536\nwide/s000-f000.dat:157286400..157351936\nwide/s000-f000.dat:314507264..314572800\nwide/s000-f001.dat:0..65536\nwide/s000-f001.dat:52428800..52494336\nwide/s000-f001.dat:104792064..104857600\nwide/s000-f002.dat:0..4096\nregular/s000/f064.dat:0..4096\nspine/d001/d002/d003/d004/d005/d006/d007/d008/d009/d010/d011/d012/d013/d014/d015/d016/d017/d018/d019/d020/d021/d022/d023/d024/d025/d026/d027/d028/d029/d030/d031/d032/d033/d034/d035/d036/d037/d038/d039/d040/d041/d042/d043/d044/d045/d046/d047/d048/d049/d050/d051/d052/d053/d054/d055/d056/d057/d058/d059/d060/d061/d062/d063/d064/d065/d066/d067/d068/d069/d070/d071/d072/d073/d074/d075/d076/d077/d078/d079/d080/d081/d082/d083/d084/d085/d086/d087/d088/d089/d090/d091/d092/d093/d094/d095/d096/d097/d098/d099/d100/d101/d102/d103/d104/d105/d106/d107/d108/d109/d110/d111/d112/d113/d114/d115/d116/d117/d118/d119/d120/d121/d122/d123/d124/d125/d126/d127/d128/s000.dat:0..4096\nwide/s020-f001.dat:0..4096\nwide/s020-f002.dat:0..65536\nspine/d001/d002/d003/d004/d005/d006/d007/d008/d009/d010/d011/d012/d013/d014/d015/d016/d017/d018/d019/d020/d021/d022/d023/d024/d025/d026/d027/d028/d029/d030/d031/d032/d033/d034/d035/d036/d037/d038/d039/d040/d041/d042/d043/d044/d045/d046/d047/d048/d049/d050/d051/d052/d053/d054/d055/d056/d057/d058/d059/d060/d061/d062/d063/d064/d065/d066/d067/d068/d069/d070/d071/d072/d073/d074/d075/d076/d077/d078/d079/d080/d081/d082/d083/d084/d085/d086/d087/d088/d089/d090/d091/d092/d093/d094/d095/d096/d097/d098/d099/d100/d101/d102/d103/d104/d105/d106/d107/d108/d109/d110/d111/d112/d113/d114/d115/d116/d117/d118/d119/d120/d121/d122/d123/d124/d125/d126/d127/d128/s024.dat:0..65536""]","{""type"":""sampled-content"",""summary"":""changed data and selected unchanged witnesses; qualified roots"",""details"":[]}",
workspace_change_locality,workspace-clean-commit-1-compact-v2,PASS,1.6036402923054993,1bedaeaa3d564286b8ff6a77365d3d7b144a6dc97e236466fa7066826a6acd19,3c797bc6dbfd9b03b919c270b609cad839000b68d67e34f3b00d24717e07f39a,bc88d70a0059d8e6b70179adaa1711c46783a6e0f7a577231c3549567951fcad,sha256:9975b10f41d41af17ec0cdd625d587d67f618db475d9390e3c1fe1a31fbe0865,verification/workspace_change_locality/workspace-clean-commit-1-compact-v2/verification.json,"[""no exhaustive Phase 1 replay""]",[],"{""type"":""sampled-content"",""summary"":""changed data and selected unchanged witnesses; qualified roots"",""details"":[{""kind"":""fast-canonical-verification"",""receipt"":""{\""actual_read_logical_bytes\"": \""1048576\"", \""actual_read_regular_paths\"": \""50\"", \""authenticated_global_inodes\"": \""184\"", \""authenticated_namespace_paths\"": \""184\"", \""canonical_root\"": \""a53e7635d54cd2b1203072ed7a7bd41c67c2d050a784f52da1e52535aa0e8b05\"", \""certificate_binding\"": \""3880e3472353d64e6d04802e214990f13bad99b7afdacce84d7cfa85f75e4934\"", \""covered_regular_paths\"": \""0\"", \""full_canonical_census_performed\"": \""false\"", \""fully_verified\"": \""false\"", \""has_reused_reference\"": \""false\"", \""reference_assurance\"": \""independent_current_content\"", \""reference_native_readback\"": \""false\"", \""reference_root_scope\"": \""none\"", \""scope\"": \""full current namespace/global inode/metadata/aliases; selected changed+witness bytes; unchanged file-state/extent/payload subgraph references certified, those current subgraph bytes not read\"", \""skipped_current_store_logical_bytes\"": \""0\"", \""skipped_current_store_regular_paths\"": \""0\"", \""verification_profile\"": \""fast-verify-v2\"", \""verification_status\"": \""fast_iteration_verified\""}"",""step"":1},{""coverage_sha256"":""e3b0c44298fc1c149afbf4c8996fb92427ae41e4649b934ca495991b7852b855"",""kind"":""fast-native-verification"",""receipt"":""absent_paths_verified=0\ncertificate_binding=3880e3472353d64e6d04802e214990f13bad99b7afdacce84d7cfa85f75e4934\nchanged_paths_declared=0\ncovered_paths_sha256=e3b0c44298fc1c149afbf4c8996fb92427ae41e4649b934ca495991b7852b855\nfast_witness_profile=native-fast-witness-v2:first-middle-last-seeded-per-namespace-length-depth-class;declared-read-targets\nfully_verified=false\nlogical_bytes=1048576\nnative_namespace_paths_verified=184\nnative_namespace_type_source=DirEntry::file_type;platform-metadata-fallback-permitted;skipped-counts-describe-unperformed-checks-not-syscalls\nnative_namespace_types_verified=184\noracle_identity_encoding=structural-entry-recipes-v1\noracle_scope=independent-delta-and-witnesses;complete-native-namespace;certified-unchanged-content-roots-checked-by-host\nreference_assurance=independent_current_content\nselected_independent_oracle_identity=a4c72aafdb52e6f519781738a15fe8a60ec14350e5a698048f232d55e5af6188\nselected_metadata_paths_verified=183\nselected_regular_bytes_verified=1048576\nselected_regular_paths_verified=50\nskipped_untouched_metadata_paths=1\nskipped_untouched_regular_bodies=0\nuncertified_regular_paths_checked=50\nverification_status=fast_iteration_verified\nwitness_paths_declared=144\n"",""step"":1}]}",
workspace_change_locality,workspace-clean-commit-10-compact-v2,PASS,2.133901999797672,1bedaeaa3d564286b8ff6a77365d3d7b144a6dc97e236466fa7066826a6acd19,3c797bc6dbfd9b03b919c270b609cad839000b68d67e34f3b00d24717e07f39a,c4f18ba8531d4aa1ad718a3d3ca1807005b36a4642c539d32059e696af042a47,sha256:9975b10f41d41af17ec0cdd625d587d67f618db475d9390e3c1fe1a31fbe0865,verification/workspace_change_locality/workspace-clean-commit-10-compact-v2/verification.json,"[""no exhaustive Phase 1 replay""]",[],"{""type"":""sampled-content"",""summary"":""changed data and selected unchanged witnesses; qualified roots"",""details"":[{""kind"":""fast-canonical-verification"",""receipt"":""{\""actual_read_logical_bytes\"": \""10485760\"", \""actual_read_regular_paths\"": \""500\"", \""authenticated_global_inodes\"": \""643\"", \""authenticated_namespace_paths\"": \""643\"", \""canonical_root\"": \""c29a682ee0f46e9198f65ce681b16f7e90df87e9a9519275be931a5f147cbd34\"", \""certificate_binding\"": \""7d56cbc96e428873fbf0294b1a48a5c5ea47227692e68d628cc31449120904c1\"", \""covered_regular_paths\"": \""0\"", \""full_canonical_census_performed\"": \""false\"", \""fully_verified\"": \""false\"", \""has_reused_reference\"": \""false\"", \""reference_assurance\"": \""independent_current_content\"", \""reference_native_readback\"": \""false\"", \""reference_root_scope\"": \""none\"", \""scope\"": \""full current namespace/global inode/metadata/aliases; selected changed+witness bytes; unchanged file-state/extent/payload subgraph references certified, those current subgraph bytes not read\"", \""skipped_current_store_logical_bytes\"": \""0\"", \""skipped_current_store_regular_paths\"": \""0\"", \""verification_profile\"": \""fast-verify-v2\"", \""verification_status\"": \""fast_iteration_verified\""}"",""step"":1},{""coverage_sha256"":""e3b0c44298fc1c149afbf4c8996fb92427ae41e4649b934ca495991b7852b855"",""kind"":""fast-native-verification"",""receipt"":""absent_paths_verified=0\ncertificate_binding=7d56cbc96e428873fbf0294b1a48a5c5ea47227692e68d628cc31449120904c1\nchanged_paths_declared=0\ncovered_paths_sha256=e3b0c44298fc1c149afbf4c8996fb92427ae41e4649b934ca495991b7852b855\nfast_witness_profile=native-fast-witness-v2:first-middle-last-seeded-per-namespace-length-depth-class;declared-read-targets\nfully_verified=false\nlogical_bytes=10485760\nnative_namespace_paths_verified=643\nnative_namespace_type_source=DirEntry::file_type;platform-metadata-fallback-permitted;skipped-counts-describe-unperformed-checks-not-syscalls\nnative_namespace_types_verified=643\noracle_identity_encoding=structural-entry-recipes-v1\noracle_scope=independent-delta-and-witnesses;complete-native-namespace;certified-unchanged-content-roots-checked-by-host\nreference_assurance=independent_current_content\nselected_independent_oracle_identity=05bbfd03a9acbf42bc8b589e347b0d9564d92a535924707e984440914caa1571\nselected_metadata_paths_verified=642\nselected_regular_bytes_verified=10485760\nselected_regular_paths_verified=500\nskipped_untouched_metadata_paths=1\nskipped_untouched_regular_bodies=0\nuncertified_regular_paths_checked=500\nverification_status=fast_iteration_verified\nwitness_paths_declared=158\n"",""step"":1}]}",
workspace_change_locality,workspace-clean-commit-100-mixed-v4,PASS,1.983244125265628,1bedaeaa3d564286b8ff6a77365d3d7b144a6dc97e236466fa7066826a6acd19,3c797bc6dbfd9b03b919c270b609cad839000b68d67e34f3b00d24717e07f39a,7dda224bf6c4bc4cfb708ff335aabcf533f0682e5c25b9dad50a69326c2b2712,sha256:9975b10f41d41af17ec0cdd625d587d67f618db475d9390e3c1fe1a31fbe0865,verification/workspace_change_locality/workspace-clean-commit-100-mixed-v4/verification.json,"[""no exhaustive Phase 1 replay"",""sampled Workspace proof: no exhaustive namespace, full-file bytes, object census, aliases, or failure injection""]","[""absent_paths="",""full_file_bytes_verified=false"",""full_namespace_verified=false"",""omissions=unselected paths, bytes beyond selected ranges, exhaustive inode/object/reference census, alias and failure injection semantics"",""sampled_paths=.\ndest\nwide\nwide/s000-f000.dat\nwide/s000-f001.dat\nregular/s000/f064.dat\nspine/d001/d002/d003/d004/d005/d006/d007/d008/d009/d010/d011/d012/d013/d014/d015/d016/d017/d018/d019/d020/d021/d022/d023/d024/d025/d026/d027/d028/d029/d030/d031/d032/d033/d034/d035/d036/d037/d038/d039/d040/d041/d042/d043/d044/d045/d046/d047/d048/d049/d050/d051/d052/d053/d054/d055/d056/d057/d058/d059/d060/d061/d062/d063/d064/d065/d066/d067/d068/d069/d070/d071/d072/d073/d074/d075/d076/d077/d078/d079/d080/d081/d082/d083/d084/d085/d086/d087/d088/d089/d090/d091/d092/d093/d094/d095/d096/d097/d098/d099/d100/d101/d102/d103/d104/d105/d106/d107/d108/d109/d110/d111/d112/d113/d114/d115/d116/d117/d118/d119/d120/d121/d122/d123/d124/d125/d126/d127/d128/s000.dat\nwide/s008-f000.dat\nwide/s008-f001.dat\nspine/d001/d002/d003/d004/d005/d006/d007/d008/d009/d010/d011/d012/d013/d014/d015/d016/d017/d018/d019/d020/d021/d022/d023/d024/d025/d026/d027/d028/d029/d030/d031/d032/d033/d034/d035/d036/d037/d038/d039/d040/d041/d042/d043/d044/d045/d046/d047/d048/d049/d050/d051/d052/d053/d054/d055/d056/d057/d058/d059/d060/d061/d062/d063/d064/d065/d066/d067/d068/d069/d070/d071/d072/d073/d074/d075/d076/d077/d078/d079/d080/d081/d082/d083/d084/d085/d086/d087/d088/d089/d090/d091/d092/d093/d094/d095/d096/d097/d098/d099/d100/d101/d102/d103/d104/d105/d106/d107/d108/d109/d110/d111/d112/d113/d114/d115/d116/d117/d118/d119/d120/d121/d122/d123/d124/d125/d126/d127/d128/s009.dat"",""sampled_ranges=wide/s000-f000.dat:0..65536\nwide/s000-f000.dat:26214400..26279936\nwide/s000-f000.dat:52363264..52428800\nwide/s000-f001.dat:0..4096\nregular/s000/f064.dat:0..4096\nspine/d001/d002/d003/d004/d005/d006/d007/d008/d009/d010/d011/d012/d013/d014/d015/d016/d017/d018/d019/d020/d021/d022/d023/d024/d025/d026/d027/d028/d029/d030/d031/d032/d033/d034/d035/d036/d037/d038/d039/d040/d041/d042/d043/d044/d045/d046/d047/d048/d049/d050/d051/d052/d053/d054/d055/d056/d057/d058/d059/d060/d061/d062/d063/d064/d065/d066/d067/d068/d069/d070/d071/d072/d073/d074/d075/d076/d077/d078/d079/d080/d081/d082/d083/d084/d085/d086/d087/d088/d089/d090/d091/d092/d093/d094/d095/d096/d097/d098/d099/d100/d101/d102/d103/d104/d105/d106/d107/d108/d109/d110/d111/d112/d113/d114/d115/d116/d117/d118/d119/d120/d121/d122/d123/d124/d125/d126/d127/d128/s000.dat:0..4096\nwide/s008-f000.dat:0..4096\nwide/s008-f001.dat:0..65536\nspine/d001/d002/d003/d004/d005/d006/d007/d008/d009/d010/d011/d012/d013/d014/d015/d016/d017/d018/d019/d020/d021/d022/d023/d024/d025/d026/d027/d028/d029/d030/d031/d032/d033/d034/d035/d036/d037/d038/d039/d040/d041/d042/d043/d044/d045/d046/d047/d048/d049/d050/d051/d052/d053/d054/d055/d056/d057/d058/d059/d060/d061/d062/d063/d064/d065/d066/d067/d068/d069/d070/d071/d072/d073/d074/d075/d076/d077/d078/d079/d080/d081/d082/d083/d084/d085/d086/d087/d088/d089/d090/d091/d092/d093/d094/d095/d096/d097/d098/d099/d100/d101/d102/d103/d104/d105/d106/d107/d108/d109/d110/d111/d112/d113/d114/d115/d116/d117/d118/d119/d120/d121/d122/d123/d124/d125/d126/d127/d128/s009.dat:0..65536""]","{""type"":""sampled-content"",""summary"":""changed data and selected unchanged witnesses; qualified roots"",""details"":[]}",
workspace_change_locality,workspace-clean-commit-500-mixed-v4,PASS,4.171032125130296,1bedaeaa3d564286b8ff6a77365d3d7b144a6dc97e236466fa7066826a6acd19,3c797bc6dbfd9b03b919c270b609cad839000b68d67e34f3b00d24717e07f39a,61a6961db19f1e351f040c9aac144e8f5e38ab063145bd401a579981bc617bc9,sha256:9975b10f41d41af17ec0cdd625d587d67f618db475d9390e3c1fe1a31fbe0865,verification/workspace_change_locality/workspace-clean-commit-500-mixed-v4/verification.json,"[""no exhaustive Phase 1 replay"",""sampled Workspace proof: no exhaustive namespace, full-file bytes, object census, aliases, or failure injection""]","[""absent_paths="",""full_file_bytes_verified=false"",""full_namespace_verified=false"",""omissions=unselected paths, bytes beyond selected ranges, exhaustive inode/object/reference census, alias and failure injection semantics"",""sampled_paths=.\ndest\nwide\nwide/s000-f000.dat\nwide/s000-f001.dat\nwide/s000-f002.dat\nregular/s000/f064.dat\nspine/d001/d002/d003/d004/d005/d006/d007/d008/d009/d010/d011/d012/d013/d014/d015/d016/d017/d018/d019/d020/d021/d022/d023/d024/d025/d026/d027/d028/d029/d030/d031/d032/d033/d034/d035/d036/d037/d038/d039/d040/d041/d042/d043/d044/d045/d046/d047/d048/d049/d050/d051/d052/d053/d054/d055/d056/d057/d058/d059/d060/d061/d062/d063/d064/d065/d066/d067/d068/d069/d070/d071/d072/d073/d074/d075/d076/d077/d078/d079/d080/d081/d082/d083/d084/d085/d086/d087/d088/d089/d090/d091/d092/d093/d094/d095/d096/d097/d098/d099/d100/d101/d102/d103/d104/d105/d106/d107/d108/d109/d110/d111/d112/d113/d114/d115/d116/d117/d118/d119/d120/d121/d122/d123/d124/d125/d126/d127/d128/s000.dat\nwide/s020-f001.dat\nwide/s020-f002.dat\nspine/d001/d002/d003/d004/d005/d006/d007/d008/d009/d010/d011/d012/d013/d014/d015/d016/d017/d018/d019/d020/d021/d022/d023/d024/d025/d026/d027/d028/d029/d030/d031/d032/d033/d034/d035/d036/d037/d038/d039/d040/d041/d042/d043/d044/d045/d046/d047/d048/d049/d050/d051/d052/d053/d054/d055/d056/d057/d058/d059/d060/d061/d062/d063/d064/d065/d066/d067/d068/d069/d070/d071/d072/d073/d074/d075/d076/d077/d078/d079/d080/d081/d082/d083/d084/d085/d086/d087/d088/d089/d090/d091/d092/d093/d094/d095/d096/d097/d098/d099/d100/d101/d102/d103/d104/d105/d106/d107/d108/d109/d110/d111/d112/d113/d114/d115/d116/d117/d118/d119/d120/d121/d122/d123/d124/d125/d126/d127/d128/s024.dat"",""sampled_ranges=wide/s000-f000.dat:0..65536\nwide/s000-f000.dat:157286400..157351936\nwide/s000-f000.dat:314507264..314572800\nwide/s000-f001.dat:0..65536\nwide/s000-f001.dat:52428800..52494336\nwide/s000-f001.dat:104792064..104857600\nwide/s000-f002.dat:0..4096\nregular/s000/f064.dat:0..4096\nspine/d001/d002/d003/d004/d005/d006/d007/d008/d009/d010/d011/d012/d013/d014/d015/d016/d017/d018/d019/d020/d021/d022/d023/d024/d025/d026/d027/d028/d029/d030/d031/d032/d033/d034/d035/d036/d037/d038/d039/d040/d041/d042/d043/d044/d045/d046/d047/d048/d049/d050/d051/d052/d053/d054/d055/d056/d057/d058/d059/d060/d061/d062/d063/d064/d065/d066/d067/d068/d069/d070/d071/d072/d073/d074/d075/d076/d077/d078/d079/d080/d081/d082/d083/d084/d085/d086/d087/d088/d089/d090/d091/d092/d093/d094/d095/d096/d097/d098/d099/d100/d101/d102/d103/d104/d105/d106/d107/d108/d109/d110/d111/d112/d113/d114/d115/d116/d117/d118/d119/d120/d121/d122/d123/d124/d125/d126/d127/d128/s000.dat:0..4096\nwide/s020-f001.dat:0..4096\nwide/s020-f002.dat:0..65536\nspine/d001/d002/d003/d004/d005/d006/d007/d008/d009/d010/d011/d012/d013/d014/d015/d016/d017/d018/d019/d020/d021/d022/d023/d024/d025/d026/d027/d028/d029/d030/d031/d032/d033/d034/d035/d036/d037/d038/d039/d040/d041/d042/d043/d044/d045/d046/d047/d048/d049/d050/d051/d052/d053/d054/d055/d056/d057/d058/d059/d060/d061/d062/d063/d064/d065/d066/d067/d068/d069/d070/d071/d072/d073/d074/d075/d076/d077/d078/d079/d080/d081/d082/d083/d084/d085/d086/d087/d088/d089/d090/d091/d092/d093/d094/d095/d096/d097/d098/d099/d100/d101/d102/d103/d104/d105/d106/d107/d108/d109/d110/d111/d112/d113/d114/d115/d116/d117/d118/d119/d120/d121/d122/d123/d124/d125/d126/d127/d128/s024.dat:0..65536""]","{""type"":""sampled-content"",""summary"":""changed data and selected unchanged witnesses; qualified roots"",""details"":[]}",
workspace_change_locality,workspace-fixed-move-1-compact-v2,PASS,1.7485374580137432,1bedaeaa3d564286b8ff6a77365d3d7b144a6dc97e236466fa7066826a6acd19,3c797bc6dbfd9b03b919c270b609cad839000b68d67e34f3b00d24717e07f39a,9ac8e35d2fc7552fd53d0f3805ba5249412204619388d923a1fd5c4e1098d1fc,sha256:9975b10f41d41af17ec0cdd625d587d67f618db475d9390e3c1fe1a31fbe0865,verification/workspace_change_locality/workspace-fixed-move-1-compact-v2/verification.json,"[""no exhaustive Phase 1 replay""]",[],"{""type"":""sampled-content"",""summary"":""changed data and selected unchanged witnesses; qualified roots"",""details"":[{""kind"":""fast-canonical-verification"",""receipt"":""{\""actual_read_logical_bytes\"": \""1048576\"", \""actual_read_regular_paths\"": \""50\"", \""authenticated_global_inodes\"": \""184\"", \""authenticated_namespace_paths\"": \""184\"", \""canonical_root\"": \""151cf0194677d200ab57915862c6df02b7fee461961512271edf029710f528a1\"", \""certificate_binding\"": \""87e429de085597b816c7fb2cfe242261f6e5023022b3ab3ade30c4c93b90d36b\"", \""covered_regular_paths\"": \""0\"", \""full_canonical_census_performed\"": \""false\"", \""fully_verified\"": \""false\"", \""has_reused_reference\"": \""false\"", \""reference_assurance\"": \""independent_current_content\"", \""reference_native_readback\"": \""false\"", \""reference_root_scope\"": \""none\"", \""scope\"": \""full current namespace/global inode/metadata/aliases; selected changed+witness bytes; unchanged file-state/extent/payload subgraph references certified, those current subgraph bytes not read\"", \""skipped_current_store_logical_bytes\"": \""0\"", \""skipped_current_store_regular_paths\"": \""0\"", \""verification_profile\"": \""fast-verify-v2\"", \""verification_status\"": \""fast_iteration_verified\""}"",""step"":1},{""coverage_sha256"":""e3b0c44298fc1c149afbf4c8996fb92427ae41e4649b934ca495991b7852b855"",""kind"":""fast-native-verification"",""receipt"":""absent_paths_verified=1\ncertificate_binding=87e429de085597b816c7fb2cfe242261f6e5023022b3ab3ade30c4c93b90d36b\nchanged_paths_declared=5\ncovered_paths_sha256=e3b0c44298fc1c149afbf4c8996fb92427ae41e4649b934ca495991b7852b855\nfast_witness_profile=native-fast-witness-v2:first-middle-last-seeded-per-namespace-length-depth-class;declared-read-targets\nfully_verified=false\nlogical_bytes=1048576\nnative_namespace_paths_verified=184\nnative_namespace_type_source=DirEntry::file_type;platform-metadata-fallback-permitted;skipped-counts-describe-unperformed-checks-not-syscalls\nnative_namespace_types_verified=184\noracle_identity_encoding=structural-entry-recipes-v1\noracle_scope=independent-delta-and-witnesses;complete-native-namespace;certified-unchanged-content-roots-checked-by-host\nreference_assurance=independent_current_content\nselected_independent_oracle_identity=4f971398012f72583726554d7e309755291848c9e83f5ff0ec5f8cd0bd62f774\nselected_metadata_paths_verified=184\nselected_regular_bytes_verified=1048576\nselected_regular_paths_verified=50\nskipped_untouched_metadata_paths=0\nskipped_untouched_regular_bodies=0\nuncertified_regular_paths_checked=50\nverification_status=fast_iteration_verified\nwitness_paths_declared=143\n"",""step"":1}]}",
workspace_change_locality,workspace-fixed-move-10-compact-v2,PASS,1.989767957944423,1bedaeaa3d564286b8ff6a77365d3d7b144a6dc97e236466fa7066826a6acd19,3c797bc6dbfd9b03b919c270b609cad839000b68d67e34f3b00d24717e07f39a,86159750f66d4867ee8fbfaa21eb78f99c082b0666c5b55edfb10fba18e54e96,sha256:9975b10f41d41af17ec0cdd625d587d67f618db475d9390e3c1fe1a31fbe0865,verification/workspace_change_locality/workspace-fixed-move-10-compact-v2/verification.json,"[""no exhaustive Phase 1 replay""]",[],"{""type"":""sampled-content"",""summary"":""changed data and selected unchanged witnesses; qualified roots"",""details"":[{""kind"":""fast-canonical-verification"",""receipt"":""{\""actual_read_logical_bytes\"": \""10485760\"", \""actual_read_regular_paths\"": \""500\"", \""authenticated_global_inodes\"": \""643\"", \""authenticated_namespace_paths\"": \""643\"", \""canonical_root\"": \""3b4460ffa5194bb94b69af2db274a1d996ed79c9a8c2d192c2fb9c27176b895f\"", \""certificate_binding\"": \""89e5d9e8a3e48414d3d5ae4c74ff068c9cd2193cb00321a1faea275dec09415f\"", \""covered_regular_paths\"": \""0\"", \""full_canonical_census_performed\"": \""false\"", \""fully_verified\"": \""false\"", \""has_reused_reference\"": \""false\"", \""reference_assurance\"": \""independent_current_content\"", \""reference_native_readback\"": \""false\"", \""reference_root_scope\"": \""none\"", \""scope\"": \""full current namespace/global inode/metadata/aliases; selected changed+witness bytes; unchanged file-state/extent/payload subgraph references certified, those current subgraph bytes not read\"", \""skipped_current_store_logical_bytes\"": \""0\"", \""skipped_current_store_regular_paths\"": \""0\"", \""verification_profile\"": \""fast-verify-v2\"", \""verification_status\"": \""fast_iteration_verified\""}"",""step"":1},{""coverage_sha256"":""e3b0c44298fc1c149afbf4c8996fb92427ae41e4649b934ca495991b7852b855"",""kind"":""fast-native-verification"",""receipt"":""absent_paths_verified=1\ncertificate_binding=89e5d9e8a3e48414d3d5ae4c74ff068c9cd2193cb00321a1faea275dec09415f\nchanged_paths_declared=5\ncovered_paths_sha256=e3b0c44298fc1c149afbf4c8996fb92427ae41e4649b934ca495991b7852b855\nfast_witness_profile=native-fast-witness-v2:first-middle-last-seeded-per-namespace-length-depth-class;declared-read-targets\nfully_verified=false\nlogical_bytes=10485760\nnative_namespace_paths_verified=643\nnative_namespace_type_source=DirEntry::file_type;platform-metadata-fallback-permitted;skipped-counts-describe-unperformed-checks-not-syscalls\nnative_namespace_types_verified=643\noracle_identity_encoding=structural-entry-recipes-v1\noracle_scope=independent-delta-and-witnesses;complete-native-namespace;certified-unchanged-content-roots-checked-by-host\nreference_assurance=independent_current_content\nselected_independent_oracle_identity=46d6ac0d3013397bb02984e80b8d28624542406ad1d7536fc2c89630fd15603a\nselected_metadata_paths_verified=643\nselected_regular_bytes_verified=10485760\nselected_regular_paths_verified=500\nskipped_untouched_metadata_paths=0\nskipped_untouched_regular_bodies=0\nuncertified_regular_paths_checked=500\nverification_status=fast_iteration_verified\nwitness_paths_declared=155\n"",""step"":1}]}",
workspace_change_locality,workspace-fixed-move-100-mixed-v4,PASS,2.1229467089287937,1bedaeaa3d564286b8ff6a77365d3d7b144a6dc97e236466fa7066826a6acd19,3c797bc6dbfd9b03b919c270b609cad839000b68d67e34f3b00d24717e07f39a,57a9eb99f2de2155d2c611b7db87c284f94508b2a6e3c3ff07db8a383019ae42,sha256:9975b10f41d41af17ec0cdd625d587d67f618db475d9390e3c1fe1a31fbe0865,verification/workspace_change_locality/workspace-fixed-move-100-mixed-v4/verification.json,"[""no exhaustive Phase 1 replay"",""sampled Workspace proof: no exhaustive namespace, full-file bytes, object census, aliases, or failure injection""]","[""absent_paths=regular/s000/f064.dat"",""full_file_bytes_verified=false"",""full_namespace_verified=false"",""omissions=unselected paths, bytes beyond selected ranges, exhaustive inode/object/reference census, alias and failure injection semantics"",""sampled_paths=.\ndest\nwide\nwide/s000-f000.dat\nwide/s000-f001.dat\ndest/moved.dat\nspine/d001/d002/d003/d004/d005/d006/d007/d008/d009/d010/d011/d012/d013/d014/d015/d016/d017/d018/d019/d020/d021/d022/d023/d024/d025/d026/d027/d028/d029/d030/d031/d032/d033/d034/d035/d036/d037/d038/d039/d040/d041/d042/d043/d044/d045/d046/d047/d048/d049/d050/d051/d052/d053/d054/d055/d056/d057/d058/d059/d060/d061/d062/d063/d064/d065/d066/d067/d068/d069/d070/d071/d072/d073/d074/d075/d076/d077/d078/d079/d080/d081/d082/d083/d084/d085/d086/d087/d088/d089/d090/d091/d092/d093/d094/d095/d096/d097/d098/d099/d100/d101/d102/d103/d104/d105/d106/d107/d108/d109/d110/d111/d112/d113/d114/d115/d116/d117/d118/d119/d120/d121/d122/d123/d124/d125/d126/d127/d128/s000.dat\nwide/s008-f000.dat\nwide/s008-f001.dat\nspine/d001/d002/d003/d004/d005/d006/d007/d008/d009/d010/d011/d012/d013/d014/d015/d016/d017/d018/d019/d020/d021/d022/d023/d024/d025/d026/d027/d028/d029/d030/d031/d032/d033/d034/d035/d036/d037/d038/d039/d040/d041/d042/d043/d044/d045/d046/d047/d048/d049/d050/d051/d052/d053/d054/d055/d056/d057/d058/d059/d060/d061/d062/d063/d064/d065/d066/d067/d068/d069/d070/d071/d072/d073/d074/d075/d076/d077/d078/d079/d080/d081/d082/d083/d084/d085/d086/d087/d088/d089/d090/d091/d092/d093/d094/d095/d096/d097/d098/d099/d100/d101/d102/d103/d104/d105/d106/d107/d108/d109/d110/d111/d112/d113/d114/d115/d116/d117/d118/d119/d120/d121/d122/d123/d124/d125/d126/d127/d128/s009.dat"",""sampled_ranges=wide/s000-f000.dat:0..65536\nwide/s000-f000.dat:26214400..26279936\nwide/s000-f000.dat:52363264..52428800\nwide/s000-f001.dat:0..4096\ndest/moved.dat:0..4096\nspine/d001/d002/d003/d004/d005/d006/d007/d008/d009/d010/d011/d012/d013/d014/d015/d016/d017/d018/d019/d020/d021/d022/d023/d024/d025/d026/d027/d028/d029/d030/d031/d032/d033/d034/d035/d036/d037/d038/d039/d040/d041/d042/d043/d044/d045/d046/d047/d048/d049/d050/d051/d052/d053/d054/d055/d056/d057/d058/d059/d060/d061/d062/d063/d064/d065/d066/d067/d068/d069/d070/d071/d072/d073/d074/d075/d076/d077/d078/d079/d080/d081/d082/d083/d084/d085/d086/d087/d088/d089/d090/d091/d092/d093/d094/d095/d096/d097/d098/d099/d100/d101/d102/d103/d104/d105/d106/d107/d108/d109/d110/d111/d112/d113/d114/d115/d116/d117/d118/d119/d120/d121/d122/d123/d124/d125/d126/d127/d128/s000.dat:0..4096\nwide/s008-f000.dat:0..4096\nwide/s008-f001.dat:0..65536\nspine/d001/d002/d003/d004/d005/d006/d007/d008/d009/d010/d011/d012/d013/d014/d015/d016/d017/d018/d019/d020/d021/d022/d023/d024/d025/d026/d027/d028/d029/d030/d031/d032/d033/d034/d035/d036/d037/d038/d039/d040/d041/d042/d043/d044/d045/d046/d047/d048/d049/d050/d051/d052/d053/d054/d055/d056/d057/d058/d059/d060/d061/d062/d063/d064/d065/d066/d067/d068/d069/d070/d071/d072/d073/d074/d075/d076/d077/d078/d079/d080/d081/d082/d083/d084/d085/d086/d087/d088/d089/d090/d091/d092/d093/d094/d095/d096/d097/d098/d099/d100/d101/d102/d103/d104/d105/d106/d107/d108/d109/d110/d111/d112/d113/d114/d115/d116/d117/d118/d119/d120/d121/d122/d123/d124/d125/d126/d127/d128/s009.dat:0..65536""]","{""type"":""sampled-content"",""summary"":""changed data and selected unchanged witnesses; qualified roots"",""details"":[]}",
workspace_change_locality,workspace-fixed-move-500-mixed-v4,PASS,4.110525917261839,1bedaeaa3d564286b8ff6a77365d3d7b144a6dc97e236466fa7066826a6acd19,3c797bc6dbfd9b03b919c270b609cad839000b68d67e34f3b00d24717e07f39a,c4525026dc24555e403805c57af8c11a407358a6924e3139f4d44fcfc799530c,sha256:9975b10f41d41af17ec0cdd625d587d67f618db475d9390e3c1fe1a31fbe0865,verification/workspace_change_locality/workspace-fixed-move-500-mixed-v4/verification.json,"[""no exhaustive Phase 1 replay"",""sampled Workspace proof: no exhaustive namespace, full-file bytes, object census, aliases, or failure injection""]","[""absent_paths=regular/s000/f064.dat"",""full_file_bytes_verified=false"",""full_namespace_verified=false"",""omissions=unselected paths, bytes beyond selected ranges, exhaustive inode/object/reference census, alias and failure injection semantics"",""sampled_paths=.\ndest\nwide\nwide/s000-f000.dat\nwide/s000-f001.dat\nwide/s000-f002.dat\ndest/moved.dat\nspine/d001/d002/d003/d004/d005/d006/d007/d008/d009/d010/d011/d012/d013/d014/d015/d016/d017/d018/d019/d020/d021/d022/d023/d024/d025/d026/d027/d028/d029/d030/d031/d032/d033/d034/d035/d036/d037/d038/d039/d040/d041/d042/d043/d044/d045/d046/d047/d048/d049/d050/d051/d052/d053/d054/d055/d056/d057/d058/d059/d060/d061/d062/d063/d064/d065/d066/d067/d068/d069/d070/d071/d072/d073/d074/d075/d076/d077/d078/d079/d080/d081/d082/d083/d084/d085/d086/d087/d088/d089/d090/d091/d092/d093/d094/d095/d096/d097/d098/d099/d100/d101/d102/d103/d104/d105/d106/d107/d108/d109/d110/d111/d112/d113/d114/d115/d116/d117/d118/d119/d120/d121/d122/d123/d124/d125/d126/d127/d128/s000.dat\nwide/s020-f001.dat\nwide/s020-f002.dat\nspine/d001/d002/d003/d004/d005/d006/d007/d008/d009/d010/d011/d012/d013/d014/d015/d016/d017/d018/d019/d020/d021/d022/d023/d024/d025/d026/d027/d028/d029/d030/d031/d032/d033/d034/d035/d036/d037/d038/d039/d040/d041/d042/d043/d044/d045/d046/d047/d048/d049/d050/d051/d052/d053/d054/d055/d056/d057/d058/d059/d060/d061/d062/d063/d064/d065/d066/d067/d068/d069/d070/d071/d072/d073/d074/d075/d076/d077/d078/d079/d080/d081/d082/d083/d084/d085/d086/d087/d088/d089/d090/d091/d092/d093/d094/d095/d096/d097/d098/d099/d100/d101/d102/d103/d104/d105/d106/d107/d108/d109/d110/d111/d112/d113/d114/d115/d116/d117/d118/d119/d120/d121/d122/d123/d124/d125/d126/d127/d128/s024.dat"",""sampled_ranges=wide/s000-f000.dat:0..65536\nwide/s000-f000.dat:157286400..157351936\nwide/s000-f000.dat:314507264..314572800\nwide/s000-f001.dat:0..65536\nwide/s000-f001.dat:52428800..52494336\nwide/s000-f001.dat:104792064..104857600\nwide/s000-f002.dat:0..4096\ndest/moved.dat:0..4096\nspine/d001/d002/d003/d004/d005/d006/d007/d008/d009/d010/d011/d012/d013/d014/d015/d016/d017/d018/d019/d020/d021/d022/d023/d024/d025/d026/d027/d028/d029/d030/d031/d032/d033/d034/d035/d036/d037/d038/d039/d040/d041/d042/d043/d044/d045/d046/d047/d048/d049/d050/d051/d052/d053/d054/d055/d056/d057/d058/d059/d060/d061/d062/d063/d064/d065/d066/d067/d068/d069/d070/d071/d072/d073/d074/d075/d076/d077/d078/d079/d080/d081/d082/d083/d084/d085/d086/d087/d088/d089/d090/d091/d092/d093/d094/d095/d096/d097/d098/d099/d100/d101/d102/d103/d104/d105/d106/d107/d108/d109/d110/d111/d112/d113/d114/d115/d116/d117/d118/d119/d120/d121/d122/d123/d124/d125/d126/d127/d128/s000.dat:0..4096\nwide/s020-f001.dat:0..4096\nwide/s020-f002.dat:0..65536\nspine/d001/d002/d003/d004/d005/d006/d007/d008/d009/d010/d011/d012/d013/d014/d015/d016/d017/d018/d019/d020/d021/d022/d023/d024/d025/d026/d027/d028/d029/d030/d031/d032/d033/d034/d035/d036/d037/d038/d039/d040/d041/d042/d043/d044/d045/d046/d047/d048/d049/d050/d051/d052/d053/d054/d055/d056/d057/d058/d059/d060/d061/d062/d063/d064/d065/d066/d067/d068/d069/d070/d071/d072/d073/d074/d075/d076/d077/d078/d079/d080/d081/d082/d083/d084/d085/d086/d087/d088/d089/d090/d091/d092/d093/d094/d095/d096/d097/d098/d099/d100/d101/d102/d103/d104/d105/d106/d107/d108/d109/d110/d111/d112/d113/d114/d115/d116/d117/d118/d119/d120/d121/d122/d123/d124/d125/d126/d127/d128/s024.dat:0..65536""]","{""type"":""sampled-content"",""summary"":""changed data and selected unchanged witnesses; qualified roots"",""details"":[]}",
workspace_change_locality,workspace-distributed-sdk-edit-1-compact-v2,PASS,1.6775912921875715,1bedaeaa3d564286b8ff6a77365d3d7b144a6dc97e236466fa7066826a6acd19,3c797bc6dbfd9b03b919c270b609cad839000b68d67e34f3b00d24717e07f39a,b7e27c906f45c704c74fd4e0eb64c3f300dca7a3ff3c26eb349028a7d01047c2,sha256:9975b10f41d41af17ec0cdd625d587d67f618db475d9390e3c1fe1a31fbe0865,verification/workspace_change_locality/workspace-distributed-sdk-edit-1-compact-v2/verification.json,"[""no exhaustive Phase 1 replay""]",[],"{""type"":""sampled-content"",""summary"":""changed data and selected unchanged witnesses; qualified roots"",""details"":[{""kind"":""fast-canonical-verification"",""receipt"":""{\""actual_read_logical_bytes\"": \""1048576\"", \""actual_read_regular_paths\"": \""50\"", \""authenticated_global_inodes\"": \""184\"", \""authenticated_namespace_paths\"": \""184\"", \""canonical_root\"": \""39f5c398341d0d4870f24598bcb087d6d1baed8be7ed961ab526c1d81d199a83\"", \""certificate_binding\"": \""3da6813df7f07706b038b367dd23d23fcf40234ac9995b27e639e37fe23d4969\"", \""covered_regular_paths\"": \""0\"", \""full_canonical_census_performed\"": \""false\"", \""fully_verified\"": \""false\"", \""has_reused_reference\"": \""false\"", \""reference_assurance\"": \""independent_current_content\"", \""reference_native_readback\"": \""false\"", \""reference_root_scope\"": \""none\"", \""scope\"": \""full current namespace/global inode/metadata/aliases; selected changed+witness bytes; unchanged file-state/extent/payload subgraph references certified, those current subgraph bytes not read\"", \""skipped_current_store_logical_bytes\"": \""0\"", \""skipped_current_store_regular_paths\"": \""0\"", \""verification_profile\"": \""fast-verify-v2\"", \""verification_status\"": \""fast_iteration_verified\""}"",""step"":1},{""coverage_sha256"":""e3b0c44298fc1c149afbf4c8996fb92427ae41e4649b934ca495991b7852b855"",""kind"":""fast-native-verification"",""receipt"":""absent_paths_verified=0\ncertificate_binding=3da6813df7f07706b038b367dd23d23fcf40234ac9995b27e639e37fe23d4969\nchanged_paths_declared=4\ncovered_paths_sha256=e3b0c44298fc1c149afbf4c8996fb92427ae41e4649b934ca495991b7852b855\nfast_witness_profile=native-fast-witness-v2:first-middle-last-seeded-per-namespace-length-depth-class;declared-read-targets\nfully_verified=false\nlogical_bytes=1048576\nnative_namespace_paths_verified=184\nnative_namespace_type_source=DirEntry::file_type;platform-metadata-fallback-permitted;skipped-counts-describe-unperformed-checks-not-syscalls\nnative_namespace_types_verified=184\noracle_identity_encoding=structural-entry-recipes-v1\noracle_scope=independent-delta-and-witnesses;complete-native-namespace;certified-unchanged-content-roots-checked-by-host\nreference_assurance=independent_current_content\nselected_independent_oracle_identity=2883db5f429fd428578ce3984195e3c76cf91b350034521a4dbcac54c68ba342\nselected_metadata_paths_verified=183\nselected_regular_bytes_verified=1048576\nselected_regular_paths_verified=50\nskipped_untouched_metadata_paths=1\nskipped_untouched_regular_bodies=0\nuncertified_regular_paths_checked=50\nverification_status=fast_iteration_verified\nwitness_paths_declared=142\n"",""step"":1}]}",
workspace_change_locality,workspace-distributed-sdk-edit-10-compact-v2,PASS,2.05084816692397,1bedaeaa3d564286b8ff6a77365d3d7b144a6dc97e236466fa7066826a6acd19,3c797bc6dbfd9b03b919c270b609cad839000b68d67e34f3b00d24717e07f39a,f860cdf94cc082a47ae05151d72ca2e3fdc9b3a6f21fe32fba465918eee60278,sha256:9975b10f41d41af17ec0cdd625d587d67f618db475d9390e3c1fe1a31fbe0865,verification/workspace_change_locality/workspace-distributed-sdk-edit-10-compact-v2/verification.json,"[""no exhaustive Phase 1 replay""]",[],"{""type"":""sampled-content"",""summary"":""changed data and selected unchanged witnesses; qualified roots"",""details"":[{""kind"":""fast-canonical-verification"",""receipt"":""{\""actual_read_logical_bytes\"": \""10485760\"", \""actual_read_regular_paths\"": \""500\"", \""authenticated_global_inodes\"": \""643\"", \""authenticated_namespace_paths\"": \""643\"", \""canonical_root\"": \""cf475caacc7c2b9f5f8e9ba35922826c417baf35cd72833c2d4d6246c82ae973\"", \""certificate_binding\"": \""2e758319dcb33459d817498118a864d65e86ffc8c3cd22e0a7e1c75ddaa7e8c0\"", \""covered_regular_paths\"": \""0\"", \""full_canonical_census_performed\"": \""false\"", \""fully_verified\"": \""false\"", \""has_reused_reference\"": \""false\"", \""reference_assurance\"": \""independent_current_content\"", \""reference_native_readback\"": \""false\"", \""reference_root_scope\"": \""none\"", \""scope\"": \""full current namespace/global inode/metadata/aliases; selected changed+witness bytes; unchanged file-state/extent/payload subgraph references certified, those current subgraph bytes not read\"", \""skipped_current_store_logical_bytes\"": \""0\"", \""skipped_current_store_regular_paths\"": \""0\"", \""verification_profile\"": \""fast-verify-v2\"", \""verification_status\"": \""fast_iteration_verified\""}"",""step"":1},{""coverage_sha256"":""e3b0c44298fc1c149afbf4c8996fb92427ae41e4649b934ca495991b7852b855"",""kind"":""fast-native-verification"",""receipt"":""absent_paths_verified=0\ncertificate_binding=2e758319dcb33459d817498118a864d65e86ffc8c3cd22e0a7e1c75ddaa7e8c0\nchanged_paths_declared=22\ncovered_paths_sha256=e3b0c44298fc1c149afbf4c8996fb92427ae41e4649b934ca495991b7852b855\nfast_witness_profile=native-fast-witness-v2:first-middle-last-seeded-per-namespace-length-depth-class;declared-read-targets\nfully_verified=false\nlogical_bytes=10485760\nnative_namespace_paths_verified=643\nnative_namespace_type_source=DirEntry::file_type;platform-metadata-fallback-permitted;skipped-counts-describe-unperformed-checks-not-syscalls\nnative_namespace_types_verified=643\noracle_identity_encoding=structural-entry-recipes-v1\noracle_scope=independent-delta-and-witnesses;complete-native-namespace;certified-unchanged-content-roots-checked-by-host\nreference_assurance=independent_current_content\nselected_independent_oracle_identity=97498bbb3c8c12d6ac1e14191590a56fdfa2d6d75b7fd276c8c71610d6d8881d\nselected_metadata_paths_verified=642\nselected_regular_bytes_verified=10485760\nselected_regular_paths_verified=500\nskipped_untouched_metadata_paths=1\nskipped_untouched_regular_bodies=0\nuncertified_regular_paths_checked=500\nverification_status=fast_iteration_verified\nwitness_paths_declared=152\n"",""step"":1}]}",
workspace_change_locality,workspace-distributed-sdk-edit-100-mixed-v4,PASS,2.5024316660128534,1bedaeaa3d564286b8ff6a77365d3d7b144a6dc97e236466fa7066826a6acd19,3c797bc6dbfd9b03b919c270b609cad839000b68d67e34f3b00d24717e07f39a,5c3e23fea65ada653da07e89e17e3e0f9b815e1fbf1de237f0cc0feda38c0a70,sha256:9975b10f41d41af17ec0cdd625d587d67f618db475d9390e3c1fe1a31fbe0865,verification/workspace_change_locality/workspace-distributed-sdk-edit-100-mixed-v4/verification.json.gz,"[""no exhaustive Phase 1 replay"",""sampled Workspace proof: no exhaustive namespace, full-file bytes, object census, aliases, or failure injection""]","[""absent_paths="",""full_file_bytes_verified=false"",""full_namespace_verified=false"",""omissions=unselected paths, bytes beyond selected ranges, exhaustive inode/object/reference census, alias and failure injection semantics"",""sampled_paths=.\ndest\nwide\nwide/s000-f000.dat\nwide/s000-f001.dat\nregular/s000/f064.dat\nspine/d001/d002/d003/d004/d005/d006/d007/d008/d009/d010/d011/d012/d013/d014/d015/d016/d017/d018/d019/d020/d021/d022/d023/d024/d025/d026/d027/d028/d029/d030/d031/d032/d033/d034/d035/d036/d037/d038/d039/d040/d041/d042/d043/d044/d045/d046/d047/d048/d049/d050/d051/d052/d053/d054/d055/d056/d057/d058/d059/d060/d061/d062/d063/d064/d065/d066/d067/d068/d069/d070/d071/d072/d073/d074/d075/d076/d077/d078/d079/d080/d081/d082/d083/d084/d085/d086/d087/d088/d089/d090/d091/d092/d093/d094/d095/d096/d097/d098/d099/d100/d101/d102/d103/d104/d105/d106/d107/d108/d109/d110/d111/d112/d113/d114/d115/d116/d117/d118/d119/d120/d121/d122/d123/d124/d125/d126/d127/d128/s000.dat\nwide/s008-f000.dat\nwide/s008-f001.dat\nspine/d001/d002/d003/d004/d005/d006/d007/d008/d009/d010/d011/d012/d013/d014/d015/d016/d017/d018/d019/d020/d021/d022/d023/d024/d025/d026/d027/d028/d029/d030/d031/d032/d033/d034/d035/d036/d037/d038/d039/d040/d041/d042/d043/d044/d045/d046/d047/d048/d049/d050/d051/d052/d053/d054/d055/d056/d057/d058/d059/d060/d061/d062/d063/d064/d065/d066/d067/d068/d069/d070/d071/d072/d073/d074/d075/d076/d077/d078/d079/d080/d081/d082/d083/d084/d085/d086/d087/d088/d089/d090/d091/d092/d093/d094/d095/d096/d097/d098/d099/d100/d101/d102/d103/d104/d105/d106/d107/d108/d109/d110/d111/d112/d113/d114/d115/d116/d117/d118/d119/d120/d121/d122/d123/d124/d125/d126/d127/d128/s009.dat"",""sampled_ranges=wide/s000-f000.dat:0..65536\nwide/s000-f000.dat:26214400..26279936\nwide/s000-f000.dat:52363264..52428800\nwide/s000-f001.dat:0..4096\nregular/s000/f064.dat:0..4096\nspine/d001/d002/d003/d004/d005/d006/d007/d008/d009/d010/d011/d012/d013/d014/d015/d016/d017/d018/d019/d020/d021/d022/d023/d024/d025/d026/d027/d028/d029/d030/d031/d032/d033/d034/d035/d036/d037/d038/d039/d040/d041/d042/d043/d044/d045/d046/d047/d048/d049/d050/d051/d052/d053/d054/d055/d056/d057/d058/d059/d060/d061/d062/d063/d064/d065/d066/d067/d068/d069/d070/d071/d072/d073/d074/d075/d076/d077/d078/d079/d080/d081/d082/d083/d084/d085/d086/d087/d088/d089/d090/d091/d092/d093/d094/d095/d096/d097/d098/d099/d100/d101/d102/d103/d104/d105/d106/d107/d108/d109/d110/d111/d112/d113/d114/d115/d116/d117/d118/d119/d120/d121/d122/d123/d124/d125/d126/d127/d128/s000.dat:0..4096\nwide/s008-f000.dat:0..4096\nwide/s008-f001.dat:0..65536\nspine/d001/d002/d003/d004/d005/d006/d007/d008/d009/d010/d011/d012/d013/d014/d015/d016/d017/d018/d019/d020/d021/d022/d023/d024/d025/d026/d027/d028/d029/d030/d031/d032/d033/d034/d035/d036/d037/d038/d039/d040/d041/d042/d043/d044/d045/d046/d047/d048/d049/d050/d051/d052/d053/d054/d055/d056/d057/d058/d059/d060/d061/d062/d063/d064/d065/d066/d067/d068/d069/d070/d071/d072/d073/d074/d075/d076/d077/d078/d079/d080/d081/d082/d083/d084/d085/d086/d087/d088/d089/d090/d091/d092/d093/d094/d095/d096/d097/d098/d099/d100/d101/d102/d103/d104/d105/d106/d107/d108/d109/d110/d111/d112/d113/d114/d115/d116/d117/d118/d119/d120/d121/d122/d123/d124/d125/d126/d127/d128/s009.dat:0..65536""]","{""type"":""sampled-content"",""summary"":""changed data and selected unchanged witnesses; qualified roots"",""details"":[]}",
workspace_change_locality,workspace-distributed-sdk-edit-500-mixed-v4,PASS,7.130985875148326,1bedaeaa3d564286b8ff6a77365d3d7b144a6dc97e236466fa7066826a6acd19,3c797bc6dbfd9b03b919c270b609cad839000b68d67e34f3b00d24717e07f39a,3bc29f396dc83f97aafd277ce71689e684d41ba2954c47a9ff787a567de5b234,sha256:9975b10f41d41af17ec0cdd625d587d67f618db475d9390e3c1fe1a31fbe0865,verification/workspace_change_locality/workspace-distributed-sdk-edit-500-mixed-v4/verification.json.gz,"[""no exhaustive Phase 1 replay"",""sampled Workspace proof: no exhaustive namespace, full-file bytes, object census, aliases, or failure injection""]","[""absent_paths="",""full_file_bytes_verified=false"",""full_namespace_verified=false"",""omissions=unselected paths, bytes beyond selected ranges, exhaustive inode/object/reference census, alias and failure injection semantics"",""sampled_paths=.\ndest\nwide\nwide/s000-f000.dat\nwide/s000-f001.dat\nwide/s000-f002.dat\nregular/s000/f064.dat\nspine/d001/d002/d003/d004/d005/d006/d007/d008/d009/d010/d011/d012/d013/d014/d015/d016/d017/d018/d019/d020/d021/d022/d023/d024/d025/d026/d027/d028/d029/d030/d031/d032/d033/d034/d035/d036/d037/d038/d039/d040/d041/d042/d043/d044/d045/d046/d047/d048/d049/d050/d051/d052/d053/d054/d055/d056/d057/d058/d059/d060/d061/d062/d063/d064/d065/d066/d067/d068/d069/d070/d071/d072/d073/d074/d075/d076/d077/d078/d079/d080/d081/d082/d083/d084/d085/d086/d087/d088/d089/d090/d091/d092/d093/d094/d095/d096/d097/d098/d099/d100/d101/d102/d103/d104/d105/d106/d107/d108/d109/d110/d111/d112/d113/d114/d115/d116/d117/d118/d119/d120/d121/d122/d123/d124/d125/d126/d127/d128/s000.dat\nwide/s020-f001.dat\nwide/s020-f002.dat\nspine/d001/d002/d003/d004/d005/d006/d007/d008/d009/d010/d011/d012/d013/d014/d015/d016/d017/d018/d019/d020/d021/d022/d023/d024/d025/d026/d027/d028/d029/d030/d031/d032/d033/d034/d035/d036/d037/d038/d039/d040/d041/d042/d043/d044/d045/d046/d047/d048/d049/d050/d051/d052/d053/d054/d055/d056/d057/d058/d059/d060/d061/d062/d063/d064/d065/d066/d067/d068/d069/d070/d071/d072/d073/d074/d075/d076/d077/d078/d079/d080/d081/d082/d083/d084/d085/d086/d087/d088/d089/d090/d091/d092/d093/d094/d095/d096/d097/d098/d099/d100/d101/d102/d103/d104/d105/d106/d107/d108/d109/d110/d111/d112/d113/d114/d115/d116/d117/d118/d119/d120/d121/d122/d123/d124/d125/d126/d127/d128/s024.dat"",""sampled_ranges=wide/s000-f000.dat:0..65536\nwide/s000-f000.dat:157286400..157351936\nwide/s000-f000.dat:314507264..314572800\nwide/s000-f001.dat:0..65536\nwide/s000-f001.dat:52428800..52494336\nwide/s000-f001.dat:104792064..104857600\nwide/s000-f002.dat:0..4096\nregular/s000/f064.dat:0..4096\nspine/d001/d002/d003/d004/d005/d006/d007/d008/d009/d010/d011/d012/d013/d014/d015/d016/d017/d018/d019/d020/d021/d022/d023/d024/d025/d026/d027/d028/d029/d030/d031/d032/d033/d034/d035/d036/d037/d038/d039/d040/d041/d042/d043/d044/d045/d046/d047/d048/d049/d050/d051/d052/d053/d054/d055/d056/d057/d058/d059/d060/d061/d062/d063/d064/d065/d066/d067/d068/d069/d070/d071/d072/d073/d074/d075/d076/d077/d078/d079/d080/d081/d082/d083/d084/d085/d086/d087/d088/d089/d090/d091/d092/d093/d094/d095/d096/d097/d098/d099/d100/d101/d102/d103/d104/d105/d106/d107/d108/d109/d110/d111/d112/d113/d114/d115/d116/d117/d118/d119/d120/d121/d122/d123/d124/d125/d126/d127/d128/s000.dat:0..4096\nwide/s020-f001.dat:0..4096\nwide/s020-f002.dat:0..65536\nspine/d001/d002/d003/d004/d005/d006/d007/d008/d009/d010/d011/d012/d013/d014/d015/d016/d017/d018/d019/d020/d021/d022/d023/d024/d025/d026/d027/d028/d029/d030/d031/d032/d033/d034/d035/d036/d037/d038/d039/d040/d041/d042/d043/d044/d045/d046/d047/d048/d049/d050/d051/d052/d053/d054/d055/d056/d057/d058/d059/d060/d061/d062/d063/d064/d065/d066/d067/d068/d069/d070/d071/d072/d073/d074/d075/d076/d077/d078/d079/d080/d081/d082/d083/d084/d085/d086/d087/d088/d089/d090/d091/d092/d093/d094/d095/d096/d097/d098/d099/d100/d101/d102/d103/d104/d105/d106/d107/d108/d109/d110/d111/d112/d113/d114/d115/d116/d117/d118/d119/d120/d121/d122/d123/d124/d125/d126/d127/d128/s024.dat:0..65536""]","{""type"":""sampled-content"",""summary"":""changed data and selected unchanged witnesses; qualified roots"",""details"":[]}",
workspace_change_locality,workspace-dense-rewrite-1-compact-v2,PASS,1.7524517909623682,1bedaeaa3d564286b8ff6a77365d3d7b144a6dc97e236466fa7066826a6acd19,3c797bc6dbfd9b03b919c270b609cad839000b68d67e34f3b00d24717e07f39a,db52eabd3d66746bd885013bb55b910d7699901eed09cc002085d95cc220336f,sha256:9975b10f41d41af17ec0cdd625d587d67f618db475d9390e3c1fe1a31fbe0865,verification/workspace_change_locality/workspace-dense-rewrite-1-compact-v2/verification.json,"[""no exhaustive Phase 1 replay""]",[],"{""type"":""sampled-content"",""summary"":""changed data and selected unchanged witnesses; qualified roots"",""details"":[{""kind"":""fast-canonical-verification"",""receipt"":""{\""actual_read_logical_bytes\"": \""1048576\"", \""actual_read_regular_paths\"": \""50\"", \""authenticated_global_inodes\"": \""184\"", \""authenticated_namespace_paths\"": \""184\"", \""canonical_root\"": \""e19f7933c0b7e1083b2d42648e51080341d81cdbca97e932e982f4d3bf0ea1a1\"", \""certificate_binding\"": \""5989a32d2854b3b35e6a6c1a67bf987eefd911832fa5d9583eb849066d4822fd\"", \""covered_regular_paths\"": \""0\"", \""full_canonical_census_performed\"": \""false\"", \""fully_verified\"": \""false\"", \""has_reused_reference\"": \""false\"", \""reference_assurance\"": \""independent_current_content\"", \""reference_native_readback\"": \""false\"", \""reference_root_scope\"": \""none\"", \""scope\"": \""full current namespace/global inode/metadata/aliases; selected changed+witness bytes; unchanged file-state/extent/payload subgraph references certified, those current subgraph bytes not read\"", \""skipped_current_store_logical_bytes\"": \""0\"", \""skipped_current_store_regular_paths\"": \""0\"", \""verification_profile\"": \""fast-verify-v2\"", \""verification_status\"": \""fast_iteration_verified\""}"",""step"":1},{""coverage_sha256"":""e3b0c44298fc1c149afbf4c8996fb92427ae41e4649b934ca495991b7852b855"",""kind"":""fast-native-verification"",""receipt"":""absent_paths_verified=0\ncertificate_binding=5989a32d2854b3b35e6a6c1a67bf987eefd911832fa5d9583eb849066d4822fd\nchanged_paths_declared=183\ncovered_paths_sha256=e3b0c44298fc1c149afbf4c8996fb92427ae41e4649b934ca495991b7852b855\nfast_witness_profile=native-fast-witness-v2:first-middle-last-seeded-per-namespace-length-depth-class;declared-read-targets\nfully_verified=false\nlogical_bytes=1048576\nnative_namespace_paths_verified=184\nnative_namespace_type_source=DirEntry::file_type;platform-metadata-fallback-permitted;skipped-counts-describe-unperformed-checks-not-syscalls\nnative_namespace_types_verified=184\noracle_identity_encoding=structural-entry-recipes-v1\noracle_scope=independent-delta-and-witnesses;complete-native-namespace;certified-unchanged-content-roots-checked-by-host\nreference_assurance=independent_current_content\nselected_independent_oracle_identity=ac1dc586c265a53864679ae16cac8dc17402af02935a04d79cf26796a5e39521\nselected_metadata_paths_verified=183\nselected_regular_bytes_verified=1048576\nselected_regular_paths_verified=50\nskipped_untouched_metadata_paths=1\nskipped_untouched_regular_bodies=0\nuncertified_regular_paths_checked=50\nverification_status=fast_iteration_verified\nwitness_paths_declared=0\n"",""step"":1}]}",
workspace_change_locality,workspace-dense-rewrite-10-compact-v2,PASS,2.570778665598482,1bedaeaa3d564286b8ff6a77365d3d7b144a6dc97e236466fa7066826a6acd19,3c797bc6dbfd9b03b919c270b609cad839000b68d67e34f3b00d24717e07f39a,777eb1a041471b40f8290da18da3e66efc7a39df08e6079dd4ede1803d80df87,sha256:9975b10f41d41af17ec0cdd625d587d67f618db475d9390e3c1fe1a31fbe0865,verification/workspace_change_locality/workspace-dense-rewrite-10-compact-v2/verification.json,"[""no exhaustive Phase 1 replay""]",[],"{""type"":""sampled-content"",""summary"":""changed data and selected unchanged witnesses; qualified roots"",""details"":[{""kind"":""fast-canonical-verification"",""receipt"":""{\""actual_read_logical_bytes\"": \""10485760\"", \""actual_read_regular_paths\"": \""500\"", \""authenticated_global_inodes\"": \""643\"", \""authenticated_namespace_paths\"": \""643\"", \""canonical_root\"": \""a65bd85e2bebb378c3a1b14e8baeddbe013270ed970fd5364d3fbecafcc15385\"", \""certificate_binding\"": \""3196a4363cfad4c3e4671cc286bf4d9e9991a4049f2c1094629064834062189a\"", \""covered_regular_paths\"": \""0\"", \""full_canonical_census_performed\"": \""false\"", \""fully_verified\"": \""false\"", \""has_reused_reference\"": \""false\"", \""reference_assurance\"": \""independent_current_content\"", \""reference_native_readback\"": \""false\"", \""reference_root_scope\"": \""none\"", \""scope\"": \""full current namespace/global inode/metadata/aliases; selected changed+witness bytes; unchanged file-state/extent/payload subgraph references certified, those current subgraph bytes not read\"", \""skipped_current_store_logical_bytes\"": \""0\"", \""skipped_current_store_regular_paths\"": \""0\"", \""verification_profile\"": \""fast-verify-v2\"", \""verification_status\"": \""fast_iteration_verified\""}"",""step"":1},{""coverage_sha256"":""e3b0c44298fc1c149afbf4c8996fb92427ae41e4649b934ca495991b7852b855"",""kind"":""fast-native-verification"",""receipt"":""absent_paths_verified=0\ncertificate_binding=3196a4363cfad4c3e4671cc286bf4d9e9991a4049f2c1094629064834062189a\nchanged_paths_declared=642\ncovered_paths_sha256=e3b0c44298fc1c149afbf4c8996fb92427ae41e4649b934ca495991b7852b855\nfast_witness_profile=native-fast-witness-v2:first-middle-last-seeded-per-namespace-length-depth-class;declared-read-targets\nfully_verified=false\nlogical_bytes=10485760\nnative_namespace_paths_verified=643\nnative_namespace_type_source=DirEntry::file_type;platform-metadata-fallback-permitted;skipped-counts-describe-unperformed-checks-not-syscalls\nnative_namespace_types_verified=643\noracle_identity_encoding=structural-entry-recipes-v1\noracle_scope=independent-delta-and-witnesses;complete-native-namespace;certified-unchanged-content-roots-checked-by-host\nreference_assurance=independent_current_content\nselected_independent_oracle_identity=11c50a8df9af7a63cabee471d381ee59c22ae0cb2fa1579691db2640606d4dfc\nselected_metadata_paths_verified=642\nselected_regular_bytes_verified=10485760\nselected_regular_paths_verified=500\nskipped_untouched_metadata_paths=1\nskipped_untouched_regular_bodies=0\nuncertified_regular_paths_checked=500\nverification_status=fast_iteration_verified\nwitness_paths_declared=0\n"",""step"":1}]}",
workspace_change_locality,workspace-dense-rewrite-100-mixed-v4,PASS,3.8838729159906507,1bedaeaa3d564286b8ff6a77365d3d7b144a6dc97e236466fa7066826a6acd19,3c797bc6dbfd9b03b919c270b609cad839000b68d67e34f3b00d24717e07f39a,617f819c3d5938be54e66e4b8b8cc98be13de4bbc2fa96194d3bc71c2c658fdc,sha256:9975b10f41d41af17ec0cdd625d587d67f618db475d9390e3c1fe1a31fbe0865,verification/workspace_change_locality/workspace-dense-rewrite-100-mixed-v4/verification.json,"[""no exhaustive Phase 1 replay"",""sampled Workspace proof: no exhaustive namespace, full-file bytes, object census, aliases, or failure injection""]","[""absent_paths="",""full_file_bytes_verified=false"",""full_namespace_verified=false"",""omissions=unselected paths, bytes beyond selected ranges, exhaustive inode/object/reference census, alias and failure injection semantics"",""sampled_paths=.\ndest\nwide\nwide/s000-f000.dat\nwide/s000-f001.dat\nregular/s000/f064.dat\nspine/d001/d002/d003/d004/d005/d006/d007/d008/d009/d010/d011/d012/d013/d014/d015/d016/d017/d018/d019/d020/d021/d022/d023/d024/d025/d026/d027/d028/d029/d030/d031/d032/d033/d034/d035/d036/d037/d038/d039/d040/d041/d042/d043/d044/d045/d046/d047/d048/d049/d050/d051/d052/d053/d054/d055/d056/d057/d058/d059/d060/d061/d062/d063/d064/d065/d066/d067/d068/d069/d070/d071/d072/d073/d074/d075/d076/d077/d078/d079/d080/d081/d082/d083/d084/d085/d086/d087/d088/d089/d090/d091/d092/d093/d094/d095/d096/d097/d098/d099/d100/d101/d102/d103/d104/d105/d106/d107/d108/d109/d110/d111/d112/d113/d114/d115/d116/d117/d118/d119/d120/d121/d122/d123/d124/d125/d126/d127/d128/s000.dat\nwide/s008-f000.dat\nwide/s008-f001.dat\nspine/d001/d002/d003/d004/d005/d006/d007/d008/d009/d010/d011/d012/d013/d014/d015/d016/d017/d018/d019/d020/d021/d022/d023/d024/d025/d026/d027/d028/d029/d030/d031/d032/d033/d034/d035/d036/d037/d038/d039/d040/d041/d042/d043/d044/d045/d046/d047/d048/d049/d050/d051/d052/d053/d054/d055/d056/d057/d058/d059/d060/d061/d062/d063/d064/d065/d066/d067/d068/d069/d070/d071/d072/d073/d074/d075/d076/d077/d078/d079/d080/d081/d082/d083/d084/d085/d086/d087/d088/d089/d090/d091/d092/d093/d094/d095/d096/d097/d098/d099/d100/d101/d102/d103/d104/d105/d106/d107/d108/d109/d110/d111/d112/d113/d114/d115/d116/d117/d118/d119/d120/d121/d122/d123/d124/d125/d126/d127/d128/s009.dat"",""sampled_ranges=wide/s000-f000.dat:0..65536\nwide/s000-f000.dat:26214400..26279936\nwide/s000-f000.dat:52363264..52428800\nwide/s000-f001.dat:0..4096\nregular/s000/f064.dat:0..4096\nspine/d001/d002/d003/d004/d005/d006/d007/d008/d009/d010/d011/d012/d013/d014/d015/d016/d017/d018/d019/d020/d021/d022/d023/d024/d025/d026/d027/d028/d029/d030/d031/d032/d033/d034/d035/d036/d037/d038/d039/d040/d041/d042/d043/d044/d045/d046/d047/d048/d049/d050/d051/d052/d053/d054/d055/d056/d057/d058/d059/d060/d061/d062/d063/d064/d065/d066/d067/d068/d069/d070/d071/d072/d073/d074/d075/d076/d077/d078/d079/d080/d081/d082/d083/d084/d085/d086/d087/d088/d089/d090/d091/d092/d093/d094/d095/d096/d097/d098/d099/d100/d101/d102/d103/d104/d105/d106/d107/d108/d109/d110/d111/d112/d113/d114/d115/d116/d117/d118/d119/d120/d121/d122/d123/d124/d125/d126/d127/d128/s000.dat:0..4096\nwide/s008-f000.dat:0..4096\nwide/s008-f001.dat:0..65536\nspine/d001/d002/d003/d004/d005/d006/d007/d008/d009/d010/d011/d012/d013/d014/d015/d016/d017/d018/d019/d020/d021/d022/d023/d024/d025/d026/d027/d028/d029/d030/d031/d032/d033/d034/d035/d036/d037/d038/d039/d040/d041/d042/d043/d044/d045/d046/d047/d048/d049/d050/d051/d052/d053/d054/d055/d056/d057/d058/d059/d060/d061/d062/d063/d064/d065/d066/d067/d068/d069/d070/d071/d072/d073/d074/d075/d076/d077/d078/d079/d080/d081/d082/d083/d084/d085/d086/d087/d088/d089/d090/d091/d092/d093/d094/d095/d096/d097/d098/d099/d100/d101/d102/d103/d104/d105/d106/d107/d108/d109/d110/d111/d112/d113/d114/d115/d116/d117/d118/d119/d120/d121/d122/d123/d124/d125/d126/d127/d128/s009.dat:0..65536""]","{""type"":""sampled-content"",""summary"":""changed data and selected unchanged witnesses; qualified roots"",""details"":[]}",
workspace_change_locality,workspace-dense-rewrite-500-mixed-v4,PASS,10.18545279186219,1bedaeaa3d564286b8ff6a77365d3d7b144a6dc97e236466fa7066826a6acd19,3c797bc6dbfd9b03b919c270b609cad839000b68d67e34f3b00d24717e07f39a,483cc33744894fb84d44a4b23a6c2792eeaf55775f7c661b35b4df5fccb0c926,sha256:9975b10f41d41af17ec0cdd625d587d67f618db475d9390e3c1fe1a31fbe0865,verification/workspace_change_locality/workspace-dense-rewrite-500-mixed-v4/verification.json,"[""no exhaustive Phase 1 replay"",""sampled Workspace proof: no exhaustive namespace, full-file bytes, object census, aliases, or failure injection""]","[""absent_paths="",""full_file_bytes_verified=false"",""full_namespace_verified=false"",""omissions=unselected paths, bytes beyond selected ranges, exhaustive inode/object/reference census, alias and failure injection semantics"",""sampled_paths=.\ndest\nwide\nwide/s000-f000.dat\nwide/s000-f001.dat\nwide/s000-f002.dat\nregular/s000/f064.dat\nspine/d001/d002/d003/d004/d005/d006/d007/d008/d009/d010/d011/d012/d013/d014/d015/d016/d017/d018/d019/d020/d021/d022/d023/d024/d025/d026/d027/d028/d029/d030/d031/d032/d033/d034/d035/d036/d037/d038/d039/d040/d041/d042/d043/d044/d045/d046/d047/d048/d049/d050/d051/d052/d053/d054/d055/d056/d057/d058/d059/d060/d061/d062/d063/d064/d065/d066/d067/d068/d069/d070/d071/d072/d073/d074/d075/d076/d077/d078/d079/d080/d081/d082/d083/d084/d085/d086/d087/d088/d089/d090/d091/d092/d093/d094/d095/d096/d097/d098/d099/d100/d101/d102/d103/d104/d105/d106/d107/d108/d109/d110/d111/d112/d113/d114/d115/d116/d117/d118/d119/d120/d121/d122/d123/d124/d125/d126/d127/d128/s000.dat\nwide/s020-f001.dat\nwide/s020-f002.dat\nspine/d001/d002/d003/d004/d005/d006/d007/d008/d009/d010/d011/d012/d013/d014/d015/d016/d017/d018/d019/d020/d021/d022/d023/d024/d025/d026/d027/d028/d029/d030/d031/d032/d033/d034/d035/d036/d037/d038/d039/d040/d041/d042/d043/d044/d045/d046/d047/d048/d049/d050/d051/d052/d053/d054/d055/d056/d057/d058/d059/d060/d061/d062/d063/d064/d065/d066/d067/d068/d069/d070/d071/d072/d073/d074/d075/d076/d077/d078/d079/d080/d081/d082/d083/d084/d085/d086/d087/d088/d089/d090/d091/d092/d093/d094/d095/d096/d097/d098/d099/d100/d101/d102/d103/d104/d105/d106/d107/d108/d109/d110/d111/d112/d113/d114/d115/d116/d117/d118/d119/d120/d121/d122/d123/d124/d125/d126/d127/d128/s024.dat"",""sampled_ranges=wide/s000-f000.dat:0..65536\nwide/s000-f000.dat:157286400..157351936\nwide/s000-f000.dat:314507264..314572800\nwide/s000-f001.dat:0..65536\nwide/s000-f001.dat:52428800..52494336\nwide/s000-f001.dat:104792064..104857600\nwide/s000-f002.dat:0..4096\nregular/s000/f064.dat:0..4096\nspine/d001/d002/d003/d004/d005/d006/d007/d008/d009/d010/d011/d012/d013/d014/d015/d016/d017/d018/d019/d020/d021/d022/d023/d024/d025/d026/d027/d028/d029/d030/d031/d032/d033/d034/d035/d036/d037/d038/d039/d040/d041/d042/d043/d044/d045/d046/d047/d048/d049/d050/d051/d052/d053/d054/d055/d056/d057/d058/d059/d060/d061/d062/d063/d064/d065/d066/d067/d068/d069/d070/d071/d072/d073/d074/d075/d076/d077/d078/d079/d080/d081/d082/d083/d084/d085/d086/d087/d088/d089/d090/d091/d092/d093/d094/d095/d096/d097/d098/d099/d100/d101/d102/d103/d104/d105/d106/d107/d108/d109/d110/d111/d112/d113/d114/d115/d116/d117/d118/d119/d120/d121/d122/d123/d124/d125/d126/d127/d128/s000.dat:0..4096\nwide/s020-f001.dat:0..4096\nwide/s020-f002.dat:0..65536\nspine/d001/d002/d003/d004/d005/d006/d007/d008/d009/d010/d011/d012/d013/d014/d015/d016/d017/d018/d019/d020/d021/d022/d023/d024/d025/d026/d027/d028/d029/d030/d031/d032/d033/d034/d035/d036/d037/d038/d039/d040/d041/d042/d043/d044/d045/d046/d047/d048/d049/d050/d051/d052/d053/d054/d055/d056/d057/d058/d059/d060/d061/d062/d063/d064/d065/d066/d067/d068/d069/d070/d071/d072/d073/d074/d075/d076/d077/d078/d079/d080/d081/d082/d083/d084/d085/d086/d087/d088/d089/d090/d091/d092/d093/d094/d095/d096/d097/d098/d099/d100/d101/d102/d103/d104/d105/d106/d107/d108/d109/d110/d111/d112/d113/d114/d115/d116/d117/d118/d119/d120/d121/d122/d123/d124/d125/d126/d127/d128/s024.dat:0..65536""]","{""type"":""sampled-content"",""summary"":""changed data and selected unchanged witnesses; qualified roots"",""details"":[]}",
dedup_branch_history,dedup-history-distributed-1,PASS,2.1922978330403566,1bedaeaa3d564286b8ff6a77365d3d7b144a6dc97e236466fa7066826a6acd19,3c797bc6dbfd9b03b919c270b609cad839000b68d67e34f3b00d24717e07f39a,a73aacbebdb290130dede1afa6c1f564af82a11973bb91f7d967551e55e27aa1,sha256:9975b10f41d41af17ec0cdd625d587d67f618db475d9390e3c1fe1a31fbe0865,verification/dedup_branch_history/dedup-history-distributed-1/verification.json,"[""no exhaustive Phase 1 replay""]",[],"{""type"":""sampled-history"",""summary"":""all parent links; snapshots [0, 1]"",""verified_steps"":[0,1],""omissions"":""unselected historical snapshot content; exhaustive historical object/storage census""}",
dedup_branch_history,dedup-history-distributed-10,PASS,4.5789663339965045,1bedaeaa3d564286b8ff6a77365d3d7b144a6dc97e236466fa7066826a6acd19,3c797bc6dbfd9b03b919c270b609cad839000b68d67e34f3b00d24717e07f39a,76b3040f74f29c8a258c610c342d11e5454ded3a89d7f0c125ce97d86daf9650,sha256:9975b10f41d41af17ec0cdd625d587d67f618db475d9390e3c1fe1a31fbe0865,verification/dedup_branch_history/dedup-history-distributed-10/verification.json.gz,"[""no exhaustive Phase 1 replay""]",[],"{""type"":""sampled-history"",""summary"":""all parent links; snapshots [0, 1, 2, 3, 4, 5, 6, 7, 8, 9, 10]"",""verified_steps"":[0,1,2,3,4,5,6,7,8,9,10],""omissions"":""unselected historical snapshot content; exhaustive historical object/storage census""}",
dedup_branch_history,dedup-history-distributed-100,PASS,4.233630375005305,1bedaeaa3d564286b8ff6a77365d3d7b144a6dc97e236466fa7066826a6acd19,3c797bc6dbfd9b03b919c270b609cad839000b68d67e34f3b00d24717e07f39a,ecbd1f3e2f84154c0d1c53f14f19d39c5fe893db40a16be4c951b8ab6411da90,sha256:9975b10f41d41af17ec0cdd625d587d67f618db475d9390e3c1fe1a31fbe0865,verification/dedup_branch_history/dedup-history-distributed-100/verification.json.gz,"[""no exhaustive Phase 1 replay""]",[],"{""type"":""sampled-history"",""summary"":""all parent links; snapshots [0, 1, 2, 49, 50, 99, 100]"",""verified_steps"":[0,1,2,49,50,99,100],""omissions"":""unselected historical snapshot content; exhaustive historical object/storage census""}",
dedup_branch_history,dedup-history-distributed-500,PASS,8.538804166950285,1bedaeaa3d564286b8ff6a77365d3d7b144a6dc97e236466fa7066826a6acd19,3c797bc6dbfd9b03b919c270b609cad839000b68d67e34f3b00d24717e07f39a,d48f1292d09b986a1e8a6747fda819a2351e41aab3df2104bca89b504009c8b0,sha256:9975b10f41d41af17ec0cdd625d587d67f618db475d9390e3c1fe1a31fbe0865,verification/dedup_branch_history/dedup-history-distributed-500/verification.json.gz,"[""no exhaustive Phase 1 replay""]",[],"{""type"":""sampled-history"",""summary"":""all parent links; snapshots [0, 1, 199, 200, 201, 250, 499, 500]"",""verified_steps"":[0,1,199,200,201,250,499,500],""omissions"":""unselected historical snapshot content; exhaustive historical object/storage census""}",
dedup_branch_history,dedup-history-hotset-1,PASS,2.239450457971543,1bedaeaa3d564286b8ff6a77365d3d7b144a6dc97e236466fa7066826a6acd19,3c797bc6dbfd9b03b919c270b609cad839000b68d67e34f3b00d24717e07f39a,f96febc07ae691e26baba2cec809ceeaf388fb42a7845ef6a4b3ec5f63c605e4,sha256:9975b10f41d41af17ec0cdd625d587d67f618db475d9390e3c1fe1a31fbe0865,verification/dedup_branch_history/dedup-history-hotset-1/verification.json,"[""no exhaustive Phase 1 replay""]",[],"{""type"":""sampled-history"",""summary"":""all parent links; snapshots [0, 1]"",""verified_steps"":[0,1],""omissions"":""unselected historical snapshot content; exhaustive historical object/storage census""}",
dedup_branch_history,dedup-history-hotset-10,PASS,4.571824874728918,1bedaeaa3d564286b8ff6a77365d3d7b144a6dc97e236466fa7066826a6acd19,3c797bc6dbfd9b03b919c270b609cad839000b68d67e34f3b00d24717e07f39a,160341558a7b3c3827e75c0b446fcff1660915cc6007c27c9a9a4c658db81bbc,sha256:9975b10f41d41af17ec0cdd625d587d67f618db475d9390e3c1fe1a31fbe0865,verification/dedup_branch_history/dedup-history-hotset-10/verification.json.gz,"[""no exhaustive Phase 1 replay""]",[],"{""type"":""sampled-history"",""summary"":""all parent links; snapshots [0, 1, 2, 3, 4, 5, 6, 7, 8, 9, 10]"",""verified_steps"":[0,1,2,3,4,5,6,7,8,9,10],""omissions"":""unselected historical snapshot content; exhaustive historical object/storage census""}",
dedup_branch_history,dedup-history-hotset-100,PASS,4.604663415811956,1bedaeaa3d564286b8ff6a77365d3d7b144a6dc97e236466fa7066826a6acd19,3c797bc6dbfd9b03b919c270b609cad839000b68d67e34f3b00d24717e07f39a,386ba80201b0ca578a445fdff53a14afa85820bfca0501a974bca4c460ec8398,sha256:9975b10f41d41af17ec0cdd625d587d67f618db475d9390e3c1fe1a31fbe0865,verification/dedup_branch_history/dedup-history-hotset-100/verification.json.gz,"[""no exhaustive Phase 1 replay""]",[],"{""type"":""sampled-history"",""summary"":""all parent links; snapshots [0, 1, 7, 8, 9, 50, 99, 100]"",""verified_steps"":[0,1,7,8,9,50,99,100],""omissions"":""unselected historical snapshot content; exhaustive historical object/storage census""}",
dedup_branch_history,dedup-history-hotset-500,PASS,8.688416291959584,1bedaeaa3d564286b8ff6a77365d3d7b144a6dc97e236466fa7066826a6acd19,3c797bc6dbfd9b03b919c270b609cad839000b68d67e34f3b00d24717e07f39a,e7c371942f126bcd5effbd11e68c70e0d7e73cb1193ddae57b2b35c48e88a84b,sha256:9975b10f41d41af17ec0cdd625d587d67f618db475d9390e3c1fe1a31fbe0865,verification/dedup_branch_history/dedup-history-hotset-500/verification.json.gz,"[""no exhaustive Phase 1 replay""]",[],"{""type"":""sampled-history"",""summary"":""all parent links; snapshots [0, 1, 7, 8, 9, 250, 499, 500]"",""verified_steps"":[0,1,7,8,9,250,499,500],""omissions"":""unselected historical snapshot content; exhaustive historical object/storage census""}",
dedup_branch_history,dedup-history-recurring-1,PASS,2.060230457689613,1bedaeaa3d564286b8ff6a77365d3d7b144a6dc97e236466fa7066826a6acd19,3c797bc6dbfd9b03b919c270b609cad839000b68d67e34f3b00d24717e07f39a,8d4760567c2e890172445bf7f86ea0d453db0d39de5384ae12d223862c3399eb,sha256:9975b10f41d41af17ec0cdd625d587d67f618db475d9390e3c1fe1a31fbe0865,verification/dedup_branch_history/dedup-history-recurring-1/verification.json,"[""no exhaustive Phase 1 replay""]",[],"{""type"":""sampled-history"",""summary"":""all parent links; snapshots [0, 1]"",""verified_steps"":[0,1],""omissions"":""unselected historical snapshot content; exhaustive historical object/storage census""}",
dedup_branch_history,dedup-history-recurring-10,PASS,4.071059083100408,1bedaeaa3d564286b8ff6a77365d3d7b144a6dc97e236466fa7066826a6acd19,3c797bc6dbfd9b03b919c270b609cad839000b68d67e34f3b00d24717e07f39a,a3d6be980fbafd4e2d5394c3d3904ed68e63c692a7647f02850e33180dd53c89,sha256:9975b10f41d41af17ec0cdd625d587d67f618db475d9390e3c1fe1a31fbe0865,verification/dedup_branch_history/dedup-history-recurring-10/verification.json.gz,"[""no exhaustive Phase 1 replay""]",[],"{""type"":""sampled-history"",""summary"":""all parent links; snapshots [0, 1, 2, 3, 4, 5, 6, 7, 8, 9, 10]"",""verified_steps"":[0,1,2,3,4,5,6,7,8,9,10],""omissions"":""unselected historical snapshot content; exhaustive historical object/storage census""}",
dedup_branch_history,dedup-history-recurring-100,PASS,3.892683541867882,1bedaeaa3d564286b8ff6a77365d3d7b144a6dc97e236466fa7066826a6acd19,3c797bc6dbfd9b03b919c270b609cad839000b68d67e34f3b00d24717e07f39a,ac7e7153fc2d42e0c8b14ed40e1ee18d8f2ecabca0c7e6379762ff8f6acf5c84,sha256:9975b10f41d41af17ec0cdd625d587d67f618db475d9390e3c1fe1a31fbe0865,verification/dedup_branch_history/dedup-history-recurring-100/verification.json.gz,"[""no exhaustive Phase 1 replay""]",[],"{""type"":""sampled-history"",""summary"":""all parent links; snapshots [0, 1, 2, 3, 99, 100]"",""verified_steps"":[0,1,2,3,99,100],""omissions"":""unselected historical snapshot content; exhaustive historical object/storage census""}",
dedup_branch_history,dedup-history-recurring-500,PASS,7.011576457880437,1bedaeaa3d564286b8ff6a77365d3d7b144a6dc97e236466fa7066826a6acd19,3c797bc6dbfd9b03b919c270b609cad839000b68d67e34f3b00d24717e07f39a,39ffa5414dbd9fd2efac198233447d85c44b4cc7c555c0517e073ffb10573825,sha256:9975b10f41d41af17ec0cdd625d587d67f618db475d9390e3c1fe1a31fbe0865,verification/dedup_branch_history/dedup-history-recurring-500/verification.json.gz,"[""no exhaustive Phase 1 replay""]",[],"{""type"":""sampled-history"",""summary"":""all parent links; snapshots [0, 1, 2, 3, 499, 500]"",""verified_steps"":[0,1,2,3,499,500],""omissions"":""unselected historical snapshot content; exhaustive historical object/storage census""}",
dedup_branch_history,dedup-history-metadata-1,PASS,1.9984951252117753,1bedaeaa3d564286b8ff6a77365d3d7b144a6dc97e236466fa7066826a6acd19,3c797bc6dbfd9b03b919c270b609cad839000b68d67e34f3b00d24717e07f39a,b2de9069ee45c48916f387e8af904d8bfb3e37f71083e6f556f1c799942dd564,sha256:9975b10f41d41af17ec0cdd625d587d67f618db475d9390e3c1fe1a31fbe0865,verification/dedup_branch_history/dedup-history-metadata-1/verification.json,"[""no exhaustive Phase 1 replay""]",[],"{""type"":""sampled-history"",""summary"":""all parent links; snapshots [0, 1]"",""verified_steps"":[0,1],""omissions"":""unselected historical snapshot content; exhaustive historical object/storage census""}",
dedup_branch_history,dedup-history-metadata-10,PASS,4.163718957919627,1bedaeaa3d564286b8ff6a77365d3d7b144a6dc97e236466fa7066826a6acd19,3c797bc6dbfd9b03b919c270b609cad839000b68d67e34f3b00d24717e07f39a,44325e9bef6013bca6e2d6a4159b0e7e71771cf88510808ea00712d1feb7003b,sha256:9975b10f41d41af17ec0cdd625d587d67f618db475d9390e3c1fe1a31fbe0865,verification/dedup_branch_history/dedup-history-metadata-10/verification.json.gz,"[""no exhaustive Phase 1 replay""]",[],"{""type"":""sampled-history"",""summary"":""all parent links; snapshots [0, 1, 2, 3, 4, 5, 6, 7, 8, 9, 10]"",""verified_steps"":[0,1,2,3,4,5,6,7,8,9,10],""omissions"":""unselected historical snapshot content; exhaustive historical object/storage census""}",
dedup_branch_history,dedup-history-metadata-100,PASS,3.8464217078872025,1bedaeaa3d564286b8ff6a77365d3d7b144a6dc97e236466fa7066826a6acd19,3c797bc6dbfd9b03b919c270b609cad839000b68d67e34f3b00d24717e07f39a,3f371e759679493b4c44b97e6e8c1a1cc4efcad5ea89900d431bfbb4d7c8be8c,sha256:9975b10f41d41af17ec0cdd625d587d67f618db475d9390e3c1fe1a31fbe0865,verification/dedup_branch_history/dedup-history-metadata-100/verification.json.gz,"[""no exhaustive Phase 1 replay""]",[],"{""type"":""sampled-history"",""summary"":""all parent links; snapshots [0, 1, 2, 49, 50, 99, 100]"",""verified_steps"":[0,1,2,49,50,99,100],""omissions"":""unselected historical snapshot content; exhaustive historical object/storage census""}",
dedup_branch_history,dedup-history-metadata-500,PASS,6.678333332762122,1bedaeaa3d564286b8ff6a77365d3d7b144a6dc97e236466fa7066826a6acd19,3c797bc6dbfd9b03b919c270b609cad839000b68d67e34f3b00d24717e07f39a,6a10cb824312ab9e12a3714ad485cc3981942c1ba1358aaa5e4394d9ea682181,sha256:9975b10f41d41af17ec0cdd625d587d67f618db475d9390e3c1fe1a31fbe0865,verification/dedup_branch_history/dedup-history-metadata-500/verification.json.gz,"[""no exhaustive Phase 1 replay""]",[],"{""type"":""sampled-history"",""summary"":""all parent links; snapshots [0, 1, 2, 249, 250, 499, 500]"",""verified_steps"":[0,1,2,249,250,499,500],""omissions"":""unselected historical snapshot content; exhaustive historical object/storage census""}",
dedup_branch_history,dedup-history-unrelated-1,PASS,2.9486843328922987,1bedaeaa3d564286b8ff6a77365d3d7b144a6dc97e236466fa7066826a6acd19,3c797bc6dbfd9b03b919c270b609cad839000b68d67e34f3b00d24717e07f39a,02dd738aadcbd619a6810fa3092995993b3d626bd4d5190ee7c82acc53308f43,sha256:9975b10f41d41af17ec0cdd625d587d67f618db475d9390e3c1fe1a31fbe0865,verification/dedup_branch_history/dedup-history-unrelated-1/verification.json,"[""no exhaustive Phase 1 replay""]",[],"{""type"":""sampled-history"",""summary"":""all parent links; snapshots [0, 1]"",""verified_steps"":[0,1],""omissions"":""unselected historical snapshot content; exhaustive historical object/storage census""}",
dedup_branch_history,dedup-history-unrelated-10,PASS,12.83805275009945,1bedaeaa3d564286b8ff6a77365d3d7b144a6dc97e236466fa7066826a6acd19,3c797bc6dbfd9b03b919c270b609cad839000b68d67e34f3b00d24717e07f39a,7eb1137c69273a2614cffdf21a097ee575848d6ffdaefa3e6675fb67e51e7b49,sha256:9975b10f41d41af17ec0cdd625d587d67f618db475d9390e3c1fe1a31fbe0865,verification/dedup_branch_history/dedup-history-unrelated-10/verification.json.gz,"[""no exhaustive Phase 1 replay""]",[],"{""type"":""sampled-history"",""summary"":""all parent links; snapshots [0, 1, 2, 3, 4, 5, 6, 7, 8, 9, 10]"",""verified_steps"":[0,1,2,3,4,5,6,7,8,9,10],""omissions"":""unselected historical snapshot content; exhaustive historical object/storage census""}",
dedup_branch_history,dedup-history-unrelated-100-mixed-v2,PASS,5.244219375308603,1bedaeaa3d564286b8ff6a77365d3d7b144a6dc97e236466fa7066826a6acd19,3c797bc6dbfd9b03b919c270b609cad839000b68d67e34f3b00d24717e07f39a,43e9f706b97a0ee719ee372cc75ad0319abc64d11b90a0fb858af6032f5071f7,sha256:9975b10f41d41af17ec0cdd625d587d67f618db475d9390e3c1fe1a31fbe0865,verification/dedup_branch_history/dedup-history-unrelated-100-mixed-v2/verification.json.gz,"[""no exhaustive Phase 1 replay"",""sampled Workspace proof: no exhaustive namespace, full-file bytes, object census, aliases, or failure injection""]","[""absent_paths="",""full_file_bytes_verified=false"",""full_namespace_verified=false"",""omissions=unselected paths, bytes beyond selected ranges, exhaustive inode/object/reference census, alias and failure injection semantics"",""sampled_paths=.\nmixed\nmixed/f000.dat\nmixed/f001.dat\nmixed/f006.dat\nmixed/f007.dat\nmixed/f009.dat"",""sampled_ranges=mixed/f000.dat:0..65536\nmixed/f000.dat:327680..393216\nmixed/f000.dat:589824..655360\nmixed/f001.dat:0..4096\nmixed/f006.dat:0..4096\nmixed/f007.dat:0..65536\nmixed/f009.dat:0..65536""]","{""type"":""sampled-content"",""summary"":""changed data and selected unchanged witnesses; qualified roots"",""details"":[]}",
dedup_branch_history,dedup-history-unrelated-500-mixed-v2,PASS,20.745782082900405,1bedaeaa3d564286b8ff6a77365d3d7b144a6dc97e236466fa7066826a6acd19,3c797bc6dbfd9b03b919c270b609cad839000b68d67e34f3b00d24717e07f39a,3b13c4d6705a315bc35d454ce61a511486638a13bdbd91f5fed430c37b771c3a,sha256:9975b10f41d41af17ec0cdd625d587d67f618db475d9390e3c1fe1a31fbe0865,verification/dedup_branch_history/dedup-history-unrelated-500-mixed-v2/verification.json.gz,"[""no exhaustive Phase 1 replay"",""sampled Workspace proof: no exhaustive namespace, full-file bytes, object census, aliases, or failure injection""]","[""absent_paths="",""full_file_bytes_verified=false"",""full_namespace_verified=false"",""omissions=unselected paths, bytes beyond selected ranges, exhaustive inode/object/reference census, alias and failure injection semantics"",""sampled_paths=.\nmixed\nmixed/f000.dat\nmixed/f001.dat\nmixed/f006.dat\nmixed/f007.dat\nmixed/f009.dat"",""sampled_ranges=mixed/f000.dat:0..65536\nmixed/f000.dat:327680..393216\nmixed/f000.dat:589824..655360\nmixed/f001.dat:0..4096\nmixed/f006.dat:0..4096\nmixed/f007.dat:0..65536\nmixed/f009.dat:0..65536""]","{""type"":""sampled-content"",""summary"":""changed data and selected unchanged witnesses; qualified roots"",""details"":[]}",
git_tool_workflow,git-tool-1-compact-v2,PASS,5.03639341564849,1bedaeaa3d564286b8ff6a77365d3d7b144a6dc97e236466fa7066826a6acd19,3c797bc6dbfd9b03b919c270b609cad839000b68d67e34f3b00d24717e07f39a,2bddefb75e18971c73e149c577759ea7b28d3785fc82a77673037361ad9d8d29,sha256:9975b10f41d41af17ec0cdd625d587d67f618db475d9390e3c1fe1a31fbe0865,verification/git_tool_workflow/git-tool-1-compact-v2/verification.json,"[""no exhaustive Phase 1 replay""]",[],"{""type"":""full-git-contract"",""summary"":""full head/tree/parent and reopened custody""}",
git_tool_workflow,git-tool-10-compact-v2,PASS,6.69657937483862,1bedaeaa3d564286b8ff6a77365d3d7b144a6dc97e236466fa7066826a6acd19,3c797bc6dbfd9b03b919c270b609cad839000b68d67e34f3b00d24717e07f39a,27c57cb7d22dce9d06ec47166f2d39af1c5b7f2d4c9b157dd82baf20d7482868,sha256:9975b10f41d41af17ec0cdd625d587d67f618db475d9390e3c1fe1a31fbe0865,verification/git_tool_workflow/git-tool-10-compact-v2/verification.json,"[""no exhaustive Phase 1 replay""]",[],"{""type"":""full-git-contract"",""summary"":""full head/tree/parent and reopened custody""}",
git_tool_workflow,git-tool-100-mixed-v4,PASS,20.080943084321916,1bedaeaa3d564286b8ff6a77365d3d7b144a6dc97e236466fa7066826a6acd19,3c797bc6dbfd9b03b919c270b609cad839000b68d67e34f3b00d24717e07f39a,9154cea40439104e5f71d1123d4fc3838ac48b605df4da92217a18e7cd4e4770,sha256:9975b10f41d41af17ec0cdd625d587d67f618db475d9390e3c1fe1a31fbe0865,verification/git_tool_workflow/git-tool-100-mixed-v4/verification.json,"[""no exhaustive Phase 1 replay""]",[],"{""type"":""full-git-contract"",""summary"":""full head/tree/parent and reopened custody""}",
git_tool_workflow,git-tool-500-mixed-v4,PASS,36.49917087517679,1bedaeaa3d564286b8ff6a77365d3d7b144a6dc97e236466fa7066826a6acd19,3c797bc6dbfd9b03b919c270b609cad839000b68d67e34f3b00d24717e07f39a,a716cbf0a24ca2b4cac21cb76efde02f46ea4aeeb2d4423276dc965cf558210d,sha256:9975b10f41d41af17ec0cdd625d587d67f618db475d9390e3c1fe1a31fbe0865,verification/git_tool_workflow/git-tool-500-mixed-v4/verification.json,"[""no exhaustive Phase 1 replay""]",[],"{""type"":""full-git-contract"",""summary"":""full head/tree/parent and reopened custody""}",
mixed_load_bearing,agent-episodes-1-compact-v2,PASS,2.0044421670027077,1bedaeaa3d564286b8ff6a77365d3d7b144a6dc97e236466fa7066826a6acd19,3c797bc6dbfd9b03b919c270b609cad839000b68d67e34f3b00d24717e07f39a,f5e335d057ea70d43e4888d9322c55b1b867d76ef56127b4b01ff009f813d9dd,sha256:9975b10f41d41af17ec0cdd625d587d67f618db475d9390e3c1fe1a31fbe0865,verification/mixed_load_bearing/agent-episodes-1-compact-v2/verification.json,"[""no exhaustive Phase 1 replay""]",[],"{""type"":""sampled-content"",""summary"":""changed data and selected unchanged witnesses; qualified roots"",""details"":[{""kind"":""fast-canonical-verification"",""receipt"":""{\""actual_read_logical_bytes\"": \""1089536\"", \""actual_read_regular_paths\"": \""55\"", \""authenticated_global_inodes\"": \""193\"", \""authenticated_namespace_paths\"": \""194\"", \""canonical_root\"": \""43306638e27409f61a0538dd5510735adcfb86220e1f255d9a52c46ae7dac0cc\"", \""certificate_binding\"": \""57aaaffa6c4555926422dec7eb2e4c5aa427c54fc983cb4b8aef50fce6991308\"", \""covered_regular_paths\"": \""0\"", \""full_canonical_census_performed\"": \""false\"", \""fully_verified\"": \""false\"", \""has_reused_reference\"": \""false\"", \""reference_assurance\"": \""independent_current_content\"", \""reference_native_readback\"": \""false\"", \""reference_root_scope\"": \""none\"", \""scope\"": \""full current namespace/global inode/metadata/aliases; selected changed+witness bytes; unchanged file-state/extent/payload subgraph references certified, those current subgraph bytes not read\"", \""skipped_current_store_logical_bytes\"": \""0\"", \""skipped_current_store_regular_paths\"": \""0\"", \""verification_profile\"": \""fast-verify-v2\"", \""verification_status\"": \""fast_iteration_verified\""}"",""step"":1},{""coverage_sha256"":""e3b0c44298fc1c149afbf4c8996fb92427ae41e4649b934ca495991b7852b855"",""kind"":""fast-native-verification"",""receipt"":""absent_paths_verified=5\ncertificate_binding=57aaaffa6c4555926422dec7eb2e4c5aa427c54fc983cb4b8aef50fce6991308\nchanged_paths_declared=10\ncovered_paths_sha256=e3b0c44298fc1c149afbf4c8996fb92427ae41e4649b934ca495991b7852b855\nfast_witness_profile=native-fast-witness-v2:first-middle-last-seeded-per-namespace-length-depth-class;declared-read-targets\nfully_verified=false\nlogical_bytes=1089551\nnative_namespace_paths_verified=194\nnative_namespace_type_source=DirEntry::file_type;platform-metadata-fallback-permitted;skipped-counts-describe-unperformed-checks-not-syscalls\nnative_namespace_types_verified=194\noracle_identity_encoding=structural-entry-recipes-v1\noracle_scope=independent-delta-and-witnesses;complete-native-namespace;certified-unchanged-content-roots-checked-by-host\nreference_assurance=independent_current_content\nselected_independent_oracle_identity=6faa0dde0563f2e0f59c2dcb1188c0912394dc891bc6605e8d8a7264b1706da7\nselected_metadata_paths_verified=193\nselected_regular_bytes_verified=1089536\nselected_regular_paths_verified=55\nskipped_untouched_metadata_paths=1\nskipped_untouched_regular_bodies=0\nuncertified_regular_paths_checked=55\nverification_status=fast_iteration_verified\nwitness_paths_declared=145\n"",""step"":1}]}",
mixed_load_bearing,agent-episodes-10-compact-v2,PASS,2.7333738333545625,1bedaeaa3d564286b8ff6a77365d3d7b144a6dc97e236466fa7066826a6acd19,3c797bc6dbfd9b03b919c270b609cad839000b68d67e34f3b00d24717e07f39a,a87dfed6755bc4226b1b1b574abdf06376f44626359bdd399acfaf2c15379961,sha256:9975b10f41d41af17ec0cdd625d587d67f618db475d9390e3c1fe1a31fbe0865,verification/mixed_load_bearing/agent-episodes-10-compact-v2/verification.json,"[""no exhaustive Phase 1 replay""]",[],"{""type"":""sampled-content"",""summary"":""changed data and selected unchanged witnesses; qualified roots"",""details"":[{""kind"":""fast-canonical-verification"",""receipt"":""{\""actual_read_logical_bytes\"": \""10895360\"", \""actual_read_regular_paths\"": \""550\"", \""authenticated_global_inodes\"": \""706\"", \""authenticated_namespace_paths\"": \""716\"", \""canonical_root\"": \""c6bf86c276ca21330e62fc3b225b7e8a6b2b811278d3841ea0b0bcc025777e34\"", \""certificate_binding\"": \""ca6d788367bfe53c43b653d7b985844b55595484c82785ed957570e721a1a456\"", \""covered_regular_paths\"": \""0\"", \""full_canonical_census_performed\"": \""false\"", \""fully_verified\"": \""false\"", \""has_reused_reference\"": \""false\"", \""reference_assurance\"": \""independent_current_content\"", \""reference_native_readback\"": \""false\"", \""reference_root_scope\"": \""none\"", \""scope\"": \""full current namespace/global inode/metadata/aliases; selected changed+witness bytes; unchanged file-state/extent/payload subgraph references certified, those current subgraph bytes not read\"", \""skipped_current_store_logical_bytes\"": \""0\"", \""skipped_current_store_regular_paths\"": \""0\"", \""verification_profile\"": \""fast-verify-v2\"", \""verification_status\"": \""fast_iteration_verified\""}"",""step"":1},{""coverage_sha256"":""e3b0c44298fc1c149afbf4c8996fb92427ae41e4649b934ca495991b7852b855"",""kind"":""fast-native-verification"",""receipt"":""absent_paths_verified=50\ncertificate_binding=ca6d788367bfe53c43b653d7b985844b55595484c82785ed957570e721a1a456\nchanged_paths_declared=73\ncovered_paths_sha256=e3b0c44298fc1c149afbf4c8996fb92427ae41e4649b934ca495991b7852b855\nfast_witness_profile=native-fast-witness-v2:first-middle-last-seeded-per-namespace-length-depth-class;declared-read-targets\nfully_verified=false\nlogical_bytes=10895510\nnative_namespace_paths_verified=716\nnative_namespace_type_source=DirEntry::file_type;platform-metadata-fallback-permitted;skipped-counts-describe-unperformed-checks-not-syscalls\nnative_namespace_types_verified=716\noracle_identity_encoding=structural-entry-recipes-v1\noracle_scope=independent-delta-and-witnesses;complete-native-namespace;certified-unchanged-content-roots-checked-by-host\nreference_assurance=independent_current_content\nselected_independent_oracle_identity=cdf006309c76a574a8c94eb4c1f5adbae8771dd81ef34a86d637a9de89d07ac9\nselected_metadata_paths_verified=715\nselected_regular_bytes_verified=10895360\nselected_regular_paths_verified=550\nskipped_untouched_metadata_paths=1\nskipped_untouched_regular_bodies=0\nuncertified_regular_paths_checked=550\nverification_status=fast_iteration_verified\nwitness_paths_declared=157\n"",""step"":1}]}",
mixed_load_bearing,agent-episodes-100,PASS,18.099349500145763,1bedaeaa3d564286b8ff6a77365d3d7b144a6dc97e236466fa7066826a6acd19,3c797bc6dbfd9b03b919c270b609cad839000b68d67e34f3b00d24717e07f39a,a28cd1ae7dbcebbc4a7b60d7939d032e7952b0e770e9e729d1fd3c1c8c0c598b,sha256:9975b10f41d41af17ec0cdd625d587d67f618db475d9390e3c1fe1a31fbe0865,verification/mixed_load_bearing/agent-episodes-100/verification.json,"[""no exhaustive Phase 1 replay""]",[],"{""type"":""sampled-content"",""summary"":""changed data and selected unchanged witnesses; qualified roots"",""details"":[{""kind"":""fast-canonical-verification"",""receipt"":""{\""actual_read_logical_bytes\"": \""84312064\"", \""actual_read_regular_paths\"": \""14900\"", \""authenticated_global_inodes\"": \""15200\"", \""authenticated_namespace_paths\"": \""15700\"", \""canonical_root\"": \""4a4b0452f98966fb8f7bc864ae6f2187b2a2b079680ca4aac12ad6c08db62236\"", \""certificate_binding\"": \""8402a17a8878988cc6d0049b2c9d119d4fafcff29fe99efb9a60c8d54dfc57ef\"", \""covered_regular_paths\"": \""0\"", \""full_canonical_census_performed\"": \""false\"", \""fully_verified\"": \""false\"", \""has_reused_reference\"": \""false\"", \""reference_assurance\"": \""independent_current_content\"", \""reference_native_readback\"": \""false\"", \""reference_root_scope\"": \""none\"", \""scope\"": \""full current namespace/global inode/metadata/aliases; selected changed+witness bytes; unchanged file-state/extent/payload subgraph references certified, those current subgraph bytes not read\"", \""skipped_current_store_logical_bytes\"": \""0\"", \""skipped_current_store_regular_paths\"": \""0\"", \""verification_profile\"": \""fast-verify-v2\"", \""verification_status\"": \""fast_iteration_verified\""}"",""step"":1},{""coverage_sha256"":""e3b0c44298fc1c149afbf4c8996fb92427ae41e4649b934ca495991b7852b855"",""kind"":""fast-native-verification"",""receipt"":""absent_paths_verified=500\ncertificate_binding=8402a17a8878988cc6d0049b2c9d119d4fafcff29fe99efb9a60c8d54dfc57ef\nchanged_paths_declared=703\ncovered_paths_sha256=e3b0c44298fc1c149afbf4c8996fb92427ae41e4649b934ca495991b7852b855\nfast_witness_profile=native-fast-witness-v2:first-middle-last-seeded-per-namespace-length-depth-class;declared-read-targets\nfully_verified=false\nlogical_bytes=84313564\nnative_namespace_paths_verified=15700\nnative_namespace_type_source=DirEntry::file_type;platform-metadata-fallback-permitted;skipped-counts-describe-unperformed-checks-not-syscalls\nnative_namespace_types_verified=15700\noracle_identity_encoding=structural-entry-recipes-v1\noracle_scope=independent-delta-and-witnesses;complete-native-namespace;certified-unchanged-content-roots-checked-by-host\nreference_assurance=independent_current_content\nselected_independent_oracle_identity=8832deca7a0fa96b977e077539efd13c42580bfe892e6d73c4aef313c6821894\nselected_metadata_paths_verified=15699\nselected_regular_bytes_verified=84312064\nselected_regular_paths_verified=14900\nskipped_untouched_metadata_paths=1\nskipped_untouched_regular_bodies=0\nuncertified_regular_paths_checked=14900\nverification_status=fast_iteration_verified\nwitness_paths_declared=168\n"",""step"":1}]}",
mixed_load_bearing,agent-episodes-500,PASS,19.736787791829556,1bedaeaa3d564286b8ff6a77365d3d7b144a6dc97e236466fa7066826a6acd19,3c797bc6dbfd9b03b919c270b609cad839000b68d67e34f3b00d24717e07f39a,8c61f67434412495f034000348575ae7c681c1e80222026c69ea22540b49ac54,sha256:9975b10f41d41af17ec0cdd625d587d67f618db475d9390e3c1fe1a31fbe0865,verification/mixed_load_bearing/agent-episodes-500/verification.json,"[""no exhaustive Phase 1 replay""]",[],"{""type"":""sampled-content"",""summary"":""changed data and selected unchanged witnesses; qualified roots"",""details"":[{""kind"":""fast-canonical-verification"",""receipt"":""{\""actual_read_logical_bytes\"": \""87588864\"", \""actual_read_regular_paths\"": \""15300\"", \""authenticated_global_inodes\"": \""16000\"", \""authenticated_namespace_paths\"": \""16500\"", \""canonical_root\"": \""65673ad3f23e7ba330da87b741ee9efbe8b7926af9273c5221403dec8cf3e758\"", \""certificate_binding\"": \""e4ecbeac5f895dd0b6034926561b5fe78f53995c3f4ad03584b136471813cb3e\"", \""covered_regular_paths\"": \""0\"", \""full_canonical_census_performed\"": \""false\"", \""fully_verified\"": \""false\"", \""has_reused_reference\"": \""false\"", \""reference_assurance\"": \""independent_current_content\"", \""reference_native_readback\"": \""false\"", \""reference_root_scope\"": \""none\"", \""scope\"": \""full current namespace/global inode/metadata/aliases; selected changed+witness bytes; unchanged file-state/extent/payload subgraph references certified, those current subgraph bytes not read\"", \""skipped_current_store_logical_bytes\"": \""0\"", \""skipped_current_store_regular_paths\"": \""0\"", \""verification_profile\"": \""fast-verify-v2\"", \""verification_status\"": \""fast_iteration_verified\""}"",""step"":1},{""coverage_sha256"":""e3b0c44298fc1c149afbf4c8996fb92427ae41e4649b934ca495991b7852b855"",""kind"":""fast-native-verification"",""receipt"":""absent_paths_verified=2500\ncertificate_binding=e4ecbeac5f895dd0b6034926561b5fe78f53995c3f4ad03584b136471813cb3e\nchanged_paths_declared=3503\ncovered_paths_sha256=e3b0c44298fc1c149afbf4c8996fb92427ae41e4649b934ca495991b7852b855\nfast_witness_profile=native-fast-witness-v2:first-middle-last-seeded-per-namespace-length-depth-class;declared-read-targets\nfully_verified=false\nlogical_bytes=87596364\nnative_namespace_paths_verified=16500\nnative_namespace_type_source=DirEntry::file_type;platform-metadata-fallback-permitted;skipped-counts-describe-unperformed-checks-not-syscalls\nnative_namespace_types_verified=16500\noracle_identity_encoding=structural-entry-recipes-v1\noracle_scope=independent-delta-and-witnesses;complete-native-namespace;certified-unchanged-content-roots-checked-by-host\nreference_assurance=independent_current_content\nselected_independent_oracle_identity=92716a749882d80eb6158f6c1045d5a542c89638f99721f31cbfa988262fd9ad\nselected_metadata_paths_verified=16499\nselected_regular_bytes_verified=87588864\nselected_regular_paths_verified=15300\nskipped_untouched_metadata_paths=1\nskipped_untouched_regular_bodies=0\nuncertified_regular_paths_checked=15300\nverification_status=fast_iteration_verified\nwitness_paths_declared=159\n"",""step"":1}]}",
workspace_reliability,workspace-invalid-sdk-edit-compact-v2-proof,PASS,2.3052737498655915,1bedaeaa3d564286b8ff6a77365d3d7b144a6dc97e236466fa7066826a6acd19,3c797bc6dbfd9b03b919c270b609cad839000b68d67e34f3b00d24717e07f39a,2e62be7612120bc104205d2f92248c4e610ac80dd0c1981a9041014d1083293f,sha256:9975b10f41d41af17ec0cdd625d587d67f618db475d9390e3c1fe1a31fbe0865,verification/workspace_reliability/workspace-invalid-sdk-edit-compact-v2-proof/verification.json.gz,"[""no exhaustive Phase 1 replay""]",[],"{""type"":""targeted-contract"",""summary"":""case-specific lifecycle/fault/recovery contract"",""details"":[{""detail"":""\""workspace-invalid-sdk-edit-compact-v2-proof pass\"""",""kind"":""proof-complete""}]}",
workspace_reliability,workspace-invalid-namespace-compact-v2-proof,PASS,2.0225165407173336,1bedaeaa3d564286b8ff6a77365d3d7b144a6dc97e236466fa7066826a6acd19,3c797bc6dbfd9b03b919c270b609cad839000b68d67e34f3b00d24717e07f39a,41c90c99e0a229d7a796f96a079cb3006434518f28fe33862c5352ec4204c7ca,sha256:9975b10f41d41af17ec0cdd625d587d67f618db475d9390e3c1fe1a31fbe0865,verification/workspace_reliability/workspace-invalid-namespace-compact-v2-proof/verification.json.gz,"[""no exhaustive Phase 1 replay""]",[],"{""type"":""targeted-contract"",""summary"":""case-specific lifecycle/fault/recovery contract"",""details"":[{""detail"":""\""workspace-invalid-namespace-compact-v2-proof pass\"""",""kind"":""proof-complete""}]}",
workspace_reliability,workspace-lease-lifecycle-compact-v2-proof,PASS,2.088033334352076,1bedaeaa3d564286b8ff6a77365d3d7b144a6dc97e236466fa7066826a6acd19,3c797bc6dbfd9b03b919c270b609cad839000b68d67e34f3b00d24717e07f39a,bd0b5e8d850ad9ed6d044bcc51124ff62a71a42adb231fc4298b8da6d102f2b0,sha256:9975b10f41d41af17ec0cdd625d587d67f618db475d9390e3c1fe1a31fbe0865,verification/workspace_reliability/workspace-lease-lifecycle-compact-v2-proof/verification.json.gz,"[""no exhaustive Phase 1 replay""]",[],"{""type"":""targeted-contract"",""summary"":""case-specific lifecycle/fault/recovery contract"",""details"":[{""detail"":""\""workspace-lease-lifecycle-compact-v2-proof pass\"""",""kind"":""proof-complete""}]}",
workspace_reliability,workspace-open-writer-busy-compact-v2-proof,PASS,2.4069364997558296,1bedaeaa3d564286b8ff6a77365d3d7b144a6dc97e236466fa7066826a6acd19,3c797bc6dbfd9b03b919c270b609cad839000b68d67e34f3b00d24717e07f39a,1e375fcbd4a4bf2f289d3de613e08ec7d38b381aa7e5d36ba56db27162e63c12,sha256:9975b10f41d41af17ec0cdd625d587d67f618db475d9390e3c1fe1a31fbe0865,verification/workspace_reliability/workspace-open-writer-busy-compact-v2-proof/verification.json.gz,"[""no exhaustive Phase 1 replay""]",[],"{""type"":""targeted-contract"",""summary"":""case-specific lifecycle/fault/recovery contract"",""details"":[{""detail"":""\""workspace-open-writer-busy-compact-v2-proof pass\"""",""kind"":""proof-complete""}]}",
workspace_reliability,workspace-live-execution-busy-compact-v2-proof,PASS,2.4131747079081833,1bedaeaa3d564286b8ff6a77365d3d7b144a6dc97e236466fa7066826a6acd19,3c797bc6dbfd9b03b919c270b609cad839000b68d67e34f3b00d24717e07f39a,9fbfb5f81e1ddbdef7cb2c2109594f93d1a218d70079f3b88d878fac30ab6f71,sha256:9975b10f41d41af17ec0cdd625d587d67f618db475d9390e3c1fe1a31fbe0865,verification/workspace_reliability/workspace-live-execution-busy-compact-v2-proof/verification.json.gz,"[""no exhaustive Phase 1 replay""]",[],"{""type"":""targeted-contract"",""summary"":""case-specific lifecycle/fault/recovery contract"",""details"":[{""detail"":""\""workspace-live-execution-busy-compact-v2-proof pass\"""",""kind"":""proof-complete""}]}",
workspace_reliability,workspace-candidate-failure-retry-compact-v2-proof,PASS,1.9956189999356866,1bedaeaa3d564286b8ff6a77365d3d7b144a6dc97e236466fa7066826a6acd19,3c797bc6dbfd9b03b919c270b609cad839000b68d67e34f3b00d24717e07f39a,dbb65ef78f9e18285b2797fc9f1f458384c904a4bdd51d3989997b04159bb83e,sha256:9975b10f41d41af17ec0cdd625d587d67f618db475d9390e3c1fe1a31fbe0865,verification/workspace_reliability/workspace-candidate-failure-retry-compact-v2-proof/verification.json.gz,"[""no exhaustive Phase 1 replay""]",[],"{""type"":""targeted-contract"",""summary"":""case-specific lifecycle/fault/recovery contract"",""details"":[{""detail"":""VerificationFaultReceipt { branch: BranchId(1101a07cfb27d7792a878bb407915cf255), fault: Candidate, hit_count: 1, spool_bytes_before: 0 }"",""kind"":""fault-reachability""},{""detail"":""\""workspace-candidate-failure-retry-compact-v2-proof pass\"""",""kind"":""proof-complete""}]}",
workspace_reliability,workspace-admission-batch-failure-retry-compact-v2-proof,PASS,3.186245792079717,1bedaeaa3d564286b8ff6a77365d3d7b144a6dc97e236466fa7066826a6acd19,3c797bc6dbfd9b03b919c270b609cad839000b68d67e34f3b00d24717e07f39a,171d7d10cd69ea0f693a78976ebfacad7e0d113ac8724bcf57b007ff7ea410f3,sha256:9975b10f41d41af17ec0cdd625d587d67f618db475d9390e3c1fe1a31fbe0865,verification/workspace_reliability/workspace-admission-batch-failure-retry-compact-v2-proof/verification.json.gz,"[""no exhaustive Phase 1 replay""]",[],"{""type"":""targeted-contract"",""summary"":""case-specific lifecycle/fault/recovery contract"",""details"":[{""detail"":""\""workspace-admission-batch-failure-retry-compact-v2-proof pass\"""",""kind"":""proof-complete""}]}",
workspace_reliability,workspace-final-publication-failure-retry-compact-v2-proof,PASS,3.505597583949566,1bedaeaa3d564286b8ff6a77365d3d7b144a6dc97e236466fa7066826a6acd19,3c797bc6dbfd9b03b919c270b609cad839000b68d67e34f3b00d24717e07f39a,d2ff5343987a61a8f9b94e7bd40b153e23bb509f9026965ed09d9d7c8ee03e11,sha256:9975b10f41d41af17ec0cdd625d587d67f618db475d9390e3c1fe1a31fbe0865,verification/workspace_reliability/workspace-final-publication-failure-retry-compact-v2-proof/verification.json.gz,"[""no exhaustive Phase 1 replay""]",[],"{""type"":""targeted-contract"",""summary"":""case-specific lifecycle/fault/recovery contract"",""details"":[{""detail"":""\""workspace-final-publication-failure-retry-compact-v2-proof pass\"""",""kind"":""proof-complete""}]}",
workspace_reliability,workspace-published-presentation-failure-smoke-v3-proof,PASS,2.0126582919619977,1bedaeaa3d564286b8ff6a77365d3d7b144a6dc97e236466fa7066826a6acd19,3c797bc6dbfd9b03b919c270b609cad839000b68d67e34f3b00d24717e07f39a,4657ba927bccee498fb64f094c429d78bd100ce809fc0fd37c5d3e406cb9b1a3,sha256:9975b10f41d41af17ec0cdd625d587d67f618db475d9390e3c1fe1a31fbe0865,verification/workspace_reliability/workspace-published-presentation-failure-smoke-v3-proof/verification.json.gz,"[""no exhaustive Phase 1 replay""]",[],"{""type"":""targeted-contract"",""summary"":""case-specific lifecycle/fault/recovery contract"",""details"":[{""detail"":""VerificationFaultReceipt { branch: BranchId(1101a07d022c397c26beb2228fa64da52d), fault: PresentationResume, hit_count: 1, spool_bytes_before: 0 }"",""kind"":""fault-reachability""},{""detail"":""\""workspace-published-presentation-failure-smoke-v3-proof pass\"""",""kind"":""proof-complete""}]}",
workspace_reliability,workspace-dirty-end-discard-compact-v2-proof,PASS,2.1298947501927614,1bedaeaa3d564286b8ff6a77365d3d7b144a6dc97e236466fa7066826a6acd19,3c797bc6dbfd9b03b919c270b609cad839000b68d67e34f3b00d24717e07f39a,13d721bcd258a079d53c7452366f180d904200852b428110777e17280aa636bc,sha256:9975b10f41d41af17ec0cdd625d587d67f618db475d9390e3c1fe1a31fbe0865,verification/workspace_reliability/workspace-dirty-end-discard-compact-v2-proof/verification.json.gz,"[""no exhaustive Phase 1 replay""]",[],"{""type"":""targeted-contract"",""summary"":""case-specific lifecycle/fault/recovery contract"",""details"":[{""detail"":""\""workspace-dirty-end-discard-compact-v2-proof pass\"""",""kind"":""proof-complete""}]}",
workspace_reliability,workspace-dirty-net-zero-compact-v2-proof,PASS,2.1398541247472167,1bedaeaa3d564286b8ff6a77365d3d7b144a6dc97e236466fa7066826a6acd19,3c797bc6dbfd9b03b919c270b609cad839000b68d67e34f3b00d24717e07f39a,20b070f57652ef49e233ea807506ad4ff6870755c9c27ad06747d87ba24d6690,sha256:9975b10f41d41af17ec0cdd625d587d67f618db475d9390e3c1fe1a31fbe0865,verification/workspace_reliability/workspace-dirty-net-zero-compact-v2-proof/verification.json.gz,"[""no exhaustive Phase 1 replay""]",[],"{""type"":""targeted-contract"",""summary"":""case-specific lifecycle/fault/recovery contract"",""details"":[{""detail"":""\""workspace-dirty-net-zero-compact-v2-proof pass\"""",""kind"":""proof-complete""}]}",
workspace_reliability,workspace-short-spool-write-compact-v2-proof,PASS,2.1939758746884763,1bedaeaa3d564286b8ff6a77365d3d7b144a6dc97e236466fa7066826a6acd19,3c797bc6dbfd9b03b919c270b609cad839000b68d67e34f3b00d24717e07f39a,2c9b5d4dfef52e666d7c14d28444819e2a514c7fc138b67bd5e27b72adf70f66,sha256:9975b10f41d41af17ec0cdd625d587d67f618db475d9390e3c1fe1a31fbe0865,verification/workspace_reliability/workspace-short-spool-write-compact-v2-proof/verification.json.gz,"[""no exhaustive Phase 1 replay""]",[],"{""type"":""targeted-contract"",""summary"":""case-specific lifecycle/fault/recovery contract"",""details"":[{""detail"":""VerificationFaultReceipt { branch: BranchId(1101a07cfb27d7792a878bb407915cf255), fault: ShortAppend, hit_count: 1, spool_bytes_before: 4096 }"",""kind"":""fault-reachability""},{""detail"":""\""workspace-short-spool-write-compact-v2-proof pass\"""",""kind"":""proof-complete""}]}",
workspace_reliability,workspace-deferred-nospace-compact-v2-proof,PASS,2.1209224998019636,1bedaeaa3d564286b8ff6a77365d3d7b144a6dc97e236466fa7066826a6acd19,3c797bc6dbfd9b03b919c270b609cad839000b68d67e34f3b00d24717e07f39a,22a010a8b0c632fb67c98d9ae2c5cf01e970eb90e476fc07b0bbe2afb213b206,sha256:9975b10f41d41af17ec0cdd625d587d67f618db475d9390e3c1fe1a31fbe0865,verification/workspace_reliability/workspace-deferred-nospace-compact-v2-proof/verification.json.gz,"[""no exhaustive Phase 1 replay""]",[],"{""type"":""targeted-contract"",""summary"":""case-specific lifecycle/fault/recovery contract"",""details"":[{""detail"":""VerificationFaultReceipt { branch: BranchId(1101a07cfb27d7792a878bb407915cf255), fault: NoSpace, hit_count: 1, spool_bytes_before: 4096 }"",""kind"":""fault-reachability""},{""detail"":""\""workspace-deferred-nospace-compact-v2-proof pass\"""",""kind"":""proof-complete""}]}",
workspace_reliability,workspace-workload-cancel-compact-v2-proof,PASS,2.2967236251570284,1bedaeaa3d564286b8ff6a77365d3d7b144a6dc97e236466fa7066826a6acd19,3c797bc6dbfd9b03b919c270b609cad839000b68d67e34f3b00d24717e07f39a,58727175321298c9ebc79a0d757375b4a5dc688e7dbd5b370ab116702f11eaf4,sha256:9975b10f41d41af17ec0cdd625d587d67f618db475d9390e3c1fe1a31fbe0865,verification/workspace_reliability/workspace-workload-cancel-compact-v2-proof/verification.json.gz,"[""no exhaustive Phase 1 replay""]",[],"{""type"":""targeted-contract"",""summary"":""case-specific lifecycle/fault/recovery contract"",""details"":[{""detail"":""\""workspace-workload-cancel-compact-v2-proof pass\"""",""kind"":""proof-complete""}]}",
workspace_reliability,workspace-dirty-runtime-disconnect-compact-v2-proof,PASS,2.2926473328843713,1bedaeaa3d564286b8ff6a77365d3d7b144a6dc97e236466fa7066826a6acd19,3c797bc6dbfd9b03b919c270b609cad839000b68d67e34f3b00d24717e07f39a,e821049f4d69ff9a932db6ca38570dddf9a5b78d2cfb04144c382a223dfa8e3e,sha256:9975b10f41d41af17ec0cdd625d587d67f618db475d9390e3c1fe1a31fbe0865,verification/workspace_reliability/workspace-dirty-runtime-disconnect-compact-v2-proof/verification.json.gz,"[""no exhaustive Phase 1 replay""]",[],"{""type"":""targeted-contract"",""summary"":""case-specific lifecycle/fault/recovery contract"",""details"":[{""detail"":""\""workspace-dirty-runtime-disconnect-compact-v2-proof pass\"""",""kind"":""proof-complete""}]}",
workspace_reliability,workspace-corrupt-descendant-compact-v2-proof,PASS,1.7986803753301501,1bedaeaa3d564286b8ff6a77365d3d7b144a6dc97e236466fa7066826a6acd19,3c797bc6dbfd9b03b919c270b609cad839000b68d67e34f3b00d24717e07f39a,9108eefb6756d39dbc7b36c3f3618d778d42bd632124dc18f8543c8cbb077b70,sha256:9975b10f41d41af17ec0cdd625d587d67f618db475d9390e3c1fe1a31fbe0865,verification/workspace_reliability/workspace-corrupt-descendant-compact-v2-proof/verification.json,"[""no exhaustive Phase 1 replay""]",[],"{""type"":""targeted-contract"",""summary"":""case-specific lifecycle/fault/recovery contract"",""details"":[{""detail"":""\""workspace-corrupt-descendant-compact-v2-proof pass\"""",""kind"":""proof-complete""}]}",
workspace_reliability,workspace-missing-descendant-compact-v2-proof,PASS,1.9173369999043643,1bedaeaa3d564286b8ff6a77365d3d7b144a6dc97e236466fa7066826a6acd19,3c797bc6dbfd9b03b919c270b609cad839000b68d67e34f3b00d24717e07f39a,991734a6cb027cc1b58a87775297f487024d61e7c4e32fad1063b59a499b629f,sha256:9975b10f41d41af17ec0cdd625d587d67f618db475d9390e3c1fe1a31fbe0865,verification/workspace_reliability/workspace-missing-descendant-compact-v2-proof/verification.json,"[""no exhaustive Phase 1 replay""]",[],"{""type"":""targeted-contract"",""summary"":""case-specific lifecycle/fault/recovery contract"",""details"":[{""detail"":""\""workspace-missing-descendant-compact-v2-proof pass\"""",""kind"":""proof-complete""}]}",
workspace_reliability,workspace-parallel-read-write-compact-v2-proof,PASS,2.124951582867652,1bedaeaa3d564286b8ff6a77365d3d7b144a6dc97e236466fa7066826a6acd19,3c797bc6dbfd9b03b919c270b609cad839000b68d67e34f3b00d24717e07f39a,cec52960c3708228f3fefc5b00ef582dc91c92b4401a1d0a2bc96e7db2144a49,sha256:9975b10f41d41af17ec0cdd625d587d67f618db475d9390e3c1fe1a31fbe0865,verification/workspace_reliability/workspace-parallel-read-write-compact-v2-proof/verification.json.gz,"[""no exhaustive Phase 1 replay""]",[],"{""type"":""targeted-contract"",""summary"":""case-specific lifecycle/fault/recovery contract"",""details"":[{""detail"":""\""workspace-parallel-read-write-compact-v2-proof pass\"""",""kind"":""proof-complete""}]}",
workspace_reliability,workspace-shared-path-contention-compact-v2-proof,PASS,1.964518416672945,1bedaeaa3d564286b8ff6a77365d3d7b144a6dc97e236466fa7066826a6acd19,3c797bc6dbfd9b03b919c270b609cad839000b68d67e34f3b00d24717e07f39a,2b152563928fb3498afc5221c0af89fa6b7bed9e4976ba002c8ba7b8d57d9689,sha256:9975b10f41d41af17ec0cdd625d587d67f618db475d9390e3c1fe1a31fbe0865,verification/workspace_reliability/workspace-shared-path-contention-compact-v2-proof/verification.json.gz,"[""no exhaustive Phase 1 replay""]",[],"{""type"":""targeted-contract"",""summary"":""case-specific lifecycle/fault/recovery contract"",""details"":[{""detail"":""\""workspace-shared-path-contention-compact-v2-proof pass\"""",""kind"":""proof-complete""}]}",
workspace_reliability,workspace-hardlink-alias-compact-v2-proof,PASS,1.90862483298406,1bedaeaa3d564286b8ff6a77365d3d7b144a6dc97e236466fa7066826a6acd19,3c797bc6dbfd9b03b919c270b609cad839000b68d67e34f3b00d24717e07f39a,c9ed2941bb7608b6fbd86f96e4074833a3d3cf72909b1f0827f33c6800e73282,sha256:9975b10f41d41af17ec0cdd625d587d67f618db475d9390e3c1fe1a31fbe0865,verification/workspace_reliability/workspace-hardlink-alias-compact-v2-proof/verification.json.gz,"[""no exhaustive Phase 1 replay""]",[],"{""type"":""targeted-contract"",""summary"":""case-specific lifecycle/fault/recovery contract"",""details"":[{""detail"":""\""workspace-hardlink-alias-compact-v2-proof pass\"""",""kind"":""proof-complete""}]}",
workspace_reliability,workspace-symlink-semantics-compact-v2-proof,PASS,1.8959957496263087,1bedaeaa3d564286b8ff6a77365d3d7b144a6dc97e236466fa7066826a6acd19,3c797bc6dbfd9b03b919c270b609cad839000b68d67e34f3b00d24717e07f39a,ba8bc023c6e0973a6202ff77639467a47877e0f82f5e5a9be676c35c73295c5f,sha256:9975b10f41d41af17ec0cdd625d587d67f618db475d9390e3c1fe1a31fbe0865,verification/workspace_reliability/workspace-symlink-semantics-compact-v2-proof/verification.json.gz,"[""no exhaustive Phase 1 replay""]",[],"{""type"":""targeted-contract"",""summary"":""case-specific lifecycle/fault/recovery contract"",""details"":[{""detail"":""\""workspace-symlink-semantics-compact-v2-proof pass\"""",""kind"":""proof-complete""}]}",
workspace_reliability,workspace-open-rename-unlink-compact-v2-proof,PASS,1.863768707960844,1bedaeaa3d564286b8ff6a77365d3d7b144a6dc97e236466fa7066826a6acd19,3c797bc6dbfd9b03b919c270b609cad839000b68d67e34f3b00d24717e07f39a,5dbd0d68d65cccc031a80c5daf478a08584c93f24c58a9ff24cec64ee6033a8b,sha256:9975b10f41d41af17ec0cdd625d587d67f618db475d9390e3c1fe1a31fbe0865,verification/workspace_reliability/workspace-open-rename-unlink-compact-v2-proof/verification.json.gz,"[""no exhaustive Phase 1 replay""]",[],"{""type"":""targeted-contract"",""summary"":""case-specific lifecycle/fault/recovery contract"",""details"":[{""detail"":""\""workspace-open-rename-unlink-compact-v2-proof pass\"""",""kind"":""proof-complete""}]}",
workspace_reliability,workspace-metadata-chmod-compact-v2-proof,PASS,2.0118467081338167,1bedaeaa3d564286b8ff6a77365d3d7b144a6dc97e236466fa7066826a6acd19,3c797bc6dbfd9b03b919c270b609cad839000b68d67e34f3b00d24717e07f39a,b217f198df48c8692aa2f897d33ee7561ae62c30a31826357cf7a86fb3efaaf8,sha256:9975b10f41d41af17ec0cdd625d587d67f618db475d9390e3c1fe1a31fbe0865,verification/workspace_reliability/workspace-metadata-chmod-compact-v2-proof/verification.json.gz,"[""no exhaustive Phase 1 replay""]",[],"{""type"":""targeted-contract"",""summary"":""case-specific lifecycle/fault/recovery contract"",""details"":[{""detail"":""\""workspace-metadata-chmod-compact-v2-proof pass\"""",""kind"":""proof-complete""}]}",
workspace_reliability,workspace-metadata-mtime-compact-v2-proof,PASS,2.010027375072241,1bedaeaa3d564286b8ff6a77365d3d7b144a6dc97e236466fa7066826a6acd19,3c797bc6dbfd9b03b919c270b609cad839000b68d67e34f3b00d24717e07f39a,91e5504d152221b1cf2234171e13ab87fc12ae2ecfd7c10a2bb2866e430013bc,sha256:9975b10f41d41af17ec0cdd625d587d67f618db475d9390e3c1fe1a31fbe0865,verification/workspace_reliability/workspace-metadata-mtime-compact-v2-proof/verification.json.gz,"[""no exhaustive Phase 1 replay""]",[],"{""type"":""targeted-contract"",""summary"":""case-specific lifecycle/fault/recovery contract"",""details"":[{""detail"":""\""workspace-metadata-mtime-compact-v2-proof pass\"""",""kind"":""proof-complete""}]}",
workspace_reliability,workspace-metadata-xattr-compact-v2-proof,PASS,1.8560614581219852,1bedaeaa3d564286b8ff6a77365d3d7b144a6dc97e236466fa7066826a6acd19,3c797bc6dbfd9b03b919c270b609cad839000b68d67e34f3b00d24717e07f39a,95aadeee11d16b99a1e5c273c420d8b82834a397f88e14d84fceccce4e4758ac,sha256:9975b10f41d41af17ec0cdd625d587d67f618db475d9390e3c1fe1a31fbe0865,verification/workspace_reliability/workspace-metadata-xattr-compact-v2-proof/verification.json.gz,"[""no exhaustive Phase 1 replay""]",[],"{""type"":""targeted-contract"",""summary"":""case-specific lifecycle/fault/recovery contract"",""details"":[{""detail"":""\""workspace-metadata-xattr-compact-v2-proof pass\"""",""kind"":""proof-complete""}]}",
workspace_reliability,workspace-exec-500-compact-v2-proof,PASS,9.041402082890272,1bedaeaa3d564286b8ff6a77365d3d7b144a6dc97e236466fa7066826a6acd19,3c797bc6dbfd9b03b919c270b609cad839000b68d67e34f3b00d24717e07f39a,842d4463051b5290ec3575dcba8676694d99a90c34dd257915bff04a2b3f7291,sha256:9975b10f41d41af17ec0cdd625d587d67f618db475d9390e3c1fe1a31fbe0865,verification/workspace_reliability/workspace-exec-500-compact-v2-proof/verification.json.gz,"[""no exhaustive Phase 1 replay""]",[],"{""type"":""targeted-contract"",""summary"":""case-specific lifecycle/fault/recovery contract"",""details"":[{""detail"":""\""workspace-exec-500-compact-v2-proof pass\"""",""kind"":""proof-complete""}]}",
workspace_reliability,workspace-repeat-publication-compact-v2-proof,PASS,2.0348000419326127,1bedaeaa3d564286b8ff6a77365d3d7b144a6dc97e236466fa7066826a6acd19,3c797bc6dbfd9b03b919c270b609cad839000b68d67e34f3b00d24717e07f39a,7bf3b4ac118a1795a5174486c8cfab282c29241cd08e10055a3af51e2b097691,sha256:9975b10f41d41af17ec0cdd625d587d67f618db475d9390e3c1fe1a31fbe0865,verification/workspace_reliability/workspace-repeat-publication-compact-v2-proof/verification.json.gz,"[""no exhaustive Phase 1 replay""]",[],"{""type"":""targeted-contract"",""summary"":""case-specific lifecycle/fault/recovery contract"",""details"":[{""detail"":""\""workspace-repeat-publication-compact-v2-proof pass\"""",""kind"":""proof-complete""}]}",
workspace_reliability,workspace-sustained-600s-compact-v2-proof,EXCLUDED_LONG,,,,,,,null,null,null,
