checkpoint,snapshot,provenance,source_sha,source_tree,source_oracle_sha256,source_manifest_sha256,previous_layerfs_mapping,resulting_layerfs_mapping,created,source_identity_null_reason,diag_invalid,diag_cursor_attached,diag_cursor_queries,diag_cursor_inherited,diag_cursor_memory_limit,diag_cursor_file_limit,diag_cursor_operation_limit,diag_cursor_descriptor_limit,diag_cursor_grants,diag_cursor_query_bytes,diag_selected_pack_count,diag_selected_pack_last_id,diag_selected_pack_bytes,diag_selected_pack_groups,diag_selected_pack_records,diag_selected_unlocated_records,diag_occurrence_preexisting_grants,diag_occurrence_missing_grants,diag_occurrence_duplicate_grants,diag_file_source_without_chunk,diag_eligible_count,diag_eligible_bytes,diag_new_full_count,diag_new_full_bytes,diag_new_delta_count,diag_new_delta_bytes,diag_race_count,diag_race_bytes,diag_nonfile_chunk_count,diag_nonfile_chunk_bytes,diag_no_predecessor_count,diag_no_predecessor_bytes,diag_missing_span_count,diag_missing_span_bytes,diag_complete_empty_count,diag_complete_empty_bytes,diag_limited_empty_count,diag_limited_empty_bytes,diag_complete_hints_count,diag_complete_hints_bytes,diag_limited_hints_count,diag_limited_hints_bytes,diag_occurrence_preexisting_count,diag_occurrence_preexisting_bytes,diag_occurrence_missing_count,diag_occurrence_missing_bytes,diag_occurrence_duplicate_count,diag_occurrence_duplicate_bytes,diag_terminal_no_predecessor_count,diag_terminal_no_predecessor_bytes,diag_terminal_missing_span_count,diag_terminal_missing_span_bytes,diag_terminal_no_overlap_count,diag_terminal_no_overlap_bytes,diag_terminal_correspondence_limit_count,diag_terminal_correspondence_limit_bytes,diag_terminal_base_count,diag_terminal_base_bytes,diag_terminal_budget_count,diag_terminal_budget_bytes,diag_terminal_no_delta_count,diag_terminal_no_delta_bytes,diag_terminal_mixed_rejection_count,diag_terminal_mixed_rejection_bytes,diag_terminal_delta_count,diag_terminal_delta_bytes,diag_terminal_unknown_count,diag_terminal_unknown_bytes,diag_size_lt64_count,diag_size_lt64_bytes,diag_size_lt256_count,diag_size_lt256_bytes,diag_size_lt1024_count,diag_size_lt1024_bytes,diag_size_lt4096_count,diag_size_lt4096_bytes,diag_size_lt16384_count,diag_size_lt16384_bytes,diag_size_lt65536_count,diag_size_lt65536_bytes,diag_size_ge65536_count,diag_size_ge65536_bytes,diag_hints_0_count,diag_hints_0_bytes,diag_hints_1_count,diag_hints_1_bytes,diag_hints_2_count,diag_hints_2_bytes,diag_hints_3_count,diag_hints_3_bytes,diag_hints_4_count,diag_hints_4_bytes,diag_limit_memory_first_count,diag_limit_memory_first_bytes,diag_limit_memory_first_empty_count,diag_limit_memory_first_empty_bytes,diag_limit_memory_inherited_count,diag_limit_memory_inherited_bytes,diag_limit_memory_inherited_empty_count,diag_limit_memory_inherited_empty_bytes,diag_limit_file_first_count,diag_limit_file_first_bytes,diag_limit_file_first_empty_count,diag_limit_file_first_empty_bytes,diag_limit_file_inherited_count,diag_limit_file_inherited_bytes,diag_limit_file_inherited_empty_count,diag_limit_file_inherited_empty_bytes,diag_limit_operation_first_count,diag_limit_operation_first_bytes,diag_limit_operation_first_empty_count,diag_limit_operation_first_empty_bytes,diag_limit_operation_inherited_count,diag_limit_operation_inherited_bytes,diag_limit_operation_inherited_empty_count,diag_limit_operation_inherited_empty_bytes,diag_limit_descriptor_first_count,diag_limit_descriptor_first_bytes,diag_limit_descriptor_first_empty_count,diag_limit_descriptor_first_empty_bytes,diag_limit_descriptor_inherited_count,diag_limit_descriptor_inherited_bytes,diag_limit_descriptor_inherited_empty_count,diag_limit_descriptor_inherited_empty_bytes,diag_event_fetch_budget_count,diag_event_fetch_budget_bytes,diag_event_match_budget_count,diag_event_match_budget_bytes,diag_event_instruction_budget_count,diag_event_instruction_budget_bytes,diag_event_memory_budget_count,diag_event_memory_budget_bytes,diag_event_base,diag_event_base_bytes,diag_event_budget,diag_event_budget_bytes,diag_event_candidate,diag_event_candidate_bytes,diag_event_mixed_rejection,diag_event_mixed_rejection_bytes,native_record_fetches,native_request_bytes,native_parser_bytes,native_raw_decoded_bytes,native_decode_calls,native_decode_ns,native_dependency_edges,native_depth_0,native_depth_1,native_depth_2,native_depth_3,native_depth_4,native_full_encode_calls,native_full_encode_ns,native_full_frame_count,native_full_frame_bytes,native_prefix_encode_calls,native_prefix_encode_ns,native_prefix_frame_count,native_prefix_frame_bytes,native_fallback_no_hint_count,native_fallback_no_hint_bytes,native_fallback_unavailable_count,native_fallback_unavailable_bytes,native_fallback_legacy_delta_count,native_fallback_legacy_delta_bytes,native_fallback_role_count,native_fallback_role_bytes,native_fallback_depth_count,native_fallback_depth_bytes,native_fallback_budget_count,native_fallback_budget_bytes,native_fallback_full_wins_count,native_fallback_full_wins_bytes,native_admitted_full_count,native_admitted_full_bytes,native_admitted_prefix_count,native_admitted_prefix_bytes,canonical_bytes,canonical_objects,database_allocated_bytes,database_logical_bytes,freelist_page_count,page_count,page_size_bytes,sidecar_allocated_bytes,sidecar_logical_bytes,store_allocated_bytes,store_apparent_bytes,init_elapsed_ns,fork_elapsed_ns,mount_elapsed_ns,ack_objects,ack_canonical_bytes,retained_objects,retained_canonical_bytes,new_ack_objects,new_ack_canonical_bytes,pack_first_id,pack_last_id,derived_selected_file_count,derived_selected_file_bytes,derived_selected_file_delta_count,derived_selected_file_delta_bytes,status,unique_eligible_count,unique_eligible_bytes,errors,exec_elapsed_ns,commit_elapsed_ns
0,acknowledgement before verifier,performance-result.json#ready,null,null,null,null,null,32fecf515eec3a390dc203dc1e9db2220a36d0af3dd17376af19372481f68ec50c,null,Init has no source checkpoint or prior mapping,0,0,0,0,0,0,0,0,0,0,1,1,867,2,12,0,0,0,0,0,0,0,0,0,0,0,0,0,2,58,0,0,0,0,0,0,0,0,0,0,0,0,0,0,0,0,0,0,0,0,0,0,0,0,0,0,0,0,0,0,0,0,0,0,0,0,0,0,0,0,0,0,0,0,0,0,0,0,0,0,0,0,0,0,0,0,0,0,0,0,0,0,0,0,0,0,0,0,0,0,0,0,0,0,0,0,0,0,0,0,0,0,0,0,0,0,0,0,0,0,0,0,0,0,0,0,0,0,0,0,0,0,0,0,0,0,0,0,0,0,0,0,0,0,0,0,0,0,0,0,0,0,0,0,0,0,0,0,0,0,0,0,0,0,0,0,0,0,0,0,0,0,0,0,0,0,0,0,1050,12,69632,69632,0,17,4096,0,0,69632,69632,1973416,119042,18357375,12,1050,12,1050,12,1050,1,1,0,0,0,0,PASS,0,0,[],,
1,acknowledgement before verifier,performance-result.json#records/0,ca4e1c3a1c61129bd95ee57dd744bc53c2e635bb,a1b6dc6ff544ac011c47e5dc4c1f4bb2b399c108,9ff51404fe3ea33de4b70d33c2f3241780ab866768d59b15c183b5211c327f02,cf2213377cb9f62a7244f55ec80133935d1fcefed4e5e86bd1c7341a33309a47,32fecf515eec3a390dc203dc1e9db2220a36d0af3dd17376af19372481f68ec50c,1231aae5d65bfda4eafdc8d7d58eb04bf2778b3981f5a0241952b0474e4fbe584e,True,null,0,0,0,0,0,0,0,0,0,0,11,12,583945,76,1338,0,0,0,0,0,283,1495276,283,1495276,0,0,0,0,3,83,283,1495276,0,0,0,0,0,0,0,0,0,0,0,0,283,1495276,12,9984,283,1495276,0,0,0,0,0,0,0,0,0,0,0,0,0,0,0,0,0,0,1,46,5,777,64,38522,102,249640,84,662631,27,543660,0,0,283,1495276,0,0,0,0,0,0,0,0,0,0,0,0,0,0,0,0,0,0,0,0,0,0,0,0,0,0,0,0,0,0,0,0,0,0,0,0,0,0,0,0,0,0,0,0,0,0,0,0,0,0,0,0,0,0,0,0,0,0,0,0,0,0,0,0,0,0,0,0,0,0,0,0,0,0,0,0,0,0,0,0,0,0,0,0,0,0,0,0,0,0,0,0,0,0,1633857,1350,733184,733184,0,179,4096,0,0,733184,733184,,,,1350,1633857,1350,1633857,1338,1632807,2,12,283,1495276,0,0,PASS,283,1495276,[],128086959,26274416
2,acknowledgement before verifier,performance-result.json#records/1,a009b1e995d38a2149d84067bbf461f8be0e3456,011e99a519bfdf201221b0a5db8ffe926dca6afe,c53eabfbcfe2323a5f4f6a6b9490a48aeb52975c8a427ed83d8a4e7ae415347c,1f9a566d82b0a2e4865a06c7d705a422b89ed9476de1a67240f88e197d7ded58,1231aae5d65bfda4eafdc8d7d58eb04bf2778b3981f5a0241952b0474e4fbe584e,12d682eba20e0402656a9b527cab6c4ccb67708e1f0faac6ad026fd52b6b62897d,True,null,0,97,115,0,0,0,0,0,194,832680,9,21,338275,69,733,0,2,192,0,0,189,1356519,83,598522,106,757997,0,0,0,0,79,565972,0,0,3,14677,0,0,107,775870,0,0,5,42133,189,1356519,0,0,79,565972,0,0,3,14677,0,0,0,0,0,0,0,0,1,17873,106,757997,0,0,0,0,2,433,20,15554,67,166681,69,560275,31,613576,0,0,82,580649,95,557587,12,218283,0,0,0,0,0,0,0,0,0,0,0,0,0,0,0,0,0,0,0,0,0,0,0,0,0,0,0,0,0,0,0,0,0,0,0,0,0,0,0,0,0,0,0,0,107,775870,0,0,107,775870,1,17873,0,0,0,0,0,0,0,0,0,0,0,0,0,0,0,0,0,0,0,0,0,0,0,0,0,0,0,0,0,0,0,0,0,0,0,0,0,0,3075624,2083,2109440,1118208,0,273,4096,0,0,2109440,1118208,,,,2083,3075624,2083,3075624,733,1441767,13,21,189,1356519,106,757997,PASS,189,1356519,[],160427917,66704500
3,acknowledgement before verifier,performance-result.json#records/2,bcf255fc57cb3b6cfca3cd4b1df79ee33815f1bd,92f8aac2050f81f57ca202bcd5ec92f4b197a31e,a442f7d91c82bf6ab0196133399248c1322aaac6fff73628f9221bd6ddfb9256,94b14d1e4a4d029eecce598e3efdfbb27e74a338737ce68ea7a8a0e6becda845,12d682eba20e0402656a9b527cab6c4ccb67708e1f0faac6ad026fd52b6b62897d,12b3e2c46104cf48f5571c30bcbff43f2ef00272f1d385fd6db758c3be1c531898,True,null,0,102,131,0,0,0,0,0,204,1246599,10,31,318336,73,791,0,0,204,0,0,186,1513393,69,435612,117,1077781,0,0,0,0,68,435390,0,0,1,222,0,0,117,1077781,0,0,14,168911,186,1513393,3,330,68,435390,0,0,1,222,0,0,0,0,0,0,0,0,0,0,117,1077781,0,0,2,73,11,1999,14,9409,38,98983,90,819221,31,583708,0,0,69,435612,97,771038,20,306743,0,0,0,0,0,0,0,0,0,0,0,0,0,0,0,0,0,0,0,0,0,0,0,0,0,0,0,0,0,0,0,0,0,0,0,0,0,0,0,0,0,0,0,0,117,1077781,0,0,117,1077781,0,0,0,0,0,0,0,0,0,0,0,0,0,0,0,0,0,0,0,0,0,0,0,0,0,0,0,0,0,0,0,0,0,0,0,0,0,0,0,0,4688665,2874,2109440,1482752,0,362,4096,0,0,2109440,1482752,,,,2874,4688665,2874,4688665,791,1613041,22,31,186,1513393,117,1077781,PASS,186,1513393,[],196591167,86249000
4,acknowledgement before verifier,performance-result.json#records/3,25eccdaedcfc918a32a30592219871a807f1e8a6,1e1d7a07440c152e3c867e7463a0dbde951563ee,fccba069b085a5a14278cc289634d96725f9198be8e708fcba6da670ebb4d51a,fc29561d3d967da8a34b32b92986ca9f2f076af49c41aa844078378729e42147,12b3e2c46104cf48f5571c30bcbff43f2ef00272f1d385fd6db758c3be1c531898,129cc8426691584d18846cc3d2b220814d6596d67a8d0712a153c4c8e73bd8f8bc,True,null,0,65,77,0,0,0,0,0,130,549268,15,46,760718,107,1511,0,0,128,2,0,309,2139260,242,1665866,67,473394,0,0,0,0,237,1658842,0,0,1,3714,0,0,71,476704,0,0,67,339049,309,2139260,5,2270,237,1658842,0,0,1,3714,0,0,0,0,0,0,4,3310,0,0,67,473394,0,0,0,0,3,540,42,26409,87,235943,142,1192584,35,683784,0,0,238,1662556,65,347545,5,100385,1,28774,0,0,0,0,0,0,0,0,0,0,0,0,0,0,0,0,0,0,0,0,0,0,0,0,0,0,0,0,0,0,0,0,0,0,0,0,0,0,0,0,0,0,71,476704,0,0,67,473394,0,0,0,0,0,0,0,0,0,0,0,0,0,0,0,0,0,0,0,0,0,0,0,0,0,0,0,0,0,0,0,0,0,0,0,0,0,0,0,0,6999808,4385,3158016,2334720,0,570,4096,0,0,3158016,2334720,,,,4385,6999808,4385,6999808,1511,2311143,32,46,309,2139260,67,473394,PASS,309,2139260,[],337933000,82935666
5,acknowledgement before verifier,performance-result.json#records/4,93a6dc6716aad759cdb036700d79451b058d2d70,6a607577773a253fcfe582996b0544cb22436522,1dfcff946118c5c3ca33c6e0fc3cd77a3dc218d04b5e3c2c669296f8a037b239,5da19a48d04107e521e0b41e3cb3e02cc7f2836ed06f646716bdd6aec20bf998,129cc8426691584d18846cc3d2b220814d6596d67a8d0712a153c4c8e73bd8f8bc,12cfcf0320095eecba57e5305a8674d9cb12d4fe90dfe1a672fafcb29d0794124d,True,null,0,181,214,0,0,0,0,0,362,1458590,12,58,343410,94,1172,0,2,354,6,0,283,1838740,95,672008,188,1166732,0,0,0,0,86,614731,0,0,4,17928,0,0,193,1206081,0,0,14,233349,283,1838740,4,1625,86,614731,0,0,4,17928,0,0,0,0,0,0,1,2188,4,37161,188,1166732,0,0,1,54,2,423,79,49471,59,134916,110,971213,32,682663,0,0,90,632659,175,888576,18,317505,0,0,0,0,0,0,0,0,0,0,0,0,0,0,0,0,0,0,0,0,0,0,0,0,0,0,0,0,0,0,0,0,0,0,0,0,0,0,0,0,0,0,0,0,193,1206081,0,0,192,1203893,4,37161,0,0,0,0,0,0,0,0,0,0,0,0,0,0,0,0,0,0,0,0,0,0,0,0,0,0,0,0,0,0,0,0,0,0,0,0,0,0,8980067,5557,3158016,2744320,0,670,4096,0,0,3158016,2744320,,,,5557,8980067,5557,8980067,1172,1980259,47,58,283,1838740,188,1166732,PASS,283,1838740,[],305660375,100157333
6,acknowledgement before verifier,performance-result.json#records/5,b44066d54425c96a0dc110e0297787768817c878,8ea90b15a0e618cebcf87eaa8f8aaf4ebed09a8c,d4eaac147b42b619b81accadfed456b689d3512ccf837f8d3b16bcb39c56bd52,568221ae5ed0123f2beb0042b297703d66b73fa784c3e86dd61cb25c8b918e68,12cfcf0320095eecba57e5305a8674d9cb12d4fe90dfe1a672fafcb29d0794124d,129de12ffae6ec04f87bb480c24625afdbf54c0c4ded958af8939781c7e346d7dc,True,null,0,29,40,0,0,0,0,0,58,459477,3,61,79499,22,143,0,4,54,0,0,37,406015,8,44575,29,361440,0,0,0,0,2,12067,0,0,1,2516,0,0,34,391432,0,0,5,65529,37,406015,0,0,2,12067,0,0,1,2516,0,0,0,0,0,0,0,0,5,29992,29,361440,0,0,0,0,0,0,0,0,6,18628,24,233098,7,154289,0,0,3,14583,28,262874,6,128558,0,0,0,0,0,0,0,0,0,0,0,0,0,0,0,0,0,0,0,0,0,0,0,0,0,0,0,0,0,0,0,0,0,0,0,0,0,0,0,0,0,0,0,0,34,391432,0,0,34,391432,5,29992,0,0,0,0,0,0,0,0,0,0,0,0,0,0,0,0,0,0,0,0,0,0,0,0,0,0,0,0,0,0,0,0,0,0,0,0,0,0,9443468,5700,3158016,2830336,0,691,4096,0,0,3158016,2830336,,,,5700,9443468,5700,9443468,143,463401,59,61,37,406015,29,361440,PASS,37,406015,[],108124958,39354167
7,acknowledgement before verifier,performance-result.json#records/6,5702f6244c11c2e0f64f4139655980a15a8510bd,54029f76cae85fd84daec42b7c5a1406eadcbe1e,e6875509b6e14fc4597f443b1b0e8ea00477d9e459857f43dd98c254ca269daf,e08a4cfe11888b791b16eb9fb71d242abbf7e7b3c3a9457d54b10a232003e17b,129de12ffae6ec04f87bb480c24625afdbf54c0c4ded958af8939781c7e346d7dc,12bcd436260f21b59be55832e7b961c285ecfe7291254121fe9706fa863d31b714,True,null,0,87,121,0,0,0,0,0,174,1267236,13,74,548104,106,1085,0,24,150,0,0,249,2111149,155,1129008,94,982141,0,0,0,0,151,1120709,0,0,4,8299,0,0,94,982141,0,0,25,277225,249,2111149,3,1185,151,1120709,0,0,4,8299,0,0,0,0,0,0,0,0,0,0,94,982141,0,0,3,115,3,497,24,13241,58,144067,112,968989,49,984240,0,0,155,1129008,75,613403,18,354998,1,13740,0,0,0,0,0,0,0,0,0,0,0,0,0,0,0,0,0,0,0,0,0,0,0,0,0,0,0,0,0,0,0,0,0,0,0,0,0,0,0,0,0,0,94,982141,0,0,94,982141,0,0,0,0,0,0,0,0,0,0,0,0,0,0,0,0,0,0,0,0,0,0,0,0,0,0,0,0,0,0,0,0,0,0,0,0,0,0,0,0,11706116,6785,4206592,3448832,0,842,4096,0,0,4206592,3448832,,,,6785,11706116,6785,11706116,1085,2262648,62,74,249,2111149,94,982141,PASS,249,2111149,[],228416458,110120666
8,acknowledgement before verifier,performance-result.json#records/7,0c5eadf9de9a830cd98daf52af47f4d696f77e5c,8e6f0c07c6e56ad52f26e587dbe870875a4cf01b,2ecd0d9031aede1313dbd6a9eb4ffc40df3145425bcd47ec47884d247350edd3,5bc962a190cae566ebeaf700a9273a67f64f76ccae90048eefa94bcc39bb81c2,12bcd436260f21b59be55832e7b961c285ecfe7291254121fe9706fa863d31b714,121859e601e7df41b4e5461100dfc320457f9fb8711a8de107852ac59f202c49c1,True,null,0,175,226,0,0,0,0,0,350,2248597,19,93,576598,152,1442,0,2,348,0,0,351,3113992,160,1188953,191,1925039,0,0,0,0,148,1135152,0,0,5,8823,0,0,198,1970017,0,0,23,269757,351,3113992,12,2992,148,1135152,0,0,5,8823,0,0,0,0,0,0,0,0,7,44978,191,1925039,0,0,1,55,13,2740,24,12785,67,182444,171,1399242,75,1516726,0,0,153,1143975,170,1478680,26,453882,2,37455,0,0,0,0,0,0,0,0,0,0,0,0,0,0,0,0,0,0,0,0,0,0,0,0,0,0,0,0,0,0,0,0,0,0,0,0,0,0,0,0,0,0,198,1970017,0,0,198,1970017,7,44978,0,0,0,0,0,0,0,0,0,0,0,0,0,0,0,0,0,0,0,0,0,0,0,0,0,0,0,0,0,0,0,0,0,0,0,0,0,0,15013140,8227,4206592,4108288,0,1003,4096,0,0,4206592,4108288,,,,8227,15013140,8227,15013140,1442,3307024,75,93,351,3113992,191,1925039,PASS,351,3113992,[],347479208,159589875
9,acknowledgement before verifier,performance-result.json#records/8,96055d1763d6ef954d1d6f61a76c7790ae6702e5,6b5c6e68029d91b22662fc494123e5994727c066,f68df3bf3bf4cd8cdcc65781d50942bc19498b6dbd671b7c7ef17b1bd132ed01,86ccd37ea295fe63c1dad5a603def60f561eecd153bfb593d797b03a695123a1,121859e601e7df41b4e5461100dfc320457f9fb8711a8de107852ac59f202c49c1,12cfc7d68a14634fd05a64b0dc4aff504d5fe953b6648366635a23aad319f2606e,True,null,0,141,186,0,0,0,0,0,282,1904208,12,105,394977,97,832,0,4,278,0,0,206,1959681,49,399581,157,1560100,0,0,0,0,42,283008,0,0,2,21248,0,0,162,1655425,0,0,22,227535,206,1959681,0,0,42,283008,0,0,2,21248,0,0,0,0,0,0,0,0,5,95325,157,1560100,0,0,0,0,1,253,11,7222,40,105057,110,921152,44,925997,0,0,44,304256,135,1174253,26,454241,1,26931,0,0,0,0,0,0,0,0,0,0,0,0,0,0,0,0,0,0,0,0,0,0,0,0,0,0,0,0,0,0,0,0,0,0,0,0,0,0,0,0,0,0,162,1655425,0,0,162,1655425,5,95325,0,0,0,0,0,0,0,0,0,0,0,0,0,0,0,0,0,0,0,0,0,0,0,0,0,0,0,0,0,0,0,0,0,0,0,0,0,0,17114401,9059,5255168,4554752,0,1112,4096,0,0,5255168,4554752,,,,9059,17114401,9059,17114401,832,2101261,94,105,206,1959681,157,1560100,PASS,206,1959681,[],306522084,129687792
10,acknowledgement before verifier,performance-result.json#records/9,616c2ffba30d0279b351cd39dd89174c642166fe,96cd42d9730f115926b6e4da01fa1bc301da0ccc,c19291398083d4c1a3260b6a4fa16dd60725139c670128288ddd4e357a9e8a53,f7bc182d89f141fa7fef48cb4733763750fb0db00c88104a45b81df7cd5266c1,12cfc7d68a14634fd05a64b0dc4aff504d5fe953b6648366635a23aad319f2606e,12686066eeb70deb229454f1bdc1482de288fd35d880afc7802a2a0e84da2eab7b,True,null,0,218,254,0,0,0,0,0,436,1985479,13,118,246445,83,957,0,14,422,0,0,238,1674407,10,78839,228,1595568,0,0,0,0,10,78839,0,0,0,0,0,0,228,1595568,0,0,27,391169,238,1674407,0,0,10,78839,0,0,0,0,0,0,0,0,0,0,0,0,0,0,228,1595568,0,0,0,0,0,0,8,4280,80,218107,122,908184,28,543836,0,0,10,78839,213,1368791,15,226777,0,0,0,0,0,0,0,0,0,0,0,0,0,0,0,0,0,0,0,0,0,0,0,0,0,0,0,0,0,0,0,0,0,0,0,0,0,0,0,0,0,0,0,0,228,1595568,0,0,228,1595568,0,0,0,0,0,0,0,0,0,0,0,0,0,0,0,0,0,0,0,0,0,0,0,0,0,0,0,0,0,0,0,0,0,0,0,0,0,0,0,0,18936513,10016,5255168,4870144,0,1189,4096,0,0,5255168,4870144,,,,10016,18936513,10016,18936513,957,1822112,106,118,238,1674407,228,1595568,PASS,238,1674407,[],299430458,113503500
11,acknowledgement before verifier,performance-result.json#records/10,d10761a5774cde7b05d09c393a798d42b90dc5ea,a7f22885d37c590afeb0e8088573c2dd99546881,9c1682c781a51b6a74fb7c336a67ac16cd707954f9aded8ad38a1bd263f0666e,6300e32aafffda48760484edaee153cd37fd381605df0495da94500f7acfd202,12686066eeb70deb229454f1bdc1482de288fd35d880afc7802a2a0e84da2eab7b,120a19f1d5fc6aba6e5a7975842b64cabef0ff57f1d1ea34b507b5b8861b4b7cc0,True,null,0,252,329,0,0,0,0,0,504,3469676,22,140,674973,178,1356,0,6,498,0,0,361,3719838,109,1175353,252,2544485,0,0,0,0,53,466639,0,0,7,45092,0,0,301,3208107,0,0,21,216477,361,3719838,0,0,53,466639,0,0,7,45092,0,0,0,0,0,0,0,0,49,663622,252,2544485,0,0,0,0,1,232,10,5644,60,165344,198,1687223,92,1861395,0,0,60,511731,253,2303112,47,884948,1,20047,0,0,0,0,0,0,0,0,0,0,0,0,0,0,0,0,0,0,0,0,0,0,0,0,0,0,0,0,0,0,0,0,0,0,0,0,0,0,0,0,0,0,301,3208107,0,0,301,3208107,49,663622,0,0,0,0,0,0,0,0,0,0,0,0,0,0,0,0,0,0,0,0,0,0,0,0,0,0,0,0,0,0,0,0,0,0,0,0,0,0,22841881,11372,6303744,5615616,0,1371,4096,0,0,6303744,5615616,,,,11372,22841881,11372,22841881,1356,3905368,119,140,361,3719838,252,2544485,PASS,361,3719838,[],384068041,222482375
12,acknowledgement before verifier,performance-result.json#records/11,fc6db791f18a008db44345101e47d095e8e4270b,71377f0ff631e834aa4ec771c4eb383e1f050261,af7029a05f3326b5b11c65186aa9f4f2b4d02f50a1325e57dcefb24388016880,48ab0bf34534392659804de9b464eb4173899574f3e225960cff4b6ff72c3cd8,120a19f1d5fc6aba6e5a7975842b64cabef0ff57f1d1ea34b507b5b8861b4b7cc0,12c4d45650e60604ce9f8404e411d83d609da3694b0a562c3e9228e6ba51ff0a6e,True,null,0,35,54,0,0,0,0,0,70,671402,6,146,190486,43,523,0,2,68,0,0,109,750692,69,306355,40,444337,0,0,0,0,67,292316,0,0,0,0,0,0,42,458376,0,0,13,213220,109,750692,7,1593,67,292316,0,0,0,0,0,0,0,0,0,0,0,0,2,14039,40,444337,0,0,4,153,12,1703,19,9648,19,46650,39,366515,16,326023,0,0,67,292316,34,304739,8,153637,0,0,0,0,0,0,0,0,0,0,0,0,0,0,0,0,0,0,0,0,0,0,0,0,0,0,0,0,0,0,0,0,0,0,0,0,0,0,0,0,0,0,0,0,42,458376,0,0,42,458376,2,14039,0,0,0,0,0,0,0,0,0,0,0,0,0,0,0,0,0,0,0,0,0,0,0,0,0,0,0,0,0,0,0,0,0,0,0,0,0,0,23720181,11895,6303744,5836800,0,1425,4096,0,0,6303744,5836800,,,,11895,23720181,11895,23720181,523,878300,141,146,109,750692,40,444337,PASS,109,750692,[],168375333,53011000
13,acknowledgement before verifier,performance-result.json#records/12,d12cb45838b394c1af75f2fbc3e379f4e2fb6c99,c24ec31346fa3a1263727fd79a36c51c2a9a1dd0,66a87cf031a872ca3fd5df9f538e4b4ee61c4c59a21663c0b6d9e42d3b5af579,1384a5956a7872eba9aa0e8e59a6df744e509ef393785748baa671571162cd02,12c4d45650e60604ce9f8404e411d83d609da3694b0a562c3e9228e6ba51ff0a6e,1228b8bdb84834dcd1dc12363d81c2c3aac8a50d815892e1a2b2e053e7cbcf0e32,True,null,0,186,253,0,0,0,0,0,372,3056550,22,168,768895,175,1415,0,8,364,0,0,367,3686012,186,1725738,181,1960274,0,0,0,0,133,906488,0,0,9,71551,0,0,225,2707973,0,0,20,277220,367,3686012,0,0,133,906488,0,0,9,71551,0,0,0,0,0,0,0,0,44,747699,181,1960274,0,0,0,0,1,246,29,18623,73,191701,171,1535775,93,1939667,0,0,142,978039,185,1938443,38,704227,2,65303,0,0,0,0,0,0,0,0,0,0,0,0,0,0,0,0,0,0,0,0,0,0,0,0,0,0,0,0,0,0,0,0,0,0,0,0,0,0,0,0,0,0,225,2707973,0,0,225,2707973,44,747699,0,0,0,0,0,0,0,0,0,0,0,0,0,0,0,0,0,0,0,0,0,0,0,0,0,0,0,0,0,0,0,0,0,0,0,0,0,0,27613297,13310,7352320,6701056,0,1636,4096,0,0,7352320,6701056,,,,13310,27613297,13310,27613297,1415,3893116,147,168,367,3686012,181,1960274,PASS,367,3686012,[],347957083,192583209
14,acknowledgement before verifier,performance-result.json#records/13,f91eb39538d33ebfdae933d6230aa6702365d539,ddcbb900026b5cd2bae33993bc014ffe927dfb79,bc553607e6b9a19998e4598e232bb2b961d61865cfd3871d2263594569261b8e,c1a9f6c67bc0f15b99cbd8c24994ae0c2df3b73ae53c76788aa6a08c049b8ec5,1228b8bdb84834dcd1dc12363d81c2c3aac8a50d815892e1a2b2e053e7cbcf0e32,121958aba9807057462dbc3b01799ba3df15bd84a73a48f53903b800273ff98086,True,null,0,222,292,0,0,0,0,0,444,3170204,6,174,182759,47,334,0,332,112,0,0,84,854475,17,124458,67,730017,0,0,0,0,10,70040,0,0,1,1947,0,0,73,782488,0,0,222,2423185,84,854475,0,0,10,70040,0,0,1,1947,0,0,0,0,0,0,0,0,6,52471,67,730017,0,0,0,0,0,0,10,6486,13,28635,37,321201,24,498153,0,0,11,71987,60,556672,13,225816,0,0,0,0,0,0,0,0,0,0,0,0,0,0,0,0,0,0,0,0,0,0,0,0,0,0,0,0,0,0,0,0,0,0,0,0,0,0,0,0,0,0,0,0,73,782488,0,0,73,782488,6,52471,0,0,0,0,0,0,0,0,0,0,0,0,0,0,0,0,0,0,0,0,0,0,0,0,0,0,0,0,0,0,0,0,0,0,0,0,0,0,28573631,13644,7352320,6901760,0,1685,4096,0,0,7352320,6901760,,,,13644,28573631,13644,28573631,334,960334,169,174,84,854475,67,730017,PASS,84,854475,[],365803000,103258792
15,acknowledgement before verifier,performance-result.json#records/14,bd831db80b770a5c99e9a0f73429a50f3bbfd875,0f1e9af86471bbc99cbf86f72950b3504da5e94c,fc797e17ae4e030c09f8d03ecfbb3bb51dae6ddb8bbb4d041abfee36834fa097,a158ded4cf01bbf8450bcedf5548950dc808f790c8d0313005195d5a28025ae7,121958aba9807057462dbc3b01799ba3df15bd84a73a48f53903b800273ff98086,12a0f1d6024078c3831029721aeeaf3668399c836f774feb15d87dfd555b348e59,True,null,0,355,475,0,0,0,0,0,710,5074131,28,202,1239015,233,2202,0,222,488,0,0,527,4683668,251,1995850,276,2687818,0,0,0,0,214,1577847,0,0,19,156272,0,0,294,2949549,0,0,274,2577217,527,4683668,4,13568,214,1577847,0,0,19,156272,0,0,0,0,0,0,1,21210,17,240521,276,2687818,0,0,2,88,5,685,53,31576,98,230846,258,2245829,111,2174644,0,0,233,1734119,251,2173306,39,687049,4,89194,0,0,0,0,0,0,0,0,0,0,0,0,0,0,0,0,0,0,0,0,0,0,0,0,0,0,0,0,0,0,0,0,0,0,0,0,0,0,0,0,0,0,294,2949549,0,0,293,2928339,17,240521,0,0,0,0,0,0,0,0,0,0,0,0,0,0,0,0,0,0,0,0,0,0,0,0,0,0,0,0,0,0,0,0,0,0,0,0,0,0,33552831,15846,8400896,8290304,0,2024,4096,0,0,8400896,8290304,,,,15846,33552831,15846,33552831,2202,4979200,175,202,527,4683668,276,2687818,PASS,527,4683668,[],626236417,298704708
16,acknowledgement before verifier,performance-result.json#records/15,95065330d7c743f657a8c96cc8f7bbbea7967e41,37ed0180370da7cc9d7331533a1d879bbdf6caf8,719133e541ab8fc3e42a6d23dbf75367211d351a1416f07e9d9d92c6e0fb4638,8619d1a983e449cd3bda827e4273b06db30df249c9840efae7791b4812d7ed15,12a0f1d6024078c3831029721aeeaf3668399c836f774feb15d87dfd555b348e59,1278a3918134a05d3a07101fc14bcc8affa39f5c2f68e5b4d0247b53496334c968,True,null,0,162,208,0,0,0,0,0,324,1929894,13,215,426136,101,873,0,6,318,0,0,226,1931281,45,333072,181,1598209,0,0,0,0,41,296694,0,0,2,4232,0,0,183,1630355,0,0,24,297477,226,1931281,0,0,41,296694,0,0,2,4232,0,0,0,0,0,0,0,0,2,32146,181,1598209,0,0,0,0,0,0,10,6303,51,137331,125,995125,40,792522,0,0,43,300926,159,1225789,24,404566,0,0,0,0,0,0,0,0,0,0,0,0,0,0,0,0,0,0,0,0,0,0,0,0,0,0,0,0,0,0,0,0,0,0,0,0,0,0,0,0,0,0,0,0,183,1630355,0,0,183,1630355,2,32146,0,0,0,0,0,0,0,0,0,0,0,0,0,0,0,0,0,0,0,0,0,0,0,0,0,0,0,0,0,0,0,0,0,0,0,0,0,0,35663650,16719,9449472,8757248,0,2138,4096,0,0,9449472,8757248,,,,16719,35663650,16719,35663650,873,2110819,203,215,226,1931281,181,1598209,PASS,226,1931281,[],340092166,142798250
17,acknowledgement before verifier,performance-result.json#records/16,e8c31e054d3e50ab4ecdcc811e8fd81df4afea51,8c17d8fca6f60846b08176b4c898d943ca8fc177,770471a1419e78e124b0e0000eb283a06980bdcb66cb32713209ce27e4202bea,cf21b7c76c9abc039fe28c9cf4533d852f299ccb9ef688a35884594d8961baec,1278a3918134a05d3a07101fc14bcc8affa39f5c2f68e5b4d0247b53496334c968,12a3d362a91041de9aed7eee316118b289ddd048fcf440c923714118cdd83d734c,True,null,0,676,793,0,0,0,0,0,1352,6375928,43,258,1185304,318,3273,0,14,1332,6,0,842,6556991,108,761532,734,5795459,0,0,0,0,92,605391,0,0,0,0,0,0,750,5951600,0,0,40,408923,842,6556991,12,50035,92,605391,0,0,0,0,0,0,0,0,0,0,4,10407,12,145734,734,5795459,0,0,0,0,2,414,105,76419,197,484963,413,3518948,125,2476247,0,0,92,605391,666,4582487,80,1288590,4,80523,0,0,0,0,0,0,0,0,0,0,0,0,0,0,0,0,0,0,0,0,0,0,0,0,0,0,0,0,0,0,0,0,0,0,0,0,0,0,0,0,0,0,750,5951600,0,0,746,5941193,12,145734,0,0,0,0,0,0,0,0,0,0,0,0,0,0,0,0,0,0,0,0,0,0,0,0,0,0,0,0,0,0,0,0,0,0,0,0,0,0,42587459,19992,10498048,10141696,0,2476,4096,0,0,10498048,10141696,,,,19992,42587459,19992,42587459,3273,6923809,216,258,842,6556991,734,5795459,PASS,842,6556991,[],715231416,421086750
18,acknowledgement before verifier,performance-result.json#records/17,2a48b31306ce7dac8d0ae598a78fa7605a193f3d,b8469cb9bf633d754f42fc3fc78bd96eb4dfa0ce,c825cd43318dadcb4cb209bdee3a315320bf4257b4a559c625b904c9b7b584fc,17e9e2ba00615cc147f1bff2d14f80caeec152d1402504dfa847239670699f4f,12a3d362a91041de9aed7eee316118b289ddd048fcf440c923714118cdd83d734c,12f58175f3b1dddd40bdf45b2d5155bddd7401a7935c85d1156925b73063918eaf,True,null,0,192,249,0,0,0,0,0,384,2483832,16,274,500550,126,1111,0,12,372,0,0,275,2363378,62,328415,213,2034963,0,0,0,0,52,207801,0,0,2,31006,0,0,221,2124571,0,0,32,346519,275,2363378,0,0,52,207801,0,0,2,31006,0,0,0,0,0,0,1,196,7,89412,213,2034963,0,0,0,0,4,733,19,12403,69,166860,127,1091428,56,1091954,0,0,54,238807,186,1482846,31,546007,4,95718,0,0,0,0,0,0,0,0,0,0,0,0,0,0,0,0,0,0,0,0,0,0,0,0,0,0,0,0,0,0,0,0,0,0,0,0,0,0,0,0,0,0,221,2124571,0,0,220,2124375,7,89412,0,0,0,0,0,0,0,0,0,0,0,0,0,0,0,0,0,0,0,0,0,0,0,0,0,0,0,0,0,0,0,0,0,0,0,0,0,0,45154356,21103,11546624,10715136,0,2616,4096,0,0,11546624,10715136,,,,21103,45154356,21103,45154356,1111,2566897,259,274,275,2363378,213,2034963,PASS,275,2363378,[],429908708,177058375
19,acknowledgement before verifier,performance-result.json#records/18,674216eb865e6483f53890fa48f6fc7ae12c4468,c970367fccde5481d77dafe5d079f40cb528bbe7,1b7336cbc04751acd02dd32ec808a07c3d3a02459cc2670de3e00d154bd9c732,9200daab207202f0f4dc9e4c481f9e227f17a945ee30438e00f6acf7c6a4073e,12f58175f3b1dddd40bdf45b2d5155bddd7401a7935c85d1156925b73063918eaf,12ca6b28be7ef522b79d8761c4b85261dcc91c9e3afa566e515c014d731a0c8659,True,null,0,153,199,0,0,0,0,0,306,1903468,11,285,383895,88,781,0,6,292,8,0,193,1662732,30,227690,163,1435042,0,0,0,0,25,158129,0,0,0,0,0,0,168,1504603,0,0,21,344742,193,1662732,10,54123,25,158129,0,0,0,0,0,0,0,0,0,0,0,0,5,69561,163,1435042,0,0,0,0,0,0,22,12195,40,100965,97,892076,34,657496,0,0,25,158129,141,1080152,26,402824,1,21627,0,0,0,0,0,0,0,0,0,0,0,0,0,0,0,0,0,0,0,0,0,0,0,0,0,0,0,0,0,0,0,0,0,0,0,0,0,0,0,0,0,0,168,1504603,0,0,168,1504603,5,69561,0,0,0,0,0,0,0,0,0,0,0,0,0,0,0,0,0,0,0,0,0,0,0,0,0,0,0,0,0,0,0,0,0,0,0,0,0,0,47000503,21884,11546624,11141120,0,2720,4096,0,0,11546624,11141120,,,,21884,47000503,21884,47000503,781,1846147,275,285,193,1662732,163,1435042,PASS,193,1662732,[],329158750,142384833
20,acknowledgement before verifier,performance-result.json#records/19,a2c53a885b0c5ad6e93ea0d53baa9acf44cb68bf,744c3a4477661fe679e931c5b57e42ffb6b93417,d9fd084300458d65e7048585518884352b6f04b456c9f89108ca541dfd859284,d6feaaf4de459bd0307cc03802fac92f83ebaeccb7edeb46f24a9be5adb12fd0,12ca6b28be7ef522b79d8761c4b85261dcc91c9e3afa566e515c014d731a0c8659,12338f60b2430f84358d9139a4d7c3d5b938e0fbc3b28c0d5d3fb7c5150a424982,True,null,0,569,670,0,0,0,0,0,1138,5503023,2,287,112882,15,150,0,1104,32,2,0,18,208419,1,13188,17,195231,0,0,0,0,1,13188,0,0,0,0,0,0,17,195231,0,0,692,5589974,18,208419,1,397,1,13188,0,0,0,0,0,0,0,0,0,0,0,0,0,0,17,195231,0,0,0,0,0,0,0,0,5,11615,9,101217,4,95587,0,0,1,13188,16,166623,1,28608,0,0,0,0,0,0,0,0,0,0,0,0,0,0,0,0,0,0,0,0,0,0,0,0,0,0,0,0,0,0,0,0,0,0,0,0,0,0,0,0,0,0,0,0,17,195231,0,0,17,195231,0,0,0,0,0,0,0,0,0,0,0,0,0,0,0,0,0,0,0,0,0,0,0,0,0,0,0,0,0,0,0,0,0,0,0,0,0,0,0,0,47301509,22034,11546624,11268096,0,2751,4096,0,0,11546624,11268096,,,,22034,47301509,22034,47301509,150,301006,286,287,18,208419,17,195231,PASS,18,208419,[],785763167,94956583
21,acknowledgement before verifier,performance-result.json#records/20,cc546c4580721a78c0276ffa8723523a74679e6a,6c4991cde965e971e2a4cb2fda542c5128ae8741,0c55c136f2627032221577c77df341da1377aaf20f7aa96436a812fc4e3ee153,baf9764d87e6385d8b8ee21ae0cac14b13a0aeddd119dc389d6d729521304f61,12338f60b2430f84358d9139a4d7c3d5b938e0fbc3b28c0d5d3fb7c5150a424982,12b68ad66a639ba410de5f68881e0167afae2d7e0459a13b24208c3b65fe2210df,True,null,0,531,638,0,0,0,0,0,1062,5530401,5,292,245807,41,745,0,992,68,2,0,50,543020,15,144385,35,398635,0,0,0,0,9,49711,0,0,2,25694,0,0,39,467615,0,0,1108,8368513,50,543020,21,52124,9,49711,0,0,2,25694,0,0,0,0,0,0,1,943,3,68037,35,398635,0,0,0,0,0,0,2,1892,11,26074,22,179774,15,335280,0,0,11,75405,36,406560,3,61055,0,0,0,0,0,0,0,0,0,0,0,0,0,0,0,0,0,0,0,0,0,0,0,0,0,0,0,0,0,0,0,0,0,0,0,0,0,0,0,0,0,0,0,0,39,467615,0,0,38,466672,3,68037,0,0,0,0,0,0,0,0,0,0,0,0,0,0,0,0,0,0,0,0,0,0,0,0,0,0,0,0,0,0,0,0,0,0,0,0,0,0,48063108,22779,12595200,11563008,0,2823,4096,0,0,12595200,11563008,,,,22779,48063108,22779,48063108,745,761599,288,292,50,543020,35,398635,PASS,50,543020,[],845014167,179181625
22,acknowledgement before verifier,performance-result.json#records/21,7a29676c010e64ae177e1033536b8eb6ec11b4a7,488da4110cc9e03200dadd225f30e5163664a73c,4b3859ef8d18a18779a2a0ea380db5527f268ddee269875c73716d4e16cc8ff7,c9ca03c8248cc94859d4fe949599bd663962ee37f6071147de2c6194b41ef68a,12b68ad66a639ba410de5f68881e0167afae2d7e0459a13b24208c3b65fe2210df,12bdbbfc4802e1a301ff0462d3b16fce9cb3aebe7852956e6be7febd6ae1dd2937,True,null,0,681,842,0,0,0,0,0,1362,7626778,48,340,1731335,390,3807,0,408,942,12,0,936,7931906,406,2388604,530,5543302,0,0,0,0,352,1849042,0,0,15,130385,0,0,569,5952479,0,0,315,1819545,936,7931906,19,106375,352,1849042,0,0,15,130385,0,0,0,0,0,0,2,2222,37,406955,530,5543302,0,0,6,288,29,4365,83,51742,234,563804,397,3488459,187,3823248,0,0,367,1979427,448,3695681,116,2138214,5,118584,0,0,0,0,0,0,0,0,0,0,0,0,0,0,0,0,0,0,0,0,0,0,0,0,0,0,0,0,0,0,0,0,0,0,0,0,0,0,0,0,0,0,569,5952479,0,0,567,5950257,37,406955,0,0,0,0,0,0,0,0,0,0,0,0,0,0,0,0,0,0,0,0,0,0,0,0,0,0,0,0,0,0,0,0,0,0,0,0,0,0,56455210,26586,13643776,13541376,0,3306,4096,0,0,13643776,13541376,,,,26586,56455210,26586,56455210,3807,8392102,293,340,936,7931906,530,5543302,PASS,936,7931906,[],989822334,548172167
23,acknowledgement before verifier,performance-result.json#records/22,f14c576fb771062a4b7a3245a9ec2811a8e4b73f,740e5fd49bd0c48953c382d1a373c5188f2efa1a,5d62bae8006d55d0a06f572436573184898bc6814c573f58e2d6860dd3e9bc2b,9c548f0ed616d89a8b0635fb84118516f14beabfb47fd5c4dc37b96669de8c16,12bdbbfc4802e1a301ff0462d3b16fce9cb3aebe7852956e6be7febd6ae1dd2937,12819628ce107f7fe143b596d4c289ab7f635700b92f3f36ff3b1415fea277ffc5,True,null,0,590,741,0,0,0,0,0,1180,6900863,3,343,136580,20,200,0,1126,40,14,0,25,235782,0,0,25,235782,0,0,0,0,0,0,0,0,0,0,0,0,25,235782,0,0,744,6840067,25,235782,13,50981,0,0,0,0,0,0,0,0,0,0,0,0,0,0,0,0,25,235782,0,0,0,0,1,127,0,0,8,18533,9,65824,7,151298,0,0,0,0,18,87792,7,147990,0,0,0,0,0,0,0,0,0,0,0,0,0,0,0,0,0,0,0,0,0,0,0,0,0,0,0,0,0,0,0,0,0,0,0,0,0,0,0,0,0,0,0,0,25,235782,0,0,25,235782,0,0,0,0,0,0,0,0,0,0,0,0,0,0,0,0,0,0,0,0,0,0,0,0,0,0,0,0,0,0,0,0,0,0,0,0,0,0,0,0,56828213,26786,14692352,13697024,0,3344,4096,0,0,14692352,13697024,,,,26786,56828213,26786,56828213,200,373003,341,343,25,235782,25,235782,PASS,25,235782,[],873011000,135882542
24,acknowledgement before verifier,performance-result.json#records/23,f2664e91de74b2e8a8fbc6580ddd07ed299d9ce0,286a99e60657a5171ac26c001dcef3e1e4292351,1aefe3d0f4249e3f89aa87159b221586fc4b4fb5a50d40410339515cbb929dff,b8d9c3868c8e4e103878c68399773ccaa0f00d55d0518423183f87cd488a5ac7,12819628ce107f7fe143b596d4c289ab7f635700b92f3f36ff3b1415fea277ffc5,124eacb382f5ddf6fbc05345bf3764333c1404fec76fd0303c5a31ec2df0ad99f7,True,null,0,734,887,0,0,0,0,0,1468,7426809,9,352,320319,77,564,0,1274,188,6,0,126,1441403,14,157529,112,1283874,0,0,0,0,7,52408,0,0,3,41161,0,0,116,1347834,0,0,793,6309282,126,1441403,5,15941,7,52408,0,0,3,41161,0,0,0,0,0,0,0,0,4,63960,112,1283874,0,0,0,0,2,377,5,2947,17,49919,62,586263,40,801897,0,0,10,93569,90,895820,25,433310,1,18704,0,0,0,0,0,0,0,0,0,0,0,0,0,0,0,0,0,0,0,0,0,0,0,0,0,0,0,0,0,0,0,0,0,0,0,0,0,0,0,0,0,0,116,1347834,0,0,116,1347834,4,63960,0,0,0,0,0,0,0,0,0,0,0,0,0,0,0,0,0,0,0,0,0,0,0,0,0,0,0,0,0,0,0,0,0,0,0,0,0,0,58434178,27350,14692352,14045184,0,3429,4096,0,0,14692352,14045184,,,,27350,58434178,27350,58434178,564,1605965,344,352,126,1441403,112,1283874,PASS,126,1441403,[],793936042,205268458
25,acknowledgement before verifier,performance-result.json#records/24,ba4b802d17192231bf66e8b564d2d3c33f9ed576,0a91d584ee6f157ae94de69231f27f5e5ba1a3f6,1e2a96e4c29773fc581901ee17c41c2b0f351734857e806bb28b4d0f90e3c2df,1be1ad902eb84b60890396d38d80442d2d4a9545adf4143dee8f9a703f5591fe,124eacb382f5ddf6fbc05345bf3764333c1404fec76fd0303c5a31ec2df0ad99f7,1214390c12f0b041a5cdda267f3901c294cf2a2843104c7330f7abfced4d523c02,True,null,0,713,835,0,0,0,0,0,1426,6684551,7,359,282772,61,575,0,1308,112,6,0,92,1009526,22,151738,70,857788,0,0,0,0,22,151738,0,0,0,0,0,0,70,857788,0,0,899,6545854,92,1009526,10,46694,22,151738,0,0,0,0,0,0,0,0,0,0,0,0,0,0,70,857788,0,0,0,0,0,0,2,1322,16,38451,47,439243,27,530510,0,0,22,151738,51,519439,17,290585,2,47764,0,0,0,0,0,0,0,0,0,0,0,0,0,0,0,0,0,0,0,0,0,0,0,0,0,0,0,0,0,0,0,0,0,0,0,0,0,0,0,0,0,0,70,857788,0,0,70,857788,0,0,0,0,0,0,0,0,0,0,0,0,0,0,0,0,0,0,0,0,0,0,0,0,0,0,0,0,0,0,0,0,0,0,0,0,0,0,0,0,59627722,27925,14692352,14352384,0,3504,4096,0,0,14692352,14352384,,,,27925,59627722,27925,59627722,575,1193544,353,359,92,1009526,70,857788,PASS,92,1009526,[],843575875,185011375
26,acknowledgement before verifier,performance-result.json#records/25,d4b4a1537de32a6423eaf7f99be60d684d37cbea,e4c352436f6ec32e71880e26eb936772241cf740,c4fc5b88dd5452fe654983c5f4a7093af7a649b08b45e441e33a9f59b6283c01,e0ca8111965d94e0196a2d924b8ecbeafe3b0e323980c149c24e7cc33924bbf3,1214390c12f0b041a5cdda267f3901c294cf2a2843104c7330f7abfced4d523c02,12c43f5c009be2e7c4fbff7975e34905f869ad9b5dd07641e975b1184a83ba2803,True,null,0,579,735,0,0,0,0,0,1158,7136074,19,378,679131,168,1372,0,734,412,12,0,283,3254513,55,637218,228,2617295,0,0,0,0,34,394683,0,0,4,17597,0,0,245,2842233,0,0,793,5711039,283,3254513,17,105515,34,394683,0,0,4,17597,0,0,0,0,0,0,0,0,17,224938,228,2617295,0,0,0,0,1,244,5,2215,43,95607,143,1314828,91,1841619,0,0,38,412280,191,1848191,53,972130,1,21912,0,0,0,0,0,0,0,0,0,0,0,0,0,0,0,0,0,0,0,0,0,0,0,0,0,0,0,0,0,0,0,0,0,0,0,0,0,0,0,0,0,0,245,2842233,0,0,245,2842233,17,224938,0,0,0,0,0,0,0,0,0,0,0,0,0,0,0,0,0,0,0,0,0,0,0,0,0,0,0,0,0,0,0,0,0,0,0,0,0,0,63162813,29297,15740928,15126528,0,3693,4096,0,0,15740928,15126528,,,,29297,63162813,29297,63162813,1372,3535091,360,378,283,3254513,228,2617295,PASS,283,3254513,[],820634000,303934750
27,acknowledgement before verifier,performance-result.json#records/26,5767a8d467ea569884a90ee664cbe04008f574cc,5086f6d30defc7162e5c5f4175eb862027188ae0,4c4708a0703216705bdd44ffe86afceb7bbacd998555828bf44a369891fa6c0f,dbf1de9779156ce232cb6c105a8bae9660523d0ce17fc0dba6e712aa24a7c634,12c43f5c009be2e7c4fbff7975e34905f869ad9b5dd07641e975b1184a83ba2803,124d0bc84eceed17f4f027dd02e68eb6c35295e0ebbe8729933f83b518aa13f97d,True,null,0,182,251,0,0,0,0,0,364,3005385,9,387,312246,89,516,0,180,182,2,0,126,1536397,14,87663,112,1448734,0,0,0,0,11,56004,0,0,1,1100,0,0,114,1479293,0,0,141,1536958,126,1536397,1,1223,11,56004,0,0,1,1100,0,0,0,0,0,0,0,0,2,30559,112,1448734,0,0,2,53,2,449,1,884,12,26615,63,586302,46,922094,0,0,12,57104,83,871049,31,608244,0,0,0,0,0,0,0,0,0,0,0,0,0,0,0,0,0,0,0,0,0,0,0,0,0,0,0,0,0,0,0,0,0,0,0,0,0,0,0,0,0,0,0,0,114,1479293,0,0,114,1479293,2,30559,0,0,0,0,0,0,0,0,0,0,0,0,0,0,0,0,0,0,0,0,0,0,0,0,0,0,0,0,0,0,0,0,0,0,0,0,0,0,64887835,29813,15740928,15450112,0,3772,4096,0,0,15740928,15450112,,,,29813,64887835,29813,64887835,516,1725022,379,387,126,1536397,112,1448734,PASS,126,1536397,[],408076459,156147167
28,acknowledgement before verifier,performance-result.json#records/27,18abf871076d66b48014935d27850095ed573eeb,5f3b55bd8a8d4449fb230548ce6646b842391366,0c19852472d9285ec4b60a0d9dc97a9223a20a3ad2f5c539074ae409deabe548,9cb2ffce67a5e19de73f7af39df3799154528d94174e72d18513d01eae83778e,124d0bc84eceed17f4f027dd02e68eb6c35295e0ebbe8729933f83b518aa13f97d,12cd71f2a2a7bae6de4e0923f9ad21d3ecad68ee33b7447ef0cadf11cf25d1b580,True,null,0,686,851,0,0,0,0,0,1372,7511905,16,403,533241,133,897,0,1030,334,8,0,241,2694332,40,386977,201,2307355,0,0,0,0,19,186210,0,0,8,53635,0,0,214,2454487,0,0,652,5102626,241,2694332,6,16517,19,186210,0,0,8,53635,0,0,0,0,0,0,0,0,13,147132,201,2307355,0,0,0,0,0,0,2,1109,38,97429,131,1219131,70,1376663,0,0,27,239845,171,1811937,43,642550,0,0,0,0,0,0,0,0,0,0,0,0,0,0,0,0,0,0,0,0,0,0,0,0,0,0,0,0,0,0,0,0,0,0,0,0,0,0,0,0,0,0,0,0,214,2454487,0,0,214,2454487,13,147132,0,0,0,0,0,0,0,0,0,0,0,0,0,0,0,0,0,0,0,0,0,0,0,0,0,0,0,0,0,0,0,0,0,0,0,0,0,0,67767560,30710,16789504,16048128,0,3918,4096,0,0,16789504,16048128,,,,30710,67767560,30710,67767560,897,2879725,388,403,241,2694332,201,2307355,PASS,241,2694332,[],853852458,281055750
29,acknowledgement before verifier,performance-result.json#records/28,6c5b276b95e82e5e073459e61a2e38187ffb1447,4baeeb53c7968e31de1ab5ffaf6fd6eeb01db85a,14a587fca490e536ed7fab35ce92c4d7e2e4fc54fbd287559f42cfbbd2091266,e32b5c88abdad3acec237d98fb96c65e8710fb036cddfede0cf9675882229984,12cd71f2a2a7bae6de4e0923f9ad21d3ecad68ee33b7447ef0cadf11cf25d1b580,12fc24f9d8f800d0749254090fb4868a9451936ea8fd70fe3459a033a62446e4ed,True,null,0,685,841,0,0,0,0,0,1370,7550953,9,412,359821,74,822,0,1242,120,8,0,94,1207215,12,138751,82,1068464,0,0,0,0,11,119496,0,0,0,0,0,0,83,1087719,0,0,1216,8829997,94,1207215,19,106414,11,119496,0,0,0,0,0,0,0,0,0,0,0,0,1,19255,82,1068464,0,0,0,0,0,0,0,0,11,26338,48,464681,35,716196,0,0,11,119496,50,477709,31,564536,2,45474,0,0,0,0,0,0,0,0,0,0,0,0,0,0,0,0,0,0,0,0,0,0,0,0,0,0,0,0,0,0,0,0,0,0,0,0,0,0,0,0,0,0,83,1087719,0,0,83,1087719,1,19255,0,0,0,0,0,0,0,0,0,0,0,0,0,0,0,0,0,0,0,0,0,0,0,0,0,0,0,0,0,0,0,0,0,0,0,0,0,0,69229869,31532,16789504,16474112,0,4022,4096,0,0,16789504,16474112,,,,31532,69229869,31532,69229869,822,1462309,404,412,94,1207215,82,1068464,PASS,94,1207215,[],999166334,240735250
30,acknowledgement before verifier,performance-result.json#records/29,e5721393969d581e3d7596544e99f94f4ee11798,24ca28a8bb679d9823b6da8ed2282decbfbb1368,a0bb6ba1c477573b0a6d8cb08c69c42cf0e4f9a8879c8f165c0ef1d2672b9330,49feed1f55104ba3f66441e5ce4379cc4d60564a58efb2b9e61dfdd3801ef37d,12fc24f9d8f800d0749254090fb4868a9451936ea8fd70fe3459a033a62446e4ed,123278686b26c90eb8f0ebdc566de15fb24a1368931792501c7bf72c65bea66855,True,null,0,128,174,0,0,0,0,0,256,1886319,14,426,520189,106,884,0,20,236,0,0,216,1928578,87,572701,129,1355877,0,0,0,0,71,346330,0,0,6,61968,0,0,139,1520280,0,0,51,467235,216,1928578,0,0,71,346330,0,0,6,61968,0,0,0,0,0,0,0,0,10,164403,129,1355877,0,0,0,0,2,407,16,10020,54,134735,102,855682,42,927734,0,0,77,408298,116,1026405,22,473655,1,20220,0,0,0,0,0,0,0,0,0,0,0,0,0,0,0,0,0,0,0,0,0,0,0,0,0,0,0,0,0,0,0,0,0,0,0,0,0,0,0,0,0,0,139,1520280,0,0,139,1520280,10,164403,0,0,0,0,0,0,0,0,0,0,0,0,0,0,0,0,0,0,0,0,0,0,0,0,0,0,0,0,0,0,0,0,0,0,0,0,0,0,71380781,32416,17838080,17051648,0,4163,4096,0,0,17838080,17051648,,,,32416,71380781,32416,71380781,884,2150912,413,426,216,1928578,129,1355877,PASS,216,1928578,[],436285500,158344208
31,acknowledgement before verifier,performance-result.json#records/30,b50e02a2b33eae201e83b016b49aae4e50ab68ea,aa81ce65b1b9e8e91760bfa0c6c3f0f7cb310f71,ba6b9a8b0c593e0afc154d6de708469440924853d1e824c880cf96358382fbb6,2c8e0b898583bec3298d45a3c2a943cb214f80fcb72946746ff9b9d6261a8ead,123278686b26c90eb8f0ebdc566de15fb24a1368931792501c7bf72c65bea66855,12a2fa419f83d943473ad0086cdf859d177d8dee2af5ecf42f870e39daf374f738,True,null,0,381,496,0,0,0,0,0,762,5204114,4,430,146088,31,179,0,718,40,4,0,27,418957,3,24556,24,394401,0,0,0,0,2,7357,0,0,0,0,0,0,25,411600,0,0,490,4857663,27,418957,2,1458,2,7357,0,0,0,0,0,0,0,0,0,0,0,0,1,17199,24,394401,0,0,0,0,0,0,0,0,2,4602,11,112440,14,301915,0,0,2,7357,20,281695,4,107027,1,22878,0,0,0,0,0,0,0,0,0,0,0,0,0,0,0,0,0,0,0,0,0,0,0,0,0,0,0,0,0,0,0,0,0,0,0,0,0,0,0,0,0,0,25,411600,0,0,25,411600,1,17199,0,0,0,0,0,0,0,0,0,0,0,0,0,0,0,0,0,0,0,0,0,0,0,0,0,0,0,0,0,0,0,0,0,0,0,0,0,0,71964143,32595,17838080,17211392,0,4202,4096,0,0,17838080,17211392,,,,32595,71964143,32595,71964143,179,583362,427,430,27,418957,24,394401,PASS,27,418957,[],542513791,111493500
32,acknowledgement before verifier,performance-result.json#records/31,a9c5d4ee3265499d70791349c07df5ad088a9229,26164f255e276611a279ba64d7cb86908089a3a4,d4464ea9d990e9948fb1c5f8533bd0518f09df35f1ef5eeabb70fd2efac8f9dd,2e0a41d8c94554579992d47203a157ef27c55c500fdc80af2498a6d5938a23cc,12a2fa419f83d943473ad0086cdf859d177d8dee2af5ecf42f870e39daf374f738,12a1e14f4d08b081302d08c90cca62bd0da58a5bfbdfc9b68ea1aba67c8b464bb3,True,null,0,565,707,0,0,0,0,0,1130,6458119,47,477,1974443,349,3887,0,278,852,0,0,915,7071389,451,3077932,464,3993457,0,0,0,0,418,2695154,0,0,17,167863,0,0,480,4208372,0,0,352,3049004,915,7071389,26,147735,418,2695154,0,0,17,167863,0,0,0,0,0,0,0,0,16,214915,464,3993457,0,0,0,0,8,1567,80,45000,257,670320,439,3648002,131,2706500,0,0,435,2863017,422,3042550,57,1150230,1,15592,0,0,0,0,0,0,0,0,0,0,0,0,0,0,0,0,0,0,0,0,0,0,0,0,0,0,0,0,0,0,0,0,0,0,0,0,0,0,0,0,0,0,480,4208372,0,0,480,4208372,16,214915,0,0,0,0,0,0,0,0,0,0,0,0,0,0,0,0,0,0,0,0,0,0,0,0,0,0,0,0,0,0,0,0,0,0,0,0,0,0,79534146,36482,19935232,19435520,0,4745,4096,0,0,19935232,19435520,,,,36482,79534146,36482,79534146,3887,7570003,431,477,915,7071389,464,3993457,PASS,915,7071389,[],1055595042,450902834
33,acknowledgement before verifier,performance-result.json#records/32,7c55ec9038902fd7a3a2c531927ee93317ea5444,86088968a4cc4d8458b2c93ff294356988f54ca5,14241a8eba9ad03f75a720c6872a2382e2ae7ca7a62e5869b11a6c4dfde93d95,2ef9f6830362c2733054d8cc44dca9dada71e845f1655e79f7abcb518237b7a8,12a1e14f4d08b081302d08c90cca62bd0da58a5bfbdfc9b68ea1aba67c8b464bb3,120364a236d64b92ded27f159d26454dd658d0c39b8d12a5264de63d9820263162,True,null,0,393,542,0,0,0,0,0,786,5754033,31,508,893468,253,2198,0,22,736,28,0,562,5126190,124,564387,438,4561803,0,0,0,0,112,426197,0,0,3,7514,0,0,447,4692479,0,0,80,928171,562,5126190,18,148479,112,426197,0,0,3,7514,0,0,0,0,0,0,1,62,8,130614,438,4561803,0,0,1,62,5,941,68,39126,113,268845,239,2015449,136,2801767,0,0,115,433711,351,2826969,96,1865510,0,0,0,0,0,0,0,0,0,0,0,0,0,0,0,0,0,0,0,0,0,0,0,0,0,0,0,0,0,0,0,0,0,0,0,0,0,0,0,0,0,0,0,0,447,4692479,0,0,446,4692417,8,130614,0,0,0,0,0,0,0,0,0,0,0,0,0,0,0,0,0,0,0,0,0,0,0,0,0,0,0,0,0,0,0,0,0,0,0,0,0,0,85007143,38680,20983808,20467712,0,4997,4096,0,0,20983808,20467712,,,,38680,85007143,38680,85007143,2198,5472997,478,508,562,5126190,438,4561803,PASS,562,5126190,[],679830208,377656375
34,acknowledgement before verifier,performance-result.json#records/33,8044e63e69fc8133f773a99f83024f49dcb2ca4e,535fad773d2e2263bd8f5a36b7bec40097b71034,68e51409e3264f6b707dec7f1cca95292e70e09e8738b54610b9f4254e3067e0,96b0b156d5e52eb0d7d7c2e6c9a33d8be47eb4251a8b32223d8d25d307ffb65d,120364a236d64b92ded27f159d26454dd658d0c39b8d12a5264de63d9820263162,12efe4d22ed6df22d920f048a13de9a59f320b349a103fa66be675c6b8e1e00169,True,null,0,479,642,0,0,0,0,0,958,6374639,11,519,490008,94,759,0,784,136,38,0,155,1635656,68,449120,87,1186536,0,0,0,0,68,449120,0,0,0,0,0,0,87,1186536,0,0,613,5401439,155,1635656,32,250980,68,449120,0,0,0,0,0,0,0,0,0,0,0,0,0,0,87,1186536,0,0,0,0,4,692,18,9350,25,60914,59,553494,49,1011206,0,0,68,449120,58,635770,28,531795,1,18971,0,0,0,0,0,0,0,0,0,0,0,0,0,0,0,0,0,0,0,0,0,0,0,0,0,0,0,0,0,0,0,0,0,0,0,0,0,0,0,0,0,0,87,1186536,0,0,87,1186536,0,0,0,0,0,0,0,0,0,0,0,0,0,0,0,0,0,0,0,0,0,0,0,0,0,0,0,0,0,0,0,0,0,0,0,0,0,0,0,0,86884850,39439,22032384,21008384,0,5129,4096,0,0,22032384,21008384,,,,39439,86884850,39439,86884850,759,1877707,509,519,155,1635656,87,1186536,PASS,155,1635656,[],780716250,218662167
35,acknowledgement before verifier,performance-result.json#records/34,b6f6c58435fb7fac4f4b69af6767db4b3e2a903e,2d7b5070f8409ad2cbb8f509d128281bef5f7a1c,7c91a381334f2f8fe7b16623459cfc1f6c69b32af96960d9d2986cb1320c0408,030d12d957cbd10cb3b087ff55d2e8e2b35ecff353e7f001c04e7c5e58c997c6,12efe4d22ed6df22d920f048a13de9a59f320b349a103fa66be675c6b8e1e00169,12fd3272b84aeb39426f90444a0d2ab86f3e23d289c3cff32ab577f802dd431e0b,True,null,0,580,767,0,0,0,0,0,1160,7798766,21,540,681477,168,1459,0,686,430,44,0,327,3295914,89,535278,238,2760636,0,0,0,0,65,334316,0,0,8,23754,0,0,254,2937844,0,0,626,5462606,327,3295914,34,317942,65,334316,0,0,8,23754,0,0,0,0,0,0,0,0,16,177208,238,2760636,0,0,0,0,3,462,28,17109,64,163135,147,1362928,85,1752280,0,0,73,358070,202,1902192,49,976878,3,58774,0,0,0,0,0,0,0,0,0,0,0,0,0,0,0,0,0,0,0,0,0,0,0,0,0,0,0,0,0,0,0,0,0,0,0,0,0,0,0,0,0,0,254,2937844,0,0,254,2937844,16,177208,0,0,0,0,0,0,0,0,0,0,0,0,0,0,0,0,0,0,0,0,0,0,0,0,0,0,0,0,0,0,0,0,0,0,0,0,0,0,90495709,40898,22032384,21786624,0,5319,4096,0,0,22032384,21786624,,,,40898,90495709,40898,90495709,1459,3610859,520,540,327,3295914,238,2760636,PASS,327,3295914,[],842242834,310866916
36,acknowledgement before verifier,performance-result.json#records/35,e29db14566644cc651c02b802a2ad22d06479c9f,e27b8b726950495254acb5fcbd068204609e0b72,7a2e6b4bf1dad1d0fef8b0a256c92ba5a7db21b2b31a3e09cad7006edb6cbbde,3d48666c9b9b4cf388e2a027e7df449ef459ee2aab42aff14fedc75d17c08141,12fd3272b84aeb39426f90444a0d2ab86f3e23d289c3cff32ab577f802dd431e0b,127d98887f7b4a7161ef5597d1cd0a2f5f9efc3014604d33f6aaae4040ac3cf6e2,True,null,0,123,190,0,0,0,0,0,246,2216931,13,553,421548,93,727,0,76,170,0,0,177,1652165,67,355758,110,1296407,0,0,0,0,61,330469,0,0,4,5786,0,0,112,1315910,0,0,76,902498,177,1652165,0,0,61,330469,0,0,4,5786,0,0,0,0,0,0,0,0,2,19503,110,1296407,0,0,1,54,2,315,13,9416,49,130490,70,585930,42,925960,0,0,65,336255,88,826130,23,470060,1,19720,0,0,0,0,0,0,0,0,0,0,0,0,0,0,0,0,0,0,0,0,0,0,0,0,0,0,0,0,0,0,0,0,0,0,0,0,0,0,0,0,0,0,112,1315910,0,0,112,1315910,2,19503,0,0,0,0,0,0,0,0,0,0,0,0,0,0,0,0,0,0,0,0,0,0,0,0,0,0,0,0,0,0,0,0,0,0,0,0,0,0,92387212,41625,23080960,22265856,0,5436,4096,0,0,23080960,22265856,,,,41625,92387212,41625,92387212,727,1891503,541,553,177,1652165,110,1296407,PASS,177,1652165,[],401477125,136172250
37,acknowledgement before verifier,performance-result.json#records/36,81cdebc5315dc7764d11992c363f88a27a4bdcd9,70ef038141ef9c18e1b0b7aa0bcad63adf7c67fa,5b0526f328e4c2aa9e3e3f1fee41159a0279406f2188ef564010bbce443d9642,1f6129d1bc278c0e238d21dc5f1ebe8beac954a6b2f2a5cf0068b3ebd1d4c50a,127d98887f7b4a7161ef5597d1cd0a2f5f9efc3014604d33f6aaae4040ac3cf6e2,122a8873be6f40e50c65f92bb5cdd61f35fa3e65f207f1ddc20423aee8483ed6cb,True,null,0,316,450,0,0,0,0,0,632,5038305,16,569,468186,138,687,0,374,242,16,0,193,2523023,17,107195,176,2415828,0,0,0,0,12,57312,0,0,4,28271,0,0,177,2437440,0,0,253,2434732,193,2523023,16,137862,12,57312,0,0,4,28271,0,0,0,0,0,0,0,0,1,21612,176,2415828,0,0,0,0,0,0,4,1936,21,57401,91,904408,77,1559278,0,0,16,85583,114,1281211,62,1136507,1,19722,0,0,0,0,0,0,0,0,0,0,0,0,0,0,0,0,0,0,0,0,0,0,0,0,0,0,0,0,0,0,0,0,0,0,0,0,0,0,0,0,0,0,177,2437440,0,0,177,2437440,1,21612,0,0,0,0,0,0,0,0,0,0,0,0,0,0,0,0,0,0,0,0,0,0,0,0,0,0,0,0,0,0,0,0,0,0,0,0,0,0,95133044,42312,23080960,22790144,0,5564,4096,0,0,23080960,22790144,,,,42312,95133044,42312,95133044,687,2745832,554,569,193,2523023,176,2415828,PASS,193,2523023,[],558948250,240377666
38,acknowledgement before verifier,performance-result.json#records/37,0289e69ee99f63cbb2149137c78d08fbd314e0fb,6f6a861a7d16a93a2acfa5f7371ffd3865ff9038,38ab79437894ae9c367db69169a24136b7b4a2a3129814b6ff1da83f45105998,d95439b82bded80cb4c2dba66ba94e6e00884d9406eb7c237104ebbef117f85b,122a8873be6f40e50c65f92bb5cdd61f35fa3e65f207f1ddc20423aee8483ed6cb,12ab66b2877e50aa50cd16e7139789b84e1df4b635699728f263eb791922411588,True,null,0,676,821,0,0,0,0,0,1352,6751671,6,575,348561,53,550,0,1266,76,10,0,65,865760,23,287194,42,578566,0,0,0,0,13,161962,0,0,2,17661,0,0,50,686137,0,0,1056,8208893,65,865760,14,17084,13,161962,0,0,2,17661,0,0,0,0,0,0,0,0,8,107571,42,578566,0,0,0,0,0,0,1,468,9,27058,27,295777,28,542457,0,0,15,179623,33,373511,17,312626,0,0,0,0,0,0,0,0,0,0,0,0,0,0,0,0,0,0,0,0,0,0,0,0,0,0,0,0,0,0,0,0,0,0,0,0,0,0,0,0,0,0,0,0,50,686137,0,0,50,686137,8,107571,0,0,0,0,0,0,0,0,0,0,0,0,0,0,0,0,0,0,0,0,0,0,0,0,0,0,0,0,0,0,0,0,0,0,0,0,0,0,96173911,42862,24129536,23191552,0,5662,4096,0,0,24129536,23191552,,,,42862,96173911,42862,96173911,550,1040867,570,575,65,865760,42,578566,PASS,65,865760,[],1064382583,198805750
39,acknowledgement before verifier,performance-result.json#records/38,0bd5713f805e6abb5633d646ce6539f48c6b27c9,4f9f9cc95e0423fa9791e334d34743277118364f,c89e6de2e6af9842013fa624496a5440f429ca4aa25f0e0a90d3e49d214ad6c0,98da70fc83b6a557ede4d70172f8603a81373b07b7653ace519c75a4bd8d5a74,12ab66b2877e50aa50cd16e7139789b84e1df4b635699728f263eb791922411588,12010f12b53eec67298822da5d4befc6f6575e7955d50902abd6f0d4edf269f995,True,null,0,705,832,0,0,0,0,0,1410,6716169,17,592,816172,151,1405,0,1202,202,6,0,253,2827593,135,1478760,118,1348833,0,0,0,0,111,1096359,0,0,5,70288,0,0,137,1660946,0,0,1108,7139446,253,2827593,19,74650,111,1096359,0,0,5,70288,0,0,0,0,0,0,0,0,19,312113,118,1348833,0,0,0,0,2,336,14,9017,44,93031,106,935316,87,1789893,0,0,116,1166647,98,967670,35,610115,4,83161,0,0,0,0,0,0,0,0,0,0,0,0,0,0,0,0,0,0,0,0,0,0,0,0,0,0,0,0,0,0,0,0,0,0,0,0,0,0,0,0,0,0,137,1660946,0,0,137,1660946,19,312113,0,0,0,0,0,0,0,0,0,0,0,0,0,0,0,0,0,0,0,0,0,0,0,0,0,0,0,0,0,0,0,0,0,0,0,0,0,0,99293909,44267,24129536,24055808,0,5873,4096,0,0,24129536,24055808,,,,44267,99293909,44267,99293909,1405,3119998,576,592,253,2827593,118,1348833,PASS,253,2827593,[],1008281291,304998625
40,acknowledgement before verifier,performance-result.json#records/39,89add445fe7571728f7b19450963a9502c4480c5,0e9f1057ad637677a5734caf72361602fbca4c55,72ae3cb887f5b14b2dde3fbc25c2f2a78ebc4840064f109392ad6a60ed0c7216,f2ad2090c5aa8c9ed0ab714b9d78db2a9ef7046898ab0b53de32c99b870b3fcf,12010f12b53eec67298822da5d4befc6f6575e7955d50902abd6f0d4edf269f995,12d16d3206ed42e255270db5c48356202efc4e7f623369f9a4f50c77b1755f5b19,True,null,0,843,1027,0,0,0,0,0,1686,8399451,25,617,1127969,192,3220,0,1122,534,30,0,583,3438183,345,1718128,238,1720055,0,0,0,0,266,1036397,0,0,12,161174,0,0,305,2240612,0,0,1452,10534468,583,3438183,59,337100,266,1036397,0,0,12,161174,0,0,0,0,0,0,1,5705,66,514852,238,1720055,0,0,0,0,2,492,127,78514,239,394257,122,1042647,93,1922273,0,0,278,1197571,259,1280257,43,886111,3,74244,0,0,0,0,0,0,0,0,0,0,0,0,0,0,0,0,0,0,0,0,0,0,0,0,0,0,0,0,0,0,0,0,0,0,0,0,0,0,0,0,0,0,305,2240612,0,0,304,2234907,66,514852,0,0,0,0,0,0,0,0,0,0,0,0,0,0,0,0,0,0,0,0,0,0,0,0,0,0,0,0,0,0,0,0,0,0,0,0,0,0,103254786,47487,26226688,25354240,0,6190,4096,0,0,26226688,25354240,,,,47487,103254786,47487,103254786,3220,3960877,593,617,583,3438183,238,1720055,PASS,583,3438183,[],1486819917,436023792
41,acknowledgement before verifier,performance-result.json#records/40,fa433356243c61f71eb20fc2ddc882f70401287b,48007eda3e078cb389a2126c3b2bdf9843a71ee2,3023a6414027ab7f030bd871ad30de5c2bffd75d2d34610981640f431fab1eff,52ecb553874705e007aa59985c76d89b6e64092a83b62577810ba8fed8d2f1a5,12d16d3206ed42e255270db5c48356202efc4e7f623369f9a4f50c77b1755f5b19,12322b080748ac9a1108d19f07041168007be3b8034c808194df5335ddea305363,True,null,0,515,698,0,0,0,0,0,1030,7322223,60,677,2190431,468,4752,0,6,1010,14,0,1187,9268200,661,3696211,526,5571989,0,0,0,0,551,2505371,0,0,15,144173,0,0,621,6618656,0,0,49,338302,1187,9268200,33,285475,551,2505371,0,0,15,144173,0,0,0,0,0,0,0,0,95,1046667,526,5571989,0,0,0,0,15,2810,142,82055,350,830295,462,3893390,218,4459650,0,0,566,2649544,495,4267383,120,2209891,6,141382,0,0,0,0,0,0,0,0,0,0,0,0,0,0,0,0,0,0,0,0,0,0,0,0,0,0,0,0,0,0,0,0,0,0,0,0,0,0,0,0,0,0,621,6618656,0,0,621,6618656,95,1046667,0,0,0,0,0,0,0,0,0,0,0,0,0,0,0,0,0,0,0,0,0,0,0,0,0,0,0,0,0,0,0,0,0,0,0,0,0,0,113159099,52239,28323840,27828224,0,6794,4096,0,0,28323840,27828224,,,,52239,113159099,52239,113159099,4752,9904313,618,677,1187,9268200,526,5571989,PASS,1187,9268200,[],1020418708,611460334
42,acknowledgement before verifier,performance-result.json#records/41,1f9633a8cef43cf548e5300e08e99fd3bcc7f9a3,1879717ef0fd40313f945ef09b7573f43979da19,8d8901a57bab17aed830459e64312441c07a31e662386edb26d34ecb26b9d4b0,b7b05b0cb1e835a7fa4ba69384d75dfd44eeca0f6c92c0086965cd3ac90e50ab,12322b080748ac9a1108d19f07041168007be3b8034c808194df5335ddea305363,12b854c3299df352de1456bb3d20e96c22cd069a5b161bda05183c6c97ff4a4914,True,null,0,360,466,0,0,0,0,0,720,4595745,15,692,451149,124,726,0,426,280,14,0,184,2255011,20,212104,164,2042907,0,0,0,0,11,41190,0,0,0,0,0,0,173,2213821,0,0,281,2213039,184,2255011,17,180327,11,41190,0,0,0,0,0,0,0,0,0,0,0,0,9,170914,164,2042907,0,0,0,0,0,0,7,4173,28,80349,83,773418,66,1397071,0,0,11,41190,141,1551787,27,531290,5,130744,0,0,0,0,0,0,0,0,0,0,0,0,0,0,0,0,0,0,0,0,0,0,0,0,0,0,0,0,0,0,0,0,0,0,0,0,0,0,0,0,0,0,173,2213821,0,0,173,2213821,9,170914,0,0,0,0,0,0,0,0,0,0,0,0,0,0,0,0,0,0,0,0,0,0,0,0,0,0,0,0,0,0,0,0,0,0,0,0,0,0,115677239,52965,29372416,28332032,0,6917,4096,0,0,29372416,28332032,,,,52965,115677239,52965,115677239,726,2518140,678,692,184,2255011,164,2042907,PASS,184,2255011,[],787216958,206549042
43,acknowledgement before verifier,performance-result.json#records/42,3bc9eaf629fe9761902beb4bf4f10cfba26ba1e0,128a6f23fb604f1ab6ec551194ca4737732484a9,ffbb5b1bdd5fee129c8f5de73618bfcdb1a34d24b15196b71490bbc4147bfb30,c43bd050fb2971352cb5a6d75b4ec1f2944765d9b629a56e52f36dee24b279a3,12b854c3299df352de1456bb3d20e96c22cd069a5b161bda05183c6c97ff4a4914,12f8d49e78fb81b63c020c2df8d19dbd584fa93fcafa2b21406768f70fb436cfa0,True,null,0,795,1001,0,0,0,0,0,1590,8930692,23,715,701060,196,1214,0,1150,406,34,0,309,3762462,46,479263,263,3283199,0,0,0,0,20,75817,0,0,13,158678,0,0,276,3527967,0,0,698,5136789,309,3762462,25,177405,20,75817,0,0,13,158678,0,0,0,0,0,0,0,0,13,244768,263,3283199,0,0,0,0,1,243,13,6957,34,91661,147,1374032,114,2289569,0,0,33,234495,194,2072706,81,1422472,1,32789,0,0,0,0,0,0,0,0,0,0,0,0,0,0,0,0,0,0,0,0,0,0,0,0,0,0,0,0,0,0,0,0,0,0,0,0,0,0,0,0,0,0,276,3527967,0,0,276,3527967,13,244768,0,0,0,0,0,0,0,0,0,0,0,0,0,0,0,0,0,0,0,0,0,0,0,0,0,0,0,0,0,0,0,0,0,0,0,0,0,0,119729290,54179,29372416,29130752,0,7112,4096,0,0,29372416,29130752,,,,54179,119729290,54179,119729290,1214,4052051,693,715,309,3762462,263,3283199,PASS,309,3762462,[],1007123000,363816250
44,acknowledgement before verifier,performance-result.json#records/43,5fd5c49d361eff279b5b8d4d2ccc33941cf6cb67,13156e72ebd6d37f09b49a409cf825024f6dcfc4,ee76beb014ba17ea8623044095cc1c6fb9a4826896c9439807e30c4f49610d83,9f4e458d15aa7d8fab9b472412a9d0ae2b5d32fb43d22c81ddc3697f4d9706c2,12f8d49e78fb81b63c020c2df8d19dbd584fa93fcafa2b21406768f70fb436cfa0,129007f4fd66101dcabd24f6a4e2229bda9dbd2a4de4bad5f03d97c10b735e104c,True,null,0,760,969,0,0,0,0,0,1520,8747902,20,735,784731,175,1609,0,1222,272,26,0,251,3222528,73,621894,178,2600634,0,0,0,0,44,255868,0,0,11,104805,0,0,196,2861855,0,0,1346,7994272,251,3222528,32,98322,44,255868,0,0,11,104805,0,0,0,0,0,0,0,0,18,261221,178,2600634,0,0,0,0,0,0,8,4219,32,96107,116,1179292,95,1942910,0,0,55,360673,117,1353930,78,1475621,1,32304,0,0,0,0,0,0,0,0,0,0,0,0,0,0,0,0,0,0,0,0,0,0,0,0,0,0,0,0,0,0,0,0,0,0,0,0,0,0,0,0,0,0,196,2861855,0,0,196,2861855,18,261221,0,0,0,0,0,0,0,0,0,0,0,0,0,0,0,0,0,0,0,0,0,0,0,0,0,0,0,0,0,0,0,0,0,0,0,0,0,0,123371354,55788,30420992,30015488,0,7328,4096,0,0,30420992,30015488,,,,55788,123371354,55788,123371354,1609,3642064,716,735,251,3222528,178,2600634,PASS,251,3222528,[],1306560291,397346958
45,acknowledgement before verifier,performance-result.json#records/44,05aeb243baec91e1e53b9af1ca17a022a269a0dd,98c4595012eb9e0733842033291175d510a712f4,7e1a41601183662f5c42321c4dd05ba7fc75b92f6fbab5716542c4012c504c9c,6fea9854eeca6a676b604e92175506a581919cd2c2c4923f6b7c037b4b807453,129007f4fd66101dcabd24f6a4e2229bda9dbd2a4de4bad5f03d97c10b735e104c,12eec72a8da11e8ade9a268541d671e749f093f723d233285e7ee8de6a4b49238d,True,null,0,717,923,0,0,0,0,0,1434,8723614,34,769,1214172,259,2481,0,676,744,14,0,593,5042192,192,1204367,401,3837825,0,0,0,0,156,828228,0,0,8,69734,0,0,429,4144230,0,0,601,4943171,593,5042192,28,298582,156,828228,0,0,8,69734,0,0,0,0,0,0,1,705,27,305700,401,3837825,0,0,0,0,4,839,64,33507,157,369954,245,2137785,123,2500107,0,0,164,897962,359,2808856,66,1248976,4,86398,0,0,0,0,0,0,0,0,0,0,0,0,0,0,0,0,0,0,0,0,0,0,0,0,0,0,0,0,0,0,0,0,0,0,0,0,0,0,0,0,0,0,429,4144230,0,0,428,4143525,27,305700,0,0,0,0,0,0,0,0,0,0,0,0,0,0,0,0,0,0,0,0,0,0,0,0,0,0,0,0,0,0,0,0,0,0,0,0,0,0,128891035,58269,31469568,31363072,0,7657,4096,0,0,31469568,31363072,,,,58269,128891035,58269,128891035,2481,5519681,736,769,593,5042192,401,3837825,PASS,593,5042192,[],1087170000,428675916
46,acknowledgement before verifier,performance-result.json#records/45,454f3ffb2190e9d6c429636b5edc2a8824d6d6bf,e606a7436ba1b9d42061cfa4380c0bcd8e8f8777,c61d7ed1d536e39fa443fafde4f1b7da2d0cfd72c625c8337593ab7bf4dcd198,b117232579342812aa59266a0b82f958a8f733525bdea912b6016e8f306c19bd,12eec72a8da11e8ade9a268541d671e749f093f723d233285e7ee8de6a4b49238d,128d7077ef38e93941378691190eeb61462f2b8336268cc170ae340d69558365eb,True,null,0,383,596,0,0,0,0,0,766,7044039,30,799,893329,248,1432,0,256,496,14,0,413,4760199,92,728763,321,4031436,0,0,0,0,50,225840,0,0,21,207528,0,0,342,4326831,0,0,212,2215471,413,4760199,23,297325,50,225840,0,0,21,207528,0,0,0,0,0,0,0,0,21,295395,321,4031436,0,0,0,0,2,320,29,16287,70,188968,171,1673579,141,2881045,0,0,71,433368,238,2301151,100,1948450,4,77230,0,0,0,0,0,0,0,0,0,0,0,0,0,0,0,0,0,0,0,0,0,0,0,0,0,0,0,0,0,0,0,0,0,0,0,0,0,0,0,0,0,0,342,4326831,0,0,342,4326831,21,295395,0,0,0,0,0,0,0,0,0,0,0,0,0,0,0,0,0,0,0,0,0,0,0,0,0,0,0,0,0,0,0,0,0,0,0,0,0,0,134013377,59701,32518144,32333824,0,7894,4096,0,0,32518144,32333824,,,,59701,134013377,59701,134013377,1432,5122342,770,799,413,4760199,321,4031436,PASS,413,4760199,[],751946500,412892000
47,acknowledgement before verifier,performance-result.json#records/46,3510ef6b440d1436e9ddc5e5236260df108dcd32,d3cbe76c5259cd3b4332b129b7edb345ed77ddf3,b95c76aebf2be4d4bf0a8f5ff62cf206af7d5ab6f6996141822cec9accbc4be6,1385a688b80470619cde520df73a006850d6146cbddf3d600933740859ca182b,128d7077ef38e93941378691190eeb61462f2b8336268cc170ae340d69558365eb,12d9e5fe910433def67fc8a1e338a0daa4b455d202d386fe44f1a357f1e00c0781,True,null,0,300,397,0,0,0,0,0,600,4199859,25,824,803254,192,1653,0,12,584,4,0,410,3694332,80,493425,330,3200907,0,0,0,0,75,455886,0,0,1,1470,0,0,334,3236976,0,0,60,938262,410,3694332,3,23540,75,455886,0,0,1,1470,0,0,0,0,0,0,0,0,4,36069,330,3200907,0,0,1,34,4,635,43,26731,102,253425,172,1582810,88,1830697,0,0,76,457356,286,2261588,46,937421,2,37967,0,0,0,0,0,0,0,0,0,0,0,0,0,0,0,0,0,0,0,0,0,0,0,0,0,0,0,0,0,0,0,0,0,0,0,0,0,0,0,0,0,0,334,3236976,0,0,334,3236976,4,36069,0,0,0,0,0,0,0,0,0,0,0,0,0,0,0,0,0,0,0,0,0,0,0,0,0,0,0,0,0,0,0,0,0,0,0,0,0,0,138101018,61354,33566720,33234944,0,8114,4096,0,0,33566720,33234944,,,,61354,138101018,61354,138101018,1653,4087641,800,824,410,3694332,330,3200907,PASS,410,3694332,[],652140500,275036667
48,acknowledgement before verifier,performance-result.json#records/47,6c24624a0e624fd54819c40ee76cff976a7fce5b,61d8dbae007e86b29c835042f69ab3f450e66442,797243863391840dd61c08726ffc54f1f68d77e6961bc402d389926a0ba1d4f4,740981255430ee4824c0b1216289cb960b4ed111789ad03380f69e8ca207a10c,12d9e5fe910433def67fc8a1e338a0daa4b455d202d386fe44f1a357f1e00c0781,12c6705e9ff24116df61977cc1669b8f61aa5b1cd9fd55792eba8a91bcdac5c184,True,null,0,186,209,0,0,0,0,0,372,1591692,25,849,1075083,160,2285,0,0,372,0,0,559,2876147,368,1414138,191,1462009,0,0,0,0,367,1396506,0,0,1,17632,0,0,191,1462009,0,0,17,112051,559,2876147,0,0,367,1396506,0,0,1,17632,0,0,0,0,0,0,0,0,0,0,191,1462009,0,0,0,0,1,231,179,84518,117,341521,232,1854551,30,595326,0,0,368,1414138,172,1133720,19,328289,0,0,0,0,0,0,0,0,0,0,0,0,0,0,0,0,0,0,0,0,0,0,0,0,0,0,0,0,0,0,0,0,0,0,0,0,0,0,0,0,0,0,0,0,191,1462009,0,0,191,1462009,0,0,0,0,0,0,0,0,0,0,0,0,0,0,0,0,0,0,0,0,0,0,0,0,0,0,0,0,0,0,0,0,0,0,0,0,0,0,0,0,141462845,63639,34615296,34512896,0,8426,4096,0,0,34615296,34512896,,,,63639,141462845,63639,141462845,2285,3361827,825,849,559,2876147,191,1462009,PASS,559,2876147,[],719333292,181515542
49,acknowledgement before verifier,performance-result.json#records/48,d2b2539f3e3b210a6afa2047603f33910dddcbfc,f967537ae727d9541a0ba48e3762ebec5e68256a,29634b24faf0cd66605dac0e26e45f7eac37cfbc0b0dfed26f04f8cebfc20dc4,ce068e05a7bdaac7e43a89c4f6bb85efec9888a6a82056af04437de5000c7754,12c6705e9ff24116df61977cc1669b8f61aa5b1cd9fd55792eba8a91bcdac5c184,12013b405d71138534b04e69bd9a6ca95f3441ba7dd2fe9afdf0528ff06cad11cb,True,null,0,388,571,0,0,0,0,0,776,6360933,22,871,659847,192,973,0,390,386,0,0,280,3568130,19,205431,261,3362699,0,0,0,0,7,36334,0,0,5,25226,0,0,268,3506570,0,0,298,2829137,280,3568130,0,0,7,36334,0,0,5,25226,0,0,0,0,0,0,0,0,7,143871,261,3362699,0,0,0,0,0,0,9,5245,37,94256,120,1100539,114,2368090,0,0,12,61560,188,1924505,79,1549276,1,32789,0,0,0,0,0,0,0,0,0,0,0,0,0,0,0,0,0,0,0,0,0,0,0,0,0,0,0,0,0,0,0,0,0,0,0,0,0,0,0,0,0,0,268,3506570,0,0,268,3506570,7,143871,0,0,0,0,0,0,0,0,0,0,0,0,0,0,0,0,0,0,0,0,0,0,0,0,0,0,0,0,0,0,0,0,0,0,0,0,0,0,145342971,64612,35663872,35225600,0,8600,4096,0,0,35663872,35225600,,,,64612,145342971,64612,145342971,973,3880126,850,871,280,3568130,261,3362699,PASS,280,3568130,[],781064209,325224458
50,acknowledgement before verifier,performance-result.json#records/49,d3b59880616e1f054d961216001bb5800422acdc,8cfe12736f92e7d96809bf824604cc81aa19b7f2,9b96ff55df14571c43f0fd3ba569761c4deffc7045fe3fb0b64764b54f5d4ba2,2578564053df6437b9dbfbb1a9292062e06b5afea44b0cc66be8c17b5969659c,12013b405d71138534b04e69bd9a6ca95f3441ba7dd2fe9afdf0528ff06cad11cb,12566cca593c61fa2a8b21d7e2e5d95cd0bc848a58ef843742a27a1e229463b231,True,null,0,665,837,0,0,0,0,0,1330,7231234,44,915,1653072,333,3560,0,290,988,52,0,886,6438947,350,1647576,536,4791371,0,0,0,0,302,1365671,0,0,4,29165,0,0,580,5044111,0,0,425,2650037,886,6438947,39,154274,302,1365671,0,0,4,29165,0,0,0,0,0,0,7,11345,37,241395,536,4791371,0,0,0,0,16,3036,207,112543,157,396556,375,3265386,131,2661426,0,0,306,1394836,496,3544596,83,1478620,1,20895,0,0,0,0,0,0,0,0,0,0,0,0,0,0,0,0,0,0,0,0,0,0,0,0,0,0,0,0,0,0,0,0,0,0,0,0,0,0,0,0,0,0,580,5044111,0,0,573,5032766,37,241395,0,0,0,0,0,0,0,0,0,0,0,0,0,0,0,0,0,0,0,0,0,0,0,0,0,0,0,0,0,0,0,0,0,0,0,0,0,0,152400626,68172,37761024,37085184,0,9054,4096,0,0,37761024,37085184,,,,68172,152400626,68172,152400626,3560,7057655,872,915,886,6438947,536,4791371,PASS,886,6438947,[],1235117625,476061250
51,acknowledgement before verifier,performance-result.json#records/50,5e4026d76835adf83d53fe151dfd3ef1695caf8c,324215059ed98149ede7d3ac0c9ec234a2600895,6fec687e0a8a482423d8243e7441c2b9c9e08d38813440e45694a27e6ba6fcb7,561138047563d737669236235595827ce11215c91c732d4ba83e10dc502a3ab7,12566cca593c61fa2a8b21d7e2e5d95cd0bc848a58ef843742a27a1e229463b231,1206c1da476240ee2a34045e5fa40ffc43c8759c0a1009941c06d8af0cb23e6ce6,True,null,0,318,416,0,0,0,0,0,636,4068227,27,942,989844,208,1845,0,14,622,0,0,455,3852812,114,829163,341,3023649,0,0,0,0,91,604874,0,0,6,29052,0,0,358,3218886,0,0,56,828236,455,3852812,0,0,91,604874,0,0,6,29052,0,0,0,0,0,0,0,0,17,195237,341,3023649,0,0,0,0,2,426,57,32817,97,244728,214,1856672,85,1718169,0,0,97,633926,309,2232378,48,958660,1,27848,0,0,0,0,0,0,0,0,0,0,0,0,0,0,0,0,0,0,0,0,0,0,0,0,0,0,0,0,0,0,0,0,0,0,0,0,0,0,0,0,0,0,358,3218886,0,0,358,3218886,17,195237,0,0,0,0,0,0,0,0,0,0,0,0,0,0,0,0,0,0,0,0,0,0,0,0,0,0,0,0,0,0,0,0,0,0,0,0,0,0,156723947,70017,38809600,38195200,0,9325,4096,0,0,38809600,38195200,,,,70017,156723947,70017,156723947,1845,4323321,916,942,455,3852812,341,3023649,PASS,455,3852812,[],729474000,293409875
52,acknowledgement before verifier,performance-result.json#records/51,047e48bd8dd89ef3afadd39467ae0726e4fbe3b7,165276d3c02028e9d651e5add28ac2afdfaafa20,8b2393dff0fd3c4520b592657b8da0c9dc2294024607c7f3f20f076ab08c6a09,0f694ccf7f020547c4818d711f5105cc73e145d8f30f57403c160a3aefbcd628,1206c1da476240ee2a34045e5fa40ffc43c8759c0a1009941c06d8af0cb23e6ce6,126e6b85a158dad7d73e8c8830c197890017a1ac4aec69d65c8c905b46af5a00c1,True,null,0,397,509,0,0,0,0,0,794,4630046,41,983,1693725,283,4575,0,20,768,6,0,989,5095881,571,1825631,418,3270250,0,0,0,0,558,1634205,0,0,4,41172,0,0,427,3420504,0,0,75,1111899,989,5095881,10,57529,558,1634205,0,0,4,41172,0,0,0,0,0,0,0,0,9,150254,418,3270250,0,0,0,0,10,2063,290,139534,251,602769,357,2733613,81,1617902,0,0,562,1675377,374,2464044,52,938774,1,17686,0,0,0,0,0,0,0,0,0,0,0,0,0,0,0,0,0,0,0,0,0,0,0,0,0,0,0,0,0,0,0,0,0,0,0,0,0,0,0,0,0,0,427,3420504,0,0,427,3420504,9,150254,0,0,0,0,0,0,0,0,0,0,0,0,0,0,0,0,0,0,0,0,0,0,0,0,0,0,0,0,0,0,0,0,0,0,0,0,0,0,162584364,74592,40906752,40177664,0,9809,4096,0,0,40906752,40177664,,,,74592,162584364,74592,162584364,4575,5860417,943,983,989,5095881,418,3270250,PASS,989,5095881,[],1103605417,378676500
53,acknowledgement before verifier,performance-result.json#records/52,89d4643c26e964f5363c0bce38ae82300b86756a,ab2e8b000dfeac17ebc96a0f178e723295f45872,b8d074047df5c3cec6a420d25bc9ff9b1287e4f7b3015db7bc77758d08a5add5,d8c72515aad4a01c6d8aceffbfd29b460303c94a743e2c923faa225e7c6e68a4,126e6b85a158dad7d73e8c8830c197890017a1ac4aec69d65c8c905b46af5a00c1,12550c43aac64a3d9d984ff4a4e6789077f0a2d04b794343a1a47fd65c5c471d01,True,null,0,410,494,0,0,0,0,0,820,3969126,10,993,394556,75,396,0,748,72,0,0,86,979758,26,145524,60,834234,0,0,0,0,22,95815,0,0,3,30467,0,0,61,853476,0,0,479,3284734,86,979758,0,0,22,95815,0,0,3,30467,0,0,0,0,0,0,0,0,1,19242,60,834234,0,0,0,0,0,0,9,5764,18,50677,26,217858,33,705459,0,0,25,126282,40,423597,21,429879,0,0,0,0,0,0,0,0,0,0,0,0,0,0,0,0,0,0,0,0,0,0,0,0,0,0,0,0,0,0,0,0,0,0,0,0,0,0,0,0,0,0,0,0,61,853476,0,0,61,853476,1,19242,0,0,0,0,0,0,0,0,0,0,0,0,0,0,0,0,0,0,0,0,0,0,0,0,0,0,0,0,0,0,0,0,0,0,0,0,0,0,163916040,74988,40906752,40607744,0,9914,4096,0,0,40906752,40607744,,,,74988,163916040,74988,163916040,396,1331676,984,993,86,979758,60,834234,PASS,86,979758,[],986869666,174133125
54,acknowledgement before verifier,performance-result.json#records/53,ac792bfd78a62621c7624270e412edb05203d5f7,b588afd298f6c2909a36631e47b06a48e6e39223,ff5c4872358ff2f213924935e90927def53d5ca9378d0c04020b1103d3c7eeff,73078a3a49db229ac720f860d9e2d7908c8a69510e1911b2fbfc20c78a81ba8a,12550c43aac64a3d9d984ff4a4e6789077f0a2d04b794343a1a47fd65c5c471d01,1271e938bc6938dc29b53b7bda1779d5dd11f49496de257bb111640101ab707a34,True,null,0,283,423,0,0,0,0,0,566,4743929,14,1007,421779,110,544,0,374,186,6,0,138,1699611,8,26770,130,1672841,0,0,0,0,6,21732,0,0,2,5038,0,0,130,1672841,0,0,304,3149418,138,1699611,6,56353,6,21732,0,0,2,5038,0,0,0,0,0,0,0,0,0,0,130,1672841,0,0,0,0,0,0,12,6015,17,48510,54,486928,55,1158158,0,0,8,26770,85,745266,42,858286,3,69289,0,0,0,0,0,0,0,0,0,0,0,0,0,0,0,0,0,0,0,0,0,0,0,0,0,0,0,0,0,0,0,0,0,0,0,0,0,0,0,0,0,0,130,1672841,0,0,130,1672841,0,0,0,0,0,0,0,0,0,0,0,0,0,0,0,0,0,0,0,0,0,0,0,0,0,0,0,0,0,0,0,0,0,0,0,0,0,0,0,0,165963688,75532,41955328,41066496,0,10026,4096,0,0,41955328,41066496,,,,75532,165963688,75532,165963688,544,2047648,994,1007,138,1699611,130,1672841,PASS,138,1699611,[],648500625,220137833
55,acknowledgement before verifier,performance-result.json#records/54,d8ce036295b590968f98e1a21df161d4d69b7826,7ae95006932cf43173b0e002d6ad4e902ad9b722,6a05f544a854dfe5b10eb119b9defe161f02f686fc2fd6be30a60f1f18c1ffa7,536af3eac75af7c1e0c4e000829255a364a852f9797888d0e3d856f972064563,1271e938bc6938dc29b53b7bda1779d5dd11f49496de257bb111640101ab707a34,12c0c52d56cd1ee5b279025a1708a7ec606c84fd92d23665a2536cfb1735073582,True,null,0,731,901,0,0,0,0,0,1462,7807170,51,1058,2161255,377,4825,0,552,898,12,0,1026,6948561,540,2446113,486,4502448,0,0,0,0,496,2121414,0,0,7,17080,0,0,523,4810067,0,0,822,3995569,1026,6948561,26,190908,496,2121414,0,0,7,17080,0,0,0,0,0,0,1,363,36,307256,486,4502448,0,0,0,0,6,1031,206,104091,250,668579,429,3471037,135,2703823,0,0,503,2138494,437,3153671,84,1610728,2,45668,0,0,0,0,0,0,0,0,0,0,0,0,0,0,0,0,0,0,0,0,0,0,0,0,0,0,0,0,0,0,0,0,0,0,0,0,0,0,0,0,0,0,523,4810067,0,0,522,4809704,36,307256,0,0,0,0,0,0,0,0,0,0,0,0,0,0,0,0,0,0,0,0,0,0,0,0,0,0,0,0,0,0,0,0,0,0,0,0,0,0,173770605,80357,44052480,43479040,0,10615,4096,0,0,44052480,43479040,,,,80357,173770605,80357,173770605,4825,7806917,1008,1058,1026,6948561,486,4502448,PASS,1026,6948561,[],1525821791,628750084
56,acknowledgement before verifier,performance-result.json#records/55,2d2bf871920a2981dd77d16897136ec23844fc6b,34c224f8013e791283251f860432a588f5fb0ca1,c967b4b67774981cb976302273ad82a2b6d1dfb58684e8904da4ab7da04f082e,a8ea3c47c2338055dfe171ce19444753b5db05bef2d0e256894ba0f1de282e2c,12c0c52d56cd1ee5b279025a1708a7ec606c84fd92d23665a2536cfb1735073582,123dfa5dd4e6d2859da470979a98e1bebf06ac63f4f44e2c6974a43b4d0ef16220,True,null,0,826,1040,0,0,0,0,0,1652,9226963,12,1070,494794,85,667,0,1452,188,12,0,138,1321250,22,127900,116,1193350,0,0,0,0,20,82185,0,0,1,19244,0,0,117,1219821,0,0,1078,8296539,138,1321250,19,197633,20,82185,0,0,1,19244,0,0,0,0,0,0,0,0,1,26471,116,1193350,0,0,0,0,0,0,12,6389,39,90331,52,466133,35,758397,0,0,21,101429,92,687174,25,532647,0,0,0,0,0,0,0,0,0,0,0,0,0,0,0,0,0,0,0,0,0,0,0,0,0,0,0,0,0,0,0,0,0,0,0,0,0,0,0,0,0,0,0,0,117,1219821,0,0,117,1219821,1,26471,0,0,0,0,0,0,0,0,0,0,0,0,0,0,0,0,0,0,0,0,0,0,0,0,0,0,0,0,0,0,0,0,0,0,0,0,0,0,175492206,81024,44052480,44023808,0,10748,4096,0,0,44052480,44023808,,,,81024,175492206,81024,175492206,667,1721601,1059,1070,138,1321250,116,1193350,PASS,138,1321250,[],1378712125,342892416
57,acknowledgement before verifier,performance-result.json#records/56,6b4c26a1b9e480bf21add84d043848a029b13672,6e8e1984ea0a33f9c9dbb56b43b04c2cb049b5e5,f0b0c4d1e8a00351489fcce2e883bd758fbe716e382ef7584501f2023ea1a449,45c6a3a3a5af4da681765e4161ae936e30dd0ff7cdb4118a922ef2b613d030e6,123dfa5dd4e6d2859da470979a98e1bebf06ac63f4f44e2c6974a43b4d0ef16220,12f0f6dc23db6084cc7df8bcf2f4bd3dc5fa00368844dbe87176fe44a9176c3569,True,null,0,999,1246,0,0,0,0,0,1998,11073100,28,1098,932705,259,1670,0,1368,616,14,0,430,4851933,37,525981,393,4325952,0,0,0,0,29,419132,0,0,0,0,0,0,401,4432801,0,0,983,7829030,430,4851933,25,271399,29,419132,0,0,0,0,0,0,0,0,0,0,0,0,8,106849,393,4325952,0,0,0,0,1,123,38,18633,59,164686,197,1874186,135,2794305,0,0,29,419132,312,2851391,81,1411753,8,169657,0,0,0,0,0,0,0,0,0,0,0,0,0,0,0,0,0,0,0,0,0,0,0,0,0,0,0,0,0,0,0,0,0,0,0,0,0,0,0,0,0,0,401,4432801,0,0,401,4432801,8,106849,0,0,0,0,0,0,0,0,0,0,0,0,0,0,0,0,0,0,0,0,0,0,0,0,0,0,0,0,0,0,0,0,0,0,0,0,0,0,180799181,82694,45101056,45076480,0,11005,4096,0,0,45101056,45076480,,,,82694,180799181,82694,180799181,1670,5306975,1071,1098,430,4851933,393,4325952,PASS,430,4851933,[],1439874208,487334583
58,acknowledgement before verifier,performance-result.json#records/57,355975fbd5a95839826e934719d679da7af61205,d4ae25fb79b04cb2876f77cc96ba3061f0b3907b,abe60c876f1ff62a29758896c535c24ed9b970ee3d75b73b683ff8373edc2626,02fa13ee22eb1ff79c422bf185fc8c67361644d7e8f8bea295e213e0c174c9c0,12f0f6dc23db6084cc7df8bcf2f4bd3dc5fa00368844dbe87176fe44a9176c3569,1262565fbdb799b9b4bfd21d392d8a9509a134be16fef1b3baa3561406ea89bdde,True,null,0,1308,1592,0,0,0,0,0,2616,12795240,47,1145,2005796,384,3829,0,1746,816,54,0,767,7059961,290,1946802,477,5113159,0,0,0,0,236,1286736,0,0,15,92054,0,0,516,5681171,0,0,2060,10528680,767,7059961,56,206636,236,1286736,0,0,15,92054,0,0,0,0,0,0,1,1371,38,566641,477,5113159,0,0,0,0,0,0,115,60683,139,330340,338,3079576,175,3589362,0,0,251,1378790,389,3208210,121,2317791,6,155170,0,0,0,0,0,0,0,0,0,0,0,0,0,0,0,0,0,0,0,0,0,0,0,0,0,0,0,0,0,0,0,0,0,0,0,0,0,0,0,0,0,0,516,5681171,0,0,515,5679800,38,566641,0,0,0,0,0,0,0,0,0,0,0,0,0,0,0,0,0,0,0,0,0,0,0,0,0,0,0,0,0,0,0,0,0,0,0,0,0,0,188657985,86523,48246784,47296512,0,11547,4096,0,0,48246784,47296512,,,,86523,188657985,86523,188657985,3829,7858804,1099,1145,767,7059961,477,5113159,PASS,767,7059961,[],2469710625,797005292
59,acknowledgement before verifier,performance-result.json#records/58,63623a87e349ba16f16ff4d1108c6e8dfd1279c8,16202e2cebce32601e228b1c982b9bc1c5490cb4,b254e89bcadefaafd53ee26e9fa8de193a773e7294fc38a6530ba71f2fde5992,15a76debaef31fbaccd7dd6de2b813ef20e55d7a9e007a6c451c98add4d05f4c,1262565fbdb799b9b4bfd21d392d8a9509a134be16fef1b3baa3561406ea89bdde,12c9ac08dc38cd2aec803b4cb3c303dff317b68169ae8643ac5f658084cc7023fa,True,null,0,483,676,0,0,0,0,0,966,7128228,9,1154,351716,71,290,0,896,70,0,0,57,810926,0,0,57,810926,0,0,0,0,0,0,0,0,0,0,0,0,57,810926,0,0,637,6445828,57,810926,0,0,0,0,0,0,0,0,0,0,0,0,0,0,0,0,0,0,57,810926,0,0,0,0,0,0,7,3299,5,11967,14,142790,31,652870,0,0,0,0,35,386572,22,424354,0,0,0,0,0,0,0,0,0,0,0,0,0,0,0,0,0,0,0,0,0,0,0,0,0,0,0,0,0,0,0,0,0,0,0,0,0,0,0,0,0,0,0,0,57,810926,0,0,57,810926,0,0,0,0,0,0,0,0,0,0,0,0,0,0,0,0,0,0,0,0,0,0,0,0,0,0,0,0,0,0,0,0,0,0,0,0,0,0,0,0,189852779,86813,48246784,47673344,0,11639,4096,0,0,48246784,47673344,,,,86813,189852779,86813,189852779,290,1194794,1146,1154,57,810926,57,810926,PASS,57,810926,[],1028066750,211791833
60,acknowledgement before verifier,performance-result.json#records/59,6c6dd37d4f93d0c829642d0c2ba1a649f56b9bec,e2ae66e0c6986962fef520ba97e2b0bc9c4bd7f3,dffeed80e6ce432f37a7091267a0cab1e63d70f781460e9ef146ca351e382709,9a3a61f0e2e4264dded15678b6dfbe0ad4fef13c24ffa2cf9b74170620a27c77,12c9ac08dc38cd2aec803b4cb3c303dff317b68169ae8643ac5f658084cc7023fa,124237dfdf5fb74559fdf4c106e5ce69234432352d6a7a457a5fcf40169077b4be,True,null,0,778,1017,0,0,0,0,0,1556,9759856,40,1194,1529268,310,3109,0,750,802,4,0,756,5725470,325,1608921,431,4116549,0,0,0,0,275,1196837,0,0,4,35308,0,0,477,4493325,0,0,588,5404993,756,5725470,4,49140,275,1196837,0,0,4,35308,0,0,0,0,0,0,1,1162,45,375614,431,4116549,0,0,1,43,6,866,137,71518,184,451037,289,2373387,139,2828619,0,0,279,1232145,384,2621754,88,1765233,5,106338,0,0,0,0,0,0,0,0,0,0,0,0,0,0,0,0,0,0,0,0,0,0,0,0,0,0,0,0,0,0,0,0,0,0,0,0,0,0,0,0,0,0,477,4493325,0,0,476,4492163,45,375614,0,0,0,0,0,0,0,0,0,0,0,0,0,0,0,0,0,0,0,0,0,0,0,0,0,0,0,0,0,0,0,0,0,0,0,0,0,0,196257441,89922,50343936,49418240,0,12065,4096,0,0,50343936,49418240,,,,89922,196257441,89922,196257441,3109,6404662,1155,1194,756,5725470,431,4116549,PASS,756,5725470,[],1362790583,554418584
61,acknowledgement before verifier,performance-result.json#records/60,cd88a339fa885be82194e1881f49bf8be46190fe,a0cd906bf39a1e23f97b6ff8c8af50ab223589d8,7c9299bf3b5f309c23c980595e03425ddc5aa9fbef6c5ecf1d0c70aa90e309df,d0ea56f62486a4092b944c6dc675e9679736baa1219636694f1f1fb71fb6c374,124237dfdf5fb74559fdf4c106e5ce69234432352d6a7a457a5fcf40169077b4be,12af39dcc7c5949da3a8c75302eb7ff288d0c6f363817805ba6c72efa6e247b484,True,null,0,283,359,0,0,0,0,0,566,3295869,20,1214,694993,156,1399,0,18,548,0,0,342,2692711,38,165626,304,2527085,0,0,0,0,32,92880,0,0,1,1314,0,0,309,2598517,0,0,49,696038,342,2692711,0,0,32,92880,0,0,1,1314,0,0,0,0,0,0,0,0,5,71432,304,2527085,0,0,0,0,1,223,53,29086,60,150872,170,1387488,58,1125042,0,0,33,94194,269,1925840,40,672677,0,0,0,0,0,0,0,0,0,0,0,0,0,0,0,0,0,0,0,0,0,0,0,0,0,0,0,0,0,0,0,0,0,0,0,0,0,0,0,0,0,0,0,0,309,2598517,0,0,309,2598517,5,71432,0,0,0,0,0,0,0,0,0,0,0,0,0,0,0,0,0,0,0,0,0,0,0,0,0,0,0,0,0,0,0,0,0,0,0,0,0,0,199436402,91321,50343936,50208768,0,12258,4096,0,0,50343936,50208768,,,,91321,199436402,91321,199436402,1399,3178961,1195,1214,342,2692711,304,2527085,PASS,342,2692711,[],790335334,260333000
62,acknowledgement before verifier,performance-result.json#records/61,384535f0ae946c6b8650cf6b2f5d6c9baaa34b53,98d28363b6fdadd0d15abf8ec721a874c26837ab,d955e3b7a48ad6105c3982d6aab7cd8c9de0e4304ee150e5c179d9a7c81a5882,8a3d659c0f5997fbf937303ae908359b054e97cb76700fed8bb38760f442417f,12af39dcc7c5949da3a8c75302eb7ff288d0c6f363817805ba6c72efa6e247b484,1246f301288a8522bf2eefa5286cc14492c603d489874fe2dc559bacd046474fc1,True,null,0,551,756,0,0,0,0,0,1102,7860042,35,1249,946217,297,1617,0,412,688,2,0,473,5644234,33,259944,440,5384290,0,0,0,0,6,23343,0,0,3,2746,0,0,464,5618145,0,0,290,2208998,473,5644234,3,49035,6,23343,0,0,3,2746,0,0,0,0,0,0,0,0,24,233855,440,5384290,0,0,0,0,0,0,21,12013,53,143178,240,2227843,159,3261200,0,0,9,26089,329,3118635,132,2426045,3,73465,0,0,0,0,0,0,0,0,0,0,0,0,0,0,0,0,0,0,0,0,0,0,0,0,0,0,0,0,0,0,0,0,0,0,0,0,0,0,0,0,0,0,464,5618145,0,0,464,5618145,24,233855,0,0,0,0,0,0,0,0,0,0,0,0,0,0,0,0,0,0,0,0,0,0,0,0,0,0,0,0,0,0,0,0,0,0,0,0,0,0,205550495,92938,51392512,51269632,0,12517,4096,0,0,51392512,51269632,,,,92938,205550495,92938,205550495,1617,6114093,1215,1249,473,5644234,440,5384290,PASS,473,5644234,[],1086274208,526156708
63,acknowledgement before verifier,performance-result.json#records/62,e5218217c35cc254c3efc15354e544ef5a85dc88,8d53db4900f932dfe671095021e86c48e81d5d42,e6ea3c55e1ca999b6b3e413a2b8a715fadb5a9b94a39a370d82a7706249f179b,724c60ff7bcc3ef4097dea8eb8d87f8b61f0f2b874bad9aaa471fa7cf50e6440,1246f301288a8522bf2eefa5286cc14492c603d489874fe2dc559bacd046474fc1,12252fa5a0e38ba25ed38a5d0bfc747bb42f2b36ea38ecba725824a544c3cd7c9c,True,null,0,476,639,0,0,0,0,0,952,6440562,30,1279,1063721,242,1880,0,296,656,0,0,472,4452293,90,529525,382,3922768,0,0,0,0,74,368225,0,0,4,7463,0,0,394,4076605,0,0,260,2402164,472,4452293,0,0,74,368225,0,0,4,7463,0,0,0,0,0,0,0,0,12,153837,382,3922768,0,0,0,0,0,0,71,38905,77,184147,208,1872583,116,2356658,0,0,78,375688,311,2467245,78,1520332,5,89028,0,0,0,0,0,0,0,0,0,0,0,0,0,0,0,0,0,0,0,0,0,0,0,0,0,0,0,0,0,0,0,0,0,0,0,0,0,0,0,0,0,0,394,4076605,0,0,394,4076605,12,153837,0,0,0,0,0,0,0,0,0,0,0,0,0,0,0,0,0,0,0,0,0,0,0,0,0,0,0,0,0,0,0,0,0,0,0,0,0,0,210543313,94818,52441088,52428800,0,12800,4096,0,0,52441088,52428800,,,,94818,210543313,94818,210543313,1880,4992818,1250,1279,472,4452293,382,3922768,PASS,472,4452293,[],968390042,539124458
64,acknowledgement before verifier,performance-result.json#records/63,987ecc2ec2ab51737a57b8f49d9f233dc0d1b69b,4a9696881eb369ac6280ddeaa91d95c2c0d67157,03ac88906ee8d8ea4f44e42dacd36b2a9bd35495deab07a273c74b68d5d4da75,22d5ecea1eb45f8b31fd6aa326912c231475e9c01e3de67d401cd16ee1140035,12252fa5a0e38ba25ed38a5d0bfc747bb42f2b36ea38ecba725824a544c3cd7c9c,122a428ba0e9f73ba043255d6d5663ad00e9020ba50e9fdafb95590358fc50e7ae,True,null,0,754,1001,0,0,0,0,0,1508,10004286,10,1289,376404,81,604,0,1358,146,4,0,129,1065027,40,103303,89,961724,0,0,0,0,39,102573,0,0,1,730,0,0,89,961724,0,0,919,9057122,129,1065027,11,128267,39,102573,0,0,1,730,0,0,0,0,0,0,0,0,0,0,89,961724,0,0,0,0,0,0,18,9432,39,90995,46,394085,26,570515,0,0,40,103303,69,579205,17,328443,3,54076,0,0,0,0,0,0,0,0,0,0,0,0,0,0,0,0,0,0,0,0,0,0,0,0,0,0,0,0,0,0,0,0,0,0,0,0,0,0,0,0,0,0,89,961724,0,0,89,961724,0,0,0,0,0,0,0,0,0,0,0,0,0,0,0,0,0,0,0,0,0,0,0,0,0,0,0,0,0,0,0,0,0,0,0,0,0,0,0,0,212005383,95422,53489664,52838400,0,12900,4096,0,0,53489664,52838400,,,,95422,212005383,95422,212005383,604,1462070,1280,1289,129,1065027,89,961724,PASS,129,1065027,[],1274485750,282389000
65,acknowledgement before verifier,performance-result.json#records/64,c5d4f1b7e6d0c70ecbe1055c71cd38615b5ee69a,6bd32ffa2b569b555a5990fedfb34f263731a713,176ab5785a6ee271e3c3dc62dd96de0ef141726bdb5d92f7079797ca067341e1,183ad2cf38121915fa9f82b20206ea7e7e89a9c9cbff565787b1387f4747bd50,122a428ba0e9f73ba043255d6d5663ad00e9020ba50e9fdafb95590358fc50e7ae,120377f3e9ae127da5ba93ec42da52c6a50463f4c86085f3820e680b8452d0d077,True,null,0,716,971,0,0,0,0,0,1432,10015890,5,1294,281134,36,232,0,1412,18,2,0,9,69366,0,0,9,69366,0,0,0,0,0,0,0,0,0,0,0,0,9,69366,0,0,1056,10328476,9,69366,3,49035,0,0,0,0,0,0,0,0,0,0,0,0,0,0,0,0,9,69366,0,0,0,0,0,0,1,439,0,0,7,48515,1,20412,0,0,0,0,8,48954,1,20412,0,0,0,0,0,0,0,0,0,0,0,0,0,0,0,0,0,0,0,0,0,0,0,0,0,0,0,0,0,0,0,0,0,0,0,0,0,0,0,0,0,0,0,0,9,69366,0,0,9,69366,0,0,0,0,0,0,0,0,0,0,0,0,0,0,0,0,0,0,0,0,0,0,0,0,0,0,0,0,0,0,0,0,0,0,0,0,0,0,0,0,212496301,95654,53489664,53137408,0,12973,4096,0,0,53489664,53137408,,,,95654,212496301,95654,212496301,232,490918,1290,1294,9,69366,9,69366,PASS,9,69366,[],1189802167,206191916
66,acknowledgement before verifier,performance-result.json#records/65,714090bb4d7ba380502f01bc61984fb997a2802b,277823b6d7a3fe302e383b40e07b633f92fd3016,102d28f9a9330cc3e726ad946748829be87cb9b496822a07128fbdb341203c04,0ec420b31411296f61c54b6a83ef0eb7fb030bdea8dc00c635032e1add17a08f,120377f3e9ae127da5ba93ec42da52c6a50463f4c86085f3820e680b8452d0d077,121bec4af60ec7c0602c15c5170b924c208555fc4ecba2900393d65fa39f8910a9,True,null,0,1311,1602,0,0,0,0,0,2622,13342393,14,1308,553791,113,816,0,2394,224,4,0,162,1622694,33,234387,129,1388307,0,0,0,0,27,154014,0,0,0,0,0,0,135,1468680,0,0,1587,12429025,162,1622694,19,196320,27,154014,0,0,0,0,0,0,0,0,0,0,0,0,6,80373,129,1388307,0,0,0,0,0,0,13,6195,35,95829,71,643920,43,876750,0,0,27,154014,110,980425,24,478270,1,9985,0,0,0,0,0,0,0,0,0,0,0,0,0,0,0,0,0,0,0,0,0,0,0,0,0,0,0,0,0,0,0,0,0,0,0,0,0,0,0,0,0,0,135,1468680,0,0,135,1468680,6,80373,0,0,0,0,0,0,0,0,0,0,0,0,0,0,0,0,0,0,0,0,0,0,0,0,0,0,0,0,0,0,0,0,0,0,0,0,0,0,214593486,96470,54538240,53719040,0,13115,4096,0,0,54538240,53719040,,,,96470,214593486,96470,214593486,816,2097185,1295,1308,162,1622694,129,1388307,PASS,162,1622694,[],1892340792,480358709
67,acknowledgement before verifier,performance-result.json#records/66,e8c265a337f3527a8fa78b70d37c3006e475a528,5fa1a4e20ed4db9aef7fad1c30dfb553f706ff56,bf4ede88d24ca00e98422d64b17842534899e75e22092dbaf2f186221965dcaa,f053e6496151c60b407b66c45dccfa1ad010a8397d3a5661c704a8686ca3112f,121bec4af60ec7c0602c15c5170b924c208555fc4ecba2900393d65fa39f8910a9,12bc599b20a6327b14d6b6ae1abad6e7df77f7f198387377157f0aae0ae5d30191,True,null,0,1442,1771,0,0,0,0,0,2884,15053932,34,1342,1430428,275,2882,0,2154,724,6,0,626,4909508,291,1650932,335,3258576,0,0,0,0,192,830122,0,0,16,133508,0,0,418,3945878,0,0,1818,12903994,626,4909508,13,95458,192,830122,0,0,16,133508,0,0,0,0,0,0,1,1598,82,685704,335,3258576,0,0,0,0,9,1508,78,44471,195,455699,229,2022069,115,2385761,0,0,208,963630,363,2825101,52,1035415,3,85362,0,0,0,0,0,0,0,0,0,0,0,0,0,0,0,0,0,0,0,0,0,0,0,0,0,0,0,0,0,0,0,0,0,0,0,0,0,0,0,0,0,0,418,3945878,0,0,417,3944280,82,685704,0,0,0,0,0,0,0,0,0,0,0,0,0,0,0,0,0,0,0,0,0,0,0,0,0,0,0,0,0,0,0,0,0,0,0,0,0,0,220193627,99352,55586816,55324672,0,13507,4096,0,0,55586816,55324672,,,,99352,220193627,99352,220193627,2882,5600141,1309,1342,626,4909508,335,3258576,PASS,626,4909508,[],2181468041,652885166
68,acknowledgement before verifier,performance-result.json#records/67,0440c4cc0c0605b3c6580f09c5fb88d7b15dbc3b,54519956c57814fa203806c7a4266d89c3b6ae05,3b46446893db395e084b432fa8415441b006b7a52be9f4a619e063e59c59209a,317d4d192bac886b549573688864740eb46acbee1506aecf26a1f6a4876c7ca6,12bc599b20a6327b14d6b6ae1abad6e7df77f7f198387377157f0aae0ae5d30191,1291c565357972a3e3e9adccf34dcdc5aeb7dc59cfcb08fd841bfb236fe080f28c,True,null,0,718,879,0,0,0,0,0,1436,6361262,42,1384,1383976,318,3593,0,28,1408,0,0,912,5953877,140,840017,772,5113860,0,0,0,0,119,699017,0,0,9,45005,0,0,784,5209855,0,0,86,1106402,912,5953877,0,0,119,699017,0,0,9,45005,0,0,0,0,0,0,0,0,12,95995,772,5113860,0,0,0,0,8,1347,251,125299,209,494468,311,2636749,133,2696014,0,0,128,744022,697,3564019,83,1544770,4,101066,0,0,0,0,0,0,0,0,0,0,0,0,0,0,0,0,0,0,0,0,0,0,0,0,0,0,0,0,0,0,0,0,0,0,0,0,0,0,0,0,0,0,784,5209855,0,0,784,5209855,12,95995,0,0,0,0,0,0,0,0,0,0,0,0,0,0,0,0,0,0,0,0,0,0,0,0,0,0,0,0,0,0,0,0,0,0,0,0,0,0,226831059,102945,57683968,56983552,0,13912,4096,0,0,57683968,56983552,,,,102945,226831059,102945,226831059,3593,6637432,1343,1384,912,5953877,772,5113860,PASS,912,5953877,[],1271469458,520180250
69,acknowledgement before verifier,performance-result.json#records/68,ad93803431068b85cdd57d2cfce0be8cfef012db,12047ad1e14bceb9b32965f1724d5015c8eb7707,58565e4970c5eb8c6cf3cbe0f2579c5da1e2873a4b380345a5d1f31295e4aace,70374c321b3413bce65e9192f21756b2da509e1bbe5e83a848e222d927f85208,1291c565357972a3e3e9adccf34dcdc5aeb7dc59cfcb08fd841bfb236fe080f28c,122f3938a58cc19de2e2717b2d1a297e3a8e35e20f90a9f3efc8754bd0b6d72cc1,True,null,0,953,1144,0,0,0,0,0,1906,8152717,9,1393,332529,62,327,0,1816,88,2,0,59,725045,1,17958,58,707087,0,0,0,0,0,0,0,0,0,0,0,0,59,725045,0,0,1101,7480996,59,725045,1,1207,0,0,0,0,0,0,0,0,0,0,0,0,0,0,1,17958,58,707087,0,0,0,0,1,234,5,2180,7,18215,25,259996,21,444420,0,0,0,0,42,412296,17,312749,0,0,0,0,0,0,0,0,0,0,0,0,0,0,0,0,0,0,0,0,0,0,0,0,0,0,0,0,0,0,0,0,0,0,0,0,0,0,0,0,0,0,0,0,59,725045,0,0,59,725045,1,17958,0,0,0,0,0,0,0,0,0,0,0,0,0,0,0,0,0,0,0,0,0,0,0,0,0,0,0,0,0,0,0,0,0,0,0,0,0,0,227969028,103272,57683968,57335808,0,13998,4096,0,0,57683968,57335808,,,,103272,227969028,103272,227969028,327,1137969,1385,1393,59,725045,58,707087,PASS,59,725045,[],1509777833,299734167
70,acknowledgement before verifier,performance-result.json#records/69,9e6f251a4c0e9a978a11e192e7b9421e82ded984,8776e505f4bea3b31716b81ce1e6d40afcd39703,d64bfa5646ba2d2716546849cc39d773762b7b400b92ce1c58e6b863bf0356d3,49a169f1c499355f776804fa69f9166918f8c036bc46e8071b94ac3d1866e08b,122f3938a58cc19de2e2717b2d1a297e3a8e35e20f90a9f3efc8754bd0b6d72cc1,12e79d23bbed24bff939000c4c84517471944d6bd057ba296aaf691dad29db13e1,True,null,0,1060,1299,0,0,0,0,0,2120,9994442,32,1425,1195791,243,2004,0,1642,476,2,0,442,4323977,154,1029428,288,3294549,0,0,0,0,133,839115,0,0,6,49804,0,0,303,3435058,0,0,1243,7607648,442,4323977,8,3250,133,839115,0,0,6,49804,0,0,0,0,0,0,4,19443,11,121066,288,3294549,0,0,0,0,11,1806,70,38320,73,182328,161,1488972,127,2612551,0,0,139,888919,223,1914998,80,1520060,0,0,0,0,0,0,0,0,0,0,0,0,0,0,0,0,0,0,0,0,0,0,0,0,0,0,0,0,0,0,0,0,0,0,0,0,0,0,0,0,0,0,0,0,303,3435058,0,0,299,3415615,11,121066,0,0,0,0,0,0,0,0,0,0,0,0,0,0,0,0,0,0,0,0,0,0,0,0,0,0,0,0,0,0,0,0,0,0,0,0,0,0,232910542,105276,58732544,58671104,0,14324,4096,0,0,58732544,58671104,,,,105276,232910542,105276,232910542,2004,4941514,1394,1425,442,4323977,288,3294549,PASS,442,4323977,[],1699892667,566605667
71,acknowledgement before verifier,performance-result.json#records/70,7135703a5ee6eb11d4cae49287d80c0252565ad1,ddd12b1cbcf79ff48b62a0bb64d4ee893cf924ce,c01612eca1208c6a121a90912bb4f5b294c47ddd92feba19fccd93cc2524e52a,0fdecc392410e08ec1983e070cef54dace41635eaeee75659dddf17dc586804f,12e79d23bbed24bff939000c4c84517471944d6bd057ba296aaf691dad29db13e1,12b85a631eadd2f3f2cddc916cf2544da923395d4db4f59b5abe49b3c82669a13c,True,null,0,680,900,0,0,0,0,0,1360,8297209,16,1441,652160,126,1256,0,898,462,0,0,288,2007159,36,195514,252,1811645,0,0,0,0,31,162141,0,0,0,0,0,0,257,1845018,0,0,680,6681864,288,2007159,0,0,31,162141,0,0,0,0,0,0,0,0,0,0,0,0,5,33373,252,1811645,0,0,0,0,1,247,66,35826,63,137461,113,940895,45,892730,0,0,31,162141,230,1351336,27,493682,0,0,0,0,0,0,0,0,0,0,0,0,0,0,0,0,0,0,0,0,0,0,0,0,0,0,0,0,0,0,0,0,0,0,0,0,0,0,0,0,0,0,0,0,257,1845018,0,0,257,1845018,5,33373,0,0,0,0,0,0,0,0,0,0,0,0,0,0,0,0,0,0,0,0,0,0,0,0,0,0,0,0,0,0,0,0,0,0,0,0,0,0,235418378,106532,59781120,59371520,0,14495,4096,0,0,59781120,59371520,,,,106532,235418378,106532,235418378,1256,2507836,1426,1441,288,2007159,252,1811645,PASS,288,2007159,[],1280936750,358114459
72,acknowledgement before verifier,performance-result.json#records/71,1010291fe6cd764deff8e5e3056bb57f94c3fa4f,8e139d4b786101f284a5b41e843c276d381b1416,49c432707cbbd9d80d8372f51df010fd4eea24a1e73c21c4874e73ed675cf2e3,3e89c392ac1a208e763ecc73fd67be8371fd973ff58fe212757b370ff5d24b6e,12b85a631eadd2f3f2cddc916cf2544da923395d4db4f59b5abe49b3c82669a13c,12c7c89fe308321771e7efbce89f220b084f2d4fa65a6fd3162c02d54670a07636,True,null,0,1214,1472,0,0,0,0,0,2428,11371966,8,1449,400144,62,444,0,2388,34,6,0,62,610448,32,140326,30,470122,0,0,0,0,31,123136,0,0,0,0,0,0,31,487312,0,0,1503,11178891,62,610448,11,129069,31,123136,0,0,0,0,0,0,0,0,0,0,0,0,1,17190,30,470122,0,0,0,0,0,0,11,5416,13,27416,17,140221,21,437395,0,0,31,123136,16,197263,13,247764,2,42285,0,0,0,0,0,0,0,0,0,0,0,0,0,0,0,0,0,0,0,0,0,0,0,0,0,0,0,0,0,0,0,0,0,0,0,0,0,0,0,0,0,0,31,487312,0,0,31,487312,1,17190,0,0,0,0,0,0,0,0,0,0,0,0,0,0,0,0,0,0,0,0,0,0,0,0,0,0,0,0,0,0,0,0,0,0,0,0,0,0,236452829,106976,60829696,59797504,0,14599,4096,0,0,60829696,59797504,,,,106976,236452829,106976,236452829,444,1034451,1442,1449,62,610448,30,470122,PASS,62,610448,[],1758998916,348541000
73,acknowledgement before verifier,performance-result.json#records/72,99db7e8fc3f8ef566137a3f28cbbe0433d7c19f7,dc61e1fbdc0685555c48177e1e37197b23913ca1,028cc3bdae4971ef662e0a45519b2ce1554454409e069ef93d1c7ce34ae237c5,cae07737bb0840458b4bf0709ceb3a6a81a80568a057e4af2e4e30665511f438,12c7c89fe308321771e7efbce89f220b084f2d4fa65a6fd3162c02d54670a07636,12addfb03bbd5063d715f37f0882a504af2fc1f0134b24ad840de91369e1b6d979,True,null,0,1490,1823,0,0,0,0,0,2980,14558783,31,1480,1312929,246,2473,0,2422,554,4,0,497,4247235,181,1133248,316,3113987,0,0,0,0,159,897290,0,0,5,7491,0,0,333,3342454,0,0,1926,13316142,497,4247235,16,63596,159,897290,0,0,5,7491,0,0,0,0,0,0,0,0,17,228467,316,3113987,0,0,0,0,5,813,87,49988,100,243742,192,1640308,113,2312384,0,0,164,904781,275,2180279,54,1064190,4,97985,0,0,0,0,0,0,0,0,0,0,0,0,0,0,0,0,0,0,0,0,0,0,0,0,0,0,0,0,0,0,0,0,0,0,0,0,0,0,0,0,0,0,333,3342454,0,0,333,3342454,17,228467,0,0,0,0,0,0,0,0,0,0,0,0,0,0,0,0,0,0,0,0,0,0,0,0,0,0,0,0,0,0,0,0,0,0,0,0,0,0,241376816,109449,61878272,61300736,0,14966,4096,0,0,61878272,61300736,,,,109449,241376816,109449,241376816,2473,4923987,1450,1480,497,4247235,316,3113987,PASS,497,4247235,[],2347870375,700615042
74,acknowledgement before verifier,performance-result.json#records/73,4e9916b3e54e6727b8ecb08c12de6667a45abf08,9d5eda900751fde493dbd9080bae1d958d42b011,3b96a12dee10f2dd7fc5d005942d6226661e8e4fbd290975b8b2989313bee7eb,15f796498058129701457949d470a799df374e226a23dd104fb12af55277e56a,12addfb03bbd5063d715f37f0882a504af2fc1f0134b24ad840de91369e1b6d979,12c10fd1d9f48d5a76fe94a8b126ddaceeb7b0ca8d4481e9b78e60a0ccd1525a13,True,null,0,1205,1444,0,0,0,0,0,2410,10562796,16,1496,642843,119,918,0,2230,176,4,0,186,1787336,59,244494,127,1542842,0,0,0,0,54,195720,0,0,0,0,0,0,132,1591616,0,0,1410,9423361,186,1787336,2,1823,54,195720,0,0,0,0,0,0,0,0,0,0,1,150,4,48624,127,1542842,0,0,0,0,1,150,21,11714,48,111089,64,578030,52,1086353,0,0,54,195720,91,794361,39,750336,2,46919,0,0,0,0,0,0,0,0,0,0,0,0,0,0,0,0,0,0,0,0,0,0,0,0,0,0,0,0,0,0,0,0,0,0,0,0,0,0,0,0,0,0,132,1591616,0,0,131,1591466,4,48624,0,0,0,0,0,0,0,0,0,0,0,0,0,0,0,0,0,0,0,0,0,0,0,0,0,0,0,0,0,0,0,0,0,0,0,0,0,0,243654237,110367,62926848,61997056,0,15136,4096,0,0,62926848,61997056,,,,110367,243654237,110367,243654237,918,2277421,1481,1496,186,1787336,127,1542842,PASS,186,1787336,[],1814572958,390439209
75,acknowledgement before verifier,performance-result.json#records/74,52c997d01d491c6ce6067678b2e8a0a92ed62290,ba9aaf4500ef23149c3868af1c282dd3f8672e53,93c7ce3613e3b462dd1b93518136cfb4599a55e74a57d54a3ec725ad01efc24d,359d0ea8d2d79547965b16723a56552f98ab5dc74feb193badee0cb12c7bcecc,12c10fd1d9f48d5a76fe94a8b126ddaceeb7b0ca8d4481e9b78e60a0ccd1525a13,12d015030f5250d3eb1c24186e3824f0a48b50260f097fe88457570b6537a2c43c,True,null,0,1430,1730,0,0,0,0,0,2860,13313319,41,1537,1468500,315,3072,0,1968,890,2,0,687,5808245,179,1047126,508,4761119,0,0,0,0,152,821163,0,0,10,53639,0,0,525,4933443,0,0,1586,10362218,687,5808245,14,62227,152,821163,0,0,10,53639,0,0,0,0,0,0,0,0,17,172324,508,4761119,0,0,0,0,2,390,83,44275,159,420801,314,2660785,129,2681994,0,0,162,874802,432,3101896,90,1761782,3,69765,0,0,0,0,0,0,0,0,0,0,0,0,0,0,0,0,0,0,0,0,0,0,0,0,0,0,0,0,0,0,0,0,0,0,0,0,0,0,0,0,0,0,525,4933443,0,0,525,4933443,17,172324,0,0,0,0,0,0,0,0,0,0,0,0,0,0,0,0,0,0,0,0,0,0,0,0,0,0,0,0,0,0,0,0,0,0,0,0,0,0,250189897,113439,63975424,63627264,0,15534,4096,0,0,63975424,63627264,,,,113439,250189897,113439,250189897,3072,6535660,1497,1537,687,5808245,508,4761119,PASS,687,5808245,[],2160821000,703228291
76,acknowledgement before verifier,performance-result.json#records/75,8de47601415517df190187c420ae2b528d470e77,cedf2fa35fb6d85bdcf358c756423761c4ce00a9,4a1e1cadb10c4cbdc1bd8afbd17c303711f1dcab4752602b722928a8a94e4d45,46e41e6d7dbb4e9c4703fd222365ee7c6e8335c87fd5fc0a7b3cdd5f31527c1e,12d015030f5250d3eb1c24186e3824f0a48b50260f097fe88457570b6537a2c43c,129159db10618b661cc4c1ad1bb3a3e4ee510344bae742bfd8c39e665c559e71a3,True,null,0,1642,1941,0,0,0,0,0,3284,14356850,7,1544,417053,53,410,0,3200,76,8,0,53,485589,8,48239,45,437350,0,0,0,0,5,31009,0,0,2,16398,0,0,46,438182,0,0,1973,14300071,53,485589,12,129573,5,31009,0,0,2,16398,0,0,0,0,0,0,1,832,0,0,45,437350,0,0,0,0,0,0,5,2775,7,20088,32,294995,9,167731,0,0,7,47407,36,275601,10,162581,0,0,0,0,0,0,0,0,0,0,0,0,0,0,0,0,0,0,0,0,0,0,0,0,0,0,0,0,0,0,0,0,0,0,0,0,0,0,0,0,0,0,0,0,46,438182,0,0,45,437350,0,0,0,0,0,0,0,0,0,0,0,0,0,0,0,0,0,0,0,0,0,0,0,0,0,0,0,0,0,0,0,0,0,0,0,0,0,0,0,0,251107596,113849,65024000,64053248,0,15638,4096,0,0,65024000,64053248,,,,113849,251107596,113849,251107596,410,917699,1538,1544,53,485589,45,437350,PASS,53,485589,[],2489485917,376581375
77,acknowledgement before verifier,performance-result.json#records/76,5b9c088fb7e423bb241a35a39c9f527324d233ca,876b027429cd08f9c0281fd363094130a270a619,923cd71741434efa37dce13535329acd4c79b24d082c14b1df29531c852c2843,a2bdfb26050740a471c4ceaa44a2229c3de4a103e354588aab256435ad43bc9e,129159db10618b661cc4c1ad1bb3a3e4ee510344bae742bfd8c39e665c559e71a3,12f84375dea87bdf37a644ac6072c2f926ef9e1ce1fe8532c36d8d1f44bd0e265c,True,null,0,1546,1881,0,0,0,0,0,3092,14988644,13,1557,618269,103,988,0,2972,116,4,0,98,1299185,18,227111,80,1072074,0,0,0,0,13,132608,0,0,1,18777,0,0,84,1147800,0,0,2384,16671591,98,1299185,15,61145,13,132608,0,0,1,18777,0,0,0,0,0,0,0,0,4,75726,80,1072074,0,0,0,0,0,0,14,7187,6,13008,36,359415,42,919575,0,0,14,151385,56,565302,26,536976,2,45522,0,0,0,0,0,0,0,0,0,0,0,0,0,0,0,0,0,0,0,0,0,0,0,0,0,0,0,0,0,0,0,0,0,0,0,0,0,0,0,0,0,0,84,1147800,0,0,84,1147800,4,75726,0,0,0,0,0,0,0,0,0,0,0,0,0,0,0,0,0,0,0,0,0,0,0,0,0,0,0,0,0,0,0,0,0,0,0,0,0,0,252978267,114837,65024000,64753664,0,15809,4096,0,0,65024000,64753664,,,,114837,252978267,114837,252978267,988,1870671,1545,1557,98,1299185,80,1072074,PASS,98,1299185,[],2730488625,506716292
78,acknowledgement before verifier,performance-result.json#records/77,c14948c531dac2ddc19fb4aa6f7a55771bc4c0e4,e636ce7fb741f3bddeedffed42011ee572bc0c53,e4c199e9c142248f7130463dd7f6cb29d97912d11ef0f291a05c26363dd1142e,4fd8aedc7758838020ef9c7a88358cfbc1722387d2dcd9afab666a43553992fe,12f84375dea87bdf37a644ac6072c2f926ef9e1ce1fe8532c36d8d1f44bd0e265c,128d519b3beefdca4bf8e4ca03d662e2b7593ff1d5d07d8ad4c90e440a94c8e52f,True,null,0,217,360,0,0,0,0,0,434,4285725,12,1569,569556,99,517,0,322,112,0,0,101,1291891,23,190583,78,1101308,0,0,0,0,21,155982,0,0,0,0,0,0,80,1135909,0,0,346,3362481,101,1291891,1,2451,21,155982,0,0,0,0,0,0,0,0,0,0,0,0,2,34601,78,1101308,0,0,0,0,0,0,11,4992,8,20837,40,359756,42,906306,0,0,21,155982,53,557672,27,578237,0,0,0,0,0,0,0,0,0,0,0,0,0,0,0,0,0,0,0,0,0,0,0,0,0,0,0,0,0,0,0,0,0,0,0,0,0,0,0,0,0,0,0,0,80,1135909,0,0,80,1135909,2,34601,0,0,0,0,0,0,0,0,0,0,0,0,0,0,0,0,0,0,0,0,0,0,0,0,0,0,0,0,0,0,0,0,0,0,0,0,0,0,254750193,115354,66072576,65347584,0,15954,4096,0,0,66072576,65347584,,,,115354,254750193,115354,254750193,517,1771926,1558,1569,101,1291891,78,1101308,PASS,101,1291891,[],723181625,211460375
79,acknowledgement before verifier,performance-result.json#records/78,8752e1f9e966ee48f981db1228a7d86b31d1f85e,b4415bf96cacdc4ac7d4a4700b3fef11b63d855e,dbb21dae08cdf5e95f6cc33ef73057e6c1b7048a82946cd4e4970818d5aafd3c,569f74436a5c79e912812ea3db330464c2f303e7ca53c0da1d6906708e2f0428,128d519b3beefdca4bf8e4ca03d662e2b7593ff1d5d07d8ad4c90e440a94c8e52f,12d39b51a2aff6f4925ff522d750f646b0568950240ac515200dbfe6ccb9156766,True,null,0,139,242,0,0,0,0,0,278,3102659,7,1576,240257,57,220,0,232,46,0,0,37,579202,5,40977,32,538225,0,0,0,0,5,40977,0,0,0,0,0,0,32,538225,0,0,210,2564434,37,579202,0,0,5,40977,0,0,0,0,0,0,0,0,0,0,0,0,0,0,32,538225,0,0,0,0,0,0,4,1901,0,0,16,188237,17,389064,0,0,5,40977,22,324721,10,213504,0,0,0,0,0,0,0,0,0,0,0,0,0,0,0,0,0,0,0,0,0,0,0,0,0,0,0,0,0,0,0,0,0,0,0,0,0,0,0,0,0,0,0,0,32,538225,0,0,32,538225,0,0,0,0,0,0,0,0,0,0,0,0,0,0,0,0,0,0,0,0,0,0,0,0,0,0,0,0,0,0,0,0,0,0,0,0,0,0,0,0,255715324,115574,66072576,65605632,0,16017,4096,0,0,66072576,65605632,,,,115574,255715324,115574,255715324,220,965131,1570,1576,37,579202,32,538225,PASS,37,579202,[],697746291,170576208
80,acknowledgement before verifier,performance-result.json#records/79,a285e292c8dadc02124b02149ab2564d4f3a7872,4e39466d774933903f29781fe89065ca664b2a9b,1f04706b6ea8e2ba0f0bae75c5a55eef5bcf189b5c558cd4240e61c28e90b9f0,42db6d15d6371cd8da92ad16b1c6915d2c0090bf98044ec1e0d3771cf878cf45,12d39b51a2aff6f4925ff522d750f646b0568950240ac515200dbfe6ccb9156766,12a8f41c4c8c5b704b8c5beae3a9329c1baf6d6448fdbface91a83a6ef56657070,True,null,0,919,1179,0,0,0,0,0,1838,10762323,51,1627,2051763,426,3745,0,548,1286,4,0,940,8001580,243,1320499,697,6681081,0,0,0,0,170,815432,0,0,19,49149,0,0,751,7136999,0,0,533,4014852,940,8001580,4,56877,170,815432,0,0,19,49149,0,0,0,0,0,0,2,16606,52,439312,697,6681081,0,0,0,0,12,1583,140,79780,194,525989,403,3510104,191,3884124,0,0,189,864581,619,4570739,130,2515453,2,50807,0,0,0,0,0,0,0,0,0,0,0,0,0,0,0,0,0,0,0,0,0,0,0,0,0,0,0,0,0,0,0,0,0,0,0,0,0,0,0,0,0,0,751,7136999,0,0,749,7120393,52,439312,0,0,0,0,0,0,0,0,0,0,0,0,0,0,0,0,0,0,0,0,0,0,0,0,0,0,0,0,0,0,0,0,0,0,0,0,0,0,264484127,119319,83898368,67903488,0,16578,4096,0,0,83898368,67903488,,,,119319,264484127,119319,264484127,3745,8768803,1577,1627,940,8001580,697,6681081,PASS,940,8001580,[],1603039291,775764792
81,acknowledgement before verifier,performance-result.json#records/80,c77f889a2a0ee25241bec763f9f3a7d8b88adcdc,413581e7bb9f2cf8d37786dde79ca9b1823921c6,1a7afd722b70aa344208689f6d22d665b8ad648242c78e82cf1bcdb31e027c7d,00dd68cb67753661b88176dfd91d200d0dd5dc94fc89639a1befe718eb13d775,12a8f41c4c8c5b704b8c5beae3a9329c1baf6d6448fdbface91a83a6ef56657070,1295c2152f9dd626c98c6178206927fe2e72109bcbcdf6137af7e1c58e1318853f,True,null,0,338,472,0,0,0,0,0,676,4921532,36,1663,1529348,282,1865,0,18,656,2,0,512,5166299,157,1899479,355,3266820,0,0,0,0,126,1591119,0,0,3,9011,0,0,383,3566169,0,0,83,1289968,512,5166299,3,56384,126,1591119,0,0,3,9011,0,0,0,0,0,0,0,0,28,299349,355,3266820,0,0,0,0,1,185,51,28618,93,217656,228,2086527,139,2833313,0,0,129,1600130,329,2563521,52,958053,2,44595,0,0,0,0,0,0,0,0,0,0,0,0,0,0,0,0,0,0,0,0,0,0,0,0,0,0,0,0,0,0,0,0,0,0,0,0,0,0,0,0,0,0,383,3566169,0,0,383,3566169,28,299349,0,0,0,0,0,0,0,0,0,0,0,0,0,0,0,0,0,0,0,0,0,0,0,0,0,0,0,0,0,0,0,0,0,0,0,0,0,0,270235111,121184,83898368,69562368,0,16983,4096,0,0,83898368,69562368,,,,121184,270235111,121184,270235111,1865,5750984,1628,1663,512,5166299,355,3266820,PASS,512,5166299,[],1005283875,392089209
82,acknowledgement before verifier,performance-result.json#records/81,25ad9015e3aa1db1a83ca47418ca75e156dbb10a,9c5f13df47c86e39f32474510e6a349cfbba3745,2bde7b006ff1bc02d9fc6d49d74f4c83216ab628b6eb872d4915931d48fae020,0ef4d8c14d9f8ba8fd4985d114e7f97b3940257b338bbcb66b4297cae9f0f9e9,1295c2152f9dd626c98c6178206927fe2e72109bcbcdf6137af7e1c58e1318853f,12b9628c07605b4c32cc6b0025875f192161e860a01ae86892dfcf3c08146018a2,True,null,0,1015,1268,0,0,0,0,0,2030,10881243,16,1679,645500,134,772,0,1756,272,2,0,183,2088984,23,140239,160,1948745,0,0,0,0,17,107562,0,0,0,0,0,0,166,1981422,0,0,1100,8854664,183,2088984,3,48314,17,107562,0,0,0,0,0,0,0,0,0,0,1,1730,5,30947,160,1948745,0,0,0,0,0,0,22,11316,22,53741,80,807436,59,1216491,0,0,17,107562,123,1151630,41,788691,2,41101,0,0,0,0,0,0,0,0,0,0,0,0,0,0,0,0,0,0,0,0,0,0,0,0,0,0,0,0,0,0,0,0,0,0,0,0,0,0,0,0,0,0,166,1981422,0,0,165,1979692,5,30947,0,0,0,0,0,0,0,0,0,0,0,0,0,0,0,0,0,0,0,0,0,0,0,0,0,0,0,0,0,0,0,0,0,0,0,0,0,0,272782467,121956,83898368,70270976,0,17156,4096,0,0,83898368,70270976,,,,121956,272782467,121956,272782467,772,2547356,1664,1679,183,2088984,160,1948745,PASS,183,2088984,[],1682514542,373186000
83,acknowledgement before verifier,performance-result.json#records/82,094f1976c4d02e8fd9e4301cafde589155131656,465d69590a8c26e9264a9860b65ee7564f428e2b,3e624b13080c5c663652b14f6b46b9fac81310e62585cfc3c72b4e6fe86bc489,ce48c4f4a6c80454fa403b0590d0acbc5b5b5307007c8fdc19c2b9e68ab29b11,12b9628c07605b4c32cc6b0025875f192161e860a01ae86892dfcf3c08146018a2,12f1241f99c9fca6c2b3dc73e27f427c592582ffe506d8de1d0b1fb5b0369a7000,True,null,0,867,1112,0,0,0,0,0,1734,10197917,16,1695,593638,134,923,0,1500,232,2,0,166,1816349,22,183791,144,1632558,0,0,0,0,16,88279,0,0,3,24446,0,0,147,1703624,0,0,1183,9344593,166,1816349,3,48426,16,88279,0,0,3,24446,0,0,0,0,0,0,0,0,3,71066,144,1632558,0,0,0,0,1,89,27,16967,25,56747,53,498795,60,1243751,0,0,19,112725,106,872132,39,787569,2,43923,0,0,0,0,0,0,0,0,0,0,0,0,0,0,0,0,0,0,0,0,0,0,0,0,0,0,0,0,0,0,0,0,0,0,0,0,0,0,0,0,0,0,147,1703624,0,0,147,1703624,3,71066,0,0,0,0,0,0,0,0,0,0,0,0,0,0,0,0,0,0,0,0,0,0,0,0,0,0,0,0,0,0,0,0,0,0,0,0,0,0,275156222,122879,83898368,70905856,0,17311,4096,0,0,83898368,70905856,,,,122879,275156222,122879,275156222,923,2373755,1680,1695,166,1816349,144,1632558,PASS,166,1816349,[],1544251625,398120500
84,acknowledgement before verifier,performance-result.json#records/83,0664b25cd955aa8b4f5a80bc29ca4c872ba4802e,b173340ca4b59bc685b5f57a0787cd7016b997ea,60f5764beb54f76c698ab18db451294ba2f36ab0339475499cc8dcb4cb7a52c4,61e6deebfa8656c9d571c8e1f02f4d96e9cbd46fca09e655f99ac3c6448e06ff,12f1241f99c9fca6c2b3dc73e27f427c592582ffe506d8de1d0b1fb5b0369a7000,128237963898335b5c4b2043621bf61ce544ca3384747aab07ac300a9ca78bc17d,True,null,0,795,1041,0,0,0,0,0,1590,10128345,37,1732,1511745,295,2511,0,838,750,2,0,608,5254383,178,985807,430,4268576,0,0,0,0,148,634867,0,0,8,25264,0,0,452,4594252,0,0,757,7352558,608,5254383,3,56384,148,634867,0,0,8,25264,0,0,0,0,0,0,0,0,22,325676,430,4268576,0,0,0,0,2,314,118,65476,97,253685,263,2274925,128,2659983,0,0,156,660131,364,2813770,82,1628807,6,151675,0,0,0,0,0,0,0,0,0,0,0,0,0,0,0,0,0,0,0,0,0,0,0,0,0,0,0,0,0,0,0,0,0,0,0,0,0,0,0,0,0,0,452,4594252,0,0,452,4594252,22,325676,0,0,0,0,0,0,0,0,0,0,0,0,0,0,0,0,0,0,0,0,0,0,0,0,0,0,0,0,0,0,0,0,0,0,0,0,0,0,281094243,125390,83898368,72540160,0,17710,4096,0,0,83898368,72540160,,,,125390,281094243,125390,281094243,2511,5938021,1696,1732,608,5254383,430,4268576,PASS,608,5254383,[],1626256417,604089125
85,acknowledgement before verifier,performance-result.json#records/84,b94d2f9c1d80f35d051d05c831278ffb50974c14,d2fe7dad4b0834f05c0b55f7566b78fe327321ae,4badcceec003d18bcd3b09446a3dcb0203d1f8f71a2ef9a662d9d3e3851bcb70,af95eae2d4a0bc15a93a348444c1ddb0d32f9e5de2a92919421bb12f38d04650,128237963898335b5c4b2043621bf61ce544ca3384747aab07ac300a9ca78bc17d,12fa05099bd141c1e54371944cb795170d61d57cba595d8719fbb755b237ea64ab,True,null,0,406,635,0,0,0,0,0,812,7259522,40,1772,1419234,330,2278,0,34,776,2,0,608,6189216,142,1005873,466,5183343,0,0,0,0,111,725719,0,0,9,45650,0,0,488,5417847,0,0,130,1695205,608,6189216,14,160851,111,725719,0,0,9,45650,0,0,0,0,0,0,0,0,22,234504,466,5183343,0,0,0,0,4,841,82,44478,94,242145,255,2395396,173,3506356,0,0,120,771369,354,2914995,131,2423530,3,79322,0,0,0,0,0,0,0,0,0,0,0,0,0,0,0,0,0,0,0,0,0,0,0,0,0,0,0,0,0,0,0,0,0,0,0,0,0,0,0,0,0,0,488,5417847,0,0,488,5417847,22,234504,0,0,0,0,0,0,0,0,0,0,0,0,0,0,0,0,0,0,0,0,0,0,0,0,0,0,0,0,0,0,0,0,0,0,0,0,0,0,287929389,127668,83898368,74100736,0,18091,4096,0,0,83898368,74100736,,,,127668,287929389,127668,287929389,2278,6835146,1733,1772,608,6189216,466,5183343,PASS,608,6189216,[],1083406416,608012333
86,acknowledgement before verifier,performance-result.json#records/85,233ea50104a52d7c212322828cefdc873f8ef9f2,115fa0d2715d3036d1177c356a47d1183738c883,be2eedf2eb3a12e3f5c448864db0ecb5f58fd67eddf925e2df6769822f6c986f,2b01beb3dc1623ee05dbc3eb97635426b2e6725733079671c397c3bed15159a5,12fa05099bd141c1e54371944cb795170d61d57cba595d8719fbb755b237ea64ab,12a6a093c2b72663eff8ac648782173133bca35127a636aa60df2225874e1e1d3d,True,null,0,199,328,0,0,0,0,0,398,4118486,20,1792,789916,165,1057,0,26,372,0,0,268,2847113,42,252293,226,2594820,0,0,0,0,27,80979,0,0,3,10382,0,0,238,2755752,0,0,87,1352352,268,2847113,0,0,27,80979,0,0,3,10382,0,0,0,0,0,0,0,0,12,160932,226,2594820,0,0,0,0,3,555,39,21102,42,107943,101,1009765,83,1707748,0,0,30,91361,188,1845831,49,892999,1,16922,0,0,0,0,0,0,0,0,0,0,0,0,0,0,0,0,0,0,0,0,0,0,0,0,0,0,0,0,0,0,0,0,0,0,0,0,0,0,0,0,0,0,238,2755752,0,0,238,2755752,12,160932,0,0,0,0,0,0,0,0,0,0,0,0,0,0,0,0,0,0,0,0,0,0,0,0,0,0,0,0,0,0,0,0,0,0,0,0,0,0,291285186,128725,83898368,74964992,0,18302,4096,0,0,83898368,74964992,,,,128725,291285186,128725,291285186,1057,3355797,1773,1792,268,2847113,226,2594820,PASS,268,2847113,[],840000167,313228000
87,acknowledgement before verifier,performance-result.json#records/86,9eee7cb4620ace2c6ca0b513ea7f07b87142f9ed,4be68ba6e01c814f2e55bfda6766ef87946833b4,9198a72466a87412a94e43a07bab9856b855e679663f85dadb6f6a3d96a51fb1,347140f41719eafd14c130ce3f0d008a8ca3f7bb99deb9c6c0878504cbf33f0b,12a6a093c2b72663eff8ac648782173133bca35127a636aa60df2225874e1e1d3d,126e8a09e79393c1c330c04adb870c26d771c07a4d0475869a40e03c0d54ea20ea,True,null,0,1398,1713,0,0,0,0,0,2796,14054816,8,1800,327401,59,353,0,2706,86,4,0,52,556061,0,0,52,556061,0,0,0,0,0,0,0,0,0,0,0,0,52,556061,0,0,1708,13720757,52,556061,8,92823,0,0,0,0,0,0,0,0,0,0,0,0,0,0,0,0,52,556061,0,0,0,0,0,0,8,3778,6,17812,24,233441,14,301030,0,0,0,0,41,340333,10,191444,1,24284,0,0,0,0,0,0,0,0,0,0,0,0,0,0,0,0,0,0,0,0,0,0,0,0,0,0,0,0,0,0,0,0,0,0,0,0,0,0,0,0,0,0,52,556061,0,0,52,556061,0,0,0,0,0,0,0,0,0,0,0,0,0,0,0,0,0,0,0,0,0,0,0,0,0,0,0,0,0,0,0,0,0,0,0,0,0,0,0,0,292277630,129078,83898368,75317248,0,18388,4096,0,0,83898368,75317248,,,,129078,292277630,129078,292277630,353,992444,1793,1800,52,556061,52,556061,PASS,52,556061,[],1998978792,363595917
88,acknowledgement before verifier,performance-result.json#records/87,7248b5ec8f8769f882f12fd521504fa48e97bcf3,c4dca1754382f6a4d86c1762effb8bf18db30bc7,dbc90eff83c1a1b50ac73266157de46ee91b509dee921b989c1643178de66c55,fff2490af920dda49227f47988ff1ae666ee74ab1a77a6136f3222f25e198cb4,126e8a09e79393c1c330c04adb870c26d771c07a4d0475869a40e03c0d54ea20ea,129e52b9388f0f2eba957d5e6d1f70f39e9ba621e14c615980e76eadb8edf74e59,True,null,0,1443,1840,0,0,0,0,0,2886,16427871,27,1827,1371718,217,2156,0,2450,430,6,0,422,3621223,189,1247237,233,2373986,0,0,0,0,137,623983,0,0,15,168990,0,0,270,2828250,0,0,2312,17937410,422,3621223,17,172492,137,623983,0,0,15,168990,0,0,0,0,0,0,0,0,37,454264,233,2373986,0,0,0,0,4,702,73,42774,93,246131,154,1359069,98,1972547,0,0,152,792973,217,1790775,48,909080,5,128395,0,0,0,0,0,0,0,0,0,0,0,0,0,0,0,0,0,0,0,0,0,0,0,0,0,0,0,0,0,0,0,0,0,0,0,0,0,0,0,0,0,0,270,2828250,0,0,270,2828250,37,454264,0,0,0,0,0,0,0,0,0,0,0,0,0,0,0,0,0,0,0,0,0,0,0,0,0,0,0,0,0,0,0,0,0,0,0,0,0,0,296645364,131234,83898368,76816384,0,18754,4096,0,0,83898368,76816384,,,,131234,296645364,131234,296645364,2156,4367734,1801,1827,422,3621223,233,2373986,PASS,422,3621223,[],2605881625,747988959
89,acknowledgement before verifier,performance-result.json#records/88,22c872097db5ebd334f2439e1a29c4b086004459,3df3c5484a23c582737628f43541ec487f44fec6,7ccff33e67123f5e14b9c168343656b4a68e6f5946cbdd1194c5a976ab129dff,13d53a3ad5cdd1f7add6a9f65595146426f347d09fd3f79646e378e33b3963dd,129e52b9388f0f2eba957d5e6d1f70f39e9ba621e14c615980e76eadb8edf74e59,1206fa9611db4e4333d607d37777c5287e68b95dedfd1bcd5e860038444cc7a46b,True,null,0,599,861,0,0,0,0,0,1198,9176769,11,1838,426966,83,511,0,1114,82,2,0,99,930893,48,257798,51,673095,0,0,0,0,43,189059,0,0,0,0,0,0,56,741834,0,0,802,8348983,99,930893,7,92319,43,189059,0,0,0,0,0,0,0,0,0,0,0,0,5,68739,51,673095,0,0,0,0,0,0,14,8261,23,53186,35,305813,27,563633,0,0,43,189059,38,356038,16,346801,2,38995,0,0,0,0,0,0,0,0,0,0,0,0,0,0,0,0,0,0,0,0,0,0,0,0,0,0,0,0,0,0,0,0,0,0,0,0,0,0,0,0,0,0,56,741834,0,0,56,741834,5,68739,0,0,0,0,0,0,0,0,0,0,0,0,0,0,0,0,0,0,0,0,0,0,0,0,0,0,0,0,0,0,0,0,0,0,0,0,0,0,298091954,131745,83898368,77266944,0,18864,4096,0,0,83898368,77266944,,,,131745,298091954,131745,298091954,511,1446590,1828,1838,99,930893,51,673095,PASS,99,930893,[],1232942792,266986709
90,acknowledgement before verifier,performance-result.json#records/89,293fac94214c52c9c7aefeb3f592fcf3de7bc0ed,9d46c455e991d7bc9d636c3e41130fb4fa87e334,cd704e34afcc6060ac56802e6ca5e8fd82b99d057f80f3f0398c1a64d9c8d086,d29f765d714ec3dbcd68e49f1049fc99d261658416ecb163d5bc6abe7dae7451,1206fa9611db4e4333d607d37777c5287e68b95dedfd1bcd5e860038444cc7a46b,122384784bd467b8dc7cff959c821058e30860d639083680bc4db591665a6224cb,True,null,0,726,1011,0,0,0,0,0,1452,10303223,24,1862,1041462,186,1723,0,1018,432,2,0,398,3075292,142,585603,256,2489689,0,0,0,0,130,493751,0,0,5,25091,0,0,263,2556450,0,0,918,8562586,398,3075292,14,160851,130,493751,0,0,5,25091,0,0,0,0,0,0,0,0,7,66761,256,2489689,0,0,0,0,2,421,88,46429,75,202288,166,1369332,67,1456822,0,0,135,518842,214,1584648,47,932313,2,39489,0,0,0,0,0,0,0,0,0,0,0,0,0,0,0,0,0,0,0,0,0,0,0,0,0,0,0,0,0,0,0,0,0,0,0,0,0,0,0,0,0,0,263,2556450,0,0,263,2556450,7,66761,0,0,0,0,0,0,0,0,0,0,0,0,0,0,0,0,0,0,0,0,0,0,0,0,0,0,0,0,0,0,0,0,0,0,0,0,0,0,301828814,133468,83898368,78409728,0,19143,4096,0,0,83898368,78409728,,,,133468,301828814,133468,301828814,1723,3736860,1839,1862,398,3075292,256,2489689,PASS,398,3075292,[],1475498083,431291083
91,acknowledgement before verifier,performance-result.json#records/90,81ac6db785e653c757b91a0c36c9bcc50f5c85f2,be99d3bed06f70a9a1a74d0d27a7aefab78e0733,bdddeeca702b7acffe95b1930943230621ad642fa9cdd232dbe07e1035caf8c0,dc84179d7f8102462ebd9eb38348b9bfb8b6007f9237adc5b8f1d10ca67d060b,122384784bd467b8dc7cff959c821058e30860d639083680bc4db591665a6224cb,128ba4598a4efa4a765518b59bd7ab6c023e44dffc1cd84c056747d63131aaea88,True,null,0,1082,1366,0,0,0,0,0,2164,11930226,58,1920,1862962,489,4134,0,482,1682,0,0,1079,9292160,129,1132409,950,8159751,0,0,0,0,85,680551,0,0,1,3294,0,0,993,8608315,0,0,577,4189702,1079,9292160,10,67392,85,680551,0,0,1,3294,0,0,0,0,0,0,5,1338,38,447226,950,8159751,0,0,0,0,5,502,291,158531,111,317888,417,3728202,255,5087037,0,0,86,683845,821,5563841,167,2944083,5,100391,0,0,0,0,0,0,0,0,0,0,0,0,0,0,0,0,0,0,0,0,0,0,0,0,0,0,0,0,0,0,0,0,0,0,0,0,0,0,0,0,0,0,993,8608315,0,0,988,8606977,38,447226,0,0,0,0,0,0,0,0,0,0,0,0,0,0,0,0,0,0,0,0,0,0,0,0,0,0,0,0,0,0,0,0,0,0,0,0,0,0,311947096,137602,83898368,80572416,0,19671,4096,0,0,83898368,80572416,,,,137602,311947096,137602,311947096,4134,10118282,1863,1920,1079,9292160,950,8159751,PASS,1079,9292160,[],1864236917,837811459
92,acknowledgement before verifier,performance-result.json#records/91,85a52dbe7828aceb727124ae0d5547020076d33d,18c69aa1ca01065a9a168e5a69dfe12a33d2f965,e1eae5cb4e85dad22242475bae4272a84d20ef8fc93059dd99e0ffe511819c40,2b639f2626511ae1fc8cdd13e58b399be4919223a8668bb058f9fc9972a280ef,128ba4598a4efa4a765518b59bd7ab6c023e44dffc1cd84c056747d63131aaea88,12d292727a1a006f9c3f9fc5a846a4136912ab66f1c560ea036beb8dafa7a27c43,True,null,0,2337,2709,0,0,0,0,0,4674,18374445,79,1999,2474184,555,8032,0,1134,3538,2,0,2024,10917319,144,681665,1880,10235654,0,0,0,0,124,599812,0,0,9,21197,0,0,1891,10296310,0,0,968,8547372,2024,10917319,6,63901,124,599812,0,0,9,21197,0,0,0,0,0,0,6,4639,5,56017,1880,10235654,0,0,0,0,5,881,668,365693,472,1062122,691,5672410,188,3816213,0,0,133,621009,1755,7728695,131,2467158,5,100457,0,0,0,0,0,0,0,0,0,0,0,0,0,0,0,0,0,0,0,0,0,0,0,0,0,0,0,0,0,0,0,0,0,0,0,0,0,0,0,0,0,0,1891,10296310,0,0,1885,10291671,5,56017,0,0,0,0,0,0,0,0,0,0,0,0,0,0,0,0,0,0,0,0,0,0,0,0,0,0,0,0,0,0,0,0,0,0,0,0,0,0,323991972,145634,83898368,83509248,0,20388,4096,0,0,83898368,83509248,,,,145634,323991972,145634,323991972,8032,12044876,1921,1999,2024,10917319,1880,10235654,PASS,2024,10917319,[],2958083125,1132939083
93,acknowledgement before verifier,performance-result.json#records/92,4c80cab108166d47f2729c22dcb9298179194361,a279e83b6d1f42f287704d1919f98d23e5f6a1c9,16f42bf07b28e7b70f3541ab41e275480d29a73ce445b620b584d87381d1fce1,21e4d42ac4c08816781e85797148962b6a02cd96cfee658949753856ffb67700,12d292727a1a006f9c3f9fc5a846a4136912ab66f1c560ea036beb8dafa7a27c43,123321b53062be85713d442b8673876b377a73b3cb378d769b60721d2953024b09,True,null,0,57,115,0,0,0,0,0,114,1695281,8,2007,290641,61,335,0,22,92,0,0,67,729073,17,139388,50,589685,0,0,0,0,15,108534,0,0,0,0,0,0,52,620539,0,0,63,1074742,67,729073,0,0,15,108534,0,0,0,0,0,0,0,0,0,0,0,0,2,30854,50,589685,0,0,0,0,0,0,12,6075,7,18309,25,247954,23,456735,0,0,15,108534,39,384802,13,235737,0,0,0,0,0,0,0,0,0,0,0,0,0,0,0,0,0,0,0,0,0,0,0,0,0,0,0,0,0,0,0,0,0,0,0,0,0,0,0,0,0,0,0,0,52,620539,0,0,52,620539,2,30854,0,0,0,0,0,0,0,0,0,0,0,0,0,0,0,0,0,0,0,0,0,0,0,0,0,0,0,0,0,0,0,0,0,0,0,0,0,0,325074013,145969,83898368,83808256,0,20461,4096,0,0,83898368,83808256,,,,145969,325074013,145969,325074013,335,1082041,2000,2007,67,729073,50,589685,PASS,67,729073,[],919542750,147580833
94,acknowledgement before verifier,performance-result.json#records/93,8a24a6833307c2803ad31ccfe556ce2a76981e3c,41274bddd9ebbad6e82f69f2a7bf5f6340f41752,8d35eb13807fb8d32d001a51e6ffede1545f23a32584956ceb69a5175bb676fb,1f3921077691d9f62dcd736f86779b36016c45cc03c7c5aaebada2f49b7665e1,123321b53062be85713d442b8673876b377a73b3cb378d769b60721d2953024b09,12e4b5cf6cf45d04c7947d1b6d4b60eeece80b8d4aa04a28a0025072a3cf8a2f06,True,null,0,1682,1906,0,0,0,0,0,3364,10932572,11,2018,508266,85,541,0,3224,140,0,0,108,1025516,22,133694,86,891822,0,0,0,0,21,132429,0,0,1,1265,0,0,86,891822,0,0,1824,10069855,108,1025516,0,0,21,132429,0,0,1,1265,0,0,0,0,0,0,0,0,0,0,86,891822,0,0,0,0,0,0,20,10519,23,59145,39,364149,26,591703,0,0,22,133694,68,491157,18,400665,0,0,0,0,0,0,0,0,0,0,0,0,0,0,0,0,0,0,0,0,0,0,0,0,0,0,0,0,0,0,0,0,0,0,0,0,0,0,0,0,0,0,0,0,86,891822,0,0,86,891822,0,0,0,0,0,0,0,0,0,0,0,0,0,0,0,0,0,0,0,0,0,0,0,0,0,0,0,0,0,0,0,0,0,0,0,0,0,0,0,0,326597715,146510,100675584,84332544,0,20589,4096,0,0,100675584,84332544,,,,146510,326597715,146510,326597715,541,1523702,2008,2018,108,1025516,86,891822,PASS,108,1025516,[],2211583500,418503375
95,acknowledgement before verifier,performance-result.json#records/94,3d30c5eae2705a5ed9b3b1ec41b246c4a4d8db4a,1b391736486923529015b9921088041a422b770d,d264713f496ddf69263849cc6feb6bbf00671fd7c1ae8f7a3967db305545289f,911462b86d2f38e044bd4145fb85fb9ba91abca8d19631db04004a93d1c1dccf,12e4b5cf6cf45d04c7947d1b6d4b60eeece80b8d4aa04a28a0025072a3cf8a2f06,12f6de503240e5bb8458c58298bcb078e546c39ad92134de18e6e9ebc2dbb25b68,True,null,0,2008,2331,0,0,0,0,0,4016,16341917,6,2024,411655,50,467,0,3948,64,4,0,40,392821,4,14531,36,378290,0,0,0,0,3,7121,0,0,1,7410,0,0,36,378290,0,0,2712,17989476,40,392821,20,193585,3,7121,0,0,1,7410,0,0,0,0,0,0,0,0,0,0,36,378290,0,0,0,0,0,0,6,2704,7,22069,13,98596,14,269452,0,0,4,14531,29,266508,6,93885,1,17897,0,0,0,0,0,0,0,0,0,0,0,0,0,0,0,0,0,0,0,0,0,0,0,0,0,0,0,0,0,0,0,0,0,0,0,0,0,0,0,0,0,0,36,378290,0,0,36,378290,0,0,0,0,0,0,0,0,0,0,0,0,0,0,0,0,0,0,0,0,0,0,0,0,0,0,0,0,0,0,0,0,0,0,0,0,0,0,0,0,327430903,146977,100675584,84766720,0,20695,4096,0,0,100675584,84766720,,,,146977,327430903,146977,327430903,467,833188,2019,2024,40,392821,36,378290,PASS,40,392821,[],3455603708,472124209
96,acknowledgement before verifier,performance-result.json#records/95,98f8e53c4826b10a213655fc156be20cfd38d165,dbd42dab87776ffd6a4cda19c7bf46dce924af7e,598812d1b3155ffe1f8604732a92512c3201e6d9f41e4b04c615d66fa0e68b51,04e4e8887010ebb1c1bcb8083be09c3e60cd79b253643fba3cb125854cbfc903,12f6de503240e5bb8458c58298bcb078e546c39ad92134de18e6e9ebc2dbb25b68,12cbe46a42e6438105a82a1c3662eb7769bf2f1bfded3b118e756ab5380f451fd7,True,null,0,1962,2357,0,0,0,0,0,3924,18278736,13,2037,831207,102,1530,0,3816,100,8,0,99,1042020,62,604956,37,437064,0,0,0,0,32,234279,0,0,6,89532,0,0,61,718209,0,0,4144,27223088,99,1042020,31,117639,32,234279,0,0,6,89532,0,0,0,0,0,0,0,0,24,281145,37,437064,0,0,0,0,0,0,13,7496,10,22997,47,439742,29,571785,0,0,38,323811,50,496921,11,221288,0,0,0,0,0,0,0,0,0,0,0,0,0,0,0,0,0,0,0,0,0,0,0,0,0,0,0,0,0,0,0,0,0,0,0,0,0,0,0,0,0,0,0,0,61,718209,0,0,61,718209,24,281145,0,0,0,0,0,0,0,0,0,0,0,0,0,0,0,0,0,0,0,0,0,0,0,0,0,0,0,0,0,0,0,0,0,0,0,0,0,0,329210889,148507,100675584,85684224,0,20919,4096,0,0,100675584,85684224,,,,148507,329210889,148507,329210889,1530,1779986,2025,2037,99,1042020,37,437064,PASS,99,1042020,[],3822311958,725818584
97,acknowledgement before verifier,performance-result.json#records/96,abd2e2973bcd569176d886be05425c631e5aa256,c5610a1dbf78bad04806e195b620c3c1d793c817,27c01b216f50b33f2d2efbfc8ba739a4785adcc875019508915179cd1ce40262,4a1b592ebc6230eb7b50375977ef5251abaeea3cd27d8032953ed754e20636ee,12cbe46a42e6438105a82a1c3662eb7769bf2f1bfded3b118e756ab5380f451fd7,12e74d9f67faf4006d6207661dfa90f7c7d263a371f2641650a1d54395b1dc271f,True,null,0,2666,3121,0,0,0,0,0,5332,22146961,91,2128,3684143,730,6463,0,3316,2012,4,0,1625,14340367,482,3458774,1143,10881593,0,0,0,0,376,2069176,0,0,30,206117,0,0,1219,12065074,0,0,2346,11630966,1625,14340367,36,184600,376,2069176,0,0,30,206117,0,0,0,0,0,0,0,0,76,1183481,1143,10881593,0,0,1,52,13,2294,260,142692,277,709570,719,6405631,355,7080128,0,0,406,2275293,991,7734172,221,4168507,7,162395,0,0,0,0,0,0,0,0,0,0,0,0,0,0,0,0,0,0,0,0,0,0,0,0,0,0,0,0,0,0,0,0,0,0,0,0,0,0,0,0,0,0,1219,12065074,0,0,1219,12065074,76,1183481,0,0,0,0,0,0,0,0,0,0,0,0,0,0,0,0,0,0,0,0,0,0,0,0,0,0,0,0,0,0,0,0,0,0,0,0,0,0,344661232,154970,100675584,89788416,0,21921,4096,0,0,100675584,89788416,,,,154970,344661232,154970,344661232,6463,15450343,2038,2128,1625,14340367,1143,10881593,PASS,1625,14340367,[],3689448000,1475818000
98,acknowledgement before verifier,performance-result.json#records/97,768e2e866fa7681107aff90e055e023c44116957,449e9b417a2c7d37bd0245faf34040c236619d79,347bde7537224be35e531caef752a217f3e7777419586c830f162aa629320aa7,61cbe1dc84e80d4f3dc28d72900f2172cb5231af2d553ffc8efdf7070db3a8b1,12e74d9f67faf4006d6207661dfa90f7c7d263a371f2641650a1d54395b1dc271f,1278cd6f89593dd529e65ffd8f39fd1a7961ea3d6730e5a12a6b2c98e8c38605a9,True,null,0,85,144,0,0,0,0,0,170,1566639,10,2138,342963,75,496,0,36,134,0,0,112,839231,47,240322,65,598909,0,0,0,0,27,181526,0,0,0,0,0,0,85,657705,0,0,59,908934,112,839231,0,0,27,181526,0,0,0,0,0,0,0,0,0,0,0,0,20,58796,65,598909,0,0,0,0,0,0,17,11154,41,96764,32,287528,22,443785,0,0,27,181526,72,437695,11,177168,2,42842,0,0,0,0,0,0,0,0,0,0,0,0,0,0,0,0,0,0,0,0,0,0,0,0,0,0,0,0,0,0,0,0,0,0,0,0,0,0,0,0,0,0,85,657705,0,0,85,657705,20,58796,0,0,0,0,0,0,0,0,0,0,0,0,0,0,0,0,0,0,0,0,0,0,0,0,0,0,0,0,0,0,0,0,0,0,0,0,0,0,345943503,155466,100675584,90144768,0,22008,4096,0,0,100675584,90144768,,,,155466,345943503,155466,345943503,496,1282271,2129,2138,112,839231,65,598909,PASS,112,839231,[],1008747875,146231500
99,acknowledgement before verifier,performance-result.json#records/98,2e943a16432e4572c87783efc43d0d7272daa64d,ca79ac2771db6110d1585a061b09242c2f46af8f,cc0cb42c8c7cf7de5b91328342e3c9a4e62eea284b21ba38dce87de03f99b04e,ef8fa70c7db8311430d56c5dcea5a896b880fb441116f1835792b194a93879e2,1278cd6f89593dd529e65ffd8f39fd1a7961ea3d6730e5a12a6b2c98e8c38605a9,12a80b7047c221a263fa620025beef5b525b7ee9115fe79962552c9d3287ebf278,True,null,0,575,819,0,0,0,0,0,1150,8455285,22,2160,776197,181,836,0,858,286,6,0,201,2840672,8,108728,193,2731944,0,0,0,0,1,5674,0,0,0,0,0,0,200,2834998,0,0,618,5547894,201,2840672,14,161007,1,5674,0,0,0,0,0,0,0,0,0,0,0,0,7,103054,193,2731944,0,0,0,0,0,0,21,11972,12,36127,67,723165,101,2069408,0,0,1,5674,138,1607415,57,1108190,5,119393,0,0,0,0,0,0,0,0,0,0,0,0,0,0,0,0,0,0,0,0,0,0,0,0,0,0,0,0,0,0,0,0,0,0,0,0,0,0,0,0,0,0,200,2834998,0,0,200,2834998,7,103054,0,0,0,0,0,0,0,0,0,0,0,0,0,0,0,0,0,0,0,0,0,0,0,0,0,0,0,0,0,0,0,0,0,0,0,0,0,0,349332978,156302,100675584,90980352,0,22212,4096,0,0,100675584,90980352,,,,156302,349332978,156302,349332978,836,3389475,2139,2160,201,2840672,193,2731944,PASS,201,2840672,[],1418148083,409697208
100,acknowledgement before verifier,performance-result.json#records/99,49dff10abd50452666f994714eec298974738aa6,d0043d4a2e0d1e765b2d12e93c107686ea8c79cd,d5139a24ac46f59c306deb486b2f45dc39b196c02911eb6498e54a2a55dec3c5,91f49cf2797ef93a4018fd825a52be39652f893e49949d989d22830c4e556847,12a80b7047c221a263fa620025beef5b525b7ee9115fe79962552c9d3287ebf278,12c1deaa86ad1ab3bf2e2e4245c64877ee2e6aa5596790714834867254b2de2290,True,null,0,1104,1461,0,0,0,0,0,2208,13525022,63,2223,2809108,503,4905,0,742,1458,8,0,1221,9568445,411,2509677,810,7058768,0,0,0,0,357,1916930,0,0,15,95191,0,0,849,7556324,0,0,730,6414529,1221,9568445,15,162188,357,1916930,0,0,15,95191,0,0,0,0,0,0,1,197,38,497359,810,7058768,0,0,0,0,17,3128,255,143493,242,592674,476,4075119,231,4754031,0,0,372,2012121,699,4600207,148,2909824,2,46293,0,0,0,0,0,0,0,0,0,0,0,0,0,0,0,0,0,0,0,0,0,0,0,0,0,0,0,0,0,0,0,0,0,0,0,0,0,0,0,0,0,0,849,7556324,0,0,848,7556127,38,497359,0,0,0,0,0,0,0,0,0,0,0,0,0,0,0,0,0,0,0,0,0,0,0,0,0,0,0,0,0,0,0,0,0,0,0,0,0,0,359891921,161207,100675584,94109696,0,22976,4096,0,0,100675584,94109696,,,,161207,359891921,161207,359891921,4905,10558943,2161,2223,1221,9568445,810,7058768,PASS,1221,9568445,[],1928904250,999267500
101,acknowledgement before verifier,performance-result.json#records/100,32bce339da84917b696f1387d8e7e8417c73c27d,55cecfd17f446e6f04c74ec4d094d57e5c9fa801,1da3847eb66d3d7beeda844e6fcb62e25cf1bc352a8b82251930695780ec6c3d,69eb752365b43a16088f037635234588d43147e9f723dd6f1644a37b1eb0e674,12c1deaa86ad1ab3bf2e2e4245c64877ee2e6aa5596790714834867254b2de2290,12e1cc466d4fbbcb8569f854c89b9ed71234908cf51976340834e990e19c55a542,True,null,0,526,754,0,0,0,0,0,1052,7624837,44,2267,1672333,356,2980,0,34,1012,6,0,767,6663004,153,826798,614,5836206,0,0,0,0,137,715642,0,0,6,23621,0,0,624,5923741,0,0,122,1596569,767,6663004,11,117895,137,715642,0,0,6,23621,0,0,0,0,0,0,2,2141,8,85394,614,5836206,0,0,1,24,9,1445,129,71376,140,354985,317,2810990,171,3424184,0,0,143,739263,494,3519097,126,2333753,4,70891,0,0,0,0,0,0,0,0,0,0,0,0,0,0,0,0,0,0,0,0,0,0,0,0,0,0,0,0,0,0,0,0,0,0,0,0,0,0,0,0,0,0,624,5923741,0,0,622,5921600,8,85394,0,0,0,0,0,0,0,0,0,0,0,0,0,0,0,0,0,0,0,0,0,0,0,0,0,0,0,0,0,0,0,0,0,0,0,0,0,0,367317813,164187,100675584,95965184,0,23429,4096,0,0,100675584,95965184,,,,164187,367317813,164187,367317813,2980,7425892,2224,2267,767,6663004,614,5836206,PASS,767,6663004,[],1345523375,616527041
102,acknowledgement before verifier,performance-result.json#records/101,33312c6a89e2c4c7efd7b067d88506df2a9d982f,559e6eee4defa4bcafc5b78215beaf9e9a1c2d9e,8498a8e45b5e094b45439764755782c6593ea48fb819e47dc0857eab5f88fda2,104208fefdbf21d03162af21b8c7135e8142fab2421acaa9f6ee87679a4ebe0b,12e1cc466d4fbbcb8569f854c89b9ed71234908cf51976340834e990e19c55a542,12b2d87ff615876eb80f5ddca829cbd4d6de385910a6d222cafc9ca4c6ada7a0bd,True,null,0,137,241,0,0,0,0,0,274,2929936,19,2286,600749,143,833,0,26,248,0,0,216,2202793,58,460353,158,1742440,0,0,0,0,47,319386,0,0,5,31471,0,0,164,1851936,0,0,72,1046529,216,2202793,0,0,47,319386,0,0,5,31471,0,0,0,0,0,0,1,179,5,109317,158,1742440,0,0,0,0,1,179,30,14770,32,73370,82,722837,71,1391637,0,0,52,350857,117,923990,45,882635,2,45311,0,0,0,0,0,0,0,0,0,0,0,0,0,0,0,0,0,0,0,0,0,0,0,0,0,0,0,0,0,0,0,0,0,0,0,0,0,0,0,0,0,0,164,1851936,0,0,163,1851757,5,109317,0,0,0,0,0,0,0,0,0,0,0,0,0,0,0,0,0,0,0,0,0,0,0,0,0,0,0,0,0,0,0,0,0,0,0,0,0,0,370036076,165020,100675584,96616448,0,23588,4096,0,0,100675584,96616448,,,,165020,370036076,165020,370036076,833,2718263,2268,2286,216,2202793,158,1742440,PASS,216,2202793,[],766263125,238892667
103,acknowledgement before verifier,performance-result.json#records/102,a0d48c9c874e5de8fb4c4e78e44ec98d75e8699a,0b487d67ca096f0c237e62e14cf3be67108334f3,92d767e0a6e2291ac842d5fc9ad31f1bec5f60bee79158bbc317af9ef924ab54,4908dce2941a567ad09712c5242f9f1f2cbde3a03f6400ed995f25ac401efe5c,12b2d87ff615876eb80f5ddca829cbd4d6de385910a6d222cafc9ca4c6ada7a0bd,12220dce5cb6511e550d656587b96d42e9c7bc989a5d9c24d28ac118cda7154fed,True,null,0,1483,1658,0,0,0,0,0,2966,9469492,79,2365,2907454,567,7812,0,18,2948,0,0,1929,10911673,369,2616242,1560,8295431,0,0,0,0,361,2476088,0,0,1,16925,0,0,1567,8418660,0,0,451,3289312,1929,10911673,19,153738,361,2476088,0,0,1,16925,0,0,0,0,0,0,0,0,7,123229,1560,8295431,0,0,1,59,4,796,769,415078,257,677281,698,5795183,200,4023276,0,0,362,2493013,1468,6619922,96,1730634,3,68104,0,0,0,0,0,0,0,0,0,0,0,0,0,0,0,0,0,0,0,0,0,0,0,0,0,0,0,0,0,0,0,0,0,0,0,0,0,0,0,0,0,0,1567,8418660,0,0,1567,8418660,7,123229,0,0,0,0,0,0,0,0,0,0,0,0,0,0,0,0,0,0,0,0,0,0,0,0,0,0,0,0,0,0,0,0,0,0,0,0,0,0,382079222,172832,100675584,99971072,0,24407,4096,0,0,100675584,99971072,,,,172832,382079222,172832,382079222,7812,12043146,2287,2365,1929,10911673,1560,8295431,PASS,1929,10911673,[],2244392500,862850291
104,acknowledgement before verifier,performance-result.json#records/103,bf385263548f0da09ab1c18361aedc9f4ed61936,7653c999f171a62978612c3103bad2e5d51c5f37,d20a3ecbff47e3287ba3694568a2124580b200a9f2491bc0bca81c93acf54412,d62531cb97c0e100c90446184b7b8d01bfc16ed942415a5897225588596276bc,12220dce5cb6511e550d656587b96d42e9c7bc989a5d9c24d28ac118cda7154fed,124ae5176a59c149e23a10e640fa0a8a3f23ffbf74ef914604375249ec70a77a62,True,null,0,1801,2221,0,0,0,0,0,3602,18495092,104,2469,2796156,827,7853,0,56,3546,0,0,2069,16395885,95,570798,1974,15825087,0,0,0,0,82,503128,0,0,3,6018,0,0,1984,15886739,0,0,221,2503304,2069,16395885,14,99580,82,503128,0,0,3,6018,0,0,0,0,0,0,0,0,10,61652,1974,15825087,0,0,1,30,1,122,456,242014,285,738693,977,8520267,349,6894759,0,0,85,509146,1723,11338176,250,4324521,11,224042,0,0,0,0,0,0,0,0,0,0,0,0,0,0,0,0,0,0,0,0,0,0,0,0,0,0,0,0,0,0,0,0,0,0,0,0,0,0,0,0,0,0,1984,15886739,0,0,1984,15886739,10,61652,0,0,0,0,0,0,0,0,0,0,0,0,0,0,0,0,0,0,0,0,0,0,0,0,0,0,0,0,0,0,0,0,0,0,0,0,0,0,399591333,180685,117452800,103284736,0,25216,4096,0,0,117452800,103284736,,,,180685,399591333,180685,399591333,7853,17512111,2366,2469,2069,16395885,1974,15825087,PASS,2069,16395885,[],2345367709,1282672292
105,acknowledgement before verifier,performance-result.json#records/104,5ba7455091ba046c9b89cf550e0ea4fb63e4e227,f9a2b7ac0069fdd54ccca2744c96f0dd8fc4090b,555dfd5c4e7f87aadabe5ba75f70474f5020dbd898cb3e23bcff5ff0def02342,007f1b813680635ef675897063fe6647aa35ba5cd596a340836da630552cb119,124ae5176a59c149e23a10e640fa0a8a3f23ffbf74ef914604375249ec70a77a62,128b5cb380b30b9c19573b6bde853d7c80b2d870fa1908aaeebcd9acaa64202218,True,null,0,90,177,0,0,0,0,0,180,2442575,10,2479,426150,87,451,0,18,162,0,0,102,1243952,3,21214,99,1222738,0,0,0,0,3,21214,0,0,0,0,0,0,99,1222738,0,0,78,1219837,102,1243952,0,0,3,21214,0,0,0,0,0,0,0,0,0,0,0,0,0,0,99,1222738,0,0,0,0,0,0,7,3804,6,15578,56,548418,33,676152,0,0,3,21214,72,722578,27,500160,0,0,0,0,0,0,0,0,0,0,0,0,0,0,0,0,0,0,0,0,0,0,0,0,0,0,0,0,0,0,0,0,0,0,0,0,0,0,0,0,0,0,0,0,99,1222738,0,0,99,1222738,0,0,0,0,0,0,0,0,0,0,0,0,0,0,0,0,0,0,0,0,0,0,0,0,0,0,0,0,0,0,0,0,0,0,0,0,0,0,0,0,401241320,181136,117452800,103743488,0,25328,4096,0,0,117452800,103743488,,,,181136,401241320,181136,401241320,451,1649987,2470,2479,102,1243952,99,1222738,PASS,102,1243952,[],765302875,170394333
106,acknowledgement before verifier,performance-result.json#records/105,f1f7a0cbaf7a0c9f313ba7226643ed4cf85d6b71,3e707696155a6d7854df07f0a7f5ee7066f093fa,d5ab3ef25bff2f339ad3c1e8f639c4be0267cb71d4763f637784b27df2875a37,a9963be9d73deae46d3e681d93ad2bbc938e3298e1f6c1b915d002385408a0cc,128b5cb380b30b9c19573b6bde853d7c80b2d870fa1908aaeebcd9acaa64202218,123e8451b5c45d8289bb06623ed71a96b26ec3353eac60608641d1ebfae94a4b47,True,null,0,2611,3040,0,0,0,0,0,5222,21507002,17,2496,903018,143,1302,0,5078,132,12,0,190,1886615,102,663332,88,1223283,0,0,0,0,94,610895,0,0,1,10281,0,0,95,1265439,0,0,3633,24131988,190,1886615,19,164199,94,610895,0,0,1,10281,0,0,0,0,0,0,1,707,6,41449,88,1223283,0,0,1,47,6,884,28,13238,43,103515,52,535109,60,1233822,0,0,95,621176,62,602006,29,548507,4,114926,0,0,0,0,0,0,0,0,0,0,0,0,0,0,0,0,0,0,0,0,0,0,0,0,0,0,0,0,0,0,0,0,0,0,0,0,0,0,0,0,0,0,95,1265439,0,0,94,1264732,6,41449,0,0,0,0,0,0,0,0,0,0,0,0,0,0,0,0,0,0,0,0,0,0,0,0,0,0,0,0,0,0,0,0,0,0,0,0,0,0,403840833,182438,117452800,104755200,0,25575,4096,0,0,117452800,104755200,,,,182438,403840833,182438,403840833,1302,2599513,2480,2496,190,1886615,88,1223283,PASS,190,1886615,[],3839795208,697747250
107,acknowledgement before verifier,performance-result.json#records/106,deb7344383837c310879135af2f6fbe2fd7929b3,a5dbcc418771bdf05126df30910ef8332b75a091,25687436629376239aed7063d80d92e26db590af07b3229e112d75799c5f7728,a96acfcd96803783863a1484ba5860e17ed99600c59a28be29d1796830b9ca72,123e8451b5c45d8289bb06623ed71a96b26ec3353eac60608641d1ebfae94a4b47,1264b5271d781888e90da5f616b6b98cbb370efecf6dba6b232b6ad5fa6e020c38,True,null,0,1163,1519,0,0,0,0,0,2326,13786841,22,2518,1013792,196,1533,0,1954,364,8,0,300,3043754,61,318121,239,2725633,0,0,0,0,54,233476,0,0,3,20765,0,0,243,2789513,0,0,1694,12933064,300,3043754,12,118396,54,233476,0,0,3,20765,0,0,0,0,0,0,0,0,4,63880,239,2725633,0,0,0,0,6,924,38,22102,57,128605,110,1062910,89,1829213,0,0,57,254241,174,1404424,67,1342644,2,42445,0,0,0,0,0,0,0,0,0,0,0,0,0,0,0,0,0,0,0,0,0,0,0,0,0,0,0,0,0,0,0,0,0,0,0,0,0,0,0,0,0,0,243,2789513,0,0,243,2789513,4,63880,0,0,0,0,0,0,0,0,0,0,0,0,0,0,0,0,0,0,0,0,0,0,0,0,0,0,0,0,0,0,0,0,0,0,0,0,0,0,407625637,183971,117452800,105885696,0,25851,4096,0,0,117452800,105885696,,,,183971,407625637,183971,407625637,1533,3784804,2497,2518,300,3043754,239,2725633,PASS,300,3043754,[],2677959542,558670792
108,acknowledgement before verifier,performance-result.json#records/107,fa591b5ebd73e32878e924c717fcb238746c54c6,5a18c2f9f85b01f4119a045a4f0edc91790b9d87,adb0a04aa709de1654c15e73a5140a77cdf2ada2b95ff196e66357ff51e04252,a54dfbe03aae5abef64b22f4d0f8a92415c7bbfbd75233445ce62f7dc4b38834,1264b5271d781888e90da5f616b6b98cbb370efecf6dba6b232b6ad5fa6e020c38,1210711d11b990e67790da3142363d2c2b4dea861a7b9ac6e48df0fe4fb3deb48f,True,null,0,883,1168,0,0,0,0,0,1766,10599171,18,2536,678309,138,954,0,1500,260,6,0,211,2068138,46,279336,165,1788802,0,0,0,0,41,205710,0,0,1,609,0,0,169,1861819,0,0,1039,9007135,211,2068138,11,106886,41,205710,0,0,1,609,0,0,0,0,0,0,0,0,4,73017,165,1788802,0,0,0,0,1,193,38,20545,31,66974,80,696913,61,1283513,0,0,42,206319,132,1151945,35,657062,2,52812,0,0,0,0,0,0,0,0,0,0,0,0,0,0,0,0,0,0,0,0,0,0,0,0,0,0,0,0,0,0,0,0,0,0,0,0,0,0,0,0,0,0,169,1861819,0,0,169,1861819,4,73017,0,0,0,0,0,0,0,0,0,0,0,0,0,0,0,0,0,0,0,0,0,0,0,0,0,0,0,0,0,0,0,0,0,0,0,0,0,0,410303561,184925,117452800,106631168,0,26033,4096,0,0,117452800,106631168,,,,184925,410303561,184925,410303561,954,2677924,2519,2536,211,2068138,165,1788802,PASS,211,2068138,[],1778328167,399936541
109,acknowledgement before verifier,performance-result.json#records/108,22e48c19534e5ad529abdd6d5f57ce255b62aac9,596bcf77783560aabc5eca9bdd4159bdcd8a65d7,befb19df606b6bfc422a0848b981dd5cd44ff082845da4fe2464f78414f92c0a,b7c72038faa63ef9291e6a623b63f5ff0a10bb24247c07f31a0e24a01330b112,1210711d11b990e67790da3142363d2c2b4dea861a7b9ac6e48df0fe4fb3deb48f,12f453ba5e6f8b535e0a115f98cfd799f8f854cfb77158419c5d4b553414f63181,True,null,0,2711,3071,0,0,0,0,0,5422,19665209,19,2555,830885,151,1265,0,5112,302,8,0,235,2336853,53,377697,182,1959156,0,0,0,0,47,263629,0,0,0,0,0,0,188,2073224,0,0,3153,18903491,235,2336853,11,94742,47,263629,0,0,0,0,0,0,0,0,0,0,0,0,6,114068,182,1959156,0,0,0,0,0,0,33,19424,50,123541,83,813116,69,1380772,0,0,47,263629,144,1224749,43,815686,1,32789,0,0,0,0,0,0,0,0,0,0,0,0,0,0,0,0,0,0,0,0,0,0,0,0,0,0,0,0,0,0,0,0,0,0,0,0,0,0,0,0,0,0,188,2073224,0,0,188,2073224,6,114068,0,0,0,0,0,0,0,0,0,0,0,0,0,0,0,0,0,0,0,0,0,0,0,0,0,0,0,0,0,0,0,0,0,0,0,0,0,0,413214994,186190,117452800,107511808,0,26248,4096,0,0,117452800,107511808,,,,186190,413214994,186190,413214994,1265,2911433,2537,2555,235,2336853,182,1959156,PASS,235,2336853,[],3574822167,634718750
110,acknowledgement before verifier,performance-result.json#records/109,ef35c7f3b227b0640097e8d8c6ffd37bd5c3e323,349e26110ec458b4a64fa0120f0b76b94d617252,eb7e73d458dda8bf30dce29f43959497eb96a2b4167a9ee57590abb43378102c,f755562b863b642e8967922503e17acc715e39cce635e3d30329619f634ce102,12f453ba5e6f8b535e0a115f98cfd799f8f854cfb77158419c5d4b553414f63181,1223443384e431020aaed3e3fabd194477bd6f90cf8672cbbe035af514c83c8bca,True,null,0,2736,3183,0,0,0,0,0,5472,22473281,52,2607,2755918,412,4353,0,4840,626,6,0,730,7192448,402,3879035,328,3313413,0,0,0,0,315,2619945,0,0,29,297371,0,0,386,4275132,0,0,5518,33301808,730,7192448,63,317895,315,2619945,0,0,29,297371,0,0,0,0,0,0,0,0,58,961719,328,3313413,0,0,0,0,0,0,117,63672,110,283457,295,2667713,208,4177606,0,0,344,2917316,300,2593464,81,1564505,5,117163,0,0,0,0,0,0,0,0,0,0,0,0,0,0,0,0,0,0,0,0,0,0,0,0,0,0,0,0,0,0,0,0,0,0,0,0,0,0,0,0,0,0,386,4275132,0,0,386,4275132,58,961719,0,0,0,0,0,0,0,0,0,0,0,0,0,0,0,0,0,0,0,0,0,0,0,0,0,0,0,0,0,0,0,0,0,0,0,0,0,0,421552177,190543,117452800,110497792,0,26977,4096,0,0,117452800,110497792,,,,190543,421552177,190543,421552177,4353,8337183,2556,2607,730,7192448,328,3313413,PASS,730,7192448,[],5507686667,1272936459
111,acknowledgement before verifier,performance-result.json#records/110,4bee3f73ef887f35825fc8b155a0d6e36646d1f1,f5814e5d96b09c77cf2edbe8aebc10f74cbd15d7,0fd9775afc6decbba7ebf9d2ecd5335dd0b6f41958b2103259301c9648d3bcaa,17c1af03cca6ff8f36d17caaf82f435274de160dfee2b51d25cfa7692ab2fcd0,1223443384e431020aaed3e3fabd194477bd6f90cf8672cbbe035af514c83c8bca,12b2925986d6aae420f9d00857deee4f20c8f5c78b9d1d18c98e888d3675393fdb,True,null,0,710,954,0,0,0,0,0,1420,8986896,47,2654,1495700,388,3324,0,36,1384,0,0,856,7253881,64,184418,792,7069463,0,0,0,0,48,141984,0,0,2,1174,0,0,806,7110723,0,0,135,1780113,856,7253881,12,95435,48,141984,0,0,2,1174,0,0,0,0,0,0,8,4062,6,37198,792,7069463,0,0,1,38,10,1851,166,88014,136,326268,358,3174643,185,3663067,0,0,50,143158,664,4449640,134,2499861,8,161222,0,0,0,0,0,0,0,0,0,0,0,0,0,0,0,0,0,0,0,0,0,0,0,0,0,0,0,0,0,0,0,0,0,0,0,0,0,0,0,0,0,0,806,7110723,0,0,798,7106661,6,37198,0,0,0,0,0,0,0,0,0,0,0,0,0,0,0,0,0,0,0,0,0,0,0,0,0,0,0,0,0,0,0,0,0,0,0,0,0,0,429613796,193867,117452800,112201728,0,27393,4096,0,0,117452800,112201728,,,,193867,429613796,193867,429613796,3324,8061619,2608,2654,856,7253881,792,7069463,PASS,856,7253881,[],1816775292,726120834
112,acknowledgement before verifier,performance-result.json#records/111,18328ce615fb7a2e1defd1bce911f50f68ec1c61,b94187e4f0b3f8aef396a29ad49e8b3f287a8cdb,10fa06e23409a82fa2351e7b14d728bc5beed25dddb319e7771d6a3823b4d6ad,11ad8e82cb9e1fbedd4f196eb43c16e87686c74e4fc789c549eaa13baf36851c,12b2925986d6aae420f9d00857deee4f20c8f5c78b9d1d18c98e888d3675393fdb,1257f1b7122458c4e8932f1a1110b8531b8bfb2e3f4a00947b876d66226180a2fd,True,null,0,1751,2198,0,0,0,0,0,3502,17632134,88,2742,2286588,677,7536,0,68,3434,0,0,1894,13257085,117,660746,1777,12596339,0,0,0,0,76,386821,0,0,5,6579,0,0,1813,12863685,0,0,376,4646616,1894,13257085,15,159375,76,386821,0,0,5,6579,0,0,0,0,0,0,1,101,35,267245,1777,12596339,0,0,0,0,4,559,247,149388,693,1351719,641,5642654,309,6112765,0,0,81,393400,1559,8121430,253,4710290,1,31965,0,0,0,0,0,0,0,0,0,0,0,0,0,0,0,0,0,0,0,0,0,0,0,0,0,0,0,0,0,0,0,0,0,0,0,0,0,0,0,0,0,0,1813,12863685,0,0,1812,12863584,35,267245,0,0,0,0,0,0,0,0,0,0,0,0,0,0,0,0,0,0,0,0,0,0,0,0,0,0,0,0,0,0,0,0,0,0,0,0,0,0,444019525,201403,117452800,114966528,0,28068,4096,0,0,117452800,114966528,,,,201403,444019525,201403,444019525,7536,14405729,2655,2742,1894,13257085,1777,12596339,PASS,1894,13257085,[],2668394459,1202797125
113,acknowledgement before verifier,performance-result.json#records/112,6147f0238609e0b9106ac508564c6c6ac1889b57,84b97087625f3afd8e054723c0cf77dac0d916f6,060aa8d95f1f05e8de74bafec9899890b1dc08ebfec530a9a243d79293fdcc03,2b3d736254dff05b25a99da79dabf3e618de894a8c6ee9c8f4203d850589d6ff,1257f1b7122458c4e8932f1a1110b8531b8bfb2e3f4a00947b876d66226180a2fd,12cb580a0ad798c15e908065376c46e408e819c61f5d2454fa4436fe4fbc50acb9,True,null,0,168,248,0,0,0,0,0,336,2562990,10,2752,473945,89,480,0,178,158,0,0,98,1042097,6,60433,92,981664,0,0,0,0,6,60433,0,0,0,0,0,0,92,981664,0,0,155,1510609,98,1042097,5,79948,6,60433,0,0,0,0,0,0,0,0,0,0,0,0,0,0,92,981664,0,0,0,0,0,0,14,6707,15,42935,40,399209,29,593246,0,0,6,60433,79,715169,11,225932,2,40563,0,0,0,0,0,0,0,0,0,0,0,0,0,0,0,0,0,0,0,0,0,0,0,0,0,0,0,0,0,0,0,0,0,0,0,0,0,0,0,0,0,0,92,981664,0,0,92,981664,0,0,0,0,0,0,0,0,0,0,0,0,0,0,0,0,0,0,0,0,0,0,0,0,0,0,0,0,0,0,0,0,0,0,0,0,0,0,0,0,445604482,201883,117452800,115474432,0,28192,4096,0,0,117452800,115474432,,,,201883,445604482,201883,445604482,480,1584957,2743,2752,98,1042097,92,981664,PASS,98,1042097,[],849962208,177413750
114,acknowledgement before verifier,performance-result.json#records/113,96646ce4812c33a782656d6251e27b245beeb8e6,87d0639d5802318df4810e6d648859cf21d24a2e,e65a57e4b610f06f72b57884fb2c1245065d8ae923072be6f2f75c5a7b8e0522,a1d371d90c093450d1ea7d21d387603303ce7152f069f475af2e2f157ae61a6a,12cb580a0ad798c15e908065376c46e408e819c61f5d2454fa4436fe4fbc50acb9,12032f561104a03d05f243b538e1b2ae888e066ba5bf3761cfabdc4f284279c07c,True,null,0,675,928,0,0,0,0,0,1350,8490218,41,2793,1451705,335,3160,0,220,1130,0,0,800,5970789,160,781747,640,5189042,0,0,0,0,121,537283,0,0,5,10472,0,0,674,5423034,0,0,261,3046182,800,5970789,15,116490,121,537283,0,0,5,10472,0,0,0,0,0,0,0,0,34,233992,640,5189042,0,0,0,0,1,90,102,55782,307,644085,234,2167766,156,3103066,0,0,126,547755,539,2888597,132,2471873,3,62564,0,0,0,0,0,0,0,0,0,0,0,0,0,0,0,0,0,0,0,0,0,0,0,0,0,0,0,0,0,0,0,0,0,0,0,0,0,0,0,0,0,0,674,5423034,0,0,674,5423034,34,233992,0,0,0,0,0,0,0,0,0,0,0,0,0,0,0,0,0,0,0,0,0,0,0,0,0,0,0,0,0,0,0,0,0,0,0,0,0,0,452430973,205043,117452800,117121024,0,28594,4096,0,0,117452800,117121024,,,,205043,452430973,205043,452430973,3160,6826491,2753,2793,800,5970789,640,5189042,PASS,800,5970789,[],1354721167,645199208
115,acknowledgement before verifier,performance-result.json#records/114,6a604aaa858c7e910b9b46401d5f3d0e813aa5e5,020b67bb5660f0751260f5ea3408b4456f5d3949,e26bfa1cb55caa56c1c5f9b798d231d19e8ca178a7f6bd89370a6f58a137ef02,d1e426e95013380cf34b15f6f90bb9632f0732cf455a4687da3fecd6e3b98c20,12032f561104a03d05f243b538e1b2ae888e066ba5bf3761cfabdc4f284279c07c,1206caf4bd31836df70606e7fc841c80f4455ca9ff8cafe58f8f86de5464f57a05,True,null,0,325,553,0,0,0,0,0,650,6648118,32,2825,1139117,279,1927,0,30,610,10,0,495,4875884,96,409875,399,4466009,0,0,0,0,91,398897,0,0,5,10978,0,0,399,4466009,0,0,121,1849808,495,4875884,33,332634,91,398897,0,0,5,10978,0,0,0,0,0,0,0,0,0,0,399,4466009,0,0,1,48,4,510,87,49569,63,169215,187,1614719,153,3041823,0,0,96,409875,294,2557359,103,1869064,2,39586,0,0,0,0,0,0,0,0,0,0,0,0,0,0,0,0,0,0,0,0,0,0,0,0,0,0,0,0,0,0,0,0,0,0,0,0,0,0,0,0,0,0,399,4466009,0,0,399,4466009,0,0,0,0,0,0,0,0,0,0,0,0,0,0,0,0,0,0,0,0,0,0,0,0,0,0,0,0,0,0,0,0,0,0,0,0,0,0,0,0,458026211,206970,134230016,118378496,0,28901,4096,0,0,134230016,118378496,,,,206970,458026211,206970,458026211,1927,5595238,2794,2825,495,4875884,399,4466009,PASS,495,4875884,[],1056591584,461935750
116,acknowledgement before verifier,performance-result.json#records/115,e0bbe42242f4f46111f802e20b7d82f5da99831f,c797fa26be1b5458a70deec0ee88184b141c4c5b,02cc5ee0e388da5d69b01064da4538bf5baf92a70bd290adf86000db5163a7bc,40194640f8d805fc5e2dff521918097192c8984a09c23a798deaf86ad774a386,1206caf4bd31836df70606e7fc841c80f4455ca9ff8cafe58f8f86de5464f57a05,12af6920c97f724c7cfa06a1153ca542e64d755d742fe4bfccc429920b4ca51b76,True,null,0,1055,1359,0,0,0,0,0,2110,12063771,66,2891,2009193,521,5046,0,66,2044,0,0,1277,9942411,132,520135,1145,9422276,0,0,0,0,111,403412,0,0,4,12737,0,0,1162,9526262,0,0,205,2529781,1277,9942411,19,182061,111,403412,0,0,4,12737,0,0,0,0,0,0,3,998,14,102988,1145,9422276,0,0,0,0,5,943,315,165918,186,471334,531,4603753,240,4700463,0,0,115,416149,1039,7443278,115,1917970,8,165014,0,0,0,0,0,0,0,0,0,0,0,0,0,0,0,0,0,0,0,0,0,0,0,0,0,0,0,0,0,0,0,0,0,0,0,0,0,0,0,0,0,0,1162,9526262,0,0,1159,9525264,14,102988,0,0,0,0,0,0,0,0,0,0,0,0,0,0,0,0,0,0,0,0,0,0,0,0,0,0,0,0,0,0,0,0,0,0,0,0,0,0,468939525,212016,134230016,120664064,0,29459,4096,0,0,134230016,120664064,,,,212016,468939525,212016,468939525,5046,10913314,2826,2891,1277,9942411,1145,9422276,PASS,1277,9942411,[],1693033958,804918291
117,acknowledgement before verifier,performance-result.json#records/116,1e6e92fb0a44f39ebc77cfc1bf7eed763c8c6fbc,bff141701718eb81d54bb649144829c2b52f469c,d513a6175826e47ded0daa6f9cbbced30490596b7450517cd6c611f953ce6194,793a75451c68d524ea621daeac7487d06c80769ba97b6575ba444bbd0b502fe4,12af6920c97f724c7cfa06a1153ca542e64d755d742fe4bfccc429920b4ca51b76,12ba46412dc8a40218d3415d7b1209ef02c8aabf2e7ad9de426aeec5811ef4ec4f,True,null,0,3190,3814,0,0,0,0,0,6380,28786909,33,2924,1289911,287,2495,0,5566,808,6,0,533,4954017,65,358447,468,4595570,0,0,0,0,58,294792,0,0,2,2197,0,0,473,4657028,0,0,3618,25280125,533,4954017,27,263329,58,294792,0,0,2,2197,0,0,0,0,0,0,0,0,5,61458,468,4595570,0,0,0,0,2,375,129,67168,33,83314,242,2306654,127,2496506,0,0,60,296989,384,3165850,85,1410010,4,81168,0,0,0,0,0,0,0,0,0,0,0,0,0,0,0,0,0,0,0,0,0,0,0,0,0,0,0,0,0,0,0,0,0,0,0,0,0,0,0,0,0,0,473,4657028,0,0,473,4657028,5,61458,0,0,0,0,0,0,0,0,0,0,0,0,0,0,0,0,0,0,0,0,0,0,0,0,0,0,0,0,0,0,0,0,0,0,0,0,0,0,474713818,214511,134230016,122118144,0,29814,4096,0,0,134230016,122118144,,,,214511,474713818,214511,474713818,2495,5774293,2892,2924,533,4954017,468,4595570,PASS,533,4954017,[],3931280375,941740875
118,acknowledgement before verifier,performance-result.json#records/117,24dd48b1331457e046ef35a669116ada9e91073c,34d0149b3294c5de943539b3448e6c1f86514d16,d1e936b8488e8fce5421c7cc804daa8e2533e5496751759a5b6b4c5524fef4bf,ee5a483921b9c621eec3bc80bd1067a0e297d074aa87676b89d4f06448b4c6f8,12ba46412dc8a40218d3415d7b1209ef02c8aabf2e7ad9de426aeec5811ef4ec4f,127917dfdaf737ccf0337d265526ea72c4e9e35575af1cee675c79a793cb1cda25,True,null,0,3243,3911,0,0,0,0,0,6486,30339979,37,2961,1626123,311,2791,0,5868,610,8,0,561,5145698,196,1267721,365,3877977,0,0,0,0,164,896395,0,0,11,64287,0,0,386,4185016,0,0,4204,29099943,561,5145698,48,367090,164,896395,0,0,11,64287,0,0,0,0,0,0,0,0,21,307039,365,3877977,0,0,1,50,4,435,96,52854,102,257584,205,1792368,153,3042407,0,0,175,960682,279,2185795,105,1956575,2,42646,0,0,0,0,0,0,0,0,0,0,0,0,0,0,0,0,0,0,0,0,0,0,0,0,0,0,0,0,0,0,0,0,0,0,0,0,0,0,0,0,0,0,386,4185016,0,0,386,4185016,21,307039,0,0,0,0,0,0,0,0,0,0,0,0,0,0,0,0,0,0,0,0,0,0,0,0,0,0,0,0,0,0,0,0,0,0,0,0,0,0,480809292,217302,134230016,123965440,0,30265,4096,0,0,134230016,123965440,,,,217302,480809292,217302,480809292,2791,6095474,2925,2961,561,5145698,365,3877977,PASS,561,5145698,[],4595621500,1015386375
119,acknowledgement before verifier,performance-result.json#records/118,6898b0616036e33d78c281a9c54ecc9ae20a121d,e95fe837d282d17df174131de2cf8c808d1b6484,a32a34dcade0d23e94642b9465bfb6855a5647e8e7c5c3fe253ad97610398751,032558d08f52255aa0d2100f512e99d2b5af76d914d2b8c8ab6461296cb57a20,127917dfdaf737ccf0337d265526ea72c4e9e35575af1cee675c79a793cb1cda25,12e628c8014bac750427f3b8680ee73ce2e3c3bdbc0ad57a3c369b32fbe21f96e7,True,null,0,806,1081,0,0,0,0,0,1612,10191927,16,2977,822008,134,985,0,1308,288,16,0,182,1883483,22,194418,160,1689065,0,0,0,0,13,76719,0,0,1,7039,0,0,168,1799725,0,0,1065,8932685,182,1883483,33,332041,13,76719,0,0,1,7039,0,0,0,0,0,0,0,0,8,110660,160,1689065,0,0,0,0,0,0,36,17799,16,49147,75,726649,55,1089888,0,0,14,83758,140,1262618,28,537107,0,0,0,0,0,0,0,0,0,0,0,0,0,0,0,0,0,0,0,0,0,0,0,0,0,0,0,0,0,0,0,0,0,0,0,0,0,0,0,0,0,0,0,0,168,1799725,0,0,168,1799725,8,110660,0,0,0,0,0,0,0,0,0,0,0,0,0,0,0,0,0,0,0,0,0,0,0,0,0,0,0,0,0,0,0,0,0,0,0,0,0,0,483371370,218287,134230016,124854272,0,30482,4096,0,0,134230016,124854272,,,,218287,483371370,218287,483371370,985,2562078,2962,2977,182,1883483,160,1689065,PASS,182,1883483,[],1855728292,409580875
120,acknowledgement before verifier,performance-result.json#records/119,8d51ee9b970b4ddb3eec53bc373c8b7c5867c45f,0ea0214188d192481ba3f5a9f9ebf77ba67d96b9,1d576144ba2abd95bd96d318e20fadec4d29fc44cffe76b7682f23d64aa7d9d9,23cc2944a309d01005e5399d3b476b5ebd2ebce9f247e14ef2e1ebe02ed4acfb,12e628c8014bac750427f3b8680ee73ce2e3c3bdbc0ad57a3c369b32fbe21f96e7,12e30b10e3fe3d6b1fc8c36cf64107f43a470fb863064235818c73276ce0e96092,True,null,0,1124,1430,0,0,0,0,0,2248,11795344,40,3017,1492091,330,3394,0,1098,1132,18,0,781,5855554,197,1320274,584,4535280,0,0,0,0,137,1167785,0,0,1,4107,0,0,643,4683662,0,0,1221,9802490,781,5855554,37,344198,137,1167785,0,0,1,4107,0,0,0,0,0,0,4,3414,55,144968,584,4535280,0,0,1,26,6,1242,101,55412,285,601799,233,2118352,155,3078723,0,0,138,1171892,556,2999214,84,1625811,3,58637,0,0,0,0,0,0,0,0,0,0,0,0,0,0,0,0,0,0,0,0,0,0,0,0,0,0,0,0,0,0,0,0,0,0,0,0,0,0,0,0,0,0,643,4683662,0,0,639,4680248,55,144968,0,0,0,0,0,0,0,0,0,0,0,0,0,0,0,0,0,0,0,0,0,0,0,0,0,0,0,0,0,0,0,0,0,0,0,0,0,0,490132895,221681,134230016,126533632,0,30892,4096,0,0,134230016,126533632,,,,221681,490132895,221681,490132895,3394,6761525,2978,3017,781,5855554,584,4535280,PASS,781,5855554,[],2147092542,763940458
121,acknowledgement before verifier,performance-result.json#records/120,ba1b0e15fc75c2a6dffa047817a6c0c2c328e1e0,9ccea1752287689387f25c3cf8491f1399996ae8,52342c50e5af66663ebef55dec7db1ca0cce0acbd52bdbaf0570bb1236afd81c,f81f7d3d47b867cf4102d479177e116a668aafd549aca9cf70dcc1e65dcd5a1f,12e30b10e3fe3d6b1fc8c36cf64107f43a470fb863064235818c73276ce0e96092,12d69909a71fa4f47c346a7a8a2c82c27d93a3bf03550d84f629309183644820b4,True,null,0,46,65,0,0,0,0,0,92,696524,4,3021,197242,27,105,0,68,24,0,0,12,97905,0,0,12,97905,0,0,0,0,0,0,0,0,0,0,0,0,12,97905,0,0,53,598619,12,97905,0,0,0,0,0,0,0,0,0,0,0,0,0,0,0,0,0,0,12,97905,0,0,0,0,0,0,3,1435,0,0,7,51859,2,44611,0,0,0,0,10,53294,2,44611,0,0,0,0,0,0,0,0,0,0,0,0,0,0,0,0,0,0,0,0,0,0,0,0,0,0,0,0,0,0,0,0,0,0,0,0,0,0,0,0,0,0,0,0,12,97905,0,0,12,97905,0,0,0,0,0,0,0,0,0,0,0,0,0,0,0,0,0,0,0,0,0,0,0,0,0,0,0,0,0,0,0,0,0,0,0,0,0,0,0,0,490513999,221786,134230016,126738432,0,30942,4096,0,0,134230016,126738432,,,,221786,490513999,221786,490513999,105,381104,3018,3021,12,97905,12,97905,PASS,12,97905,[],671942125,84635917
122,acknowledgement before verifier,performance-result.json#records/121,37247ea70544de047143bf6d274c4dd48511e79c,ed0ae32693447c79aa0f110a61a4cef8c45065af,21ca12cd7077b791b75a67e94e8f2ffd1266750288f078f720b398bd823931b9,f2397a2c0ddf5d3204603bace77bd4deaa623be200dea93fee9b2a3e88ec7512,12d69909a71fa4f47c346a7a8a2c82c27d93a3bf03550d84f629309183644820b4,121be4883b08d4f131967c1d6183ef1e29eb55472fdf6aa9ddc62bd0d1072050c6,True,null,0,2895,3458,0,0,0,0,0,5790,25189992,186,3207,6376492,1431,16713,0,72,5680,38,0,4216,28657207,1133,7164142,3083,21493065,0,0,0,0,1043,6416545,0,0,17,41827,0,0,3156,22198835,0,0,499,3984246,4216,28657207,76,381150,1043,6416545,0,0,17,41827,0,0,0,0,0,0,3,1520,70,704250,3083,21493065,0,0,0,0,27,4939,1048,584640,944,2188169,1566,13275380,631,12604079,0,0,1060,6458372,2803,15919966,335,5852337,18,426532,0,0,0,0,0,0,0,0,0,0,0,0,0,0,0,0,0,0,0,0,0,0,0,0,0,0,0,0,0,0,0,0,0,0,0,0,0,0,0,0,0,0,3156,22198835,0,0,3153,22197315,70,704250,0,0,0,0,0,0,0,0,0,0,0,0,0,0,0,0,0,0,0,0,0,0,0,0,0,0,0,0,0,0,0,0,0,0,0,0,0,0,521098693,238499,134230016,134160384,0,32754,4096,0,0,134230016,134160384,,,,238499,521098693,238499,521098693,16713,30584694,3022,3207,4216,28657207,3083,21493065,PASS,4216,28657207,[],3947538542,2089108917
123,acknowledgement before verifier,performance-result.json#records/122,c6f3414e9d0f06cb1fc5a1920eb0d50bf68f12ce,48c5c7e2c730726bcc4228911c738803c6193f7c,9768f7fdfb6a33abf633e4a423d5afde99aa7f4a03b95b3295fb09f5b896e468,5cfc7f40d106e890002142416d5185556ec32a186534c1b17b07085ffe0246ad,121be4883b08d4f131967c1d6183ef1e29eb55472fdf6aa9ddc62bd0d1072050c6,122072968008c50015676671587b0bdf4f81dfa4155af7b1201772d623e3eb51ce,True,null,0,491,651,0,0,0,0,0,982,5152676,29,3236,1138016,235,2384,0,20,962,0,0,599,3805235,85,453093,514,3352142,0,0,0,0,60,324077,0,0,1,2919,0,0,538,3478239,0,0,109,1638102,599,3805235,3,33416,60,324077,0,0,1,2919,0,0,0,0,0,0,2,27836,22,98261,514,3352142,0,0,1,56,4,803,80,43024,286,590339,127,1127335,101,2043678,0,0,61,326996,459,1937268,79,1540971,0,0,0,0,0,0,0,0,0,0,0,0,0,0,0,0,0,0,0,0,0,0,0,0,0,0,0,0,0,0,0,0,0,0,0,0,0,0,0,0,0,0,0,0,538,3478239,0,0,536,3450403,22,98261,0,0,0,0,0,0,0,0,0,0,0,0,0,0,0,0,0,0,0,0,0,0,0,0,0,0,0,0,0,0,0,0,0,0,0,0,0,0,525688272,240883,151007232,135426048,0,33063,4096,0,0,151007232,135426048,,,,240883,525688272,240883,525688272,2384,4589579,3208,3236,599,3805235,514,3352142,PASS,599,3805235,[],1486592959,460804916
124,acknowledgement before verifier,performance-result.json#records/123,7dd6436d52aa59f9b58c927f38a1076a12cde85c,47947f5db7df2d19f857779bcd17828b4bb272c6,cfcf0e3f638931518a8ed675c452f3d9f2f525140aaf7746d31b2aa82c286056,a17d9ac9fc83f4eadde2dc1e15cbba7ac611222b3d260a3813b432290566a6c2,122072968008c50015676671587b0bdf4f81dfa4155af7b1201772d623e3eb51ce,1257cb8045f38a7d6eba33a2c67078527272119b2745f3e16f0a1d765d6b6e433e,True,null,0,205,314,0,0,0,0,0,410,3534388,19,3255,847141,167,1182,0,24,386,0,0,279,2546085,58,276905,221,2269180,0,0,0,0,49,191717,0,0,4,27164,0,0,226,2327204,0,0,82,1174418,279,2546085,2,5602,49,191717,0,0,4,27164,0,0,0,0,0,0,0,0,5,58024,221,2269180,0,0,0,0,0,0,53,29782,36,73926,124,1126709,66,1315668,0,0,53,218881,177,1415704,48,893290,1,18210,0,0,0,0,0,0,0,0,0,0,0,0,0,0,0,0,0,0,0,0,0,0,0,0,0,0,0,0,0,0,0,0,0,0,0,0,0,0,0,0,0,0,226,2327204,0,0,226,2327204,5,58024,0,0,0,0,0,0,0,0,0,0,0,0,0,0,0,0,0,0,0,0,0,0,0,0,0,0,0,0,0,0,0,0,0,0,0,0,0,0,528909453,242065,151007232,136355840,0,33290,4096,0,0,151007232,136355840,,,,242065,528909453,242065,528909453,1182,3221181,3237,3255,279,2546085,221,2269180,PASS,279,2546085,[],964322750,309909375
125,acknowledgement before verifier,performance-result.json#records/124,07484b947459a209bbf8de91c37a1288286ae2dc,9923f24e0e9d0a5046be546d1f2cb6145b10f89a,91963d9b49558e43a63864757cae7231bc6037fa46853c0ee516506590765f89,95a68c8eecdafee9ffdfd7412f3a5583019f0cc1dd0e37a673eb7adfe3849716,1257cb8045f38a7d6eba33a2c67078527272119b2745f3e16f0a1d765d6b6e433e,125deee5e386476a30b5691c67e4d9b76bf47f7a3e9eb34c35f9191d0ca7599abe,True,null,0,567,771,0,0,0,0,0,1134,6624277,33,3288,1105507,269,2691,0,84,1050,0,0,669,4575745,111,418136,558,4157609,0,0,0,0,74,319870,0,0,5,5703,0,0,590,4250172,0,0,173,2319723,669,4575745,12,122340,74,319870,0,0,5,5703,0,0,0,0,0,0,1,204,31,92359,558,4157609,0,0,0,0,9,1511,81,45791,292,566724,156,1324523,131,2637196,0,0,79,325573,511,2828583,75,1343712,4,77877,0,0,0,0,0,0,0,0,0,0,0,0,0,0,0,0,0,0,0,0,0,0,0,0,0,0,0,0,0,0,0,0,0,0,0,0,0,0,0,0,0,0,590,4250172,0,0,589,4249968,31,92359,0,0,0,0,0,0,0,0,0,0,0,0,0,0,0,0,0,0,0,0,0,0,0,0,0,0,0,0,0,0,0,0,0,0,0,0,0,0,534287561,244756,151007232,137601024,0,33594,4096,0,0,151007232,137601024,,,,244756,534287561,244756,534287561,2691,5378108,3256,3288,669,4575745,558,4157609,PASS,669,4575745,[],1266638542,506449584
126,acknowledgement before verifier,performance-result.json#records/125,8e2785d9eb4f8ca3181a781fbdfb25437b23cf0f,adeb67bbedc1b97130513efa4ba2d3e94d160465,f699597fff690445206311e600f4c9a9ea36e61abf98511013820e3908f8a5d0,e62270fbacf37a150b42f9f08abcbbe6c71c9ff8af3ce99edb7c80b0be7b21d7,125deee5e386476a30b5691c67e4d9b76bf47f7a3e9eb34c35f9191d0ca7599abe,1285afbb86402c70684e255a33cc574137ed506c705a3ad8cab03fa0f92f02ad87,True,null,0,215,352,0,0,0,0,0,430,3864475,20,3308,774954,160,1114,0,10,420,0,0,276,2391366,37,228904,239,2162462,0,0,0,0,24,121157,0,0,4,11642,0,0,248,2258567,0,0,93,1489765,276,2391366,7,104501,24,121157,0,0,4,11642,0,0,0,0,0,0,2,388,7,95717,239,2162462,0,0,0,0,5,929,40,21209,65,159921,100,894535,66,1314772,0,0,28,132799,196,1269292,50,949712,2,39563,0,0,0,0,0,0,0,0,0,0,0,0,0,0,0,0,0,0,0,0,0,0,0,0,0,0,0,0,0,0,0,0,0,0,0,0,0,0,0,0,0,0,248,2258567,0,0,246,2258179,7,95717,0,0,0,0,0,0,0,0,0,0,0,0,0,0,0,0,0,0,0,0,0,0,0,0,0,0,0,0,0,0,0,0,0,0,0,0,0,0,537328395,245870,151007232,138440704,0,33799,4096,0,0,151007232,138440704,,,,245870,537328395,245870,537328395,1114,3040834,3289,3308,276,2391366,239,2162462,PASS,276,2391366,[],973216333,319960042
127,acknowledgement before verifier,performance-result.json#records/126,d57c2d19db1aa45656653e217ea6cff1840b9077,3e5709741d506554cbb53d4d18b10418979efa9a,f0ff7bc92a8bb5e41235cffbcc81f774cf21de519bd9a9b475e88003ac9824fe,44f624ed32bbd8609d01d869e84029b1e4132c666de3eea9400f99648c559be8,1285afbb86402c70684e255a33cc574137ed506c705a3ad8cab03fa0f92f02ad87,1248a954b2a88d695846e87f5624010d4b34ed45abb54c530b8624a4fec851b017,True,null,0,344,550,0,0,0,0,0,688,6435594,32,3340,1203318,266,1880,0,72,616,0,0,475,4511583,112,649427,363,3862156,0,0,0,0,87,456830,0,0,6,47462,0,0,382,4007291,0,0,168,2369655,475,4511583,8,110212,87,456830,0,0,6,47462,0,0,0,0,0,0,0,0,19,145135,363,3862156,0,0,0,0,3,653,78,41498,81,218437,196,1857391,117,2393604,0,0,93,504292,298,2391929,82,1585674,2,29688,0,0,0,0,0,0,0,0,0,0,0,0,0,0,0,0,0,0,0,0,0,0,0,0,0,0,0,0,0,0,0,0,0,0,0,0,0,0,0,0,0,0,382,4007291,0,0,382,4007291,19,145135,0,0,0,0,0,0,0,0,0,0,0,0,0,0,0,0,0,0,0,0,0,0,0,0,0,0,0,0,0,0,0,0,0,0,0,0,0,0,542613290,247750,151007232,139792384,0,34129,4096,0,0,151007232,139792384,,,,247750,542613290,247750,542613290,1880,5284895,3309,3340,475,4511583,363,3862156,PASS,475,4511583,[],1050407791,452447084
128,acknowledgement before verifier,performance-result.json#records/127,9b5fad14e01cd1408818c8a0fcb8bc43e481ac61,8c28e253b45abb458979526817c049c444d85dfd,737ac5350f378f98ef6d46bfd462d91bdad9662e80172236966d1741f6022e30,2ef29ff60d6633d4d2b0a57cf30dad53e7d6809551b74b0c7a545ef47fa33513,1248a954b2a88d695846e87f5624010d4b34ed45abb54c530b8624a4fec851b017,12f32e92407076060ee19f14d9f266fc7d366f756927348f39df8303e06dd415f1,True,null,0,173,324,0,0,0,0,0,346,4110937,20,3360,811674,170,942,0,22,324,0,0,240,2544488,31,169352,209,2375136,0,0,0,0,21,92974,0,0,6,17941,0,0,213,2433573,0,0,99,1554610,240,2544488,6,104813,21,92974,0,0,6,17941,0,0,0,0,0,0,0,0,4,58437,209,2375136,0,0,0,0,2,307,37,18701,26,63439,88,747849,87,1714192,0,0,27,110915,158,1385771,52,983046,3,64756,0,0,0,0,0,0,0,0,0,0,0,0,0,0,0,0,0,0,0,0,0,0,0,0,0,0,0,0,0,0,0,0,0,0,0,0,0,0,0,0,0,0,213,2433573,0,0,213,2433573,4,58437,0,0,0,0,0,0,0,0,0,0,0,0,0,0,0,0,0,0,0,0,0,0,0,0,0,0,0,0,0,0,0,0,0,0,0,0,0,0,545768391,248692,151007232,140705792,0,34352,4096,0,0,151007232,140705792,,,,248692,545768391,248692,545768391,942,3155101,3341,3360,240,2544488,209,2375136,PASS,240,2544488,[],817064583,326215334
129,acknowledgement before verifier,performance-result.json#records/128,d6010c2d88c26fc60788e0cee0f2c2c9d518f4fb,b3524d5b0a06cd08b625da4896b55bfe9b41730d,da773f4a12fe371127730831bb07aa37afe3cb56e0aeac623779413690159441,db59b718282136c0bd50ec4fc0a368222fd2bc995a186fdc89a3c230dd87024a,12f32e92407076060ee19f14d9f266fc7d366f756927348f39df8303e06dd415f1,126961c6969a404b4e724f3d1d24868fe79763403828bcdcdc6110620e77c83a16,True,null,0,1507,1911,0,0,0,0,0,3014,15914937,37,3397,1242933,296,2493,0,2012,1002,0,0,628,5261754,58,512439,570,4749315,0,0,0,0,36,234933,0,0,2,16574,0,0,590,5010247,0,0,1439,12304945,628,5261754,22,211483,36,234933,0,0,2,16574,0,0,0,0,0,0,0,0,20,260932,570,4749315,0,0,0,0,1,202,103,53758,181,399087,197,1824485,146,2984222,0,0,38,251507,512,3497995,74,1411154,4,101098,0,0,0,0,0,0,0,0,0,0,0,0,0,0,0,0,0,0,0,0,0,0,0,0,0,0,0,0,0,0,0,0,0,0,0,0,0,0,0,0,0,0,590,5010247,0,0,590,5010247,20,260932,0,0,0,0,0,0,0,0,0,0,0,0,0,0,0,0,0,0,0,0,0,0,0,0,0,0,0,0,0,0,0,0,0,0,0,0,0,0,551824635,251185,151007232,142090240,0,34690,4096,0,0,151007232,142090240,,,,251185,551824635,251185,551824635,2493,6056244,3361,3397,628,5261754,570,4749315,PASS,628,5261754,[],1768153541,945289000
130,acknowledgement before verifier,performance-result.json#records/129,b3b6407a2cc70d11fbc1cf8d38b4cf2f582a0b68,22a7557fd8697d3c14c47d61ea4e6c9c300f571e,d58b616f7f540f8837fa618e9a337682584b7e94c70184f07d82470f680c7eb8,4c819d9cf79ee00303a4ba6ad0cdbfbf9088f91451464d329fbbbc868a31e387,126961c6969a404b4e724f3d1d24868fe79763403828bcdcdc6110620e77c83a16,127a9b8b897d60154c5d0882da32b92ec578cf46e82f31c6dc07d988e129e44cd2,True,null,0,1689,2179,0,0,0,0,0,3378,18906941,47,3444,1964278,394,4096,0,2158,1220,0,0,980,7056408,314,1453435,666,5602973,0,0,0,0,245,886103,0,0,10,71851,0,0,725,6098454,0,0,1806,14609386,980,7056408,24,215189,245,886103,0,0,10,71851,0,0,0,0,0,0,0,0,59,495481,666,5602973,0,0,26,1209,30,4016,119,64243,363,785935,244,2210515,198,3990490,0,0,255,957954,584,3332170,132,2569901,9,196383,0,0,0,0,0,0,0,0,0,0,0,0,0,0,0,0,0,0,0,0,0,0,0,0,0,0,0,0,0,0,0,0,0,0,0,0,0,0,0,0,0,0,725,6098454,0,0,725,6098454,59,495481,0,0,0,0,0,0,0,0,0,0,0,0,0,0,0,0,0,0,0,0,0,0,0,0,0,0,0,0,0,0,0,0,0,0,0,0,0,0,559929647,255281,151007232,144297984,0,35229,4096,0,0,151007232,144297984,,,,255281,559929647,255281,559929647,4096,8105012,3398,3444,980,7056408,666,5602973,PASS,980,7056408,[],2624995083,948356666
131,acknowledgement before verifier,performance-result.json#records/130,708a25a8a9362079185abb4f0c747cff4df74398,b68d42e268af0a0ffb028f0bcaa44c9483dcc314,8f4ac3d9e0f2becfa329c0c4660e4b1127cafdfb694f4f0cedb96feab4585828,0bb86cd9db462363c81b3ebb1bae47730cd6e09a25c24a0a4568a6d4bf772c3f,127a9b8b897d60154c5d0882da32b92ec578cf46e82f31c6dc07d988e129e44cd2,1282d4830ce33f62fcf32629480573be378dd7388705025f1c5387d2a587696cd8,True,null,0,1854,2133,0,0,0,0,0,3708,13205503,82,3526,2491492,607,8007,0,40,3664,4,0,2058,11680428,85,473257,1973,11207171,0,0,0,0,75,371007,0,0,5,14090,0,0,1978,11295331,0,0,137,1772224,2058,11680428,14,124818,75,371007,0,0,5,14090,0,0,0,0,0,0,0,0,5,88160,1973,11207171,0,0,0,0,3,612,814,431696,293,812254,722,5946556,226,4489310,0,0,80,385097,1812,8328061,164,2929519,2,37751,0,0,0,0,0,0,0,0,0,0,0,0,0,0,0,0,0,0,0,0,0,0,0,0,0,0,0,0,0,0,0,0,0,0,0,0,0,0,0,0,0,0,1978,11295331,0,0,1978,11295331,5,88160,0,0,0,0,0,0,0,0,0,0,0,0,0,0,0,0,0,0,0,0,0,0,0,0,0,0,0,0,0,0,0,0,0,0,0,0,0,0,572840540,263288,151007232,147214336,0,35941,4096,0,0,151007232,147214336,,,,263288,572840540,263288,572840540,8007,12910893,3445,3526,2058,11680428,1973,11207171,PASS,2058,11680428,[],2313462500,1080387958
132,acknowledgement before verifier,performance-result.json#records/131,d04adbc73c662dde8d1cd90d398c4df5e4e01bac,0810dac5ac030315e25731dbda82c6853dd21406,4ad0615706b29d92d8f76737fe5b41fa244e3935393f67667a731cc90e18412e,fc55fc95f306a579fcd9c5bf939a51f79a8962b29487c32fa7b1bf0201110b62,1282d4830ce33f62fcf32629480573be378dd7388705025f1c5387d2a587696cd8,12ebc9ed34d026312683a832472b9a7bac58707dd2fc9f6f955ff55002a04f1800,True,null,0,677,908,0,0,0,0,0,1354,7994166,48,3574,1753382,384,3744,0,98,1254,2,0,951,6962379,234,1325037,717,5637342,0,0,0,0,205,1043853,0,0,5,35949,0,0,741,5882577,0,0,152,1905027,951,6962379,11,170875,205,1043853,0,0,5,35949,0,0,0,0,0,0,0,0,24,245235,717,5637342,0,0,1,59,2,410,96,54819,361,769092,324,2732174,167,3405825,0,0,210,1079802,616,3531706,122,2274165,3,76706,0,0,0,0,0,0,0,0,0,0,0,0,0,0,0,0,0,0,0,0,0,0,0,0,0,0,0,0,0,0,0,0,0,0,0,0,0,0,0,0,0,0,741,5882577,0,0,741,5882577,24,245235,0,0,0,0,0,0,0,0,0,0,0,0,0,0,0,0,0,0,0,0,0,0,0,0,0,0,0,0,0,0,0,0,0,0,0,0,0,0,580730900,267032,151007232,149159936,0,36416,4096,0,0,151007232,149159936,,,,267032,580730900,267032,580730900,3744,7890360,3527,3574,951,6962379,717,5637342,PASS,951,6962379,[],1714101375,653955583
133,acknowledgement before verifier,performance-result.json#records/132,947205fb80d546b0be5d044ef886777b455af3e5,e5e6b931df7b9a5bd6368451013448b9ddf11fcd,baa2cc7917cedd96780fa7aee5f6b4527cb36de7133ccd71dd443dda23666795,db376b8e36bf161acb8016b0553f2d6ec49c46a416ccbc5aa5ecd18e0a58645b,12ebc9ed34d026312683a832472b9a7bac58707dd2fc9f6f955ff55002a04f1800,1243a0ee0e3f7a4afb372efb70a96a67533941d820af90a5991f3587d32ccc7aba,True,null,0,1235,1602,0,0,0,0,0,2470,14295907,81,3655,2572891,639,6286,0,58,2380,32,0,1583,12100149,286,1189525,1297,10910624,0,0,0,0,226,820234,0,0,3,33881,0,0,1354,11246034,0,0,208,2539448,1583,12100149,51,487872,226,820234,0,0,3,33881,0,0,0,0,0,0,0,0,57,335410,1297,10910624,0,0,0,0,5,1077,292,161050,363,898128,653,5666913,270,5372981,0,0,229,854115,1209,8606596,140,2536189,5,103249,0,0,0,0,0,0,0,0,0,0,0,0,0,0,0,0,0,0,0,0,0,0,0,0,0,0,0,0,0,0,0,0,0,0,0,0,0,0,0,0,0,0,1354,11246034,0,0,1354,11246034,57,335410,0,0,0,0,0,0,0,0,0,0,0,0,0,0,0,0,0,0,0,0,0,0,0,0,0,0,0,0,0,0,0,0,0,0,0,0,0,0,594040365,273318,167784448,152117248,0,37138,4096,0,0,167784448,152117248,,,,273318,594040365,273318,594040365,6286,13309465,3575,3655,1583,12100149,1297,10910624,PASS,1583,12100149,[],2564152625,998144959
134,acknowledgement before verifier,performance-result.json#records/133,78b8cc731e05bb7102b7730aaacc18505cd79c99,38072da7ea3f8ac06fa72e9de99837d6e13642ca,ca0e6809a9a08f9d8e6bfe8ad5331ce105bd6076ecd4bfcd19675575d2b07ca2,da14cab80dc5d86069b2df9b34ab0e6502cedc157cca60638127cdbf7afe406e,1243a0ee0e3f7a4afb372efb70a96a67533941d820af90a5991f3587d32ccc7aba,12956379ed6f55dae2b9df6d2b249b0b7d6e6ee59ca5c7cbf07ef313e441657f2b,True,null,0,799,1084,0,0,0,0,0,1598,10210580,70,3725,2476160,568,4956,0,18,1580,0,0,1289,10663007,389,2753274,900,7909733,0,0,0,0,336,2145794,0,0,15,104464,0,0,938,8412749,0,0,159,1691764,1289,10663007,7,126838,336,2145794,0,0,15,104464,0,0,0,0,0,0,2,1331,36,501685,900,7909733,0,0,0,0,12,2350,197,123499,325,821974,483,4302324,272,5412860,0,0,351,2250258,771,5331313,159,2910253,8,171183,0,0,0,0,0,0,0,0,0,0,0,0,0,0,0,0,0,0,0,0,0,0,0,0,0,0,0,0,0,0,0,0,0,0,0,0,0,0,0,0,0,0,938,8412749,0,0,936,8411418,36,501685,0,0,0,0,0,0,0,0,0,0,0,0,0,0,0,0,0,0,0,0,0,0,0,0,0,0,0,0,0,0,0,0,0,0,0,0,0,0,605753118,278274,167784448,154906624,0,37819,4096,0,0,167784448,154906624,,,,278274,605753118,278274,605753118,4956,11712753,3656,3725,1289,10663007,900,7909733,PASS,1289,10663007,[],1908222708,902187333
135,acknowledgement before verifier,performance-result.json#records/134,76a03e104e12dde154eefbd9e725c9b736f9aeaa,4884269f518284fd716fd21f0f14a4470f98737f,525c6c1f0d93fa38309a6284d6d516a89cbd9c5c457d9a5a54057e11e2d9c7bd,3969c629b9b26cfd912c46fb0edf9110d2a2c89993fcea1bf75b27702c2f2360,12956379ed6f55dae2b9df6d2b249b0b7d6e6ee59ca5c7cbf07ef313e441657f2b,12bf3d4950e64a3875562d04ed5771ac0219ab4344726b68fccea3bc79b2ad583c,True,null,0,677,1042,0,0,0,0,0,1354,11376177,64,3789,2152439,517,3595,0,64,1274,16,0,955,9513172,152,931409,803,8581763,0,0,0,0,116,702325,0,0,7,43115,0,0,832,8767732,0,0,166,2067024,955,9513172,45,538418,116,702325,0,0,7,43115,0,0,0,0,0,0,0,0,29,185969,803,8581763,0,0,0,0,2,236,139,73366,142,366961,397,3595450,275,5477159,0,0,123,745440,621,4848389,205,3799376,6,119967,0,0,0,0,0,0,0,0,0,0,0,0,0,0,0,0,0,0,0,0,0,0,0,0,0,0,0,0,0,0,0,0,0,0,0,0,0,0,0,0,0,0,832,8767732,0,0,832,8767732,29,185969,0,0,0,0,0,0,0,0,0,0,0,0,0,0,0,0,0,0,0,0,0,0,0,0,0,0,0,0,0,0,0,0,0,0,0,0,0,0,616230276,281869,167784448,157327360,0,38410,4096,0,0,167784448,157327360,,,,281869,616230276,281869,616230276,3595,10477158,3726,3789,955,9513172,803,8581763,PASS,955,9513172,[],1547330708,898094042
136,acknowledgement before verifier,performance-result.json#records/135,4760c40e847ec6e6f06e8a8303e9ac25ae4c84c4,8544564d6e05613bc147c67b12c85c77572c0994,0dd97e64025186a1af8f31532675862c6e7667188486abf4aaf3b2dc4c584541,24543f9f00521698fb71fb2e2f24bcdf9264f32d02e63abdb4da2f7516abc837,12bf3d4950e64a3875562d04ed5771ac0219ab4344726b68fccea3bc79b2ad583c,12c2d910ab1db839daf8a03e5c06fbde17de90e44bf26dc783eb1f3666861c0cb3,True,null,0,2396,2959,0,0,0,0,0,4792,23732576,11,3800,671169,98,671,0,4598,108,86,0,85,854471,12,123168,73,731303,0,0,0,0,9,67888,0,0,2,38087,0,0,74,748496,0,0,3178,24780329,85,854471,65,352842,9,67888,0,0,2,38087,0,0,0,0,0,0,0,0,1,17193,73,731303,0,0,0,0,0,0,16,8403,10,29938,28,243089,31,573041,0,0,11,105975,51,330516,20,351478,3,66502,0,0,0,0,0,0,0,0,0,0,0,0,0,0,0,0,0,0,0,0,0,0,0,0,0,0,0,0,0,0,0,0,0,0,0,0,0,0,0,0,0,0,74,748496,0,0,74,748496,1,17193,0,0,0,0,0,0,0,0,0,0,0,0,0,0,0,0,0,0,0,0,0,0,0,0,0,0,0,0,0,0,0,0,0,0,0,0,0,0,617817297,282540,167784448,158044160,0,38585,4096,0,0,167784448,158044160,,,,282540,617817297,282540,617817297,671,1587021,3790,3800,85,854471,73,731303,PASS,85,854471,[],3312728875,608821083
137,acknowledgement before verifier,performance-result.json#records/136,8dc78528818b403659c95b8c4dbb9c90af241825,e36d84cf3e7b085e8c2197735e8779cd755aa63a,7156b9536f79fea93ecf067f109d956bc93ff29c4ff72c1a1801876d65378f9c,bb89fd7d2defb9cf075815fc8d40f73f283aae39fedd07ca7ef8646d7a95ca19,12c2d910ab1db839daf8a03e5c06fbde17de90e44bf26dc783eb1f3666861c0cb3,127c591f91601c39590588133dedda1fb5c5d61880e6757ad82fde2124121615ac,True,null,0,71,178,0,0,0,0,0,142,2442295,5,3805,184386,41,200,0,110,32,0,0,32,268830,12,57592,20,211238,0,0,0,0,11,49950,0,0,1,7642,0,0,20,211238,0,0,152,2130409,32,268830,7,109139,11,49950,0,0,1,7642,0,0,0,0,0,0,0,0,0,0,20,211238,0,0,0,0,0,0,7,3662,5,9692,12,105417,8,150059,0,0,12,57592,16,131315,4,79923,0,0,0,0,0,0,0,0,0,0,0,0,0,0,0,0,0,0,0,0,0,0,0,0,0,0,0,0,0,0,0,0,0,0,0,0,0,0,0,0,0,0,0,0,20,211238,0,0,20,211238,0,0,0,0,0,0,0,0,0,0,0,0,0,0,0,0,0,0,0,0,0,0,0,0,0,0,0,0,0,0,0,0,0,0,0,0,0,0,0,0,618462362,282740,167784448,158244864,0,38634,4096,0,0,167784448,158244864,,,,282740,618462362,282740,618462362,200,645065,3801,3805,32,268830,20,211238,PASS,32,268830,[],876790542,153450792
138,acknowledgement before verifier,performance-result.json#records/137,1ca08183a68efcb1e204ab0ed520414204f5a19e,69313a4c514ebd7264cc392e0820eb909fb47271,2f658ad07f6b4f804e0f5e20a370a4b5aeaccf1792dfcd9387a545f1a7ac64ac,66164127895e641550309bb13b58e8986393b76d50597d93e6eb2bdb49366660,127c591f91601c39590588133dedda1fb5c5d61880e6757ad82fde2124121615ac,12833a10ed7104278eba8d21dc1932cbaa42e31fd7268c067fc6afa2cf2d8e3943,True,null,0,2399,2990,0,0,0,0,0,4798,25079357,96,3901,3941828,769,8397,0,3064,1734,0,0,1828,14487939,843,5177864,985,9310075,0,0,0,0,756,4169438,0,0,22,136544,0,0,1050,10181957,0,0,2972,18899157,1828,14487939,99,753453,756,4169438,0,0,22,136544,0,0,0,0,0,0,0,0,65,871882,985,9310075,0,0,12,414,123,20405,287,158810,308,737419,737,6405372,361,7165519,0,0,778,4305982,852,6540456,186,3389925,12,251576,0,0,0,0,0,0,0,0,0,0,0,0,0,0,0,0,0,0,0,0,0,0,0,0,0,0,0,0,0,0,0,0,0,0,0,0,0,0,0,0,0,0,1050,10181957,0,0,1050,10181957,65,871882,0,0,0,0,0,0,0,0,0,0,0,0,0,0,0,0,0,0,0,0,0,0,0,0,0,0,0,0,0,0,0,0,0,0,0,0,0,0,634446138,291137,167784448,162689024,0,39719,4096,0,0,167784448,162689024,,,,291137,634446138,291137,634446138,8397,15983776,3806,3901,1828,14487939,985,9310075,PASS,1828,14487939,[],4312839125,1480746584
139,acknowledgement before verifier,performance-result.json#records/138,a6c274e250e0f5a07d33fc3226bcd7b3bfef392b,afb6ad06949661b741b50ae2ce65c93155982134,7af60c68f1116135c53fad8dadbacd2867f08582a8b94b16c538f938082bb3ab,58bc8ecddbbc26d3292b960cb5ffffc9afb03574cdeb0ae5a4ce4627eab28a5a,12833a10ed7104278eba8d21dc1932cbaa42e31fd7268c067fc6afa2cf2d8e3943,128373081e505704e4dc6f0f98ce509815411430603ec99f5f98ceb9a2c39e25ce,True,null,0,1484,1827,0,0,0,0,0,2968,15214771,85,3986,3618010,648,6604,0,84,2844,40,0,1694,12602126,586,3236484,1108,9365642,0,0,0,0,94,454666,0,0,12,21226,0,0,1588,12126234,0,0,162,2301082,1694,12602126,72,842098,94,454666,0,0,12,21226,0,0,0,0,0,0,13,24218,467,2736374,1108,9365642,0,0,2,104,8,1217,407,193985,255,649457,784,7048909,238,4708454,0,0,106,475892,1408,8777227,176,3262060,4,86947,0,0,0,0,0,0,0,0,0,0,0,0,0,0,0,0,0,0,0,0,0,0,0,0,0,0,0,0,0,0,0,0,0,0,0,0,0,0,0,0,0,0,1588,12126234,0,0,1575,12102016,467,2736374,0,0,0,0,0,0,0,0,0,0,0,0,0,0,0,0,0,0,0,0,0,0,0,0,0,0,0,0,0,0,0,0,0,0,0,0,0,0,648230838,297741,167784448,166703104,0,40699,4096,0,0,167784448,166703104,,,,297741,648230838,297741,648230838,6604,13784700,3902,3986,1694,12602126,1108,9365642,PASS,1694,12602126,[],2783778333,1231126542
140,acknowledgement before verifier,performance-result.json#records/139,6770f76fdaf93c5745e5f5581546eab49a11667d,9bb5aeb47bda71a02f5b5342ce8c7d07abe7440d,618f8bffa0507459fe9f5e66d0ef6c7ca2eb4254271c789fc696b891aa3bf0b2,85d0933949007595e4a71dc8667a0748b459e8e4b67dc28d211e4f6ac670d52e,128373081e505704e4dc6f0f98ce509815411430603ec99f5f98ceb9a2c39e25ce,12d63f385e96ece4f309b5effa3c1a03eef3357a37954a657d76a9389a2107c320,True,null,0,504,844,0,0,0,0,0,1008,10330130,50,4036,1640374,441,2701,0,26,982,0,0,722,7926057,99,498935,623,7427122,0,0,0,0,88,382551,0,0,4,18532,0,0,630,7524974,0,0,205,2665590,722,7926057,8,122169,88,382551,0,0,4,18532,0,0,0,0,0,0,0,0,7,97852,623,7427122,0,0,1,47,13,2160,86,50453,85,227368,294,2722407,243,4923622,0,0,92,401083,426,3578774,202,3901270,2,44930,0,0,0,0,0,0,0,0,0,0,0,0,0,0,0,0,0,0,0,0,0,0,0,0,0,0,0,0,0,0,0,0,0,0,0,0,0,0,0,0,0,0,630,7524974,0,0,630,7524974,7,97852,0,0,0,0,0,0,0,0,0,0,0,0,0,0,0,0,0,0,0,0,0,0,0,0,0,0,0,0,0,0,0,0,0,0,0,0,0,0,657069087,300442,184561664,168534016,0,41146,4096,0,0,184561664,168534016,,,,300442,657069087,300442,657069087,2701,8838249,3987,4036,722,7926057,623,7427122,PASS,722,7926057,[],1331519834,766808875
141,acknowledgement before verifier,performance-result.json#records/140,5a5e1b73733546a5880e1564bce60a43ac0e06b6,f9f675c61e05fb7b4b9e0741a443c4a852b6c56b,ac36de82ab04ad941a3641ce10c4b2c5e8a6cd292b34cae7d441d9d9960fc49e,b0efe339181db8a1f2a74b89390ab2eb777dc63545038e2b9a0121c64edb4c0d,12d63f385e96ece4f309b5effa3c1a03eef3357a37954a657d76a9389a2107c320,12bc0fbf577c054915f44e1fc5808c80f0206769b6081e7af55fe2b0a70cef2477,True,null,0,588,880,0,0,0,0,0,1176,9173146,48,4084,1394048,384,2917,0,66,1094,16,0,751,6787754,90,436453,661,6351301,0,0,0,0,71,301264,0,0,10,19171,0,0,670,6467319,0,0,158,2216424,751,6787754,43,470279,71,301264,0,0,10,19171,0,0,0,0,0,0,2,195,7,115823,661,6351301,0,0,5,208,12,1874,105,60621,145,330238,305,2793268,179,3601545,0,0,81,320435,548,4180572,118,2207171,4,79576,0,0,0,0,0,0,0,0,0,0,0,0,0,0,0,0,0,0,0,0,0,0,0,0,0,0,0,0,0,0,0,0,0,0,0,0,0,0,0,0,0,0,670,6467319,0,0,668,6467124,7,115823,0,0,0,0,0,0,0,0,0,0,0,0,0,0,0,0,0,0,0,0,0,0,0,0,0,0,0,0,0,0,0,0,0,0,0,0,0,0,664767138,303359,184561664,170147840,0,41540,4096,0,0,184561664,170147840,,,,303359,664767138,303359,664767138,2917,7698051,4037,4084,751,6787754,661,6351301,PASS,751,6787754,[],1287194875,618779459
142,acknowledgement before verifier,performance-result.json#records/141,266440c5a782a094087385278ec759d4cf834035,5fcbf5d645826b63ca829b90abb4abf858c6806d,4a14e7837b1726c5d4c6e61eb4160641ddd88ac54a71718cf23623a59025c19d,7cfe8957426d5a1e0c9724e4efd9b24fb603d88aa7a15acf7577b7dc53e29a59,12bc0fbf577c054915f44e1fc5808c80f0206769b6081e7af55fe2b0a70cef2477,12eb25c65e7391bbfe345b90992f1491497c5c34a3b7dc9b12398a1e9cc865b09a,True,null,0,382,637,0,0,0,0,0,764,7486146,45,4129,1708911,359,3018,0,32,720,12,0,739,6175411,290,1393494,449,4781917,0,0,0,0,273,1222544,0,0,10,60329,0,0,456,4892538,0,0,148,2190396,739,6175411,25,345159,273,1222544,0,0,10,60329,0,0,0,0,0,0,1,747,6,109874,449,4781917,0,0,0,0,18,3112,98,57494,182,399599,287,2638196,154,3077010,0,0,283,1282873,340,2698727,110,2069062,6,124749,0,0,0,0,0,0,0,0,0,0,0,0,0,0,0,0,0,0,0,0,0,0,0,0,0,0,0,0,0,0,0,0,0,0,0,0,0,0,0,0,0,0,456,4892538,0,0,455,4891791,6,109874,0,0,0,0,0,0,0,0,0,0,0,0,0,0,0,0,0,0,0,0,0,0,0,0,0,0,0,0,0,0,0,0,0,0,0,0,0,0,671917302,306377,184561664,172056576,0,42006,4096,0,0,184561664,172056576,,,,306377,671917302,306377,671917302,3018,7150164,4085,4129,739,6175411,449,4781917,PASS,739,6175411,[],1190392250,553796584
143,acknowledgement before verifier,performance-result.json#records/142,4b48b2b43995578bf86289aedd2ef54ae75288e6,b9ff8adb60c9752982900c4a4891dd32fb9f4cfc,49b54272fd850f5e90f7961d7c1b044479e42feb8bcc3e3296173c9f73e6628d,bbb26f1424e691fc65be9b34318aa4039b86bb8f90601bbe22208f3a5059ad97,12eb25c65e7391bbfe345b90992f1491497c5c34a3b7dc9b12398a1e9cc865b09a,128e72869a5cba7c9f35730ed3fe8d908356a963bc46c6d962b32d7cb6613ec9fd,True,null,0,536,835,0,0,0,0,0,1072,9181113,40,4169,1043878,328,1889,0,286,786,0,0,518,5729765,15,113715,503,5616050,0,0,0,0,6,32176,0,0,2,2333,0,0,510,5695256,0,0,317,3372461,518,5729765,6,111063,6,32176,0,0,2,2333,0,0,0,0,0,0,0,0,7,79206,503,5616050,0,0,0,0,0,0,50,28238,103,252133,182,1719314,183,3730080,0,0,8,34509,352,2604579,154,2993317,4,97360,0,0,0,0,0,0,0,0,0,0,0,0,0,0,0,0,0,0,0,0,0,0,0,0,0,0,0,0,0,0,0,0,0,0,0,0,0,0,0,0,0,0,510,5695256,0,0,510,5695256,7,79206,0,0,0,0,0,0,0,0,0,0,0,0,0,0,0,0,0,0,0,0,0,0,0,0,0,0,0,0,0,0,0,0,0,0,0,0,0,0,678464419,308266,184561664,173207552,0,42287,4096,0,0,184561664,173207552,,,,308266,678464419,308266,678464419,1889,6547117,4130,4169,518,5729765,503,5616050,PASS,518,5729765,[],1207043291,610734334
144,acknowledgement before verifier,performance-result.json#records/143,837cc95245e8626afb1feeae02a8d2135ca2e883,f57053f4cf53c39a47ab39ed08b4b34ccbd6c9fc,ab365019c58904eec358c25648d502c7e645ac0ad962ca898de3f166bcaddea5,77bfcff74e3ae8e6937d42dd9bbe173203c41afccc4df38b917e38ae36459b04,128e72869a5cba7c9f35730ed3fe8d908356a963bc46c6d962b32d7cb6613ec9fd,12298e20963a0226e514b9283c7871f598686bc5b5626ee430d1e7e4ecd6d8f80d,True,null,0,1131,1453,0,0,0,0,0,2262,12268233,70,4239,2334492,548,5264,0,222,2040,0,0,1338,10037567,168,865561,1170,9172006,0,0,0,0,151,753734,0,0,4,31782,0,0,1183,9252051,0,0,306,3106132,1338,10037567,12,167886,151,753734,0,0,4,31782,0,0,0,0,0,0,2,905,11,79140,1170,9172006,0,0,0,0,8,1411,205,110558,427,924750,443,3936891,255,5063957,0,0,155,785516,1035,6632860,140,2468516,8,150675,0,0,0,0,0,0,0,0,0,0,0,0,0,0,0,0,0,0,0,0,0,0,0,0,0,0,0,0,0,0,0,0,0,0,0,0,0,0,0,0,0,0,1183,9252051,0,0,1181,9251146,11,79140,0,0,0,0,0,0,0,0,0,0,0,0,0,0,0,0,0,0,0,0,0,0,0,0,0,0,0,0,0,0,0,0,0,0,0,0,0,0,689695264,313530,184561664,175874048,0,42938,4096,0,0,184561664,175874048,,,,313530,689695264,313530,689695264,5264,11230845,4170,4239,1338,10037567,1170,9172006,PASS,1338,10037567,[],1826665083,874232000
145,acknowledgement before verifier,performance-result.json#records/144,5f135ea9778ee617290fc567eae415e4a0bbee00,9cc89dd4f5de4719fbeb53a611d849f3d0c04236,04257c2ad236b9b6be0cde87635e4a92490ca058d69c502c5c5fff9ebe863002,4576268e2ad45a4b69fbc195a41c61fab964349a1cc825b2adc87a1de1098f8b,12298e20963a0226e514b9283c7871f598686bc5b5626ee430d1e7e4ecd6d8f80d,12a0493a5083e8e10e9709915ef7eee47b5e4136975d7ac1007cc807f790714fee,True,null,0,1113,1586,0,0,0,0,0,2226,15478279,81,4320,2456834,660,5347,0,148,2044,34,0,1408,12281512,199,1382619,1209,10898893,0,0,0,0,159,788671,0,0,9,66949,0,0,1240,11425892,0,0,276,3239136,1408,12281512,71,756876,159,788671,0,0,9,66949,0,0,0,0,0,0,1,1735,30,525264,1209,10898893,0,0,1,47,8,1445,143,82356,425,918722,502,4642774,329,6636168,0,0,168,855620,998,6987054,234,4271013,8,167825,0,0,0,0,0,0,0,0,0,0,0,0,0,0,0,0,0,0,0,0,0,0,0,0,0,0,0,0,0,0,0,0,0,0,0,0,0,0,0,0,0,0,1240,11425892,0,0,1239,11424157,30,525264,0,0,0,0,0,0,0,0,0,0,0,0,0,0,0,0,0,0,0,0,0,0,0,0,0,0,0,0,0,0,0,0,0,0,0,0,0,0,703138085,318877,184561664,178659328,0,43618,4096,0,0,184561664,178659328,,,,318877,703138085,318877,703138085,5347,13442821,4240,4320,1408,12281512,1209,10898893,PASS,1408,12281512,[],1973357541,1011475375
146,acknowledgement before verifier,performance-result.json#records/145,6c63e708b855eef1cc5a3c274876b055f961a475,c4083b7687120da31e3a7c907dcc5f18721269a3,3f21c9477000519e8bfa3f147922c7d54121db9bcd2f5ee198f5ee2a8f9c045d,a6970d606d1c5274eef6b6eacc17917354a88f15ec49a1fb2abb66b88ad56dbf,12a0493a5083e8e10e9709915ef7eee47b5e4136975d7ac1007cc807f790714fee,127219c896c72724fbaef819095c31fe493ee3c57bb0dc716d2356d1d0abd37762,True,null,0,410,751,0,0,0,0,0,820,9528420,30,4350,1026996,277,1428,0,234,552,34,0,383,4699236,7,55590,376,4643646,0,0,0,0,3,7089,0,0,1,500,0,0,379,4691647,0,0,310,4166569,383,4699236,61,669704,3,7089,0,0,1,500,0,0,0,0,0,0,0,0,3,48001,376,4643646,0,0,0,0,0,0,24,12833,35,100674,176,1627680,148,2958049,0,0,4,7589,265,2484765,112,2166083,2,40799,0,0,0,0,0,0,0,0,0,0,0,0,0,0,0,0,0,0,0,0,0,0,0,0,0,0,0,0,0,0,0,0,0,0,0,0,0,0,0,0,0,0,379,4691647,0,0,379,4691647,3,48001,0,0,0,0,0,0,0,0,0,0,0,0,0,0,0,0,0,0,0,0,0,0,0,0,0,0,0,0,0,0,0,0,0,0,0,0,0,0,708619527,320305,184561664,179806208,0,43898,4096,0,0,184561664,179806208,,,,320305,708619527,320305,708619527,1428,5481442,4321,4350,383,4699236,376,4643646,PASS,383,4699236,[],1466225417,533890875
147,acknowledgement before verifier,performance-result.json#records/146,ac640398436c204df1cf4ad33f0ead1ff6d542ad,c410b5b1c52492de845b7619f1ba85d18067f6b3,0ecfcb02c029d041ab3eed3821b791baf7c1130e7ef2a885c3b57008a92513b2,1b3739990e2fdc5993595dacc1d80f30353fe05a3fc5d6d6bb43041ca1baf084,127219c896c72724fbaef819095c31fe493ee3c57bb0dc716d2356d1d0abd37762,123cead01ee582bc7015676de27ff9f2686deb016afc4da1b2d71a94cfbe88181f,True,null,0,695,1085,0,0,0,0,0,1390,12162489,31,4381,1114453,242,1808,0,680,676,34,0,449,3878703,81,792111,368,3086592,0,0,0,0,59,558556,0,0,4,87946,0,0,386,3232201,0,0,649,8159440,449,3878703,66,741764,59,558556,0,0,4,87946,0,0,0,0,0,0,0,0,18,145609,368,3086592,0,0,0,0,1,236,106,60271,67,188600,174,1505506,101,2124090,0,0,63,646502,340,2398619,45,808071,1,25511,0,0,0,0,0,0,0,0,0,0,0,0,0,0,0,0,0,0,0,0,0,0,0,0,0,0,0,0,0,0,0,0,0,0,0,0,0,0,0,0,0,0,386,3232201,0,0,386,3232201,18,145609,0,0,0,0,0,0,0,0,0,0,0,0,0,0,0,0,0,0,0,0,0,0,0,0,0,0,0,0,0,0,0,0,0,0,0,0,0,0,713347948,322113,184561664,181010432,0,44192,4096,0,0,184561664,181010432,,,,322113,713347948,322113,713347948,1808,4728421,4351,4381,449,3878703,368,3086592,PASS,449,3878703,[],1808795500,468302791
148,acknowledgement before verifier,performance-result.json#records/147,01141e619a1d44b1c9a39bc1107b4a7fd9333e3d,3e72dcfbd76844ca09151af5529b0d5c3ae4e8b2,035c78a2be1ab4b4b47ffd11f16b077b1071a485432e8cf33a943b4587b4e895,4bc228380264c537e7a3edf316a637c2a72945ceb8d87b5e9ece7eb14ca622fa,123cead01ee582bc7015676de27ff9f2686deb016afc4da1b2d71a94cfbe88181f,12100626200eebe480f3daa2b1e8cfa34199c11156a7bb55ba9e1d5521f42e5257,True,null,0,147,292,0,0,0,0,0,294,3831051,22,4403,1093781,192,965,0,14,280,0,0,262,2986686,80,937440,182,2049246,0,0,0,0,70,818206,0,0,4,8637,0,0,188,2159843,0,0,100,1628118,262,2986686,4,68203,70,818206,0,0,4,8637,0,0,0,0,0,0,0,0,6,110597,182,2049246,0,0,0,0,1,176,42,23778,31,77357,91,855270,97,2030105,0,0,74,826843,132,1065731,51,980500,5,113612,0,0,0,0,0,0,0,0,0,0,0,0,0,0,0,0,0,0,0,0,0,0,0,0,0,0,0,0,0,0,0,0,0,0,0,0,0,0,0,0,0,0,188,2159843,0,0,188,2159843,6,110597,0,0,0,0,0,0,0,0,0,0,0,0,0,0,0,0,0,0,0,0,0,0,0,0,0,0,0,0,0,0,0,0,0,0,0,0,0,0,716999526,323078,184561664,182153216,0,44471,4096,0,0,184561664,182153216,,,,323078,716999526,323078,716999526,965,3651578,4382,4403,262,2986686,182,2049246,PASS,262,2986686,[],1015805959,348379875
149,acknowledgement before verifier,performance-result.json#records/148,6e5ed52aedd57cb18f5e2851f3cc8d0e8d7143d2,a24f5ce2eefeba4b77e7359173d38a4670858497,9fa5338b528fd06501bf5e9a500af61913a7179ef040a9626b3ad3a0ce9257b3,70a147d99b575345cf8ed32636665815bbce38efc4e88c27ede6a037490f18f3,12100626200eebe480f3daa2b1e8cfa34199c11156a7bb55ba9e1d5521f42e5257,12fdc949311770ae563dad46dc20f89c7d3aa36400c0ba76776525bbbd4cac8073,True,null,0,90,202,0,0,0,0,0,180,2791721,9,4412,322618,74,417,0,82,98,0,0,78,700643,15,66218,63,634425,0,0,0,0,14,64785,0,0,1,1433,0,0,63,634425,0,0,147,2168850,78,700643,4,68203,14,64785,0,0,1,1433,0,0,0,0,0,0,0,0,0,0,63,634425,0,0,1,63,1,137,12,6973,15,36729,30,261867,19,394874,0,0,15,66218,50,361912,12,240315,1,32198,0,0,0,0,0,0,0,0,0,0,0,0,0,0,0,0,0,0,0,0,0,0,0,0,0,0,0,0,0,0,0,0,0,0,0,0,0,0,0,0,0,0,63,634425,0,0,63,634425,0,0,0,0,0,0,0,0,0,0,0,0,0,0,0,0,0,0,0,0,0,0,0,0,0,0,0,0,0,0,0,0,0,0,0,0,0,0,0,0,718224061,323495,184561664,182517760,0,44560,4096,0,0,184561664,182517760,,,,323495,718224061,323495,718224061,417,1224535,4404,4412,78,700643,63,634425,PASS,78,700643,[],941019125,179977875
150,acknowledgement before verifier,performance-result.json#records/149,51c65c790df97afdc8597d8e76dbe89609f16320,e76f3b4b6635d56971693b11452d36802364437a,7b0a8f3af7763321942ad61c5e962b37c3b0464b6d2f8b6345456b48331c0cda,0434e66aed758f729884d6d598bb12b4b6628a620dfbde45a097670d71f78492,12fdc949311770ae563dad46dc20f89c7d3aa36400c0ba76776525bbbd4cac8073,12a0d95094fe08742389f37af4d45f0185f0dede05ad905d72cc1e32e2f4c57b05,True,null,0,2189,2734,0,0,0,0,0,4378,21905504,118,4530,3957851,944,9874,0,290,4000,88,0,2440,18437744,220,1438180,2220,16999564,0,0,0,0,137,749549,0,0,12,41927,0,0,2291,17646268,0,0,398,4232303,2440,18437744,97,801214,137,749549,0,0,12,41927,0,0,0,0,0,0,2,1386,69,645318,2220,16999564,0,0,0,0,60,10673,541,294543,474,1067084,931,8460372,434,8605072,0,0,149,791476,1948,11246905,334,6181179,9,218184,0,0,0,0,0,0,0,0,0,0,0,0,0,0,0,0,0,0,0,0,0,0,0,0,0,0,0,0,0,0,0,0,0,0,0,0,0,0,0,0,0,0,2291,17646268,0,0,2289,17644882,69,645318,0,0,0,0,0,0,0,0,0,0,0,0,0,0,0,0,0,0,0,0,0,0,0,0,0,0,0,0,0,0,0,0,0,0,0,0,0,0,738195402,333369,201338880,187035648,0,45663,4096,0,0,201338880,187035648,,,,333369,738195402,333369,738195402,9874,19971341,4413,4530,2440,18437744,2220,16999564,PASS,2440,18437744,[],3147961125,1675761875
151,acknowledgement before verifier,performance-result.json#records/150,731f1268d13ed89fccb1e8841a42f3808858134d,9ab3f52902b3b60e1f229f753087d632a2f29ca3,c4c11b0cc3f5164cfee32423f7cb904f61bae256e2f8564a595514f6201c2bed,6af877c30d4e6225bcc7c66c77087f508ea890b2d2e9ef4c59291b2456fc7360,12a0d95094fe08742389f37af4d45f0185f0dede05ad905d72cc1e32e2f4c57b05,123db36c467581a2be0707d3b96f3e141ac4c0142618eccd7c0e050ced4b6e5157,True,null,0,669,884,0,0,0,0,0,1338,7449550,41,4571,1349606,336,3147,0,70,1266,2,0,805,5789697,104,680296,701,5109401,0,0,0,0,79,556004,0,0,4,7880,0,0,722,5225813,0,0,154,2174332,805,5789697,7,64072,79,556004,0,0,4,7880,0,0,0,0,0,0,0,0,21,116412,701,5109401,0,0,0,0,2,461,136,79477,282,562665,240,2221139,145,2925955,0,0,83,563884,618,3292466,99,1834338,5,99009,0,0,0,0,0,0,0,0,0,0,0,0,0,0,0,0,0,0,0,0,0,0,0,0,0,0,0,0,0,0,0,0,0,0,0,0,0,0,0,0,0,0,722,5225813,0,0,722,5225813,21,116412,0,0,0,0,0,0,0,0,0,0,0,0,0,0,0,0,0,0,0,0,0,0,0,0,0,0,0,0,0,0,0,0,0,0,0,0,0,0,744906816,336516,201338880,188588032,0,46042,4096,0,0,201338880,188588032,,,,336516,744906816,336516,744906816,3147,6711414,4531,4571,805,5789697,701,5109401,PASS,805,5789697,[],1821074708,619522750
152,acknowledgement before verifier,performance-result.json#records/151,97fe39920ad466b41b8112fa548fba4afca39ec5,03e1783b79c68ca78889ad7fe4f94f6d20d16d75,3c7e2c8d0b1985eae0d7fa1b9d574a2a2378d31d56ee6fcfa6aa867e113ece46,8d90deb8a44ce0ecf2fc68fe096109bce1cdb61bc813edd7fd6120344c372b25,123db36c467581a2be0707d3b96f3e141ac4c0142618eccd7c0e050ced4b6e5157,121309e9870b34825950ecce39e65da6124b3a2c771123b35e8b5a4d3394c8b136,True,null,0,947,1228,0,0,0,0,0,1894,10406872,38,4609,1450924,309,3069,0,650,1242,2,0,764,5164027,85,422391,679,4741636,0,0,0,0,50,212077,0,0,9,40878,0,0,705,4911072,0,0,548,5657890,764,5164027,6,64214,50,212077,0,0,9,40878,0,0,0,0,0,0,1,1078,25,168358,679,4741636,0,0,0,0,4,591,90,57515,333,633366,205,1851934,132,2620621,0,0,59,252955,610,3088141,93,1786894,2,36037,0,0,0,0,0,0,0,0,0,0,0,0,0,0,0,0,0,0,0,0,0,0,0,0,0,0,0,0,0,0,0,0,0,0,0,0,0,0,0,0,0,0,705,4911072,0,0,704,4909994,25,168358,0,0,0,0,0,0,0,0,0,0,0,0,0,0,0,0,0,0,0,0,0,0,0,0,0,0,0,0,0,0,0,0,0,0,0,0,0,0,751033806,339585,201338880,190251008,0,46448,4096,0,0,201338880,190251008,,,,339585,751033806,339585,751033806,3069,6126990,4572,4609,764,5164027,679,4741636,PASS,764,5164027,[],1787263958,650801458
153,acknowledgement before verifier,performance-result.json#records/152,b25d4faaaa5457a7e2bf5163c6f3a6c2e7c6b5aa,35889c0ff2ed624a2c16cec0e85d9e90fd20fa65,2f3f4429ed15c13e2bbc5ff18aa26e5da5d29f0a8ddd4721cd14126d3043ae65,56857f1bfbfa9b465bce486f1def9eba658434f6a04f9f30c77928dd677c098a,121309e9870b34825950ecce39e65da6124b3a2c771123b35e8b5a4d3394c8b136,12828ec2433347204eca36e313c9fd021b311b0df4b3b05600afd2efb3190d2c75,True,null,0,1753,2269,0,0,0,0,0,3506,19903657,170,4779,7210692,1242,14484,0,206,3284,16,0,3635,24381642,1783,8954762,1852,15426880,0,0,0,0,1719,8178842,0,0,23,288271,0,0,1893,15914529,0,0,395,4019208,3635,24381642,17,119870,1719,8178842,0,0,23,288271,0,0,0,0,0,0,1,3710,40,483939,1852,15426880,0,0,0,0,25,4769,847,470285,730,1847590,1565,12817437,468,9241561,0,0,1742,8467113,1585,10255681,298,5421786,10,237062,0,0,0,0,0,0,0,0,0,0,0,0,0,0,0,0,0,0,0,0,0,0,0,0,0,0,0,0,0,0,0,0,0,0,0,0,0,0,0,0,0,0,1893,15914529,0,0,1892,15910819,40,483939,0,0,0,0,0,0,0,0,0,0,0,0,0,0,0,0,0,0,0,0,0,0,0,0,0,0,0,0,0,0,0,0,0,0,0,0,0,0,777446145,354069,201338880,198369280,0,48430,4096,0,0,201338880,198369280,,,,354069,777446145,354069,777446145,14484,26412339,4610,4779,3635,24381642,1852,15426880,PASS,3635,24381642,[],4444575583,1749082291
154,acknowledgement before verifier,performance-result.json#records/153,5c8e1b53de2b203d953330d7c379ed22f0c7484c,4c86596dce8a58de1d120b862c47159f02558b9b,72ba2fc08b56754c92a40767ba8be8a25956b515c00ab7178de0a1510fb9e25d,3bf8bf945489065a7e3be91029d6ed00376d38d869dd91266f79f80fb1ad9d5e,12828ec2433347204eca36e313c9fd021b311b0df4b3b05600afd2efb3190d2c75,12c3e5374eb1b0c3c5128956146f436aa65868d926a05740042086a3203531da1a,True,null,0,305,575,0,0,0,0,0,610,7478454,32,4811,1310961,276,1817,0,46,546,18,0,452,4681692,105,529069,347,4152623,0,0,0,0,85,342868,0,0,5,43581,0,0,362,4295243,0,0,169,2647278,452,4681692,39,492352,85,342868,0,0,5,43581,0,0,0,0,0,0,2,743,13,141877,347,4152623,0,0,1,49,1,249,73,38828,61,161253,185,1824827,131,2656486,0,0,90,386449,245,2091975,116,2172632,1,30636,0,0,0,0,0,0,0,0,0,0,0,0,0,0,0,0,0,0,0,0,0,0,0,0,0,0,0,0,0,0,0,0,0,0,0,0,0,0,0,0,0,0,362,4295243,0,0,360,4294500,13,141877,0,0,0,0,0,0,0,0,0,0,0,0,0,0,0,0,0,0,0,0,0,0,0,0,0,0,0,0,0,0,0,0,0,0,0,0,0,0,782965923,355886,201338880,199790592,0,48777,4096,0,0,201338880,199790592,,,,355886,782965923,355886,782965923,1817,5519778,4780,4811,452,4681692,347,4152623,PASS,452,4681692,[],1615001000,551667583
155,acknowledgement before verifier,performance-result.json#records/154,eb17028720b98ddd4212a2c7b57600903200e0ff,b8d0518d78bfc40438bf070b4ae1d28f04c3c0ab,9380dea5834112be66356a9915928d1b8b389aac780e729f17df3d63cfaeb67e,9fc141f948c6ae5737c60d4ae8bf15dfeeb0e68665fc2ff35596137352933d0f,12c3e5374eb1b0c3c5128956146f436aa65868d926a05740042086a3203531da1a,12eecff935f837a159c98b0b57b26ee8c6177a8daf0248cd6bd6ab5341b34e244d,True,null,0,3593,4255,0,0,0,0,0,7186,31281233,17,4828,1101824,129,2370,0,7040,100,46,0,107,1019562,50,344545,57,675017,0,0,0,0,42,259348,0,0,0,0,0,0,65,760214,0,0,6920,42952154,107,1019562,125,385395,42,259348,0,0,0,0,0,0,0,0,0,0,0,0,8,85197,57,675017,0,0,0,0,0,0,19,9933,16,39661,39,325819,33,644149,0,0,42,259348,49,451685,15,282957,1,25572,0,0,0,0,0,0,0,0,0,0,0,0,0,0,0,0,0,0,0,0,0,0,0,0,0,0,0,0,0,0,0,0,0,0,0,0,0,0,0,0,0,0,65,760214,0,0,65,760214,8,85197,0,0,0,0,0,0,0,0,0,0,0,0,0,0,0,0,0,0,0,0,0,0,0,0,0,0,0,0,0,0,0,0,0,0,0,0,0,0,785093541,358256,201338880,201027584,0,49079,4096,0,0,201338880,201027584,,,,358256,785093541,358256,785093541,2370,2127618,4812,4828,107,1019562,57,675017,PASS,107,1019562,[],7303757250,1214249584
156,acknowledgement before verifier,performance-result.json#records/155,ea222a1f729f15efb1cbd210b40c535a9111b7d7,655fb08266de8486cbaffcf5edc6a21dd3b4abfe,42fddb5bde3bd6e5879586519cc364443623dc0072173550f68f105947e77d0c,4b0fde24f95265999aa5ecc990e0dddf3e4529f340cd7c952025c7e04148cd1f,12eecff935f837a159c98b0b57b26ee8c6177a8daf0248cd6bd6ab5341b34e244d,12d194d44cd0be9b74f0e05a3c3e1ea8544a1842aff8f0fa1e0104c64f9bf34379,True,null,0,3111,3795,0,0,0,0,0,6222,31824741,21,4849,1047024,177,2332,0,5996,226,0,0,150,1937453,26,272262,124,1665191,0,0,0,0,13,100913,0,0,0,0,0,0,137,1836540,0,0,5496,38298122,150,1937453,106,846496,13,100913,0,0,0,0,0,0,0,0,0,0,0,0,13,171349,124,1665191,0,0,0,0,0,0,13,6314,10,22119,61,559057,66,1349963,0,0,13,100913,83,785401,50,960918,4,90221,0,0,0,0,0,0,0,0,0,0,0,0,0,0,0,0,0,0,0,0,0,0,0,0,0,0,0,0,0,0,0,0,0,0,0,0,0,0,0,0,0,0,137,1836540,0,0,137,1836540,13,171349,0,0,0,0,0,0,0,0,0,0,0,0,0,0,0,0,0,0,0,0,0,0,0,0,0,0,0,0,0,0,0,0,0,0,0,0,0,0,788162559,360588,218116096,202182656,0,49361,4096,0,0,218116096,202182656,,,,360588,788162559,360588,788162559,2332,3069018,4829,4849,150,1937453,124,1665191,PASS,150,1937453,[],5859647750,1009455375
157,acknowledgement before verifier,performance-result.json#records/156,b0a7d2ce3b4c19d7452e364b2d7acbfa87e707ed,0175125b5dc4dd08965eb576b7c8aee28a73e0c3,10e705a338baa86a1656c4b462aa27e9a3f6381d74b4f0fd31bd82c80d295e3c,96360fa03b999e2726908f6e162bbba3a9e3bd3f52422e4402798447e9dd9626,12d194d44cd0be9b74f0e05a3c3e1ea8544a1842aff8f0fa1e0104c64f9bf34379,125d0e66647b54f2194ca6edfbf40a00c8b44ac554a9149158922d00cd223385a1,True,null,0,3763,4627,0,0,0,0,0,7526,37957345,68,4917,2994783,557,5697,0,5944,1504,78,0,1176,9833601,345,2466512,831,7367089,0,0,0,0,259,1559361,0,0,17,189954,0,0,900,8084286,0,0,6123,41644537,1176,9833601,92,615776,259,1559361,0,0,17,189954,0,0,0,0,0,0,0,0,69,717197,831,7367089,0,0,0,0,3,654,153,93109,381,756950,364,3465712,275,5517176,0,0,276,1749315,727,4701593,163,3146616,10,236077,0,0,0,0,0,0,0,0,0,0,0,0,0,0,0,0,0,0,0,0,0,0,0,0,0,0,0,0,0,0,0,0,0,0,0,0,0,0,0,0,0,0,900,8084286,0,0,900,8084286,69,717197,0,0,0,0,0,0,0,0,0,0,0,0,0,0,0,0,0,0,0,0,0,0,0,0,0,0,0,0,0,0,0,0,0,0,0,0,0,0,799495401,366285,218116096,205524992,0,50177,4096,0,0,218116096,205524992,,,,366285,799495401,366285,799495401,5697,11332842,4850,4917,1176,9833601,831,7367089,PASS,1176,9833601,[],7125932625,1651287958
