index,snapshot,status,provenance,sha,tree,ordinal,oracle_sha256,manifest_sha256,logical_bytes,files,transfer_ns,step_wall_ns,canonical_bytes,canonical_objects,database_allocated_bytes,database_logical_bytes,freelist_page_count,page_count,page_size_bytes,sidecar_allocated_bytes,sidecar_logical_bytes,store_allocated_bytes,store_apparent_bytes,prior_mapping,resulting_mapping,created,preparation_ns,observer_ns,free_disk_bytes,persisted_new_pack_ids,first_admission_provenance,allocation_adjustment_bytes,change_store_allocated_bytes,change_database_logical_bytes,change_canonical_bytes,change_canonical_objects,init_elapsed_ns,init_host_cpu_ns,init_host_disk_read_bytes,init_host_disk_write_bytes,init_host_footprint_bytes,init_host_lifetime_peak_rss_bytes,init_host_rss_bytes,init_physical_storage_absent_predecessors,init_physical_storage_base_fetches,init_physical_storage_blob_ranges,init_physical_storage_budget_skips,init_physical_storage_candidate_trials,init_physical_storage_correspondence_budget_skips,init_physical_storage_correspondence_descriptors,init_physical_storage_correspondence_reserved_bytes,init_physical_storage_decoded_read_bytes,init_physical_storage_decompression_calls,init_physical_storage_delta_selected,init_physical_storage_eligible_targets,init_physical_storage_encoded_read_bytes,init_physical_storage_encoding_calls,init_physical_storage_encoding_ns,init_physical_storage_fetch_budget_skips,init_physical_storage_full_alternative_bytes,init_physical_storage_full_selected,init_physical_storage_group_fetches,init_physical_storage_instruction_budget_skips,init_physical_storage_match_budget_skips,init_physical_storage_match_comparisons,init_physical_storage_matching_ns,init_physical_storage_memory_budget_skips,init_physical_storage_mixed_alternative_bytes,init_physical_storage_predecessor_hints,init_physical_storage_rejected_mixed_groups,init_physical_storage_seed_hash_bytes,init_physical_storage_selected_encoded_bytes,init_physical_storage_targets_without_hints,init_physical_storage_usable_bases,init_success,fork_elapsed_ns,fork_host_cpu_ns,fork_host_disk_read_bytes,fork_host_disk_write_bytes,fork_host_footprint_bytes,fork_host_lifetime_peak_rss_bytes,fork_host_rss_bytes,fork_physical_storage_absent_predecessors,fork_physical_storage_base_fetches,fork_physical_storage_blob_ranges,fork_physical_storage_budget_skips,fork_physical_storage_candidate_trials,fork_physical_storage_correspondence_budget_skips,fork_physical_storage_correspondence_descriptors,fork_physical_storage_correspondence_reserved_bytes,fork_physical_storage_decoded_read_bytes,fork_physical_storage_decompression_calls,fork_physical_storage_delta_selected,fork_physical_storage_eligible_targets,fork_physical_storage_encoded_read_bytes,fork_physical_storage_encoding_calls,fork_physical_storage_encoding_ns,fork_physical_storage_fetch_budget_skips,fork_physical_storage_full_alternative_bytes,fork_physical_storage_full_selected,fork_physical_storage_group_fetches,fork_physical_storage_instruction_budget_skips,fork_physical_storage_match_budget_skips,fork_physical_storage_match_comparisons,fork_physical_storage_matching_ns,fork_physical_storage_memory_budget_skips,fork_physical_storage_mixed_alternative_bytes,fork_physical_storage_predecessor_hints,fork_physical_storage_rejected_mixed_groups,fork_physical_storage_seed_hash_bytes,fork_physical_storage_selected_encoded_bytes,fork_physical_storage_targets_without_hints,fork_physical_storage_usable_bases,fork_success,mount_elapsed_ns,mount_host_cpu_ns,mount_host_disk_read_bytes,mount_host_disk_write_bytes,mount_host_footprint_bytes,mount_host_lifetime_peak_rss_bytes,mount_host_rss_bytes,mount_physical_storage_absent_predecessors,mount_physical_storage_base_fetches,mount_physical_storage_blob_ranges,mount_physical_storage_budget_skips,mount_physical_storage_candidate_trials,mount_physical_storage_correspondence_budget_skips,mount_physical_storage_correspondence_descriptors,mount_physical_storage_correspondence_reserved_bytes,mount_physical_storage_decoded_read_bytes,mount_physical_storage_decompression_calls,mount_physical_storage_delta_selected,mount_physical_storage_eligible_targets,mount_physical_storage_encoded_read_bytes,mount_physical_storage_encoding_calls,mount_physical_storage_encoding_ns,mount_physical_storage_fetch_budget_skips,mount_physical_storage_full_alternative_bytes,mount_physical_storage_full_selected,mount_physical_storage_group_fetches,mount_physical_storage_instruction_budget_skips,mount_physical_storage_match_budget_skips,mount_physical_storage_match_comparisons,mount_physical_storage_matching_ns,mount_physical_storage_memory_budget_skips,mount_physical_storage_mixed_alternative_bytes,mount_physical_storage_predecessor_hints,mount_physical_storage_rejected_mixed_groups,mount_physical_storage_seed_hash_bytes,mount_physical_storage_selected_encoded_bytes,mount_physical_storage_targets_without_hints,mount_physical_storage_usable_bases,mount_success,exec_elapsed_ns,exec_host_cpu_ns,exec_host_disk_read_bytes,exec_host_disk_write_bytes,exec_host_footprint_bytes,exec_host_lifetime_peak_rss_bytes,exec_host_rss_bytes,exec_physical_storage_absent_predecessors,exec_physical_storage_base_fetches,exec_physical_storage_blob_ranges,exec_physical_storage_budget_skips,exec_physical_storage_candidate_trials,exec_physical_storage_correspondence_budget_skips,exec_physical_storage_correspondence_descriptors,exec_physical_storage_correspondence_reserved_bytes,exec_physical_storage_decoded_read_bytes,exec_physical_storage_decompression_calls,exec_physical_storage_delta_selected,exec_physical_storage_eligible_targets,exec_physical_storage_encoded_read_bytes,exec_physical_storage_encoding_calls,exec_physical_storage_encoding_ns,exec_physical_storage_fetch_budget_skips,exec_physical_storage_full_alternative_bytes,exec_physical_storage_full_selected,exec_physical_storage_group_fetches,exec_physical_storage_instruction_budget_skips,exec_physical_storage_match_budget_skips,exec_physical_storage_match_comparisons,exec_physical_storage_matching_ns,exec_physical_storage_memory_budget_skips,exec_physical_storage_mixed_alternative_bytes,exec_physical_storage_predecessor_hints,exec_physical_storage_rejected_mixed_groups,exec_physical_storage_seed_hash_bytes,exec_physical_storage_selected_encoded_bytes,exec_physical_storage_targets_without_hints,exec_physical_storage_usable_bases,exec_success,commit_elapsed_ns,commit_host_cpu_ns,commit_host_disk_read_bytes,commit_host_disk_write_bytes,commit_host_footprint_bytes,commit_host_lifetime_peak_rss_bytes,commit_host_rss_bytes,commit_physical_storage_absent_predecessors,commit_physical_storage_base_fetches,commit_physical_storage_blob_ranges,commit_physical_storage_budget_skips,commit_physical_storage_candidate_trials,commit_physical_storage_correspondence_budget_skips,commit_physical_storage_correspondence_descriptors,commit_physical_storage_correspondence_reserved_bytes,commit_physical_storage_decoded_read_bytes,commit_physical_storage_decompression_calls,commit_physical_storage_delta_selected,commit_physical_storage_eligible_targets,commit_physical_storage_encoded_read_bytes,commit_physical_storage_encoding_calls,commit_physical_storage_encoding_ns,commit_physical_storage_fetch_budget_skips,commit_physical_storage_full_alternative_bytes,commit_physical_storage_full_selected,commit_physical_storage_group_fetches,commit_physical_storage_instruction_budget_skips,commit_physical_storage_match_budget_skips,commit_physical_storage_match_comparisons,commit_physical_storage_matching_ns,commit_physical_storage_memory_budget_skips,commit_physical_storage_mixed_alternative_bytes,commit_physical_storage_predecessor_hints,commit_physical_storage_rejected_mixed_groups,commit_physical_storage_seed_hash_bytes,commit_physical_storage_selected_encoded_bytes,commit_physical_storage_targets_without_hints,commit_physical_storage_usable_bases,commit_success,candidate_objects,candidate_bytes,inserted_objects,inserted_bytes,reused_objects,reused_bytes,batch_inserted_objects,batch_inserted_bytes,final_inserted_objects,final_inserted_bytes,preexisting_reused_objects,preexisting_reused_bytes,admission_transactions,max_transaction_objects,max_transaction_bytes,fuse_write_requests_cumulative,fuse_write_bytes_cumulative,step_unattributed_ns,cgroup_high,cgroup_low,cgroup_max,cgroup_memory_current,cgroup_memory_peak,cgroup_memory_stat_bytes_anon,cgroup_memory_stat_bytes_file,cgroup_memory_stat_bytes_file_dirty,cgroup_memory_stat_bytes_file_writeback,cgroup_memory_stat_bytes_kernel,cgroup_memory_stat_bytes_shmem,cgroup_memory_stat_bytes_slab,cgroup_nr_bursts,cgroup_nr_periods,cgroup_nr_throttled,cgroup_oom,cgroup_oom_group_kill,cgroup_oom_kill,cgroup_swap_current,host_runtime_disk_allocated_bytes,host_runtime_disk_apparent_bytes,spool_disk_allocated_bytes,spool_disk_apparent_bytes,container_staging_allocated_bytes,cgroup_burst_ns_cumulative,cgroup_burst_ns_boundary_delta,cgroup_nice_ns_cumulative,cgroup_nice_ns_boundary_delta,cgroup_system_ns_cumulative,cgroup_system_ns_boundary_delta,cgroup_throttled_ns_cumulative,cgroup_throttled_ns_boundary_delta,cgroup_usage_ns_cumulative,cgroup_usage_ns_boundary_delta,cgroup_user_ns_cumulative,cgroup_user_ns_boundary_delta,verified_entries,verified_bytes,commit_call_count,exec_process_count,sdk_edit_call_count,sdk_edit_member_count
0,performance acknowledgement before historical verification,measured,deepseek-full/performance-result.json#ready,null,null,null,null,null,null,null,null,null,1050,12,69632,69632,0,17,4096,0,0,69632,69632,initial,initial,null,null,null,null,null,null,0,null,null,null,null,987083,1010209,0,0,2949480,5554176,5554176,2,0,0,0,0,0,0,0,0,0,0,2,0,2,117209,0,819,12,0,0,0,0,0,0,0,0,0,0,819,2,0,True,77416,80250,0,0,2982248,5783552,5783552,0,0,0,0,0,0,0,0,0,0,0,0,0,0,0,0,0,0,0,0,0,0,0,0,0,0,0,0,0,0,0,True,10174208,2345250,0,4096,3195240,6914048,6914048,0,0,30,0,0,0,0,0,8512,8,0,0,6120,0,0,0,0,0,10,0,0,0,0,0,0,0,0,0,0,0,0,True,null,null,null,null,null,null,null,null,null,null,null,null,null,null,null,null,null,null,null,null,null,null,null,null,null,null,null,null,null,null,null,null,null,null,null,null,null,null,null,null,null,null,null,null,null,null,null,null,null,null,null,null,null,null,null,null,null,null,null,null,null,null,null,null,null,null,null,null,null,null,null,null,null,null,null,null,null,null,null,null,null,null,null,null,null,null,null,null,null,null,null,null,null,null,null,null,null,null,null,null,null,null,null,null,null,null,null,null,null,null,null,null,null,null,null,null,null,null,null,null,null,null,null,null,null,null,null,null,null,null,null,null,null,null,null,null,null,null
1,performance acknowledgement before historical verification,measured,deepseek-full/performance-result.json#records/0,ca4e1c3a1c61129bd95ee57dd744bc53c2e635bb,a1b6dc6ff544ac011c47e5dc4c1f4bb2b399c108,100,9ff51404fe3ea33de4b70d33c2f3241780ab866768d59b15c183b5211c327f02,cf2213377cb9f62a7244f55ec80133935d1fcefed4e5e86bd1c7341a33309a47,1499109,276,386312292,577676834,1633857,1350,729088,729088,0,178,4096,0,0,729088,729088,initial,12f8c38346da5d1a1b17a44db60e4ec28e3a696a79f0a9065650d3478f9cbc4e37,True,null,null,null,null,null,0,659456,659456,1632807,1338,null,null,null,null,null,null,null,null,null,null,null,null,null,null,null,null,null,null,null,null,null,null,null,null,null,null,null,null,null,null,null,null,null,null,null,null,null,null,null,null,null,null,null,null,null,null,null,null,null,null,null,null,null,null,null,null,null,null,null,null,null,null,null,null,null,null,null,null,null,null,null,null,null,null,null,null,null,null,null,null,null,null,null,null,null,null,null,null,null,null,null,null,null,null,null,null,null,null,null,null,null,null,null,null,null,null,null,null,null,null,null,null,null,null,null,null,null,157910125,3177041,0,8192,4178280,8060928,8044544,0,0,6,0,0,0,0,0,2092,2,0,0,1494,0,0,0,0,0,2,0,0,0,0,0,0,0,0,0,0,0,0,True,32335500,27652084,53248,1650688,9224576,14172160,14172160,286,0,21,0,0,0,0,0,45533,5,0,286,23458,77,5679085,0,582190,1338,7,0,0,0,0,0,0,0,0,0,582190,286,0,True,1344,1633245,1338,1632807,6,438,1338,1632807,0,0,6,438,11,353,210949,274,1499065,1118917,0,0,0,5066752,6860800,2646016,8192,8192,0,1568768,0,1047088,0,13,0,0,0,0,0,745472,729390,8192,202,2195456,0,0,0,0,108728000,81878000,0,0,207471000,140345000,98743000,58468000,359,1499109,1,1,0,0
2,performance acknowledgement before historical verification,measured,deepseek-full/performance-result.json#records/1,a009b1e995d38a2149d84067bbf461f8be0e3456,011e99a519bfdf201221b0a5db8ffe926dca6afe,200,c53eabfbcfe2323a5f4f6a6b9490a48aeb52975c8a427ed83d8a4e7ae415347c,1f9a566d82b0a2e4865a06c7d705a422b89ed9476de1a67240f88e197d7ded58,1888433,307,386738958,605923708,3075624,2083,2105344,1212416,0,296,4096,0,0,2105344,1212416,12f8c38346da5d1a1b17a44db60e4ec28e3a696a79f0a9065650d3478f9cbc4e37,1239d9b2db783007599ff7bd5b065d31232bf608775ffdd4b5e6375b32c34786a9,True,null,null,null,null,null,892928,1376256,483328,1441767,733,null,null,null,null,null,null,null,null,null,null,null,null,null,null,null,null,null,null,null,null,null,null,null,null,null,null,null,null,null,null,null,null,null,null,null,null,null,null,null,null,null,null,null,null,null,null,null,null,null,null,null,null,null,null,null,null,null,null,null,null,null,null,null,null,null,null,null,null,null,null,null,null,null,null,null,null,null,null,null,null,null,null,null,null,null,null,null,null,null,null,null,null,null,null,null,null,null,null,null,null,null,null,null,null,null,null,null,null,null,null,null,null,null,null,null,null,null,169225792,30537208,0,8192,10420632,15466496,15450112,0,0,1785,0,0,0,0,0,9290910,594,0,0,4524202,0,0,0,0,0,595,0,0,0,0,0,0,0,0,0,0,0,0,True,48941167,45595875,53248,1503232,11207064,16760832,16760832,79,69,705,34,69,34,68,16654272,3811857,233,65,189,1750285,84,5081998,0,533626,668,235,0,0,385511,14248249,0,40708,69,0,2395040,429223,124,69,True,823,1492091,733,1441767,90,50324,733,1441767,0,0,90,50324,9,225,240709,437,2893643,1017791,0,0,0,7118848,8806400,4300800,8192,8192,0,1638400,0,1099824,0,23,0,0,0,0,0,2125824,1212797,12288,281,1839104,0,0,0,0,186451000,77723000,0,0,341827000,134356000,155375000,56632000,398,1888433,1,1,0,0
3,performance acknowledgement before historical verification,measured,deepseek-full/performance-result.json#records/2,bcf255fc57cb3b6cfca3cd4b1df79ee33815f1bd,92f8aac2050f81f57ca202bcd5ec92f4b197a31e,300,a442f7d91c82bf6ab0196133399248c1322aaac6fff73628f9221bd6ddfb9256,94b14d1e4a4d029eecce598e3efdfbb27e74a338737ce68ea7a8a0e6becda845,2331770,374,386257750,643312750,4688665,2874,2105344,1667072,0,407,4096,0,0,2105344,1667072,1239d9b2db783007599ff7bd5b065d31232bf608775ffdd4b5e6375b32c34786a9,123d81b54fd42818885d61211b005ff5dce4ad622d52681337cfc1269d9f069e35,True,null,null,null,null,null,438272,0,454656,1613041,791,null,null,null,null,null,null,null,null,null,null,null,null,null,null,null,null,null,null,null,null,null,null,null,null,null,null,null,null,null,null,null,null,null,null,null,null,null,null,null,null,null,null,null,null,null,null,null,null,null,null,null,null,null,null,null,null,null,null,null,null,null,null,null,null,null,null,null,null,null,null,null,null,null,null,null,null,null,null,null,null,null,null,null,null,null,null,null,null,null,null,null,null,null,null,null,null,null,null,null,null,null,null,null,null,null,null,null,null,null,null,null,null,null,null,null,null,null,194664458,36489959,0,8192,11682200,17252352,17235968,0,39,1716,0,0,0,0,0,7703029,569,0,0,3848406,0,0,0,0,0,572,0,0,0,0,0,0,0,0,0,0,0,0,True,61317000,58361708,36864,1798144,12304792,18350080,18350080,68,125,603,39,80,39,71,16654272,3239463,197,72,186,1285187,99,5970206,0,540778,719,201,0,0,586015,25170786,0,84346,80,0,4277376,402447,114,80,True,902,1791146,791,1613041,111,178105,791,1613041,0,0,111,178105,10,191,198614,608,4572014,1073542,0,0,0,7712768,9969664,5173248,8192,8192,0,1720320,0,1186880,0,33,0,0,0,0,0,2129920,1667532,16384,360,2183168,0,0,0,0,260490000,74039000,0,0,488126000,146299000,227636000,72261000,481,2331770,1,1,0,0
4,performance acknowledgement before historical verification,measured,deepseek-full/performance-result.json#records/3,25eccdaedcfc918a32a30592219871a807f1e8a6,1e1d7a07440c152e3c867e7463a0dbde951563ee,400,fccba069b085a5a14278cc289634d96725f9198be8e708fcba6da670ebb4d51a,fc29561d3d967da8a34b32b92986ca9f2f076af49c41aa844078378729e42147,2755845,457,328499542,703551709,6999808,4385,3153920,2514944,0,614,4096,0,0,3153920,2514944,123d81b54fd42818885d61211b005ff5dce4ad622d52681337cfc1269d9f069e35,12b055c4083b62db87286ca9b60fbe804e687b04bddb1a57399ba47732a6827fbf,True,null,null,null,null,null,638976,1048576,847872,2311143,1511,null,null,null,null,null,null,null,null,null,null,null,null,null,null,null,null,null,null,null,null,null,null,null,null,null,null,null,null,null,null,null,null,null,null,null,null,null,null,null,null,null,null,null,null,null,null,null,null,null,null,null,null,null,null,null,null,null,null,null,null,null,null,null,null,null,null,null,null,null,null,null,null,null,null,null,null,null,null,null,null,null,null,null,null,null,null,null,null,null,null,null,null,null,null,null,null,null,null,null,null,null,null,null,null,null,null,null,null,null,null,null,null,null,null,null,null,null,298898834,37142125,0,8192,12812696,18857984,18857984,0,40,1929,0,0,0,0,0,8142790,641,0,0,4217772,0,0,0,0,0,643,0,0,0,0,0,0,0,0,0,0,0,0,True,75206458,73203500,32768,2678784,14418328,21364736,21364736,237,119,774,2,75,2,74,16654272,4533330,257,65,309,1830662,127,8206081,0,852014,1446,258,0,0,495981,23731501,0,71907,76,0,4008272,766330,240,75,True,1791,2670677,1511,2311143,280,359534,1511,2311143,0,0,280,359534,15,372,200848,954,7044592,946875,0,0,0,9224192,10661888,5984256,8192,8192,0,1880064,0,1354128,0,42,0,0,0,0,0,3182592,2515483,20480,439,3399680,0,0,0,0,394785000,134295000,0,0,694637000,206511000,299852000,72216000,607,2755845,1,1,0,0
5,performance acknowledgement before historical verification,measured,deepseek-full/performance-result.json#records/4,93a6dc6716aad759cdb036700d79451b058d2d70,6a607577773a253fcfe582996b0544cb22436522,500,1dfcff946118c5c3ca33c6e0fc3cd77a3dc218d04b5e3c2c669296f8a037b239,5da19a48d04107e521e0b41e3cb3e02cc7f2836ed06f646716bdd6aec20bf998,3498777,530,318652292,665036458,8980067,5557,4202496,3158016,0,771,4096,0,0,4202496,3158016,12b055c4083b62db87286ca9b60fbe804e687b04bddb1a57399ba47732a6827fbf,12afa54ed74fc15bf0a3b687a3f6bb0b7bf85a0f0fe0264f91c17b2c1f746b5b3d,True,null,null,null,null,null,1044480,1048576,643072,1980259,1172,null,null,null,null,null,null,null,null,null,null,null,null,null,null,null,null,null,null,null,null,null,null,null,null,null,null,null,null,null,null,null,null,null,null,null,null,null,null,null,null,null,null,null,null,null,null,null,null,null,null,null,null,null,null,null,null,null,null,null,null,null,null,null,null,null,null,null,null,null,null,null,null,null,null,null,null,null,null,null,null,null,null,null,null,null,null,null,null,null,null,null,null,null,null,null,null,null,null,null,null,null,null,null,null,null,null,null,null,null,null,null,null,null,null,null,null,null,285508583,47416458,0,8192,14483864,21430272,21430272,0,38,2328,0,0,0,0,0,10452933,776,0,0,5483042,0,0,0,0,0,776,0,0,0,0,0,0,0,0,0,0,0,0,True,59818334,57908291,24576,2240512,14975408,22593536,22593536,86,104,846,118,68,118,74,16654272,4354774,279,64,283,2118406,109,6173376,0,619598,1108,282,0,0,241503,16916708,0,59683,69,0,3074160,567807,218,68,True,1333,2227875,1172,1980259,161,247616,1172,1980259,0,0,161,247616,12,286,244239,1213,9111985,1057249,0,0,0,10407936,12722176,7069696,12288,8192,0,1998848,0,1468480,0,51,0,0,0,0,0,4235264,3158634,24576,518,2875392,0,0,0,0,505683000,110898000,0,0,882605000,187968000,376921000,77069000,705,3498777,1,1,0,0
6,performance acknowledgement before historical verification,measured,deepseek-full/performance-result.json#records/5,b44066d54425c96a0dc110e0297787768817c878,8ea90b15a0e618cebcf87eaa8f8aaf4ebed09a8c,600,d4eaac147b42b619b81accadfed456b689d3512ccf837f8d3b16bcb39c56bd52,568221ae5ed0123f2beb0042b297703d66b73fa784c3e86dd61cb25c8b918e68,3535124,532,275982875,426702375,9443468,5700,4202496,3272704,0,799,4096,0,0,4202496,3272704,12afa54ed74fc15bf0a3b687a3f6bb0b7bf85a0f0fe0264f91c17b2c1f746b5b3d,1291893c5cdb25a8896f8df239447637a447ecaa5116a1218d8d433389766017d8,True,null,null,null,null,null,929792,0,114688,463401,143,null,null,null,null,null,null,null,null,null,null,null,null,null,null,null,null,null,null,null,null,null,null,null,null,null,null,null,null,null,null,null,null,null,null,null,null,null,null,null,null,null,null,null,null,null,null,null,null,null,null,null,null,null,null,null,null,null,null,null,null,null,null,null,null,null,null,null,null,null,null,null,null,null,null,null,null,null,null,null,null,null,null,null,null,null,null,null,null,null,null,null,null,null,null,null,null,null,null,null,null,null,null,null,null,null,null,null,null,null,null,null,null,null,null,null,null,null,110972167,28969250,0,8192,15090096,22708224,22708224,0,39,1746,0,0,0,0,0,7871988,581,0,0,3880935,0,0,0,0,0,582,0,0,0,0,0,0,0,0,0,0,0,0,True,38610250,33323042,20480,516096,15139248,22888448,22888448,2,50,432,0,39,0,39,7605888,2312741,144,29,37,1164654,38,1932252,0,192555,114,144,0,0,377955,16435831,0,45735,40,1,2985488,99159,3,39,True,330,546661,143,463401,187,83260,143,463401,0,0,187,83260,3,53,198137,1244,9582647,1137083,0,0,0,10588160,12722176,7536640,16384,12288,0,2007040,0,1475280,0,58,0,0,0,0,0,4239360,3273401,28672,597,700416,0,0,0,0,551937000,46254000,0,0,983686000,101081000,431748000,54827000,707,3535124,1,1,0,0
7,performance acknowledgement before historical verification,measured,deepseek-full/performance-result.json#records/6,5702f6244c11c2e0f64f4139655980a15a8510bd,54029f76cae85fd84daec42b7c5a1406eadcbe1e,700,e6875509b6e14fc4597f443b1b0e8ea00477d9e459857f43dd98c254ca269daf,e08a4cfe11888b791b16eb9fb71d242abbf7e7b3c3a9457d54b10a232003e17b,4730542,665,333214875,675221875,11705900,6783,4202496,3923968,0,958,4096,0,0,4202496,3923968,1291893c5cdb25a8896f8df239447637a447ecaa5116a1218d8d433389766017d8,12a4e0b675b8fa08475d9dfc9b252bfdece63c372372baa0df73f72af2114aee53,True,null,null,null,null,null,278528,0,651264,2262432,1083,null,null,null,null,null,null,null,null,null,null,null,null,null,null,null,null,null,null,null,null,null,null,null,null,null,null,null,null,null,null,null,null,null,null,null,null,null,null,null,null,null,null,null,null,null,null,null,null,null,null,null,null,null,null,null,null,null,null,null,null,null,null,null,null,null,null,null,null,null,null,null,null,null,null,null,null,null,null,null,null,null,null,null,null,null,null,null,null,null,null,null,null,null,null,null,null,null,null,null,null,null,null,null,null,null,null,null,null,null,null,null,null,null,null,null,null,null,246464917,29050416,0,8192,15696304,23445504,23445504,0,12,750,0,0,0,0,0,3072653,246,0,0,1735561,0,0,0,0,0,250,0,0,0,0,0,0,0,0,0,0,0,0,True,94215625,86813292,45056,2535424,16220592,24657920,24657920,151,124,747,24,79,24,84,16654272,3867724,245,66,249,1695969,138,7756616,0,761187,1017,249,0,0,734700,38615948,0,86711,80,0,6492240,590462,183,79,True,1310,2559254,1083,2262432,227,296822,1083,2262432,0,0,227,296822,13,298,224067,1470,11966389,1326458,0,0,0,12587008,14864384,8753152,16384,12288,0,2220032,0,1689168,0,69,0,0,0,0,0,4243456,3924744,32768,676,3076096,0,0,0,0,642156000,90219000,0,0,1160100000,176414000,517943000,86195000,889,4730542,1,1,0,0
8,performance acknowledgement before historical verification,measured,deepseek-full/performance-result.json#records/7,0c5eadf9de9a830cd98daf52af47f4d696f77e5c,8e6f0c07c6e56ad52f26e587dbe870875a4cf01b,800,2ecd0d9031aede1313dbd6a9eb4ffc40df3145425bcd47ec47884d247350edd3,5bc962a190cae566ebeaf700a9273a67f64f76ccae90048eefa94bcc39bb81c2,5960714,802,334094583,759493083,15012924,8225,5251072,4997120,0,1220,4096,0,0,5251072,4997120,12a4e0b675b8fa08475d9dfc9b252bfdece63c372372baa0df73f72af2114aee53,12849e8ec7608eee24fc65304b680f7eb84357b4b6017ab738e53330156ba84dac,True,null,null,null,null,null,253952,1048576,1073152,3307024,1442,null,null,null,null,null,null,null,null,null,null,null,null,null,null,null,null,null,null,null,null,null,null,null,null,null,null,null,null,null,null,null,null,null,null,null,null,null,null,null,null,null,null,null,null,null,null,null,null,null,null,null,null,null,null,null,null,null,null,null,null,null,null,null,null,null,null,null,null,null,null,null,null,null,null,null,null,null,null,null,null,null,null,null,null,null,null,null,null,null,null,null,null,null,null,null,null,null,null,null,null,null,null,null,null,null,null,null,null,null,null,null,null,null,null,null,null,null,339461375,48253791,0,8192,16318896,24772608,24756224,0,27,1986,0,0,0,0,0,8704350,662,0,0,4948195,0,0,0,0,0,662,0,0,0,0,0,0,0,0,0,0,0,0,True,84732917,80577751,49152,3588096,16875952,26460160,26460160,148,118,939,112,69,112,74,16654272,4753240,311,61,351,2477395,172,10709328,0,1079702,1381,313,0,0,450278,21446787,0,87523,70,2,3644816,961683,285,69,True,1681,3597810,1442,3307024,239,290786,1442,3307024,0,0,239,290786,19,312,247577,1788,15345024,1204208,0,0,0,12939264,17215488,9441280,16384,12288,0,2424832,0,1893232,0,79,0,0,0,0,0,5296128,4997975,36864,755,4284416,0,0,0,0,773224000,131068000,0,0,1384095000,223995000,610870000,92927000,1064,5960714,1,1,0,0
9,performance acknowledgement before historical verification,measured,deepseek-full/performance-result.json#records/8,96055d1763d6ef954d1d6f61a76c7790ae6702e5,6b5c6e68029d91b22662fc494123e5994727c066,900,f68df3bf3bf4cd8cdcc65781d50942bc19498b6dbd671b7c7ef17b1bd132ed01,86ccd37ea295fe63c1dad5a603def60f561eecd153bfb593d797b03a695123a1,6158153,824,333983959,721852500,17114293,9058,6299648,5595136,0,1366,4096,0,0,6299648,5595136,12849e8ec7608eee24fc65304b680f7eb84357b4b6017ab738e53330156ba84dac,122f73d754b080b34ad75ce9bda9d92d95c20b2a05bf2e011fe7e4607d8f32de26,True,null,null,null,null,null,704512,1048576,598016,2101369,833,null,null,null,null,null,null,null,null,null,null,null,null,null,null,null,null,null,null,null,null,null,null,null,null,null,null,null,null,null,null,null,null,null,null,null,null,null,null,null,null,null,null,null,null,null,null,null,null,null,null,null,null,null,null,null,null,null,null,null,null,null,null,null,null,null,null,null,null,null,null,null,null,null,null,null,null,null,null,null,null,null,null,null,null,null,null,null,null,null,null,null,null,null,null,null,null,null,null,null,null,null,null,null,null,null,null,null,null,null,null,null,null,null,null,null,null,null,289974583,56588000,0,8192,17154480,26755072,26738688,0,36,2610,0,0,0,0,0,11286101,870,0,0,6435302,0,0,0,0,0,870,0,0,0,0,0,0,0,0,0,0,0,0,True,96452208,93525541,20480,2326528,17629640,27836416,27836416,42,130,918,78,93,78,88,16654272,4823335,302,71,206,2314243,134,7495167,0,764033,762,306,0,0,955407,45947918,0,99478,93,5,7908672,552618,130,93,True,1110,2353845,833,2101369,277,252476,833,2101369,0,0,277,252476,12,202,233359,1973,17527452,1441750,0,0,0,14512128,17846272,10760192,16384,12288,0,2445312,0,1907584,0,88,0,0,0,0,0,6348800,5596070,40960,834,2863104,0,0,0,0,878659000,105435000,0,0,1572951000,188856000,694292000,83422000,1088,6158153,1,1,0,0
10,performance acknowledgement before historical verification,measured,deepseek-full/performance-result.json#records/9,616c2ffba30d0279b351cd39dd89174c642166fe,96cd42d9730f115926b6e4da01fa1bc301da0ccc,1000,c19291398083d4c1a3260b6a4fa16dd60725139c670128288ddd4e357a9e8a53,f7bc182d89f141fa7fef48cb4733763750fb0db00c88104a45b81df7cd5266c1,6293060,834,384624708,738699459,18936513,10016,6299648,6291456,0,1536,4096,0,0,6299648,6291456,122f73d754b080b34ad75ce9bda9d92d95c20b2a05bf2e011fe7e4607d8f32de26,12a2f3a4d5043ce0e35c98f6a7e4af1eef1c392afbbd9e5240939d59b950b51b16,True,null,null,null,null,null,8192,0,696320,1822220,958,null,null,null,null,null,null,null,null,null,null,null,null,null,null,null,null,null,null,null,null,null,null,null,null,null,null,null,null,null,null,null,null,null,null,null,null,null,null,null,null,null,null,null,null,null,null,null,null,null,null,null,null,null,null,null,null,null,null,null,null,null,null,null,null,null,null,null,null,null,null,null,null,null,null,null,null,null,null,null,null,null,null,null,null,null,null,null,null,null,null,null,null,null,null,null,null,null,null,null,null,null,null,null,null,null,null,null,null,null,null,null,null,null,null,null,null,null,293784500,44241458,0,8192,17777096,28000256,27983872,0,23,1704,0,0,0,0,0,6976730,567,0,0,4104180,0,0,0,0,0,568,0,0,0,0,0,0,0,0,0,0,0,0,True,58886875,56367000,16384,2236416,18006472,28950528,28950528,10,117,735,155,66,155,73,16654272,4053855,241,64,238,1996661,99,6485460,0,744725,894,245,0,0,393813,12759209,0,47559,66,0,2244816,634961,174,66,True,1259,2240090,958,1822220,301,417870,958,1822220,0,0,301,417870,13,238,215947,2205,19587463,1403376,0,0,0,16248832,19746816,12447744,16384,12288,0,2457600,0,1922672,0,98,0,0,0,0,0,6352896,6292469,45056,913,2830336,0,0,0,0,982577000,103918000,0,0,1763480000,190529000,780903000,86611000,1098,6293060,1,1,0,0
11,performance acknowledgement before historical verification,measured,deepseek-full/performance-result.json#records/10,d10761a5774cde7b05d09c393a798d42b90dc5ea,a7f22885d37c590afeb0e8088573c2dd99546881,1100,9c1682c781a51b6a74fb7c336a67ac16cd707954f9aded8ad38a1bd263f0666e,6300e32aafffda48760484edaee153cd37fd381605df0495da94500f7acfd202,6673153,875,380701917,903172833,22841989,11373,7348224,7348224,0,1794,4096,0,0,7348224,7348224,12a2f3a4d5043ce0e35c98f6a7e4af1eef1c392afbbd9e5240939d59b950b51b16,12dfd7a7f85a86c12dbff9d8b5351eaf114c7ed3f231dc16e5d047e63c61dda3da,True,null,null,null,null,null,0,1048576,1056768,3905476,1357,null,null,null,null,null,null,null,null,null,null,null,null,null,null,null,null,null,null,null,null,null,null,null,null,null,null,null,null,null,null,null,null,null,null,null,null,null,null,null,null,null,null,null,null,null,null,null,null,null,null,null,null,null,null,null,null,null,null,null,null,null,null,null,null,null,null,null,null,null,null,null,null,null,null,null,null,null,null,null,null,null,null,null,null,null,null,null,null,null,null,null,null,null,null,null,null,null,null,null,null,null,null,null,null,null,null,null,null,null,null,null,null,null,null,null,null,null,406172625,76798375,200704,8192,18186696,29147136,29130752,0,48,2598,0,0,0,0,0,10858162,864,0,0,5972047,0,0,0,0,0,866,0,0,0,0,0,0,0,0,0,0,0,0,True,114756541,109976958,614400,4141056,18645448,30720000,30720000,53,143,816,189,95,189,84,16654272,4405412,267,66,361,1954884,217,11685371,0,1155366,1291,272,0,0,1161573,43753546,0,110034,95,6,7625840,961100,282,95,True,1627,4146216,1357,3905476,270,240740,1357,3905476,0,0,270,240740,22,317,253290,2507,23515756,1541750,0,0,0,17498112,22679552,14098432,16384,12288,0,2519040,0,1979648,0,111,0,0,0,0,0,7405568,7349316,49152,992,4841472,0,0,0,0,1126866000,144289000,0,0,2003837000,240357000,876970000,96067000,1143,6673153,1,1,0,0
12,performance acknowledgement before historical verification,measured,deepseek-full/performance-result.json#records/11,fc6db791f18a008db44345101e47d095e8e4270b,71377f0ff631e834aa4ec771c4eb383e1f050261,1200,af7029a05f3326b5b11c65186aa9f4f2b4d02f50a1325e57dcefb24388016880,48ab0bf34534392659804de9b464eb4173899574f3e225960cff4b6ff72c3cd8,6924746,945,340951584,618222875,23720397,11897,8396800,7614464,0,1859,4096,0,0,8396800,7614464,12dfd7a7f85a86c12dbff9d8b5351eaf114c7ed3f231dc16e5d047e63c61dda3da,12809adae75114b5aec1b3912e09b9617d87b7ee0ff57f9226765a276a4fce24df,True,null,null,null,null,null,782336,1048576,266240,878408,524,null,null,null,null,null,null,null,null,null,null,null,null,null,null,null,null,null,null,null,null,null,null,null,null,null,null,null,null,null,null,null,null,null,null,null,null,null,null,null,null,null,null,null,null,null,null,null,null,null,null,null,null,null,null,null,null,null,null,null,null,null,null,null,null,null,null,null,null,null,null,null,null,null,null,null,null,null,null,null,null,null,null,null,null,null,null,null,null,null,null,null,null,null,null,null,null,null,null,null,null,null,null,null,null,null,null,null,null,null,null,null,null,null,null,null,null,null,217112750,31189166,0,8192,18694600,30785536,30769152,0,10,1104,0,0,0,0,0,4247393,366,0,0,2504837,0,0,0,0,0,368,0,0,0,0,0,0,0,0,0,0,0,0,True,58232959,52249208,16384,1064960,19284424,31637504,31637504,67,77,642,0,48,0,53,9179520,3208231,211,40,109,1740590,61,3295000,0,347663,484,214,0,0,521009,17387753,0,28637,50,1,2658416,238057,67,48,True,810,1118237,524,878408,286,239829,524,878408,0,0,286,239829,6,196,203897,2619,24478552,1925582,0,0,0,18337792,22679552,14565376,16384,12288,0,2641920,0,2090280,0,120,0,0,0,0,0,8458240,7615635,53248,1071,1540096,0,0,0,0,1211267000,84401000,0,0,2168578000,164741000,957311000,80341000,1236,6924746,1,1,0,0
13,performance acknowledgement before historical verification,measured,deepseek-full/performance-result.json#records/12,d12cb45838b394c1af75f2fbc3e379f4e2fb6c99,c24ec31346fa3a1263727fd79a36c51c2a9a1dd0,1300,66a87cf031a872ca3fd5df9f538e4b4ee61c4c59a21663c0b6d9e42d3b5af579,1384a5956a7872eba9aa0e8e59a6df744e509ef393785748baa671571162cd02,8090373,1057,318728958,767476417,27613729,13314,9445376,8622080,0,2105,4096,0,0,9445376,8622080,12809adae75114b5aec1b3912e09b9617d87b7ee0ff57f9226765a276a4fce24df,122fe7533f674a3d2a514d1091f5e59a9fc3efea2ee83076fb9a2efab11da764ba,True,null,null,null,null,null,823296,1048576,1007616,3893332,1417,null,null,null,null,null,null,null,null,null,null,null,null,null,null,null,null,null,null,null,null,null,null,null,null,null,null,null,null,null,null,null,null,null,null,null,null,null,null,null,null,null,null,null,null,null,null,null,null,null,null,null,null,null,null,null,null,null,null,null,null,null,null,null,null,null,null,null,null,null,null,null,null,null,null,null,null,null,null,null,null,null,null,null,null,null,null,null,null,null,null,null,null,null,null,null,null,null,null,null,null,null,null,null,null,null,null,null,null,null,null,null,null,null,null,null,null,null,336824875,48140167,65536,8192,20169160,32555008,32522240,0,25,1542,0,0,0,0,0,6058287,512,0,0,3635698,0,0,0,0,0,514,0,0,0,0,0,0,0,0,0,0,0,0,True,110278000,106675792,499712,4673536,20971976,34406400,34406400,133,145,1002,123,87,123,90,16654272,4873864,331,72,367,2389938,209,11122411,0,1067983,1345,334,0,0,980895,37557087,0,107212,88,2,6495248,903783,292,87,True,1731,4199213,1417,3893332,314,305881,1417,3893332,0,0,314,305881,21,306,267505,2926,28433657,1644584,0,0,0,20697088,25337856,16834560,16384,0,4096,2797568,0,2252544,0,130,0,0,0,0,0,9510912,8623331,57344,1151,4935680,0,0,0,0,1332499000,121232000,0,0,2391878000,223300000,1059378000,102067000,1380,8090373,1,1,0,0
14,performance acknowledgement before historical verification,measured,deepseek-full/performance-result.json#records/13,f91eb39538d33ebfdae933d6230aa6702365d539,ddcbb900026b5cd2bae33993bc014ffe927dfb79,1400,bc553607e6b9a19998e4598e232bb2b961d61865cfd3871d2263594569261b8e,c1a9f6c67bc0f15b99cbd8c24994ae0c2df3b73ae53c76788aa6a08c049b8ec5,6877527,933,332890208,819661667,28574063,13648,9445376,8933376,0,2181,4096,0,0,9445376,8933376,122fe7533f674a3d2a514d1091f5e59a9fc3efea2ee83076fb9a2efab11da764ba,127f5d1001c536fb28a6cbcf813ddfa8a278addebe272e6dd8bae4d69038086cdc,True,null,null,null,null,null,512000,0,311296,960334,334,null,null,null,null,null,null,null,null,null,null,null,null,null,null,null,null,null,null,null,null,null,null,null,null,null,null,null,null,null,null,null,null,null,null,null,null,null,null,null,null,null,null,null,null,null,null,null,null,null,null,null,null,null,null,null,null,null,null,null,null,null,null,null,null,null,null,null,null,null,null,null,null,null,null,null,null,null,null,null,null,null,null,null,null,null,null,null,null,null,null,null,null,null,null,null,null,null,null,null,null,null,null,null,null,null,null,null,null,null,null,null,null,null,null,null,null,null,411966709,78697500,32768,8192,21168584,34603008,34603008,0,29,3267,0,0,0,0,0,12607222,1087,0,0,7464467,0,0,0,0,0,1089,0,0,0,0,0,0,0,0,0,0,0,0,True,73361000,69767750,573440,3457024,21348808,35127296,35110912,10,97,1317,159,35,159,87,16654272,7071472,436,31,84,2766023,61,3631168,0,369783,303,439,0,0,335565,13901461,0,32432,37,0,2409840,297448,53,35,True,1374,3472807,334,960334,1040,2512473,334,960334,0,0,1040,2512473,6,120,247607,3166,31704891,1443750,0,0,0,21127168,26308608,17399808,16384,0,0,2625536,0,2068296,0,142,0,0,0,0,0,9515008,8934706,61440,1230,4108288,0,0,0,0,1470310000,137811000,0,0,2646794000,254916000,1176484000,117106000,1219,6877527,1,1,0,0
15,performance acknowledgement before historical verification,measured,deepseek-full/performance-result.json#records/14,bd831db80b770a5c99e9a0f73429a50f3bbfd875,0f1e9af86471bbc99cbf86f72950b3504da5e94c,1500,fc797e17ae4e030c09f8d03ecfbb3bb51dae6ddb8bbb4d041abfee36834fa097,a158ded4cf01bbf8450bcedf5548950dc808f790c8d0313005195d5a28025ae7,9677878,1214,486761542,1257173416,33553479,15852,11542528,10719232,0,2617,4096,0,0,11542528,10719232,127f5d1001c536fb28a6cbcf813ddfa8a278addebe272e6dd8bae4d69038086cdc,1236e01983d2357d4c7ec2c3c5ea46de1a2b8059cbe21cf4ed3b192123a4950821,True,null,null,null,null,null,823296,2097152,1785856,4979416,2204,null,null,null,null,null,null,null,null,null,null,null,null,null,null,null,null,null,null,null,null,null,null,null,null,null,null,null,null,null,null,null,null,null,null,null,null,null,null,null,null,null,null,null,null,null,null,null,null,null,null,null,null,null,null,null,null,null,null,null,null,null,null,null,null,null,null,null,null,null,null,null,null,null,null,null,null,null,null,null,null,null,null,null,null,null,null,null,null,null,null,null,null,null,null,null,null,null,null,null,null,null,null,null,null,null,null,null,null,null,null,null,null,null,null,null,null,null,627955916,86697167,49152,8192,21889480,35667968,35651584,0,29,1530,0,0,0,0,0,6176837,508,0,0,3644335,0,0,0,0,0,510,0,0,0,0,0,0,0,0,0,0,0,0,True,140820958,142101751,90112,7667712,23232968,38895616,38895616,214,150,1557,292,65,292,78,16654272,8595797,515,54,527,3569135,255,16897834,0,1744714,2150,519,0,0,542363,31946046,0,94500,67,4,5308944,1647132,468,65,True,3370,7644022,2204,4979416,1166,2664606,2204,4979416,0,0,1166,2664606,28,375,250302,3815,38962439,1635000,0,0,0,23085056,30638080,18923520,20480,0,0,3055616,0,2494024,0,156,0,0,0,0,0,11616256,10720642,65536,1310,9064448,0,0,0,0,1683902000,213592000,0,0,2998424000,351630000,1314522000,138038000,1593,9677878,1,1,0,0
16,performance acknowledgement before historical verification,measured,deepseek-full/performance-result.json#records/15,95065330d7c743f657a8c96cc8f7bbbea7967e41,37ed0180370da7cc9d7331533a1d879bbdf6caf8,1600,719133e541ab8fc3e42a6d23dbf75367211d351a1416f07e9d9d92c6e0fb4638,8619d1a983e449cd3bda827e4273b06db30df249c9840efae7791b4812d7ed15,10134737,1247,394751125,847651625,35664406,16726,11542528,11378688,0,2778,4096,0,0,11542528,11378688,1236e01983d2357d4c7ec2c3c5ea46de1a2b8059cbe21cf4ed3b192123a4950821,120a08e4608ea0126bf88d85980343f0e9e51707da3a03fce85c65fc74b4810df4,True,null,null,null,null,null,163840,0,659456,2110927,874,null,null,null,null,null,null,null,null,null,null,null,null,null,null,null,null,null,null,null,null,null,null,null,null,null,null,null,null,null,null,null,null,null,null,null,null,null,null,null,null,null,null,null,null,null,null,null,null,null,null,null,null,null,null,null,null,null,null,null,null,null,null,null,null,null,null,null,null,null,null,null,null,null,null,null,null,null,null,null,null,null,null,null,null,null,null,null,null,null,null,null,null,null,null,null,null,null,null,null,null,null,null,null,null,null,null,null,null,null,null,null,null,null,null,null,null,null,353573750,70389375,0,8192,23413192,39092224,39075840,0,32,3396,0,0,0,0,0,14517616,1130,0,0,8356345,0,0,0,0,0,1132,0,0,0,0,0,0,0,0,0,0,0,0,True,97302334,92857041,16384,2387968,23544264,39911424,39911424,41,128,1044,99,93,99,94,16654272,5636047,345,77,226,2924179,133,7876160,0,828506,797,348,0,0,928948,37001161,0,76934,94,0,6120368,613257,149,93,True,1279,2445603,874,2110927,405,334676,874,2110927,0,0,405,334676,13,160,243302,4016,41185947,2024416,0,0,0,24563712,30638080,20455424,20480,4096,0,3096576,0,2541600,0,168,0,0,0,0,0,11620352,11380178,69632,1390,3035136,0,0,0,0,1799194000,115292000,0,0,3214436000,216012000,1415241000,100719000,1630,10134737,1,1,0,0
17,performance acknowledgement before historical verification,measured,deepseek-full/performance-result.json#records/16,e8c31e054d3e50ab4ecdcc811e8fd81df4afea51,8c17d8fca6f60846b08176b4c898d943ca8fc177,1700,770471a1419e78e124b0e0000eb283a06980bdcb66cb32713209ce27e4202bea,cf21b7c76c9abc039fe28c9cf4533d852f299ccb9ef688a35884594d8961baec,9656357,1310,524902458,1568799458,42588323,20000,14688256,13824000,0,3375,4096,0,0,14688256,13824000,120a08e4608ea0126bf88d85980343f0e9e51707da3a03fce85c65fc74b4810df4,1286f73c4379634e7a429a5b24768cfa5cc951d302edfcac09b2d6e796d901d709,True,null,null,null,null,null,864256,3145728,2445312,6923917,3274,null,null,null,null,null,null,null,null,null,null,null,null,null,null,null,null,null,null,null,null,null,null,null,null,null,null,null,null,null,null,null,null,null,null,null,null,null,null,null,null,null,null,null,null,null,null,null,null,null,null,null,null,null,null,null,null,null,null,null,null,null,null,null,null,null,null,null,null,null,null,null,null,null,null,null,null,null,null,null,null,null,null,null,null,null,null,null,null,null,null,null,null,null,null,null,null,null,null,null,null,null,null,null,null,null,null,null,null,null,null,null,null,null,null,null,null,null,885138292,175065417,524288,8192,23675336,40042496,40042496,0,44,3768,0,0,0,0,0,15018022,1256,0,0,8657439,0,0,0,0,0,1256,0,0,0,0,0,0,0,0,0,0,0,0,True,156913375,156494917,815104,7491584,24478152,43450368,43450368,92,160,1224,613,83,613,77,16654272,6909273,407,71,842,3279934,342,21450325,0,2315951,3203,408,0,0,676420,31639210,0,86683,84,1,5357232,2222458,769,83,True,3689,7369510,3274,6923917,415,445593,3274,6923917,0,0,415,445593,42,386,281566,4787,48183122,1845333,0,0,0,27373568,36024320,22876160,20480,4096,0,3198976,0,2627464,0,186,0,0,0,0,0,14770176,13825570,73728,1470,9154560,0,0,0,0,2068121000,268927000,0,0,3654430000,439994000,1586309000,171068000,1708,9656357,1,1,0,0
18,performance acknowledgement before historical verification,measured,deepseek-full/performance-result.json#records/17,2a48b31306ce7dac8d0ae598a78fa7605a193f3d,b8469cb9bf633d754f42fc3fc78bd96eb4dfa0ce,1800,c825cd43318dadcb4cb209bdee3a315320bf4257b4a559c625b904c9b7b584fc,17e9e2ba00615cc147f1bff2d14f80caeec152d1402504dfa847239670699f4f,9776685,1335,380516125,894324792,45155220,21111,14688256,14606336,0,3566,4096,0,0,14688256,14606336,1286f73c4379634e7a429a5b24768cfa5cc951d302edfcac09b2d6e796d901d709,121f9b2d711d391753487f2fed98816cf3381a990e768360c535227d27596c699a,True,null,null,null,null,null,81920,0,782336,2566897,1111,null,null,null,null,null,null,null,null,null,null,null,null,null,null,null,null,null,null,null,null,null,null,null,null,null,null,null,null,null,null,null,null,null,null,null,null,null,null,null,null,null,null,null,null,null,null,null,null,null,null,null,null,null,null,null,null,null,null,null,null,null,null,null,null,null,null,null,null,null,null,null,null,null,null,null,null,null,null,null,null,null,null,null,null,null,null,null,null,null,null,null,null,null,null,null,null,null,null,null,null,null,null,null,null,null,null,null,null,null,null,null,null,null,null,null,null,null,394359000,94172376,98304,8192,24691144,43663360,43663360,0,41,5490,0,0,0,0,0,23183710,1830,0,0,12027658,0,0,0,0,0,1830,0,0,0,0,0,0,0,0,0,0,0,0,True,117637542,113726042,544768,2895872,24789448,44597248,44597248,52,156,1137,129,108,129,94,16654272,6185509,378,80,275,3058359,167,8910624,0,941150,1031,379,0,0,1190734,51925157,0,100033,109,2,8741696,728237,191,108,True,1551,2953225,1111,2566897,440,386328,1111,2566897,0,0,440,386328,15,227,326175,5040,50886572,1812125,0,0,0,28753920,36024320,24686592,20480,4096,0,3239936,0,2666432,0,199,0,0,0,0,0,14774272,14607986,77824,1550,3682304,0,0,0,0,2196865000,128744000,0,0,3897931000,243501000,1701065000,114756000,1742,9776685,1,1,0,0
19,performance acknowledgement before historical verification,measured,deepseek-full/performance-result.json#records/18,674216eb865e6483f53890fa48f6fc7ae12c4468,c970367fccde5481d77dafe5d079f40cb528bbe7,1900,1b7336cbc04751acd02dd32ec808a07c3d3a02459cc2670de3e00d154bd9c732,9200daab207202f0f4dc9e4c481f9e227f17a945ee30438e00f6acf7c6a4073e,9928738,1357,389509875,818966209,47001259,21891,15736832,15241216,0,3721,4096,0,0,15736832,15241216,121f9b2d711d391753487f2fed98816cf3381a990e768360c535227d27596c699a,123eff107978c4b1443e778df7fe9406e034e97eb37f0d7cdece2bf9ba3ccdac5f,True,null,null,null,null,null,495616,1048576,634880,1846039,780,null,null,null,null,null,null,null,null,null,null,null,null,null,null,null,null,null,null,null,null,null,null,null,null,null,null,null,null,null,null,null,null,null,null,null,null,null,null,null,null,null,null,null,null,null,null,null,null,null,null,null,null,null,null,null,null,null,null,null,null,null,null,null,null,null,null,null,null,null,null,null,null,null,null,null,null,null,null,null,null,null,null,null,null,null,null,null,null,null,null,null,null,null,null,null,null,null,null,null,null,null,null,null,null,null,null,null,null,null,null,null,null,null,null,null,null,null,343244250,59804958,49152,8192,25674184,45498368,45481984,0,31,2109,0,0,0,0,0,8397575,703,0,0,4971460,0,0,0,0,0,703,0,0,0,0,0,0,0,0,0,0,0,0,True,84363041,79248751,1146880,2211840,25821640,46317568,46317568,25,124,999,90,76,90,81,16654272,5157830,330,69,193,2673087,112,6660961,0,695968,711,333,0,0,628792,23692289,0,67564,76,0,3746560,568370,124,76,True,1211,2230822,780,1846039,431,384783,780,1846039,0,0,431,384783,11,156,244904,5220,52943465,1849043,0,0,0,31195136,36024320,26882048,20480,4096,0,3272704,0,2705112,0,210,0,0,0,0,0,15826944,15242946,81920,1630,2801664,0,0,0,0,2323738000,126873000,0,0,4118226000,220295000,1794488000,93423000,1771,9928738,1,1,0,0
20,performance acknowledgement before historical verification,measured,deepseek-full/performance-result.json#records/19,a2c53a885b0c5ad6e93ea0d53baa9acf44cb68bf,744c3a4477661fe679e931c5b57e42ffb6b93417,2000,d9fd084300458d65e7048585518884352b6f04b456c9f89108ca541dfd859284,d6feaaf4de459bd0307cc03802fac92f83ebaeccb7edeb46f24a9be5adb12fd0,6316289,838,494172875,1407094375,47302157,22040,15736832,15396864,0,3759,4096,0,0,15736832,15396864,123eff107978c4b1443e778df7fe9406e034e97eb37f0d7cdece2bf9ba3ccdac5f,125bf84984ce59bc9614cea74d05ace5e9272af2f1eb91a5d049647ed01557790c,True,null,null,null,null,null,339968,0,155648,300898,149,null,null,null,null,null,null,null,null,null,null,null,null,null,null,null,null,null,null,null,null,null,null,null,null,null,null,null,null,null,null,null,null,null,null,null,null,null,null,null,null,null,null,null,null,null,null,null,null,null,null,null,null,null,null,null,null,null,null,null,null,null,null,null,null,null,null,null,null,null,null,null,null,null,null,null,null,null,null,null,null,null,null,null,null,null,null,null,null,null,null,null,null,null,null,null,null,null,null,null,null,null,null,null,null,null,null,null,null,null,null,null,null,null,null,null,null,null,816331583,144269876,49152,8192,26018248,46530560,46514176,0,48,4272,0,0,0,0,0,17389573,1424,0,0,9959387,0,0,0,0,0,1424,0,0,0,0,0,0,0,0,0,0,0,0,True,94764167,89144667,1900544,6193152,26329544,46989312,46989312,1,151,2412,506,9,506,73,16654272,14015444,800,8,18,5394976,18,999043,0,147859,141,804,0,0,114070,4078083,0,10392,9,0,705152,139291,10,9,True,2948,6109919,149,300898,2799,5809021,149,300898,0,0,2799,5809021,2,91,216795,5831,58727324,1825750,0,0,0,34009088,41299968,29827072,20480,4096,0,2555904,0,1983776,0,227,0,0,0,0,0,15831040,15398673,86016,1709,7540736,0,0,0,0,2587596000,263858000,0,0,4537703000,419477000,1950106000,155618000,1105,6316289,1,1,0,0
21,performance acknowledgement before historical verification,measured,deepseek-full/performance-result.json#records/20,cc546c4580721a78c0276ffa8723523a74679e6a,6c4991cde965e971e2a4cb2fda542c5128ae8741,2100,0c55c136f2627032221577c77df341da1377aaf20f7aa96436a812fc4e3ee153,baf9764d87e6385d8b8ee21ae0cac14b13a0aeddd119dc389d6d729521304f61,9643646,1306,587117209,1623277042,48063756,22785,16785408,15749120,0,3845,4096,0,0,16785408,15749120,125bf84984ce59bc9614cea74d05ace5e9272af2f1eb91a5d049647ed01557790c,12ca6193ddbc68beeba5dfee9a40ba284e1796c329cf685692aa0f984eabe408fe,True,null,null,null,null,null,1036288,1048576,352256,761599,745,null,null,null,null,null,null,null,null,null,null,null,null,null,null,null,null,null,null,null,null,null,null,null,null,null,null,null,null,null,null,null,null,null,null,null,null,null,null,null,null,null,null,null,null,null,null,null,null,null,null,null,null,null,null,null,null,null,null,null,null,null,null,null,null,null,null,null,null,null,null,null,null,null,null,null,null,null,null,null,null,null,null,null,null,null,null,null,null,null,null,null,null,null,null,null,null,null,null,null,null,null,null,null,null,null,null,null,null,null,null,null,null,null,null,null,null,null,894042125,114143084,0,8192,26395080,47071232,47054848,0,5,375,0,0,0,0,0,1673283,125,0,0,1393830,0,0,0,0,0,125,0,0,0,0,0,0,0,0,0,0,0,0,True,140154541,135858959,974848,9539584,27263432,48300032,48300032,9,112,3753,468,12,468,72,16654272,21781147,1249,8,50,9227257,46,2404622,0,338076,737,1251,0,0,193608,5468541,0,18795,12,2,943072,324165,39,12,True,4937,9432207,745,761599,4192,8670608,745,761599,0,0,4192,8670608,5,310,259938,6851,67666222,1963167,0,0,0,35749888,44412928,31846400,24576,4096,0,3207168,0,2623016,0,244,0,0,0,0,0,16883712,15751009,90112,1789,11612160,0,0,0,0,2901239000,313643000,0,0,5026852000,489149000,2125613000,175507000,1701,9643646,1,1,0,0
22,performance acknowledgement before historical verification,measured,deepseek-full/performance-result.json#records/21,7a29676c010e64ae177e1033536b8eb6ec11b4a7,488da4110cc9e03200dadd225f30e5163664a73c,2200,4b3859ef8d18a18779a2a0ea380db5527f268ddee269875c73716d4e16cc8ff7,c9ca03c8248cc94859d4fe949599bd663962ee37f6071147de2c6194b41ef68a,11918946,1659,602157375,1849042208,56455858,26592,18882560,18472960,0,4510,4096,0,0,18882560,18472960,12ca6193ddbc68beeba5dfee9a40ba284e1796c329cf685692aa0f984eabe408fe,1280dc18805c9f9ad7dbff2f134f665ecaab2ec88c92ae694ee9af2b4470679eb7,True,null,null,null,null,null,409600,2097152,2723840,8392102,3807,null,null,null,null,null,null,null,null,null,null,null,null,null,null,null,null,null,null,null,null,null,null,null,null,null,null,null,null,null,null,null,null,null,null,null,null,null,null,null,null,null,null,null,null,null,null,null,null,null,null,null,null,null,null,null,null,null,null,null,null,null,null,null,null,null,null,null,null,null,null,null,null,null,null,null,null,null,null,null,null,null,null,null,null,null,null,null,null,null,null,null,null,null,null,null,null,null,null,null,null,null,null,null,null,null,null,null,null,null,null,null,null,null,null,null,null,null,1017341334,153228917,0,8192,28574152,49627136,49610752,0,4,1875,0,0,0,0,0,8605079,623,0,0,6583276,0,0,0,0,0,625,0,0,0,0,0,0,0,0,0,0,0,0,True,226778583,217741917,69632,10498048,29163976,53100544,53100544,352,186,2313,618,70,618,77,16654272,12721448,769,46,936,6132887,418,24452250,0,2500718,3761,771,0,0,755424,46703040,0,151267,70,8,8091424,2453993,880,70,True,5272,10323247,3807,8392102,1465,1931145,3807,8392102,0,0,1465,1931145,47,382,275823,7936,77497378,2764916,0,0,0,37122048,48898048,32493568,24576,4096,0,3727360,0,3143552,0,264,0,0,0,0,0,18984960,18474929,94208,1869,12775424,0,0,0,0,3247503000,346264000,0,0,5569333000,542481000,2321830000,196217000,2153,11918946,1,1,0,0
23,performance acknowledgement before historical verification,measured,deepseek-full/performance-result.json#records/22,f14c576fb771062a4b7a3245a9ec2811a8e4b73f,740e5fd49bd0c48953c382d1a373c5188f2efa1a,2300,5d62bae8006d55d0a06f572436573184898bc6814c573f58e2d6860dd3e9bc2b,9c548f0ed616d89a8b0635fb84118516f14beabfb47fd5c4dc37b96669de8c16,9768484,1332,489882709,1414339750,56828645,26790,18882560,18669568,0,4558,4096,0,0,18882560,18669568,1280dc18805c9f9ad7dbff2f134f665ecaab2ec88c92ae694ee9af2b4470679eb7,12080e3f156114e23a6a24b5990164e7d6914ef6cd15518559e816ab844005f404,True,null,null,null,null,null,212992,0,196608,372787,198,null,null,null,null,null,null,null,null,null,null,null,null,null,null,null,null,null,null,null,null,null,null,null,null,null,null,null,null,null,null,null,null,null,null,null,null,null,null,null,null,null,null,null,null,null,null,null,null,null,null,null,null,null,null,null,null,null,null,null,null,null,null,null,null,null,null,null,null,null,null,null,null,null,null,null,null,null,null,null,null,null,null,null,null,null,null,null,null,null,null,null,null,null,null,null,null,null,null,null,null,null,null,null,null,null,null,null,null,null,null,null,null,null,null,null,null,null,821862500,156787833,0,8192,29442504,53395456,53379072,0,28,8268,0,0,0,0,0,35414627,2751,0,0,18934841,0,0,0,0,0,2756,0,0,0,0,0,0,0,0,0,0,0,0,True,100249291,102076709,40960,7540736,29966792,54116352,54116352,0,123,3270,527,13,527,78,16654272,18459127,1085,8,25,7565496,25,1128584,0,192029,190,1090,0,0,178548,5354999,0,17765,14,1,935312,183215,15,13,True,3178,7448645,198,372787,2980,7075858,198,372787,0,0,2980,7075858,3,109,208185,8572,84607786,2345250,0,0,0,41275392,51113984,36511744,24576,4096,0,3280896,0,2685232,0,281,0,0,0,0,0,18989056,18671617,98304,1949,8957952,0,0,0,0,3508729000,261226000,0,0,5995796000,426463000,2487066000,165236000,1738,9768484,1,1,0,0
24,performance acknowledgement before historical verification,measured,deepseek-full/performance-result.json#records/23,f2664e91de74b2e8a8fbc6580ddd07ed299d9ce0,286a99e60657a5171ac26c001dcef3e1e4292351,2400,1aefe3d0f4249e3f89aa87159b221586fc4b4fb5a50d40410339515cbb929dff,b8d9c3868c8e4e103878c68399773ccaa0f00d55d0518423183f87cd488a5ac7,9760321,1245,544294792,1543447958,58434502,27353,19931136,19292160,0,4710,4096,0,0,19931136,19292160,12080e3f156114e23a6a24b5990164e7d6914ef6cd15518559e816ab844005f404,128b61385c928cd6f22da7327914d7beebbf097ddd60d2f8f48170487097d6cedb,True,null,null,null,null,null,638976,1048576,622592,1605857,563,null,null,null,null,null,null,null,null,null,null,null,null,null,null,null,null,null,null,null,null,null,null,null,null,null,null,null,null,null,null,null,null,null,null,null,null,null,null,null,null,null,null,null,null,null,null,null,null,null,null,null,null,null,null,null,null,null,null,null,null,null,null,null,null,null,null,null,null,null,null,null,null,null,null,null,null,null,null,null,null,null,null,null,null,null,null,null,null,null,null,null,null,null,null,null,null,null,null,null,null,null,null,null,null,null,null,null,null,null,null,null,null,null,null,null,null,null,873695292,131680250,0,8192,31080904,55246848,55230464,0,4,597,0,0,0,0,0,2640599,176,0,0,2100663,0,0,0,0,0,199,0,0,0,0,0,0,0,0,0,0,0,0,True,123149167,125460624,405504,8253440,31310280,56115200,56115200,7,136,3555,671,5,671,76,16654272,20017477,1180,5,126,8852990,77,5061497,0,602796,558,1185,0,0,27322,854125,0,4511,5,0,139280,595702,121,5,True,3702,8146521,563,1605857,3139,6540664,563,1605857,0,0,3139,6540664,9,162,244446,9343,92355008,2308707,0,0,0,41144320,51888128,36855808,24576,4096,0,3166208,0,2567128,0,299,0,0,0,0,0,20041728,19294289,102400,2029,9883648,0,0,0,0,3789691000,280962000,0,0,6455072000,459276000,2665380000,178314000,1628,9760321,1,1,0,0
25,performance acknowledgement before historical verification,measured,deepseek-full/performance-result.json#records/24,ba4b802d17192231bf66e8b564d2d3c33f9ed576,0a91d584ee6f157ae94de69231f27f5e5ba1a3f6,2500,1e2a96e4c29773fc581901ee17c41c2b0f351734857e806bb28b4d0f90e3c2df,1be1ad902eb84b60890396d38d80442d2d4a9545adf4143dee8f9a703f5591fe,9619927,1339,536928875,1525477875,59627938,27927,19931136,19795968,0,4833,4096,0,0,19931136,19795968,128b61385c928cd6f22da7327914d7beebbf097ddd60d2f8f48170487097d6cedb,12ebbd74f384d342157e8668113ce3330463b0185d1362654a8d050082785af067,True,null,null,null,null,null,135168,0,503808,1193436,574,null,null,null,null,null,null,null,null,null,null,null,null,null,null,null,null,null,null,null,null,null,null,null,null,null,null,null,null,null,null,null,null,null,null,null,null,null,null,null,null,null,null,null,null,null,null,null,null,null,null,null,null,null,null,null,null,null,null,null,null,null,null,null,null,null,null,null,null,null,null,null,null,null,null,null,null,null,null,null,null,null,null,null,null,null,null,null,null,null,null,null,null,null,null,null,null,null,null,null,null,null,null,null,null,null,null,null,null,null,null,null,null,null,null,null,null,null,871811625,108280375,0,8192,31408584,56229888,56213504,0,3,1122,0,0,0,0,0,4503529,374,0,0,3294388,0,0,0,0,0,374,0,0,0,0,0,0,0,0,0,0,0,0,True,113841875,115601124,24576,8138752,31572424,56918016,56918016,22,129,2964,650,4,650,77,16654272,17485137,983,4,92,7523647,61,3690164,0,476463,570,988,0,0,19497,997250,0,4612,4,0,156352,471838,88,4,True,4158,8002128,574,1193436,3584,6808692,574,1193436,0,0,3584,6808692,7,198,237031,10212,99936061,2895500,0,0,0,43372544,52842496,38379520,24576,0,0,3284992,0,2694856,0,316,0,0,0,0,0,20045824,19798177,106496,2109,9994240,0,0,0,0,4083953000,294262000,0,0,6934213000,479141000,2850259000,184879000,1746,9619927,1,1,0,0
26,performance acknowledgement before historical verification,measured,deepseek-full/performance-result.json#records/25,d4b4a1537de32a6423eaf7f99be60d684d37cbea,e4c352436f6ec32e71880e26eb936772241cf740,2600,c4fc5b88dd5452fe654983c5f4a7093af7a649b08b45e441e33a9f59b6283c01,e0ca8111965d94e0196a2d924b8ecbeafe3b0e323980c149c24e7cc33924bbf3,11814583,1659,537481209,1628365459,63162813,29297,20979712,20934656,0,5111,4096,0,0,20979712,20934656,12ebbd74f384d342157e8668113ce3330463b0185d1362654a8d050082785af067,12a6525429ca21721858e1d3f3806df820740553353e5550acc443f0bb9da20a5e,True,null,null,null,null,null,45056,1048576,1138688,3534875,1370,null,null,null,null,null,null,null,null,null,null,null,null,null,null,null,null,null,null,null,null,null,null,null,null,null,null,null,null,null,null,null,null,null,null,null,null,null,null,null,null,null,null,null,null,null,null,null,null,null,null,null,null,null,null,null,null,null,null,null,null,null,null,null,null,null,null,null,null,null,null,null,null,null,null,null,null,null,null,null,null,null,null,null,null,null,null,null,null,null,null,null,null,null,null,null,null,null,null,null,null,null,null,null,null,null,null,null,null,null,null,null,null,null,null,null,null,null,950793083,122986541,0,8192,31687112,57049088,57032704,0,2,1206,0,0,0,0,0,5148920,400,0,0,3986278,0,0,0,0,0,402,0,0,0,0,0,0,0,0,0,0,0,0,True,137516083,139016916,24576,9621504,32047584,58589184,58589184,34,106,2574,516,30,516,80,16654272,15355317,854,19,283,6706677,181,10542540,0,1077438,1351,858,0,0,414991,14132250,0,42491,30,4,2394096,1052386,259,30,True,4541,9478910,1370,3534875,3171,5944035,1370,3534875,0,0,3171,5944035,19,265,232985,11125,108984175,2575084,0,0,0,45264896,55209984,40476672,24576,0,0,3747840,0,3146336,0,334,0,0,0,0,0,21098496,20936945,110592,2189,11554816,0,0,0,0,4409165000,325212000,0,0,7451526000,517313000,3042360000,192101000,2151,11814583,1,1,0,0
27,performance acknowledgement before historical verification,measured,deepseek-full/performance-result.json#records/26,5767a8d467ea569884a90ee664cbe04008f574cc,5086f6d30defc7162e5c5f4175eb862027188ae0,2700,4c4708a0703216705bdd44ffe86afceb7bbacd998555828bf44a369891fa6c0f,dbf1de9779156ce232cb6c105a8bae9660523d0ce17fc0dba6e712aa24a7c634,11901428,1673,383081958,938597292,64887727,29812,22028288,21422080,0,5230,4096,0,0,22028288,21422080,12a6525429ca21721858e1d3f3806df820740553353e5550acc443f0bb9da20a5e,12dc4b9c6864db9dd71580e235a7938def2713253682a21e2d419f8e89158d86c2,True,null,null,null,null,null,606208,1048576,487424,1724914,515,null,null,null,null,null,null,null,null,null,null,null,null,null,null,null,null,null,null,null,null,null,null,null,null,null,null,null,null,null,null,null,null,null,null,null,null,null,null,null,null,null,null,null,null,null,null,null,null,null,null,null,null,null,null,null,null,null,null,null,null,null,null,null,null,null,null,null,null,null,null,null,null,null,null,null,null,null,null,null,null,null,null,null,null,null,null,null,null,null,null,null,null,null,null,null,null,null,null,null,null,null,null,null,null,null,null,null,null,null,null,null,null,null,null,null,null,null,458571125,92948751,0,8192,32195040,58769408,58736640,0,6,2190,0,0,0,0,0,8379395,726,0,0,5678872,0,0,0,0,0,730,0,0,0,0,0,0,0,0,0,0,0,0,True,93384416,90796041,12288,3244032,32260576,59326464,59326464,11,88,1644,119,70,119,97,16654272,8779571,545,55,126,4165498,121,6337245,0,629382,460,548,0,0,900084,26546707,0,41672,70,0,4288944,446365,71,70,True,1424,3336964,515,1724914,909,1612050,515,1724914,0,0,909,1612050,9,101,258506,11331,112053125,3559793,0,0,0,46108672,55209984,41533440,24576,0,0,3768320,0,3169104,0,348,0,0,0,0,0,22151168,21424449,114688,2269,4034560,0,0,0,0,4535111000,125946000,0,0,7713615000,262089000,3178504000,136144000,2169,11901428,1,1,0,0
28,performance acknowledgement before historical verification,measured,deepseek-full/performance-result.json#records/27,18abf871076d66b48014935d27850095ed573eeb,5f3b55bd8a8d4449fb230548ce6646b842391366,2800,0c19852472d9285ec4b60a0d9dc97a9223a20a3ad2f5c539074ae409deabe548,9cb2ffce67a5e19de73f7af39df3799154528d94174e72d18513d01eae83778e,9571603,1269,433761125,1494299959,67767560,30710,23076864,22388736,0,5466,4096,0,0,23076864,22388736,12dc4b9c6864db9dd71580e235a7938def2713253682a21e2d419f8e89158d86c2,12842acd64b2f135ec9a526aa61b8df63aec75f6ebd6c55d569cc685c3f986ecfd,True,null,null,null,null,null,688128,1048576,966656,2879833,898,null,null,null,null,null,null,null,null,null,null,null,null,null,null,null,null,null,null,null,null,null,null,null,null,null,null,null,null,null,null,null,null,null,null,null,null,null,null,null,null,null,null,null,null,null,null,null,null,null,null,null,null,null,null,null,null,null,null,null,null,null,null,null,null,null,null,null,null,null,null,null,null,null,null,null,null,null,null,null,null,null,null,null,null,null,null,null,null,null,null,null,null,null,null,null,null,null,null,null,null,null,null,null,null,null,null,null,null,null,null,null,null,null,null,null,null,null,929325375,144025875,0,8192,32621024,59703296,59686912,0,14,1647,0,0,0,0,0,5892305,536,0,0,4085939,0,0,0,0,0,549,0,0,0,0,0,0,0,0,0,0,0,0,True,128827458,131913333,8192,8278016,32768480,60866560,60866560,19,122,3510,623,26,623,76,16654272,19398199,1169,23,241,8479812,142,9250418,0,935270,875,1170,0,0,261850,6996833,0,31158,27,1,1119984,907447,217,26,True,3621,8197498,898,2879833,2723,5317665,898,2879833,0,0,2723,5317665,16,201,258516,12066,119847721,2386001,0,0,0,47374336,58232832,43016192,24576,4096,0,3207168,0,2605080,0,364,0,0,0,0,0,23203840,22391185,118784,2349,9912320,0,0,0,0,4820911000,285800000,0,0,8182455000,468840000,3361544000,183040000,1659,9571603,1,1,0,0
29,performance acknowledgement before historical verification,measured,deepseek-full/performance-result.json#records/28,6c5b276b95e82e5e073459e61a2e38187ffb1447,4baeeb53c7968e31de1ab5ffaf6fd6eeb01db85a,2900,14a587fca490e536ed7fab35ce92c4d7e2e4fc54fbd287559f42cfbbd2091266,e32b5c88abdad3acec237d98fb96c65e8710fb036cddfede0cf9675882229984,11927232,1674,642989459,1872606917,69229977,31533,23076864,23015424,0,5619,4096,0,0,23076864,23015424,12842acd64b2f135ec9a526aa61b8df63aec75f6ebd6c55d569cc685c3f986ecfd,124c2dadfa488e23854892d785c69c0f9d51135301514b39fd77645668124f21d8,True,null,null,null,null,null,61440,0,626688,1462417,823,null,null,null,null,null,null,null,null,null,null,null,null,null,null,null,null,null,null,null,null,null,null,null,null,null,null,null,null,null,null,null,null,null,null,null,null,null,null,null,null,null,null,null,null,null,null,null,null,null,null,null,null,null,null,null,null,null,null,null,null,null,null,null,null,null,null,null,null,null,null,null,null,null,null,null,null,null,null,null,null,null,null,null,null,null,null,null,null,null,null,null,null,null,null,null,null,null,null,null,null,null,null,null,null,null,null,null,null,null,null,null,null,null,null,null,null,null,1080295625,115068792,0,8192,32899552,61014016,60997632,0,14,1770,0,0,0,0,0,6559796,588,0,0,4314345,0,0,0,0,0,590,0,0,0,0,0,0,0,0,0,0,0,0,True,146635875,149279791,61440,10813440,33407456,62193664,62177280,11,156,4521,622,13,622,77,16654272,25234431,1497,9,94,11010993,77,4506044,0,559086,814,1507,0,0,240007,6434460,0,14546,13,0,1095824,547645,85,13,True,5548,10636289,823,1462417,4725,9173872,823,1462417,0,0,4725,9173872,9,264,247736,13205,129963438,2685958,0,0,0,50085888,60813312,45260800,24576,4096,0,3768320,0,3167624,0,383,0,0,0,0,0,23207936,23017953,122880,2429,13168640,0,0,0,0,5208455000,387544000,0,0,8801359000,618904000,3592903000,231359000,2170,11927232,1,1,0,0
30,performance acknowledgement before historical verification,measured,deepseek-full/performance-result.json#records/29,e5721393969d581e3d7596544e99f94f4ee11798,24ca28a8bb679d9823b6da8ed2282decbfbb1368,3000,a0bb6ba1c477573b0a6d8cb08c69c42cf0e4f9a8879c8f165c0ef1d2672b9330,49feed1f55104ba3f66441e5ce4379cc4d60564a58efb2b9e61dfdd3801ef37d,12505028,1740,388908750,871342625,71381105,32419,24125440,23658496,0,5776,4096,0,0,24125440,23658496,124c2dadfa488e23854892d785c69c0f9d51135301514b39fd77645668124f21d8,12f4b4ae5e1a23ea182ef3471021ac5f174977be05dd0f934c16fd33821004e021,True,null,null,null,null,null,466944,1048576,643072,2151128,886,null,null,null,null,null,null,null,null,null,null,null,null,null,null,null,null,null,null,null,null,null,null,null,null,null,null,null,null,null,null,null,null,null,null,null,null,null,null,null,null,null,null,null,null,null,null,null,null,null,null,null,null,null,null,null,null,null,null,null,null,null,null,null,null,null,null,null,null,null,null,null,null,null,null,null,null,null,null,null,null,null,null,null,null,null,null,null,null,null,null,null,null,null,null,null,null,null,null,null,null,null,null,null,null,null,null,null,null,null,null,null,null,null,null,null,null,null,371760250,50758876,4096,8192,33489400,62259200,62242816,0,3,1320,0,0,0,0,0,6255403,439,0,0,4949828,0,0,0,0,0,440,0,0,0,0,0,0,0,0,0,0,0,0,True,108241250,102339875,20480,2572288,33636856,63078400,63078400,71,123,1422,65,90,65,89,16654272,7536487,472,72,216,4301389,146,7745954,0,830641,814,474,0,0,1164759,40872128,0,78975,90,1,6958880,598614,143,90,True,1509,2674284,886,2151128,623,523156,886,2151128,0,0,623,523156,13,165,277835,13423,132353644,2432375,0,0,0,50454528,60813312,45420544,24576,4096,0,3862528,0,3260936,0,395,0,0,0,0,0,24260608,23661105,126976,2509,3416064,0,0,0,0,5342852000,134397000,0,0,9069119000,267760000,3726266000,133363000,2249,12505028,1,1,0,0
31,performance acknowledgement before historical verification,measured,deepseek-full/performance-result.json#records/30,b50e02a2b33eae201e83b016b49aae4e50ab68ea,aa81ce65b1b9e8e91760bfa0c6c3f0f7cb310f71,3100,ba6b9a8b0c593e0afc154d6de708469440924853d1e824c880cf96358382fbb6,2c8e0b898583bec3298d45a3c2a943cb214f80fcb72946746ff9b9d6261a8ead,11884284,1656,330930125,1011022625,71964575,32599,24125440,23904256,0,5836,4096,0,0,24125440,23904256,12f4b4ae5e1a23ea182ef3471021ac5f174977be05dd0f934c16fd33821004e021,12861e7959053c977e174986749447d99b95d668504d2700865470653dc9c59b13,True,null,null,null,null,null,221184,0,245760,583470,180,null,null,null,null,null,null,null,null,null,null,null,null,null,null,null,null,null,null,null,null,null,null,null,null,null,null,null,null,null,null,null,null,null,null,null,null,null,null,null,null,null,null,null,null,null,null,null,null,null,null,null,null,null,null,null,null,null,null,null,null,null,null,null,null,null,null,null,null,null,null,null,null,null,null,null,null,null,null,null,null,null,null,null,null,null,null,null,null,null,null,null,null,null,null,null,null,null,null,null,null,null,null,null,null,null,null,null,null,null,null,null,null,null,null,null,null,null,599439250,92958250,0,8192,33751544,63209472,63193088,0,23,2292,0,0,0,0,0,9599679,764,0,0,6094224,0,0,0,0,0,764,0,0,0,0,0,0,0,0,0,0,0,0,True,78264000,77097042,36864,5566464,33817080,63520768,63520768,2,73,2778,318,14,318,89,16654272,15351036,924,11,27,6811657,39,1727663,0,272772,169,926,0,0,272547,3956752,0,14665,16,1,661520,237175,15,14,True,2312,5606766,180,583470,2132,5023296,180,583470,0,0,2132,5023296,4,80,250895,13837,137620823,2389250,0,0,0,50335744,60813312,45498368,24576,4096,0,3747840,0,3145736,0,408,0,0,0,0,0,24264704,23906945,131072,2589,6713344,0,0,0,0,5543920000,201068000,0,0,9407829000,338710000,3863908000,137642000,2148,11884284,1,1,0,0
32,performance acknowledgement before historical verification,measured,deepseek-full/performance-result.json#records/31,a9c5d4ee3265499d70791349c07df5ad088a9229,26164f255e276611a279ba64d7cb86908089a3a4,3200,d4464ea9d990e9948fb1c5f8533bd0518f09df35f1ef5eeabb70fd2efac8f9dd,2e0a41d8c94554579992d47203a157ef27c55c500fdc80af2498a6d5938a23cc,13846946,1885,592368500,1888394209,79534686,36487,27271168,26710016,0,6521,4096,0,0,27271168,26710016,12861e7959053c977e174986749447d99b95d668504d2700865470653dc9c59b13,12de6b6e7027dd293128cd674cee4d3540fdea6e3de9991ad4911375ca125481bf,True,null,null,null,null,null,561152,3145728,2805760,7570111,3888,null,null,null,null,null,null,null,null,null,null,null,null,null,null,null,null,null,null,null,null,null,null,null,null,null,null,null,null,null,null,null,null,null,null,null,null,null,null,null,null,null,null,null,null,null,null,null,null,null,null,null,null,null,null,null,null,null,null,null,null,null,null,null,null,null,null,null,null,null,null,null,null,null,null,null,null,null,null,null,null,null,null,null,null,null,null,null,null,null,null,null,null,null,null,null,null,null,null,null,null,null,null,null,null,null,null,null,null,null,null,null,null,null,null,null,null,null,1073296875,128458875,0,8192,33931768,63651840,63635456,0,2,537,0,0,0,0,0,2420417,155,0,0,2044986,0,0,0,0,0,179,0,0,0,0,0,0,0,0,0,0,0,0,True,219399958,216463459,65536,10911744,34914808,67600384,67600384,418,171,2712,502,79,502,84,16654272,14385941,892,68,915,6742925,378,24748843,0,2673999,3820,904,0,0,777281,33189622,0,97329,79,0,5491584,2553295,847,79,True,5414,10733995,3888,7570111,1526,3163884,3888,7570111,0,0,1526,3163884,46,395,329200,14944,147861798,3328876,0,0,0,51134464,60813312,46084096,24576,4096,0,4075520,0,3468656,0,428,0,0,0,0,0,27414528,26712785,135168,2669,13127680,0,0,0,0,5918224000,374304000,0,0,10000420000,592591000,4082195000,218287000,2430,13846946,1,1,0,0
33,performance acknowledgement before historical verification,measured,deepseek-full/performance-result.json#records/32,7c55ec9038902fd7a3a2c531927ee93317ea5444,86088968a4cc4d8458b2c93ff294356988f54ca5,3300,14241a8eba9ad03f75a720c6872a2382e2ae7ca7a62e5869b11a6c4dfde93d95,2ef9f6830362c2733054d8cc44dca9dada71e845f1655e79f7abcb518237b7a8,13943764,1910,494276791,1500579792,85008007,38688,29368320,28336128,0,6918,4096,0,0,29368320,28336128,12de6b6e7027dd293128cd674cee4d3540fdea6e3de9991ad4911375ca125481bf,125eca23039ecd2bef319bc1995fea1038cfc0b408bdc2ef418412220bb136193b,True,null,null,null,null,null,1032192,2097152,1626112,5473321,2201,null,null,null,null,null,null,null,null,null,null,null,null,null,null,null,null,null,null,null,null,null,null,null,null,null,null,null,null,null,null,null,null,null,null,null,null,null,null,null,null,null,null,null,null,null,null,null,null,null,null,null,null,null,null,null,null,null,null,null,null,null,null,null,null,null,null,null,null,null,null,null,null,null,null,null,null,null,null,null,null,null,null,null,null,null,null,null,null,null,null,null,null,null,null,null,null,null,null,null,null,null,null,null,null,null,null,null,null,null,null,null,null,null,null,null,null,null,821302625,181539832,0,8192,35275256,67977216,67960832,0,29,6906,0,0,0,0,0,30982398,2298,0,0,17256874,0,0,0,0,0,2302,0,0,0,0,0,0,0,0,0,0,0,0,True,180888291,180718875,0,6549504,35291640,69713920,69713920,112,188,1704,330,116,330,101,16654272,9457225,554,88,562,4429234,300,17583118,0,1759956,2113,568,0,0,1475711,58406832,0,103373,119,1,9594480,1508082,473,116,True,2805,6452669,2201,5473321,604,979348,2201,5473321,0,0,604,979348,30,285,301532,15471,154050778,4112085,0,0,0,52834304,61640704,47300608,24576,0,0,4096000,0,3487648,0,444,0,0,0,0,0,29515776,28338977,139264,2749,7811072,0,0,0,0,6168759000,250535000,0,0,10421628000,421208000,4252869000,170674000,2450,13943764,1,1,0,0
34,performance acknowledgement before historical verification,measured,deepseek-full/performance-result.json#records/33,8044e63e69fc8133f773a99f83024f49dcb2ca4e,535fad773d2e2263bd8f5a36b7bec40097b71034,3400,68e51409e3264f6b707dec7f1cca95292e70e09e8738b54610b9f4254e3067e0,96b0b156d5e52eb0d7d7c2e6c9a33d8be47eb4251a8b32223d8d25d307ffb65d,13725764,1914,480184041,2110163250,86885714,39447,29368320,29036544,0,7089,4096,0,0,29368320,29036544,125eca23039ecd2bef319bc1995fea1038cfc0b408bdc2ef418412220bb136193b,12cc721534a22aef6109abc6bba67ccd0b1a2c71197fbb1d52c23db2e55b9fb5fa,True,null,null,null,null,null,331776,0,700416,1877707,759,null,null,null,null,null,null,null,null,null,null,null,null,null,null,null,null,null,null,null,null,null,null,null,null,null,null,null,null,null,null,null,null,null,null,null,null,null,null,null,null,null,null,null,null,null,null,null,null,null,null,null,null,null,null,null,null,null,null,null,null,null,null,null,null,null,null,null,null,null,null,null,null,null,null,null,null,null,null,null,null,null,null,null,null,null,null,null,null,null,null,null,null,null,null,null,null,null,null,null,null,null,null,null,null,null,null,null,null,null,null,null,null,null,null,null,null,null,1391218125,186328959,0,8192,35357176,69812224,69779456,0,25,5550,0,0,0,0,0,23614856,1849,0,0,13623939,0,0,0,0,0,1850,0,0,0,0,0,0,0,0,0,0,0,0,True,234481375,178698209,1310720,4595712,35406328,70582272,70582272,68,139,3633,416,37,416,96,16654272,19692233,1200,31,155,8879098,110,9811167,0,738636,728,1211,0,0,505626,18435455,0,48337,40,0,2503936,664594,124,37,True,3341,7484185,759,1877707,2582,5606478,759,1877707,0,0,2582,5606478,10,172,271841,16109,161322053,4279709,0,0,0,52244480,62664704,47345664,24576,0,0,4120576,0,3519696,0,470,0,0,0,0,0,29519872,29039473,143360,2829,9072640,0,0,0,0,6572367000,403608000,0,0,11074528000,652900000,4502161000,249292000,2465,13725764,1,1,0,0
35,performance acknowledgement before historical verification,measured,deepseek-full/performance-result.json#records/34,b6f6c58435fb7fac4f4b69af6767db4b3e2a903e,2d7b5070f8409ad2cbb8f509d128281bef5f7a1c,3500,7c91a381334f2f8fe7b16623459cfc1f6c69b32af96960d9d2986cb1320c0408,030d12d957cbd10cb3b087ff55d2e8e2b35ecff353e7f001c04e7c5e58c997c6,14730897,2005,781176500,2001026958,90496357,40904,30416896,30240768,0,7383,4096,0,0,30416896,30240768,12cc721534a22aef6109abc6bba67ccd0b1a2c71197fbb1d52c23db2e55b9fb5fa,125e98ca0fa02c00361453f1486279f216ffe37d7b4499932b37a088f410b1ad6c,True,null,null,null,null,null,176128,1048576,1204224,3610643,1457,null,null,null,null,null,null,null,null,null,null,null,null,null,null,null,null,null,null,null,null,null,null,null,null,null,null,null,null,null,null,null,null,null,null,null,null,null,null,null,null,null,null,null,null,null,null,null,null,null,null,null,null,null,null,null,null,null,null,null,null,null,null,null,null,null,null,null,null,null,null,null,null,null,null,null,null,null,null,null,null,null,null,null,null,null,null,null,null,null,null,null,null,null,null,null,null,null,null,null,null,null,null,null,null,null,null,null,null,null,null,null,null,null,null,null,null,null,1044760708,130527625,16384,8192,35471864,70664192,70647808,0,9,1902,0,0,0,0,0,7898382,631,0,0,5552906,0,0,0,0,0,634,0,0,0,0,0,0,0,0,0,0,0,0,True,171693916,168760875,155648,9572352,35668472,72122368,72122368,65,157,2796,517,38,517,97,16654272,15890229,925,30,327,6917785,184,11221787,0,1175297,1427,932,0,0,598006,23635751,0,59249,42,0,3695456,1100596,297,38,True,4007,9264282,1457,3610643,2550,5653639,1457,3610643,0,0,2550,5653639,20,232,275249,16906,170377788,3395834,0,0,0,52723712,64221184,47534080,24576,0,0,4255744,0,3643808,0,490,0,0,0,0,0,30572544,30243777,147456,2909,11202560,0,0,0,0,6943255000,370888000,0,0,11669918000,595390000,4726663000,224502000,2573,14730897,1,1,0,0
36,performance acknowledgement before historical verification,measured,deepseek-full/performance-result.json#records/35,e29db14566644cc651c02b802a2ad22d06479c9f,e27b8b726950495254acb5fcbd068204609e0b72,3600,7a2e6b4bf1dad1d0fef8b0a256c92ba5a7db21b2b31a3e09cad7006edb6cbbde,3d48666c9b9b4cf388e2a027e7df449ef459ee2aab42aff14fedc75d17c08141,15073486,2062,384729084,949432875,92387644,41629,31465472,30760960,0,7510,4096,0,0,31465472,30760960,125e98ca0fa02c00361453f1486279f216ffe37d7b4499932b37a088f410b1ad6c,125ba8a1c64299e199aa26b8a1ff3bc954fe574cc3bdb3c3b20f591720f2540c7e,True,null,null,null,null,null,704512,1048576,520192,1891287,725,null,null,null,null,null,null,null,null,null,null,null,null,null,null,null,null,null,null,null,null,null,null,null,null,null,null,null,null,null,null,null,null,null,null,null,null,null,null,null,null,null,null,null,null,null,null,null,null,null,null,null,null,null,null,null,null,null,null,null,null,null,null,null,null,null,null,null,null,null,null,null,null,null,null,null,null,null,null,null,null,null,null,null,null,null,null,null,null,null,null,null,null,null,null,null,null,null,null,null,null,null,null,null,null,null,null,null,null,null,null,null,null,null,null,null,null,null,442000458,79622959,0,8192,35832312,72302592,72286208,0,7,2283,0,0,0,0,0,9741383,761,0,0,6394098,0,0,0,0,0,761,0,0,0,0,0,0,0,0,0,0,0,0,True,119279792,114648667,4096,2727936,35881464,72892416,72892416,61,126,1635,60,79,60,120,16654272,8353856,542,59,177,4538530,135,6665536,0,692297,666,545,0,0,1230680,42021586,0,61185,81,1,6533248,469262,117,79,True,1476,2859826,725,1891287,751,968539,725,1891287,0,0,751,968539,11,129,269724,17101,172927138,3423541,0,0,0,53231616,64221184,47534080,24576,0,0,4333568,0,3722752,0,503,0,0,0,0,0,31625216,30764049,151552,2989,3608576,0,0,0,0,7091797000,148542000,0,0,11956961000,287043000,4865164000,138501000,2644,15073486,1,1,0,0
37,performance acknowledgement before historical verification,measured,deepseek-full/performance-result.json#records/36,81cdebc5315dc7764d11992c363f88a27a4bdcd9,70ef038141ef9c18e1b0b7aa0bcad63adf7c67fa,3700,5b0526f328e4c2aa9e3e3f1fee41159a0279406f2188ef564010bbce443d9642,1f6129d1bc278c0e238d21dc5f1ebe8beac954a6b2f2a5cf0068b3ebd1d4c50a,14079295,1925,374407625,1147203000,95133476,42316,32514048,31522816,0,7696,4096,0,0,32514048,31522816,125ba8a1c64299e199aa26b8a1ff3bc954fe574cc3bdb3c3b20f591720f2540c7e,12c0a7617b6d5b272ed5d7a9cc2f44161fe740510f60864eab62e0f991b958f187,True,null,null,null,null,null,991232,1048576,761856,2745832,687,null,null,null,null,null,null,null,null,null,null,null,null,null,null,null,null,null,null,null,null,null,null,null,null,null,null,null,null,null,null,null,null,null,null,null,null,null,null,null,null,null,null,null,null,null,null,null,null,null,null,null,null,null,null,null,null,null,null,null,null,null,null,null,null,null,null,null,null,null,null,null,null,null,null,null,null,null,null,null,null,null,null,null,null,null,null,null,null,null,null,null,null,null,null,null,null,null,null,null,null,null,null,null,null,null,null,null,null,null,null,null,null,null,null,null,null,null,617726875,106361750,32768,8192,36028920,73039872,73039872,0,11,2604,0,0,0,0,0,10781903,866,0,0,6713667,0,0,0,0,0,868,0,0,0,0,0,0,0,0,0,0,0,0,True,152007167,151809792,49152,5349376,36045304,73875456,73875456,12,183,2496,253,87,253,115,16654272,13186469,824,58,193,6203954,179,9628786,0,926375,629,832,0,0,1105972,56324539,0,95324,89,2,9750848,725318,133,87,True,2031,5292164,687,2745832,1344,2546332,687,2745832,0,0,1344,2546332,14,120,276907,17442,178013053,3061333,0,0,0,52846592,64221184,47554560,24576,0,0,4132864,0,3526704,0,517,0,0,0,0,0,32677888,31525985,155648,3069,6295552,0,0,0,0,7266185000,174388000,0,0,12304806000,347845000,5038621000,173457000,2465,14079295,1,1,0,0
38,performance acknowledgement before historical verification,measured,deepseek-full/performance-result.json#records/37,0289e69ee99f63cbb2149137c78d08fbd314e0fb,6f6a861a7d16a93a2acfa5f7371ffd3865ff9038,3800,38ab79437894ae9c367db69169a24136b7b4a2a3129814b6ff1da83f45105998,d95439b82bded80cb4c2dba66ba94e6e00884d9406eb7c237104ebbef117f85b,9424174,1170,426130792,1758059042,96174451,42867,32514048,31997952,0,7812,4096,0,0,32514048,31997952,12c0a7617b6d5b272ed5d7a9cc2f44161fe740510f60864eab62e0f991b958f187,122c30f75733918445340c7dcc9125449487b4eb16230507780cab62919db3b3b8,True,null,null,null,null,null,516096,0,475136,1040975,551,null,null,null,null,null,null,null,null,null,null,null,null,null,null,null,null,null,null,null,null,null,null,null,null,null,null,null,null,null,null,null,null,null,null,null,null,null,null,null,null,null,null,null,null,null,null,null,null,null,null,null,null,null,null,null,null,null,null,null,null,null,null,null,null,null,null,null,null,null,null,null,null,null,null,null,null,null,null,null,null,null,null,null,null,null,null,null,null,null,null,null,null,null,null,null,null,null,null,null,null,null,null,null,null,null,null,null,null,null,null,null,null,null,null,null,null,null,1181070333,167737542,16384,8192,36094456,73940992,73924608,0,6,2466,0,0,0,0,0,10117919,812,0,0,6590502,0,0,0,0,0,822,0,0,0,0,0,0,0,0,0,0,0,0,True,147636000,141466333,1257472,9682944,36258296,74596352,74596352,13,175,4260,613,12,613,76,16654272,24039709,1416,9,65,10070114,56,3532996,0,448663,542,1420,0,0,117085,3538042,0,12669,13,1,553920,436232,54,12,True,4654,9554845,551,1040975,4103,8513870,551,1040975,0,0,4103,8513870,6,226,241120,18409,187080955,3221917,0,0,0,51843072,64221184,47628288,24576,0,0,3092480,0,2474208,0,538,0,0,0,0,0,32681984,32001201,159744,3149,11763712,0,0,0,0,7651732000,385547000,0,0,12929202000,624396000,5277469000,238848000,1535,9424174,1,1,0,0
39,performance acknowledgement before historical verification,measured,deepseek-full/performance-result.json#records/38,0bd5713f805e6abb5633d646ce6539f48c6b27c9,4f9f9cc95e0423fa9791e334d34743277118364f,3900,c89e6de2e6af9842013fa624496a5440f429ca4aa25f0e0a90d3e49d214ad6c0,98da70fc83b6a557ede4d70172f8603a81373b07b7653ace519c75a4bd8d5a74,11757722,1595,581723625,1926157417,99294341,44271,33562624,33079296,0,8076,4096,0,0,33562624,33079296,122c30f75733918445340c7dcc9125449487b4eb16230507780cab62919db3b3b8,12dd51fd00949f78682e7ab02612d073599d82b6fd6da6e29fa02150dfc9c914ec,True,null,null,null,null,null,483328,1048576,1081344,3119890,1404,null,null,null,null,null,null,null,null,null,null,null,null,null,null,null,null,null,null,null,null,null,null,null,null,null,null,null,null,null,null,null,null,null,null,null,null,null,null,null,null,null,null,null,null,null,null,null,null,null,null,null,null,null,null,null,null,null,null,null,null,null,null,null,null,null,null,null,null,null,null,null,null,null,null,null,null,null,null,null,null,null,null,null,null,null,null,null,null,null,null,null,null,null,null,null,null,null,null,null,null,null,null,null,null,null,null,null,null,null,null,null,null,null,null,null,null,null,1131649333,166125375,4096,8192,36389368,74743808,74727424,0,4,3486,0,0,0,0,0,13227480,1160,0,0,10011801,0,0,0,0,0,1162,0,0,0,0,0,0,0,0,0,0,0,0,True,209733667,210527750,192512,10723328,36635128,75595776,75563008,111,190,5154,642,42,642,77,16654272,27954873,1713,18,253,12558381,171,9784834,0,1042992,1386,1718,0,0,506328,42799167,0,119566,42,12,7619632,1014367,223,42,True,5768,10576249,1404,3119890,4364,7456359,1404,3119890,0,0,4364,7456359,16,279,287198,19604,197093664,3050792,0,0,0,52342784,64221184,47927296,28672,4096,0,3694592,0,3077784,0,558,0,0,0,0,0,33734656,33082625,163840,3229,13230080,0,0,0,0,8006100000,354368000,0,0,13532753000,603551000,5526652000,249183000,2082,11757722,1,1,0,0
40,performance acknowledgement before historical verification,measured,deepseek-full/performance-result.json#records/39,89add445fe7571728f7b19450963a9502c4480c5,0e9f1057ad637677a5734caf72361602fbca4c55,4000,72ae3cb887f5b14b2dde3fbc25c2f2a78ebc4840064f109392ad6a60ed0c7216,f2ad2090c5aa8c9ed0ab714b9d78db2a9ef7046898ab0b53de32c99b870b3fcf,15681938,2243,698985167,2656406083,103255002,47489,35659776,34643968,0,8458,4096,0,0,35659776,34643968,12dd51fd00949f78682e7ab02612d073599d82b6fd6da6e29fa02150dfc9c914ec,12c2bc607a89821e133d2cb087226adf69651e90af22045d1fedfe21056d758723,True,null,null,null,null,null,1015808,2097152,1564672,3960661,3218,null,null,null,null,null,null,null,null,null,null,null,null,null,null,null,null,null,null,null,null,null,null,null,null,null,null,null,null,null,null,null,null,null,null,null,null,null,null,null,null,null,null,null,null,null,null,null,null,null,null,null,null,null,null,null,null,null,null,null,null,null,null,null,null,null,null,null,null,null,null,null,null,null,null,null,null,null,null,null,null,null,null,null,null,null,null,null,null,null,null,null,null,null,null,null,null,null,null,null,null,null,null,null,null,null,null,null,null,null,null,null,null,null,null,null,null,null,1681720042,241123792,20480,8192,36864504,75808768,75792384,0,8,3591,0,0,0,0,0,15261287,1196,0,0,10772823,0,0,0,0,0,1197,0,0,0,0,0,0,0,0,0,0,0,0,True,271474459,270989250,176128,16465920,39092728,78053376,78020608,266,193,6471,780,30,780,81,16654272,34794781,2143,11,583,16517611,205,12557962,0,1362297,3207,2157,0,0,401476,17977291,0,58873,30,6,3158496,1351313,559,30,True,8699,14888341,3218,3960661,5481,10927680,3218,3960661,0,0,5481,10927680,24,356,268048,21457,211359441,4226415,0,0,0,54120448,67366912,48582656,28672,4096,0,4538368,0,3929584,0,586,0,0,0,0,0,35835904,34647377,167936,3309,18939904,0,0,0,0,8567780000,561680000,0,0,14425013000,892260000,5857233000,330581000,2825,15681938,1,1,0,0
41,performance acknowledgement before historical verification,measured,deepseek-full/performance-result.json#records/40,fa433356243c61f71eb20fc2ddc882f70401287b,48007eda3e078cb389a2126c3b2bdf9843a71ee2,4100,3023a6414027ab7f030bd871ad30de5c2bffd75d2d34610981640f431fab1eff,52ecb553874705e007aa59985c76d89b6e64092a83b62577810ba8fed8d2f1a5,18790518,2762,536810958,2094344125,113159315,52241,38805504,37892096,0,9251,4096,0,0,38805504,37892096,12c2bc607a89821e133d2cb087226adf69651e90af22045d1fedfe21056d758723,127297f62d13b2e3473df75d46e06bceaf70698be7aa7f4d16ceb14e6585273e50,True,null,null,null,null,null,913408,3145728,3248128,9904313,4752,null,null,null,null,null,null,null,null,null,null,null,null,null,null,null,null,null,null,null,null,null,null,null,null,null,null,null,null,null,null,null,null,null,null,null,null,null,null,null,null,null,null,null,null,null,null,null,null,null,null,null,null,null,null,null,null,null,null,null,null,null,null,null,null,null,null,null,null,null,null,null,null,null,null,null,null,null,null,null,null,null,null,null,null,null,null,null,null,null,null,null,null,null,null,null,null,null,null,null,null,null,null,null,null,null,null,null,null,null,null,null,null,null,null,null,null,null,1249193958,262600167,0,8192,39174648,78118912,78102528,0,4,6534,0,0,0,0,0,30470081,2177,0,0,17438560,0,0,0,0,0,2178,0,0,0,0,0,0,0,0,0,0,0,0,True,304064125,300141041,53248,11874304,39322104,78331904,78249984,551,215,1890,452,127,452,97,16654272,9938427,619,79,1187,5200841,522,29621343,0,3097717,4673,630,0,0,1610704,88647874,0,232063,129,17,14909520,2939383,1089,127,True,5382,10299396,4752,9904313,630,395083,4752,9904313,0,0,630,395083,57,354,303049,22533,221224769,4275084,0,0,0,56500224,67944448,50229248,28672,4096,0,5246976,0,4634616,0,607,0,0,0,0,0,38985728,37895585,172032,3389,12988416,0,0,0,0,8959551000,391771000,0,0,15046758000,621745000,6087206000,229973000,3437,18790518,1,1,0,0
42,performance acknowledgement before historical verification,measured,deepseek-full/performance-result.json#records/41,1f9633a8cef43cf548e5300e08e99fd3bcc7f9a3,1879717ef0fd40313f945ef09b7573f43979da19,4200,8d8901a57bab17aed830459e64312441c07a31e662386edb26d34ecb26b9d4b0,b7b05b0cb1e835a7fa4ba69384d75dfd44eeca0f6c92c0086965cd3ac90e50ab,16248892,2296,437764334,1422036666,115677131,52964,38805504,38645760,0,9435,4096,0,0,38805504,38645760,127297f62d13b2e3473df75d46e06bceaf70698be7aa7f4d16ceb14e6585273e50,12e582c1ae269b2c189e71cdd438c07b74c9ce7c330442da22dcfc1adc1e902669,True,null,null,null,null,null,159744,0,753664,2517816,723,null,null,null,null,null,null,null,null,null,null,null,null,null,null,null,null,null,null,null,null,null,null,null,null,null,null,null,null,null,null,null,null,null,null,null,null,null,null,null,null,null,null,null,null,null,null,null,null,null,null,null,null,null,null,null,null,null,null,null,null,null,null,null,null,null,null,null,null,null,null,null,null,null,null,null,null,null,null,null,null,null,null,null,null,null,null,null,null,null,null,null,null,null,null,null,null,null,null,null,null,null,null,null,null,null,null,null,null,null,null,null,null,null,null,null,null,null,858202000,216353583,0,8192,43221496,82165760,82149376,0,27,9759,0,0,0,0,0,44264603,3246,0,0,24431080,0,0,0,0,0,3253,0,0,0,0,0,0,0,0,0,0,0,0,True,121684375,117695417,32768,4943872,43287032,82247680,82214912,11,109,2532,297,45,297,97,16654272,12892164,839,26,184,6701265,144,6794380,0,758554,697,844,0,0,748097,27783459,0,64777,46,5,4719616,702836,151,45,True,2269,4865241,723,2517816,1546,2347425,723,2517816,0,0,1546,2347425,13,119,281261,22923,225863024,4385957,0,0,0,57348096,67944448,51335168,28672,4096,0,4661248,0,4039608,0,625,0,0,0,0,0,38989824,38649329,176128,3469,6139904,0,0,0,0,9189310000,229759000,0,0,15476480000,429722000,6287169000,199963000,2889,16248892,1,1,0,0
43,performance acknowledgement before historical verification,measured,deepseek-full/performance-result.json#records/42,3bc9eaf629fe9761902beb4bf4f10cfba26ba1e0,128a6f23fb604f1ab6ec551194ca4737732484a9,4300,ffbb5b1bdd5fee129c8f5de73618bfcdb1a34d24b15196b71490bbc4147bfb30,c43bd050fb2971352cb5a6d75b4ec1f2944765d9b629a56e52f36dee24b279a3,15134043,2022,543729292,1828996708,119729074,54177,40902656,39964672,0,9757,4096,0,0,40902656,39964672,12e582c1ae269b2c189e71cdd438c07b74c9ce7c330442da22dcfc1adc1e902669,1208547551cab092ac8dcddf8ae78b015b5ef2642246de2aa0e38406f9607c9e0d,True,null,null,null,null,null,937984,2097152,1318912,4051943,1213,null,null,null,null,null,null,null,null,null,null,null,null,null,null,null,null,null,null,null,null,null,null,null,null,null,null,null,null,null,null,null,null,null,null,null,null,null,null,null,null,null,null,null,null,null,null,null,null,null,null,null,null,null,null,null,null,null,null,null,null,null,null,null,null,null,null,null,null,null,null,null,null,null,null,null,null,null,null,null,null,null,null,null,null,null,null,null,null,null,null,null,null,null,null,null,null,null,null,null,null,null,null,null,null,null,null,null,null,null,null,null,null,null,null,null,null,null,1110187542,207014917,4096,8192,43303416,82247680,82231296,0,10,4230,0,0,0,0,0,17708018,1389,0,0,10745121,0,0,0,0,0,1410,0,0,0,0,0,0,0,0,0,0,0,0,True,171347792,176285292,45056,9629696,43303416,82313216,82231296,20,155,4629,732,35,732,98,16654272,24456544,1532,24,309,11490982,216,12753710,0,1289095,1189,1543,0,0,605621,21964248,0,51818,38,1,3484880,1226916,284,35,True,4355,9434755,1213,4051943,3142,5382812,1213,4051943,0,0,3142,5382812,21,210,296241,23763,234918008,3732082,0,0,0,56770560,70168576,51339264,28672,4096,0,4358144,0,3735992,0,647,0,0,0,0,0,41091072,39968321,180224,3549,11628544,0,0,0,0,9496125000,306815000,0,0,15999248000,522768000,6503122000,215953000,2590,15134043,1,1,0,0
44,performance acknowledgement before historical verification,measured,deepseek-full/performance-result.json#records/43,5fd5c49d361eff279b5b8d4d2ccc33941cf6cb67,13156e72ebd6d37f09b49a409cf825024f6dcfc4,4400,ee76beb014ba17ea8623044095cc1c6fb9a4826896c9439807e30c4f49610d83,9f4e458d15aa7d8fab9b472412a9d0ae2b5d32fb43d22c81ddc3697f4d9706c2,17923472,2643,693777459,2351235500,123371138,55786,41951232,41283584,0,10079,4096,0,0,41951232,41283584,1208547551cab092ac8dcddf8ae78b015b5ef2642246de2aa0e38406f9607c9e0d,12a45fdba80c2049eea697ffef774e9aa2be713eb3faf824029b2fd62634067e03,True,null,null,null,null,null,667648,1048576,1318912,3642064,1609,null,null,null,null,null,null,null,null,null,null,null,null,null,null,null,null,null,null,null,null,null,null,null,null,null,null,null,null,null,null,null,null,null,null,null,null,null,null,null,null,null,null,null,null,null,null,null,null,null,null,null,null,null,null,null,null,null,null,null,null,null,null,null,null,null,null,null,null,null,null,null,null,null,null,null,null,null,null,null,null,null,null,null,null,null,null,null,null,null,null,null,null,null,null,null,null,null,null,null,null,null,null,null,null,null,null,null,null,null,null,null,null,null,null,null,null,null,1406225750,220543208,0,8192,43336184,82313216,82264064,0,0,3558,0,0,0,0,0,13552083,1185,0,0,9773148,0,0,0,0,0,1186,0,0,0,0,0,0,0,0,0,0,0,0,True,247108083,241923334,4096,13623296,43876856,82837504,82804736,44,151,4761,697,47,697,94,16654272,26240684,1575,23,251,12339207,196,11463828,0,1269952,1586,1587,0,0,768996,37293048,0,91896,50,7,6621872,1219726,218,47,True,6963,12025910,1609,3642064,5354,8383846,1609,3642064,0,0,5354,8383846,19,265,262274,25182,246198921,4124208,0,0,0,57257984,71069696,51339264,28672,4096,0,5128192,0,4512928,0,671,0,0,0,0,0,42143744,41287313,184320,3629,15392768,0,0,0,0,9933831000,437706000,0,0,16724947000,725699000,6791115000,287993000,3310,17923472,1,1,0,0
45,performance acknowledgement before historical verification,measured,deepseek-full/performance-result.json#records/44,05aeb243baec91e1e53b9af1ca17a022a269a0dd,98c4595012eb9e0733842033291175d510a712f4,4500,7e1a41601183662f5c42321c4dd05ba7fc75b92f6fbab5716542c4012c504c9c,6fea9854eeca6a676b604e92175506a581919cd2c2c4923f6b7c037b4b807453,19775189,2894,601261042,2112912459,128890819,58267,44048384,43196416,0,10546,4096,0,0,44048384,43196416,12a45fdba80c2049eea697ffef774e9aa2be713eb3faf824029b2fd62634067e03,12901e23daf7cee87b3114e81f1b48eb356b72028fed3114e5cdded860f3d16cc0,True,null,null,null,null,null,851968,2097152,1912832,5519681,2481,null,null,null,null,null,null,null,null,null,null,null,null,null,null,null,null,null,null,null,null,null,null,null,null,null,null,null,null,null,null,null,null,null,null,null,null,null,null,null,null,null,null,null,null,null,null,null,null,null,null,null,null,null,null,null,null,null,null,null,null,null,null,null,null,null,null,null,null,null,null,null,null,null,null,null,null,null,null,null,null,null,null,null,null,null,null,null,null,null,null,null,null,null,null,null,null,null,null,null,null,null,null,null,null,null,null,null,null,null,null,null,null,null,null,null,null,null,1280621750,236570208,0,8192,44696056,83640320,83623936,0,2,3441,0,0,0,0,0,15190821,1146,0,0,11413719,0,0,0,0,0,1147,0,0,0,0,0,0,0,0,0,0,0,0,True,225908709,221008750,65536,11403264,44712440,83722240,83640320,156,151,3948,654,65,654,103,16654272,21243726,1313,46,593,10767989,286,16721707,0,1868707,2435,1316,0,0,781747,31846458,0,73064,66,3,5394416,1755945,539,65,True,5104,10661774,2481,5519681,2623,5142093,2481,5519681,0,0,2623,5142093,31,239,303006,26199,256457204,5120958,0,0,0,58933248,72028160,52383744,28672,8192,0,5455872,0,4829216,0,693,0,0,0,0,0,44244992,43200225,188416,3709,13246464,0,0,0,0,10314703000,380872000,0,0,17363627000,638680000,7048923000,257808000,3597,19775189,1,1,0,0
46,performance acknowledgement before historical verification,measured,deepseek-full/performance-result.json#records/45,454f3ffb2190e9d6c429636b5edc2a8824d6d6bf,e606a7436ba1b9d42061cfa4380c0bcd8e8f8777,4600,c61d7ed1d536e39fa443fafde4f1b7da2d0cfd72c625c8337593ab7bf4dcd198,b117232579342812aa59266a0b82f958a8f733525bdea912b6016e8f306c19bd,20707466,2946,490445583,1498137250,134013161,59699,45096960,44826624,0,10944,4096,0,0,45096960,44826624,12901e23daf7cee87b3114e81f1b48eb356b72028fed3114e5cdded860f3d16cc0,12da7d416bf38e915b4d5fcc404fcbb18bac200c876fce135014132d49e5361d8e,True,null,null,null,null,null,270336,1048576,1630208,5122342,1432,null,null,null,null,null,null,null,null,null,null,null,null,null,null,null,null,null,null,null,null,null,null,null,null,null,null,null,null,null,null,null,null,null,null,null,null,null,null,null,null,null,null,null,null,null,null,null,null,null,null,null,null,null,null,null,null,null,null,null,null,null,null,null,null,null,null,null,null,null,null,null,null,null,null,null,null,null,null,null,null,null,null,null,null,null,null,null,null,null,null,null,null,null,null,null,null,null,null,null,null,null,null,null,null,null,null,null,null,null,null,null,null,null,null,null,null,null,794922833,154608209,16384,8192,44745208,83722240,83673088,0,14,4401,0,0,0,0,0,19374671,1467,0,0,11994398,0,0,0,0,0,1467,0,0,0,0,0,0,0,0,0,0,0,0,True,208663375,203198250,20480,8110080,44892664,83902464,83820544,50,165,2178,320,110,320,126,16654272,11685213,724,72,413,5807548,299,17138077,0,1735764,1360,726,0,0,1614585,77504952,0,123040,113,1,13017296,1503950,340,110,True,2717,7443404,1432,5122342,1285,2321062,1432,5122342,0,0,1285,2321062,25,150,297629,26654,263716591,4105459,0,0,0,58773504,72028160,52383744,28672,8192,0,5505024,0,4890288,0,710,0,0,0,0,0,45297664,44830513,192512,3789,8953856,0,0,0,0,10527651000,212948000,0,0,17783569000,419942000,7255918000,206995000,3654,20707466,1,1,0,0
47,performance acknowledgement before historical verification,measured,deepseek-full/performance-result.json#records/46,3510ef6b440d1436e9ddc5e5236260df108dcd32,d3cbe76c5259cd3b4332b129b7edb345ed77ddf3,4700,b95c76aebf2be4d4bf0a8f5ff62cf206af7d5ab6f6996141822cec9accbc4be6,1385a688b80470619cde520df73a006850d6146cbddf3d600933740859ca182b,21278566,3006,325503334,1207814542,138100910,61353,46145536,46030848,0,11238,4096,0,0,46145536,46030848,12da7d416bf38e915b4d5fcc404fcbb18bac200c876fce135014132d49e5361d8e,12f04ac8746be51ad7fe1e1f0049815e98d9b534a9c6849e2a1c26c47ef86410e9,True,null,null,null,null,null,114688,1048576,1204224,4087749,1654,null,null,null,null,null,null,null,null,null,null,null,null,null,null,null,null,null,null,null,null,null,null,null,null,null,null,null,null,null,null,null,null,null,null,null,null,null,null,null,null,null,null,null,null,null,null,null,null,null,null,null,null,null,null,null,null,null,null,null,null,null,null,null,null,null,null,null,null,null,null,null,null,null,null,null,null,null,null,null,null,null,null,null,null,null,null,null,null,null,null,null,null,null,null,null,null,null,null,null,null,null,null,null,null,null,null,null,null,null,null,null,null,null,null,null,null,null,714865334,138828458,0,8192,44909048,83902464,83836928,0,6,2649,0,0,0,0,0,10757578,881,0,0,6716918,0,0,0,0,0,883,0,0,0,0,0,0,0,0,0,0,0,0,True,163265500,158165875,20480,5451776,44892664,83902464,83820544,75,170,1677,237,112,237,120,16654272,8766391,555,85,410,4701236,236,12364036,0,1372032,1569,559,0,0,1516233,51696248,0,72749,112,0,8719280,1126936,325,112,True,2413,5094368,1654,4087749,759,1006619,1654,4087749,0,0,759,1006619,23,167,275948,27035,268362792,4180374,0,0,0,58785792,72028160,52387840,28672,8192,0,5607424,0,4977720,0,726,0,0,0,0,0,46350336,46034817,196608,3869,6402048,0,0,0,0,10713417000,185766000,0,0,18167015000,383446000,7453598000,197680000,3727,21278566,1,1,0,0
48,performance acknowledgement before historical verification,measured,deepseek-full/performance-result.json#records/47,6c24624a0e624fd54819c40ee76cff976a7fce5b,61d8dbae007e86b29c835042f69ab3f450e66442,4800,797243863391840dd61c08726ffc54f1f68d77e6961bc402d389926a0ba1d4f4,740981255430ee4824c0b1216289cb960b4ed111789ad03380f69e8ca207a10c,22722064,3360,439359334,1399006542,141462737,63638,48242688,47661056,0,11636,4096,0,0,48242688,47661056,12f04ac8746be51ad7fe1e1f0049815e98d9b534a9c6849e2a1c26c47ef86410e9,1268763c8c8c12fa29666318efcbc2aa11dd8ac10a1a27ddffb4bd8287f32e4989,True,null,null,null,null,null,581632,2097152,1630208,3361827,2285,null,null,null,null,null,null,null,null,null,null,null,null,null,null,null,null,null,null,null,null,null,null,null,null,null,null,null,null,null,null,null,null,null,null,null,null,null,null,null,null,null,null,null,null,null,null,null,null,null,null,null,null,null,null,null,null,null,null,null,null,null,null,null,null,null,null,null,null,null,null,null,null,null,null,null,null,null,null,null,null,null,null,null,null,null,null,null,null,null,null,null,null,null,null,null,null,null,null,null,null,null,null,null,null,null,null,null,null,null,null,null,null,null,null,null,null,null,803287083,127414334,0,8192,44909048,83902464,83836928,0,16,1872,0,0,0,0,0,7971806,623,0,0,5124386,0,0,0,0,0,624,0,0,0,0,0,0,0,0,0,0,0,0,True,151139375,139609209,16384,1261568,44974584,83968000,83902464,367,92,1323,123,73,123,71,16654272,6744790,440,66,559,4480572,187,12640120,0,1676068,2219,441,0,0,577948,22440960,0,47178,73,0,3726112,1496327,493,73,True,3013,3543451,2285,3361827,728,181624,2285,3361827,0,0,728,181624,25,186,241999,27577,271338894,5220750,0,0,0,60010496,72028160,52617216,28672,0,0,6025216,0,5403768,0,743,0,0,0,0,0,48451584,47665105,200704,3949,5414912,0,0,0,0,10948074000,234657000,0,0,18612328000,445313000,7664254000,210656000,4081,22722064,1,1,0,0
49,performance acknowledgement before historical verification,measured,deepseek-full/performance-result.json#records/48,d2b2539f3e3b210a6afa2047603f33910dddcbfc,f967537ae727d9541a0ba48e3762ebec5e68256a,4900,29634b24faf0cd66605dac0e26e45f7eac37cfbc0b0dfed26f04f8cebfc20dc4,ce068e05a7bdaac7e43a89c4f6bb85efec9888a6a82056af04437de5000c7754,21455769,3013,436720417,1489502333,145350075,64612,49291264,48775168,0,11908,4096,0,0,49291264,48775168,1268763c8c8c12fa29666318efcbc2aa11dd8ac10a1a27ddffb4bd8287f32e4989,12287b46dfdcb2c28a6feaadd02255b131d7cea00e92dcad3d5cf7137e93a0491f,True,null,null,null,null,null,516096,1048576,1114112,3887338,974,null,null,null,null,null,null,null,null,null,null,null,null,null,null,null,null,null,null,null,null,null,null,null,null,null,null,null,null,null,null,null,null,null,null,null,null,null,null,null,null,null,null,null,null,null,null,null,null,null,null,null,null,null,null,null,null,null,null,null,null,null,null,null,null,null,null,null,null,null,null,null,null,null,null,null,null,null,null,null,null,null,null,null,null,null,null,null,null,null,null,null,null,null,null,null,null,null,null,null,null,null,null,null,null,null,null,null,null,null,null,null,null,null,null,null,null,null,868896875,190433792,4096,8192,45236728,84180992,84164608,0,39,5748,0,0,0,0,0,27306332,1912,0,0,16013785,0,0,0,0,0,1916,0,0,0,0,0,0,0,0,0,0,0,0,True,178988208,167442376,20480,7237632,45253112,84246528,84180992,7,180,2847,325,91,325,124,16654272,14711968,944,68,280,7795388,236,12589622,0,1284670,906,949,0,0,1225464,42636335,0,66712,93,0,7429792,1063221,212,91,True,2578,6874172,974,3887338,1604,2986834,974,3887338,0,0,1604,2986834,19,108,301948,27999,277724023,4896833,0,0,0,59609088,72028160,53108736,28672,0,0,5689344,0,5071024,0,761,0,0,0,0,0,49504256,48779297,204800,4029,8273920,0,0,0,0,11193432000,245358000,0,0,19062572000,450244000,7869139000,204885000,3734,21455769,1,1,0,0
50,performance acknowledgement before historical verification,measured,deepseek-full/performance-result.json#records/49,d3b59880616e1f054d961216001bb5800422acdc,8cfe12736f92e7d96809bf824604cc81aa19b7f2,5000,9b96ff55df14571c43f0fd3ba569761c4deffc7045fe3fb0b64764b54f5d4ba2,2578564053df6437b9dbfbb1a9292062e06b5afea44b0cc66be8c17b5969659c,21381240,3427,631291958,2339361083,152407622,68171,52436992,51634176,0,12606,4096,0,0,52436992,51634176,12287b46dfdcb2c28a6feaadd02255b131d7cea00e92dcad3d5cf7137e93a0491f,122fc83741eacd5450267036f94b25a23c34cefe53d5d17811580337a37e099fa2,True,null,null,null,null,null,802816,3145728,2859008,7057547,3559,null,null,null,null,null,null,null,null,null,null,null,null,null,null,null,null,null,null,null,null,null,null,null,null,null,null,null,null,null,null,null,null,null,null,null,null,null,null,null,null,null,null,null,null,null,null,null,null,null,null,null,null,null,null,null,null,null,null,null,null,null,null,null,null,null,null,null,null,null,null,null,null,null,null,null,null,null,null,null,null,null,null,null,null,null,null,null,null,null,null,null,null,null,null,null,null,null,null,null,null,null,null,null,null,null,null,null,null,null,null,null,null,null,null,null,null,null,1442709292,263177417,0,8192,45285880,84246528,84213760,0,13,3816,0,0,0,0,0,14122909,1244,0,0,9394533,0,0,0,0,0,1272,0,0,0,0,0,0,0,0,0,0,0,0,True,260706042,248014667,200704,11390976,45285880,84312064,84213760,302,248,2994,602,98,602,120,16654272,15569874,993,76,886,8440821,379,24046957,0,2780704,3483,998,0,0,1404409,46396873,0,120633,100,1,7953648,2591254,808,98,True,5637,9868774,3559,7057547,2078,2811227,3559,7057547,0,0,2078,2811227,42,255,267303,29173,286938931,4653791,0,0,0,60063744,72204288,53141504,28672,0,0,6123520,0,5497480,0,786,0,0,0,0,0,52654080,51638385,208896,4109,12955648,0,0,0,0,11611342000,417910000,0,0,19785005000,722433000,8173663000,304524000,4159,21381240,1,1,0,0
51,performance acknowledgement before historical verification,measured,deepseek-full/performance-result.json#records/50,5e4026d76835adf83d53fe151dfd3ef1695caf8c,324215059ed98149ede7d3ac0c9ec234a2600895,5100,6fec687e0a8a482423d8243e7441c2b9c9e08d38813440e45694a27e6ba6fcb7,561138047563d737669236235595827ce11215c91c732d4ba83e10dc502a3ab7,21988692,3462,428413708,1431526000,156730727,70014,53485568,53157888,0,12978,4096,0,0,53485568,53157888,122fc83741eacd5450267036f94b25a23c34cefe53d5d17811580337a37e099fa2,1251870ee6792b10bc23407558ddfa71db2dbcfc0ff54e08322b754d4f7798002e,True,null,null,null,null,null,327680,1048576,1523712,4323105,1843,null,null,null,null,null,null,null,null,null,null,null,null,null,null,null,null,null,null,null,null,null,null,null,null,null,null,null,null,null,null,null,null,null,null,null,null,null,null,null,null,null,null,null,null,null,null,null,null,null,null,null,null,null,null,null,null,null,null,null,null,null,null,null,null,null,null,null,null,null,null,null,null,null,null,null,null,null,null,null,null,null,null,null,null,null,null,null,null,null,null,null,null,null,null,null,null,null,null,null,null,null,null,null,null,null,null,null,null,null,null,null,null,null,null,null,null,null,793429792,175529832,65536,8192,45302264,84312064,84230144,0,12,6291,0,0,0,0,0,28267144,2086,0,0,16640931,0,0,0,0,0,2097,0,0,0,0,0,0,0,0,0,0,0,0,True,203941167,185913500,24576,5505024,45285880,84312064,84213760,91,204,2064,255,122,255,126,16654272,10454601,683,91,455,5756562,263,14610919,0,1628942,1752,688,0,0,1837405,58308545,0,103240,124,0,9858832,1376904,364,122,True,2625,5222329,1843,4323105,782,899224,1843,4323105,0,0,782,899224,26,159,262677,29594,291609248,5741333,0,0,0,61358080,72204288,54173696,28672,0,0,6184960,0,5558320,0,803,0,0,0,0,0,53706752,53162177,212992,4189,6778880,0,0,0,0,11838237000,226895000,0,0,20215696000,430691000,8377459000,203796000,4208,21988692,1,1,0,0
52,performance acknowledgement before historical verification,measured,deepseek-full/performance-result.json#records/51,047e48bd8dd89ef3afadd39467ae0726e4fbe3b7,165276d3c02028e9d651e5add28ac2afdfaafa20,5200,8b2393dff0fd3c4520b592657b8da0c9dc2294024607c7f3f20f076ab08c6a09,0f694ccf7f020547c4818d711f5105cc73e145d8f30f57403c160a3aefbcd628,23613843,4002,585525334,2034491250,162591360,74591,56631296,55717888,0,13603,4096,0,0,56631296,55717888,1251870ee6792b10bc23407558ddfa71db2dbcfc0ff54e08322b754d4f7798002e,12cfa924881ff01d13f6c04dab91ca62c42d013d4d3fd8f08d3c66430c22e32989,True,null,null,null,null,null,913408,3145728,2560000,5860633,4577,null,null,null,null,null,null,null,null,null,null,null,null,null,null,null,null,null,null,null,null,null,null,null,null,null,null,null,null,null,null,null,null,null,null,null,null,null,null,null,null,null,null,null,null,null,null,null,null,null,null,null,null,null,null,null,null,null,null,null,null,null,null,null,null,null,null,null,null,null,null,null,null,null,null,null,null,null,null,null,null,null,null,null,null,null,null,null,null,null,null,null,null,null,null,null,null,null,null,null,null,null,null,null,null,null,null,null,null,null,null,null,null,null,null,null,null,null,1226347292,255571125,16384,8192,45400568,84344832,84328448,0,66,6237,0,0,0,0,0,33399456,2069,0,0,15404601,0,0,0,0,0,2079,0,0,0,0,0,0,0,0,0,0,0,0,True,218062042,206297750,28672,8404992,46154232,85114880,85082112,558,160,1827,334,76,334,95,16654272,9156683,602,70,989,5242201,309,19367841,0,2489565,4507,609,0,0,824922,18988211,0,67895,80,0,3151600,2341103,919,76,True,5201,7026177,4577,5860633,624,1165544,4577,5860633,0,0,624,1165544,41,342,239323,30561,297852003,4556582,0,0,0,62214144,72204288,54571008,28672,0,0,6828032,0,6200384,0,825,0,0,0,0,0,56856576,55722257,217088,4269,9949184,0,0,0,0,12181446000,343209000,0,0,20857915000,642219000,8676469000,299010000,4763,23613843,1,1,0,0
53,performance acknowledgement before historical verification,measured,deepseek-full/performance-result.json#records/52,89d4643c26e964f5363c0bce38ae82300b86756a,ab2e8b000dfeac17ebc96a0f178e723295f45872,5300,b8d074047df5c3cec6a420d25bc9ff9b1287e4f7b3015db7bc77758d08a5add5,d8c72515aad4a01c6d8aceffbfd29b460303c94a743e2c923faa225e7c6e68a4,22364863,3526,434008541,1697910583,163923252,74989,56631296,56324096,0,13751,4096,0,0,56631296,56324096,12cfa924881ff01d13f6c04dab91ca62c42d013d4d3fd8f08d3c66430c22e32989,1200e23891060d95c6f3fbb202eadb180a5d784e3e62f59daf7642f961356a5075,True,null,null,null,null,null,307200,0,606208,1331892,398,null,null,null,null,null,null,null,null,null,null,null,null,null,null,null,null,null,null,null,null,null,null,null,null,null,null,null,null,null,null,null,null,null,null,null,null,null,null,null,null,null,null,null,null,null,null,null,null,null,null,null,null,null,null,null,null,null,null,null,null,null,null,null,null,null,null,null,null,null,null,null,null,null,null,null,null,null,null,null,null,null,null,null,null,null,null,null,null,null,null,null,null,null,null,null,null,null,null,null,null,null,null,null,null,null,null,null,null,null,null,null,null,null,null,null,null,null,1110385125,297724250,0,8192,46399992,85344256,85327872,0,64,14343,0,0,0,0,0,70722190,4777,0,0,40512169,0,0,0,0,0,4781,0,0,0,0,0,0,0,0,0,0,0,0,True,147874625,141742167,0,5165056,46432760,85426176,85360640,22,126,4338,347,29,347,96,16654272,21715994,1436,17,86,12617177,89,4267416,0,618185,381,1446,0,0,586005,22886541,0,35763,31,0,3747440,566611,69,29,True,3267,4902230,398,1331892,2869,3570338,398,1331892,0,0,2869,3570338,8,73,312578,31055,302104630,5642292,0,0,0,62541824,72204288,54595584,28672,4096,0,6356992,0,5732264,0,844,0,0,0,0,0,56860672,56328545,221184,4349,6606848,0,0,0,0,12449319000,267873000,0,0,21412108000,554193000,8962788000,286319000,4275,22364863,1,1,0,0
54,performance acknowledgement before historical verification,measured,deepseek-full/performance-result.json#records/53,ac792bfd78a62621c7624270e412edb05203d5f7,b588afd298f6c2909a36631e47b06a48e6e39223,5400,ff5c4872358ff2f213924935e90927def53d5ca9378d0c04020b1103d3c7eeff,73078a3a49db229ac720f860d9e2d7908c8a69510e1911b2fbfc20c78a81ba8a,22197915,3479,430887458,1355943417,165965032,75532,57679872,57008128,0,13918,4096,0,0,57679872,57008128,1200e23891060d95c6f3fbb202eadb180a5d784e3e62f59daf7642f961356a5075,1216c61df5827d8cfd1c3978a4e70f768548bd46268e4b9b7ac590eefd5640504d,True,null,null,null,null,null,671744,1048576,684032,2041780,543,null,null,null,null,null,null,null,null,null,null,null,null,null,null,null,null,null,null,null,null,null,null,null,null,null,null,null,null,null,null,null,null,null,null,null,null,null,null,null,null,null,null,null,null,null,null,null,null,null,null,null,null,null,null,null,null,null,null,null,null,null,null,null,null,null,null,null,null,null,null,null,null,null,null,null,null,null,null,null,null,null,null,null,null,null,null,null,null,null,null,null,null,null,null,null,null,null,null,null,null,null,null,null,null,null,null,null,null,null,null,null,null,null,null,null,null,null,745414750,154892625,32768,8192,46465528,85426176,85393408,0,18,3558,0,0,0,0,0,16027706,1118,0,0,10126251,0,0,0,0,0,1186,0,0,0,0,0,0,0,0,0,0,0,0,True,174656875,166050418,36864,5681152,46481912,85442560,85409792,6,195,3084,220,93,220,143,16654272,15604262,1013,65,138,8402888,153,7370416,0,856107,478,1028,0,0,1339870,54872632,0,87875,95,0,9599552,651945,73,93,True,2215,5352988,543,2041780,1672,3311208,543,2041780,0,0,1672,3311208,11,85,306685,31381,307000604,4984334,0,0,0,62582784,72204288,55197696,28672,4096,0,6303744,0,5683200,0,861,0,0,0,0,0,57913344,57012657,225280,4429,6725632,0,0,0,0,12636999000,187680000,0,0,21816083000,403975000,9179083000,216295000,4226,22197915,1,1,0,0
55,performance acknowledgement before historical verification,measured,deepseek-full/performance-result.json#records/54,d8ce036295b590968f98e1a21df161d4d69b7826,7ae95006932cf43173b0e002d6ad4e902ad9b722,5500,6a05f544a854dfe5b10eb119b9defe161f02f686fc2fd6be30a60f1f18c1ffa7,536af3eac75af7c1e0c4e000829255a364a852f9797888d0e3d856f972064563,24603361,4265,687280750,2724829875,173771625,80354,60825600,60268544,0,14714,4096,0,0,60825600,60268544,1216c61df5827d8cfd1c3978a4e70f768548bd46268e4b9b7ac590eefd5640504d,1210829a00bd1a8fbd20ec6e93723e5d738ba4d2e5ee5de615fa2f7ba4661546ca,True,null,null,null,null,null,557056,3145728,3260416,7806593,4822,null,null,null,null,null,null,null,null,null,null,null,null,null,null,null,null,null,null,null,null,null,null,null,null,null,null,null,null,null,null,null,null,null,null,null,null,null,null,null,null,null,null,null,null,null,null,null,null,null,null,null,null,null,null,null,null,null,null,null,null,null,null,null,null,null,null,null,null,null,null,null,null,null,null,null,null,null,null,null,null,null,null,null,null,null,null,null,null,null,null,null,null,null,null,null,null,null,null,null,null,null,null,null,null,null,null,null,null,null,null,null,null,null,null,null,null,null,1687993083,295422250,0,8192,46612984,85557248,85540864,0,12,3525,0,0,0,0,0,14786115,1142,0,0,9111964,0,0,0,0,0,1175,0,0,0,0,0,0,0,0,0,0,0,0,True,343558917,333707333,45056,13996032,47055352,85999616,85983232,496,238,3690,668,89,668,106,16654272,19521679,1215,69,1026,10980233,419,25708412,0,3161432,4753,1230,0,0,1222579,46465918,0,113499,94,0,8203328,3016520,957,89,True,8324,12061223,4822,7806593,3502,4254630,4822,7806593,0,0,3502,4254630,50,306,328069,33085,318096288,5997125,0,0,0,64933888,77709312,56680448,28672,4096,0,7225344,0,6594360,0,888,0,0,0,0,0,61063168,60273153,229376,4509,16523264,0,0,0,0,13153369000,516370000,0,0,22699463000,883380000,9546093000,367010000,5065,24603361,1,1,0,0
56,performance acknowledgement before historical verification,measured,deepseek-full/performance-result.json#records/55,2d2bf871920a2981dd77d16897136ec23844fc6b,34c224f8013e791283251f860432a588f5fb0ca1,5600,c967b4b67774981cb976302273ad82a2b6d1dfb58684e8904da4ab7da04f082e,a8ea3c47c2338055dfe171ce19444753b5db05bef2d0e256894ba0f1de282e2c,22068805,3488,538465000,2420526875,175493334,81022,61874176,61001728,0,14893,4096,0,0,61874176,61001728,1210829a00bd1a8fbd20ec6e93723e5d738ba4d2e5ee5de615fa2f7ba4661546ca,12236023c77a44a4520c842ffd2478ef34887c5b94ffefbd26e70869588f6f7749,True,null,null,null,null,null,872448,1048576,733184,1721709,668,null,null,null,null,null,null,null,null,null,null,null,null,null,null,null,null,null,null,null,null,null,null,null,null,null,null,null,null,null,null,null,null,null,null,null,null,null,null,null,null,null,null,null,null,null,null,null,null,null,null,null,null,null,null,null,null,null,null,null,null,null,null,null,null,null,null,null,null,null,null,null,null,null,null,null,null,null,null,null,null,null,null,null,null,null,null,null,null,null,null,null,null,null,null,null,null,null,null,null,null,null,null,null,null,null,null,null,null,null,null,null,null,null,null,null,null,null,1656208417,374161417,16384,8192,47120888,86065152,86048768,0,23,12174,0,0,0,0,0,54501873,4051,0,0,33394085,0,0,0,0,0,4058,0,0,0,0,0,0,0,0,0,0,0,0,True,220020208,217260625,61440,12083200,47170040,86163456,86097920,20,202,7299,763,39,763,107,16654272,38189167,2412,32,138,21092487,101,5473878,0,723007,636,2433,0,0,593214,14387748,0,51692,42,1,2183008,680185,105,39,True,5599,10445303,668,1721709,4931,8723594,668,1721709,0,0,4931,8723594,10,96,283914,34125,327885775,5833250,0,0,0,64397312,79880192,56713216,28672,4096,0,6369280,0,5739000,0,914,0,0,0,0,0,62115840,61006417,233472,4589,13357056,0,0,0,0,13605513000,452144000,0,0,23510375000,810912000,9904862000,358769000,4245,22068805,1,1,0,0
57,performance acknowledgement before historical verification,measured,deepseek-full/performance-result.json#records/56,6b4c26a1b9e480bf21add84d043848a029b13672,6e8e1984ea0a33f9c9dbb56b43b04c2cb049b5e5,5700,f0b0c4d1e8a00351489fcce2e883bd758fbe716e382ef7584501f2023ea1a449,45c6a3a3a5af4da681765e4161ae936e30dd0ff7cdb4118a922ef2b613d030e6,22844842,3384,640573875,2394813958,180800525,82694,62922752,62894080,0,15355,4096,0,0,62922752,62894080,12236023c77a44a4520c842ffd2478ef34887c5b94ffefbd26e70869588f6f7749,1210fe1b7f6e44d4c56780f03aae952b76b994543700b8eae171499f0a0462f2a3,True,null,null,null,null,null,28672,1048576,1892352,5307191,1672,null,null,null,null,null,null,null,null,null,null,null,null,null,null,null,null,null,null,null,null,null,null,null,null,null,null,null,null,null,null,null,null,null,null,null,null,null,null,null,null,null,null,null,null,null,null,null,null,null,null,null,null,null,null,null,null,null,null,null,null,null,null,null,null,null,null,null,null,null,null,null,null,null,null,null,null,null,null,null,null,null,null,null,null,null,null,null,null,null,null,null,null,null,null,null,null,null,null,null,null,null,null,null,null,null,null,null,null,null,null,null,null,null,null,null,null,null,1502631333,302665000,32768,8192,47235576,86179840,86163456,0,23,6762,0,0,0,0,0,29739689,2207,0,0,18456350,0,0,0,0,0,2254,0,0,0,0,0,0,0,0,0,0,0,0,True,246291583,246965291,77824,15110144,47219192,86245376,86147072,29,218,6222,936,51,936,108,16654272,33140442,2058,38,430,16602734,284,18211798,0,1845650,1634,2074,0,0,671743,25015793,0,81803,54,1,4444672,1750525,390,51,True,5733,13448054,1672,5307191,4061,8140863,1672,5307191,0,0,4061,8140863,27,167,266183,35292,340807939,5317167,0,0,0,64077824,81125376,56745984,28672,0,0,6213632,0,5580920,0,939,0,0,0,0,0,63168512,62898849,237568,4669,16474112,0,0,0,0,14024267000,418754000,0,0,24255431000,745056000,10231163000,326301000,4105,22844842,1,1,0,0
58,performance acknowledgement before historical verification,measured,deepseek-full/performance-result.json#records/57,355975fbd5a95839826e934719d679da7af61205,d4ae25fb79b04cb2876f77cc96ba3061f0b3907b,5800,abe60c876f1ff62a29758896c535c24ed9b970ee3d75b73b683ff8373edc2626,02fa13ee22eb1ff79c422bf185fc8c67361644d7e8f8bea295e213e0c174c9c0,24832856,4328,997318584,3653067458,188659005,86520,67117056,66088960,0,16135,4096,0,0,67117056,66088960,1210fe1b7f6e44d4c56780f03aae952b76b994543700b8eae171499f0a0462f2a3,12689be35d9338cdfaeac3ee402fda326fcdb58ace88ecd41ec2be3f242af577f5,True,null,null,null,null,null,1028096,4194304,3194880,7858480,3826,null,null,null,null,null,null,null,null,null,null,null,null,null,null,null,null,null,null,null,null,null,null,null,null,null,null,null,null,null,null,null,null,null,null,null,null,null,null,null,null,null,null,null,null,null,null,null,null,null,null,null,null,null,null,null,null,null,null,null,null,null,null,null,null,null,null,null,null,null,null,null,null,null,null,null,null,null,null,null,null,null,null,null,null,null,null,null,null,null,null,null,null,null,null,null,null,null,null,null,null,null,null,null,null,null,null,null,null,null,null,null,null,null,null,null,null,null,2243942750,294361666,0,8192,41714168,86245376,86163456,0,33,8076,0,0,0,0,0,35205776,2675,0,0,21294093,0,0,0,0,0,2692,0,0,0,0,0,0,0,0,0,0,0,0,True,406269625,411446667,24576,21450752,42959352,87425024,87408640,236,288,8199,1245,82,1245,93,16654272,43857256,2709,45,767,23942236,418,25332596,0,2995479,3781,2733,0,0,1240965,65853462,0,182976,84,14,11769744,2919024,708,82,True,11988,18987083,3826,7858480,8162,11128603,3826,7858480,0,0,8162,11128603,44,276,345878,37880,358542673,5536499,0,0,0,65269760,85696512,56909824,28672,4096,0,7315456,0,6687904,0,971,0,0,0,0,0,67366912,66093809,241664,4749,25309184,0,0,0,0,14779561000,755294000,0,0,25465100000,1209669000,10685539000,454376000,5140,24832856,1,1,0,0
59,performance acknowledgement before historical verification,measured,deepseek-full/performance-result.json#records/58,63623a87e349ba16f16ff4d1108c6e8dfd1279c8,16202e2cebce32601e228b1c982b9bc1c5490cb4,5900,b254e89bcadefaafd53ee26e9fa8de193a773e7294fc38a6530ba71f2fde5992,15a76debaef31fbaccd7dd6de2b813ef20e55d7a9e007a6c451c98add4d05f4c,24720526,4291,438034333,1485759000,189853475,86807,67117056,66658304,0,16274,4096,0,0,67117056,66658304,12689be35d9338cdfaeac3ee402fda326fcdb58ace88ecd41ec2be3f242af577f5,1223fcd9e8f5a44b8354a9a43aee70e3b2fc4cf3ffb2354d566521fd283ff56ed9,True,null,null,null,null,null,458752,0,569344,1194470,287,null,null,null,null,null,null,null,null,null,null,null,null,null,null,null,null,null,null,null,null,null,null,null,null,null,null,null,null,null,null,null,null,null,null,null,null,null,null,null,null,null,null,null,null,null,null,null,null,null,null,null,null,null,null,null,null,null,null,null,null,null,null,null,null,null,null,null,null,null,null,null,null,null,null,null,null,null,null,null,null,null,null,null,null,null,null,null,null,null,null,null,null,null,null,null,null,null,null,null,null,null,null,null,null,null,null,null,null,null,null,null,null,null,null,null,null,null,881968083,185771958,32768,8192,43254264,87719936,87703552,0,15,8841,0,0,0,0,0,38195989,2938,0,0,25269169,0,0,0,0,0,2947,0,0,0,0,0,0,0,0,0,0,0,0,True,160192959,156201167,40960,8175616,43254264,87769088,87703552,0,126,4818,420,23,420,126,16654272,24944190,1583,16,57,13295027,84,3697664,0,593782,271,1606,0,0,522840,13161913,0,21996,24,0,1797776,552960,41,23,True,3095,7855441,287,1194470,2808,6660971,287,1194470,0,0,2808,6660971,7,54,301818,38405,365784853,5563625,0,0,0,65122304,85696512,56905728,28672,4096,0,7270400,0,6643408,0,989,0,0,0,0,0,67371008,66663233,245760,4829,9756672,0,0,0,0,15031265000,251704000,0,0,25967786000,502686000,10936520000,250981000,5096,24720526,1,1,0,0
60,performance acknowledgement before historical verification,measured,deepseek-full/performance-result.json#records/59,6c6dd37d4f93d0c829642d0c2ba1a649f56b9bec,e2ae66e0c6986962fef520ba97e2b0bc9c4bd7f3,6000,dffeed80e6ce432f37a7091267a0cab1e63d70f781460e9ef146ca351e382709,9a3a61f0e2e4264dded15678b6dfbe0ad4fef13c24ffa2cf9b74170620a27c77,25847610,4511,547389875,2287276709,196258137,89916,83894272,69283840,0,16915,4096,0,0,83894272,69283840,1223fcd9e8f5a44b8354a9a43aee70e3b2fc4cf3ffb2354d566521fd283ff56ed9,129fe70805fad226dfdd8234361bb40d380677acc8de45118ffc93736bb8115450,True,null,null,null,null,null,14610432,16777216,2625536,6404662,3109,null,null,null,null,null,null,null,null,null,null,null,null,null,null,null,null,null,null,null,null,null,null,null,null,null,null,null,null,null,null,null,null,null,null,null,null,null,null,null,null,null,null,null,null,null,null,null,null,null,null,null,null,null,null,null,null,null,null,null,null,null,null,null,null,null,null,null,null,null,null,null,null,null,null,null,null,null,null,null,null,null,null,null,null,null,null,null,null,null,null,null,null,null,null,null,null,null,null,null,null,null,null,null,null,null,null,null,null,null,null,null,null,null,null,null,null,null,1477475833,263386000,0,8192,43270648,87769088,87719936,0,1,2154,0,0,0,0,0,8160541,648,0,0,6337838,0,0,0,0,0,718,0,0,0,0,0,0,0,0,0,0,0,0,True,255811500,249695583,28672,2117632,43287032,87818240,87736320,275,152,3270,715,64,715,122,16654272,18034323,1079,48,756,9000648,334,20759000,0,2500049,3061,1090,0,0,957034,33684412,0,99900,65,2,5718080,2430015,705,64,True,5729,12011554,3109,6404662,2620,5606892,3109,6404662,0,0,2620,5606892,38,216,276506,39529,376936148,6599501,0,0,0,65900544,85696512,56909824,28672,4096,0,7577600,0,6957136,0,1014,0,0,0,0,0,84152320,69288849,249856,4909,15200256,0,0,0,0,15423885000,392620000,0,0,26695648000,727862000,11271763000,335243000,5352,25847610,1,1,0,0
61,performance acknowledgement before historical verification,measured,deepseek-full/performance-result.json#records/60,cd88a339fa885be82194e1881f49bf8be46190fe,a0cd906bf39a1e23f97b6ff8c8af50ab223589d8,6100,7c9299bf3b5f309c23c980595e03425ddc5aa9fbef6c5ecf1d0c70aa90e309df,d0ea56f62486a4092b944c6dc675e9679736baa1219636694f1f1fb71fb6c374,26001139,4539,446799667,1415017500,199437206,91316,83894272,70549504,0,17224,4096,0,0,83894272,70549504,129fe70805fad226dfdd8234361bb40d380677acc8de45118ffc93736bb8115450,125abf27f41d635f581f882aabd3008ea17457e05e9137c500f9bd776dd9e606f7,True,null,null,null,null,null,13344768,0,1265664,3179069,1400,null,null,null,null,null,null,null,null,null,null,null,null,null,null,null,null,null,null,null,null,null,null,null,null,null,null,null,null,null,null,null,null,null,null,null,null,null,null,null,null,null,null,null,null,null,null,null,null,null,null,null,null,null,null,null,null,null,null,null,null,null,null,null,null,null,null,null,null,null,null,null,null,null,null,null,null,null,null,null,null,null,null,null,null,null,null,null,null,null,null,null,null,null,null,null,null,null,null,null,null,null,null,null,null,null,null,null,null,null,null,null,null,null,null,null,null,null,790544292,175721292,16384,8192,43336184,87818240,87785472,0,13,5436,0,0,0,0,0,24018269,1807,0,0,14886032,0,0,0,0,0,1812,0,0,0,0,0,0,0,0,0,0,0,0,True,171415542,161287166,4096,3661824,43319800,87867392,87769088,32,120,2025,220,97,220,112,16654272,10424711,670,78,342,6553271,195,11928953,0,1437828,1322,675,0,0,999124,41241296,0,62359,98,0,6721968,1184675,264,97,True,2289,3957288,1400,3179069,889,778219,1400,3179069,0,0,889,778219,20,119,226491,39853,380316686,6257999,0,0,0,65839104,85696512,56905728,28672,4096,0,7622656,0,6997104,0,1032,0,0,0,0,0,84156416,70554593,253952,4989,5632000,0,0,0,0,15645704000,221819000,0,0,27121462000,425814000,11475758000,203995000,5383,26001139,1,1,0,0
62,performance acknowledgement before historical verification,measured,deepseek-full/performance-result.json#records/61,384535f0ae946c6b8650cf6b2f5d6c9baaa34b53,98d28363b6fdadd0d15abf8ec721a874c26837ab,6200,d955e3b7a48ad6105c3982d6aab7cd8c9de0e4304ee150e5c179d9a7c81a5882,8a3d659c0f5997fbf937303ae908359b054e97cb76700fed8bb38760f442417f,25993461,4518,494366584,1824649167,205557147,92935,83894272,72454144,0,17689,4096,0,0,83894272,72454144,125abf27f41d635f581f882aabd3008ea17457e05e9137c500f9bd776dd9e606f7,128a5258eb0ca65055cb813657381dcbc6a755038afd947421a512c9d07459722f,True,null,null,null,null,null,11440128,0,1904640,6119941,1619,null,null,null,null,null,null,null,null,null,null,null,null,null,null,null,null,null,null,null,null,null,null,null,null,null,null,null,null,null,null,null,null,null,null,null,null,null,null,null,null,null,null,null,null,null,null,null,null,null,null,null,null,null,null,null,null,null,null,null,null,null,null,null,null,null,null,null,null,null,null,null,null,null,null,null,null,null,null,null,null,null,null,null,null,null,null,null,null,null,null,null,null,null,null,null,null,null,null,null,null,null,null,null,null,null,null,null,null,null,null,null,null,null,null,null,null,null,1090928917,235331292,0,8192,43352568,87867392,87801856,0,26,4818,0,0,0,0,0,19771851,1591,0,0,12574129,0,0,0,0,0,1606,0,0,0,0,0,0,0,0,0,0,0,0,True,233162875,235684667,16384,8314880,43352568,87883776,87801856,6,211,3207,488,115,488,107,16654272,17233029,1058,79,473,9305407,349,19518627,0,2032404,1540,1069,0,0,1392772,73422957,0,112629,119,1,12404480,1805836,392,115,True,3388,8496596,1619,6119941,1769,2376655,1619,6119941,0,0,1769,2376655,31,125,286200,40430,388202867,6190791,0,0,0,65429504,85696512,56909824,28672,4096,0,7602176,0,6976008,0,1053,0,0,0,0,0,84160512,72459313,258048,5069,10629120,0,0,0,0,15914423000,268719000,0,0,27668221000,546759000,11753797000,278039000,5359,25993461,1,1,0,0
63,performance acknowledgement before historical verification,measured,deepseek-full/performance-result.json#records/62,e5218217c35cc254c3efc15354e544ef5a85dc88,8d53db4900f932dfe671095021e86c48e81d5d42,6300,e6ea3c55e1ca999b6b3e413a2b8a715fadb5a9b94a39a370d82a7706249f179b,724c60ff7bcc3ef4097dea8eb8d87f8b61f0f2b874bad9aaa471fa7cf50e6440,26509156,4594,435448084,1578109916,210549857,94814,83894272,74305536,0,18141,4096,0,0,83894272,74305536,128a5258eb0ca65055cb813657381dcbc6a755038afd947421a512c9d07459722f,12605bfc90de6ce8bbfd7ccf25d0b893a3f8520facd3d9c77820e4a976e516b8db,True,null,null,null,null,null,9588736,0,1851392,4992710,1879,null,null,null,null,null,null,null,null,null,null,null,null,null,null,null,null,null,null,null,null,null,null,null,null,null,null,null,null,null,null,null,null,null,null,null,null,null,null,null,null,null,null,null,null,null,null,null,null,null,null,null,null,null,null,null,null,null,null,null,null,null,null,null,null,null,null,null,null,null,null,null,null,null,null,null,null,null,null,null,null,null,null,null,null,null,null,null,null,null,null,null,null,null,null,null,null,null,null,null,null,null,null,null,null,null,null,null,null,null,null,null,null,null,null,null,null,null,908311709,165031458,0,8192,43385336,87883776,87834624,0,7,4425,0,0,0,0,0,16839027,1472,0,0,11504475,0,0,0,0,0,1475,0,0,0,0,0,0,0,0,0,0,0,0,True,228278542,214763917,16384,7819264,43385336,87900160,87834624,74,244,3543,413,111,413,120,16654272,17711377,1171,81,472,10520149,292,17346162,0,1944034,1798,1181,0,0,1529812,59895256,0,126109,114,1,10107424,1739412,390,111,True,3453,7528394,1879,4992710,1574,2535684,1879,4992710,0,0,1574,2535684,28,164,305235,41014,395041952,6071581,0,0,0,66142208,85696512,56905728,28672,4096,0,7700480,0,7067808,0,1070,0,0,0,0,0,84164608,74310785,262144,5149,9682944,0,0,0,0,16189841000,275418000,0,0,28184229000,516008000,11994387000,240590000,5445,26509156,1,1,0,0
64,performance acknowledgement before historical verification,measured,deepseek-full/performance-result.json#records/63,987ecc2ec2ab51737a57b8f49d9f233dc0d1b69b,4a9696881eb369ac6280ddeaa91d95c2c0d67157,6400,03ac88906ee8d8ea4f44e42dacd36b2a9bd35495deab07a273c74b68d5d4da75,22d5ecea1eb45f8b31fd6aa326912c231475e9c01e3de67d401cd16ee1140035,26000202,4549,540471083,2156084417,212012203,95417,83894272,75046912,0,18322,4096,0,0,83894272,75046912,12605bfc90de6ce8bbfd7ccf25d0b893a3f8520facd3d9c77820e4a976e516b8db,122a64f3963cf63fd3bfc2751935aa05dee12f48e725c8d1bfd9654c104d1570d6,True,null,null,null,null,null,8847360,0,741376,1462346,603,null,null,null,null,null,null,null,null,null,null,null,null,null,null,null,null,null,null,null,null,null,null,null,null,null,null,null,null,null,null,null,null,null,null,null,null,null,null,null,null,null,null,null,null,null,null,null,null,null,null,null,null,null,null,null,null,null,null,null,null,null,null,null,null,null,null,null,null,null,null,null,null,null,null,null,null,null,null,null,null,null,null,null,null,null,null,null,null,null,null,null,null,null,null,null,null,null,null,null,null,null,null,null,null,null,null,null,null,null,null,null,null,null,null,null,null,null,1412627250,339254292,4096,8192,43418104,87900160,87867392,0,25,6528,0,0,0,0,0,25731843,2168,0,0,17159439,0,0,0,0,0,2176,0,0,0,0,0,0,0,0,0,0,0,0,True,196787083,190064959,118784,12279808,43450872,87932928,87900160,39,131,5700,691,15,691,114,16654272,30252315,1883,10,129,15253017,90,4490417,0,700083,593,1900,0,0,359756,5130126,0,13975,16,0,822224,688349,119,15,True,4486,10864263,603,1462346,3883,9401917,603,1462346,0,0,3883,9401917,9,110,300153,41846,405270129,6199001,0,0,0,65585152,85696512,56905728,28672,4096,0,7659520,0,7033176,0,1095,0,0,0,0,0,84168704,75052241,266240,5229,13496320,0,0,0,0,16546825000,356984000,0,0,28812581000,628352000,12265755000,271368000,5399,26000202,1,1,0,0
65,performance acknowledgement before historical verification,measured,deepseek-full/performance-result.json#records/64,c5d4f1b7e6d0c70ecbe1055c71cd38615b5ee69a,6bd32ffa2b569b555a5990fedfb34f263731a713,6500,176ab5785a6ee271e3c3dc62dd96de0ef141726bdb5d92f7079797ca067341e1,183ad2cf38121915fa9f82b20206ea7e7e89a9c9cbff565787b1387f4747bd50,26484893,4589,539564250,1941042583,212487393,95645,83894272,75464704,0,18424,4096,0,0,83894272,75464704,122a64f3963cf63fd3bfc2751935aa05dee12f48e725c8d1bfd9654c104d1570d6,12805a601d624d5bccfd98cbb9efe44edffdcb257aa3e4571ccc005b8725aba673,True,null,null,null,null,null,8429568,0,417792,475190,228,null,null,null,null,null,null,null,null,null,null,null,null,null,null,null,null,null,null,null,null,null,null,null,null,null,null,null,null,null,null,null,null,null,null,null,null,null,null,null,null,null,null,null,null,null,null,null,null,null,null,null,null,null,null,null,null,null,null,null,null,null,null,null,null,null,null,null,null,null,null,null,null,null,null,null,null,null,null,null,null,null,null,null,null,null,null,null,null,null,null,null,null,null,null,null,null,null,null,null,null,null,null,null,null,null,null,null,null,null,null,null,null,null,null,null,null,null,1231142542,232337750,0,8192,43467256,87932928,87916544,0,1,2307,0,0,0,0,0,9597199,653,0,0,6859811,0,0,0,0,0,769,0,0,0,0,0,0,0,0,0,0,0,0,True,164179875,158824999,61440,12484608,43500024,87998464,87949312,0,157,4485,653,2,653,129,16654272,24548146,1481,2,9,12441750,37,1201667,0,412674,226,1495,0,0,34677,589500,0,2775,3,0,86464,410314,7,2,True,4525,11147756,228,475190,4297,10672566,228,475190,0,0,4297,10672566,5,72,133942,42681,415694578,6155916,0,0,0,65847296,85696512,56905728,28672,4096,0,7696384,0,7073256,0,1116,0,0,0,0,0,84172800,75470113,270336,5309,13774848,0,0,0,0,16906430000,359605000,0,0,29429623000,617042000,12523192000,257437000,5440,26484893,1,1,0,0
66,performance acknowledgement before historical verification,measured,deepseek-full/performance-result.json#records/65,714090bb4d7ba380502f01bc61984fb997a2802b,277823b6d7a3fe302e383b40e07b633f92fd3016,6600,102d28f9a9330cc3e726ad946748829be87cb9b496822a07128fbdb341203c04,0ec420b31411296f61c54b6a83ef0eb7fb030bdea8dc00c635032e1add17a08f,24415758,4252,741541917,2856354292,214584578,96461,83894272,76443648,0,18663,4096,0,0,83894272,76443648,12805a601d624d5bccfd98cbb9efe44edffdcb257aa3e4571ccc005b8725aba673,12c84239970273b84a946a366d4d73d22ac8da4af5d9a89e021ac9791cfb015f39,True,null,null,null,null,null,7450624,0,978944,2097185,816,null,null,null,null,null,null,null,null,null,null,null,null,null,null,null,null,null,null,null,null,null,null,null,null,null,null,null,null,null,null,null,null,null,null,null,null,null,null,null,null,null,null,null,null,null,null,null,null,null,null,null,null,null,null,null,null,null,null,null,null,null,null,null,null,null,null,null,null,null,null,null,null,null,null,null,null,null,null,null,null,null,null,null,null,null,null,null,null,null,null,null,null,null,null,null,null,null,null,null,null,null,null,null,null,null,null,null,null,null,null,null,null,null,null,null,null,null,1830368833,353318292,4096,8192,37077496,88064000,88047616,0,5,3849,0,0,0,0,0,16156572,1178,0,0,11291863,0,0,0,0,0,1283,0,0,0,0,0,0,0,0,0,0,0,0,True,278081709,287108416,32768,16855040,37077496,88145920,88047616,27,224,9195,1248,23,1248,97,16654272,48769447,3031,12,162,25054041,124,6623874,0,936646,804,3065,0,0,576874,13766378,0,43210,24,3,2285120,917835,146,23,True,7193,15022188,816,2097185,6377,12925003,816,2097185,0,0,6377,12925003,13,95,306369,44174,429905489,6361833,0,0,0,66088960,86417408,56913920,28672,4096,0,7290880,0,6670304,0,1146,0,0,0,0,0,84176896,76449137,274432,5389,19030016,0,0,0,0,17396075000,489645000,0,0,30271551000,841928000,12875476000,352284000,5052,24415758,1,1,0,0
67,performance acknowledgement before historical verification,measured,deepseek-full/performance-result.json#records/66,e8c265a337f3527a8fa78b70d37c3006e475a528,5fa1a4e20ed4db9aef7fad1c30dfb553f706ff56,6700,bf4ede88d24ca00e98422d64b17842534899e75e22092dbaf2f186221965dcaa,f053e6496151c60b407b66c45dccfa1ad010a8397d3a5661c704a8686ca3112f,27353002,4757,848826250,3637447208,220184503,99341,83894272,78712832,0,19217,4096,0,0,83894272,78712832,12c84239970273b84a946a366d4d73d22ac8da4af5d9a89e021ac9791cfb015f39,1220a0594103e7a0f11f85c717c4a36c98145f92fde44ec6f2eb2a77ff0a880b17,True,null,null,null,null,null,5181440,0,2269184,5599925,2880,null,null,null,null,null,null,null,null,null,null,null,null,null,null,null,null,null,null,null,null,null,null,null,null,null,null,null,null,null,null,null,null,null,null,null,null,null,null,null,null,null,null,null,null,null,null,null,null,null,null,null,null,null,null,null,null,null,null,null,null,null,null,null,null,null,null,null,null,null,null,null,null,null,null,null,null,null,null,null,null,null,null,null,null,null,null,null,null,null,null,null,null,null,null,null,null,null,null,null,null,null,null,null,null,null,null,null,null,null,null,null,null,null,null,null,null,null,2376064541,443416917,0,8192,37208568,88195072,88178688,0,0,7698,0,0,0,0,0,29052897,2491,0,0,21761390,0,0,0,0,0,2566,0,0,0,0,0,0,0,0,0,0,0,0,True,405795292,394789708,126976,21196800,37323256,88342528,88293376,192,264,9000,1379,32,1379,95,16654272,47667789,2964,17,626,25533381,291,17882084,0,2101267,2863,3000,0,0,579832,23019244,0,72113,36,5,3917584,2081629,600,32,True,10101,19068766,2880,5599925,7221,13468841,2880,5599925,0,0,7221,13468841,33,246,289815,46311,447762852,6761125,0,0,0,65904640,89403392,57253888,28672,8192,0,7929856,0,7301416,0,1181,0,0,0,0,0,84180992,78718401,278528,5469,24375296,0,0,0,0,18122987000,726912000,0,0,31424086000,1152535000,13301098000,425622000,5641,27353002,1,1,0,0
68,performance acknowledgement before historical verification,measured,deepseek-full/performance-result.json#records/67,0440c4cc0c0605b3c6580f09c5fb88d7b15dbc3b,54519956c57814fa203806c7a4266d89c3b6ae05,6800,3b46446893db395e084b432fa8415441b006b7a52be9f4a619e063e59c59209a,317d4d192bac886b549573688864740eb46acbee1506aecf26a1f6a4876c7ca6,28333424,4855,537713375,2116436125,226821827,102933,83894272,81330176,0,19856,4096,0,0,83894272,81330176,1220a0594103e7a0f11f85c717c4a36c98145f92fde44ec6f2eb2a77ff0a880b17,121e97f29ee58be3c42e51b181b6e42f7dbf47d2d2180442522742e7e92b722149,True,null,null,null,null,null,2564096,0,2617344,6637324,3592,null,null,null,null,null,null,null,null,null,null,null,null,null,null,null,null,null,null,null,null,null,null,null,null,null,null,null,null,null,null,null,null,null,null,null,null,null,null,null,null,null,null,null,null,null,null,null,null,null,null,null,null,null,null,null,null,null,null,null,null,null,null,null,null,null,null,null,null,null,null,null,null,null,null,null,null,null,null,null,null,null,null,null,null,null,null,null,null,null,null,null,null,null,null,null,null,null,null,null,null,null,null,null,null,null,null,null,null,null,null,null,null,null,null,null,null,null,1294140916,264449334,0,8192,37437944,88424448,88408064,0,2,5364,0,0,0,0,0,23269166,1787,0,0,15292017,0,0,0,0,0,1788,0,0,0,0,0,0,0,0,0,0,0,0,True,278196750,267726333,40960,9150464,37650936,88670208,88621056,119,205,2619,655,142,655,142,16654272,13755441,867,98,912,8028382,385,22278327,0,2699151,3494,873,0,0,2087300,78956080,0,133414,148,2,13652240,2392150,811,142,True,4546,7828853,3592,6637324,954,1191529,3592,6637324,0,0,954,1191529,40,229,348704,47161,454802173,6385084,0,0,0,66158592,89403392,57253888,28672,8192,0,8069120,0,7435248,0,1204,0,0,0,0,0,84185088,81335825,282624,5549,10764288,0,0,0,0,18500813000,377826000,0,0,32102973000,678887000,13602159000,301061000,5754,28333424,1,1,0,0
69,performance acknowledgement before historical verification,measured,deepseek-full/performance-result.json#records/68,ad93803431068b85cdd57d2cfce0be8cfef012db,12047ad1e14bceb9b32965f1724d5015c8eb7707,6900,58565e4970c5eb8c6cf3cbe0f2579c5da1e2873a4b380345a5d1f31295e4aace,70374c321b3413bce65e9192f21756b2da509e1bbe5e83a848e222d927f85208,26614300,4618,539262541,2236029334,227959796,103260,83894272,81960960,0,20010,4096,0,0,83894272,81960960,121e97f29ee58be3c42e51b181b6e42f7dbf47d2d2180442522742e7e92b722149,1287b7bf58150058156f1101bcd8911c7f983d2d4a945a5021119d93a3e84276ff,True,null,null,null,null,null,1933312,0,630784,1137969,327,null,null,null,null,null,null,null,null,null,null,null,null,null,null,null,null,null,null,null,null,null,null,null,null,null,null,null,null,null,null,null,null,null,null,null,null,null,null,null,null,null,null,null,null,null,null,null,null,null,null,null,null,null,null,null,null,null,null,null,null,null,null,null,null,null,null,null,null,null,null,null,null,null,null,null,null,null,null,null,null,null,null,null,null,null,null,null,null,null,null,null,null,null,null,null,null,null,null,null,null,null,null,null,null,null,null,null,null,null,null,null,null,null,null,null,null,null,1494165125,309074542,0,8192,37700088,88686592,88670208,0,18,10749,0,0,0,0,0,48495012,3576,0,0,28944614,0,0,0,0,0,3583,0,0,0,0,0,0,0,0,0,0,0,0,True,196541375,194823250,16384,10391552,37782008,88850432,88752128,0,99,7188,890,15,890,119,16654272,37370724,2384,11,59,22279626,71,3345874,0,602881,316,2396,0,0,337495,5468292,0,21454,16,0,841344,586892,48,15,True,5108,9001140,327,1137969,4781,7863171,327,1137969,0,0,4781,7863171,7,68,270794,48155,462985040,6060293,0,0,0,66113536,89403392,57257984,28672,8192,0,7770112,0,7143072,0,1229,0,0,0,0,0,84189184,81966689,286720,5629,12222464,0,0,0,0,18914230000,413417000,0,0,32843630000,740657000,13929400000,327241000,5474,26614300,1,1,0,0
70,performance acknowledgement before historical verification,measured,deepseek-full/performance-result.json#records/69,9e6f251a4c0e9a978a11e192e7b9421e82ded984,8776e505f4bea3b31716b81ce1e6d40afcd39703,7000,d64bfa5646ba2d2716546849cc39d773762b7b400b92ce1c58e6b863bf0356d3,49a169f1c499355f776804fa69f9166918f8c036bc46e8071b94ac3d1866e08b,29109246,4955,695254375,2664289167,232901094,105262,83894272,83804160,0,20460,4096,0,0,83894272,83804160,1287b7bf58150058156f1101bcd8911c7f983d2d4a945a5021119d93a3e84276ff,12f8f0df4bace584e186fe96ac4cbad2f12346ce31430cd8c788247b777a15d50b,True,null,null,null,null,null,90112,0,1843200,4941298,2002,null,null,null,null,null,null,null,null,null,null,null,null,null,null,null,null,null,null,null,null,null,null,null,null,null,null,null,null,null,null,null,null,null,null,null,null,null,null,null,null,null,null,null,null,null,null,null,null,null,null,null,null,null,null,null,null,null,null,null,null,null,null,null,null,null,null,null,null,null,null,null,null,null,null,null,null,null,null,null,null,null,null,null,null,null,null,null,null,null,null,null,null,null,null,null,null,null,null,null,null,null,null,null,null,null,null,null,null,null,null,null,null,null,null,null,null,null,1679026208,269291125,0,8192,37798392,88850432,88768512,0,1,4086,0,0,0,0,0,16673196,1275,0,0,12720740,0,0,0,0,0,1362,0,0,0,0,0,0,0,0,0,0,0,0,True,283973709,281706375,122880,14610432,37814776,88883200,88784896,133,227,4926,997,71,997,126,16654272,26795912,1620,50,442,14510572,273,15859713,0,1862428,1952,1642,0,0,1057284,41874669,0,95915,74,1,7284768,1749183,391,71,True,7203,12934924,2002,4941298,5201,7993626,2002,4941298,0,0,5201,7993626,27,170,301554,49610,474884362,6034875,0,0,0,66617344,89403392,57278464,28672,0,0,8216576,0,7584256,0,1254,0,0,0,0,0,84193280,83809969,290816,5709,17027072,0,0,0,0,19415661000,501431000,0,0,33715293000,871663000,14299632000,370232000,5880,29109246,1,1,0,0
71,performance acknowledgement before historical verification,measured,deepseek-full/performance-result.json#records/70,7135703a5ee6eb11d4cae49287d80c0252565ad1,ddd12b1cbcf79ff48b62a0bb64d4ee893cf924ce,7100,c01612eca1208c6a121a90912bb4f5b294c47ddd92feba19fccd93cc2524e52a,0fdecc392410e08ec1983e070cef54dace41635eaeee75659dddf17dc586804f,27706674,4795,488359000,1972998583,235408822,106517,100671488,85049344,0,20764,4096,0,0,100671488,85049344,12f8f0df4bace584e186fe96ac4cbad2f12346ce31430cd8c788247b777a15d50b,12b5d731f74f1bc6ecc7593f986bba0545bbb237a39c74e9525630824f4f6557a0,True,null,null,null,null,null,15622144,16777216,1245184,2507728,1255,null,null,null,null,null,null,null,null,null,null,null,null,null,null,null,null,null,null,null,null,null,null,null,null,null,null,null,null,null,null,null,null,null,null,null,null,null,null,null,null,null,null,null,null,null,null,null,null,null,null,null,null,null,null,null,null,null,null,null,null,null,null,null,null,null,null,null,null,null,null,null,null,null,null,null,null,null,null,null,null,null,null,null,null,null,null,null,null,null,null,null,null,null,null,null,null,null,null,null,null,null,null,null,null,null,null,null,null,null,null,null,null,null,null,null,null,null,1293417375,254789166,0,8192,37896696,88883200,88866816,0,7,6498,0,0,0,0,0,26121939,2127,0,0,18499502,0,0,0,0,0,2166,0,0,0,0,0,0,0,0,0,0,0,0,True,184915750,186779042,45056,10723328,38011384,88997888,88981504,31,130,5259,617,31,617,125,16654272,27512439,1741,26,288,14949630,138,8261963,0,1196947,1229,1753,0,0,520859,11888040,0,36761,34,0,1895296,1150128,262,31,True,4286,9440972,1255,2507728,3031,6933244,1255,2507728,0,0,3031,6933244,16,118,233715,50385,483553057,6306458,0,0,0,66490368,89403392,57286656,28672,4096,0,7995392,0,7361816,0,1275,0,0,0,0,0,100974592,85055233,294912,5789,12021760,0,0,0,0,19761447000,345786000,0,0,34375056000,659763000,14613608000,313976000,5678,27706674,1,1,0,0
72,performance acknowledgement before historical verification,measured,deepseek-full/performance-result.json#records/71,1010291fe6cd764deff8e5e3056bb57f94c3fa4f,8e139d4b786101f284a5b41e843c276d381b1416,7200,49c432707cbbd9d80d8372f51df010fd4eea24a1e73c21c4874e73ed675cf2e3,3e89c392ac1a208e763ecc73fd67be8371fd973ff58fe212757b370ff5d24b6e,26082400,4553,706599042,2633175125,236443057,106959,100671488,85643264,0,20909,4096,0,0,100671488,85643264,12b5d731f74f1bc6ecc7593f986bba0545bbb237a39c74e9525630824f4f6557a0,12b9cd0febeaef2a2f1ec11a6c758458ebbfea2d203273fd4261f0c867bbd449f8,True,null,null,null,null,null,15028224,0,593920,1034235,442,null,null,null,null,null,null,null,null,null,null,null,null,null,null,null,null,null,null,null,null,null,null,null,null,null,null,null,null,null,null,null,null,null,null,null,null,null,null,null,null,null,null,null,null,null,null,null,null,null,null,null,null,null,null,null,null,null,null,null,null,null,null,null,null,null,null,null,null,null,null,null,null,null,null,null,null,null,null,null,null,null,null,null,null,null,null,null,null,null,null,null,null,null,null,null,null,null,null,null,null,null,null,null,null,null,null,null,null,null,null,null,null,null,null,null,null,null,1685300875,283900792,0,8192,38044152,89030656,89014272,0,5,5499,0,0,0,0,0,22774578,1796,0,0,15880501,0,0,0,0,0,1833,0,0,0,0,0,0,0,0,0,0,0,0,True,233619167,232123459,24576,11272192,38109688,89112576,89079808,31,154,7641,1151,10,1151,111,16654272,40988133,2522,7,62,21751769,69,2925456,0,583247,435,2547,0,0,283327,3346126,0,6587,11,0,535216,561351,55,10,True,6594,12688702,442,1034235,6152,11654467,442,1034235,0,0,6152,11654467,7,109,283661,51723,495438369,7656041,0,0,0,65921024,89403392,57286656,28672,4096,0,7716864,0,7089848,0,1302,0,0,0,0,0,100978688,85649233,299008,5869,16613376,0,0,0,0,20260324000,498877000,0,0,35206326000,831270000,14946002000,332394000,5402,26082400,1,1,0,0
73,performance acknowledgement before historical verification,measured,deepseek-full/performance-result.json#records/72,99db7e8fc3f8ef566137a3f28cbbe0433d7c19f7,dc61e1fbdc0685555c48177e1e37197b23913ca1,7300,028cc3bdae4971ef662e0a45519b2ce1554454409e069ef93d1c7ce34ae237c5,cae07737bb0840458b4bf0709ceb3a6a81a80568a057e4af2e4e30665511f438,29605481,5014,842208542,3472171042,241366936,109431,100671488,87846912,0,21447,4096,0,0,100671488,87846912,12b9cd0febeaef2a2f1ec11a6c758458ebbfea2d203273fd4261f0c867bbd449f8,12900c5086f25d4d09f1e26f031f17c4b2032eb40537079e8578977ebf2d358c1a,True,null,null,null,null,null,12824576,0,2203648,4923879,2472,null,null,null,null,null,null,null,null,null,null,null,null,null,null,null,null,null,null,null,null,null,null,null,null,null,null,null,null,null,null,null,null,null,null,null,null,null,null,null,null,null,null,null,null,null,null,null,null,null,null,null,null,null,null,null,null,null,null,null,null,null,null,null,null,null,null,null,null,null,null,null,null,null,null,null,null,null,null,null,null,null,null,null,null,null,null,null,null,null,null,null,null,null,null,null,null,null,null,null,null,null,null,null,null,null,null,null,null,null,null,null,null,null,null,null,null,null,2278954958,419548791,36864,8192,33800696,89145344,89128960,0,1,7851,0,0,0,0,0,28963978,2517,0,0,21966003,0,0,0,0,0,2617,0,0,0,0,0,0,0,0,0,0,0,0,True,344473041,347408875,90112,20910080,33915384,89309184,89243648,159,238,8367,1427,37,1427,105,16654272,45134905,2749,21,497,23763249,262,15769451,0,2022635,2451,2789,0,0,704632,24463504,0,71663,39,4,4269248,2001119,471,37,True,10006,18794023,2472,4923879,7534,13870144,2472,4923879,0,0,7534,13870144,29,218,274240,53825,513014123,6534501,0,0,0,67129344,90337280,57749504,28672,4096,0,8310784,0,7673552,0,1335,0,0,0,0,0,100982784,87852961,303104,5949,24190976,0,0,0,0,20905086000,644762000,0,0,36273747000,1067421000,15368661000,422659000,5951,29605481,1,1,0,0
74,performance acknowledgement before historical verification,measured,deepseek-full/performance-result.json#records/73,4e9916b3e54e6727b8ecb08c12de6667a45abf08,9d5eda900751fde493dbd9080bae1d958d42b011,7400,3b96a12dee10f2dd7fc5d005942d6226661e8e4fbd290975b8b2989313bee7eb,15f796498058129701457949d470a799df374e226a23dd104fb12af55277e56a,27124927,4747,704613417,2443616041,243644249,110348,100671488,88809472,0,21682,4096,0,0,100671488,88809472,12900c5086f25d4d09f1e26f031f17c4b2032eb40537079e8578977ebf2d358c1a,12fbcc642bd53c2e95cda639649625859545bd4090b4521e359fd469e92d66bf4c,True,null,null,null,null,null,11862016,0,962560,2277313,917,null,null,null,null,null,null,null,null,null,null,null,null,null,null,null,null,null,null,null,null,null,null,null,null,null,null,null,null,null,null,null,null,null,null,null,null,null,null,null,null,null,null,null,null,null,null,null,null,null,null,null,null,null,null,null,null,null,null,null,null,null,null,null,null,null,null,null,null,null,null,null,null,null,null,null,null,null,null,null,null,null,null,null,null,null,null,null,null,null,null,null,null,null,null,null,null,null,null,null,null,null,null,null,null,null,null,null,null,null,null,null,null,null,null,null,null,null,1498225000,237839583,0,8192,34062840,89407488,89391104,0,3,8118,0,0,0,0,0,33808588,2693,0,0,24020531,0,0,0,0,0,2706,0,0,0,0,0,0,0,0,0,0,0,0,True,234608375,234422126,0,13803520,34177528,89538560,89505792,54,177,8025,1142,41,1142,120,16654272,42431190,2643,31,186,23616281,139,7050126,0,979361,886,2675,0,0,721155,18200835,0,49757,45,1,3116624,919144,154,41,True,6844,12166180,917,2277313,5927,9888867,917,2277313,0,0,5927,9888867,13,118,305195,55209,524193085,6169249,0,0,0,66719744,90337280,57806848,28672,4096,0,7983104,0,7346440,0,1359,0,0,0,0,0,100986880,88815601,307200,6029,16179200,0,0,0,0,21383010000,477924000,0,0,37088679000,814932000,15705668000,337007000,5631,27124927,1,1,0,0
75,performance acknowledgement before historical verification,measured,deepseek-full/performance-result.json#records/74,52c997d01d491c6ce6067678b2e8a0a92ed62290,ba9aaf4500ef23149c3868af1c282dd3f8672e53,7500,93c7ce3613e3b462dd1b93518136cfb4599a55e74a57d54a3ec725ad01efc24d,359d0ea8d2d79547965b16723a56552f98ab5dc74feb193badee0cb12c7bcecc,30694733,5186,741520417,3325311792,250179801,113419,100671488,91324416,0,22296,4096,0,0,100671488,91324416,12fbcc642bd53c2e95cda639649625859545bd4090b4521e359fd469e92d66bf4c,12197376c83cb6b6d9d84fd9af37b2e67a93b83e6a2fbbbb3b0aff312d14b8bed7,True,null,null,null,null,null,9347072,0,2514944,6535552,3071,null,null,null,null,null,null,null,null,null,null,null,null,null,null,null,null,null,null,null,null,null,null,null,null,null,null,null,null,null,null,null,null,null,null,null,null,null,null,null,null,null,null,null,null,null,null,null,null,null,null,null,null,null,null,null,null,null,null,null,null,null,null,null,null,null,null,null,null,null,null,null,null,null,null,null,null,null,null,null,null,null,null,null,null,null,null,null,null,null,null,null,null,null,null,null,null,null,null,null,null,null,null,null,null,null,null,null,null,null,null,null,null,null,null,null,null,null,2243472500,517888208,0,8192,34193912,89538560,89522176,0,6,5457,0,0,0,0,0,20759448,1757,0,0,15595449,0,0,0,0,0,1819,0,0,0,0,0,0,0,0,0,0,0,0,True,333278375,318933626,135168,19431424,34210296,89604096,89538560,152,180,6720,1367,45,1367,119,16654272,36477868,2210,32,687,19881413,338,19396407,0,2370424,3039,2240,0,0,835508,25375921,0,73921,50,2,4412160,2319974,653,45,True,9482,17371059,3071,6535552,6411,10835507,3071,6535552,0,0,6411,10835507,39,224,294080,57191,540377748,7040500,0,0,0,67555328,90337280,58044416,28672,0,0,8523776,0,7902088,0,1391,0,0,0,0,0,100990976,91330625,311296,6109,22564864,0,0,0,0,21987135000,604125000,0,0,38062754000,974075000,16075619000,369951000,6151,30694733,1,1,0,0
76,performance acknowledgement before historical verification,measured,deepseek-full/performance-result.json#records/75,8de47601415517df190187c420ae2b528d470e77,cedf2fa35fb6d85bdcf358c756423761c4ce00a9,7600,4a1e1cadb10c4cbdc1bd8afbd17c303711f1dcab4752602b722928a8a94e4d45,46e41e6d7dbb4e9c4703fd222365ee7c6e8335c87fd5fc0a7b3cdd5f31527c1e,25923390,4517,752640209,3556583500,251097392,113828,100671488,91918336,0,22441,4096,0,0,100671488,91918336,12197376c83cb6b6d9d84fd9af37b2e67a93b83e6a2fbbbb3b0aff312d14b8bed7,12a1dd6497d9a58be47856b72e5c207aa5a434fd5ad0896635ec4eea888ff2eaf9,True,null,null,null,null,null,8753152,0,593920,917591,409,null,null,null,null,null,null,null,null,null,null,null,null,null,null,null,null,null,null,null,null,null,null,null,null,null,null,null,null,null,null,null,null,null,null,null,null,null,null,null,null,null,null,null,null,null,null,null,null,null,null,null,null,null,null,null,null,null,null,null,null,null,null,null,null,null,null,null,null,null,null,null,null,null,null,null,null,null,null,null,null,null,null,null,null,null,null,null,null,null,null,null,null,null,null,null,null,null,null,null,null,null,null,null,null,null,null,null,null,null,null,null,null,null,null,null,null,null,2525829875,791605958,0,8192,34275832,89620480,89604096,0,134,21744,0,0,0,0,0,111831053,7244,0,0,55506764,0,0,0,0,0,7248,0,0,0,0,0,0,0,0,0,0,0,0,True,270966375,264708874,90112,17821696,34324984,89702400,89653248,5,146,10632,1579,0,1579,104,16654272,56119654,3521,0,53,30565664,54,2480791,0,571810,409,3544,0,0,0,0,0,0,0,0,0,571810,53,0,True,8374,15838173,409,917591,7965,14920582,409,917591,0,0,7965,14920582,7,84,194064,58954,555250183,7147041,0,0,0,69287936,92119040,60239872,28672,4096,0,7712768,0,7073632,0,1427,0,0,0,0,0,100995072,91924625,315392,6189,20639744,0,0,0,0,22593118000,605983000,0,0,39064309000,1001555000,16471190000,395571000,5358,25923390,1,1,0,0
77,performance acknowledgement before historical verification,measured,deepseek-full/performance-result.json#records/76,5b9c088fb7e423bb241a35a39c9f527324d233ca,876b027429cd08f9c0281fd363094130a270a619,7700,923cd71741434efa37dce13535329acd4c79b24d082c14b1df29531c852c2843,a2bdfb26050740a471c4ceaa44a2229c3de4a103e354588aab256435ad43bc9e,29525235,4999,860868583,3925742250,252968063,114816,100671488,92925952,0,22687,4096,0,0,100671488,92925952,12a1dd6497d9a58be47856b72e5c207aa5a434fd5ad0896635ec4eea888ff2eaf9,126bd456343ed5bc6e1c7d4a39d56f81b9aed62a1bb731e8c17c03ec13ed422564,True,null,null,null,null,null,7745536,0,1007616,1870671,988,null,null,null,null,null,null,null,null,null,null,null,null,null,null,null,null,null,null,null,null,null,null,null,null,null,null,null,null,null,null,null,null,null,null,null,null,null,null,null,null,null,null,null,null,null,null,null,null,null,null,null,null,null,null,null,null,null,null,null,null,null,null,null,null,null,null,null,null,null,null,null,null,null,null,null,null,null,null,null,null,null,null,null,null,null,null,null,null,null,null,null,null,null,null,null,null,null,null,null,null,null,null,null,null,null,null,null,null,null,null,null,null,null,null,null,null,null,2498076792,670969584,0,8192,34456056,89800704,89784320,0,49,13935,0,0,0,0,0,68210355,4527,0,0,35851824,0,0,0,0,0,4645,0,0,0,0,0,0,0,0,0,0,0,0,True,556890417,367014457,77824,21360640,34521592,89915392,89849856,13,214,10281,1483,14,1483,105,16654272,54882999,3388,8,98,30247270,110,6207001,0,950100,980,3427,0,0,280316,10749169,0,26481,16,1,1818224,939887,88,14,True,10239,19220620,988,1870671,9251,17349949,988,1870671,0,0,9251,17349949,11,168,304225,61113,573229667,9906458,0,0,0,69586944,94363648,60268544,28672,8192,0,8306688,0,7676368,0,1464,0,0,0,0,0,100999168,92932321,319488,6269,24743936,0,0,0,0,23228882000,635764000,0,0,40136628000,1072319000,16907745000,436555000,5934,29525235,1,1,0,0
78,performance acknowledgement before historical verification,measured,deepseek-full/performance-result.json#records/77,c14948c531dac2ddc19fb4aa6f7a55771bc4c0e4,e636ce7fb741f3bddeedffed42011ee572bc0c53,7800,e4c199e9c142248f7130463dd7f6cb29d97912d11ef0f291a05c26363dd1142e,4fd8aedc7758838020ef9c7a88358cfbc1722387d2dcd9afab666a43553992fe,29995953,5084,514706166,1794687167,254734077,115331,100671488,93667328,0,22868,4096,0,0,100671488,93667328,126bd456343ed5bc6e1c7d4a39d56f81b9aed62a1bb731e8c17c03ec13ed422564,1239a24723b9e4d1b2ee7e9d95e1aed6be77f34a9990f081d395fb631ac4cec51a,True,null,null,null,null,null,7004160,0,741376,1766014,515,null,null,null,null,null,null,null,null,null,null,null,null,null,null,null,null,null,null,null,null,null,null,null,null,null,null,null,null,null,null,null,null,null,null,null,null,null,null,null,null,null,null,null,null,null,null,null,null,null,null,null,null,null,null,null,null,null,null,null,null,null,null,null,null,null,null,null,null,null,null,null,null,null,null,null,null,null,null,null,null,null,null,null,null,null,null,null,null,null,null,null,null,null,null,null,null,null,null,null,null,null,null,null,null,null,null,null,null,null,null,null,null,null,null,null,null,null,1108636292,219722083,315392,8192,34537976,89915392,89866240,0,8,7698,0,0,0,0,0,34133742,2559,0,0,24109305,0,0,0,0,0,2566,0,0,0,0,0,0,0,0,0,0,0,0,True,164725000,136086292,3035136,5517312,34521592,89931776,89849856,21,108,3879,154,56,154,163,16654272,19767311,1280,38,101,12330816,129,5442872,0,831589,477,1293,0,0,1084106,30985580,0,44375,58,0,5417008,712050,63,56,True,2421,5282194,515,1766014,1906,3516180,515,1766014,0,0,1906,3516180,10,66,327574,61438,577877082,6619709,0,0,0,69832704,94363648,60272640,28672,8192,0,8413184,0,7783464,0,1485,0,0,0,0,0,101003264,93673777,323584,6349,7032832,0,0,0,0,23508365000,279483000,0,0,40730756000,594128000,17222391000,314646000,6031,29995953,1,1,0,0
79,performance acknowledgement before historical verification,measured,deepseek-full/performance-result.json#records/78,8752e1f9e966ee48f981db1228a7d86b31d1f85e,b4415bf96cacdc4ac7d4a4700b3fef11b63d855e,7900,dbb21dae08cdf5e95f6cc33ef73057e6c1b7048a82946cd4e4970818d5aafd3c,569f74436a5c79e912812ea3db330464c2f303e7ca53c0da1d6906708e2f0428,29818602,5045,338485041,1217618958,255696924,115550,100671488,94150656,0,22986,4096,0,0,100671488,94150656,1239a24723b9e4d1b2ee7e9d95e1aed6be77f34a9990f081d395fb631ac4cec51a,1205c5aa0eb95cdc02b1449bf5f9c4c010070c03abc66514cc5fa22490e925c1a7,True,null,null,null,null,null,6520832,0,483328,962847,219,null,null,null,null,null,null,null,null,null,null,null,null,null,null,null,null,null,null,null,null,null,null,null,null,null,null,null,null,null,null,null,null,null,null,null,null,null,null,null,null,null,null,null,null,null,null,null,null,null,null,null,null,null,null,null,null,null,null,null,null,null,null,null,null,null,null,null,null,null,null,null,null,null,null,null,null,null,null,null,null,null,null,null,null,null,null,null,null,null,null,null,null,null,null,null,null,null,null,null,null,null,null,null,null,null,null,null,null,null,null,null,null,null,null,null,null,null,747980917,205837917,98304,8192,34537976,89931776,89866240,0,3,3048,0,0,0,0,0,11906028,948,0,0,9203949,0,0,0,0,0,1016,0,0,0,0,0,0,0,0,0,0,0,0,True,124863667,111515124,651264,3923968,34554360,89980928,89882624,5,90,2730,76,35,76,151,16654272,13537546,897,26,37,8401086,78,3156122,0,557727,193,910,0,0,520968,23999626,0,44866,35,0,4105376,470672,11,35,True,1654,3666189,219,962847,1435,2703342,219,962847,0,0,1435,2703342,6,52,301225,61603,581015531,6289333,0,0,0,69599232,94363648,60268544,28672,8192,0,8380416,0,7741744,0,1500,0,0,0,0,0,101007360,94157185,327680,6429,5103616,0,0,0,0,23670040000,161675000,0,0,41087390000,356634000,17417350000,194959000,5987,29818602,1,1,0,0
80,performance acknowledgement before historical verification,measured,deepseek-full/performance-result.json#records/79,a285e292c8dadc02124b02149ab2564d4f3a7872,4e39466d774933903f29781fe89065ca664b2a9b,8000,1f04706b6ea8e2ba0f0bae75c5a55eef5bcf189b5c558cd4240e61c28e90b9f0,42db6d15d6371cd8da92ad16b1c6915d2c0090bf98044ec1e0d3771cf878cf45,31999759,5332,635918125,2566563875,264465619,119294,100671488,97517568,0,23808,4096,0,0,100671488,97517568,1205c5aa0eb95cdc02b1449bf5f9c4c010070c03abc66514cc5fa22490e925c1a7,129e1cb57cee9e85510e888a62b162c215c76fd292ffb28035b6e9ace6b8a2acc4,True,null,null,null,null,null,3153920,0,3366912,8768695,3744,null,null,null,null,null,null,null,null,null,null,null,null,null,null,null,null,null,null,null,null,null,null,null,null,null,null,null,null,null,null,null,null,null,null,null,null,null,null,null,null,null,null,null,null,null,null,null,null,null,null,null,null,null,null,null,null,null,null,null,null,null,null,null,null,null,null,null,null,null,null,null,null,null,null,null,null,null,null,null,null,null,null,null,null,null,null,null,null,null,null,null,null,null,null,null,null,null,null,null,null,null,null,null,null,null,null,null,null,null,null,null,null,null,null,null,null,null,1584866250,383596708,393216,8192,34603512,89980928,89931776,0,8,4581,0,0,0,0,0,17838826,1437,0,0,12302305,0,0,0,0,0,1527,0,0,0,0,0,0,0,0,0,0,0,0,True,338523667,315831875,1839104,14622720,34587128,90013696,89915392,170,241,4377,856,111,856,121,16654272,23502872,1445,75,940,13160193,483,28014039,0,3272822,3669,1459,0,0,1645977,74017461,0,170282,119,4,13220928,3091507,860,111,True,6340,12985328,3744,8768695,2596,4216633,3744,8768695,0,0,2596,4216633,50,208,310102,62840,593057823,7255833,0,0,0,70246400,94363648,60272640,28672,8192,0,8712192,0,8084936,0,1526,0,0,0,0,0,101011456,97524177,331776,6509,16592896,0,0,0,0,24067852000,397812000,0,0,41808576000,721186000,17740724000,323374000,6304,31999759,1,1,0,0
81,performance acknowledgement before historical verification,measured,deepseek-full/performance-result.json#records/80,c77f889a2a0ee25241bec763f9f3a7d8b88adcdc,413581e7bb9f2cf8d37786dde79ca9b1823921c6,8100,1a7afd722b70aa344208689f6d22d665b8ad648242c78e82cf1bcdb31e027c7d,00dd68cb67753661b88176dfd91d200d0dd5dc94fc89639a1befe718eb13d775,33740250,5395,445669792,1595360416,270221359,121158,100671488,99803136,0,24366,4096,0,0,100671488,99803136,129e1cb57cee9e85510e888a62b162c215c76fd292ffb28035b6e9ace6b8a2acc4,12630da809ddd198dc506cca99a169aaa27bdcf89493ff2a245e90ace8cfbd890c,True,null,null,null,null,null,868352,0,2285568,5755740,1864,null,null,null,null,null,null,null,null,null,null,null,null,null,null,null,null,null,null,null,null,null,null,null,null,null,null,null,null,null,null,null,null,null,null,null,null,null,null,null,null,null,null,null,null,null,null,null,null,null,null,null,null,null,null,null,null,null,null,null,null,null,null,null,null,null,null,null,null,null,null,null,null,null,null,null,null,null,null,null,null,null,null,null,null,null,null,null,null,null,null,null,null,null,null,null,null,null,null,null,null,null,null,null,null,null,null,null,null,null,null,null,null,null,null,null,null,null,953377125,280123292,0,8192,34619896,90013696,89948160,0,13,7653,0,0,0,0,0,32804968,2542,0,0,20793004,0,0,0,0,0,2551,0,0,0,0,0,0,0,0,0,0,0,0,True,189427166,185191625,110592,8699904,35209720,90570752,90537984,126,174,2820,275,93,275,112,16654272,14065385,929,71,512,8743475,324,16396254,0,2282263,1793,940,0,0,1183650,38096200,0,107462,96,3,6477200,2147253,436,93,True,2909,7139845,1864,5755740,1045,1384105,1864,5755740,0,0,1045,1384105,31,124,313015,63279,599557916,6886333,0,0,0,70467584,94363648,60272640,28672,0,0,8806400,0,8162864,0,1546,0,0,0,0,0,101015552,99809825,335872,6589,9232384,0,0,0,0,24289374000,221522000,0,0,42266996000,458420000,17977621000,236897000,6369,33740250,1,1,0,0
82,performance acknowledgement before historical verification,measured,deepseek-full/performance-result.json#records/81,25ad9015e3aa1db1a83ca47418ca75e156dbb10a,9c5f13df47c86e39f32474510e6a349cfbba3745,8200,2bde7b006ff1bc02d9fc6d49d74f4c83216ab628b6eb872d4915931d48fae020,0ef4d8c14d9f8ba8fd4985d114e7f97b3940257b338bbcb66b4297cae9f0f9e9,30071509,5078,541806083,2388566875,272768519,121927,117448704,100913152,0,24637,4096,0,0,117448704,100913152,12630da809ddd198dc506cca99a169aaa27bdcf89493ff2a245e90ace8cfbd890c,126fb734cd13c3e577264722c2cd6b5a557bd76c1b4c01c89111361af4d347846b,True,null,null,null,null,null,16535552,16777216,1110016,2547160,769,null,null,null,null,null,null,null,null,null,null,null,null,null,null,null,null,null,null,null,null,null,null,null,null,null,null,null,null,null,null,null,null,null,null,null,null,null,null,null,null,null,null,null,null,null,null,null,null,null,null,null,null,null,null,null,null,null,null,null,null,null,null,null,null,null,null,null,null,null,null,null,null,null,null,null,null,null,null,null,null,null,null,null,null,null,null,null,null,null,null,null,null,null,null,null,null,null,null,null,null,null,null,null,null,null,null,null,null,null,null,null,null,null,null,null,null,null,1616426375,426366125,36864,8192,35226104,90570752,90554368,0,22,8556,0,0,0,0,0,33710194,2821,0,0,23063327,0,0,0,0,0,2852,0,0,0,0,0,0,0,0,0,0,0,0,True,223466334,218928042,81920,11292672,35258872,90636288,90587136,17,156,7149,952,22,952,120,16654272,37167681,2353,17,183,20362359,148,8084545,0,1092106,752,2383,0,0,441751,13061004,0,44444,25,0,2214704,1054463,166,22,True,5572,11826694,769,2547160,4803,9279534,769,2547160,0,0,4803,9279534,14,71,309056,64339,610522872,6868083,0,0,0,69697536,94363648,60375040,28672,0,0,8466432,0,7830144,0,1573,0,0,0,0,0,117796864,100919921,339968,6669,14999552,0,0,0,0,24658679000,369305000,0,0,42956580000,689584000,18297900000,320279000,6027,30071509,1,1,0,0
83,performance acknowledgement before historical verification,measured,deepseek-full/performance-result.json#records/82,094f1976c4d02e8fd9e4301cafde589155131656,465d69590a8c26e9264a9860b65ee7564f428e2b,8300,3e624b13080c5c663652b14f6b46b9fac81310e62585cfc3c72b4e6fe86bc489,ce48c4f4a6c80454fa403b0590d0acbc5b5b5307007c8fdc19c2b9e68ab29b11,31481489,5289,606430750,2369373250,275141950,122847,117448704,102006784,0,24904,4096,0,0,117448704,102006784,126fb734cd13c3e577264722c2cd6b5a557bd76c1b4c01c89111361af4d347846b,12971ce07fd518aea3e830c084de0d3c15838acca7285a3a9f1c6bea27ed6ee39b,True,null,null,null,null,null,15441920,0,1093632,2373431,920,null,null,null,null,null,null,null,null,null,null,null,null,null,null,null,null,null,null,null,null,null,null,null,null,null,null,null,null,null,null,null,null,null,null,null,null,null,null,null,null,null,null,null,null,null,null,null,null,null,null,null,null,null,null,null,null,null,null,null,null,null,null,null,null,null,null,null,null,null,null,null,null,null,null,null,null,null,null,null,null,null,null,null,null,null,null,null,null,null,null,null,null,null,null,null,null,null,null,null,null,null,null,null,null,null,null,null,null,null,null,null,null,null,null,null,null,null,1540929667,376687917,0,8192,35275256,90636288,90603520,0,0,4095,0,0,0,0,0,14555817,1244,0,0,11060000,0,0,0,0,0,1365,0,0,0,0,0,0,0,0,0,0,0,0,True,213941792,210238832,24576,13672448,35275256,90701824,90603520,16,139,5619,804,23,804,117,16654272,30606100,1855,16,166,16582371,147,7454631,0,1095132,904,1873,0,0,525949,13185748,0,34277,24,0,2261728,1058527,150,23,True,5891,12094626,920,2373431,4971,9721195,920,2373431,0,0,4971,9721195,13,106,300519,65469,621703848,8071041,0,0,0,70053888,94363648,60375040,28672,0,0,8699904,0,8058320,0,1598,0,0,0,0,0,117800960,102013633,344064,6749,15486976,0,0,0,0,25023176000,364497000,0,0,43643119000,686539000,18619943000,322043000,6259,31481489,1,1,0,0
84,performance acknowledgement before historical verification,measured,deepseek-full/performance-result.json#records/83,0664b25cd955aa8b4f5a80bc29ca4c872ba4802e,b173340ca4b59bc685b5f57a0787cd7016b997ea,8400,60f5764beb54f76c698ab18db451294ba2f36ab0339475499cc8dcb4cb7a52c4,61e6deebfa8656c9d571c8e1f02f4d96e9cbd46fca09e655f99ac3c6448e06ff,34582518,5540,601358042,2414558583,281080079,125359,117448704,104476672,0,25507,4096,0,0,117448704,104476672,12971ce07fd518aea3e830c084de0d3c15838acca7285a3a9f1c6bea27ed6ee39b,1227fa3655ed60ec6bb2931b7b6e5a55079d48295c96da8c8c1eef76ee12291a6c,True,null,null,null,null,null,12972032,0,2469888,5938129,2512,null,null,null,null,null,null,null,null,null,null,null,null,null,null,null,null,null,null,null,null,null,null,null,null,null,null,null,null,null,null,null,null,null,null,null,null,null,null,null,null,null,null,null,null,null,null,null,null,null,null,null,null,null,null,null,null,null,null,null,null,null,null,null,null,null,null,null,null,null,null,null,null,null,null,null,null,null,null,null,null,null,null,null,null,null,null,null,null,null,null,null,null,null,null,null,null,null,null,null,null,null,null,null,null,null,null,null,null,null,null,null,null,null,null,null,null,null,1506387625,346793459,16384,8192,35291640,90701824,90619904,0,1,3948,0,0,0,0,0,16268157,1277,0,0,12268851,0,0,0,0,0,1316,0,0,0,0,0,0,0,0,0,0,0,0,True,299808042,292121625,61440,16351232,35406328,90832896,90734592,148,258,5238,732,88,732,121,16654272,27636569,1704,56,608,15458673,338,19504629,0,2462483,2456,1746,0,0,1564795,52028791,0,103401,94,4,9092144,2300305,548,88,True,5754,13537028,2512,5938129,3242,7598899,2512,5938129,0,0,3242,7598899,34,178,327929,66567,634338445,7004874,0,0,0,73224192,94363648,63078400,28672,0,0,8990720,0,8352272,0,1623,0,0,0,0,0,117805056,104483601,348160,6829,16941056,0,0,0,0,25446810000,423634000,0,0,44358633000,715514000,18911822000,291879000,6534,34582518,1,1,0,0
85,performance acknowledgement before historical verification,measured,deepseek-full/performance-result.json#records/84,b94d2f9c1d80f35d051d05c831278ffb50974c14,d2fe7dad4b0834f05c0b55f7566b78fe327321ae,8500,4badcceec003d18bcd3b09446a3dcb0203d1f8f71a2ef9a662d9d3e3851bcb70,af95eae2d4a0bc15a93a348444c1ddb0d32f9e5de2a92919421bb12f38d04650,35732582,5642,478092416,2000968958,287919769,127637,117448704,106975232,0,26117,4096,0,0,117448704,106975232,1227fa3655ed60ec6bb2931b7b6e5a55079d48295c96da8c8c1eef76ee12291a6c,128e21f9848445ad7ba692d0ec72f6b8122983fa4cb34fb7d2a9079c6e0b3d0c2d,True,null,null,null,null,null,10473472,0,2498560,6839690,2278,null,null,null,null,null,null,null,null,null,null,null,null,null,null,null,null,null,null,null,null,null,null,null,null,null,null,null,null,null,null,null,null,null,null,null,null,null,null,null,null,null,null,null,null,null,null,null,null,null,null,null,null,null,null,null,null,null,null,null,null,null,null,null,null,null,null,null,null,null,null,null,null,null,null,null,null,null,null,null,null,null,null,null,null,null,null,null,null,null,null,null,null,null,null,null,null,null,null,null,null,null,null,null,null,null,null,null,null,null,null,null,null,null,null,null,null,null,1257035875,360317333,49152,8192,35570168,90914816,90898432,0,8,6756,0,0,0,0,0,28805082,2243,0,0,20184297,0,0,0,0,0,2252,0,0,0,0,0,0,0,0,0,0,0,0,True,258536500,242300583,69632,9990144,35553784,90963968,90882048,111,228,3558,343,117,343,122,16654272,17993276,1177,77,608,11221048,385,22117922,0,2575511,2201,1186,0,0,1780794,63909126,0,142018,121,2,11159472,2367723,524,117,True,3409,8632830,2278,6839690,1131,1793140,2278,6839690,0,0,1131,1793140,36,143,294861,67102,642367925,7304167,0,0,0,73175040,94363648,63082496,28672,0,0,9125888,0,8488544,0,1645,0,0,0,0,0,117809152,106982241,352256,6909,11018240,0,0,0,0,25722311000,275501000,0,0,44914947000,556314000,19192635000,280813000,6647,35732582,1,1,0,0
86,performance acknowledgement before historical verification,measured,deepseek-full/performance-result.json#records/85,233ea50104a52d7c212322828cefdc873f8ef9f2,115fa0d2715d3036d1177c356a47d1183738c883,8600,be2eedf2eb3a12e3f5c448864db0ecb5f58fd67eddf925e2df6769822f6c986f,2b01beb3dc1623ee05dbc3eb97635426b2e6725733079671c397c3bed15159a5,35971248,5669,328864292,1326007417,291269654,128692,117448704,108146688,0,26403,4096,0,0,117448704,108146688,128e21f9848445ad7ba692d0ec72f6b8122983fa4cb34fb7d2a9079c6e0b3d0c2d,12a4287e91abd7d8038e4a1212bf62764e3b582f7b06e3d7169d8b7fd0005c90e6,True,null,null,null,null,null,9302016,0,1171456,3349885,1055,null,null,null,null,null,null,null,null,null,null,null,null,null,null,null,null,null,null,null,null,null,null,null,null,null,null,null,null,null,null,null,null,null,null,null,null,null,null,null,null,null,null,null,null,null,null,null,null,null,null,null,null,null,null,null,null,null,null,null,null,null,null,null,null,null,null,null,null,null,null,null,null,null,null,null,null,null,null,null,null,null,null,null,null,null,null,null,null,null,null,null,null,null,null,null,null,null,null,null,null,null,null,null,null,null,null,null,null,null,null,null,null,null,null,null,null,null,808852166,213002832,16384,8192,35602936,90963968,90931200,0,9,4176,0,0,0,0,0,17567377,1381,0,0,12254912,0,0,0,0,0,1392,0,0,0,0,0,0,0,0,0,0,0,0,True,180712334,171642333,16384,5042176,35652088,91013120,90980352,27,174,2736,136,113,136,157,16654272,14092709,903,85,268,8795588,220,11180076,0,1433521,970,912,0,0,1560579,54307751,0,89704,115,1,9413152,1095987,182,113,True,2078,4793820,1055,3349885,1023,1443935,1055,3349885,0,0,1023,1443935,18,107,296909,67349,646559935,7578625,0,0,0,74276864,94363648,64106496,28672,0,0,9158656,0,8523720,0,1662,0,0,0,0,0,117813248,108153777,356352,6989,6615040,0,0,0,0,25895554000,173243000,0,0,45313618000,398671000,19418063000,225428000,6676,35971248,1,1,0,0
87,performance acknowledgement before historical verification,measured,deepseek-full/performance-result.json#records/86,9eee7cb4620ace2c6ca0b513ea7f07b87142f9ed,4be68ba6e01c814f2e55bfda6766ef87946833b4,8700,9198a72466a87412a94e43a07bab9856b855e679663f85dadb6f6a3d96a51fb1,347140f41719eafd14c130ce3f0d008a8ca3f7bb99deb9c6c0878504cbf33f0b,29377187,4991,681032917,2974015833,292262950,129044,117448704,108752896,0,26551,4096,0,0,117448704,108752896,12a4287e91abd7d8038e4a1212bf62764e3b582f7b06e3d7169d8b7fd0005c90e6,129d75c865385f5cbaa92a6706d8915bb364f3a5d2ece0d7a557b8e4509fb81b58,True,null,null,null,null,null,8695808,0,606208,993296,352,null,null,null,null,null,null,null,null,null,null,null,null,null,null,null,null,null,null,null,null,null,null,null,null,null,null,null,null,null,null,null,null,null,null,null,null,null,null,null,null,null,null,null,null,null,null,null,null,null,null,null,null,null,null,null,null,null,null,null,null,null,null,null,null,null,null,null,null,null,null,null,null,null,null,null,null,null,null,null,null,null,null,null,null,null,null,null,null,null,null,null,null,null,null,null,null,null,null,null,null,null,null,null,null,null,null,null,null,null,null,null,null,null,null,null,null,null,2011239375,498025250,0,8192,35734008,91078656,91062272,0,15,7614,0,0,0,0,0,30946335,2468,0,0,22090994,0,0,0,0,0,2538,0,0,0,0,0,0,0,0,0,0,0,0,True,273441542,265355291,163840,17149952,35734008,91144192,91062272,0,201,10401,1335,13,1335,110,16654272,54843605,3442,8,52,29653269,67,2767335,0,594947,344,3467,0,0,365058,6171625,0,17095,14,0,1016816,584179,44,13,True,7369,15304019,352,993296,7017,14310723,352,993296,0,0,7017,14310723,7,68,301589,68833,660892448,8301999,0,0,0,73658368,96202752,64110592,28672,0,0,8400896,0,7759400,0,1692,0,0,0,0,0,117817344,108760065,360448,7069,19460096,0,0,0,0,26362377000,466823000,0,0,46168719000,855101000,19806342000,388279000,5923,29377187,1,1,0,0
88,performance acknowledgement before historical verification,measured,deepseek-full/performance-result.json#records/87,7248b5ec8f8769f882f12fd521504fa48e97bcf3,c4dca1754382f6a4d86c1762effb8bf18db30bc7,8800,dbc90eff83c1a1b50ac73266157de46ee91b509dee921b989c1643178de66c55,fff2490af920dda49227f47988ff1ae666ee74ab1a77a6136f3222f25e198cb4,36405983,5742,948788875,4164083667,296630576,131199,117448704,110669824,0,27019,4096,0,0,117448704,110669824,129d75c865385f5cbaa92a6706d8915bb364f3a5d2ece0d7a557b8e4509fb81b58,1244c2a67c0b81754096ef9fa28b38c419fb9092f1a953770e78986d1f9b5afd2c,True,null,null,null,null,null,6778880,0,1916928,4367626,2155,null,null,null,null,null,null,null,null,null,null,null,null,null,null,null,null,null,null,null,null,null,null,null,null,null,null,null,null,null,null,null,null,null,null,null,null,null,null,null,null,null,null,null,null,null,null,null,null,null,null,null,null,null,null,null,null,null,null,null,null,null,null,null,null,null,null,null,null,null,null,null,null,null,null,null,null,null,null,null,null,null,null,null,null,null,null,null,null,null,null,null,null,null,null,null,null,null,null,null,null,null,null,null,null,null,null,null,null,null,null,null,null,null,null,null,null,null,2799510000,636749334,0,8192,35799544,91144192,91127808,0,2,8511,0,0,0,0,0,33765179,2704,0,0,25826754,0,0,0,0,0,2837,0,0,0,0,0,0,0,0,0,0,0,0,True,407889625,420468625,32768,26558464,35897848,91258880,91226112,137,288,12171,1380,31,1380,112,16654272,64561553,3984,16,422,35971732,232,13807095,0,1841838,2139,4057,0,0,802197,20848296,0,43754,32,3,3601632,1814552,403,31,True,10990,22951388,2155,4367626,8835,18583762,2155,4367626,0,0,8835,18583762,26,179,312152,71144,682565802,7895167,0,0,0,74670080,99962880,64114688,28672,4096,0,9252864,0,8613072,0,1730,0,0,0,0,0,117821440,110677073,364544,7149,28864512,0,0,0,0,27139428000,777051000,0,0,47440794000,1272075000,20301365000,495023000,6752,36405983,1,1,0,0
89,performance acknowledgement before historical verification,measured,deepseek-full/performance-result.json#records/88,22c872097db5ebd334f2439e1a29c4b086004459,3df3c5484a23c582737628f43541ec487f44fec6,8900,7ccff33e67123f5e14b9c168343656b4a68e6f5946cbdd1194c5a976ab129dff,13d53a3ad5cdd1f7add6a9f65595146426f347d09fd3f79646e378e33b3963dd,34879088,5592,437330916,1883875750,298077166,131710,117448704,111427584,0,27204,4096,0,0,117448704,111427584,1244c2a67c0b81754096ef9fa28b38c419fb9092f1a953770e78986d1f9b5afd2c,1292a956b57ae93f91c8e564c8a3e85992a9d76824bc4d74a9dcd62ca8b7e54fd7,True,null,null,null,null,null,6021120,0,757760,1446590,511,null,null,null,null,null,null,null,null,null,null,null,null,null,null,null,null,null,null,null,null,null,null,null,null,null,null,null,null,null,null,null,null,null,null,null,null,null,null,null,null,null,null,null,null,null,null,null,null,null,null,null,null,null,null,null,null,null,null,null,null,null,null,null,null,null,null,null,null,null,null,null,null,null,null,null,null,null,null,null,null,null,null,null,null,null,null,null,null,null,null,null,null,null,null,null,null,null,null,null,null,null,null,null,null,null,null,null,null,null,null,null,null,null,null,null,null,null,1245965375,261069792,0,8192,35914232,91258880,91242496,0,0,6414,0,0,0,0,0,27107124,2124,0,0,19380029,0,0,0,0,0,2138,0,0,0,0,0,0,0,0,0,0,0,0,True,193097125,190139834,36864,11472896,35914232,91324416,91242496,43,152,6321,536,35,536,130,16654272,32821354,2083,23,99,18728082,96,4386703,0,745861,488,2107,0,0,714935,15511373,0,38415,37,1,2451408,705474,75,35,True,4024,10082026,511,1446590,3513,8635436,511,1446590,0,0,3513,8635436,10,92,299197,71817,691918929,7482334,0,0,0,74248192,99962880,64114688,28672,4096,0,9105408,0,8460296,0,1751,0,0,0,0,0,117825536,111434913,368640,7229,12718080,0,0,0,0,27494512000,355084000,0,0,48125915000,685121000,20631403000,330038000,6596,34879088,1,1,0,0
90,performance acknowledgement before historical verification,measured,deepseek-full/performance-result.json#records/89,293fac94214c52c9c7aefeb3f592fcf3de7bc0ed,9d46c455e991d7bc9d636c3e41130fb4fa87e334,9000,cd704e34afcc6060ac56802e6ca5e8fd82b99d057f80f3f0398c1a64d9c8d086,d29f765d714ec3dbcd68e49f1049fc99d261658416ecb163d5bc6abe7dae7451,35347100,5613,594503584,2487688125,301813810,133431,117448704,113147904,0,27624,4096,0,0,117448704,113147904,1292a956b57ae93f91c8e564c8a3e85992a9d76824bc4d74a9dcd62ca8b7e54fd7,12e46728a67084e485f7b47ec5887f6b127fc663edece67a20169b0666c95770fa,True,null,null,null,null,null,4300800,0,1720320,3736644,1721,null,null,null,null,null,null,null,null,null,null,null,null,null,null,null,null,null,null,null,null,null,null,null,null,null,null,null,null,null,null,null,null,null,null,null,null,null,null,null,null,null,null,null,null,null,null,null,null,null,null,null,null,null,null,null,null,null,null,null,null,null,null,null,null,null,null,null,null,null,null,null,null,null,null,null,null,null,null,null,null,null,null,null,null,null,null,null,null,null,null,null,null,null,null,null,null,null,null,null,null,null,null,null,null,null,null,null,null,null,null,null,null,null,null,null,null,null,1613092500,352463583,0,8192,35947000,91324416,91275264,0,3,6015,0,0,0,0,0,25451225,1887,0,0,17717977,0,0,0,0,0,2005,0,0,0,0,0,0,0,0,0,0,0,0,True,271543458,266654584,98304,14229504,35930616,91357184,91258880,130,232,5664,663,50,663,126,16654272,29981259,1856,36,398,16675362,212,12161585,0,1696090,1685,1888,0,0,936714,31417461,0,75349,53,0,5509328,1601770,362,50,True,5582,12593937,1721,3736644,3861,8857293,1721,3736644,0,0,3861,8857293,23,130,371925,72867,703689728,8548583,0,0,0,74260480,99962880,64114688,28672,4096,0,9093120,0,8458240,0,1777,0,0,0,0,0,117829632,113155313,372736,7309,16080896,0,0,0,0,27916182000,421670000,0,0,48928789000,802874000,21012607000,381204000,6588,35347100,1,1,0,0
91,performance acknowledgement before historical verification,measured,deepseek-full/performance-result.json#records/90,81ac6db785e653c757b91a0c36c9bcc50f5c85f2,be99d3bed06f70a9a1a74d0d27a7aefab78e0733,9100,bdddeeca702b7acffe95b1930943230621ad642fa9cdd232dbe07e1035caf8c0,dc84179d7f8102462ebd9eb38348b9bfb8b6007f9237adc5b8f1d10ca67d060b,36248756,5739,692803917,3143394500,311931876,137563,117448704,116871168,0,28533,4096,0,0,117448704,116871168,12e46728a67084e485f7b47ec5887f6b127fc663edece67a20169b0666c95770fa,126da3695c3a1ddf9e1d1889511a6eb10d3ec8726ded9e6c0c755f68ecf4286ec9,True,null,null,null,null,null,577536,0,3723264,10118066,4132,null,null,null,null,null,null,null,null,null,null,null,null,null,null,null,null,null,null,null,null,null,null,null,null,null,null,null,null,null,null,null,null,null,null,null,null,null,null,null,null,null,null,null,null,null,null,null,null,null,null,null,null,null,null,null,null,null,null,null,null,null,null,null,null,null,null,null,null,null,null,null,null,null,null,null,null,null,null,null,null,null,null,null,null,null,null,null,null,null,null,null,null,null,null,null,null,null,null,null,null,null,null,null,null,null,null,null,null,null,null,null,null,null,null,null,null,null,2086158709,582459417,16384,8192,35979768,91357184,91308032,0,5,9498,0,0,0,0,0,37953111,3116,0,0,27392951,0,0,0,0,0,3166,0,0,0,0,0,0,0,0,0,0,0,0,True,356235667,345681667,143360,16293888,35963384,91389952,91291648,85,238,5910,1019,91,1019,120,16654272,30382004,1951,67,1079,17993628,533,31716865,0,3584085,4065,1970,0,0,1237191,48196870,0,128484,98,1,8438672,3435760,1010,91,True,6962,14539673,4132,10118066,2830,4421607,4132,10118066,0,0,2830,4421607,55,226,287448,74253,717203996,8196207,0,0,0,74244096,99962880,64110592,28672,4096,0,9285632,0,8643472,0,1808,0,0,0,0,0,117833728,116878657,376832,7389,18841600,0,0,0,0,28431357000,515175000,0,0,49844124000,915335000,21412767000,400160000,6750,36248756,1,1,0,0
92,performance acknowledgement before historical verification,measured,deepseek-full/performance-result.json#records/91,85a52dbe7828aceb727124ae0d5547020076d33d,18c69aa1ca01065a9a168e5a69dfe12a33d2f965,9200,e1eae5cb4e85dad22242475bae4272a84d20ef8fc93059dd99e0ffe511819c40,2b639f2626511ae1fc8cdd13e58b399be4919223a8668bb058f9fc9972a280ef,35961403,5733,952824959,4441235125,323976752,145595,134225920,122376192,0,29877,4096,0,0,134225920,122376192,126da3695c3a1ddf9e1d1889511a6eb10d3ec8726ded9e6c0c755f68ecf4286ec9,129e0db74733e9789e3a2607a9e323c41fb3326d784652e16b19c90e0162dab3ba,True,null,null,null,null,null,11849728,16777216,5505024,12044876,8032,null,null,null,null,null,null,null,null,null,null,null,null,null,null,null,null,null,null,null,null,null,null,null,null,null,null,null,null,null,null,null,null,null,null,null,null,null,null,null,null,null,null,null,null,null,null,null,null,null,null,null,null,null,null,null,null,null,null,null,null,null,null,null,null,null,null,null,null,null,null,null,null,null,null,null,null,null,null,null,null,null,null,null,null,null,null,null,null,null,null,null,null,null,null,null,null,null,null,null,null,null,null,null,null,null,null,null,null,null,null,null,null,null,null,null,null,null,3003912041,658743374,0,8192,37159416,92487680,92487680,0,17,11205,0,0,0,0,0,46657722,3722,0,0,29826234,0,0,0,0,0,3735,0,0,0,0,0,0,0,0,0,0,0,0,True,476395959,508121166,53248,13971456,37913080,93274112,93241344,124,267,10335,2274,80,2274,103,16654272,52636800,3404,60,2024,30543498,590,39081750,0,5117685,7972,3445,0,0,1210473,39467580,0,113271,82,0,6936976,5011066,1962,80,True,12073,20903861,8032,12044876,4041,8858985,8032,12044876,0,0,4041,8858985,78,323,371636,76896,736669630,8102166,0,0,0,74375168,104919040,64110592,28672,4096,0,9261056,0,8618912,0,1848,0,0,0,0,0,134615040,122383761,380928,7469,28188672,0,0,0,0,29246979000,815622000,0,0,51207468000,1363344000,21960489000,547722000,6724,35961403,1,1,0,0
93,performance acknowledgement before historical verification,measured,deepseek-full/performance-result.json#records/92,4c80cab108166d47f2729c22dcb9298179194361,a279e83b6d1f42f287704d1919f98d23e5f6a1c9,9300,16f42bf07b28e7b70f3541ab41e275480d29a73ce445b620b584d87381d1fce1,21e4d42ac4c08816781e85797148962b6a02cd96cfee658949753856ffb67700,36070440,5738,410674334,1557361708,325070253,145933,134225920,122855424,0,29994,4096,0,0,134225920,122855424,129e0db74733e9789e3a2607a9e323c41fb3326d784652e16b19c90e0162dab3ba,12677f183165ae31c3fd0216c01ad48ff7dc77bed7b609ba43eabfc53c2e33bde8,True,null,null,null,null,null,11370496,0,479232,1093501,338,null,null,null,null,null,null,null,null,null,null,null,null,null,null,null,null,null,null,null,null,null,null,null,null,null,null,null,null,null,null,null,null,null,null,null,null,null,null,null,null,null,null,null,null,null,null,null,null,null,null,null,null,null,null,null,null,null,null,null,null,null,null,null,null,null,null,null,null,null,null,null,null,null,null,null,null,null,null,null,null,null,null,null,null,null,null,null,null,null,null,null,null,null,null,null,null,null,null,null,null,null,null,null,null,null,null,null,null,null,null,null,null,null,null,null,null,null,1008627333,404474666,16384,8192,37945848,93290496,93274112,0,79,17751,0,0,0,0,0,86505050,5908,0,0,44411359,0,0,0,0,0,5917,0,0,0,0,0,0,0,0,0,0,0,0,True,129257041,115070709,0,2564096,37978616,93339648,93306880,15,101,2958,0,65,0,115,14949504,14626764,977,52,67,10529633,90,3881207,0,621323,286,986,0,0,687647,27105999,0,39291,65,0,4701968,432449,15,65,True,1142,2240745,338,1093501,804,1147244,338,1093501,0,0,804,1147244,7,63,268795,76982,738470715,8803000,0,0,0,74784768,104919040,64114688,28672,0,0,9261056,0,8625672,0,1866,0,0,0,0,0,134619136,122863073,385024,7549,3866624,0,0,0,0,29480209000,233230000,0,0,51675121000,467653000,22194912000,234423000,6729,36070440,1,1,0,0
94,performance acknowledgement before historical verification,measured,deepseek-full/performance-result.json#records/93,8a24a6833307c2803ad31ccfe556ce2a76981e3c,41274bddd9ebbad6e82f69f2a7bf5f6340f41752,9400,8d35eb13807fb8d32d001a51e6ffede1545f23a32584956ceb69a5175bb676fb,1f3921077691d9f62dcd736f86779b36016c45cc03c7c5aaebada2f49b7665e1,35569951,5642,689479125,3191993750,326593955,146474,134225920,123658240,0,30190,4096,0,0,134225920,123658240,12677f183165ae31c3fd0216c01ad48ff7dc77bed7b609ba43eabfc53c2e33bde8,12491ab5380b31d5c51263017148cc326a7760477d7f883cad384e9d0936c4b443,True,null,null,null,null,null,10567680,0,802816,1523702,541,null,null,null,null,null,null,null,null,null,null,null,null,null,null,null,null,null,null,null,null,null,null,null,null,null,null,null,null,null,null,null,null,null,null,null,null,null,null,null,null,null,null,null,null,null,null,null,null,null,null,null,null,null,null,null,null,null,null,null,null,null,null,null,null,null,null,null,null,null,null,null,null,null,null,null,null,null,null,null,null,null,null,null,null,null,null,null,null,null,null,null,null,null,null,null,null,null,null,null,null,null,null,null,null,null,null,null,null,null,null,null,null,null,null,null,null,null,2178094083,582335250,16384,8192,38175224,93519872,93503488,0,52,15144,0,0,0,0,0,72423330,4929,0,0,41747655,0,0,0,0,0,5048,0,0,0,0,0,0,0,0,0,0,0,0,True,315705584,309825042,12288,14073856,38207992,93585408,93536256,21,193,11262,1619,29,1619,112,16654272,59240659,3715,18,108,35158189,101,4780586,0,806085,523,3754,0,0,683620,18121791,0,35384,31,0,2992288,762705,90,29,True,8211,12187751,541,1523702,7670,10664049,541,1523702,0,0,7670,10664049,10,80,305682,78714,749525514,8714958,0,0,0,74690560,104919040,64114688,28672,0,0,9170944,0,8519280,0,1897,0,0,0,0,0,134623232,123665969,389120,7629,17547264,0,0,0,0,30019552000,539343000,0,0,52630744000,955623000,22611192000,416280000,6622,35569951,1,1,0,0
95,performance acknowledgement before historical verification,measured,deepseek-full/performance-result.json#records/94,3d30c5eae2705a5ed9b3b1ec41b246c4a4d8db4a,1b391736486923529015b9921088041a422b770d,9500,d264713f496ddf69263849cc6feb6bbf00671fd7c1ae8f7a3967db305545289f,911462b86d2f38e044bd4145fb85fb9ba91abca8d19631db04004a93d1c1dccf,23620798,4002,902975833,4855723833,327427251,146942,134225920,124223488,0,30328,4096,0,0,134225920,124223488,12491ab5380b31d5c51263017148cc326a7760477d7f883cad384e9d0936c4b443,122ee0137faf90527706b8edcc28bec2b8a37449df60dbd871948157bb1c03027b,True,null,null,null,null,null,10002432,0,565248,833296,468,null,null,null,null,null,null,null,null,null,null,null,null,null,null,null,null,null,null,null,null,null,null,null,null,null,null,null,null,null,null,null,null,null,null,null,null,null,null,null,null,null,null,null,null,null,null,null,null,null,null,null,null,null,null,null,null,null,null,null,null,null,null,null,null,null,null,null,null,null,null,null,null,null,null,null,null,null,null,null,null,null,null,null,null,null,null,null,null,null,null,null,null,null,null,null,null,null,null,null,null,null,null,null,null,null,null,null,null,null,null,null,null,null,null,null,null,null,3578600000,1094824458,16384,8192,38322680,93667328,93650944,0,63,26280,0,0,0,0,0,119991495,8600,0,0,69113366,0,0,0,0,0,8760,0,0,0,0,0,0,0,0,0,0,0,0,True,366082208,376209917,143360,22020096,38879736,94208000,94208000,3,265,14169,1945,0,1945,89,16654272,73746004,4682,0,40,40535614,49,2334792,0,534800,468,4723,0,0,0,0,0,0,0,0,0,534800,40,0,True,11171,19630217,468,833296,10703,18796921,468,833296,0,0,10703,18796921,6,108,209763,81156,768043184,8065792,0,0,0,72622080,104919040,64110592,28672,0,0,7168000,0,6525016,0,1943,0,0,0,0,0,134627328,124231297,393216,7709,25927680,0,0,0,0,30881884000,862332000,0,0,54075791000,1445047000,23193907000,582715000,4763,23620798,1,1,0,0
96,performance acknowledgement before historical verification,measured,deepseek-full/performance-result.json#records/95,98f8e53c4826b10a213655fc156be20cfd38d165,dbd42dab87776ffd6a4cda19c7bf46dce924af7e,9600,598812d1b3155ffe1f8604732a92512c3201e6d9f41e4b04c615d66fa0e68b51,04e4e8887010ebb1c1bcb8083be09c3e60cd79b253643fba3cb125854cbfc903,34006771,5429,1200273583,5814014625,329207129,148471,134225920,125333504,0,30599,4096,0,0,134225920,125333504,122ee0137faf90527706b8edcc28bec2b8a37449df60dbd871948157bb1c03027b,121f31b5c84961c771c707159b5c62ab13101fb376c6fbdd2b2c2465e946c564e6,True,null,null,null,null,null,8892416,0,1110016,1779878,1529,null,null,null,null,null,null,null,null,null,null,null,null,null,null,null,null,null,null,null,null,null,null,null,null,null,null,null,null,null,null,null,null,null,null,null,null,null,null,null,null,null,null,null,null,null,null,null,null,null,null,null,null,null,null,null,null,null,null,null,null,null,null,null,null,null,null,null,null,null,null,null,null,null,null,null,null,null,null,null,null,null,null,null,null,null,null,null,null,null,null,null,null,null,null,null,null,null,null,null,null,null,null,null,null,null,null,null,null,null,null,null,null,null,null,null,null,null,4051624708,1123013125,0,8192,39027192,94371840,94355456,0,84,26589,0,0,0,0,0,117036246,8782,0,0,67911615,0,0,0,0,0,8863,0,0,0,0,0,0,0,0,0,0,0,0,True,552642958,557524416,114688,34480128,40714744,96075776,96043008,32,290,19701,1899,8,1899,92,16654272,105524637,6503,2,99,59611252,110,5705247,0,1012936,1527,6567,0,0,132411,9354791,0,32081,9,4,1618592,1011752,93,8,True,17183,30142729,1529,1779878,15654,28362851,1529,1779878,0,0,15654,28362851,13,197,256035,84942,796336177,9473376,0,0,0,75849728,104919040,65953792,28672,4096,0,8933376,0,8290040,0,1994,0,0,0,0,0,134631424,125341393,397312,7789,39129088,0,0,0,0,31933819000,1051935000,0,0,55798689000,1722898000,23864870000,670963000,6404,34006771,1,1,0,0
97,performance acknowledgement before historical verification,measured,deepseek-full/performance-result.json#records/96,abd2e2973bcd569176d886be05425c631e5aa256,c5610a1dbf78bad04806e195b620c3c1d793c817,9700,27c01b216f50b33f2d2efbfc8ba739a4785adcc875019508915179cd1ce40262,4a1b592ebc6230eb7b50375977ef5251abaeea3cd27d8032953ed754e20636ee,37903502,6029,1166901459,5765017708,344657796,154937,134225920,131186688,0,32028,4096,0,0,134225920,131186688,121f31b5c84961c771c707159b5c62ab13101fb376c6fbdd2b2c2465e946c564e6,12b755799cd78f8902201a8d3788847a378bcf8000be954496c972e167502dbbb3,True,null,null,null,null,null,3039232,0,5853184,15450667,6466,null,null,null,null,null,null,null,null,null,null,null,null,null,null,null,null,null,null,null,null,null,null,null,null,null,null,null,null,null,null,null,null,null,null,null,null,null,null,null,null,null,null,null,null,null,null,null,null,null,null,null,null,null,null,null,null,null,null,null,null,null,null,null,null,null,null,null,null,null,null,null,null,null,null,null,null,null,null,null,null,null,null,null,null,null,null,null,null,null,null,null,null,null,null,null,null,null,null,null,null,null,null,null,null,null,null,null,null,null,null,null,null,null,null,null,null,null,3961133625,1017289333,0,8192,39551480,96124928,96108544,0,24,19134,0,0,0,0,0,78118969,6332,0,0,54457433,0,0,0,0,0,6378,0,0,0,0,0,0,0,0,0,0,0,0,True,627476541,650619500,90112,30855168,39846392,96436224,96403456,376,261,12159,2603,91,2603,102,16654272,65177592,4000,48,1625,36928064,777,48803023,0,5599644,6418,4053,0,0,1561939,63921003,0,168631,97,11,11281360,5478867,1562,91,True,15964,27780592,6466,15450667,9498,12329925,6466,15450667,0,0,9498,12329925,86,288,317713,88484,822407963,9506083,0,0,0,78032896,113434624,66953216,28672,0,0,9654272,0,9008936,0,2044,0,0,0,0,0,134635520,131194657,401408,7869,36876288,0,0,0,0,33039189000,1105370000,0,0,57534425000,1735736000,24495235000,630365000,7057,37903502,1,1,0,0
98,performance acknowledgement before historical verification,measured,deepseek-full/performance-result.json#records/97,768e2e866fa7681107aff90e055e023c44116957,449e9b417a2c7d37bd0245faf34040c236619d79,9800,347bde7537224be35e531caef752a217f3e7777419586c830f162aa629320aa7,61cbe1dc84e80d4f3dc28d72900f2172cb5231af2d553ffc8efdf7070db3a8b1,38061905,6048,393003708,1583469250,345922447,155434,134225920,131747840,0,32165,4096,0,0,134225920,131747840,12b755799cd78f8902201a8d3788847a378bcf8000be954496c972e167502dbbb3,12409cae41bbab8b6f724655b5691964fe27970b9ccde9f5a66a41f4d85c326c32,True,null,null,null,null,null,2478080,0,561152,1264651,497,null,null,null,null,null,null,null,null,null,null,null,null,null,null,null,null,null,null,null,null,null,null,null,null,null,null,null,null,null,null,null,null,null,null,null,null,null,null,null,null,null,null,null,null,null,null,null,null,null,null,null,null,null,null,null,null,null,null,null,null,null,null,null,null,null,null,null,null,null,null,null,null,null,null,null,null,null,null,null,null,null,null,null,null,null,null,null,null,null,null,null,null,null,null,null,null,null,null,null,null,null,null,null,null,null,null,null,null,null,null,null,null,null,null,null,null,null,1050015875,453489958,4096,8192,39895544,96468992,96452608,0,73,20136,0,0,0,0,0,94889524,6693,0,0,50041104,0,0,0,0,0,6712,0,0,0,0,0,0,0,0,0,0,0,0,True,130646833,119404084,8192,2535424,39879160,96518144,96436224,27,106,2547,22,76,22,117,16654272,12832111,843,64,112,8441675,98,4215086,0,664488,433,849,0,0,725147,19678838,0,34395,77,0,3152656,529275,48,76,True,1421,2258369,497,1264651,924,993718,497,1264651,0,0,924,993718,9,96,270393,88605,824152537,9802834,0,0,0,77860864,113434624,67317760,28672,0,0,9695232,0,9042120,0,2064,0,0,0,0,0,134639616,131755889,405504,7949,4022272,0,0,0,0,33261805000,222616000,0,0,58008366000,473941000,24746561000,251326000,7079,38061905,1,1,0,0
99,performance acknowledgement before historical verification,measured,deepseek-full/performance-result.json#records/98,2e943a16432e4572c87783efc43d0d7272daa64d,ca79ac2771db6110d1585a061b09242c2f46af8f,9900,cc0cb42c8c7cf7de5b91328342e3c9a4e62eea284b21ba38dce87de03f99b04e,ef8fa70c7db8311430d56c5dcea5a896b880fb441116f1835792b194a93879e2,36794629,5879,494625666,2102539791,349312138,156272,134225920,133091328,0,32493,4096,0,0,134225920,133091328,12409cae41bbab8b6f724655b5691964fe27970b9ccde9f5a66a41f4d85c326c32,12fb0e448915b537f8961432d6b38c245e1e7f418b873bf9329b3adc0146da2e94,True,null,null,null,null,null,1134592,0,1343488,3389691,838,null,null,null,null,null,null,null,null,null,null,null,null,null,null,null,null,null,null,null,null,null,null,null,null,null,null,null,null,null,null,null,null,null,null,null,null,null,null,null,null,null,null,null,null,null,null,null,null,null,null,null,null,null,null,null,null,null,null,null,null,null,null,null,null,null,null,null,null,null,null,null,null,null,null,null,null,null,null,null,null,null,null,null,null,null,null,null,null,null,null,null,null,null,null,null,null,null,null,null,null,null,null,null,null,null,null,null,null,null,null,null,null,null,null,null,null,null,1385389083,413128583,4096,8192,40026616,96600064,96583680,0,56,16395,0,0,0,0,0,73717857,5346,0,0,42604418,0,0,0,0,0,5465,0,0,0,0,0,0,0,0,0,0,0,0,True,213637000,205237501,24576,10588160,40059384,96681984,96616448,1,130,5172,512,58,512,119,16654272,27423803,1708,37,201,15460332,213,10614462,0,1408159,801,1724,0,0,1099807,31221497,0,44222,58,0,5127024,1274805,164,58,True,3744,9174698,838,3389691,2906,5785007,838,3389691,0,0,2906,5785007,17,79,327321,89219,832684617,8888042,0,0,0,77856768,113434624,67473408,28672,0,0,9474048,0,8830704,0,2088,0,0,0,0,0,134643712,133099457,409600,8029,11849728,0,0,0,0,33599393000,337588000,0,0,58647264000,638898000,25047871000,301310000,6878,36794629,1,1,0,0
100,performance acknowledgement before historical verification,measured,deepseek-full/performance-result.json#records/99,49dff10abd50452666f994714eec298974738aa6,d0043d4a2e0d1e765b2d12e93c107686ea8c79cd,10000,d5139a24ac46f59c306deb486b2f45dc39b196c02911eb6498e54a2a55dec3c5,91f49cf2797ef93a4018fd825a52be39652f893e49949d989d22830c4e556847,39891045,6251,800013667,3389278792,359871513,161181,151003136,137605120,0,33595,4096,0,0,151003136,137605120,12fb0e448915b537f8961432d6b38c245e1e7f418b873bf9329b3adc0146da2e94,129881a399922a6ff1ab0f1e7a8ca2dea00b85fa4bb9e7095be63b6363e365e722,True,null,null,null,null,null,13398016,16777216,4513792,10559375,4909,null,null,null,null,null,null,null,null,null,null,null,null,null,null,null,null,null,null,null,null,null,null,null,null,null,null,null,null,null,null,null,null,null,null,null,null,null,null,null,null,null,null,null,null,null,null,null,null,null,null,null,null,null,null,null,null,null,null,null,null,null,null,null,null,null,null,null,null,null,null,null,null,null,null,null,null,null,null,null,null,null,null,null,null,null,null,null,null,null,null,null,null,null,null,null,null,null,null,null,null,null,null,null,null,null,null,null,null,null,null,null,null,null,null,null,null,null,2171859500,590914168,4096,8192,40190456,96763904,96747520,0,14,13164,0,0,0,0,0,60023545,4253,0,0,35829820,0,0,0,0,0,4388,0,0,0,0,0,0,0,0,0,0,0,0,True,407954875,390967084,81920,19214336,40206840,96829440,96763904,357,219,4623,1041,90,1041,118,16654272,25128561,1509,61,1221,13124805,544,34020707,0,4360619,4848,1541,0,0,1363782,54014378,0,133084,94,4,9652448,4227347,1155,90,True,8104,17219197,4909,10559375,3195,6659822,4909,10559375,0,0,3195,6659822,60,243,322541,90821,848788493,9450750,0,0,0,78491648,113434624,67473408,28672,0,0,9973760,0,9324784,0,2121,0,0,0,0,0,151425024,137613329,413696,8109,21999616,0,0,0,0,34108445000,509052000,0,0,59592001000,944737000,25483556000,435685000,7314,39891045,1,1,0,0
101,performance acknowledgement before historical verification,measured,deepseek-full/performance-result.json#records/100,32bce339da84917b696f1387d8e7e8417c73c27d,55cecfd17f446e6f04c74ec4d094d57e5c9fa801,10100,1da3847eb66d3d7beeda844e6fcb62e25cf1bc352a8b82251930695780ec6c3d,69eb752365b43a16088f037635234588d43147e9f723dd6f1644a37b1eb0e674,40562502,6355,535697959,2231480709,367297621,164163,151003136,140398592,0,34277,4096,0,0,151003136,140398592,129881a399922a6ff1ab0f1e7a8ca2dea00b85fa4bb9e7095be63b6363e365e722,1270318ae0f32b7fab93ab98f9326ea4ff8b611a8c7d849e5d9cc763a43c0d25c0,True,null,null,null,null,null,10604544,0,2793472,7426108,2982,null,null,null,null,null,null,null,null,null,null,null,null,null,null,null,null,null,null,null,null,null,null,null,null,null,null,null,null,null,null,null,null,null,null,null,null,null,null,null,null,null,null,null,null,null,null,null,null,null,null,null,null,null,null,null,null,null,null,null,null,null,null,null,null,null,null,null,null,null,null,null,null,null,null,null,null,null,null,null,null,null,null,null,null,null,null,null,null,null,null,null,null,null,null,null,null,null,null,null,null,null,null,null,null,null,null,null,null,null,null,null,null,null,null,null,null,null,1383135416,408158084,0,8192,38109688,96829440,96796672,0,13,9852,0,0,0,0,0,43649200,3277,0,0,26996169,0,0,0,0,0,3284,0,0,0,0,0,0,0,0,0,0,0,0,True,303450750,285365834,45056,10584064,38093304,96878592,96780288,137,225,3528,463,161,463,153,16654272,18189236,1171,109,767,11092031,435,24138780,0,2983587,2873,1176,0,0,2471191,85824291,0,112956,162,0,15165232,2609093,658,161,True,4171,9127304,2982,7426108,1189,1701196,2982,7426108,0,0,1189,1701196,42,157,324173,91513,857147061,9196584,0,0,0,78737408,113434624,67473408,28672,0,0,10125312,0,9468352,0,2144,0,0,0,0,0,151429120,140406881,417792,8189,12042240,0,0,0,0,34444614000,336169000,0,0,60243498000,651497000,25798884000,315328000,7435,40562502,1,1,0,0
102,performance acknowledgement before historical verification,measured,deepseek-full/performance-result.json#records/101,33312c6a89e2c4c7efd7b067d88506df2a9d982f,559e6eee4defa4bcafc5b78215beaf9e9a1c2d9e,10200,8498a8e45b5e094b45439764755782c6593ea48fb819e47dc0857eab5f88fda2,104208fefdbf21d03162af21b8c7135e8142fab2421acaa9f6ee87679a4ebe0b,40931241,6389,394716875,1430435333,370026792,165001,151003136,141361152,0,34512,4096,0,0,151003136,141361152,1270318ae0f32b7fab93ab98f9326ea4ff8b611a8c7d849e5d9cc763a43c0d25c0,121c42493b914039e59b55b1c174e5064d77e71753f5d187dbaa665aa3b23ab0da,True,null,null,null,null,null,9641984,0,962560,2729171,838,null,null,null,null,null,null,null,null,null,null,null,null,null,null,null,null,null,null,null,null,null,null,null,null,null,null,null,null,null,null,null,null,null,null,null,null,null,null,null,null,null,null,null,null,null,null,null,null,null,null,null,null,null,null,null,null,null,null,null,null,null,null,null,null,null,null,null,null,null,null,null,null,null,null,null,null,null,null,null,null,null,null,null,null,null,null,null,null,null,null,null,null,null,null,null,null,null,null,null,null,null,null,null,null,null,null,null,null,null,null,null,null,null,null,null,null,null,831659584,213066709,0,8192,38126072,96878592,96813056,0,8,4545,0,0,0,0,0,19426440,1509,0,0,13357759,0,0,0,0,0,1515,0,0,0,0,0,0,0,0,0,0,0,0,True,194850500,182232250,4096,4100096,38109688,96878592,96796672,47,218,3006,74,129,74,152,16654272,14582776,990,84,216,9422515,205,9007295,0,1211275,754,1002,0,0,1968570,74104455,0,92904,130,4,12817760,904316,128,129,True,1967,3879511,838,2729171,1129,1150340,838,2729171,0,0,1129,1150340,16,89,302903,91708,860390335,9208374,0,0,0,79024128,113434624,67473408,28672,0,0,10170368,0,9524464,0,2162,0,0,0,0,0,151433216,141369521,421888,8269,5836800,0,0,0,0,34633787000,189173000,0,0,60685773000,442275000,26051985000,253101000,7481,40931241,1,1,0,0
103,performance acknowledgement before historical verification,measured,deepseek-full/performance-result.json#records/102,a0d48c9c874e5de8fb4c4e78e44ec98d75e8699a,0b487d67ca096f0c237e62e14cf3be67108334f3,10300,92d767e0a6e2291ac842d5fc9ad31f1bec5f60bee79158bbc317af9ef924ab54,4908dce2941a567ad09712c5242f9f1f2cbde3a03f6400ed995f25ac401efe5c,42098384,6492,854385708,3771664084,382070154,172815,151003136,147066880,0,35905,4096,0,0,151003136,147066880,121c42493b914039e59b55b1c174e5064d77e71753f5d187dbaa665aa3b23ab0da,12e16cd87c64065b6952bd0a2589d10f7cbb6b6bec1374c4a7d8a43ab141d152cb,True,null,null,null,null,null,3936256,0,5705728,12043362,7814,null,null,null,null,null,null,null,null,null,null,null,null,null,null,null,null,null,null,null,null,null,null,null,null,null,null,null,null,null,null,null,null,null,null,null,null,null,null,null,null,null,null,null,null,null,null,null,null,null,null,null,null,null,null,null,null,null,null,null,null,null,null,null,null,null,null,null,null,null,null,null,null,null,null,null,null,null,null,null,null,null,null,null,null,null,null,null,null,null,null,null,null,null,null,null,null,null,null,null,null,null,null,null,null,null,null,null,null,null,null,null,null,null,null,null,null,null,2486045959,569309458,4096,8192,38142456,96878592,96829440,0,16,8235,0,0,0,0,0,35527176,2633,0,0,23867318,0,0,0,0,0,2745,0,0,0,0,0,0,0,0,0,0,0,0,True,420974875,433023833,40960,17813504,38158840,96976896,96845824,361,238,6489,1420,110,1420,113,16654272,34907282,2141,84,1929,20134398,609,39003915,0,5454472,7730,2163,0,0,1524160,44327499,0,110181,112,1,7731232,5294581,1844,110,True,10202,15522919,7814,12043362,2388,3479557,7814,12043362,0,0,2388,3479557,77,300,313912,93859,874694679,10257542,0,0,0,78745600,113434624,67473408,28672,4096,0,10297344,0,9645544,0,2196,0,0,0,0,0,151437312,147075329,425984,8349,22212608,0,0,0,0,35271103000,637316000,0,0,61823304000,1137531000,26552200000,500215000,7588,42098384,1,1,0,0
104,performance acknowledgement before historical verification,measured,deepseek-full/performance-result.json#records/103,bf385263548f0da09ab1c18361aedc9f4ed61936,7653c999f171a62978612c3103bad2e5d51c5f37,10400,d20a3ecbff47e3287ba3694568a2124580b200a9f2491bc0bca81c93acf54412,d62531cb97c0e100c90446184b7b8d01bfc16ed942415a5897225588596276bc,42528634,6551,741814875,3990544750,399582481,180670,167780352,154689536,0,37766,4096,0,0,167780352,154689536,12e16cd87c64065b6952bd0a2589d10f7cbb6b6bec1374c4a7d8a43ab141d152cb,12c2581ec2d280d34cfdcc4dfcfebe3d1566b07e19202a1aeb18df5f61b7972a44,True,null,null,null,null,null,13090816,16777216,7622656,17512327,7855,null,null,null,null,null,null,null,null,null,null,null,null,null,null,null,null,null,null,null,null,null,null,null,null,null,null,null,null,null,null,null,null,null,null,null,null,null,null,null,null,null,null,null,null,null,null,null,null,null,null,null,null,null,null,null,null,null,null,null,null,null,null,null,null,null,null,null,null,null,null,null,null,null,null,null,null,null,null,null,null,null,null,null,null,null,null,null,null,null,null,null,null,null,null,null,null,null,null,null,null,null,null,null,null,null,null,null,null,null,null,null,null,null,null,null,null,null,2784129166,872745083,0,8192,37683704,97009664,96976896,0,41,25197,0,0,0,0,0,113420250,8369,0,0,69367225,0,0,0,0,0,8399,0,0,0,0,0,0,0,0,0,0,0,0,True,453284458,457491208,73728,22245376,37700088,97091584,96993280,82,257,5115,1738,117,1738,132,16654272,25689429,1688,87,2069,15330779,875,57628883,0,7287198,7768,1705,0,0,1425901,60564543,0,117939,122,0,10684896,7043107,1982,117,True,9165,20122208,7855,17512327,1310,2609881,7855,17512327,0,0,1310,2609881,103,297,287129,95768,893645064,11316251,0,0,0,78856192,113434624,67469312,28672,4096,0,10383360,0,9725752,0,2234,0,0,0,0,0,168218624,154698065,430080,8429,25821184,0,0,0,0,35947645000,676542000,0,0,62963691000,1140387000,27016045000,463845000,7651,42528634,1,1,0,0
105,performance acknowledgement before historical verification,measured,deepseek-full/performance-result.json#records/104,5ba7455091ba046c9b89cf550e0ea4fb63e4e227,f9a2b7ac0069fdd54ccca2744c96f0dd8fc4090b,10500,555dfd5c4e7f87aadabe5ba75f70474f5020dbd898cb3e23bcff5ff0def02342,007f1b813680635ef675897063fe6647aa35ba5cd596a340836da630552cb119,42587599,6554,394580625,1436483083,401180148,181113,167780352,155217920,0,37895,4096,0,0,167780352,155217920,12c2581ec2d280d34cfdcc4dfcfebe3d1566b07e19202a1aeb18df5f61b7972a44,12d7f71a2c5c31de753acf8accca789d2de72980f4bfa93d735c1450a36efb8ad7,True,null,null,null,null,null,12562432,0,528384,1597667,443,null,null,null,null,null,null,null,null,null,null,null,null,null,null,null,null,null,null,null,null,null,null,null,null,null,null,null,null,null,null,null,null,null,null,null,null,null,null,null,null,null,null,null,null,null,null,null,null,null,null,null,null,null,null,null,null,null,null,null,null,null,null,null,null,null,null,null,null,null,null,null,null,null,null,null,null,null,null,null,null,null,null,null,null,null,null,null,null,null,null,null,null,null,null,null,null,null,null,null,null,null,null,null,null,null,null,null,null,null,null,null,null,null,null,null,null,null,897936875,304734708,0,8192,37716472,97091584,97009664,0,15,8052,0,0,0,0,0,34160858,2671,0,0,21054081,0,0,0,0,0,2684,0,0,0,0,0,0,0,0,0,0,0,0,True,134380041,123829626,20480,3268608,37700088,97091584,96993280,3,134,2316,27,90,27,138,16654272,11773351,765,69,102,7124422,123,5163667,0,726959,374,772,0,0,1014834,39179165,0,49234,90,0,6940464,498475,33,90,True,1238,2887631,443,1597667,795,1289964,443,1597667,0,0,795,1289964,9,55,254215,95877,896105073,9585542,0,0,0,79155200,113434624,67469312,28672,4096,0,10379264,0,9727968,0,2252,0,0,0,0,0,168222720,155226529,434176,8509,4853760,0,0,0,0,36135293000,187648000,0,0,63394787000,431096000,27259494000,243449000,7656,42587599,1,1,0,0
106,performance acknowledgement before historical verification,measured,deepseek-full/performance-result.json#records/105,f1f7a0cbaf7a0c9f313ba7226643ed4cf85d6b71,3e707696155a6d7854df07f0a7f5ee7066f093fa,10600,d5ab3ef25bff2f339ad3c1e8f639c4be0267cb71d4763f637784b27df2875a37,a9963be9d73deae46d3e681d93ad2bbc938e3298e1f6c1b915d002385408a0cc,38527023,6121,1203369167,5802725875,403779985,182418,167780352,156487680,0,38205,4096,0,0,167780352,156487680,12d7f71a2c5c31de753acf8accca789d2de72980f4bfa93d735c1450a36efb8ad7,12e36ff2163630c057b3d78deff21a48e067123cc5083e2723e39f7f55927f3ad9,True,null,null,null,null,null,11292672,0,1269760,2599837,1305,null,null,null,null,null,null,null,null,null,null,null,null,null,null,null,null,null,null,null,null,null,null,null,null,null,null,null,null,null,null,null,null,null,null,null,null,null,null,null,null,null,null,null,null,null,null,null,null,null,null,null,null,null,null,null,null,null,null,null,null,null,null,null,null,null,null,null,null,null,null,null,null,null,null,null,null,null,null,null,null,null,null,null,null,null,null,null,null,null,null,null,null,null,null,null,null,null,null,null,null,null,null,null,null,null,null,null,null,null,null,null,null,null,null,null,null,null,4056036792,1018482376,0,8192,37732856,97091584,97026048,0,76,21573,0,0,0,0,0,100963083,7081,0,0,55186235,0,0,0,0,0,7191,0,0,0,0,0,0,0,0,0,0,0,0,True,532215625,545312833,77824,30822400,37765624,97107968,97058816,94,207,19959,2548,26,2548,116,16654272,106847463,6599,16,190,59481627,159,8384004,0,1206850,1289,6653,0,0,642066,12729625,0,17756,29,1,2131824,1164306,173,26,True,15466,27804937,1305,2599837,14161,25205100,1305,2599837,0,0,14161,25205100,15,161,312383,99256,922207193,11104291,0,0,0,78319616,113774592,67473408,28672,8192,0,9887744,0,9236048,0,2303,0,0,0,0,0,168226816,156496369,438272,8589,36782080,0,0,0,0,37170122000,1034829000,0,0,65080504000,1685717000,27910382000,650888000,7181,38527023,1,1,0,0
107,performance acknowledgement before historical verification,measured,deepseek-full/performance-result.json#records/106,deb7344383837c310879135af2f6fbe2fd7929b3,a5dbcc418771bdf05126df30910ef8332b75a091,10700,25687436629376239aed7063d80d92e26db590af07b3229e112d75799c5f7728,a96acfcd96803783863a1484ba5860e17ed99600c59a28be29d1796830b9ca72,41137249,6467,798957584,3870768750,407565005,183953,167780352,158167040,0,38615,4096,0,0,167780352,158167040,12e36ff2163630c057b3d78deff21a48e067123cc5083e2723e39f7f55927f3ad9,12c789aad70fc921e997db75d689e8a99ea9240c41a5d5a29b72d776f7b330e14c,True,null,null,null,null,null,9613312,0,1679360,3785020,1535,null,null,null,null,null,null,null,null,null,null,null,null,null,null,null,null,null,null,null,null,null,null,null,null,null,null,null,null,null,null,null,null,null,null,null,null,null,null,null,null,null,null,null,null,null,null,null,null,null,null,null,null,null,null,null,null,null,null,null,null,null,null,null,null,null,null,null,null,null,null,null,null,null,null,null,null,null,null,null,null,null,null,null,null,null,null,null,null,null,null,null,null,null,null,null,null,null,null,null,null,null,null,null,null,null,null,null,null,null,null,null,null,null,null,null,null,null,2703808334,972242792,0,8192,37929464,97239040,97222656,0,91,35682,0,0,0,0,0,165316660,11813,0,0,94854509,0,0,0,0,0,11894,0,0,0,0,0,0,0,0,0,0,0,0,True,357196833,345403916,57344,19263488,37913080,97320960,97206272,54,180,7707,1100,41,1100,120,16654272,40930743,2548,25,300,24183876,216,12517083,0,1639165,1510,2569,0,0,837665,23205831,0,40709,41,0,3911456,1571680,275,41,True,8362,17252538,1535,3785020,6827,13467518,1535,3785020,0,0,6827,13467518,21,137,322817,100916,938260281,10805999,0,0,0,78958592,113774592,67473408,28672,12288,0,10317824,0,9671200,0,2340,0,0,0,0,0,168230912,158175809,442368,8669,22188032,0,0,0,0,37769717000,599595000,0,0,66126184000,1045680000,28356467000,446085000,7584,41137249,1,1,0,0
108,performance acknowledgement before historical verification,measured,deepseek-full/performance-result.json#records/107,fa591b5ebd73e32878e924c717fcb238746c54c6,5a18c2f9f85b01f4119a045a4f0edc91790b9d87,10800,adb0a04aa709de1654c15e73a5140a77cdf2ada2b95ff196e66357ff51e04252,a54dfbe03aae5abef64b22f4d0f8a92415c7bbfbd75233445ce62f7dc4b38834,39850762,6257,592158500,2744921750,410243253,184910,167780352,159444992,0,38927,4096,0,0,167780352,159444992,12c789aad70fc921e997db75d689e8a99ea9240c41a5d5a29b72d776f7b330e14c,12582dc1c65f22ea96812020f599dfe4dc1564602bf1bebc248a7771cea1861c85,True,null,null,null,null,null,8335360,0,1277952,2678248,957,null,null,null,null,null,null,null,null,null,null,null,null,null,null,null,null,null,null,null,null,null,null,null,null,null,null,null,null,null,null,null,null,null,null,null,null,null,null,null,null,null,null,null,null,null,null,null,null,null,null,null,null,null,null,null,null,null,null,null,null,null,null,null,null,null,null,null,null,null,null,null,null,null,null,null,null,null,null,null,null,null,null,null,null,null,null,null,null,null,null,null,null,null,null,null,null,null,null,null,null,null,null,null,null,null,null,null,null,null,null,null,null,null,null,null,null,null,1881224666,547085958,0,8192,37929464,97320960,97222656,0,19,16890,0,0,0,0,0,72132760,5572,0,0,46896905,0,0,0,0,0,5630,0,0,0,0,0,0,0,0,0,0,0,0,True,261945417,256953626,40960,6434816,37929464,97320960,97222656,41,158,7806,820,40,820,133,16654272,40459360,2569,26,211,23040528,158,9448335,0,1266793,931,2602,0,0,890520,16976705,0,37262,41,2,2830432,1207456,183,40,True,5454,12045406,957,2678248,4497,9367158,957,2678248,0,0,4497,9367158,16,85,301843,101918,949415959,9593167,0,0,0,78536704,113774592,67473408,28672,12288,0,10039296,0,9395088,0,2369,0,0,0,0,0,168235008,159453841,446464,8749,15663104,0,0,0,0,38224474000,454757000,0,0,66966516000,840332000,28742042000,385575000,7326,39850762,1,1,0,0
109,performance acknowledgement before historical verification,measured,deepseek-full/performance-result.json#records/108,22e48c19534e5ad529abdd6d5f57ce255b62aac9,596bcf77783560aabc5eca9bdd4159bdcd8a65d7,10900,befb19df606b6bfc422a0848b981dd5cd44ff082845da4fe2464f78414f92c0a,b7c72038faa63ef9291e6a623b63f5ff0a10bb24247c07f31a0e24a01330b112,27578672,4805,1002468042,5268384542,413154686,186175,167780352,160780288,0,39253,4096,0,0,167780352,160780288,12582dc1c65f22ea96812020f599dfe4dc1564602bf1bebc248a7771cea1861c85,12e3f58fe6fedaacbfb90649f5477d7dc67dab2bd822b5dacbc48121a83ad44879,True,null,null,null,null,null,7000064,0,1335296,2911433,1265,null,null,null,null,null,null,null,null,null,null,null,null,null,null,null,null,null,null,null,null,null,null,null,null,null,null,null,null,null,null,null,null,null,null,null,null,null,null,null,null,null,null,null,null,null,null,null,null,null,null,null,null,null,null,null,null,null,null,null,null,null,null,null,null,null,null,null,null,null,null,null,null,null,null,null,null,null,null,null,null,null,null,null,null,null,null,null,null,null,null,null,null,null,null,null,null,null,null,null,null,null,null,null,null,null,null,null,null,null,null,null,null,null,null,null,null,null,3768525000,925304708,4096,8192,37323256,97320960,97255424,0,21,15963,0,0,0,0,0,67335673,5212,0,0,41602863,0,0,0,0,0,5321,0,0,0,0,0,0,0,0,0,0,0,0,True,486310458,490351667,172032,25518080,37339640,97337344,97271808,47,255,17418,2648,23,2648,95,16654272,91685311,5755,14,235,51279560,162,9335545,0,1252241,1251,5806,0,0,599876,10985044,0,24035,23,1,1788144,1234493,220,23,True,13823,22768591,1265,2911433,12558,19857158,1265,2911433,0,0,12558,19857158,17,141,294789,104968,970679666,11081042,0,0,0,77230080,113774592,67473408,28672,12288,0,8396800,0,7740744,0,2417,0,0,0,0,0,168239104,160789217,450560,8829,30584832,0,0,0,0,39232876000,1008402000,0,0,68635574000,1669058000,29402698000,660656000,5696,27578672,1,1,0,0
110,performance acknowledgement before historical verification,measured,deepseek-full/performance-result.json#records/109,ef35c7f3b227b0640097e8d8c6ffd37bd5c3e323,349e26110ec458b4a64fa0120f0b76b94d617252,11000,eb7e73d458dda8bf30dce29f43959497eb96a2b4167a9ee57590abb43378102c,f755562b863b642e8967922503e17acc715e39cce635e3d30329619f634ce102,44109791,6781,1658291166,8372861084,421491653,190526,167780352,164392960,0,40135,4096,0,0,167780352,164392960,12e3f58fe6fedaacbfb90649f5477d7dc67dab2bd822b5dacbc48121a83ad44879,127feb3e7ba1413ed6cbd12ce8b1199d38e5556a1b69a03bde2ed07117abcb4360,True,null,null,null,null,null,3387392,0,3612672,8336967,4351,null,null,null,null,null,null,null,null,null,null,null,null,null,null,null,null,null,null,null,null,null,null,null,null,null,null,null,null,null,null,null,null,null,null,null,null,null,null,null,null,null,null,null,null,null,null,null,null,null,null,null,null,null,null,null,null,null,null,null,null,null,null,null,null,null,null,null,null,null,null,null,null,null,null,null,null,null,null,null,null,null,null,null,null,null,null,null,null,null,null,null,null,null,null,null,null,null,null,null,null,null,null,null,null,null,null,null,null,null,null,null,null,null,null,null,null,null,5817627375,1508391000,4096,8192,37388792,97337344,97320960,0,127,35244,0,0,0,0,0,156888039,11703,0,0,89919833,0,0,0,0,0,11748,0,0,0,0,0,0,0,0,0,0,0,0,True,884888250,902369084,49152,48766976,40239632,100188160,100155392,315,348,25698,2673,57,2673,95,16654272,138182900,8436,11,730,76044887,444,27155838,0,3359659,4340,8566,0,0,1198613,61595667,0,135835,58,22,10485040,3341541,696,57,True,25135,43138832,4351,8336967,20784,34801865,4351,8336967,0,0,20784,34801865,46,275,333156,110563,1011359286,12054293,0,0,0,79585280,114651136,67473408,28672,0,0,10698752,0,10050112,0,2487,0,0,0,0,0,168243200,164401969,454656,8909,56578048,0,0,0,0,40823331000,1590455000,0,0,71126081000,2490507000,30302749000,900051000,7934,44109791,1,1,0,0
111,performance acknowledgement before historical verification,measured,deepseek-full/performance-result.json#records/110,4bee3f73ef887f35825fc8b155a0d6e36646d1f1,f5814e5d96b09c77cf2edbe8aebc10f74cbd15d7,11100,0fd9775afc6decbba7ebf9d2ecd5335dd0b6f41958b2103259301c9648d3bcaa,17c1af03cca6ff8f36d17caaf82f435274de160dfee2b51d25cfa7692ab2fcd0,44387600,6828,654302708,2855017750,429552948,193847,184557568,167784448,0,40963,4096,0,0,184557568,167784448,127feb3e7ba1413ed6cbd12ce8b1199d38e5556a1b69a03bde2ed07117abcb4360,12f62bfdd3a4ac5279ccad363ea185178759493a04d0a453f94b5f803809a60e75,True,null,null,null,null,null,16773120,16777216,3391488,8061295,3321,null,null,null,null,null,null,null,null,null,null,null,null,null,null,null,null,null,null,null,null,null,null,null,null,null,null,null,null,null,null,null,null,null,null,null,null,null,null,null,null,null,null,null,null,null,null,null,null,null,null,null,null,null,null,null,null,null,null,null,null,null,null,null,null,null,null,null,null,null,null,null,null,null,null,null,null,null,null,null,null,null,null,null,null,null,null,null,null,null,null,null,null,null,null,null,null,null,null,null,null,null,null,null,null,null,null,null,null,null,null,null,null,null,null,null,null,null,1876365875,698765792,0,8192,40272400,100220928,100188160,0,80,34896,0,0,0,0,0,164594915,11577,0,0,94382299,0,0,0,0,0,11632,0,0,0,0,0,0,0,0,0,0,0,0,True,312967125,300693750,16384,11497472,40288784,100286464,100204544,48,184,5190,647,109,647,126,16654272,25482340,1722,81,856,17035747,436,27045335,0,3416669,3240,1730,0,0,1418860,51835754,0,90786,110,0,8962512,3174932,775,109,True,4601,9953473,3321,8061295,1280,1892178,3321,8061295,0,0,1280,1892178,46,176,292272,111350,1020467652,11382042,0,0,0,79446016,114651136,67473408,28672,0,0,10772480,0,10121368,0,2517,0,0,0,0,0,185024512,167793537,458752,8989,13299712,0,0,0,0,41292486000,469155000,0,0,71974304000,848223000,30681817000,379068000,7992,44387600,1,1,0,0
112,performance acknowledgement before historical verification,measured,deepseek-full/performance-result.json#records/111,18328ce615fb7a2e1defd1bce911f50f68ec1c61,b94187e4f0b3f8aef396a29ad49e8b3f287a8cdb,11200,10fa06e23409a82fa2351e7b14d728bc5beed25dddb319e7771d6a3823b4d6ad,11ad8e82cb9e1fbedd4f196eb43c16e87686c74e4fc789c549eaa13baf36851c,44749450,6859,787597834,4205491750,443958029,201377,184557568,173121536,0,42266,4096,0,0,184557568,173121536,12f62bfdd3a4ac5279ccad363ea185178759493a04d0a453f94b5f803809a60e75,1270b9dd79baa29140b6c048b57374de0a8d426b53f817ea6503565256457cf163,True,null,null,null,null,null,11436032,0,5337088,14405081,7530,null,null,null,null,null,null,null,null,null,null,null,null,null,null,null,null,null,null,null,null,null,null,null,null,null,null,null,null,null,null,null,null,null,null,null,null,null,null,null,null,null,null,null,null,null,null,null,null,null,null,null,null,null,null,null,null,null,null,null,null,null,null,null,null,null,null,null,null,null,null,null,null,null,null,null,null,null,null,null,null,null,null,null,null,null,null,null,null,null,null,null,null,null,null,null,null,null,null,null,null,null,null,null,null,null,null,null,null,null,null,null,null,null,null,null,null,null,2992607375,993083667,0,8192,40305168,100286464,100220928,0,48,23796,0,0,0,0,0,98361329,7856,0,0,61033051,0,0,0,0,0,7932,0,0,0,0,0,0,0,0,0,0,0,0,True,412851500,412642084,69632,21372928,40337936,100302848,100253696,76,248,4269,1688,105,1688,102,16654272,22872689,1410,81,1894,11968285,717,44801175,0,4988610,7449,1423,0,0,1428837,39461086,0,108578,106,2,6929776,4864424,1810,105,True,9104,19169183,7530,14405081,1574,4764102,7530,14405081,0,0,1574,4764102,85,285,296850,113229,1038482743,12435041,0,0,0,79659008,114651136,67473408,28672,0,0,10805248,0,10156744,0,2557,0,0,0,0,0,185028608,173130705,462848,9069,24809472,0,0,0,0,41968180000,675694000,0,0,73130917000,1156613000,31162737000,480920000,8016,44749450,1,1,0,0
113,performance acknowledgement before historical verification,measured,deepseek-full/performance-result.json#records/112,6147f0238609e0b9106ac508564c6c6ac1889b57,84b97087625f3afd8e054723c0cf77dac0d916f6,11300,060aa8d95f1f05e8de74bafec9899890b1dc08ebfec530a9a243d79293fdcc03,2b3d736254dff05b25a99da79dabf3e618de894a8c6ee9c8f4203d850589d6ff,44596407,6834,331981583,1435161584,445554418,201855,184557568,173936640,0,42465,4096,0,0,184557568,173936640,1270b9dd79baa29140b6c048b57374de0a8d426b53f817ea6503565256457cf163,12835989d945cd9e30c4f097ad6107d75c9636de19bf169d3a0363e39ebb33cf3d,True,null,null,null,null,null,10620928,0,815104,1596389,478,null,null,null,null,null,null,null,null,null,null,null,null,null,null,null,null,null,null,null,null,null,null,null,null,null,null,null,null,null,null,null,null,null,null,null,null,null,null,null,null,null,null,null,null,null,null,null,null,null,null,null,null,null,null,null,null,null,null,null,null,null,null,null,null,null,null,null,null,null,null,null,null,null,null,null,null,null,null,null,null,null,null,null,null,null,null,null,null,null,null,null,null,null,null,null,null,null,null,null,null,null,null,null,null,null,null,null,null,null,null,null,null,null,null,null,null,null,941698375,275014667,0,8192,39682576,100302848,100270080,0,27,8379,0,0,0,0,0,37485846,2789,0,0,20336495,0,0,0,0,0,2793,0,0,0,0,0,0,0,0,0,0,0,0,True,149043167,131304750,20480,4456448,39682576,100335616,100270080,6,117,2637,105,56,105,124,16654272,13167188,866,48,98,8434931,112,5337997,0,883180,430,879,0,0,641244,20475001,0,49733,57,0,3306624,769447,50,56,True,2007,3241557,478,1596389,1529,1645168,478,1596389,0,0,1529,1645168,10,61,233664,113422,1041109979,12438459,0,0,0,79667200,114651136,67473408,28672,0,0,10768384,0,10124152,0,2575,0,0,0,0,0,185032704,173945889,466944,9149,5341184,0,0,0,0,42176988000,208808000,0,0,73631299000,500382000,31454311000,291574000,7986,44596407,1,1,0,0
114,performance acknowledgement before historical verification,measured,deepseek-full/performance-result.json#records/113,96646ce4812c33a782656d6251e27b245beeb8e6,87d0639d5802318df4810e6d648859cf21d24a2e,11400,e65a57e4b610f06f72b57884fb2c1245065d8ae923072be6f2f75c5a7b8e0522,a1d371d90c093450d1ea7d21d387603303ce7152f069f475af2e2f157ae61a6a,45292765,6933,543728000,2182041250,452380369,205010,184557568,176648192,0,43127,4096,0,0,184557568,176648192,12835989d945cd9e30c4f097ad6107d75c9636de19bf169d3a0363e39ebb33cf3d,12251b9676b817def8aaa2c0669a5621721d0cad771196581c75dd68a30fa7964e,True,null,null,null,null,null,7909376,0,2711552,6825951,3155,null,null,null,null,null,null,null,null,null,null,null,null,null,null,null,null,null,null,null,null,null,null,null,null,null,null,null,null,null,null,null,null,null,null,null,null,null,null,null,null,null,null,null,null,null,null,null,null,null,null,null,null,null,null,null,null,null,null,null,null,null,null,null,null,null,null,null,null,null,null,null,null,null,null,null,null,null,null,null,null,null,null,null,null,null,null,null,null,null,null,null,null,null,null,null,null,null,null,null,null,null,null,null,null,null,null,null,null,null,null,null,null,null,null,null,null,null,1347492333,314108833,0,8192,39698960,100335616,100286464,0,18,5355,0,0,0,0,0,23823485,1644,0,0,14978099,0,0,0,0,0,1785,0,0,0,0,0,0,0,0,0,0,0,0,True,278864000,268555958,28672,11616256,39698960,100368384,100286464,121,228,3450,612,114,612,123,16654272,18095218,1139,78,800,10190919,377,21389001,0,2683697,3077,1150,0,0,1714676,49746912,0,74945,116,1,8724208,2530974,721,114,True,4875,10015096,3155,6825951,1720,3189145,3155,6825951,0,0,1720,3189145,40,156,319052,114273,1050220844,11956917,0,0,0,79556608,114651136,67473408,28672,0,0,10907648,0,10254512,0,2599,0,0,0,0,0,185036800,176657521,471040,9229,13385728,0,0,0,0,42501432000,324444000,0,0,74303801000,672502000,31802368000,348057000,8091,45292765,1,1,0,0
115,performance acknowledgement before historical verification,measured,deepseek-full/performance-result.json#records/114,6a604aaa858c7e910b9b46401d5f3d0e813aa5e5,020b67bb5660f0751260f5ea3408b4456f5d3949,11500,e26bfa1cb55caa56c1c5f9b798d231d19e8ca178a7f6bd89370a6f58a137ef02,d1e426e95013380cf34b15f6f90bb9632f0732cf455a4687da3fecd6e3b98c20,45895127,7027,440492000,1712912292,457984099,206938,184557568,178798592,0,43652,4096,0,0,184557568,178798592,12251b9676b817def8aaa2c0669a5621721d0cad771196581c75dd68a30fa7964e,12af4f102016a1dd9e112afac3ec69821619ee68256bb126f43284088bfb895b2c,True,null,null,null,null,null,5758976,0,2150400,5603730,1928,null,null,null,null,null,null,null,null,null,null,null,null,null,null,null,null,null,null,null,null,null,null,null,null,null,null,null,null,null,null,null,null,null,null,null,null,null,null,null,null,null,null,null,null,null,null,null,null,null,null,null,null,null,null,null,null,null,null,null,null,null,null,null,null,null,null,null,null,null,null,null,null,null,null,null,null,null,null,null,null,null,null,null,null,null,null,null,null,null,null,null,null,null,null,null,null,null,null,null,null,null,null,null,null,null,null,null,null,null,null,null,null,null,null,null,null,null,940839334,272808375,475136,8192,39748112,100368384,100335616,0,31,7902,0,0,0,0,0,34289268,2619,0,0,20292886,0,0,0,0,0,2634,0,0,0,0,0,0,0,0,0,0,0,0,True,319687459,250160542,5451776,9170944,39764496,100433920,100352000,91,223,3201,262,129,262,152,16654272,16358134,1053,91,495,9722366,331,18702456,0,2317116,1837,1067,0,0,1869580,61158542,0,71116,130,0,10431040,2036795,404,129,True,3200,7566185,1928,5603730,1272,1962455,1928,5603730,0,0,1272,1962455,30,124,288341,114720,1057265541,11893499,0,0,0,79667200,114651136,67469312,28672,0,0,11030528,0,10380088,0,2617,0,0,0,0,0,185040896,178808001,475136,9309,10326016,0,0,0,0,42722982000,221550000,0,0,74821743000,517942000,32098761000,296393000,8196,45895127,1,1,0,0
116,performance acknowledgement before historical verification,measured,deepseek-full/performance-result.json#records/115,e0bbe42242f4f46111f802e20b7d82f5da99831f,c797fa26be1b5458a70deec0ee88184b141c4c5b,11600,02cc5ee0e388da5d69b01064da4538bf5baf92a70bd290adf86000db5163a7bc,40194640f8d805fc5e2dff521918097192c8984a09c23a798deaf86ad774a386,45619109,6966,695415250,3020212708,468897413,211984,184557568,183283712,0,44747,4096,0,0,184557568,183283712,12af4f102016a1dd9e112afac3ec69821619ee68256bb126f43284088bfb895b2c,12c9158009be0a4627978b3bece3b3b9e6a1c80a83f4f371cd4c8ee3eceb9466b9,True,null,null,null,null,null,1273856,0,4485120,10913314,5046,null,null,null,null,null,null,null,null,null,null,null,null,null,null,null,null,null,null,null,null,null,null,null,null,null,null,null,null,null,null,null,null,null,null,null,null,null,null,null,null,null,null,null,null,null,null,null,null,null,null,null,null,null,null,null,null,null,null,null,null,null,null,null,null,null,null,null,null,null,null,null,null,null,null,null,null,null,null,null,null,null,null,null,null,null,null,null,null,null,null,null,null,null,null,null,null,null,null,null,null,null,null,null,null,null,null,null,null,null,null,null,null,null,null,null,null,null,1945918458,574545708,966656,8192,39797264,100433920,100384768,0,15,14928,0,0,0,0,0,62366002,4880,0,0,42979996,0,0,0,0,0,4976,0,0,0,0,0,0,0,0,0,0,0,0,True,367064625,364827166,565248,15441920,39780880,100466688,100368384,111,250,5043,992,124,992,125,16654272,25884652,1663,93,1277,15781691,582,35308547,0,4479881,4953,1681,0,0,2050186,54429373,0,126104,126,1,9136448,4197774,1183,124,True,6433,13558744,5046,10913314,1387,2645430,5046,10913314,0,0,1387,2645430,63,227,300613,115944,1069888273,11814375,0,0,0,79626240,114651136,67469312,28672,0,0,10932224,0,10284784,0,2647,0,0,0,0,0,185044992,183293201,479232,9389,18022400,0,0,0,0,43166053000,443071000,0,0,75649714000,827971000,32483660000,384899000,8111,45619109,1,1,0,0
117,performance acknowledgement before historical verification,measured,deepseek-full/performance-result.json#records/116,1e6e92fb0a44f39ebc77cfc1bf7eed763c8c6fbc,bff141701718eb81d54bb649144829c2b52f469c,11700,d513a6175826e47ded0daa6f9cbbced30490596b7450517cd6c611f953ce6194,793a75451c68d524ea621daeac7487d06c80769ba97b6575ba444bbd0b502fe4,42469525,6550,1205335250,6122782333,474671814,214480,201334784,186175488,0,45453,4096,0,0,201334784,186175488,12c9158009be0a4627978b3bece3b3b9e6a1c80a83f4f371cd4c8ee3eceb9466b9,12545cc9e527704a902b5182c0f455318635e9245e1c0046d8858b9cceafbd7e33,True,null,null,null,null,null,15159296,16777216,2891776,5774401,2496,null,null,null,null,null,null,null,null,null,null,null,null,null,null,null,null,null,null,null,null,null,null,null,null,null,null,null,null,null,null,null,null,null,null,null,null,null,null,null,null,null,null,null,null,null,null,null,null,null,null,null,null,null,null,null,null,null,null,null,null,null,null,null,null,null,null,null,null,null,null,null,null,null,null,null,null,null,null,null,null,null,null,null,null,null,null,null,null,null,null,null,null,null,null,null,null,null,null,null,null,null,null,null,null,null,null,null,null,null,null,null,null,null,null,null,null,null,4318998958,1276441708,81920,8192,39830032,100466688,100417536,0,78,26499,0,0,0,0,0,117842475,8788,0,0,69936775,0,0,0,0,0,8833,0,0,0,0,0,0,0,0,0,0,0,0,True,584227584,603619584,647168,35373056,39813648,100499456,100401152,58,283,22575,3127,18,3127,99,16654272,119390278,7452,13,533,64998157,295,18780789,0,2691406,2483,7525,0,0,343045,7773374,0,21556,18,0,1344832,2668091,520,18,True,16362,32098024,2496,5774401,13866,26323623,2496,5774401,0,0,13866,26323623,33,159,245296,119528,1100298006,14220541,0,0,0,82219008,126652416,70893568,28672,0,0,10485760,0,9829816,0,2700,0,0,0,0,0,201826304,186185057,483328,9469,41500672,0,0,0,0,44162616000,996563000,0,0,77310161000,1660447000,33147544000,663884000,7654,42469525,1,1,0,0
118,performance acknowledgement before historical verification,measured,deepseek-full/performance-result.json#records/117,24dd48b1331457e046ef35a669116ada9e91073c,34d0149b3294c5de943539b3448e6c1f86514d16,11800,d1e936b8488e8fce5421c7cc804daa8e2533e5496751759a5b6b4c5524fef4bf,ee5a483921b9c621eec3bc80bd1067a0e297d074aa87676b89d4f06448b4c6f8,46506055,7103,1352655708,6975069583,480767072,217269,201334784,188801024,0,46094,4096,0,0,201334784,188801024,12545cc9e527704a902b5182c0f455318635e9245e1c0046d8858b9cceafbd7e33,125866be1fef5cf59c6c1cf297f7c15b38cbd063a2fff86f80bce4ad8a3972561c,True,null,null,null,null,null,12533760,0,2625536,6095258,2789,null,null,null,null,null,null,null,null,null,null,null,null,null,null,null,null,null,null,null,null,null,null,null,null,null,null,null,null,null,null,null,null,null,null,null,null,null,null,null,null,null,null,null,null,null,null,null,null,null,null,null,null,null,null,null,null,null,null,null,null,null,null,null,null,null,null,null,null,null,null,null,null,null,null,null,null,null,null,null,null,null,null,null,null,null,null,null,null,null,null,null,null,null,null,null,null,null,null,null,null,null,null,null,null,null,null,null,null,null,null,null,null,null,null,null,null,null,5024525875,1553895833,32768,8192,39813648,100499456,100401152,0,130,47856,0,0,0,0,0,217955129,15850,0,0,121831558,0,0,0,0,0,15952,0,0,0,0,0,0,0,0,0,0,0,0,True,584985833,588266958,315392,40050688,41402896,102088704,101990400,164,302,16833,3180,32,3180,101,16654272,93494410,5526,13,561,48457619,332,18709378,0,2490613,2776,5611,0,0,792632,18882042,0,49452,37,8,3185264,2475185,540,32,True,18775,36360305,2789,6095258,15986,30265047,2789,6095258,0,0,15986,30265047,35,183,287872,123676,1134809664,12902167,0,0,0,83689472,129568768,71819264,28672,8192,0,11120640,0,10462216,0,2762,0,0,0,0,0,201830400,188810673,487424,9549,46952448,0,0,0,0,45353284000,1190668000,0,0,79236703000,1926542000,33883419000,735875000,8262,46506055,1,1,0,0
119,performance acknowledgement before historical verification,measured,deepseek-full/performance-result.json#records/118,6898b0616036e33d78c281a9c54ecc9ae20a121d,e95fe837d282d17df174131de2cf8c808d1b6484,11900,a32a34dcade0d23e94642b9465bfb6855a5647e8e7c5c3fe253ad97610398751,032558d08f52255aa0d2100f512e99d2b5af76d914d2b8c8ab6461296cb57a20,46032517,7036,535218875,2858771375,483328826,218251,201334784,190148608,0,46423,4096,0,0,201334784,190148608,125866be1fef5cf59c6c1cf297f7c15b38cbd063a2fff86f80bce4ad8a3972561c,128adfe786335b9e6fc5d100c564836975e253f8e18d92fd6d2e71823ec4c0db77,True,null,null,null,null,null,11186176,0,1347584,2561754,982,null,null,null,null,null,null,null,null,null,null,null,null,null,null,null,null,null,null,null,null,null,null,null,null,null,null,null,null,null,null,null,null,null,null,null,null,null,null,null,null,null,null,null,null,null,null,null,null,null,null,null,null,null,null,null,null,null,null,null,null,null,null,null,null,null,null,null,null,null,null,null,null,null,null,null,null,null,null,null,null,null,null,null,null,null,null,null,null,null,null,null,null,null,null,null,null,null,null,null,null,null,null,null,null,null,null,null,null,null,null,null,null,null,null,null,null,null,2043179500,656937750,0,8192,41435664,102088704,102023168,0,31,23766,0,0,0,0,0,107324413,7855,0,0,66206472,0,0,0,0,0,7922,0,0,0,0,0,0,0,0,0,0,0,0,True,267452791,263095084,16384,13795328,42369552,103055360,102957056,13,128,9609,743,6,743,127,16654272,47881590,3171,5,182,28462651,136,7634373,0,1288311,977,3203,0,0,97370,1473084,0,5157,6,0,251232,1265064,177,6,True,5668,11858744,982,2561754,4686,9296990,982,2561754,0,0,4686,9296990,16,93,252527,124702,1145930993,12920209,0,0,0,84070400,129568768,71823360,28672,8192,0,11087872,0,10421584,0,2794,0,0,0,0,0,201834496,190158337,491520,9629,15814656,0,0,0,0,45826377000,473093000,0,0,80121843000,885140000,34295466000,412047000,8205,46032517,1,1,0,0
120,performance acknowledgement before historical verification,measured,deepseek-full/performance-result.json#records/119,8d51ee9b970b4ddb3eec53bc373c8b7c5867c45f,0ea0214188d192481ba3f5a9f9ebf77ba67d96b9,12000,1d576144ba2abd95bd96d318e20fadec4d29fc44cffe76b7682f23d64aa7d9d9,23cc2944a309d01005e5399d3b476b5ebd2ebce9f247e14ef2e1ebe02ed4acfb,46786610,7140,793448041,3596347917,490090027,221642,201334784,192970752,0,47112,4096,0,0,201334784,192970752,128adfe786335b9e6fc5d100c564836975e253f8e18d92fd6d2e71823ec4c0db77,12ece5509b96535f9441b4a3c9859274a8a9ef4e643372160e2040f79c0d221e43,True,null,null,null,null,null,8364032,0,2822144,6761201,3391,null,null,null,null,null,null,null,null,null,null,null,null,null,null,null,null,null,null,null,null,null,null,null,null,null,null,null,null,null,null,null,null,null,null,null,null,null,null,null,null,null,null,null,null,null,null,null,null,null,null,null,null,null,null,null,null,null,null,null,null,null,null,null,null,null,null,null,null,null,null,null,null,null,null,null,null,null,null,null,null,null,null,null,null,null,null,null,null,null,null,null,null,null,null,null,null,null,null,null,null,null,null,null,null,null,null,null,null,null,null,null,null,null,null,null,null,null,2434599000,705829250,0,8192,42385936,103055360,102973440,0,18,15330,0,0,0,0,0,61977938,4997,0,0,43449129,0,0,0,0,0,5110,0,0,0,0,0,0,0,0,0,0,0,0,True,356220875,378670708,8192,19263488,42402320,103088128,102989824,137,188,9339,1061,59,1061,122,16654272,50170637,3082,41,781,27525276,354,20678462,0,2644293,3350,3113,0,0,927379,26086710,0,55412,60,1,4519312,2583890,738,59,True,8489,16948685,3391,6761201,5098,10187484,3391,6761201,0,0,5098,10187484,39,190,283341,126394,1161890416,12080001,0,0,0,84078592,129568768,71819264,32768,12288,0,11223040,0,10564280,0,2828,0,0,0,0,0,201838592,192980561,495616,9709,22257664,0,0,0,0,46391153000,564776000,0,0,81137236000,1015393000,34746083000,450617000,8305,46786610,1,1,0,0
121,performance acknowledgement before historical verification,measured,deepseek-full/performance-result.json#records/120,ba1b0e15fc75c2a6dffa047817a6c0c2c328e1e0,9ccea1752287689387f25c3cf8491f1399996ae8,12100,52342c50e5af66663ebef55dec7db1ca0cce0acbd52bdbaf0570bb1236afd81c,f81f7d3d47b867cf4102d479177e116a668aafd549aca9cf70dcc1e65dcd5a1f,46737273,7132,383425416,1307963625,490497243,221747,201334784,193290240,0,47190,4096,0,0,201334784,193290240,12ece5509b96535f9441b4a3c9859274a8a9ef4e643372160e2040f79c0d221e43,12b31a888e223615d421fac0c5cbed499f06c0c871dd109ca10e10dd7deeccbbb1,True,null,null,null,null,null,8044544,0,319488,407216,105,null,null,null,null,null,null,null,null,null,null,null,null,null,null,null,null,null,null,null,null,null,null,null,null,null,null,null,null,null,null,null,null,null,null,null,null,null,null,null,null,null,null,null,null,null,null,null,null,null,null,null,null,null,null,null,null,null,null,null,null,null,null,null,null,null,null,null,null,null,null,null,null,null,null,null,null,null,null,null,null,null,null,null,null,null,null,null,null,null,null,null,null,null,null,null,null,null,null,null,null,null,null,null,null,null,null,null,null,null,null,null,null,null,null,null,null,null,824285125,289464959,0,8192,42435088,103088128,103022592,0,15,5916,0,0,0,0,0,25864194,1958,0,0,15738264,0,0,0,0,0,1972,0,0,0,0,0,0,0,0,0,0,0,0,True,87997959,71489542,16384,851968,42418704,103088128,103006208,0,17,1662,0,14,0,64,12064512,8087620,549,12,12,6112481,33,933208,0,341093,93,554,0,0,118668,4246750,0,6479,14,0,751728,309886,0,14,True,884,1078363,105,407216,779,671147,105,407216,0,0,779,671147,4,47,152025,126442,1162585575,12255125,0,0,0,84316160,129568768,71823360,32768,12288,0,11210752,0,10555192,0,2845,0,0,0,0,0,201842688,193300129,499712,9789,3231744,0,0,0,0,46550193000,159040000,0,0,81533588000,396352000,34983394000,237311000,8297,46737273,1,1,0,0
122,performance acknowledgement before historical verification,measured,deepseek-full/performance-result.json#records/121,37247ea70544de047143bf6d274c4dd48511e79c,ed0ae32693447c79aa0f110a61a4cef8c45065af,12200,21ca12cd7077b791b75a67e94e8f2ffd1266750288f078f720b398bd823931b9,f2397a2c0ddf5d3204603bace77bd4deaa623be200dea93fee9b2a3e88ec7512,48605608,7364,1357137083,6456706500,521082045,238461,218112000,205828096,0,50251,4096,0,0,218112000,205828096,12b31a888e223615d421fac0c5cbed499f06c0c871dd109ca10e10dd7deeccbbb1,1292b2ae2da56e3fd2cd5d59dda051baa4be33b0d68740bbccf605c38067cedddc,True,null,null,null,null,null,12283904,16777216,12537856,30584802,16714,null,null,null,null,null,null,null,null,null,null,null,null,null,null,null,null,null,null,null,null,null,null,null,null,null,null,null,null,null,null,null,null,null,null,null,null,null,null,null,null,null,null,null,null,null,null,null,null,null,null,null,null,null,null,null,null,null,null,null,null,null,null,null,null,null,null,null,null,null,null,null,null,null,null,null,null,null,null,null,null,null,null,null,null,null,null,null,null,null,null,null,null,null,null,null,null,null,null,null,null,null,null,null,null,null,null,null,null,null,null,null,null,null,null,null,null,null,4358644500,1128541375,16384,8192,41812496,103088128,103055360,0,76,16263,0,0,0,0,0,73585605,5341,0,0,40288621,0,0,0,0,0,5421,0,0,0,0,0,0,0,0,0,0,0,0,True,727496167,780204291,24576,22867968,42336784,103612416,103579648,1043,293,8541,2832,136,2832,130,16654272,46143106,2822,72,4216,23789054,1488,95458920,0,11733056,16642,2847,0,0,2098936,65520921,0,136353,137,16,11541888,11544327,4119,136,True,18827,34726814,16714,30584802,2113,4142012,16714,30584802,0,0,2113,4142012,180,430,301018,130581,1195507567,13428750,0,0,0,84766720,129568768,71823360,32768,4096,0,11526144,0,10872072,0,2899,0,0,0,0,0,218624000,205838065,503808,9869,45821952,0,0,0,0,47675696000,1125503000,0,0,83342054000,1808466000,35666358000,682964000,8567,48605608,1,1,0,0
123,performance acknowledgement before historical verification,measured,deepseek-full/performance-result.json#records/122,c6f3414e9d0f06cb1fc5a1920eb0d50bf68f12ce,48c5c7e2c730726bcc4228911c738803c6193f7c,12300,9768f7fdfb6a33abf633e4a423d5afde99aa7f4a03b95b3295fb09f5b896e468,5cfc7f40d106e890002142416d5185556ec32a186534c1b17b07085ffe0246ad,47680524,7412,432086375,2116229792,525670024,240845,218112000,207945728,0,50768,4096,0,0,218112000,207945728,1292b2ae2da56e3fd2cd5d59dda051baa4be33b0d68740bbccf605c38067cedddc,12ad191957714ba736f2e0c44d65e2bb74eb3082a856d674d87cf1f0fabb025b3a,True,null,null,null,null,null,10166272,0,2117632,4587979,2384,null,null,null,null,null,null,null,null,null,null,null,null,null,null,null,null,null,null,null,null,null,null,null,null,null,null,null,null,null,null,null,null,null,null,null,null,null,null,null,null,null,null,null,null,null,null,null,null,null,null,null,null,null,null,null,null,null,null,null,null,null,null,null,null,null,null,null,null,null,null,null,null,null,null,null,null,null,null,null,null,null,null,null,null,null,null,null,null,null,null,null,null,null,null,null,null,null,null,null,null,null,null,null,null,null,null,null,null,null,null,null,null,null,null,null,null,null,1446089000,518228625,0,8192,42369552,103645184,103612416,0,33,29130,0,0,0,0,0,140376480,9697,0,0,74969760,0,0,0,0,0,9710,0,0,0,0,0,0,0,0,0,0,0,0,True,224436958,210151042,16384,7753728,42369552,103710720,103612416,60,139,4377,428,99,428,117,16654272,21788628,1442,80,599,15115640,262,13832445,0,2070319,2304,1459,0,0,918079,31597212,0,39436,99,0,5482672,1923969,519,99,True,3682,6342458,2384,4587979,1298,1754479,2384,4587979,0,0,1298,1754479,28,138,267232,131151,1200969389,13617459,0,0,0,85106688,129568768,71819264,32768,4096,0,11591680,0,10936072,0,2922,0,0,0,0,0,218628096,207955777,507904,9949,9281536,0,0,0,0,48012405000,336709000,0,0,84007245000,665191000,35994839000,328481000,8617,47680524,1,1,0,0
124,performance acknowledgement before historical verification,measured,deepseek-full/performance-result.json#records/123,7dd6436d52aa59f9b58c927f38a1076a12cde85c,47947f5db7df2d19f857779bcd17828b4bb272c6,12400,cfcf0e3f638931518a8ed675c452f3d9f2f525140aaf7746d31b2aa82c286056,a17d9ac9fc83f4eadde2dc1e15cbba7ac611222b3d260a3813b432290566a6c2,48051442,7461,438865584,1655619917,528881345,242024,218112000,209334272,0,51107,4096,0,0,218112000,209334272,12ad191957714ba736f2e0c44d65e2bb74eb3082a856d674d87cf1f0fabb025b3a,12dffda5227cd0e06f165d661af47a232642314b6af7acd557de9fdc9806169cf1,True,null,null,null,null,null,8777728,0,1388544,3211321,1179,null,null,null,null,null,null,null,null,null,null,null,null,null,null,null,null,null,null,null,null,null,null,null,null,null,null,null,null,null,null,null,null,null,null,null,null,null,null,null,null,null,null,null,null,null,null,null,null,null,null,null,null,null,null,null,null,null,null,null,null,null,null,null,null,null,null,null,null,null,null,null,null,null,null,null,null,null,null,null,null,null,null,null,null,null,null,null,null,null,null,null,null,null,null,null,null,null,null,null,null,null,null,null,null,null,null,null,null,null,null,null,null,null,null,null,null,null,1021237916,342443292,0,8192,42385936,103710720,103628800,0,49,11280,0,0,0,0,0,48737666,3698,0,0,30154017,0,0,0,0,0,3760,0,0,0,0,0,0,0,0,0,0,0,0,True,182494375,171465375,0,5033984,42369552,103710720,103612416,49,118,2856,142,91,142,97,16654272,14584342,941,69,279,9799035,199,10439295,0,1527174,1110,952,0,0,1010600,40952581,0,40201,91,0,6916768,1287915,210,91,True,2408,4498006,1179,3211321,1229,1286685,1179,3211321,0,0,1229,1286685,19,94,240377,131418,1204687871,13022042,0,0,0,85172224,129568768,71819264,32768,4096,0,11653120,0,11000984,0,2942,0,0,0,0,0,218632192,209344401,512000,10029,6914048,0,0,0,0,48208848000,196443000,0,0,84497436000,490191000,36288588000,293749000,8668,48051442,1,1,0,0
125,performance acknowledgement before historical verification,measured,deepseek-full/performance-result.json#records/124,07484b947459a209bbf8de91c37a1288286ae2dc,9923f24e0e9d0a5046be546d1f2cb6145b10f89a,12500,91963d9b49558e43a63864757cae7231bc6037fa46853c0ee516506590765f89,95a68c8eecdafee9ffdfd7412f3a5583019f0cc1dd0e37a673eb7adfe3849716,48205325,7484,549600125,2084496792,534259453,244715,218112000,211464192,0,51627,4096,0,0,218112000,211464192,12dffda5227cd0e06f165d661af47a232642314b6af7acd557de9fdc9806169cf1,12f973997b9b6878aa1ff2d53345e2ffbb07be2722c5df1a8a2fc25d74878d05b8,True,null,null,null,null,null,6647808,0,2129920,5378108,2691,null,null,null,null,null,null,null,null,null,null,null,null,null,null,null,null,null,null,null,null,null,null,null,null,null,null,null,null,null,null,null,null,null,null,null,null,null,null,null,null,null,null,null,null,null,null,null,null,null,null,null,null,null,null,null,null,null,null,null,null,null,null,null,null,null,null,null,null,null,null,null,null,null,null,null,null,null,null,null,null,null,null,null,null,null,null,null,null,null,null,null,null,null,null,null,null,null,null,null,null,null,null,null,null,null,null,null,null,null,null,null,null,null,null,null,null,null,1268933458,352199458,0,8192,42385936,103710720,103628800,0,13,8772,0,0,0,0,0,38926728,2834,0,0,24479960,0,0,0,0,0,2924,0,0,0,0,0,0,0,0,0,0,0,0,True,252736375,247823083,24576,9392128,42369552,103710720,103612416,74,252,5004,504,108,504,129,16654272,26728908,1651,84,669,15067438,310,16513792,0,2164530,2607,1668,0,0,1417316,37116127,0,59695,108,0,6119248,1994860,585,108,True,4172,7826580,2691,5378108,1481,2448472,2691,5378108,0,0,1481,2448472,31,143,296866,132094,1211687745,13226834,0,0,0,84619264,129568768,71823360,32768,4096,0,11689984,0,11030752,0,2964,0,0,0,0,0,218636288,211474401,516096,10109,11182080,0,0,0,0,48500687000,291839000,0,0,85120434000,622998000,36619747000,331159000,8697,48205325,1,1,0,0
126,performance acknowledgement before historical verification,measured,deepseek-full/performance-result.json#records/125,8e2785d9eb4f8ca3181a781fbdfb25437b23cf0f,adeb67bbedc1b97130513efa4ba2d3e94d160465,12600,f699597fff690445206311e600f4c9a9ea36e61abf98511013820e3908f8a5d0,e62270fbacf37a150b42f9f08abcbbe6c71c9ff8af3ce99edb7c80b0be7b21d7,48405299,7504,453267584,1683610791,537270415,245825,218112000,212709376,0,51931,4096,0,0,218112000,212709376,12f973997b9b6878aa1ff2d53345e2ffbb07be2722c5df1a8a2fc25d74878d05b8,12ae24c4488c2bceac8ffc5a680b5aacc58df0857430bbf45065f55fbda0b118c2,True,null,null,null,null,null,5402624,0,1245184,3010962,1110,null,null,null,null,null,null,null,null,null,null,null,null,null,null,null,null,null,null,null,null,null,null,null,null,null,null,null,null,null,null,null,null,null,null,null,null,null,null,null,null,null,null,null,null,null,null,null,null,null,null,null,null,null,null,null,null,null,null,null,null,null,null,null,null,null,null,null,null,null,null,null,null,null,null,null,null,null,null,null,null,null,null,null,null,null,null,null,null,null,null,null,null,null,null,null,null,null,null,null,null,null,null,null,null,null,null,null,null,null,null,null,null,null,null,null,null,null,1030329833,310639999,0,8192,42467856,103727104,103710720,0,37,7494,0,0,0,0,0,32789257,2464,0,0,20014644,0,0,0,0,0,2498,0,0,0,0,0,0,0,0,0,0,0,0,True,186340500,176240250,24576,5926912,38945296,103792640,103743488,24,183,2928,152,112,152,128,16654272,14759722,960,83,276,9540643,200,9797246,0,1382446,1027,976,0,0,1271593,47975296,0,86791,113,0,8139632,1190104,191,112,True,2278,4605938,1110,3010962,1168,1594976,1110,3010962,0,0,1168,1594976,18,79,278671,132356,1215665481,13672874,0,0,0,84574208,129568768,71823360,32768,4096,0,11714560,0,11060712,0,2984,0,0,0,0,0,218640384,212719665,520192,10189,7118848,0,0,0,0,48688146000,187459000,0,0,85613933000,493499000,36925787000,306040000,8719,48405299,1,1,0,0
127,performance acknowledgement before historical verification,measured,deepseek-full/performance-result.json#records/126,d57c2d19db1aa45656653e217ea6cff1840b9077,3e5709741d506554cbb53d4d18b10418979efa9a,12700,f0ff7bc92a8bb5e41235cffbcc81f774cf21de519bd9a9b475e88003ac9824fe,44f624ed32bbd8609d01d869e84029b1e4132c666de3eea9400f99648c559be8,49186702,7591,485623041,1942208000,542564998,247707,218112000,214831104,0,52449,4096,0,0,218112000,214831104,12ae24c4488c2bceac8ffc5a680b5aacc58df0857430bbf45065f55fbda0b118c2,1292edf001e19b8e61b34c2de17ec66eb5d0ca4e8ac1354d04df683ab987738f2c,True,null,null,null,null,null,3280896,0,2121728,5294583,1882,null,null,null,null,null,null,null,null,null,null,null,null,null,null,null,null,null,null,null,null,null,null,null,null,null,null,null,null,null,null,null,null,null,null,null,null,null,null,null,null,null,null,null,null,null,null,null,null,null,null,null,null,null,null,null,null,null,null,null,null,null,null,null,null,null,null,null,null,null,null,null,null,null,null,null,null,null,null,null,null,null,null,null,null,null,null,null,null,null,null,null,null,null,null,null,null,null,null,null,null,null,null,null,null,null,null,null,null,null,null,null,null,null,null,null,null,null,1185258917,319220209,4096,8192,39043600,103858176,103841792,0,33,4524,0,0,0,0,0,18004673,1363,0,0,12290953,0,0,0,0,0,1508,0,0,0,0,0,0,0,0,0,0,0,0,True,257340333,236238708,65536,9228288,39027216,103923712,103825408,87,250,3582,281,117,281,146,16654272,17488813,1159,83,475,10791336,323,17155500,0,2241988,1799,1194,0,0,1665015,60668092,0,105552,120,1,10518528,1972665,391,117,True,3350,7791529,1882,5294583,1468,2496946,1882,5294583,0,0,1468,2496946,30,104,275077,132828,1222643260,13985709,0,0,0,84443136,129568768,71819264,32768,4096,0,11829248,0,11169264,0,3006,0,0,0,0,0,218644480,214841473,524288,10269,10600448,0,0,0,0,48940244000,252098000,0,0,86173593000,559660000,37233348000,307561000,8814,49186702,1,1,0,0
128,performance acknowledgement before historical verification,measured,deepseek-full/performance-result.json#records/127,9b5fad14e01cd1408818c8a0fcb8bc43e481ac61,8c28e253b45abb458979526817c049c444d85dfd,12800,737ac5350f378f98ef6d46bfd462d91bdad9662e80172236966d1741f6022e30,2ef29ff60d6633d4d2b0a57cf30dad53e7d6809551b74b0c7a545ef47fa33513,49486522,7612,383115250,1562642708,545715959,248648,218112000,216035328,0,52743,4096,0,0,218112000,216035328,1292edf001e19b8e61b34c2de17ec66eb5d0ca4e8ac1354d04df683ab987738f2c,12754669f8fa2659cd88a32d1f64f3233bee67ec9d7e8d75798eaf58858d0d4e0c,True,null,null,null,null,null,2076672,0,1204224,3150961,941,null,null,null,null,null,null,null,null,null,null,null,null,null,null,null,null,null,null,null,null,null,null,null,null,null,null,null,null,null,null,null,null,null,null,null,null,null,null,null,null,null,null,null,null,null,null,null,null,null,null,null,null,null,null,null,null,null,null,null,null,null,null,null,null,null,null,null,null,null,null,null,null,null,null,null,null,null,null,null,null,null,null,null,null,null,null,null,null,null,null,null,null,null,null,null,null,null,null,null,null,null,null,null,null,null,null,null,null,null,null,null,null,null,null,null,null,null,949767916,251069625,0,8192,39043600,103923712,103841792,0,10,3534,0,0,0,0,0,14800626,1103,0,0,10073324,0,0,0,0,0,1178,0,0,0,0,0,0,0,0,0,0,0,0,True,216141000,196955042,73728,6119424,39043600,103940096,103841792,21,208,3000,110,117,110,151,16654272,14733216,982,84,240,9326326,223,10757540,0,1445085,857,1000,0,0,1428725,63470747,0,69429,119,0,10859792,1118558,156,117,True,2124,4811664,941,3150961,1183,1660703,941,3150961,0,0,1183,1660703,18,79,280702,133049,1226839926,13618542,0,0,0,84705280,129568768,71823360,32768,4096,0,11853824,0,11192688,0,3024,0,0,0,0,0,218648576,216045777,528384,10349,7278592,0,0,0,0,49137366000,197122000,0,0,86647229000,473636000,37509862000,276514000,8836,49486522,1,1,0,0
129,performance acknowledgement before historical verification,measured,deepseek-full/performance-result.json#records/128,d6010c2d88c26fc60788e0cee0f2c2c9d518f4fb,b3524d5b0a06cd08b625da4896b55bfe9b41730d,12900,da773f4a12fe371127730831bb07aa37afe3cb56e0aeac623779413690159441,db59b718282136c0bd50ec4fc0a368222fd2bc995a186fdc89a3c230dd87024a,47732072,7314,687753291,3516657958,551772203,251141,234889216,218652672,0,53382,4096,0,0,234889216,218652672,12754669f8fa2659cd88a32d1f64f3233bee67ec9d7e8d75798eaf58858d0d4e0c,12e3c552028b6ecc120588cb23f2f89a65e8926c6d369c4c7ff12e317fe0ecffb9,True,null,null,null,null,null,16236544,16777216,2617344,6056244,2493,null,null,null,null,null,null,null,null,null,null,null,null,null,null,null,null,null,null,null,null,null,null,null,null,null,null,null,null,null,null,null,null,null,null,null,null,null,null,null,null,null,null,null,null,null,null,null,null,null,null,null,null,null,null,null,null,null,null,null,null,null,null,null,null,null,null,null,null,null,null,null,null,null,null,null,null,null,null,null,null,null,null,null,null,null,null,null,null,null,null,null,null,null,null,null,null,null,null,null,null,null,null,null,null,null,null,null,null,null,null,null,null,null,null,null,null,null,2421978250,656758542,0,8192,39059984,103940096,103858176,0,34,13584,0,0,0,0,0,56135481,4336,0,0,37689354,0,0,0,0,0,4528,0,0,0,0,0,0,0,0,0,0,0,0,True,388109209,367571333,155648,22315008,39059984,103940096,103858176,36,167,10197,1444,51,1444,121,16654272,54994719,3367,36,628,28797985,320,18169376,0,2514944,2457,3399,0,0,969263,17629580,0,32353,52,0,2922176,2432788,592,51,True,8374,18854832,2493,6056244,5881,12798588,2493,6056244,0,0,5881,12798588,34,135,315804,134445,1243075174,18817208,0,0,0,84439040,129568768,71823360,32768,4096,0,11513856,0,10859648,0,3058,0,0,0,0,0,235429888,218663201,532480,10429,24272896,0,0,0,0,49733463000,596097000,0,0,87689721000,1042492000,37956257000,446395000,8508,47732072,1,1,0,0
130,performance acknowledgement before historical verification,measured,deepseek-full/performance-result.json#records/129,b3b6407a2cc70d11fbc1cf8d38b4cf2f582a0b68,22a7557fd8697d3c14c47d61ea4e6c9c300f571e,13000,d58b616f7f540f8837fa618e9a337682584b7e94c70184f07d82470f680c7eb8,4c819d9cf79ee00303a4ba6ad0cdbfbf9088f91451464d329fbbbc868a31e387,50310713,7807,901353958,4630485791,559876891,255234,234889216,221908992,0,54177,4096,0,0,234889216,221908992,12e3c552028b6ecc120588cb23f2f89a65e8926c6d369c4c7ff12e317fe0ecffb9,12059f30723bed6f95f4db998f10eb3035bcf391db30172e9f215161ab9fed0d69,True,null,null,null,null,null,12980224,0,3256320,8104688,4093,null,null,null,null,null,null,null,null,null,null,null,null,null,null,null,null,null,null,null,null,null,null,null,null,null,null,null,null,null,null,null,null,null,null,null,null,null,null,null,null,null,null,null,null,null,null,null,null,null,null,null,null,null,null,null,null,null,null,null,null,null,null,null,null,null,null,null,null,null,null,null,null,null,null,null,null,null,null,null,null,null,null,null,null,null,null,null,null,null,null,null,null,null,null,null,null,null,null,null,null,null,null,null,null,null,null,null,null,null,null,null,null,null,null,null,null,null,3172244375,874510792,6275072,8192,39207440,104022016,104005632,0,10,17181,0,0,0,0,0,72011711,5687,0,0,47778713,0,0,0,0,0,5727,0,0,0,0,0,0,0,0,0,0,0,0,True,541071417,553933917,2375680,25837568,39191056,104087552,103989248,245,400,14013,1626,104,1626,121,16654272,71827567,4481,61,980,40987076,440,25764743,0,3164091,4032,4671,0,0,1793518,57580210,0,116920,105,6,9967552,3033073,913,104,True,11280,23251685,4093,8104688,7187,15146997,4093,8104688,0,0,7187,15146997,46,198,345863,136611,1263502569,15816041,0,0,0,85110784,129568768,71823360,32768,8192,0,12111872,0,11456800,0,3100,0,0,0,0,0,235433984,221919601,536576,10509,30113792,0,0,0,0,50504546000,771083000,0,0,89002927000,1313206000,38498381000,542124000,9060,50310713,1,1,0,0
131,performance acknowledgement before historical verification,measured,deepseek-full/performance-result.json#records/130,708a25a8a9362079185abb4f0c747cff4df74398,b68d42e268af0a0ffb028f0bcaa44c9483dcc314,13100,8f4ac3d9e0f2becfa329c0c4660e4b1127cafdfb694f4f0cedb96feab4585828,0bb86cd9db462363c81b3ebb1bae47730cd6e09a25c24a0a4568a6d4bf772c3f,50909855,7880,799825375,4205856125,572787460,263238,234889216,228134912,0,55697,4096,0,0,234889216,228134912,12059f30723bed6f95f4db998f10eb3035bcf391db30172e9f215161ab9fed0d69,12300347cabc2e2a4528d2308566ffbd729f44c8f212afb06b3d18909959d3f5e8,True,null,null,null,null,null,6754304,0,6225920,12910569,8004,null,null,null,null,null,null,null,null,null,null,null,null,null,null,null,null,null,null,null,null,null,null,null,null,null,null,null,null,null,null,null,null,null,null,null,null,null,null,null,null,null,null,null,null,null,null,null,null,null,null,null,null,null,null,null,null,null,null,null,null,null,null,null,null,null,null,null,null,null,null,null,null,null,null,null,null,null,null,null,null,null,null,null,null,null,null,null,null,null,null,null,null,null,null,null,null,null,null,null,null,null,null,null,null,null,null,null,null,null,null,null,null,null,null,null,null,null,2883073083,841415291,4407296,8192,39354896,104169472,104153088,0,12,15783,0,0,0,0,0,67213810,5202,0,0,43752147,0,0,0,0,0,5261,0,0,0,0,0,0,0,0,0,0,0,0,True,509066791,494070417,1835008,17100800,39338512,104235008,104136704,75,184,8220,1791,102,1791,130,16654272,42061136,2722,80,2058,25308741,645,45173003,0,5931909,7924,2740,0,0,1314175,35294114,0,55410,103,0,6126976,5691065,1978,102,True,9396,14805626,8004,12910569,1392,1895057,8004,12910569,0,0,1392,1895057,82,265,257994,138399,1275355279,13890876,0,0,0,85168128,129568768,71823360,32768,0,0,12214272,0,11550136,0,3140,0,0,0,0,0,235438080,228145601,540672,10589,21573632,0,0,0,0,51175971000,671425000,0,0,90176237000,1173310000,39000266000,501885000,9137,50909855,1,1,0,0
132,performance acknowledgement before historical verification,measured,deepseek-full/performance-result.json#records/131,d04adbc73c662dde8d1cd90d398c4df5e4e01bac,0810dac5ac030315e25731dbda82c6853dd21406,13200,4ad0615706b29d92d8f76737fe5b41fa244e3935393f67667a731cc90e18412e,fc55fc95f306a579fcd9c5bf939a51f79a8962b29487c32fa7b1bf0201110b62,51912158,8062,534696750,2849142792,580677604,266980,234889216,230957056,0,56386,4096,0,0,234889216,230957056,12300347cabc2e2a4528d2308566ffbd729f44c8f212afb06b3d18909959d3f5e8,128295064a8b000e5d587c38325e9066d0aef72bb0d5d5f21e10dbb2cbe37da1c9,True,null,null,null,null,null,3932160,0,2822144,7890144,3742,null,null,null,null,null,null,null,null,null,null,null,null,null,null,null,null,null,null,null,null,null,null,null,null,null,null,null,null,null,null,null,null,null,null,null,null,null,null,null,null,null,null,null,null,null,null,null,null,null,null,null,null,null,null,null,null,null,null,null,null,null,null,null,null,null,null,null,null,null,null,null,null,null,null,null,null,null,null,null,null,null,null,null,null,null,null,null,null,null,null,null,null,null,null,null,null,null,null,null,null,null,null,null,null,null,null,null,null,null,null,null,null,null,null,null,null,null,1945990875,632126417,327680,8192,39354896,104235008,104153088,0,69,19935,0,0,0,0,0,95416643,6608,0,0,50971457,0,0,0,0,0,6645,0,0,0,0,0,0,0,0,0,0,0,0,True,352819750,346669833,49152,11722752,39338512,104235008,104136704,205,269,4611,614,141,614,123,16654272,25626897,1520,100,951,13618032,446,23953031,0,2858515,3642,1537,0,0,2091327,73553622,0,143918,144,2,12619040,2631998,849,141,True,5255,9928708,3742,7890144,1513,2038564,3742,7890144,0,0,1513,2038564,47,174,290344,138960,1281897588,15635417,0,0,0,85536768,129568768,71823360,32768,0,0,12460032,0,11806304,0,3168,0,0,0,0,0,235442176,230967825,544768,10669,13824000,0,0,0,0,51613392000,437421000,0,0,91025245000,849008000,39411852000,411586000,9358,51912158,1,1,0,0
133,performance acknowledgement before historical verification,measured,deepseek-full/performance-result.json#records/132,947205fb80d546b0be5d044ef886777b455af3e5,e5e6b931df7b9a5bd6368451013448b9ddf11fcd,13300,baa2cc7917cedd96780fa7aee5f6b4527cb36de7133ccd71dd443dda23666795,db376b8e36bf161acb8016b0553f2d6ec49c46a416ccbc5aa5ecd18e0a58645b,52741091,8185,748637041,4098530042,593987069,273266,251666432,236326912,0,57697,4096,0,0,251666432,236326912,128295064a8b000e5d587c38325e9066d0aef72bb0d5d5f21e10dbb2cbe37da1c9,120aac24294822a87f9af4860579c5f56a6ac7a57f8acd31f060f60a5ca02d9573,True,null,null,null,null,null,15339520,16777216,5369856,13309465,6286,null,null,null,null,null,null,null,null,null,null,null,null,null,null,null,null,null,null,null,null,null,null,null,null,null,null,null,null,null,null,null,null,null,null,null,null,null,null,null,null,null,null,null,null,null,null,null,null,null,null,null,null,null,null,null,null,null,null,null,null,null,null,null,null,null,null,null,null,null,null,null,null,null,null,null,null,null,null,null,null,null,null,null,null,null,null,null,null,null,null,null,null,null,null,null,null,null,null,null,null,null,null,null,null,null,null,null,null,null,null,null,null,null,null,null,null,null,2844711500,1009594375,147456,8192,39371280,104235008,104169472,0,86,34038,0,0,0,0,0,163488433,11273,0,0,89860772,0,0,0,0,0,11346,0,0,0,0,0,0,0,0,0,0,0,0,True,487527667,450078584,81920,18432000,39354896,104251392,104153088,226,295,6723,1172,135,1172,133,16654272,32294856,2221,96,1583,21221654,699,41019042,0,5194663,6190,2241,0,0,2134702,56361793,0,130959,139,3,9712048,4990728,1483,135,True,7779,15974620,6286,13309465,1493,2665155,6286,13309465,0,0,1493,2665155,79,222,309137,140212,1294918982,17653834,0,0,0,85569536,129568768,71823360,32768,0,0,12627968,0,11982696,0,3207,0,0,0,0,0,252223488,236337761,548864,10749,21368832,0,0,0,0,52183019000,569627000,0,0,92127358000,1102113000,39944339000,532487000,9499,52741091,1,1,0,0
134,performance acknowledgement before historical verification,measured,deepseek-full/performance-result.json#records/133,78b8cc731e05bb7102b7730aaacc18505cd79c99,38072da7ea3f8ac06fa72e9de99837d6e13642ca,13400,ca0e6809a9a08f9d8e6bfe8ad5331ce105bd6076ecd4bfcd19675575d2b07ca2,da14cab80dc5d86069b2df9b34ab0e6502cedc157cca60638127cdbf7afe406e,53425992,8335,640113958,3246736750,605699066,278215,251666432,240488448,0,58713,4096,0,0,251666432,240488448,120aac24294822a87f9af4860579c5f56a6ac7a57f8acd31f060f60a5ca02d9573,1228866c53257dd7c816a59f3ce2beb81ac9e93dafe076de186ae5ff5547625009,True,null,null,null,null,null,11177984,0,4161536,11711997,4949,null,null,null,null,null,null,null,null,null,null,null,null,null,null,null,null,null,null,null,null,null,null,null,null,null,null,null,null,null,null,null,null,null,null,null,null,null,null,null,null,null,null,null,null,null,null,null,null,null,null,null,null,null,null,null,null,null,null,null,null,null,null,null,null,null,null,null,null,null,null,null,null,null,null,null,null,null,null,null,null,null,null,null,null,null,null,null,null,null,null,null,null,null,null,null,null,null,null,null,null,null,null,null,null,null,null,null,null,null,null,null,null,null,null,null,null,null,2126611416,634335082,0,8192,39371280,104251392,104169472,0,19,15033,0,0,0,0,0,65813087,4985,0,0,40741584,0,0,0,0,0,5011,0,0,0,0,0,0,0,0,0,0,0,0,True,462187167,443403166,122880,15458304,39371280,104251392,104169472,336,239,6057,736,150,736,143,16654272,29541598,1995,95,1289,19914346,636,39062853,0,4135916,4854,2019,0,0,2351163,86219620,0,147748,150,7,15045376,3851160,1185,150,True,6461,13536088,4949,11711997,1512,1824091,4949,11711997,0,0,1512,1824091,66,199,312153,141350,1306899374,17824209,0,0,0,85778432,129568768,71823360,32768,4096,0,12840960,0,12187672,0,3238,0,0,0,0,0,252227584,240499377,552960,10829,17911808,0,0,0,0,52653729000,470710000,0,0,93055361000,928003000,40401632000,457293000,9674,53425992,1,1,0,0
135,performance acknowledgement before historical verification,measured,deepseek-full/performance-result.json#records/134,76a03e104e12dde154eefbd9e725c9b736f9aeaa,4884269f518284fd716fd21f0f14a4470f98737f,13500,525c6c1f0d93fa38309a6284d6d516a89cbd9c5c457d9a5a54057e11e2d9c7bd,3969c629b9b26cfd912c46fb0edf9110d2a2c89993fcea1bf75b27702c2f2360,54373227,8417,607078667,2967877416,616175576,281804,251666432,244469760,0,59685,4096,0,0,251666432,244469760,1228866c53257dd7c816a59f3ce2beb81ac9e93dafe076de186ae5ff5547625009,1268430ce82d2e114758bffe08127246578a744f170ce2a4a7c1e43b7ac7b748ed,True,null,null,null,null,null,7196672,0,3981312,10476510,3589,null,null,null,null,null,null,null,null,null,null,null,null,null,null,null,null,null,null,null,null,null,null,null,null,null,null,null,null,null,null,null,null,null,null,null,null,null,null,null,null,null,null,null,null,null,null,null,null,null,null,null,null,null,null,null,null,null,null,null,null,null,null,null,null,null,null,null,null,null,null,null,null,null,null,null,null,null,null,null,null,null,null,null,null,null,null,null,null,null,null,null,null,null,null,null,null,null,null,null,null,null,null,null,null,null,null,null,null,null,null,null,null,null,null,null,null,null,1908909709,620668667,16384,8192,39387664,104251392,104185856,0,27,14709,0,0,0,0,0,62696880,4877,0,0,39774782,0,0,0,0,0,4903,0,0,0,0,0,0,0,0,0,0,0,0,True,435734750,405544375,106496,14856192,39404048,104284160,104202240,116,355,5589,614,166,614,144,16654272,27480233,1844,113,955,17403401,597,33968612,0,3988854,3476,1863,0,0,2433993,99110669,0,165021,170,0,17256112,3666565,842,166,True,5114,12676676,3589,10476510,1525,2200166,3589,10476510,0,0,1525,2200166,56,154,300539,141960,1316609760,16154290,0,0,0,85577728,129568768,71823360,32768,4096,0,12967936,0,12305664,0,3268,0,0,0,0,0,252231680,244480769,557056,10909,16728064,0,0,0,0,53044237000,390508000,0,0,93852120000,796759000,40807882000,406250000,9776,54373227,1,1,0,0
136,performance acknowledgement before historical verification,measured,deepseek-full/performance-result.json#records/135,4760c40e847ec6e6f06e8a8303e9ac25ae4c84c4,8544564d6e05613bc147c67b12c85c77572c0994,13600,0dd97e64025186a1af8f31532675862c6e7667188486abf4aaf3b2dc4c584541,24543f9f00521698fb71fb2e2f24bcdf9264f32d02e63abdb4da2f7516abc837,50949657,7884,1001222666,5355615375,617761949,282469,251666432,245460992,0,59927,4096,0,0,251666432,245460992,1268430ce82d2e114758bffe08127246578a744f170ce2a4a7c1e43b7ac7b748ed,12518ea821cca08cc401226af03dea30a14b91beebaf5b711a8ed9ef6e181d0a0c,True,null,null,null,null,null,6205440,0,991232,1586373,665,null,null,null,null,null,null,null,null,null,null,null,null,null,null,null,null,null,null,null,null,null,null,null,null,null,null,null,null,null,null,null,null,null,null,null,null,null,null,null,null,null,null,null,null,null,null,null,null,null,null,null,null,null,null,null,null,null,null,null,null,null,null,null,null,null,null,null,null,null,null,null,null,null,null,null,null,null,null,null,null,null,null,null,null,null,null,null,null,null,null,null,null,null,null,null,null,null,null,null,null,null,null,null,null,null,null,null,null,null,null,null,null,null,null,null,null,null,3833882916,1001400958,0,8192,38666768,104284160,104218624,0,22,21573,0,0,0,0,0,88919433,7116,0,0,57732326,0,0,0,0,0,7191,0,0,0,0,0,0,0,0,0,0,0,0,True,503140000,508896124,131072,30375936,38650384,104300544,104202240,9,270,17328,2333,15,2333,130,16654272,95836555,5678,6,85,48300905,104,4349949,0,953439,659,5776,0,0,398292,6862956,0,6771,16,1,1110640,945270,78,15,True,12998,27355390,665,1586373,12333,25769017,665,1586373,0,0,12333,25769017,11,76,251747,144416,1339148879,17369793,0,0,0,84951040,129568768,71823360,32768,4096,0,12279808,0,11617168,0,3316,0,0,0,0,0,252235776,245472081,561152,10989,35201024,0,0,0,0,53968819000,924582000,0,0,95434721000,1582601000,41465902000,658020000,9141,50949657,1,1,0,0
137,performance acknowledgement before historical verification,measured,deepseek-full/performance-result.json#records/136,8dc78528818b403659c95b8c4dbb9c90af241825,e36d84cf3e7b085e8c2197735e8779cd755aa63a,13700,7156b9536f79fea93ecf067f109d956bc93ff29c4ff72c1a1801876d65378f9c,bb89fd7d2defb9cf075815fc8d40f73f283aae39fedd07ca7ef8646d7a95ca19,51004988,7890,392296625,1553609458,618390858,282664,251666432,245862400,0,60025,4096,0,0,251666432,245862400,12518ea821cca08cc401226af03dea30a14b91beebaf5b711a8ed9ef6e181d0a0c,12a1c5ed73956731e2f5a9ff944ca88161b937587265dae7c26cd00d35ece35c1b,True,null,null,null,null,null,5804032,0,401408,628909,195,null,null,null,null,null,null,null,null,null,null,null,null,null,null,null,null,null,null,null,null,null,null,null,null,null,null,null,null,null,null,null,null,null,null,null,null,null,null,null,null,null,null,null,null,null,null,null,null,null,null,null,null,null,null,null,null,null,null,null,null,null,null,null,null,null,null,null,null,null,null,null,null,null,null,null,null,null,null,null,null,null,null,null,null,null,null,null,null,null,null,null,null,null,null,null,null,null,null,null,null,null,null,null,null,null,null,null,null,null,null,null,null,null,null,null,null,null,1021313542,309920207,0,8192,38666768,104300544,104218624,0,7,8289,0,0,0,0,0,33125072,2615,0,0,23331478,0,0,0,0,0,2763,0,0,0,0,0,0,0,0,0,0,0,0,True,122340584,102280334,40960,3407872,38650384,104300544,104202240,11,68,2550,8,20,8,144,16654272,12264440,818,16,32,8129423,48,1891085,0,444507,179,850,0,0,215663,9494542,0,21183,20,0,1672576,394061,16,20,True,1206,2846557,195,628909,1011,2217648,195,628909,0,0,1011,2217648,5,56,209930,144336,1339470818,17658707,0,0,0,84963328,129568768,71823360,32768,4096,0,12292096,0,11627752,0,3336,0,0,0,0,0,252239872,245873569,565248,11069,5414912,0,0,0,0,54195018000,226199000,0,0,95972273000,537552000,41777255000,311353000,9148,51004988,1,1,0,0
138,performance acknowledgement before historical verification,measured,deepseek-full/performance-result.json#records/137,1ca08183a68efcb1e204ab0ed520414204f5a19e,69313a4c514ebd7264cc392e0820eb909fb47271,13800,2f658ad07f6b4f804e0f5e20a370a4b5aeaccf1792dfcd9387a545f1a7ac64ac,66164127895e641550309bb13b58e8986393b76d50597d93e6eb2bdb49366660,55117226,8507,1471780750,7103182458,634373878,291054,268443648,252231680,0,61580,4096,0,0,268443648,252231680,12a1c5ed73956731e2f5a9ff944ca88161b937587265dae7c26cd00d35ece35c1b,12c3bbb22a50e4dfd29123bd68c2c3b1db6664b2c4638688296522a2ea1c0d1a37,True,null,null,null,null,null,16211968,16777216,6369280,15983020,8390,null,null,null,null,null,null,null,null,null,null,null,null,null,null,null,null,null,null,null,null,null,null,null,null,null,null,null,null,null,null,null,null,null,null,null,null,null,null,null,null,null,null,null,null,null,null,null,null,null,null,null,null,null,null,null,null,null,null,null,null,null,null,null,null,null,null,null,null,null,null,null,null,null,null,null,null,null,null,null,null,null,null,null,null,null,null,null,null,null,null,null,null,null,null,null,null,null,null,null,null,null,null,null,null,null,null,null,null,null,null,null,null,null,null,null,null,null,4861319625,1134540542,16384,8192,38404624,104300544,104218624,0,8,19920,0,0,0,0,0,80132949,6474,0,0,56071562,0,0,0,0,0,6640,0,0,0,0,0,0,0,0,0,0,0,0,True,753799208,805021584,81920,40022016,38404624,104316928,104218624,756,330,19653,2336,99,2336,130,16654272,102833273,6481,50,1828,56228160,828,48956166,0,5952698,8340,6551,0,0,1937685,62948629,0,179627,101,15,11081616,5818115,1763,99,True,19763,35727033,8390,15983020,11373,19744013,8390,15983020,0,0,11373,19744013,92,307,319681,148319,1371448477,16282875,0,0,0,85889024,129568768,71823360,32768,0,0,13090816,0,12436392,0,3396,0,0,0,0,0,269021184,252242929,569344,11149,47104000,0,0,0,0,55552210000,1357192000,0,0,98143762000,2171489000,42591551000,814296000,9893,55117226,1,1,0,0
139,performance acknowledgement before historical verification,measured,deepseek-full/performance-result.json#records/138,a6c274e250e0f5a07d33fc3226bcd7b3bfef392b,afb6ad06949661b741b50ae2ce65c93155982134,13900,7af60c68f1116135c53fad8dadbacd2867f08582a8b94b16c538f938082bb3ab,58bc8ecddbbc26d3292b960cb5ffffc9afb03574cdeb0ae5a4ce4627eab28a5a,57151817,8593,754450125,4171715959,648157606,297649,268443648,258039808,0,62998,4096,0,0,268443648,258039808,12c3bbb22a50e4dfd29123bd68c2c3b1db6664b2c4638688296522a2ea1c0d1a37,12a4f999a4086629d6c922c0ae95d25c30e864bd31eed4d33f4a0861873e3c6fc0,True,null,null,null,null,null,10403840,0,5808128,13783728,6595,null,null,null,null,null,null,null,null,null,null,null,null,null,null,null,null,null,null,null,null,null,null,null,null,null,null,null,null,null,null,null,null,null,null,null,null,null,null,null,null,null,null,null,null,null,null,null,null,null,null,null,null,null,null,null,null,null,null,null,null,null,null,null,null,null,null,null,null,null,null,null,null,null,null,null,null,null,null,null,null,null,null,null,null,null,null,null,null,null,null,null,null,null,null,null,null,null,null,null,null,null,null,null,null,null,null,null,null,null,null,null,null,null,null,null,null,null,2918694083,1025160667,0,8192,38421008,104316928,104235008,0,95,39624,0,0,0,0,0,187241234,13174,0,0,100973069,0,0,0,0,0,13208,0,0,0,0,0,0,0,0,0,0,0,0,True,482625208,472894084,106496,19148800,38535696,104448000,104349696,94,233,6837,1421,120,1421,124,16654272,31595482,2254,71,1694,21230778,706,44162397,0,5540888,6524,2279,0,0,1727895,69558334,0,196980,122,10,12267744,5378220,1604,120,True,8158,16221897,6595,13783728,1563,2438169,6595,13783728,0,0,1563,2438169,84,221,314318,149636,1383225002,15946543,0,0,0,86441984,129568768,72163328,32768,0,0,13217792,0,12548632,0,3435,0,0,0,0,0,269025280,258051137,573440,11229,22355968,0,0,0,0,56210048000,657838000,0,0,99350202000,1206440000,43140153000,548602000,9987,57151817,1,1,0,0
140,performance acknowledgement before historical verification,measured,deepseek-full/performance-result.json#records/139,6770f76fdaf93c5745e5f5581546eab49a11667d,9bb5aeb47bda71a02f5b5342ce8c7d07abe7440d,14000,618f8bffa0507459fe9f5e66d0ef6c7ca2eb4254271c789fc696b891aa3bf0b2,85d0933949007595e4a71dc8667a0748b459e8e4b67dc28d211e4f6ac670d52e,57441764,8658,533341834,2425942084,656999555,300341,268443648,261021696,0,63726,4096,0,0,268443648,261021696,12a4f999a4086629d6c922c0ae95d25c30e864bd31eed4d33f4a0861873e3c6fc0,12d2318028c5bb4d20fead2673b5e32522235a012d9ff205b088358a91ad5376b6,True,null,null,null,null,null,7421952,0,2981888,8841949,2692,null,null,null,null,null,null,null,null,null,null,null,null,null,null,null,null,null,null,null,null,null,null,null,null,null,null,null,null,null,null,null,null,null,null,null,null,null,null,null,null,null,null,null,null,null,null,null,null,null,null,null,null,null,null,null,null,null,null,null,null,null,null,null,null,null,null,null,null,null,null,null,null,null,null,null,null,null,null,null,null,null,null,null,null,null,null,null,null,null,null,null,null,null,null,null,null,null,null,null,null,null,null,null,null,null,null,null,null,null,null,null,null,null,null,null,null,null,1449205709,461134208,7553024,8192,38552080,104448000,104366080,0,22,19857,0,0,0,0,0,87758807,6589,0,0,53267059,0,0,0,0,0,6619,0,0,0,0,0,0,0,0,0,0,0,0,True,426352208,380190583,1490944,13312000,38535696,104448000,104349696,88,312,4251,441,188,441,179,16654272,22027052,1396,117,722,12657898,531,29458336,0,3253561,2575,1417,0,0,3007576,137715337,0,118211,189,2,20543504,2818500,603,188,True,4276,11642795,2692,8841949,1584,2800846,2692,8841949,0,0,1584,2800846,45,117,312534,150161,1392956387,17042333,0,0,0,86757376,129568768,72208384,32768,4096,0,13303808,0,12641744,0,3458,0,0,0,0,0,269029376,261033105,577536,11309,15036416,0,0,0,0,56541396000,331348000,0,0,100025527000,675325000,43484131000,343978000,10061,57441764,1,1,0,0
141,performance acknowledgement before historical verification,measured,deepseek-full/performance-result.json#records/140,5a5e1b73733546a5880e1564bce60a43ac0e06b6,f9f675c61e05fb7b4b9e0741a443c4a852b6c56b,14100,ac36de82ab04ad941a3641ce10c4b2c5e8a6cd292b34cae7d441d9d9960fc49e,b0efe339181db8a1f2a74b89390ab2eb777dc63545038e2b9a0121c64edb4c0d,57785429,8715,438671041,2514447542,664700814,303248,268443648,263839744,0,64414,4096,0,0,268443648,263839744,12d2318028c5bb4d20fead2673b5e32522235a012d9ff205b088358a91ad5376b6,12d7d8281587814a75b791feb2a83c72066ca12d1b7d60d009f4b31dee12f29860,True,null,null,null,null,null,4603904,0,2818048,7701259,2907,null,null,null,null,null,null,null,null,null,null,null,null,null,null,null,null,null,null,null,null,null,null,null,null,null,null,null,null,null,null,null,null,null,null,null,null,null,null,null,null,null,null,null,null,null,null,null,null,null,null,null,null,null,null,null,null,null,null,null,null,null,null,null,null,null,null,null,null,null,null,null,null,null,null,null,null,null,null,null,null,null,null,null,null,null,null,null,null,null,null,null,null,null,null,null,null,null,null,null,null,null,null,null,null,null,null,null,null,null,null,null,null,null,null,null,null,null,1733306208,511363709,573440,8192,38552080,104448000,104366080,0,4,10950,0,0,0,0,0,46803597,3590,0,0,30331275,0,0,0,0,0,3650,0,0,0,0,0,0,0,0,0,0,0,0,True,324572708,306203167,352256,12107776,38535696,104448000,104349696,71,241,4458,525,140,525,153,16654272,22515728,1456,96,751,13771917,449,24201793,0,2924853,2811,1486,0,0,2103356,63278036,0,69063,141,1,10955600,2634050,653,140,True,4469,10055100,2907,7701259,1562,2353841,2907,7701259,0,0,1562,2353841,43,134,287625,150552,1398455747,17897585,0,0,0,86491136,129568768,72216576,32768,4096,0,13381632,0,12716464,0,3485,0,0,0,0,0,269033472,263851233,581632,11389,13877248,0,0,0,0,56926373000,384977000,0,0,100813180000,787653000,43886807000,402676000,10123,57785429,1,1,0,0
142,performance acknowledgement before historical verification,measured,deepseek-full/performance-result.json#records/141,266440c5a782a094087385278ec759d4cf834035,5fcbf5d645826b63ca829b90abb4abf858c6806d,14200,4a14e7837b1726c5d4c6e61eb4160641ddd88ac54a71718cf23623a59025c19d,7cfe8957426d5a1e0c9724e4efd9b24fb603d88aa7a15acf7577b7dc53e29a59,59351465,8980,477424083,2427866166,671850438,306261,268443648,266518528,0,65068,4096,0,0,268443648,266518528,12d7d8281587814a75b791feb2a83c72066ca12d1b7d60d009f4b31dee12f29860,12711263fa138df428502566f904136175d404d94aa8d330020f3bbf467693570c,True,null,null,null,null,null,1925120,0,2678784,7149624,3013,null,null,null,null,null,null,null,null,null,null,null,null,null,null,null,null,null,null,null,null,null,null,null,null,null,null,null,null,null,null,null,null,null,null,null,null,null,null,null,null,null,null,null,null,null,null,null,null,null,null,null,null,null,null,null,null,null,null,null,null,null,null,null,null,null,null,null,null,null,null,null,null,null,null,null,null,null,null,null,null,null,null,null,null,null,null,null,null,null,null,null,null,null,null,null,null,null,null,null,null,null,null,null,null,null,null,null,null,null,null,null,null,null,null,null,null,null,1608407292,385065125,36864,8192,38552080,104448000,104366080,0,13,6870,0,0,0,0,0,29377648,2235,0,0,19422451,0,0,0,0,0,2290,0,0,0,0,0,0,0,0,0,0,0,0,True,322000542,299474292,61440,11415552,38535696,104448000,104349696,273,230,3942,319,112,319,150,16654272,19237154,1291,81,739,12291220,408,23052908,0,2744055,2932,1314,0,0,1591636,56525501,0,86373,112,1,9683872,2511350,657,112,True,4551,9476083,3013,7149624,1538,2326459,3013,7149624,0,0,1538,2326459,41,149,310525,151001,1403876327,20034249,0,0,0,87220224,129568768,72220672,32768,4096,0,13721600,0,13059560,0,3511,0,0,0,0,0,269037568,266530097,585728,11469,13185024,0,0,0,0,57290072000,363699000,0,0,101615724000,802544000,44325651000,438844000,10422,59351465,1,1,0,0
143,performance acknowledgement before historical verification,measured,deepseek-full/performance-result.json#records/142,4b48b2b43995578bf86289aedd2ef54ae75288e6,b9ff8adb60c9752982900c4a4891dd32fb9f4cfc,14300,49b54272fd850f5e90f7961d7c1b044479e42feb8bcc3e3296173c9f73e6628d,bbb26f1424e691fc65be9b34318aa4039b86bb8f90601bbe22208f3a5059ad97,59120936,8934,483884042,2483169625,678401391,308147,285220864,268795904,0,65624,4096,0,0,285220864,268795904,12711263fa138df428502566f904136175d404d94aa8d330020f3bbf467693570c,12408a53b8088eb9b4c7fecf00a8e16479c1ff653885d198d2182f0ed6464b6f54,True,null,null,null,null,null,16424960,16777216,2277376,6550953,1886,null,null,null,null,null,null,null,null,null,null,null,null,null,null,null,null,null,null,null,null,null,null,null,null,null,null,null,null,null,null,null,null,null,null,null,null,null,null,null,null,null,null,null,null,null,null,null,null,null,null,null,null,null,null,null,null,null,null,null,null,null,null,null,null,null,null,null,null,null,null,null,null,null,null,null,null,null,null,null,null,null,null,null,null,null,null,null,null,null,null,null,null,null,null,null,null,null,null,null,null,null,null,null,null,null,null,null,null,null,null,null,null,null,null,null,null,null,1621163750,454191959,413696,8192,38552080,104448000,104366080,0,22,10806,0,0,0,0,0,44456062,3562,0,0,30081273,0,0,0,0,0,3602,0,0,0,0,0,0,0,0,0,0,0,0,True,359230625,323464500,4096000,11796480,38634000,104480768,104448000,6,323,5415,473,154,473,160,16654272,26423310,1768,97,518,15866910,392,20106333,0,2410257,1789,1805,0,0,2484520,79095248,0,73333,155,1,13541104,2142257,420,154,True,4099,10142444,1886,6550953,2213,3591491,1886,6550953,0,0,2213,3591491,34,99,295433,150935,1405814407,18891208,0,0,0,86953984,129568768,72216576,32768,4096,0,13676544,0,13015040,0,3538,0,0,0,0,0,285818880,268807553,589824,11549,13484032,0,0,0,0,57616008000,325936000,0,0,102349710000,733986000,44733701000,408050000,10374,59120936,1,1,0,0
144,performance acknowledgement before historical verification,measured,deepseek-full/performance-result.json#records/143,837cc95245e8626afb1feeae02a8d2135ca2e883,f57053f4cf53c39a47ab39ed08b4b34ccbd6c9fc,14400,ab365019c58904eec358c25648d502c7e645ac0ad962ca898de3f166bcaddea5,77bfcff74e3ae8e6937d42dd9bbe173203c41afccc4df38b917e38ae36459b04,59511582,9001,702452584,3535872166,689631912,313408,285220864,273248256,0,66711,4096,0,0,285220864,273248256,12408a53b8088eb9b4c7fecf00a8e16479c1ff653885d198d2182f0ed6464b6f54,1233336f0314d7aed8300b55954c502da714128aea0aba894f21518965b668eaa0,True,null,null,null,null,null,11972608,0,4452352,11230521,5261,null,null,null,null,null,null,null,null,null,null,null,null,null,null,null,null,null,null,null,null,null,null,null,null,null,null,null,null,null,null,null,null,null,null,null,null,null,null,null,null,null,null,null,null,null,null,null,null,null,null,null,null,null,null,null,null,null,null,null,null,null,null,null,null,null,null,null,null,null,null,null,null,null,null,null,null,null,null,null,null,null,null,null,null,null,null,null,null,null,null,null,null,null,null,null,null,null,null,null,null,null,null,null,null,null,null,null,null,null,null,null,null,null,null,null,null,null,2406373125,684104001,819200,8192,38732304,104562688,104546304,0,35,16578,0,0,0,0,0,68098321,5411,0,0,47735837,0,0,0,0,0,5526,0,0,0,0,0,0,0,0,0,0,0,0,True,410894833,402735792,327680,16654336,38715920,104628224,104529920,151,309,6918,1068,144,1068,127,16654272,33836449,2272,103,1338,21822546,613,35170495,0,4428251,5158,2306,0,0,2264283,65823125,0,110351,146,0,11320048,4148942,1235,144,True,7323,14508892,5261,11230521,2062,3278371,5261,11230521,0,0,2062,3278371,65,189,328945,152092,1416867708,16151624,0,0,0,87056384,129568768,72257536,32768,4096,0,13750272,0,13089592,0,3573,0,0,0,0,0,285822976,273259985,593920,11629,19517440,0,0,0,0,58197904000,581896000,0,0,103394481000,1044771000,45196577000,462876000,10442,59511582,1,1,0,0
145,performance acknowledgement before historical verification,measured,deepseek-full/performance-result.json#records/144,5f135ea9778ee617290fc567eae415e4a0bbee00,9cc89dd4f5de4719fbeb53a611d849f3d0c04236,14500,04257c2ad236b9b6be0cde87635e4a92490ca058d69c502c5c5fff9ebe863002,4576268e2ad45a4b69fbc195a41c61fab964349a1cc825b2adc87a1de1098f8b,60447635,9152,756599334,3745019833,703074409,318752,285220864,278253568,0,67933,4096,0,0,285220864,278253568,1233336f0314d7aed8300b55954c502da714128aea0aba894f21518965b668eaa0,12144ddc5cf5a0e2d06f69beb37d13d67adb5777264d1ec5082c00b7fcee07c452,True,null,null,null,null,null,6967296,0,5005312,13442497,5344,null,null,null,null,null,null,null,null,null,null,null,null,null,null,null,null,null,null,null,null,null,null,null,null,null,null,null,null,null,null,null,null,null,null,null,null,null,null,null,null,null,null,null,null,null,null,null,null,null,null,null,null,null,null,null,null,null,null,null,null,null,null,null,null,null,null,null,null,null,null,null,null,null,null,null,null,null,null,null,null,null,null,null,null,null,null,null,null,null,null,null,null,null,null,null,null,null,null,null,null,null,null,null,null,null,null,null,null,null,null,null,null,null,null,null,null,null,2485004250,763890583,1605632,8192,38732304,104628224,104546304,0,36,19995,0,0,0,0,0,82265894,6614,0,0,53735862,0,0,0,0,0,6665,0,0,0,0,0,0,0,0,0,0,0,0,True,486157958,484758125,147456,19599360,38715920,104628224,104529920,159,383,6114,1050,162,1050,134,16654272,31679084,1997,96,1408,17791702,729,43405908,0,4852101,5248,2038,0,0,2514216,90904921,0,236475,164,15,16044912,4646971,1296,162,True,7192,16835490,5344,13442497,1848,3392993,5344,13442497,0,0,1848,3392993,73,197,326492,152648,1426111202,17258291,0,0,0,87150592,129568768,72265728,32768,8192,0,13959168,0,13291688,0,3608,0,0,0,0,0,285827072,278265377,598016,11709,22024192,0,0,0,0,58763701000,565797000,0,0,104426648000,1032167000,45662947000,466370000,10614,60447635,1,1,0,0
146,performance acknowledgement before historical verification,measured,deepseek-full/performance-result.json#records/145,6c63e708b855eef1cc5a3c274876b055f961a475,c4083b7687120da31e3a7c907dcc5f18721269a3,14600,3f21c9477000519e8bfa3f147922c7d54121db9bcd2f5ee198f5ee2a8f9c045d,a6970d606d1c5274eef6b6eacc17917354a88f15ec49a1fb2abb66b88ad56dbf,59966211,9084,431391000,2498268375,708563103,320179,285220864,280219648,0,68413,4096,0,0,285220864,280219648,12144ddc5cf5a0e2d06f69beb37d13d67adb5777264d1ec5082c00b7fcee07c452,12e8714cbdd822db96041a450892d51c79bf174fc917dea885e00a97552176dbe8,True,null,null,null,null,null,5001216,0,1966080,5488694,1427,null,null,null,null,null,null,null,null,null,null,null,null,null,null,null,null,null,null,null,null,null,null,null,null,null,null,null,null,null,null,null,null,null,null,null,null,null,null,null,null,null,null,null,null,null,null,null,null,null,null,null,null,null,null,null,null,null,null,null,null,null,null,null,null,null,null,null,null,null,null,null,null,null,null,null,null,null,null,null,null,null,null,null,null,null,null,null,null,null,null,null,null,null,null,null,null,null,null,null,null,null,null,null,null,null,null,null,null,null,null,null,null,null,null,null,null,null,1751383375,655827500,32768,8192,38732304,104628224,104546304,0,77,27546,0,0,0,0,0,132886273,9134,0,0,68307369,0,0,0,0,0,9182,0,0,0,0,0,0,0,0,0,0,0,0,True,296296875,273569250,57344,11980800,38748688,104660992,104562688,3,233,5523,347,115,347,160,16654272,27567325,1808,79,383,17500363,333,17326627,0,2110892,1348,1841,0,0,1579815,54707419,0,37715,115,0,9333984,1842309,304,115,True,3474,9836167,1427,5488694,2047,4347473,1427,5488694,0,0,2047,4347473,29,88,287926,152848,1432927427,19197125,0,0,0,87117824,129568768,72265728,32768,8192,0,13869056,0,13208640,0,3634,0,0,0,0,0,285831168,280231537,602112,11789,13299712,0,0,0,0,59121353000,357652000,0,0,105172639000,745991000,46051285000,388338000,10536,59966211,1,1,0,0
147,performance acknowledgement before historical verification,measured,deepseek-full/performance-result.json#records/146,ac640398436c204df1cf4ad33f0ead1ff6d542ad,c410b5b1c52492de845b7619f1ba85d18067f6b3,14700,0ecfcb02c029d041ab3eed3821b791baf7c1130e7ef2a885c3b57008a92513b2,1b3739990e2fdc5993595dacc1d80f30353fe05a3fc5d6d6bb43041ca1baf084,60304946,9015,536812375,2724151500,713286824,321982,285220864,282460160,0,68960,4096,0,0,285220864,282460160,12e8714cbdd822db96041a450892d51c79bf174fc917dea885e00a97552176dbe8,127a91ce9f6c60c4dd82333dee44299fdc4a5bf2fe948160035be8572ca8c11a2f,True,null,null,null,null,null,2760704,0,2240512,4723721,1803,null,null,null,null,null,null,null,null,null,null,null,null,null,null,null,null,null,null,null,null,null,null,null,null,null,null,null,null,null,null,null,null,null,null,null,null,null,null,null,null,null,null,null,null,null,null,null,null,null,null,null,null,null,null,null,null,null,null,null,null,null,null,null,null,null,null,null,null,null,null,null,null,null,null,null,null,null,null,null,null,null,null,null,null,null,null,null,null,null,null,null,null,null,null,null,null,null,null,null,null,null,null,null,null,null,null,null,null,null,null,null,null,null,null,null,null,null,1868334125,551959500,0,8192,38765072,104660992,104579072,0,25,16269,0,0,0,0,0,74484325,5247,0,0,46141074,0,0,0,0,0,5423,0,0,0,0,0,0,0,0,0,0,0,0,True,300420792,288832875,12288,15527936,38748688,104660992,104562688,59,195,6885,632,57,632,156,16654272,34411121,2253,40,449,20155757,270,15350624,0,2211046,1763,2295,0,0,1129659,23584953,0,54341,58,1,3687104,2110387,408,57,True,4962,13136064,1803,4723721,3159,8412343,1803,4723721,0,0,3159,8412343,28,103,312710,153472,1443625997,18584208,0,0,0,87154688,129568768,72269824,32768,0,0,13783040,0,13122528,0,3662,0,0,0,0,0,285835264,282472129,606208,11869,17358848,0,0,0,0,59530122000,408769000,0,0,106035443000,862804000,46505320000,454035000,10461,60304946,1,1,0,0
148,performance acknowledgement before historical verification,measured,deepseek-full/performance-result.json#records/147,01141e619a1d44b1c9a39bc1107b4a7fd9333e3d,3e72dcfbd76844ca09151af5529b0d5c3ae4e8b2,14800,035c78a2be1ab4b4b47ffd11f16b077b1071a485432e8cf33a943b4587b4e895,4bc228380264c537e7a3edf316a637c2a72945ceb8d87b5e9ece7eb14ca622fa,60711815,9044,446164208,2036705500,716975762,322951,285220864,284012544,0,69339,4096,0,0,285220864,284012544,127a91ce9f6c60c4dd82333dee44299fdc4a5bf2fe948160035be8572ca8c11a2f,1207d8c7d34af865c8fd79f3564cfec48dbd25cf581dd2580fbe8861ecf6d4e83b,True,null,null,null,null,null,1208320,0,1552384,3688938,969,null,null,null,null,null,null,null,null,null,null,null,null,null,null,null,null,null,null,null,null,null,null,null,null,null,null,null,null,null,null,null,null,null,null,null,null,null,null,null,null,null,null,null,null,null,null,null,null,null,null,null,null,null,null,null,null,null,null,null,null,null,null,null,null,null,null,null,null,null,null,null,null,null,null,null,null,null,null,null,null,null,null,null,null,null,null,null,null,null,null,null,null,null,null,null,null,null,null,null,null,null,null,null,null,null,null,null,null,null,null,null,null,null,null,null,null,null,1319088833,370865583,0,8192,38765072,104660992,104579072,0,9,9003,0,0,0,0,0,37054055,2901,0,0,26996454,0,0,0,0,0,3001,0,0,0,0,0,0,0,0,0,0,0,0,True,254503959,231359459,36864,6868992,38748688,104660992,104562688,70,201,5352,84,112,84,147,16654272,25769412,1752,81,262,18387508,244,12662297,0,1698876,888,1784,0,0,1521441,59195208,0,81006,114,2,10345776,1456690,179,112,True,2385,5446092,969,3688938,1416,1757154,969,3688938,0,0,1416,1757154,20,77,326335,153088,1442517459,16948500,0,0,0,87339008,129568768,72269824,32768,0,0,13815808,0,13162168,0,3685,0,0,0,0,0,285839360,284024593,610304,11949,8212480,0,0,0,0,59802399000,272277000,0,0,106680223000,644780000,46877824000,372504000,10491,60711815,1,1,0,0
149,performance acknowledgement before historical verification,measured,deepseek-full/performance-result.json#records/148,6e5ed52aedd57cb18f5e2851f3cc8d0e8d7143d2,a24f5ce2eefeba4b77e7359173d38a4670858497,14900,9fa5338b528fd06501bf5e9a500af61913a7179ef040a9626b3ad3a0ce9257b3,70a147d99b575345cf8ed32636665815bbce38efc4e88c27ede6a037490f18f3,59908485,9035,340135834,1655835291,718225237,323369,285220864,284680192,0,69502,4096,0,0,285220864,284680192,1207d8c7d34af865c8fd79f3564cfec48dbd25cf581dd2580fbe8861ecf6d4e83b,129ef2550faced7491995704fc45aec9e8c531c694f58444c912ee16ab5d9dd84b,True,null,null,null,null,null,540672,0,667648,1249475,418,null,null,null,null,null,null,null,null,null,null,null,null,null,null,null,null,null,null,null,null,null,null,null,null,null,null,null,null,null,null,null,null,null,null,null,null,null,null,null,null,null,null,null,null,null,null,null,null,null,null,null,null,null,null,null,null,null,null,null,null,null,null,null,null,null,null,null,null,null,null,null,null,null,null,null,null,null,null,null,null,null,null,null,null,null,null,null,null,null,null,null,null,null,null,null,null,null,null,null,null,null,null,null,null,null,null,null,null,null,null,null,null,null,null,null,null,null,1108192167,265309667,53248,8192,38765072,104660992,104579072,0,21,3045,0,0,0,0,0,11887160,854,0,0,9014263,0,0,0,0,0,1015,0,0,0,0,0,0,0,0,0,0,0,0,True,184993416,144647876,1736704,5017600,38748688,104660992,104562688,14,124,3291,27,51,27,142,16654272,15877455,1065,42,78,10759540,92,3423044,0,734846,376,1097,0,0,636130,14788374,0,18786,52,0,2466400,641654,36,51,True,1930,3629434,418,1249475,1512,2379959,418,1249475,0,0,1512,2379959,9,66,243009,152208,1436511448,22513874,0,0,0,87330816,129568768,72269824,32768,4096,0,13815808,0,13158160,0,3706,0,0,0,0,0,285843456,284692321,614400,12029,6303744,0,0,0,0,60008747000,206348000,0,0,107208337000,528114000,47199589000,321765000,10483,59908485,1,1,0,0
150,performance acknowledgement before historical verification,measured,deepseek-full/performance-result.json#records/149,51c65c790df97afdc8597d8e76dbe89609f16320,e76f3b4b6635d56971693b11452d36802364437a,15000,7b0a8f3af7763321942ad61c5e962b37c3b0464b6d2f8b6345456b48331c0cda,0434e66aed758f729884d6d598bb12b4b6628a620dfbde45a097670d71f78492,60977926,8898,1005189583,4957030834,738196254,333240,301998080,292540416,0,71421,4096,0,0,301998080,292540416,129ef2550faced7491995704fc45aec9e8c531c694f58444c912ee16ab5d9dd84b,12b28443410b43fb6cad633ff022baeaa26910a4e8e9106e42490696ed37edce30,True,null,null,null,null,null,9457664,16777216,7860224,19971017,9871,null,null,null,null,null,null,null,null,null,null,null,null,null,null,null,null,null,null,null,null,null,null,null,null,null,null,null,null,null,null,null,null,null,null,null,null,null,null,null,null,null,null,null,null,null,null,null,null,null,null,null,null,null,null,null,null,null,null,null,null,null,null,null,null,null,null,null,null,null,null,null,null,null,null,null,null,null,null,null,null,null,null,null,null,null,null,null,null,null,null,null,null,null,null,null,null,null,null,null,null,null,null,null,null,null,null,null,null,null,null,null,null,null,null,null,null,null,3232797167,839391834,458752,8192,38765072,104660992,104579072,0,44,23391,0,0,0,0,0,97729639,7527,0,0,64035580,0,0,0,0,0,7797,0,0,0,0,0,0,0,0,0,0,0,0,True,699652083,644069750,6311936,27803648,38748688,104660992,104562688,137,355,7575,2126,144,2126,138,16654272,36188256,2438,99,2440,21419214,1005,64286043,0,7456937,9772,2525,0,0,2282358,70285826,0,149446,149,4,11796768,7241315,2337,144,True,11952,24369196,9871,19971017,2081,4398179,9871,19971017,0,0,2081,4398179,114,328,321152,153538,1450089918,19392001,0,0,0,89329664,129568768,74575872,32768,4096,0,13721600,0,13055216,0,3748,0,0,0,0,0,302624768,292552625,618496,12109,32075776,0,0,0,0,60836420000,827673000,0,0,108658399000,1450062000,47821979000,622390000,10350,60977926,1,1,0,0
151,performance acknowledgement before historical verification,measured,deepseek-full/performance-result.json#records/150,731f1268d13ed89fccb1e8841a42f3808858134d,9ab3f52902b3b60e1f229f753087d632a2f29ca3,15100,c4c11b0cc3f5164cfee32423f7cb904f61bae256e2f8564a595514f6201c2bed,6af877c30d4e6225bcc7c66c77087f508ea890b2d2e9ef4c59291b2456fc7360,61430643,8934,489215125,2743106208,744916200,336386,301998080,295256064,0,72084,4096,0,0,301998080,295256064,12b28443410b43fb6cad633ff022baeaa26910a4e8e9106e42490696ed37edce30,12bc6558646b28b7caa465aec3203ed685be74e3e9fb488221bb3118d847251e11,True,null,null,null,null,null,6742016,0,2715648,6719946,3146,null,null,null,null,null,null,null,null,null,null,null,null,null,null,null,null,null,null,null,null,null,null,null,null,null,null,null,null,null,null,null,null,null,null,null,null,null,null,null,null,null,null,null,null,null,null,null,null,null,null,null,null,null,null,null,null,null,null,null,null,null,null,null,null,null,null,null,null,null,null,null,null,null,null,null,null,null,null,null,null,null,null,null,null,null,null,null,null,null,null,null,null,null,null,null,null,null,null,null,null,null,null,null,null,null,null,null,null,null,null,null,null,null,null,null,null,null,1911641334,571038041,5226496,8192,50856464,104660992,103268352,0,19,21819,0,0,0,0,0,98112317,7252,0,0,60392451,0,0,0,0,0,7273,0,0,0,0,0,0,0,0,0,0,0,0,True,322610666,307927457,1654784,10752000,50856464,104660992,103268352,79,215,5736,606,107,606,134,16654272,30835637,1877,80,805,18860353,371,21112286,0,2675386,3066,1912,0,0,1307743,38480384,0,48265,107,0,6610624,2511147,725,107,True,4846,9055512,3146,6719946,1700,2335566,3146,6719946,0,0,1700,2335566,39,137,283618,153675,1450987325,19639083,0,0,0,89432064,129568768,74571776,32768,4096,0,13783040,0,13111368,0,3777,0,0,0,0,0,302628864,295268353,622592,12189,12906496,0,0,0,0,61292585000,456165000,0,0,109550573000,892174000,48257987000,436008000,10393,61430643,1,1,0,0
152,performance acknowledgement before historical verification,measured,deepseek-full/performance-result.json#records/151,97fe39920ad466b41b8112fa548fba4afca39ec5,03e1783b79c68ca78889ad7fe4f94f6d20d16d75,15200,3c7e2c8d0b1985eae0d7fa1b9d574a2a2378d31d56ee6fcfa6aa867e113ece46,8d90deb8a44ce0ecf2fc68fe096109bce1cdb61bc813edd7fd6120344c372b25,61474519,8952,650452458,3222966167,751042758,339451,301998080,297697280,0,72680,4096,0,0,301998080,297697280,12bc6558646b28b7caa465aec3203ed685be74e3e9fb488221bb3118d847251e11,12521e38a492c0a3877be528587bf08f68eac92fae97ecd212e6890c879909454f,True,null,null,null,null,null,4300800,0,2441216,6126558,3065,null,null,null,null,null,null,null,null,null,null,null,null,null,null,null,null,null,null,null,null,null,null,null,null,null,null,null,null,null,null,null,null,null,null,null,null,null,null,null,null,null,null,null,null,null,null,null,null,null,null,null,null,null,null,null,null,null,null,null,null,null,null,null,null,null,null,null,null,null,null,null,null,null,null,null,null,null,null,null,null,null,null,null,null,null,null,null,null,null,null,null,null,null,null,null,null,null,null,null,null,null,null,null,null,null,null,null,null,null,null,null,null,null,null,null,null,null,2194927875,661954542,163840,8192,50872848,104660992,103284736,0,41,16605,0,0,0,0,0,69489133,5478,0,0,45925850,0,0,0,0,0,5535,0,0,0,0,0,0,0,0,0,0,0,0,True,355446667,343512374,81920,13918208,50856464,104660992,103268352,50,242,6588,884,97,884,134,16654272,33160760,2145,69,764,20410800,349,18493413,0,2441686,2996,2196,0,0,1289338,46686665,0,75336,99,1,8136912,2278867,694,97,True,6102,12036666,3065,6126558,3037,5910108,3065,6126558,0,0,3037,5910108,37,153,285406,153972,1454098556,22139167,0,0,0,89260032,129568768,74575872,32768,4096,0,13807616,0,13131640,0,3809,0,0,0,0,0,302632960,297709649,626688,12269,16474112,0,0,0,0,61763631000,471046000,0,0,110493162000,942589000,48729530000,471543000,10412,61474519,1,1,0,0
153,performance acknowledgement before historical verification,measured,deepseek-full/performance-result.json#records/152,b25d4faaaa5457a7e2bf5163c6f3a6c2e7c6b5aa,35889c0ff2ed624a2c16cec0e85d9e90fd20fa65,15300,2f3f4429ed15c13e2bbc5ff18aa26e5da5d29f0a8ddd4721cd14126d3043ae65,56857f1bfbfa9b465bce486f1def9eba658434f6a04f9f30c77928dd677c098a,63008676,9132,1263069417,6104732875,777454881,353933,318775296,309039104,0,75449,4096,0,0,318775296,309039104,12521e38a492c0a3877be528587bf08f68eac92fae97ecd212e6890c879909454f,12ea406823d975e4dbca07e2ddc04bcd1ce24153a6e1651f9fc97e480c93488dd5,True,null,null,null,null,null,9736192,16777216,11341824,26412123,14482,null,null,null,null,null,null,null,null,null,null,null,null,null,null,null,null,null,null,null,null,null,null,null,null,null,null,null,null,null,null,null,null,null,null,null,null,null,null,null,null,null,null,null,null,null,null,null,null,null,null,null,null,null,null,null,null,null,null,null,null,null,null,null,null,null,null,null,null,null,null,null,null,null,null,null,null,null,null,null,null,null,null,null,null,null,null,null,null,null,null,null,null,null,null,null,null,null,null,null,null,null,null,null,null,null,null,null,null,null,null,null,null,null,null,null,null,null,3993206917,996549709,12242944,8192,50889232,104660992,103301120,0,115,31833,0,0,0,0,0,152267925,10492,0,0,82581693,0,0,0,0,0,10611,0,0,0,0,0,0,0,0,0,0,0,0,True,828119625,806081583,5140480,34361344,51167760,104660992,103579648,1719,338,9015,1690,156,1690,141,16654272,44136388,2927,106,3635,29272517,1317,84042999,0,10646705,14376,3005,0,0,2435660,86151122,0,170209,161,1,15054528,10378327,3528,156,True,16466,30587028,14482,26412123,1984,4174905,14482,26412123,0,0,1984,4174905,165,362,305860,156625,1474953236,20336916,0,0,0,90284032,129568768,75116544,32768,8192,0,14422016,0,13761672,0,3860,0,0,0,0,0,319414272,309051553,630784,12349,40247296,0,0,0,0,62833394000,1069763000,0,0,112374602000,1881440000,49541207000,811677000,10610,63008676,1,1,0,0
154,performance acknowledgement before historical verification,measured,deepseek-full/performance-result.json#records/153,5c8e1b53de2b203d953330d7c379ed22f0c7484c,4c86596dce8a58de1d120b862c47159f02558b9b,15400,72ba2fc08b56754c92a40767ba8be8a25956b515c00ab7178de0a1510fb9e25d,3bf8bf945489065a7e3be91029d6ed00376d38d869dd91266f79f80fb1ad9d5e,63426160,9213,431852625,2140617500,782996999,355753,318775296,311250944,0,75989,4096,0,0,318775296,311250944,12ea406823d975e4dbca07e2ddc04bcd1ce24153a6e1651f9fc97e480c93488dd5,1255f8f912472630a62c23b210f96dddbffa74d58c1541ec9ce68de458fdbb70fd,True,null,null,null,null,null,7524352,0,2211840,5542118,1820,null,null,null,null,null,null,null,null,null,null,null,null,null,null,null,null,null,null,null,null,null,null,null,null,null,null,null,null,null,null,null,null,null,null,null,null,null,null,null,null,null,null,null,null,null,null,null,null,null,null,null,null,null,null,null,null,null,null,null,null,null,null,null,null,null,null,null,null,null,null,null,null,null,null,null,null,null,null,null,null,null,null,null,null,null,null,null,null,null,null,null,null,null,null,null,null,null,null,null,null,null,null,null,null,null,null,null,null,null,null,null,null,null,null,null,null,null,1411912209,454693624,507904,8192,51200528,104660992,103612416,0,36,21090,0,0,0,0,0,94515074,6996,0,0,54300168,0,0,0,0,0,7030,0,0,0,0,0,0,0,0,0,0,0,0,True,275341125,256638958,126976,10764288,51200528,104660992,103612416,85,200,5361,242,105,242,156,16654272,26569298,1763,80,452,17771504,320,17344673,0,2296321,1740,1787,0,0,1281466,48928464,0,87963,109,0,8550752,2077178,372,105,True,3426,8330331,1820,5542118,1606,2788213,1820,5542118,0,0,1606,2788213,30,99,265835,156137,1473712584,21511541,0,0,0,90857472,129568768,75112448,32768,8192,0,14548992,0,13875376,0,3884,0,0,0,0,0,319418368,311263473,634880,12429,11628544,0,0,0,0,63140085000,306691000,0,0,113067061000,692459000,49926976000,385769000,10703,63426160,1,1,0,0
155,performance acknowledgement before historical verification,measured,deepseek-full/performance-result.json#records/154,eb17028720b98ddd4212a2c7b57600903200e0ff,b8d0518d78bfc40438bf070b4ae1d28f04c3c0ab,15500,9380dea5834112be66356a9915928d1b8b389aac780e729f17df3d63cfaeb67e,9fc141f948c6ae5737c60d4ae8bf15dfeeb0e68665fc2ff35596137352933d0f,51994352,8083,1927057208,9773389167,785124077,358118,318775296,312627200,0,76325,4096,0,0,318775296,312627200,1255f8f912472630a62c23b210f96dddbffa74d58c1541ec9ce68de458fdbb70fd,12e9180321d67911f72ef7ce015419224932e54bf726bdd3e964435fab543998c1,True,null,null,null,null,null,6148096,0,1376256,2127078,2365,null,null,null,null,null,null,null,null,null,null,null,null,null,null,null,null,null,null,null,null,null,null,null,null,null,null,null,null,null,null,null,null,null,null,null,null,null,null,null,null,null,null,null,null,null,null,null,null,null,null,null,null,null,null,null,null,null,null,null,null,null,null,null,null,null,null,null,null,null,null,null,null,null,null,null,null,null,null,null,null,null,null,null,null,null,null,null,null,null,null,null,null,null,null,null,null,null,null,null,null,null,null,null,null,null,null,null,null,null,null,null,null,null,null,null,null,null,6865246708,1529352667,540672,8192,51216912,104660992,103628800,0,41,50751,0,0,0,0,0,225935373,16691,0,0,140559345,0,0,0,0,0,16917,0,0,0,0,0,0,0,0,0,0,0,0,True,956878792,1001725167,438272,40730624,57246224,109658112,109658112,42,356,38343,3530,7,3530,119,16654272,202806462,12581,5,107,110352053,137,6322584,0,1279829,2360,12781,0,0,151046,2830458,0,13959,7,1,486912,1268937,101,7,True,28542,47023957,2365,2127078,26177,44896879,2365,2127078,0,0,26177,44896879,16,236,262479,162308,1514850553,24206459,0,0,0,90193920,139296768,75792384,32768,0,0,13082624,0,12419968,0,3964,0,0,0,0,0,319422464,312639809,638976,12509,63311872,0,0,0,0,65013446000,1873361000,0,0,116168580000,3101519000,51155134000,1228158000,9379,51994352,1,1,0,0
156,performance acknowledgement before historical verification,measured,deepseek-full/performance-result.json#records/155,ea222a1f729f15efb1cbd210b40c535a9111b7d7,655fb08266de8486cbaffcf5edc6a21dd3b4abfe,15600,42fddb5bde3bd6e5879586519cc364443623dc0072173550f68f105947e77d0c,4b0fde24f95265999aa5ecc990e0dddf3e4529f340cd7c952025c7e04148cd1f,57777252,8710,1555130583,7750696833,788192771,360447,318775296,314195968,0,76708,4096,0,0,318775296,314195968,12e9180321d67911f72ef7ce015419224932e54bf726bdd3e964435fab543998c1,125b8cabeb2eb95efdb7de176f623c99d9903bc632e74e59f9dba5892e4c45dd3b,True,null,null,null,null,null,4579328,0,1568768,3068694,2329,null,null,null,null,null,null,null,null,null,null,null,null,null,null,null,null,null,null,null,null,null,null,null,null,null,null,null,null,null,null,null,null,null,null,null,null,null,null,null,null,null,null,null,null,null,null,null,null,null,null,null,null,null,null,null,null,null,null,null,null,null,null,null,null,null,null,null,null,null,null,null,null,null,null,null,null,null,null,null,null,null,null,null,null,null,null,null,null,null,null,null,null,null,null,null,null,null,null,null,null,null,null,null,null,null,null,null,null,null,null,null,null,null,null,null,null,null,5416936459,1464254625,0,8192,57311760,109756416,109723648,0,152,71043,0,0,0,0,0,327596410,23523,0,0,187550095,0,0,0,0,0,23681,0,0,0,0,0,0,0,0,0,0,0,0,True,759080916,783390832,163840,47693824,57360912,109838336,109772800,13,357,24912,3048,50,3048,132,16654272,134351485,8209,24,150,73638118,198,9320123,0,1528173,2305,8304,0,0,848407,28210083,0,40660,52,3,5011664,1467068,121,50,True,22932,42852113,2329,3068694,20603,39783419,2329,3068694,0,0,20603,39783419,20,212,278867,166549,1548017236,19548875,0,0,0,90759168,139878400,75886592,32768,0,0,13869056,0,13209824,0,4029,0,0,0,0,0,319426560,314208657,643072,12589,56066048,0,0,0,0,66500606000,1487160000,0,0,118555612000,2387032000,52055006000,899872000,10117,57777252,1,1,0,0
157,performance acknowledgement before historical verification,measured,deepseek-full/performance-result.json#records/156,b0a7d2ce3b4c19d7452e364b2d7acbfa87e707ed,0175125b5dc4dd08965eb576b7c8aee28a73e0c3,15632,10e705a338baa86a1656c4b462aa27e9a3f6381d74b4f0fd31bd82c80d295e3c,96360fa03b999e2726908f6e162bbba3a9e3bd3f52422e4402798447e9dd9626,65020822,9415,1857006000,9380723333,799525289,366141,335552512,318832640,0,77840,4096,0,0,335552512,318832640,125b8cabeb2eb95efdb7de176f623c99d9903bc632e74e59f9dba5892e4c45dd3b,128b640503bfb6b0ee4a9e52b096461754b300f3aeff1d810cc96fb90bd1e60aee,True,null,null,null,null,null,16719872,16777216,4636672,11332518,5694,null,null,null,null,null,null,null,null,null,null,null,null,null,null,null,null,null,null,null,null,null,null,null,null,null,null,null,null,null,null,null,null,null,null,null,null,null,null,null,null,null,null,null,null,null,null,null,null,null,null,null,null,null,null,null,null,null,null,null,null,null,null,null,null,null,null,null,null,null,null,null,null,null,null,null,null,null,null,null,null,null,null,null,null,null,null,null,null,null,null,null,null,null,null,null,null,null,null,null,null,null,null,null,null,null,null,null,null,null,null,null,null,null,null,null,null,null,6497815167,1363003042,0,8192,53821968,109838336,109789184,0,95,57162,0,0,0,0,0,254082038,18946,0,0,152934012,0,0,0,0,0,19054,0,0,0,0,0,0,0,0,0,0,0,0,True,1006291708,1064105374,114688,60768256,54919696,110903296,110886912,259,411,26427,3700,98,3700,121,16654272,143310335,8646,40,1176,80283917,602,36161287,0,4341618,5654,8809,0,0,1721021,72252998,0,197608,100,17,12690800,4270280,1115,98,True,29210,54707077,5694,11332518,23516,43374559,5694,11332518,0,0,23516,43374559,63,225,325254,171873,1589840222,19610458,0,0,0,91656192,149659648,76046336,32768,8192,0,14786560,0,14123448,0,4105,0,0,0,0,0,336207872,318845409,647168,12669,70705152,0,0,0,0,68340145000,1839539000,0,0,121599667000,3044055000,53259522000,1204516000,10924,65020822,1,1,0,0
