first_retained_checkpoint,role,unique_objects,canonical_bytes,snapshot,status,provenance
0,FileState,2,212,post-verification retained Store,derived from authenticated measured inventory,roles-inventory.sqlite; exact product canonical/reference/pack decoders
0,directory_map_leaf,1,44,post-verification retained Store,derived from authenticated measured inventory,roles-inventory.sqlite; exact product canonical/reference/pack decoders
0,directory_state,1,98,post-verification retained Store,derived from authenticated measured inventory,roles-inventory.sqlite; exact product canonical/reference/pack decoders
0,extent_leaf,2,168,post-verification retained Store,derived from authenticated measured inventory,roles-inventory.sqlite; exact product canonical/reference/pack decoders
0,inode_record,1,98,post-verification retained Store,derived from authenticated measured inventory,roles-inventory.sqlite; exact product canonical/reference/pack decoders
0,inode_table_leaf,1,108,post-verification retained Store,derived from authenticated measured inventory,roles-inventory.sqlite; exact product canonical/reference/pack decoders
0,metadata_map_leaf,1,143,post-verification retained Store,derived from authenticated measured inventory,roles-inventory.sqlite; exact product canonical/reference/pack decoders
0,namespace_root,1,121,post-verification retained Store,derived from authenticated measured inventory,roles-inventory.sqlite; exact product canonical/reference/pack decoders
0,payload_chunk,2,58,post-verification retained Store,derived from authenticated measured inventory,roles-inventory.sqlite; exact product canonical/reference/pack decoders
1,FileState,263,27878,post-verification retained Store,derived from authenticated measured inventory,roles-inventory.sqlite; exact product canonical/reference/pack decoders
1,directory_map_leaf,84,20164,post-verification retained Store,derived from authenticated measured inventory,roles-inventory.sqlite; exact product canonical/reference/pack decoders
1,directory_state,84,8232,post-verification retained Store,derived from authenticated measured inventory,roles-inventory.sqlite; exact product canonical/reference/pack decoders
1,extent_leaf,263,23012,post-verification retained Store,derived from authenticated measured inventory,roles-inventory.sqlite; exact product canonical/reference/pack decoders
1,inode_record,346,33908,post-verification retained Store,derived from authenticated measured inventory,roles-inventory.sqlite; exact product canonical/reference/pack decoders
1,inode_table_branch,1,364,post-verification retained Store,derived from authenticated measured inventory,roles-inventory.sqlite; exact product canonical/reference/pack decoders
1,inode_table_leaf,5,23260,post-verification retained Store,derived from authenticated measured inventory,roles-inventory.sqlite; exact product canonical/reference/pack decoders
1,metadata_map_leaf,3,429,post-verification retained Store,derived from authenticated measured inventory,roles-inventory.sqlite; exact product canonical/reference/pack decoders
1,namespace_root,1,121,post-verification retained Store,derived from authenticated measured inventory,roles-inventory.sqlite; exact product canonical/reference/pack decoders
1,payload_chunk,286,1495359,post-verification retained Store,derived from authenticated measured inventory,roles-inventory.sqlite; exact product canonical/reference/pack decoders
1,symlink_state,2,80,post-verification retained Store,derived from authenticated measured inventory,roles-inventory.sqlite; exact product canonical/reference/pack decoders
2,FileState,161,17066,post-verification retained Store,derived from authenticated measured inventory,roles-inventory.sqlite; exact product canonical/reference/pack decoders
2,directory_map_leaf,18,7791,post-verification retained Store,derived from authenticated measured inventory,roles-inventory.sqlite; exact product canonical/reference/pack decoders
2,directory_state,18,1764,post-verification retained Store,derived from authenticated measured inventory,roles-inventory.sqlite; exact product canonical/reference/pack decoders
2,extent_leaf,161,14844,post-verification retained Store,derived from authenticated measured inventory,roles-inventory.sqlite; exact product canonical/reference/pack decoders
2,inode_record,179,17542,post-verification retained Store,derived from authenticated measured inventory,roles-inventory.sqlite; exact product canonical/reference/pack decoders
2,inode_table_branch,1,364,post-verification retained Store,derived from authenticated measured inventory,roles-inventory.sqlite; exact product canonical/reference/pack decoders
2,inode_table_leaf,5,25756,post-verification retained Store,derived from authenticated measured inventory,roles-inventory.sqlite; exact product canonical/reference/pack decoders
2,namespace_root,1,121,post-verification retained Store,derived from authenticated measured inventory,roles-inventory.sqlite; exact product canonical/reference/pack decoders
2,payload_chunk,189,1356519,post-verification retained Store,derived from authenticated measured inventory,roles-inventory.sqlite; exact product canonical/reference/pack decoders
3,FileState,165,17490,post-verification retained Store,derived from authenticated measured inventory,roles-inventory.sqlite; exact product canonical/reference/pack decoders
3,directory_map_leaf,34,12443,post-verification retained Store,derived from authenticated measured inventory,roles-inventory.sqlite; exact product canonical/reference/pack decoders
3,directory_state,34,3332,post-verification retained Store,derived from authenticated measured inventory,roles-inventory.sqlite; exact product canonical/reference/pack decoders
3,extent_leaf,165,15220,post-verification retained Store,derived from authenticated measured inventory,roles-inventory.sqlite; exact product canonical/reference/pack decoders
3,inode_record,199,19502,post-verification retained Store,derived from authenticated measured inventory,roles-inventory.sqlite; exact product canonical/reference/pack decoders
3,inode_table_branch,1,428,post-verification retained Store,derived from authenticated measured inventory,roles-inventory.sqlite; exact product canonical/reference/pack decoders
3,inode_table_leaf,6,31112,post-verification retained Store,derived from authenticated measured inventory,roles-inventory.sqlite; exact product canonical/reference/pack decoders
3,namespace_root,1,121,post-verification retained Store,derived from authenticated measured inventory,roles-inventory.sqlite; exact product canonical/reference/pack decoders
3,payload_chunk,186,1513393,post-verification retained Store,derived from authenticated measured inventory,roles-inventory.sqlite; exact product canonical/reference/pack decoders
4,FileState,284,30104,post-verification retained Store,derived from authenticated measured inventory,roles-inventory.sqlite; exact product canonical/reference/pack decoders
4,directory_map_leaf,114,26622,post-verification retained Store,derived from authenticated measured inventory,roles-inventory.sqlite; exact product canonical/reference/pack decoders
4,directory_state,114,11172,post-verification retained Store,derived from authenticated measured inventory,roles-inventory.sqlite; exact product canonical/reference/pack decoders
4,extent_leaf,284,25256,post-verification retained Store,derived from authenticated measured inventory,roles-inventory.sqlite; exact product canonical/reference/pack decoders
4,inode_record,398,39004,post-verification retained Store,derived from authenticated measured inventory,roles-inventory.sqlite; exact product canonical/reference/pack decoders
4,inode_table_branch,1,428,post-verification retained Store,derived from authenticated measured inventory,roles-inventory.sqlite; exact product canonical/reference/pack decoders
4,inode_table_leaf,6,39176,post-verification retained Store,derived from authenticated measured inventory,roles-inventory.sqlite; exact product canonical/reference/pack decoders
4,namespace_root,1,121,post-verification retained Store,derived from authenticated measured inventory,roles-inventory.sqlite; exact product canonical/reference/pack decoders
4,payload_chunk,309,2139260,post-verification retained Store,derived from authenticated measured inventory,roles-inventory.sqlite; exact product canonical/reference/pack decoders
5,FileState,253,26818,post-verification retained Store,derived from authenticated measured inventory,roles-inventory.sqlite; exact product canonical/reference/pack decoders
5,directory_map_leaf,40,12842,post-verification retained Store,derived from authenticated measured inventory,roles-inventory.sqlite; exact product canonical/reference/pack decoders
5,directory_state,40,3920,post-verification retained Store,derived from authenticated measured inventory,roles-inventory.sqlite; exact product canonical/reference/pack decoders
5,extent_leaf,253,23012,post-verification retained Store,derived from authenticated measured inventory,roles-inventory.sqlite; exact product canonical/reference/pack decoders
5,inode_record,293,28714,post-verification retained Store,derived from authenticated measured inventory,roles-inventory.sqlite; exact product canonical/reference/pack decoders
5,inode_table_branch,1,556,post-verification retained Store,derived from authenticated measured inventory,roles-inventory.sqlite; exact product canonical/reference/pack decoders
5,inode_table_leaf,8,45536,post-verification retained Store,derived from authenticated measured inventory,roles-inventory.sqlite; exact product canonical/reference/pack decoders
5,namespace_root,1,121,post-verification retained Store,derived from authenticated measured inventory,roles-inventory.sqlite; exact product canonical/reference/pack decoders
5,payload_chunk,283,1838740,post-verification retained Store,derived from authenticated measured inventory,roles-inventory.sqlite; exact product canonical/reference/pack decoders
6,FileState,31,3286,post-verification retained Store,derived from authenticated measured inventory,roles-inventory.sqlite; exact product canonical/reference/pack decoders
6,directory_map_leaf,1,1481,post-verification retained Store,derived from authenticated measured inventory,roles-inventory.sqlite; exact product canonical/reference/pack decoders
6,directory_state,1,98,post-verification retained Store,derived from authenticated measured inventory,roles-inventory.sqlite; exact product canonical/reference/pack decoders
6,extent_leaf,31,3044,post-verification retained Store,derived from authenticated measured inventory,roles-inventory.sqlite; exact product canonical/reference/pack decoders
6,inode_record,32,3136,post-verification retained Store,derived from authenticated measured inventory,roles-inventory.sqlite; exact product canonical/reference/pack decoders
6,inode_table_branch,1,556,post-verification retained Store,derived from authenticated measured inventory,roles-inventory.sqlite; exact product canonical/reference/pack decoders
6,inode_table_leaf,8,45664,post-verification retained Store,derived from authenticated measured inventory,roles-inventory.sqlite; exact product canonical/reference/pack decoders
6,namespace_root,1,121,post-verification retained Store,derived from authenticated measured inventory,roles-inventory.sqlite; exact product canonical/reference/pack decoders
6,payload_chunk,37,406015,post-verification retained Store,derived from authenticated measured inventory,roles-inventory.sqlite; exact product canonical/reference/pack decoders
7,FileState,210,22260,post-verification retained Store,derived from authenticated measured inventory,roles-inventory.sqlite; exact product canonical/reference/pack decoders
7,directory_map_leaf,64,17894,post-verification retained Store,derived from authenticated measured inventory,roles-inventory.sqlite; exact product canonical/reference/pack decoders
7,directory_state,64,6272,post-verification retained Store,derived from authenticated measured inventory,roles-inventory.sqlite; exact product canonical/reference/pack decoders
7,extent_leaf,210,19800,post-verification retained Store,derived from authenticated measured inventory,roles-inventory.sqlite; exact product canonical/reference/pack decoders
7,inode_record,274,26852,post-verification retained Store,derived from authenticated measured inventory,roles-inventory.sqlite; exact product canonical/reference/pack decoders
7,inode_table_branch,1,684,post-verification retained Store,derived from authenticated measured inventory,roles-inventory.sqlite; exact product canonical/reference/pack decoders
7,inode_table_leaf,10,57400,post-verification retained Store,derived from authenticated measured inventory,roles-inventory.sqlite; exact product canonical/reference/pack decoders
7,namespace_root,1,121,post-verification retained Store,derived from authenticated measured inventory,roles-inventory.sqlite; exact product canonical/reference/pack decoders
7,payload_chunk,249,2111149,post-verification retained Store,derived from authenticated measured inventory,roles-inventory.sqlite; exact product canonical/reference/pack decoders
8,FileState,301,31906,post-verification retained Store,derived from authenticated measured inventory,roles-inventory.sqlite; exact product canonical/reference/pack decoders
8,directory_map_leaf,58,22435,post-verification retained Store,derived from authenticated measured inventory,roles-inventory.sqlite; exact product canonical/reference/pack decoders
8,directory_state,58,5684,post-verification retained Store,derived from authenticated measured inventory,roles-inventory.sqlite; exact product canonical/reference/pack decoders
8,extent_leaf,301,28204,post-verification retained Store,derived from authenticated measured inventory,roles-inventory.sqlite; exact product canonical/reference/pack decoders
8,inode_record,359,35182,post-verification retained Store,derived from authenticated measured inventory,roles-inventory.sqlite; exact product canonical/reference/pack decoders
8,inode_table_branch,1,812,post-verification retained Store,derived from authenticated measured inventory,roles-inventory.sqlite; exact product canonical/reference/pack decoders
8,inode_table_leaf,12,68688,post-verification retained Store,derived from authenticated measured inventory,roles-inventory.sqlite; exact product canonical/reference/pack decoders
8,namespace_root,1,121,post-verification retained Store,derived from authenticated measured inventory,roles-inventory.sqlite; exact product canonical/reference/pack decoders
8,payload_chunk,351,3113992,post-verification retained Store,derived from authenticated measured inventory,roles-inventory.sqlite; exact product canonical/reference/pack decoders
9,FileState,181,19186,post-verification retained Store,derived from authenticated measured inventory,roles-inventory.sqlite; exact product canonical/reference/pack decoders
9,directory_map_leaf,23,11907,post-verification retained Store,derived from authenticated measured inventory,roles-inventory.sqlite; exact product canonical/reference/pack decoders
9,directory_state,23,2254,post-verification retained Store,derived from authenticated measured inventory,roles-inventory.sqlite; exact product canonical/reference/pack decoders
9,extent_leaf,181,17084,post-verification retained Store,derived from authenticated measured inventory,roles-inventory.sqlite; exact product canonical/reference/pack decoders
9,inode_record,204,19992,post-verification retained Store,derived from authenticated measured inventory,roles-inventory.sqlite; exact product canonical/reference/pack decoders
9,inode_table_branch,1,876,post-verification retained Store,derived from authenticated measured inventory,roles-inventory.sqlite; exact product canonical/reference/pack decoders
9,inode_table_leaf,13,70268,post-verification retained Store,derived from authenticated measured inventory,roles-inventory.sqlite; exact product canonical/reference/pack decoders
9,namespace_root,1,121,post-verification retained Store,derived from authenticated measured inventory,roles-inventory.sqlite; exact product canonical/reference/pack decoders
9,payload_chunk,206,1959681,post-verification retained Store,derived from authenticated measured inventory,roles-inventory.sqlite; exact product canonical/reference/pack decoders
10,FileState,227,24062,post-verification retained Store,derived from authenticated measured inventory,roles-inventory.sqlite; exact product canonical/reference/pack decoders
10,directory_map_leaf,8,7524,post-verification retained Store,derived from authenticated measured inventory,roles-inventory.sqlite; exact product canonical/reference/pack decoders
10,directory_state,8,784,post-verification retained Store,derived from authenticated measured inventory,roles-inventory.sqlite; exact product canonical/reference/pack decoders
10,extent_leaf,227,20508,post-verification retained Store,derived from authenticated measured inventory,roles-inventory.sqlite; exact product canonical/reference/pack decoders
10,inode_record,235,23030,post-verification retained Store,derived from authenticated measured inventory,roles-inventory.sqlite; exact product canonical/reference/pack decoders
10,inode_table_branch,1,876,post-verification retained Store,derived from authenticated measured inventory,roles-inventory.sqlite; exact product canonical/reference/pack decoders
10,inode_table_leaf,13,70908,post-verification retained Store,derived from authenticated measured inventory,roles-inventory.sqlite; exact product canonical/reference/pack decoders
10,namespace_root,1,121,post-verification retained Store,derived from authenticated measured inventory,roles-inventory.sqlite; exact product canonical/reference/pack decoders
10,payload_chunk,238,1674407,post-verification retained Store,derived from authenticated measured inventory,roles-inventory.sqlite; exact product canonical/reference/pack decoders
11,FileState,296,31376,post-verification retained Store,derived from authenticated measured inventory,roles-inventory.sqlite; exact product canonical/reference/pack decoders
11,directory_map_leaf,31,16089,post-verification retained Store,derived from authenticated measured inventory,roles-inventory.sqlite; exact product canonical/reference/pack decoders
11,directory_state,31,3038,post-verification retained Store,derived from authenticated measured inventory,roles-inventory.sqlite; exact product canonical/reference/pack decoders
11,extent_leaf,296,28304,post-verification retained Store,derived from authenticated measured inventory,roles-inventory.sqlite; exact product canonical/reference/pack decoders
11,inode_record,327,32046,post-verification retained Store,derived from authenticated measured inventory,roles-inventory.sqlite; exact product canonical/reference/pack decoders
11,inode_table_branch,1,876,post-verification retained Store,derived from authenticated measured inventory,roles-inventory.sqlite; exact product canonical/reference/pack decoders
11,inode_table_leaf,13,73788,post-verification retained Store,derived from authenticated measured inventory,roles-inventory.sqlite; exact product canonical/reference/pack decoders
11,namespace_root,1,121,post-verification retained Store,derived from authenticated measured inventory,roles-inventory.sqlite; exact product canonical/reference/pack decoders
11,payload_chunk,361,3719838,post-verification retained Store,derived from authenticated measured inventory,roles-inventory.sqlite; exact product canonical/reference/pack decoders
12,FileState,100,10600,post-verification retained Store,derived from authenticated measured inventory,roles-inventory.sqlite; exact product canonical/reference/pack decoders
12,directory_map_leaf,33,10763,post-verification retained Store,derived from authenticated measured inventory,roles-inventory.sqlite; exact product canonical/reference/pack decoders
12,directory_state,33,3234,post-verification retained Store,derived from authenticated measured inventory,roles-inventory.sqlite; exact product canonical/reference/pack decoders
12,extent_leaf,100,9240,post-verification retained Store,derived from authenticated measured inventory,roles-inventory.sqlite; exact product canonical/reference/pack decoders
12,inode_record,133,13034,post-verification retained Store,derived from authenticated measured inventory,roles-inventory.sqlite; exact product canonical/reference/pack decoders
12,inode_table_branch,1,940,post-verification retained Store,derived from authenticated measured inventory,roles-inventory.sqlite; exact product canonical/reference/pack decoders
12,inode_table_leaf,14,79784,post-verification retained Store,derived from authenticated measured inventory,roles-inventory.sqlite; exact product canonical/reference/pack decoders
12,namespace_root,1,121,post-verification retained Store,derived from authenticated measured inventory,roles-inventory.sqlite; exact product canonical/reference/pack decoders
12,payload_chunk,109,750692,post-verification retained Store,derived from authenticated measured inventory,roles-inventory.sqlite; exact product canonical/reference/pack decoders
13,FileState,297,31482,post-verification retained Store,derived from authenticated measured inventory,roles-inventory.sqlite; exact product canonical/reference/pack decoders
13,directory_map_leaf,47,18775,post-verification retained Store,derived from authenticated measured inventory,roles-inventory.sqlite; exact product canonical/reference/pack decoders
13,directory_state,47,4606,post-verification retained Store,derived from authenticated measured inventory,roles-inventory.sqlite; exact product canonical/reference/pack decoders
13,extent_leaf,297,28468,post-verification retained Store,derived from authenticated measured inventory,roles-inventory.sqlite; exact product canonical/reference/pack decoders
13,inode_record,344,33712,post-verification retained Store,derived from authenticated measured inventory,roles-inventory.sqlite; exact product canonical/reference/pack decoders
13,inode_table_branch,1,1068,post-verification retained Store,derived from authenticated measured inventory,roles-inventory.sqlite; exact product canonical/reference/pack decoders
13,inode_table_leaf,16,89088,post-verification retained Store,derived from authenticated measured inventory,roles-inventory.sqlite; exact product canonical/reference/pack decoders
13,namespace_root,1,121,post-verification retained Store,derived from authenticated measured inventory,roles-inventory.sqlite; exact product canonical/reference/pack decoders
13,payload_chunk,367,3686012,post-verification retained Store,derived from authenticated measured inventory,roles-inventory.sqlite; exact product canonical/reference/pack decoders
14,FileState,68,7208,post-verification retained Store,derived from authenticated measured inventory,roles-inventory.sqlite; exact product canonical/reference/pack decoders
14,directory_map_leaf,10,3398,post-verification retained Store,derived from authenticated measured inventory,roles-inventory.sqlite; exact product canonical/reference/pack decoders
14,directory_state,10,980,post-verification retained Store,derived from authenticated measured inventory,roles-inventory.sqlite; exact product canonical/reference/pack decoders
14,extent_leaf,68,6872,post-verification retained Store,derived from authenticated measured inventory,roles-inventory.sqlite; exact product canonical/reference/pack decoders
14,inode_record,78,7644,post-verification retained Store,derived from authenticated measured inventory,roles-inventory.sqlite; exact product canonical/reference/pack decoders
14,inode_table_branch,1,940,post-verification retained Store,derived from authenticated measured inventory,roles-inventory.sqlite; exact product canonical/reference/pack decoders
14,inode_table_leaf,14,78696,post-verification retained Store,derived from authenticated measured inventory,roles-inventory.sqlite; exact product canonical/reference/pack decoders
14,namespace_root,1,121,post-verification retained Store,derived from authenticated measured inventory,roles-inventory.sqlite; exact product canonical/reference/pack decoders
14,payload_chunk,84,854475,post-verification retained Store,derived from authenticated measured inventory,roles-inventory.sqlite; exact product canonical/reference/pack decoders
15,FileState,429,45474,post-verification retained Store,derived from authenticated measured inventory,roles-inventory.sqlite; exact product canonical/reference/pack decoders
15,directory_map_leaf,123,38655,post-verification retained Store,derived from authenticated measured inventory,roles-inventory.sqlite; exact product canonical/reference/pack decoders
15,directory_state,123,12054,post-verification retained Store,derived from authenticated measured inventory,roles-inventory.sqlite; exact product canonical/reference/pack decoders
15,extent_leaf,429,41236,post-verification retained Store,derived from authenticated measured inventory,roles-inventory.sqlite; exact product canonical/reference/pack decoders
15,inode_record,552,54096,post-verification retained Store,derived from authenticated measured inventory,roles-inventory.sqlite; exact product canonical/reference/pack decoders
15,inode_table_branch,1,1260,post-verification retained Store,derived from authenticated measured inventory,roles-inventory.sqlite; exact product canonical/reference/pack decoders
15,inode_table_leaf,19,102852,post-verification retained Store,derived from authenticated measured inventory,roles-inventory.sqlite; exact product canonical/reference/pack decoders
15,namespace_root,1,121,post-verification retained Store,derived from authenticated measured inventory,roles-inventory.sqlite; exact product canonical/reference/pack decoders
15,payload_chunk,527,4683668,post-verification retained Store,derived from authenticated measured inventory,roles-inventory.sqlite; exact product canonical/reference/pack decoders
16,FileState,195,20670,post-verification retained Store,derived from authenticated measured inventory,roles-inventory.sqlite; exact product canonical/reference/pack decoders
16,directory_map_leaf,14,11941,post-verification retained Store,derived from authenticated measured inventory,roles-inventory.sqlite; exact product canonical/reference/pack decoders
16,directory_state,14,1372,post-verification retained Store,derived from authenticated measured inventory,roles-inventory.sqlite; exact product canonical/reference/pack decoders
16,extent_leaf,195,18580,post-verification retained Store,derived from authenticated measured inventory,roles-inventory.sqlite; exact product canonical/reference/pack decoders
16,inode_record,209,20482,post-verification retained Store,derived from authenticated measured inventory,roles-inventory.sqlite; exact product canonical/reference/pack decoders
16,inode_table_branch,1,1260,post-verification retained Store,derived from authenticated measured inventory,roles-inventory.sqlite; exact product canonical/reference/pack decoders
16,inode_table_leaf,19,105220,post-verification retained Store,derived from authenticated measured inventory,roles-inventory.sqlite; exact product canonical/reference/pack decoders
16,namespace_root,1,121,post-verification retained Store,derived from authenticated measured inventory,roles-inventory.sqlite; exact product canonical/reference/pack decoders
16,payload_chunk,226,1931281,post-verification retained Store,derived from authenticated measured inventory,roles-inventory.sqlite; exact product canonical/reference/pack decoders
17,FileState,755,80030,post-verification retained Store,derived from authenticated measured inventory,roles-inventory.sqlite; exact product canonical/reference/pack decoders
17,directory_map_leaf,48,23189,post-verification retained Store,derived from authenticated measured inventory,roles-inventory.sqlite; exact product canonical/reference/pack decoders
17,directory_state,48,4704,post-verification retained Store,derived from authenticated measured inventory,roles-inventory.sqlite; exact product canonical/reference/pack decoders
17,extent_leaf,755,68500,post-verification retained Store,derived from authenticated measured inventory,roles-inventory.sqlite; exact product canonical/reference/pack decoders
17,inode_record,803,78694,post-verification retained Store,derived from authenticated measured inventory,roles-inventory.sqlite; exact product canonical/reference/pack decoders
17,inode_table_branch,1,1388,post-verification retained Store,derived from authenticated measured inventory,roles-inventory.sqlite; exact product canonical/reference/pack decoders
17,inode_table_leaf,21,110300,post-verification retained Store,derived from authenticated measured inventory,roles-inventory.sqlite; exact product canonical/reference/pack decoders
17,namespace_root,1,121,post-verification retained Store,derived from authenticated measured inventory,roles-inventory.sqlite; exact product canonical/reference/pack decoders
17,payload_chunk,842,6556991,post-verification retained Store,derived from authenticated measured inventory,roles-inventory.sqlite; exact product canonical/reference/pack decoders
18,FileState,242,25652,post-verification retained Store,derived from authenticated measured inventory,roles-inventory.sqlite; exact product canonical/reference/pack decoders
18,directory_map_leaf,29,11794,post-verification retained Store,derived from authenticated measured inventory,roles-inventory.sqlite; exact product canonical/reference/pack decoders
18,directory_state,29,2842,post-verification retained Store,derived from authenticated measured inventory,roles-inventory.sqlite; exact product canonical/reference/pack decoders
18,extent_leaf,242,22688,post-verification retained Store,derived from authenticated measured inventory,roles-inventory.sqlite; exact product canonical/reference/pack decoders
18,inode_record,271,26558,post-verification retained Store,derived from authenticated measured inventory,roles-inventory.sqlite; exact product canonical/reference/pack decoders
18,inode_table_branch,1,1388,post-verification retained Store,derived from authenticated measured inventory,roles-inventory.sqlite; exact product canonical/reference/pack decoders
18,inode_table_leaf,21,112476,post-verification retained Store,derived from authenticated measured inventory,roles-inventory.sqlite; exact product canonical/reference/pack decoders
18,namespace_root,1,121,post-verification retained Store,derived from authenticated measured inventory,roles-inventory.sqlite; exact product canonical/reference/pack decoders
18,payload_chunk,275,2363378,post-verification retained Store,derived from authenticated measured inventory,roles-inventory.sqlite; exact product canonical/reference/pack decoders
19,FileState,172,18232,post-verification retained Store,derived from authenticated measured inventory,roles-inventory.sqlite; exact product canonical/reference/pack decoders
19,directory_map_leaf,16,12994,post-verification retained Store,derived from authenticated measured inventory,roles-inventory.sqlite; exact product canonical/reference/pack decoders
19,directory_state,16,1568,post-verification retained Store,derived from authenticated measured inventory,roles-inventory.sqlite; exact product canonical/reference/pack decoders
19,extent_leaf,172,16248,post-verification retained Store,derived from authenticated measured inventory,roles-inventory.sqlite; exact product canonical/reference/pack decoders
19,inode_record,188,18424,post-verification retained Store,derived from authenticated measured inventory,roles-inventory.sqlite; exact product canonical/reference/pack decoders
19,inode_table_branch,1,1388,post-verification retained Store,derived from authenticated measured inventory,roles-inventory.sqlite; exact product canonical/reference/pack decoders
19,inode_table_leaf,21,114332,post-verification retained Store,derived from authenticated measured inventory,roles-inventory.sqlite; exact product canonical/reference/pack decoders
19,namespace_root,1,121,post-verification retained Store,derived from authenticated measured inventory,roles-inventory.sqlite; exact product canonical/reference/pack decoders
19,payload_chunk,193,1662732,post-verification retained Store,derived from authenticated measured inventory,roles-inventory.sqlite; exact product canonical/reference/pack decoders
20,FileState,17,1802,post-verification retained Store,derived from authenticated measured inventory,roles-inventory.sqlite; exact product canonical/reference/pack decoders
20,directory_map_leaf,21,10538,post-verification retained Store,derived from authenticated measured inventory,roles-inventory.sqlite; exact product canonical/reference/pack decoders
20,directory_state,21,2058,post-verification retained Store,derived from authenticated measured inventory,roles-inventory.sqlite; exact product canonical/reference/pack decoders
20,extent_leaf,17,1788,post-verification retained Store,derived from authenticated measured inventory,roles-inventory.sqlite; exact product canonical/reference/pack decoders
20,inode_record,38,3724,post-verification retained Store,derived from authenticated measured inventory,roles-inventory.sqlite; exact product canonical/reference/pack decoders
20,inode_table_branch,1,1004,post-verification retained Store,derived from authenticated measured inventory,roles-inventory.sqlite; exact product canonical/reference/pack decoders
20,inode_table_leaf,15,71444,post-verification retained Store,derived from authenticated measured inventory,roles-inventory.sqlite; exact product canonical/reference/pack decoders
20,namespace_root,1,121,post-verification retained Store,derived from authenticated measured inventory,roles-inventory.sqlite; exact product canonical/reference/pack decoders
20,payload_chunk,18,208419,post-verification retained Store,derived from authenticated measured inventory,roles-inventory.sqlite; exact product canonical/reference/pack decoders
21,FileState,43,4558,post-verification retained Store,derived from authenticated measured inventory,roles-inventory.sqlite; exact product canonical/reference/pack decoders
21,directory_map_leaf,182,58606,post-verification retained Store,derived from authenticated measured inventory,roles-inventory.sqlite; exact product canonical/reference/pack decoders
21,directory_state,182,17836,post-verification retained Store,derived from authenticated measured inventory,roles-inventory.sqlite; exact product canonical/reference/pack decoders
21,extent_leaf,43,4492,post-verification retained Store,derived from authenticated measured inventory,roles-inventory.sqlite; exact product canonical/reference/pack decoders
21,inode_record,225,22050,post-verification retained Store,derived from authenticated measured inventory,roles-inventory.sqlite; exact product canonical/reference/pack decoders
21,inode_table_branch,1,1196,post-verification retained Store,derived from authenticated measured inventory,roles-inventory.sqlite; exact product canonical/reference/pack decoders
21,inode_table_leaf,18,109720,post-verification retained Store,derived from authenticated measured inventory,roles-inventory.sqlite; exact product canonical/reference/pack decoders
21,namespace_root,1,121,post-verification retained Store,derived from authenticated measured inventory,roles-inventory.sqlite; exact product canonical/reference/pack decoders
21,payload_chunk,50,543020,post-verification retained Store,derived from authenticated measured inventory,roles-inventory.sqlite; exact product canonical/reference/pack decoders
22,FileState,801,84906,post-verification retained Store,derived from authenticated measured inventory,roles-inventory.sqlite; exact product canonical/reference/pack decoders
22,directory_map_leaf,147,52855,post-verification retained Store,derived from authenticated measured inventory,roles-inventory.sqlite; exact product canonical/reference/pack decoders
22,directory_state,147,14406,post-verification retained Store,derived from authenticated measured inventory,roles-inventory.sqlite; exact product canonical/reference/pack decoders
22,extent_leaf,801,74404,post-verification retained Store,derived from authenticated measured inventory,roles-inventory.sqlite; exact product canonical/reference/pack decoders
22,inode_record,948,92904,post-verification retained Store,derived from authenticated measured inventory,roles-inventory.sqlite; exact product canonical/reference/pack decoders
22,inode_table_branch,1,1644,post-verification retained Store,derived from authenticated measured inventory,roles-inventory.sqlite; exact product canonical/reference/pack decoders
22,inode_table_leaf,25,138956,post-verification retained Store,derived from authenticated measured inventory,roles-inventory.sqlite; exact product canonical/reference/pack decoders
22,namespace_root,1,121,post-verification retained Store,derived from authenticated measured inventory,roles-inventory.sqlite; exact product canonical/reference/pack decoders
22,payload_chunk,936,7931906,post-verification retained Store,derived from authenticated measured inventory,roles-inventory.sqlite; exact product canonical/reference/pack decoders
23,FileState,20,2120,post-verification retained Store,derived from authenticated measured inventory,roles-inventory.sqlite; exact product canonical/reference/pack decoders
23,directory_map_leaf,30,10996,post-verification retained Store,derived from authenticated measured inventory,roles-inventory.sqlite; exact product canonical/reference/pack decoders
23,directory_state,30,2940,post-verification retained Store,derived from authenticated measured inventory,roles-inventory.sqlite; exact product canonical/reference/pack decoders
23,extent_leaf,20,2320,post-verification retained Store,derived from authenticated measured inventory,roles-inventory.sqlite; exact product canonical/reference/pack decoders
23,inode_record,50,4900,post-verification retained Store,derived from authenticated measured inventory,roles-inventory.sqlite; exact product canonical/reference/pack decoders
23,inode_table_branch,1,1388,post-verification retained Store,derived from authenticated measured inventory,roles-inventory.sqlite; exact product canonical/reference/pack decoders
23,inode_table_leaf,21,112220,post-verification retained Store,derived from authenticated measured inventory,roles-inventory.sqlite; exact product canonical/reference/pack decoders
23,namespace_root,1,121,post-verification retained Store,derived from authenticated measured inventory,roles-inventory.sqlite; exact product canonical/reference/pack decoders
23,payload_chunk,25,235782,post-verification retained Store,derived from authenticated measured inventory,roles-inventory.sqlite; exact product canonical/reference/pack decoders
24,FileState,105,11130,post-verification retained Store,derived from authenticated measured inventory,roles-inventory.sqlite; exact product canonical/reference/pack decoders
24,directory_map_leaf,33,19177,post-verification retained Store,derived from authenticated measured inventory,roles-inventory.sqlite; exact product canonical/reference/pack decoders
24,directory_state,33,3234,post-verification retained Store,derived from authenticated measured inventory,roles-inventory.sqlite; exact product canonical/reference/pack decoders
24,extent_leaf,105,10700,post-verification retained Store,derived from authenticated measured inventory,roles-inventory.sqlite; exact product canonical/reference/pack decoders
24,inode_record,138,13524,post-verification retained Store,derived from authenticated measured inventory,roles-inventory.sqlite; exact product canonical/reference/pack decoders
24,inode_table_branch,1,1388,post-verification retained Store,derived from authenticated measured inventory,roles-inventory.sqlite; exact product canonical/reference/pack decoders
24,inode_table_leaf,21,105180,post-verification retained Store,derived from authenticated measured inventory,roles-inventory.sqlite; exact product canonical/reference/pack decoders
24,namespace_root,1,121,post-verification retained Store,derived from authenticated measured inventory,roles-inventory.sqlite; exact product canonical/reference/pack decoders
24,payload_chunk,126,1441403,post-verification retained Store,derived from authenticated measured inventory,roles-inventory.sqlite; exact product canonical/reference/pack decoders
25,FileState,82,8692,post-verification retained Store,derived from authenticated measured inventory,roles-inventory.sqlite; exact product canonical/reference/pack decoders
25,directory_map_leaf,71,30617,post-verification retained Store,derived from authenticated measured inventory,roles-inventory.sqlite; exact product canonical/reference/pack decoders
25,directory_state,71,6958,post-verification retained Store,derived from authenticated measured inventory,roles-inventory.sqlite; exact product canonical/reference/pack decoders
25,extent_leaf,82,8408,post-verification retained Store,derived from authenticated measured inventory,roles-inventory.sqlite; exact product canonical/reference/pack decoders
25,inode_record,153,14994,post-verification retained Store,derived from authenticated measured inventory,roles-inventory.sqlite; exact product canonical/reference/pack decoders
25,inode_table_branch,1,1388,post-verification retained Store,derived from authenticated measured inventory,roles-inventory.sqlite; exact product canonical/reference/pack decoders
25,inode_table_leaf,21,112732,post-verification retained Store,derived from authenticated measured inventory,roles-inventory.sqlite; exact product canonical/reference/pack decoders
25,namespace_root,1,121,post-verification retained Store,derived from authenticated measured inventory,roles-inventory.sqlite; exact product canonical/reference/pack decoders
25,payload_chunk,92,1009526,post-verification retained Store,derived from authenticated measured inventory,roles-inventory.sqlite; exact product canonical/reference/pack decoders
26,FileState,235,24910,post-verification retained Store,derived from authenticated measured inventory,roles-inventory.sqlite; exact product canonical/reference/pack decoders
26,directory_map_leaf,119,45101,post-verification retained Store,derived from authenticated measured inventory,roles-inventory.sqlite; exact product canonical/reference/pack decoders
26,directory_state,119,11662,post-verification retained Store,derived from authenticated measured inventory,roles-inventory.sqlite; exact product canonical/reference/pack decoders
26,extent_leaf,235,23620,post-verification retained Store,derived from authenticated measured inventory,roles-inventory.sqlite; exact product canonical/reference/pack decoders
26,inode_record,354,34692,post-verification retained Store,derived from authenticated measured inventory,roles-inventory.sqlite; exact product canonical/reference/pack decoders
26,inode_table_branch,1,1516,post-verification retained Store,derived from authenticated measured inventory,roles-inventory.sqlite; exact product canonical/reference/pack decoders
26,inode_table_leaf,23,138740,post-verification retained Store,derived from authenticated measured inventory,roles-inventory.sqlite; exact product canonical/reference/pack decoders
26,namespace_root,1,121,post-verification retained Store,derived from authenticated measured inventory,roles-inventory.sqlite; exact product canonical/reference/pack decoders
26,payload_chunk,283,3254513,post-verification retained Store,derived from authenticated measured inventory,roles-inventory.sqlite; exact product canonical/reference/pack decoders
27,FileState,106,11236,post-verification retained Store,derived from authenticated measured inventory,roles-inventory.sqlite; exact product canonical/reference/pack decoders
27,directory_map_leaf,15,10972,post-verification retained Store,derived from authenticated measured inventory,roles-inventory.sqlite; exact product canonical/reference/pack decoders
27,directory_state,15,1470,post-verification retained Store,derived from authenticated measured inventory,roles-inventory.sqlite; exact product canonical/reference/pack decoders
27,extent_leaf,106,11344,post-verification retained Store,derived from authenticated measured inventory,roles-inventory.sqlite; exact product canonical/reference/pack decoders
27,inode_record,121,11858,post-verification retained Store,derived from authenticated measured inventory,roles-inventory.sqlite; exact product canonical/reference/pack decoders
27,inode_table_branch,1,1580,post-verification retained Store,derived from authenticated measured inventory,roles-inventory.sqlite; exact product canonical/reference/pack decoders
27,inode_table_leaf,24,139936,post-verification retained Store,derived from authenticated measured inventory,roles-inventory.sqlite; exact product canonical/reference/pack decoders
27,namespace_root,1,121,post-verification retained Store,derived from authenticated measured inventory,roles-inventory.sqlite; exact product canonical/reference/pack decoders
27,payload_chunk,126,1536397,post-verification retained Store,derived from authenticated measured inventory,roles-inventory.sqlite; exact product canonical/reference/pack decoders
28,FileState,184,19504,post-verification retained Store,derived from authenticated measured inventory,roles-inventory.sqlite; exact product canonical/reference/pack decoders
28,directory_map_leaf,27,14556,post-verification retained Store,derived from authenticated measured inventory,roles-inventory.sqlite; exact product canonical/reference/pack decoders
28,directory_state,27,2646,post-verification retained Store,derived from authenticated measured inventory,roles-inventory.sqlite; exact product canonical/reference/pack decoders
28,extent_leaf,184,19336,post-verification retained Store,derived from authenticated measured inventory,roles-inventory.sqlite; exact product canonical/reference/pack decoders
28,inode_record,211,20678,post-verification retained Store,derived from authenticated measured inventory,roles-inventory.sqlite; exact product canonical/reference/pack decoders
28,inode_table_branch,1,1452,post-verification retained Store,derived from authenticated measured inventory,roles-inventory.sqlite; exact product canonical/reference/pack decoders
28,inode_table_leaf,22,107208,post-verification retained Store,derived from authenticated measured inventory,roles-inventory.sqlite; exact product canonical/reference/pack decoders
28,namespace_root,1,121,post-verification retained Store,derived from authenticated measured inventory,roles-inventory.sqlite; exact product canonical/reference/pack decoders
28,payload_chunk,241,2694332,post-verification retained Store,derived from authenticated measured inventory,roles-inventory.sqlite; exact product canonical/reference/pack decoders
29,FileState,68,7208,post-verification retained Store,derived from authenticated measured inventory,roles-inventory.sqlite; exact product canonical/reference/pack decoders
29,directory_map_leaf,166,59073,post-verification retained Store,derived from authenticated measured inventory,roles-inventory.sqlite; exact product canonical/reference/pack decoders
29,directory_state,166,16268,post-verification retained Store,derived from authenticated measured inventory,roles-inventory.sqlite; exact product canonical/reference/pack decoders
29,extent_leaf,68,7912,post-verification retained Store,derived from authenticated measured inventory,roles-inventory.sqlite; exact product canonical/reference/pack decoders
29,inode_record,234,22932,post-verification retained Store,derived from authenticated measured inventory,roles-inventory.sqlite; exact product canonical/reference/pack decoders
29,inode_table_branch,1,1644,post-verification retained Store,derived from authenticated measured inventory,roles-inventory.sqlite; exact product canonical/reference/pack decoders
29,inode_table_leaf,25,140044,post-verification retained Store,derived from authenticated measured inventory,roles-inventory.sqlite; exact product canonical/reference/pack decoders
29,namespace_root,1,121,post-verification retained Store,derived from authenticated measured inventory,roles-inventory.sqlite; exact product canonical/reference/pack decoders
29,payload_chunk,94,1207215,post-verification retained Store,derived from authenticated measured inventory,roles-inventory.sqlite; exact product canonical/reference/pack decoders
30,FileState,187,19822,post-verification retained Store,derived from authenticated measured inventory,roles-inventory.sqlite; exact product canonical/reference/pack decoders
30,directory_map_leaf,27,14429,post-verification retained Store,derived from authenticated measured inventory,roles-inventory.sqlite; exact product canonical/reference/pack decoders
30,directory_state,27,2646,post-verification retained Store,derived from authenticated measured inventory,roles-inventory.sqlite; exact product canonical/reference/pack decoders
30,extent_leaf,187,17708,post-verification retained Store,derived from authenticated measured inventory,roles-inventory.sqlite; exact product canonical/reference/pack decoders
30,inode_record,214,20972,post-verification retained Store,derived from authenticated measured inventory,roles-inventory.sqlite; exact product canonical/reference/pack decoders
30,inode_table_branch,1,1708,post-verification retained Store,derived from authenticated measured inventory,roles-inventory.sqlite; exact product canonical/reference/pack decoders
30,inode_table_leaf,26,145144,post-verification retained Store,derived from authenticated measured inventory,roles-inventory.sqlite; exact product canonical/reference/pack decoders
30,namespace_root,1,121,post-verification retained Store,derived from authenticated measured inventory,roles-inventory.sqlite; exact product canonical/reference/pack decoders
30,payload_chunk,216,1928578,post-verification retained Store,derived from authenticated measured inventory,roles-inventory.sqlite; exact product canonical/reference/pack decoders
31,FileState,24,2544,post-verification retained Store,derived from authenticated measured inventory,roles-inventory.sqlite; exact product canonical/reference/pack decoders
31,directory_map_leaf,18,12512,post-verification retained Store,derived from authenticated measured inventory,roles-inventory.sqlite; exact product canonical/reference/pack decoders
31,directory_state,18,1764,post-verification retained Store,derived from authenticated measured inventory,roles-inventory.sqlite; exact product canonical/reference/pack decoders
31,extent_leaf,24,3176,post-verification retained Store,derived from authenticated measured inventory,roles-inventory.sqlite; exact product canonical/reference/pack decoders
31,inode_record,42,4116,post-verification retained Store,derived from authenticated measured inventory,roles-inventory.sqlite; exact product canonical/reference/pack decoders
31,inode_table_branch,1,1644,post-verification retained Store,derived from authenticated measured inventory,roles-inventory.sqlite; exact product canonical/reference/pack decoders
31,inode_table_leaf,25,138636,post-verification retained Store,derived from authenticated measured inventory,roles-inventory.sqlite; exact product canonical/reference/pack decoders
31,namespace_root,1,121,post-verification retained Store,derived from authenticated measured inventory,roles-inventory.sqlite; exact product canonical/reference/pack decoders
31,payload_chunk,27,418957,post-verification retained Store,derived from authenticated measured inventory,roles-inventory.sqlite; exact product canonical/reference/pack decoders
32,FileState,818,86708,post-verification retained Store,derived from authenticated measured inventory,roles-inventory.sqlite; exact product canonical/reference/pack decoders
32,directory_map_leaf,163,65897,post-verification retained Store,derived from authenticated measured inventory,roles-inventory.sqlite; exact product canonical/reference/pack decoders
32,directory_state,163,15974,post-verification retained Store,derived from authenticated measured inventory,roles-inventory.sqlite; exact product canonical/reference/pack decoders
32,extent_leaf,818,75232,post-verification retained Store,derived from authenticated measured inventory,roles-inventory.sqlite; exact product canonical/reference/pack decoders
32,inode_record,981,96138,post-verification retained Store,derived from authenticated measured inventory,roles-inventory.sqlite; exact product canonical/reference/pack decoders
32,inode_table_branch,1,1836,post-verification retained Store,derived from authenticated measured inventory,roles-inventory.sqlite; exact product canonical/reference/pack decoders
32,inode_table_leaf,28,156816,post-verification retained Store,derived from authenticated measured inventory,roles-inventory.sqlite; exact product canonical/reference/pack decoders
32,namespace_root,1,121,post-verification retained Store,derived from authenticated measured inventory,roles-inventory.sqlite; exact product canonical/reference/pack decoders
32,payload_chunk,915,7071389,post-verification retained Store,derived from authenticated measured inventory,roles-inventory.sqlite; exact product canonical/reference/pack decoders
33,FileState,490,51940,post-verification retained Store,derived from authenticated measured inventory,roles-inventory.sqlite; exact product canonical/reference/pack decoders
33,directory_map_leaf,46,30994,post-verification retained Store,derived from authenticated measured inventory,roles-inventory.sqlite; exact product canonical/reference/pack decoders
33,directory_state,46,4508,post-verification retained Store,derived from authenticated measured inventory,roles-inventory.sqlite; exact product canonical/reference/pack decoders
33,extent_leaf,490,47000,post-verification retained Store,derived from authenticated measured inventory,roles-inventory.sqlite; exact product canonical/reference/pack decoders
33,inode_record,536,52528,post-verification retained Store,derived from authenticated measured inventory,roles-inventory.sqlite; exact product canonical/reference/pack decoders
33,inode_table_branch,1,1900,post-verification retained Store,derived from authenticated measured inventory,roles-inventory.sqlite; exact product canonical/reference/pack decoders
33,inode_table_leaf,29,158140,post-verification retained Store,derived from authenticated measured inventory,roles-inventory.sqlite; exact product canonical/reference/pack decoders
33,namespace_root,1,121,post-verification retained Store,derived from authenticated measured inventory,roles-inventory.sqlite; exact product canonical/reference/pack decoders
33,payload_chunk,562,5126190,post-verification retained Store,derived from authenticated measured inventory,roles-inventory.sqlite; exact product canonical/reference/pack decoders
34,FileState,134,14204,post-verification retained Store,derived from authenticated measured inventory,roles-inventory.sqlite; exact product canonical/reference/pack decoders
34,directory_map_leaf,57,28206,post-verification retained Store,derived from authenticated measured inventory,roles-inventory.sqlite; exact product canonical/reference/pack decoders
34,directory_state,57,5586,post-verification retained Store,derived from authenticated measured inventory,roles-inventory.sqlite; exact product canonical/reference/pack decoders
34,extent_leaf,134,14216,post-verification retained Store,derived from authenticated measured inventory,roles-inventory.sqlite; exact product canonical/reference/pack decoders
34,inode_record,191,18718,post-verification retained Store,derived from authenticated measured inventory,roles-inventory.sqlite; exact product canonical/reference/pack decoders
34,inode_table_branch,1,1900,post-verification retained Store,derived from authenticated measured inventory,roles-inventory.sqlite; exact product canonical/reference/pack decoders
34,inode_table_leaf,29,159100,post-verification retained Store,derived from authenticated measured inventory,roles-inventory.sqlite; exact product canonical/reference/pack decoders
34,namespace_root,1,121,post-verification retained Store,derived from authenticated measured inventory,roles-inventory.sqlite; exact product canonical/reference/pack decoders
34,payload_chunk,155,1635656,post-verification retained Store,derived from authenticated measured inventory,roles-inventory.sqlite; exact product canonical/reference/pack decoders
35,FileState,283,29998,post-verification retained Store,derived from authenticated measured inventory,roles-inventory.sqlite; exact product canonical/reference/pack decoders
35,directory_map_leaf,83,44896,post-verification retained Store,derived from authenticated measured inventory,roles-inventory.sqlite; exact product canonical/reference/pack decoders
35,directory_state,83,8134,post-verification retained Store,derived from authenticated measured inventory,roles-inventory.sqlite; exact product canonical/reference/pack decoders
35,extent_leaf,283,27692,post-verification retained Store,derived from authenticated measured inventory,roles-inventory.sqlite; exact product canonical/reference/pack decoders
35,inode_record,366,35868,post-verification retained Store,derived from authenticated measured inventory,roles-inventory.sqlite; exact product canonical/reference/pack decoders
35,inode_table_branch,1,1964,post-verification retained Store,derived from authenticated measured inventory,roles-inventory.sqlite; exact product canonical/reference/pack decoders
35,inode_table_leaf,30,166056,post-verification retained Store,derived from authenticated measured inventory,roles-inventory.sqlite; exact product canonical/reference/pack decoders
35,namespace_root,1,121,post-verification retained Store,derived from authenticated measured inventory,roles-inventory.sqlite; exact product canonical/reference/pack decoders
35,payload_chunk,327,3295914,post-verification retained Store,derived from authenticated measured inventory,roles-inventory.sqlite; exact product canonical/reference/pack decoders
36,FileState,148,15688,post-verification retained Store,derived from authenticated measured inventory,roles-inventory.sqlite; exact product canonical/reference/pack decoders
36,directory_map_leaf,24,16549,post-verification retained Store,derived from authenticated measured inventory,roles-inventory.sqlite; exact product canonical/reference/pack decoders
36,directory_state,24,2352,post-verification retained Store,derived from authenticated measured inventory,roles-inventory.sqlite; exact product canonical/reference/pack decoders
36,extent_leaf,148,14992,post-verification retained Store,derived from authenticated measured inventory,roles-inventory.sqlite; exact product canonical/reference/pack decoders
36,inode_record,172,16856,post-verification retained Store,derived from authenticated measured inventory,roles-inventory.sqlite; exact product canonical/reference/pack decoders
36,inode_table_branch,1,1964,post-verification retained Store,derived from authenticated measured inventory,roles-inventory.sqlite; exact product canonical/reference/pack decoders
36,inode_table_leaf,30,170600,post-verification retained Store,derived from authenticated measured inventory,roles-inventory.sqlite; exact product canonical/reference/pack decoders
36,namespace_root,1,121,post-verification retained Store,derived from authenticated measured inventory,roles-inventory.sqlite; exact product canonical/reference/pack decoders
36,payload_chunk,177,1652165,post-verification retained Store,derived from authenticated measured inventory,roles-inventory.sqlite; exact product canonical/reference/pack decoders
37,FileState,144,15264,post-verification retained Store,derived from authenticated measured inventory,roles-inventory.sqlite; exact product canonical/reference/pack decoders
37,directory_map_leaf,10,14028,post-verification retained Store,derived from authenticated measured inventory,roles-inventory.sqlite; exact product canonical/reference/pack decoders
37,directory_state,10,980,post-verification retained Store,derived from authenticated measured inventory,roles-inventory.sqlite; exact product canonical/reference/pack decoders
37,extent_leaf,144,16216,post-verification retained Store,derived from authenticated measured inventory,roles-inventory.sqlite; exact product canonical/reference/pack decoders
37,inode_record,154,15092,post-verification retained Store,derived from authenticated measured inventory,roles-inventory.sqlite; exact product canonical/reference/pack decoders
37,inode_table_branch,1,1964,post-verification retained Store,derived from authenticated measured inventory,roles-inventory.sqlite; exact product canonical/reference/pack decoders
37,inode_table_leaf,30,159144,post-verification retained Store,derived from authenticated measured inventory,roles-inventory.sqlite; exact product canonical/reference/pack decoders
37,namespace_root,1,121,post-verification retained Store,derived from authenticated measured inventory,roles-inventory.sqlite; exact product canonical/reference/pack decoders
37,payload_chunk,193,2523023,post-verification retained Store,derived from authenticated measured inventory,roles-inventory.sqlite; exact product canonical/reference/pack decoders
38,FileState,51,5406,post-verification retained Store,derived from authenticated measured inventory,roles-inventory.sqlite; exact product canonical/reference/pack decoders
38,directory_map_leaf,103,37974,post-verification retained Store,derived from authenticated measured inventory,roles-inventory.sqlite; exact product canonical/reference/pack decoders
38,directory_state,103,10094,post-verification retained Store,derived from authenticated measured inventory,roles-inventory.sqlite; exact product canonical/reference/pack decoders
38,extent_leaf,51,5804,post-verification retained Store,derived from authenticated measured inventory,roles-inventory.sqlite; exact product canonical/reference/pack decoders
38,inode_record,154,15092,post-verification retained Store,derived from authenticated measured inventory,roles-inventory.sqlite; exact product canonical/reference/pack decoders
38,inode_table_branch,1,1452,post-verification retained Store,derived from authenticated measured inventory,roles-inventory.sqlite; exact product canonical/reference/pack decoders
38,inode_table_leaf,22,99272,post-verification retained Store,derived from authenticated measured inventory,roles-inventory.sqlite; exact product canonical/reference/pack decoders
38,namespace_root,1,121,post-verification retained Store,derived from authenticated measured inventory,roles-inventory.sqlite; exact product canonical/reference/pack decoders
38,payload_chunk,65,865760,post-verification retained Store,derived from authenticated measured inventory,roles-inventory.sqlite; exact product canonical/reference/pack decoders
39,FileState,193,20458,post-verification retained Store,derived from authenticated measured inventory,roles-inventory.sqlite; exact product canonical/reference/pack decoders
39,directory_map_leaf,182,60892,post-verification retained Store,derived from authenticated measured inventory,roles-inventory.sqlite; exact product canonical/reference/pack decoders
39,directory_state,182,17836,post-verification retained Store,derived from authenticated measured inventory,roles-inventory.sqlite; exact product canonical/reference/pack decoders
39,extent_leaf,193,20292,post-verification retained Store,derived from authenticated measured inventory,roles-inventory.sqlite; exact product canonical/reference/pack decoders
39,inode_record,375,36750,post-verification retained Store,derived from authenticated measured inventory,roles-inventory.sqlite; exact product canonical/reference/pack decoders
39,inode_table_branch,1,1580,post-verification retained Store,derived from authenticated measured inventory,roles-inventory.sqlite; exact product canonical/reference/pack decoders
39,inode_table_leaf,24,134368,post-verification retained Store,derived from authenticated measured inventory,roles-inventory.sqlite; exact product canonical/reference/pack decoders
39,namespace_root,1,121,post-verification retained Store,derived from authenticated measured inventory,roles-inventory.sqlite; exact product canonical/reference/pack decoders
39,payload_chunk,253,2827593,post-verification retained Store,derived from authenticated measured inventory,roles-inventory.sqlite; exact product canonical/reference/pack decoders
40,FileState,532,56392,post-verification retained Store,derived from authenticated measured inventory,roles-inventory.sqlite; exact product canonical/reference/pack decoders
40,directory_map_leaf,336,115325,post-verification retained Store,derived from authenticated measured inventory,roles-inventory.sqlite; exact product canonical/reference/pack decoders
40,directory_state,336,32928,post-verification retained Store,derived from authenticated measured inventory,roles-inventory.sqlite; exact product canonical/reference/pack decoders
40,extent_leaf,532,48608,post-verification retained Store,derived from authenticated measured inventory,roles-inventory.sqlite; exact product canonical/reference/pack decoders
40,inode_record,868,85064,post-verification retained Store,derived from authenticated measured inventory,roles-inventory.sqlite; exact product canonical/reference/pack decoders
40,inode_table_branch,1,1900,post-verification retained Store,derived from authenticated measured inventory,roles-inventory.sqlite; exact product canonical/reference/pack decoders
40,inode_table_leaf,29,182140,post-verification retained Store,derived from authenticated measured inventory,roles-inventory.sqlite; exact product canonical/reference/pack decoders
40,namespace_root,1,121,post-verification retained Store,derived from authenticated measured inventory,roles-inventory.sqlite; exact product canonical/reference/pack decoders
40,payload_chunk,583,3438183,post-verification retained Store,derived from authenticated measured inventory,roles-inventory.sqlite; exact product canonical/reference/pack decoders
41,FileState,1033,109498,post-verification retained Store,derived from authenticated measured inventory,roles-inventory.sqlite; exact product canonical/reference/pack decoders
41,directory_map_branch,1,185,post-verification retained Store,derived from authenticated measured inventory,roles-inventory.sqlite; exact product canonical/reference/pack decoders
41,directory_map_leaf,140,78075,post-verification retained Store,derived from authenticated measured inventory,roles-inventory.sqlite; exact product canonical/reference/pack decoders
41,directory_state,139,13622,post-verification retained Store,derived from authenticated measured inventory,roles-inventory.sqlite; exact product canonical/reference/pack decoders
41,extent_leaf,1033,94892,post-verification retained Store,derived from authenticated measured inventory,roles-inventory.sqlite; exact product canonical/reference/pack decoders
41,inode_record,1173,114954,post-verification retained Store,derived from authenticated measured inventory,roles-inventory.sqlite; exact product canonical/reference/pack decoders
41,inode_table_branch,1,2796,post-verification retained Store,derived from authenticated measured inventory,roles-inventory.sqlite; exact product canonical/reference/pack decoders
41,inode_table_leaf,43,221924,post-verification retained Store,derived from authenticated measured inventory,roles-inventory.sqlite; exact product canonical/reference/pack decoders
41,namespace_root,1,121,post-verification retained Store,derived from authenticated measured inventory,roles-inventory.sqlite; exact product canonical/reference/pack decoders
41,payload_chunk,1187,9268200,post-verification retained Store,derived from authenticated measured inventory,roles-inventory.sqlite; exact product canonical/reference/pack decoders
41,symlink_state,1,46,post-verification retained Store,derived from authenticated measured inventory,roles-inventory.sqlite; exact product canonical/reference/pack decoders
42,FileState,154,16324,post-verification retained Store,derived from authenticated measured inventory,roles-inventory.sqlite; exact product canonical/reference/pack decoders
42,directory_map_leaf,14,24140,post-verification retained Store,derived from authenticated measured inventory,roles-inventory.sqlite; exact product canonical/reference/pack decoders
42,directory_state,14,1372,post-verification retained Store,derived from authenticated measured inventory,roles-inventory.sqlite; exact product canonical/reference/pack decoders
42,extent_leaf,154,15816,post-verification retained Store,derived from authenticated measured inventory,roles-inventory.sqlite; exact product canonical/reference/pack decoders
42,inode_record,168,16464,post-verification retained Store,derived from authenticated measured inventory,roles-inventory.sqlite; exact product canonical/reference/pack decoders
42,inode_table_branch,1,2156,post-verification retained Store,derived from authenticated measured inventory,roles-inventory.sqlite; exact product canonical/reference/pack decoders
42,inode_table_leaf,33,186412,post-verification retained Store,derived from authenticated measured inventory,roles-inventory.sqlite; exact product canonical/reference/pack decoders
42,namespace_root,1,121,post-verification retained Store,derived from authenticated measured inventory,roles-inventory.sqlite; exact product canonical/reference/pack decoders
42,payload_chunk,184,2255011,post-verification retained Store,derived from authenticated measured inventory,roles-inventory.sqlite; exact product canonical/reference/pack decoders
43,FileState,228,24168,post-verification retained Store,derived from authenticated measured inventory,roles-inventory.sqlite; exact product canonical/reference/pack decoders
43,directory_map_leaf,62,36980,post-verification retained Store,derived from authenticated measured inventory,roles-inventory.sqlite; exact product canonical/reference/pack decoders
43,directory_state,62,6076,post-verification retained Store,derived from authenticated measured inventory,roles-inventory.sqlite; exact product canonical/reference/pack decoders
43,extent_leaf,228,24392,post-verification retained Store,derived from authenticated measured inventory,roles-inventory.sqlite; exact product canonical/reference/pack decoders
43,inode_record,290,28420,post-verification retained Store,derived from authenticated measured inventory,roles-inventory.sqlite; exact product canonical/reference/pack decoders
43,inode_table_branch,1,2092,post-verification retained Store,derived from authenticated measured inventory,roles-inventory.sqlite; exact product canonical/reference/pack decoders
43,inode_table_leaf,32,167232,post-verification retained Store,derived from authenticated measured inventory,roles-inventory.sqlite; exact product canonical/reference/pack decoders
43,namespace_root,1,121,post-verification retained Store,derived from authenticated measured inventory,roles-inventory.sqlite; exact product canonical/reference/pack decoders
43,payload_chunk,309,3762462,post-verification retained Store,derived from authenticated measured inventory,roles-inventory.sqlite; exact product canonical/reference/pack decoders
44,FileState,184,19504,post-verification retained Store,derived from authenticated measured inventory,roles-inventory.sqlite; exact product canonical/reference/pack decoders
44,directory_map_leaf,254,94955,post-verification retained Store,derived from authenticated measured inventory,roles-inventory.sqlite; exact product canonical/reference/pack decoders
44,directory_state,254,24892,post-verification retained Store,derived from authenticated measured inventory,roles-inventory.sqlite; exact product canonical/reference/pack decoders
44,extent_leaf,184,20656,post-verification retained Store,derived from authenticated measured inventory,roles-inventory.sqlite; exact product canonical/reference/pack decoders
44,inode_record,438,42924,post-verification retained Store,derived from authenticated measured inventory,roles-inventory.sqlite; exact product canonical/reference/pack decoders
44,inode_table_branch,1,2732,post-verification retained Store,derived from authenticated measured inventory,roles-inventory.sqlite; exact product canonical/reference/pack decoders
44,inode_table_leaf,42,213752,post-verification retained Store,derived from authenticated measured inventory,roles-inventory.sqlite; exact product canonical/reference/pack decoders
44,namespace_root,1,121,post-verification retained Store,derived from authenticated measured inventory,roles-inventory.sqlite; exact product canonical/reference/pack decoders
44,payload_chunk,251,3222528,post-verification retained Store,derived from authenticated measured inventory,roles-inventory.sqlite; exact product canonical/reference/pack decoders
45,FileState,523,55438,post-verification retained Store,derived from authenticated measured inventory,roles-inventory.sqlite; exact product canonical/reference/pack decoders
45,directory_map_branch,1,180,post-verification retained Store,derived from authenticated measured inventory,roles-inventory.sqlite; exact product canonical/reference/pack decoders
45,directory_map_leaf,92,69076,post-verification retained Store,derived from authenticated measured inventory,roles-inventory.sqlite; exact product canonical/reference/pack decoders
45,directory_state,91,8918,post-verification retained Store,derived from authenticated measured inventory,roles-inventory.sqlite; exact product canonical/reference/pack decoders
45,extent_leaf,523,48732,post-verification retained Store,derived from authenticated measured inventory,roles-inventory.sqlite; exact product canonical/reference/pack decoders
45,inode_record,614,60172,post-verification retained Store,derived from authenticated measured inventory,roles-inventory.sqlite; exact product canonical/reference/pack decoders
45,inode_table_branch,1,2732,post-verification retained Store,derived from authenticated measured inventory,roles-inventory.sqlite; exact product canonical/reference/pack decoders
45,inode_table_leaf,42,232120,post-verification retained Store,derived from authenticated measured inventory,roles-inventory.sqlite; exact product canonical/reference/pack decoders
45,namespace_root,1,121,post-verification retained Store,derived from authenticated measured inventory,roles-inventory.sqlite; exact product canonical/reference/pack decoders
45,payload_chunk,593,5042192,post-verification retained Store,derived from authenticated measured inventory,roles-inventory.sqlite; exact product canonical/reference/pack decoders
46,FileState,305,32330,post-verification retained Store,derived from authenticated measured inventory,roles-inventory.sqlite; exact product canonical/reference/pack decoders
46,directory_map_branch,2,388,post-verification retained Store,derived from authenticated measured inventory,roles-inventory.sqlite; exact product canonical/reference/pack decoders
46,directory_map_leaf,20,24770,post-verification retained Store,derived from authenticated measured inventory,roles-inventory.sqlite; exact product canonical/reference/pack decoders
46,directory_state,19,1862,post-verification retained Store,derived from authenticated measured inventory,roles-inventory.sqlite; exact product canonical/reference/pack decoders
46,extent_leaf,305,32420,post-verification retained Store,derived from authenticated measured inventory,roles-inventory.sqlite; exact product canonical/reference/pack decoders
46,inode_record,324,31752,post-verification retained Store,derived from authenticated measured inventory,roles-inventory.sqlite; exact product canonical/reference/pack decoders
46,inode_table_branch,1,2732,post-verification retained Store,derived from authenticated measured inventory,roles-inventory.sqlite; exact product canonical/reference/pack decoders
46,inode_table_leaf,42,235768,post-verification retained Store,derived from authenticated measured inventory,roles-inventory.sqlite; exact product canonical/reference/pack decoders
46,namespace_root,1,121,post-verification retained Store,derived from authenticated measured inventory,roles-inventory.sqlite; exact product canonical/reference/pack decoders
46,payload_chunk,413,4760199,post-verification retained Store,derived from authenticated measured inventory,roles-inventory.sqlite; exact product canonical/reference/pack decoders
47,FileState,362,38372,post-verification retained Store,derived from authenticated measured inventory,roles-inventory.sqlite; exact product canonical/reference/pack decoders
47,directory_map_branch,2,388,post-verification retained Store,derived from authenticated measured inventory,roles-inventory.sqlite; exact product canonical/reference/pack decoders
47,directory_map_leaf,37,33800,post-verification retained Store,derived from authenticated measured inventory,roles-inventory.sqlite; exact product canonical/reference/pack decoders
47,directory_state,37,3626,post-verification retained Store,derived from authenticated measured inventory,roles-inventory.sqlite; exact product canonical/reference/pack decoders
47,extent_leaf,362,34728,post-verification retained Store,derived from authenticated measured inventory,roles-inventory.sqlite; exact product canonical/reference/pack decoders
47,inode_record,399,39102,post-verification retained Store,derived from authenticated measured inventory,roles-inventory.sqlite; exact product canonical/reference/pack decoders
47,inode_table_branch,1,2796,post-verification retained Store,derived from authenticated measured inventory,roles-inventory.sqlite; exact product canonical/reference/pack decoders
47,inode_table_leaf,43,240484,post-verification retained Store,derived from authenticated measured inventory,roles-inventory.sqlite; exact product canonical/reference/pack decoders
47,namespace_root,1,121,post-verification retained Store,derived from authenticated measured inventory,roles-inventory.sqlite; exact product canonical/reference/pack decoders
47,payload_chunk,410,3694332,post-verification retained Store,derived from authenticated measured inventory,roles-inventory.sqlite; exact product canonical/reference/pack decoders
48,FileState,540,57240,post-verification retained Store,derived from authenticated measured inventory,roles-inventory.sqlite; exact product canonical/reference/pack decoders
48,directory_map_branch,4,886,post-verification retained Store,derived from authenticated measured inventory,roles-inventory.sqlite; exact product canonical/reference/pack decoders
48,directory_map_leaf,21,58249,post-verification retained Store,derived from authenticated measured inventory,roles-inventory.sqlite; exact product canonical/reference/pack decoders
48,directory_state,18,1764,post-verification retained Store,derived from authenticated measured inventory,roles-inventory.sqlite; exact product canonical/reference/pack decoders
48,extent_leaf,540,46800,post-verification retained Store,derived from authenticated measured inventory,roles-inventory.sqlite; exact product canonical/reference/pack decoders
48,inode_record,558,54684,post-verification retained Store,derived from authenticated measured inventory,roles-inventory.sqlite; exact product canonical/reference/pack decoders
48,inode_table_branch,1,2796,post-verification retained Store,derived from authenticated measured inventory,roles-inventory.sqlite; exact product canonical/reference/pack decoders
48,inode_table_leaf,43,263140,post-verification retained Store,derived from authenticated measured inventory,roles-inventory.sqlite; exact product canonical/reference/pack decoders
48,namespace_root,1,121,post-verification retained Store,derived from authenticated measured inventory,roles-inventory.sqlite; exact product canonical/reference/pack decoders
48,payload_chunk,559,2876147,post-verification retained Store,derived from authenticated measured inventory,roles-inventory.sqlite; exact product canonical/reference/pack decoders
49,FileState,214,22684,post-verification retained Store,derived from authenticated measured inventory,roles-inventory.sqlite; exact product canonical/reference/pack decoders
49,directory_map_branch,1,202,post-verification retained Store,derived from authenticated measured inventory,roles-inventory.sqlite; exact product canonical/reference/pack decoders
49,directory_map_leaf,2,6573,post-verification retained Store,derived from authenticated measured inventory,roles-inventory.sqlite; exact product canonical/reference/pack decoders
49,directory_state,2,196,post-verification retained Store,derived from authenticated measured inventory,roles-inventory.sqlite; exact product canonical/reference/pack decoders
49,extent_leaf,214,24536,post-verification retained Store,derived from authenticated measured inventory,roles-inventory.sqlite; exact product canonical/reference/pack decoders
49,inode_record,216,21168,post-verification retained Store,derived from authenticated measured inventory,roles-inventory.sqlite; exact product canonical/reference/pack decoders
49,inode_table_branch,1,2796,post-verification retained Store,derived from authenticated measured inventory,roles-inventory.sqlite; exact product canonical/reference/pack decoders
49,inode_table_leaf,43,240932,post-verification retained Store,derived from authenticated measured inventory,roles-inventory.sqlite; exact product canonical/reference/pack decoders
49,namespace_root,1,121,post-verification retained Store,derived from authenticated measured inventory,roles-inventory.sqlite; exact product canonical/reference/pack decoders
49,payload_chunk,280,3568130,post-verification retained Store,derived from authenticated measured inventory,roles-inventory.sqlite; exact product canonical/reference/pack decoders
50,FileState,800,84800,post-verification retained Store,derived from authenticated measured inventory,roles-inventory.sqlite; exact product canonical/reference/pack decoders
50,directory_map_branch,4,912,post-verification retained Store,derived from authenticated measured inventory,roles-inventory.sqlite; exact product canonical/reference/pack decoders
50,directory_map_leaf,78,95051,post-verification retained Store,derived from authenticated measured inventory,roles-inventory.sqlite; exact product canonical/reference/pack decoders
50,directory_state,73,7154,post-verification retained Store,derived from authenticated measured inventory,roles-inventory.sqlite; exact product canonical/reference/pack decoders
50,extent_leaf,800,74080,post-verification retained Store,derived from authenticated measured inventory,roles-inventory.sqlite; exact product canonical/reference/pack decoders
50,inode_record,873,85554,post-verification retained Store,derived from authenticated measured inventory,roles-inventory.sqlite; exact product canonical/reference/pack decoders
50,inode_table_branch,1,2796,post-verification retained Store,derived from authenticated measured inventory,roles-inventory.sqlite; exact product canonical/reference/pack decoders
50,inode_table_leaf,43,268132,post-verification retained Store,derived from authenticated measured inventory,roles-inventory.sqlite; exact product canonical/reference/pack decoders
50,namespace_root,1,121,post-verification retained Store,derived from authenticated measured inventory,roles-inventory.sqlite; exact product canonical/reference/pack decoders
50,payload_chunk,886,6438947,post-verification retained Store,derived from authenticated measured inventory,roles-inventory.sqlite; exact product canonical/reference/pack decoders
51,FileState,402,42612,post-verification retained Store,derived from authenticated measured inventory,roles-inventory.sqlite; exact product canonical/reference/pack decoders
51,directory_map_branch,4,904,post-verification retained Store,derived from authenticated measured inventory,roles-inventory.sqlite; exact product canonical/reference/pack decoders
51,directory_map_leaf,47,66760,post-verification retained Store,derived from authenticated measured inventory,roles-inventory.sqlite; exact product canonical/reference/pack decoders
51,directory_state,43,4214,post-verification retained Store,derived from authenticated measured inventory,roles-inventory.sqlite; exact product canonical/reference/pack decoders
51,extent_leaf,402,38008,post-verification retained Store,derived from authenticated measured inventory,roles-inventory.sqlite; exact product canonical/reference/pack decoders
51,inode_record,445,43610,post-verification retained Store,derived from authenticated measured inventory,roles-inventory.sqlite; exact product canonical/reference/pack decoders
51,inode_table_branch,1,2796,post-verification retained Store,derived from authenticated measured inventory,roles-inventory.sqlite; exact product canonical/reference/pack decoders
51,inode_table_leaf,43,271268,post-verification retained Store,derived from authenticated measured inventory,roles-inventory.sqlite; exact product canonical/reference/pack decoders
51,namespace_root,1,121,post-verification retained Store,derived from authenticated measured inventory,roles-inventory.sqlite; exact product canonical/reference/pack decoders
51,payload_chunk,455,3852812,post-verification retained Store,derived from authenticated measured inventory,roles-inventory.sqlite; exact product canonical/reference/pack decoders
52,FileState,943,99958,post-verification retained Store,derived from authenticated measured inventory,roles-inventory.sqlite; exact product canonical/reference/pack decoders
52,directory_map_branch,3,774,post-verification retained Store,derived from authenticated measured inventory,roles-inventory.sqlite; exact product canonical/reference/pack decoders
52,directory_map_leaf,235,131181,post-verification retained Store,derived from authenticated measured inventory,roles-inventory.sqlite; exact product canonical/reference/pack decoders
52,directory_state,233,22834,post-verification retained Store,derived from authenticated measured inventory,roles-inventory.sqlite; exact product canonical/reference/pack decoders
52,extent_leaf,943,83972,post-verification retained Store,derived from authenticated measured inventory,roles-inventory.sqlite; exact product canonical/reference/pack decoders
52,inode_record,1176,115248,post-verification retained Store,derived from authenticated measured inventory,roles-inventory.sqlite; exact product canonical/reference/pack decoders
52,inode_table_branch,1,3436,post-verification retained Store,derived from authenticated measured inventory,roles-inventory.sqlite; exact product canonical/reference/pack decoders
52,inode_table_leaf,53,307228,post-verification retained Store,derived from authenticated measured inventory,roles-inventory.sqlite; exact product canonical/reference/pack decoders
52,namespace_root,1,121,post-verification retained Store,derived from authenticated measured inventory,roles-inventory.sqlite; exact product canonical/reference/pack decoders
52,payload_chunk,989,5095881,post-verification retained Store,derived from authenticated measured inventory,roles-inventory.sqlite; exact product canonical/reference/pack decoders
53,FileState,64,6784,post-verification retained Store,derived from authenticated measured inventory,roles-inventory.sqlite; exact product canonical/reference/pack decoders
53,directory_map_branch,4,1045,post-verification retained Store,derived from authenticated measured inventory,roles-inventory.sqlite; exact product canonical/reference/pack decoders
53,directory_map_leaf,24,47008,post-verification retained Store,derived from authenticated measured inventory,roles-inventory.sqlite; exact product canonical/reference/pack decoders
53,directory_state,19,1862,post-verification retained Store,derived from authenticated measured inventory,roles-inventory.sqlite; exact product canonical/reference/pack decoders
53,extent_leaf,64,7856,post-verification retained Store,derived from authenticated measured inventory,roles-inventory.sqlite; exact product canonical/reference/pack decoders
53,inode_record,83,8134,post-verification retained Store,derived from authenticated measured inventory,roles-inventory.sqlite; exact product canonical/reference/pack decoders
53,inode_table_branch,1,3372,post-verification retained Store,derived from authenticated measured inventory,roles-inventory.sqlite; exact product canonical/reference/pack decoders
53,inode_table_leaf,52,275952,post-verification retained Store,derived from authenticated measured inventory,roles-inventory.sqlite; exact product canonical/reference/pack decoders
53,namespace_root,1,121,post-verification retained Store,derived from authenticated measured inventory,roles-inventory.sqlite; exact product canonical/reference/pack decoders
53,payload_chunk,86,979758,post-verification retained Store,derived from authenticated measured inventory,roles-inventory.sqlite; exact product canonical/reference/pack decoders
54,FileState,106,11236,post-verification retained Store,derived from authenticated measured inventory,roles-inventory.sqlite; exact product canonical/reference/pack decoders
54,directory_map_branch,3,838,post-verification retained Store,derived from authenticated measured inventory,roles-inventory.sqlite; exact product canonical/reference/pack decoders
54,directory_map_leaf,13,34938,post-verification retained Store,derived from authenticated measured inventory,roles-inventory.sqlite; exact product canonical/reference/pack decoders
54,directory_state,10,980,post-verification retained Store,derived from authenticated measured inventory,roles-inventory.sqlite; exact product canonical/reference/pack decoders
54,extent_leaf,106,12584,post-verification retained Store,derived from authenticated measured inventory,roles-inventory.sqlite; exact product canonical/reference/pack decoders
54,inode_record,116,11368,post-verification retained Store,derived from authenticated measured inventory,roles-inventory.sqlite; exact product canonical/reference/pack decoders
54,inode_table_branch,1,3244,post-verification retained Store,derived from authenticated measured inventory,roles-inventory.sqlite; exact product canonical/reference/pack decoders
54,inode_table_leaf,49,266860,post-verification retained Store,derived from authenticated measured inventory,roles-inventory.sqlite; exact product canonical/reference/pack decoders
54,namespace_root,1,121,post-verification retained Store,derived from authenticated measured inventory,roles-inventory.sqlite; exact product canonical/reference/pack decoders
54,payload_chunk,138,1699611,post-verification retained Store,derived from authenticated measured inventory,roles-inventory.sqlite; exact product canonical/reference/pack decoders
55,FileState,952,100912,post-verification retained Store,derived from authenticated measured inventory,roles-inventory.sqlite; exact product canonical/reference/pack decoders
55,directory_map_branch,3,753,post-verification retained Store,derived from authenticated measured inventory,roles-inventory.sqlite; exact product canonical/reference/pack decoders
55,directory_map_leaf,297,189210,post-verification retained Store,derived from authenticated measured inventory,roles-inventory.sqlite; exact product canonical/reference/pack decoders
55,directory_state,292,28616,post-verification retained Store,derived from authenticated measured inventory,roles-inventory.sqlite; exact product canonical/reference/pack decoders
55,extent_leaf,952,86408,post-verification retained Store,derived from authenticated measured inventory,roles-inventory.sqlite; exact product canonical/reference/pack decoders
55,inode_record,1244,121912,post-verification retained Store,derived from authenticated measured inventory,roles-inventory.sqlite; exact product canonical/reference/pack decoders
55,inode_table_branch,1,3500,post-verification retained Store,derived from authenticated measured inventory,roles-inventory.sqlite; exact product canonical/reference/pack decoders
55,inode_table_leaf,54,326600,post-verification retained Store,derived from authenticated measured inventory,roles-inventory.sqlite; exact product canonical/reference/pack decoders
55,namespace_root,1,121,post-verification retained Store,derived from authenticated measured inventory,roles-inventory.sqlite; exact product canonical/reference/pack decoders
55,payload_chunk,1026,6948561,post-verification retained Store,derived from authenticated measured inventory,roles-inventory.sqlite; exact product canonical/reference/pack decoders
56,FileState,117,12402,post-verification retained Store,derived from authenticated measured inventory,roles-inventory.sqlite; exact product canonical/reference/pack decoders
56,directory_map_branch,3,748,post-verification retained Store,derived from authenticated measured inventory,roles-inventory.sqlite; exact product canonical/reference/pack decoders
56,directory_map_leaf,44,78246,post-verification retained Store,derived from authenticated measured inventory,roles-inventory.sqlite; exact product canonical/reference/pack decoders
56,directory_state,39,3822,post-verification retained Store,derived from authenticated measured inventory,roles-inventory.sqlite; exact product canonical/reference/pack decoders
56,extent_leaf,117,12428,post-verification retained Store,derived from authenticated measured inventory,roles-inventory.sqlite; exact product canonical/reference/pack decoders
56,inode_record,156,15288,post-verification retained Store,derived from authenticated measured inventory,roles-inventory.sqlite; exact product canonical/reference/pack decoders
56,inode_table_branch,1,3372,post-verification retained Store,derived from authenticated measured inventory,roles-inventory.sqlite; exact product canonical/reference/pack decoders
56,inode_table_leaf,52,274032,post-verification retained Store,derived from authenticated measured inventory,roles-inventory.sqlite; exact product canonical/reference/pack decoders
56,namespace_root,1,121,post-verification retained Store,derived from authenticated measured inventory,roles-inventory.sqlite; exact product canonical/reference/pack decoders
56,payload_chunk,138,1321250,post-verification retained Store,derived from authenticated measured inventory,roles-inventory.sqlite; exact product canonical/reference/pack decoders
57,FileState,342,36252,post-verification retained Store,derived from authenticated measured inventory,roles-inventory.sqlite; exact product canonical/reference/pack decoders
57,directory_map_branch,4,975,post-verification retained Store,derived from authenticated measured inventory,roles-inventory.sqlite; exact product canonical/reference/pack decoders
57,directory_map_leaf,56,69986,post-verification retained Store,derived from authenticated measured inventory,roles-inventory.sqlite; exact product canonical/reference/pack decoders
57,directory_state,51,4998,post-verification retained Store,derived from authenticated measured inventory,roles-inventory.sqlite; exact product canonical/reference/pack decoders
57,extent_leaf,342,35968,post-verification retained Store,derived from authenticated measured inventory,roles-inventory.sqlite; exact product canonical/reference/pack decoders
57,inode_record,393,38514,post-verification retained Store,derived from authenticated measured inventory,roles-inventory.sqlite; exact product canonical/reference/pack decoders
57,inode_table_branch,1,3372,post-verification retained Store,derived from authenticated measured inventory,roles-inventory.sqlite; exact product canonical/reference/pack decoders
57,inode_table_leaf,52,265072,post-verification retained Store,derived from authenticated measured inventory,roles-inventory.sqlite; exact product canonical/reference/pack decoders
57,namespace_root,1,121,post-verification retained Store,derived from authenticated measured inventory,roles-inventory.sqlite; exact product canonical/reference/pack decoders
57,payload_chunk,430,4851933,post-verification retained Store,derived from authenticated measured inventory,roles-inventory.sqlite; exact product canonical/reference/pack decoders
58,FileState,651,69006,post-verification retained Store,derived from authenticated measured inventory,roles-inventory.sqlite; exact product canonical/reference/pack decoders
58,directory_map_branch,3,761,post-verification retained Store,derived from authenticated measured inventory,roles-inventory.sqlite; exact product canonical/reference/pack decoders
58,directory_map_leaf,351,199201,post-verification retained Store,derived from authenticated measured inventory,roles-inventory.sqlite; exact product canonical/reference/pack decoders
58,directory_state,348,34104,post-verification retained Store,derived from authenticated measured inventory,roles-inventory.sqlite; exact product canonical/reference/pack decoders
58,extent_leaf,651,62524,post-verification retained Store,derived from authenticated measured inventory,roles-inventory.sqlite; exact product canonical/reference/pack decoders
58,inode_record,999,97902,post-verification retained Store,derived from authenticated measured inventory,roles-inventory.sqlite; exact product canonical/reference/pack decoders
58,inode_table_branch,1,3500,post-verification retained Store,derived from authenticated measured inventory,roles-inventory.sqlite; exact product canonical/reference/pack decoders
58,inode_table_leaf,54,331400,post-verification retained Store,derived from authenticated measured inventory,roles-inventory.sqlite; exact product canonical/reference/pack decoders
58,namespace_root,1,121,post-verification retained Store,derived from authenticated measured inventory,roles-inventory.sqlite; exact product canonical/reference/pack decoders
58,payload_chunk,767,7059961,post-verification retained Store,derived from authenticated measured inventory,roles-inventory.sqlite; exact product canonical/reference/pack decoders
59,FileState,42,4452,post-verification retained Store,derived from authenticated measured inventory,roles-inventory.sqlite; exact product canonical/reference/pack decoders
59,directory_map_branch,3,761,post-verification retained Store,derived from authenticated measured inventory,roles-inventory.sqlite; exact product canonical/reference/pack decoders
59,directory_map_leaf,15,32942,post-verification retained Store,derived from authenticated measured inventory,roles-inventory.sqlite; exact product canonical/reference/pack decoders
59,directory_state,15,1470,post-verification retained Store,derived from authenticated measured inventory,roles-inventory.sqlite; exact product canonical/reference/pack decoders
59,extent_leaf,42,6128,post-verification retained Store,derived from authenticated measured inventory,roles-inventory.sqlite; exact product canonical/reference/pack decoders
59,inode_record,57,5586,post-verification retained Store,derived from authenticated measured inventory,roles-inventory.sqlite; exact product canonical/reference/pack decoders
59,inode_table_branch,1,3500,post-verification retained Store,derived from authenticated measured inventory,roles-inventory.sqlite; exact product canonical/reference/pack decoders
59,inode_table_leaf,54,328584,post-verification retained Store,derived from authenticated measured inventory,roles-inventory.sqlite; exact product canonical/reference/pack decoders
59,namespace_root,1,121,post-verification retained Store,derived from authenticated measured inventory,roles-inventory.sqlite; exact product canonical/reference/pack decoders
59,payload_chunk,57,810926,post-verification retained Store,derived from authenticated measured inventory,roles-inventory.sqlite; exact product canonical/reference/pack decoders
60,FileState,677,71762,post-verification retained Store,derived from authenticated measured inventory,roles-inventory.sqlite; exact product canonical/reference/pack decoders
60,directory_map_branch,3,774,post-verification retained Store,derived from authenticated measured inventory,roles-inventory.sqlite; exact product canonical/reference/pack decoders
60,directory_map_leaf,89,111621,post-verification retained Store,derived from authenticated measured inventory,roles-inventory.sqlite; exact product canonical/reference/pack decoders
60,directory_state,84,8232,post-verification retained Store,derived from authenticated measured inventory,roles-inventory.sqlite; exact product canonical/reference/pack decoders
60,extent_leaf,677,62988,post-verification retained Store,derived from authenticated measured inventory,roles-inventory.sqlite; exact product canonical/reference/pack decoders
60,inode_record,761,74578,post-verification retained Store,derived from authenticated measured inventory,roles-inventory.sqlite; exact product canonical/reference/pack decoders
60,inode_table_branch,1,3884,post-verification retained Store,derived from authenticated measured inventory,roles-inventory.sqlite; exact product canonical/reference/pack decoders
60,inode_table_leaf,60,345232,post-verification retained Store,derived from authenticated measured inventory,roles-inventory.sqlite; exact product canonical/reference/pack decoders
60,namespace_root,1,121,post-verification retained Store,derived from authenticated measured inventory,roles-inventory.sqlite; exact product canonical/reference/pack decoders
60,payload_chunk,756,5725470,post-verification retained Store,derived from authenticated measured inventory,roles-inventory.sqlite; exact product canonical/reference/pack decoders
61,FileState,315,33390,post-verification retained Store,derived from authenticated measured inventory,roles-inventory.sqlite; exact product canonical/reference/pack decoders
61,directory_map_branch,1,273,post-verification retained Store,derived from authenticated measured inventory,roles-inventory.sqlite; exact product canonical/reference/pack decoders
61,directory_map_leaf,17,37860,post-verification retained Store,derived from authenticated measured inventory,roles-inventory.sqlite; exact product canonical/reference/pack decoders
61,directory_state,16,1568,post-verification retained Store,derived from authenticated measured inventory,roles-inventory.sqlite; exact product canonical/reference/pack decoders
61,extent_leaf,315,29500,post-verification retained Store,derived from authenticated measured inventory,roles-inventory.sqlite; exact product canonical/reference/pack decoders
61,inode_record,331,32438,post-verification retained Store,derived from authenticated measured inventory,roles-inventory.sqlite; exact product canonical/reference/pack decoders
61,inode_table_branch,1,3948,post-verification retained Store,derived from authenticated measured inventory,roles-inventory.sqlite; exact product canonical/reference/pack decoders
61,inode_table_leaf,61,347260,post-verification retained Store,derived from authenticated measured inventory,roles-inventory.sqlite; exact product canonical/reference/pack decoders
61,namespace_root,1,121,post-verification retained Store,derived from authenticated measured inventory,roles-inventory.sqlite; exact product canonical/reference/pack decoders
61,payload_chunk,342,2692711,post-verification retained Store,derived from authenticated measured inventory,roles-inventory.sqlite; exact product canonical/reference/pack decoders
62,FileState,355,37630,post-verification retained Store,derived from authenticated measured inventory,roles-inventory.sqlite; exact product canonical/reference/pack decoders
62,directory_map_branch,1,367,post-verification retained Store,derived from authenticated measured inventory,roles-inventory.sqlite; exact product canonical/reference/pack decoders
62,directory_map_leaf,7,15127,post-verification retained Store,derived from authenticated measured inventory,roles-inventory.sqlite; exact product canonical/reference/pack decoders
62,directory_state,5,490,post-verification retained Store,derived from authenticated measured inventory,roles-inventory.sqlite; exact product canonical/reference/pack decoders
62,extent_leaf,355,37020,post-verification retained Store,derived from authenticated measured inventory,roles-inventory.sqlite; exact product canonical/reference/pack decoders
62,inode_record,360,35280,post-verification retained Store,derived from authenticated measured inventory,roles-inventory.sqlite; exact product canonical/reference/pack decoders
62,inode_table_branch,1,3948,post-verification retained Store,derived from authenticated measured inventory,roles-inventory.sqlite; exact product canonical/reference/pack decoders
62,inode_table_leaf,61,345724,post-verification retained Store,derived from authenticated measured inventory,roles-inventory.sqlite; exact product canonical/reference/pack decoders
62,namespace_root,1,121,post-verification retained Store,derived from authenticated measured inventory,roles-inventory.sqlite; exact product canonical/reference/pack decoders
62,payload_chunk,473,5644234,post-verification retained Store,derived from authenticated measured inventory,roles-inventory.sqlite; exact product canonical/reference/pack decoders
63,FileState,401,42506,post-verification retained Store,derived from authenticated measured inventory,roles-inventory.sqlite; exact product canonical/reference/pack decoders
63,directory_map_branch,2,631,post-verification retained Store,derived from authenticated measured inventory,roles-inventory.sqlite; exact product canonical/reference/pack decoders
63,directory_map_leaf,46,54037,post-verification retained Store,derived from authenticated measured inventory,roles-inventory.sqlite; exact product canonical/reference/pack decoders
63,directory_state,46,4508,post-verification retained Store,derived from authenticated measured inventory,roles-inventory.sqlite; exact product canonical/reference/pack decoders
63,extent_leaf,401,39524,post-verification retained Store,derived from authenticated measured inventory,roles-inventory.sqlite; exact product canonical/reference/pack decoders
63,inode_record,447,43806,post-verification retained Store,derived from authenticated measured inventory,roles-inventory.sqlite; exact product canonical/reference/pack decoders
63,inode_table_branch,1,4012,post-verification retained Store,derived from authenticated measured inventory,roles-inventory.sqlite; exact product canonical/reference/pack decoders
63,inode_table_leaf,62,351272,post-verification retained Store,derived from authenticated measured inventory,roles-inventory.sqlite; exact product canonical/reference/pack decoders
63,namespace_root,1,121,post-verification retained Store,derived from authenticated measured inventory,roles-inventory.sqlite; exact product canonical/reference/pack decoders
63,payload_chunk,472,4452293,post-verification retained Store,derived from authenticated measured inventory,roles-inventory.sqlite; exact product canonical/reference/pack decoders
64,FileState,114,12084,post-verification retained Store,derived from authenticated measured inventory,roles-inventory.sqlite; exact product canonical/reference/pack decoders
64,directory_map_branch,1,364,post-verification retained Store,derived from authenticated measured inventory,roles-inventory.sqlite; exact product canonical/reference/pack decoders
64,directory_map_leaf,24,16734,post-verification retained Store,derived from authenticated measured inventory,roles-inventory.sqlite; exact product canonical/reference/pack decoders
64,directory_state,23,2254,post-verification retained Store,derived from authenticated measured inventory,roles-inventory.sqlite; exact product canonical/reference/pack decoders
64,extent_leaf,114,12416,post-verification retained Store,derived from authenticated measured inventory,roles-inventory.sqlite; exact product canonical/reference/pack decoders
64,inode_record,137,13426,post-verification retained Store,derived from authenticated measured inventory,roles-inventory.sqlite; exact product canonical/reference/pack decoders
64,inode_table_branch,1,4012,post-verification retained Store,derived from authenticated measured inventory,roles-inventory.sqlite; exact product canonical/reference/pack decoders
64,inode_table_leaf,59,335908,post-verification retained Store,derived from authenticated measured inventory,roles-inventory.sqlite; exact product canonical/reference/pack decoders
64,namespace_root,1,121,post-verification retained Store,derived from authenticated measured inventory,roles-inventory.sqlite; exact product canonical/reference/pack decoders
64,payload_chunk,129,1065027,post-verification retained Store,derived from authenticated measured inventory,roles-inventory.sqlite; exact product canonical/reference/pack decoders
65,FileState,9,954,post-verification retained Store,derived from authenticated measured inventory,roles-inventory.sqlite; exact product canonical/reference/pack decoders
65,directory_map_branch,2,631,post-verification retained Store,derived from authenticated measured inventory,roles-inventory.sqlite; exact product canonical/reference/pack decoders
65,directory_map_leaf,43,53748,post-verification retained Store,derived from authenticated measured inventory,roles-inventory.sqlite; exact product canonical/reference/pack decoders
65,directory_state,43,4214,post-verification retained Store,derived from authenticated measured inventory,roles-inventory.sqlite; exact product canonical/reference/pack decoders
65,extent_leaf,9,1716,post-verification retained Store,derived from authenticated measured inventory,roles-inventory.sqlite; exact product canonical/reference/pack decoders
65,inode_record,52,5096,post-verification retained Store,derived from authenticated measured inventory,roles-inventory.sqlite; exact product canonical/reference/pack decoders
65,inode_table_branch,1,4012,post-verification retained Store,derived from authenticated measured inventory,roles-inventory.sqlite; exact product canonical/reference/pack decoders
65,inode_table_leaf,59,335332,post-verification retained Store,derived from authenticated measured inventory,roles-inventory.sqlite; exact product canonical/reference/pack decoders
65,namespace_root,1,121,post-verification retained Store,derived from authenticated measured inventory,roles-inventory.sqlite; exact product canonical/reference/pack decoders
65,payload_chunk,9,69366,post-verification retained Store,derived from authenticated measured inventory,roles-inventory.sqlite; exact product canonical/reference/pack decoders
66,FileState,145,15370,post-verification retained Store,derived from authenticated measured inventory,roles-inventory.sqlite; exact product canonical/reference/pack decoders
66,directory_map_branch,3,748,post-verification retained Store,derived from authenticated measured inventory,roles-inventory.sqlite; exact product canonical/reference/pack decoders
66,directory_map_leaf,54,89286,post-verification retained Store,derived from authenticated measured inventory,roles-inventory.sqlite; exact product canonical/reference/pack decoders
66,directory_state,49,4802,post-verification retained Store,derived from authenticated measured inventory,roles-inventory.sqlite; exact product canonical/reference/pack decoders
66,extent_leaf,145,15020,post-verification retained Store,derived from authenticated measured inventory,roles-inventory.sqlite; exact product canonical/reference/pack decoders
66,inode_record,194,19012,post-verification retained Store,derived from authenticated measured inventory,roles-inventory.sqlite; exact product canonical/reference/pack decoders
66,inode_table_branch,1,4012,post-verification retained Store,derived from authenticated measured inventory,roles-inventory.sqlite; exact product canonical/reference/pack decoders
66,inode_table_leaf,62,326120,post-verification retained Store,derived from authenticated measured inventory,roles-inventory.sqlite; exact product canonical/reference/pack decoders
66,namespace_root,1,121,post-verification retained Store,derived from authenticated measured inventory,roles-inventory.sqlite; exact product canonical/reference/pack decoders
66,payload_chunk,162,1622694,post-verification retained Store,derived from authenticated measured inventory,roles-inventory.sqlite; exact product canonical/reference/pack decoders
67,FileState,557,59042,post-verification retained Store,derived from authenticated measured inventory,roles-inventory.sqlite; exact product canonical/reference/pack decoders
67,directory_map_branch,3,922,post-verification retained Store,derived from authenticated measured inventory,roles-inventory.sqlite; exact product canonical/reference/pack decoders
67,directory_map_leaf,172,121278,post-verification retained Store,derived from authenticated measured inventory,roles-inventory.sqlite; exact product canonical/reference/pack decoders
67,directory_state,171,16758,post-verification retained Store,derived from authenticated measured inventory,roles-inventory.sqlite; exact product canonical/reference/pack decoders
67,extent_leaf,557,52908,post-verification retained Store,derived from authenticated measured inventory,roles-inventory.sqlite; exact product canonical/reference/pack decoders
67,inode_record,728,71344,post-verification retained Store,derived from authenticated measured inventory,roles-inventory.sqlite; exact product canonical/reference/pack decoders
67,inode_table_branch,1,4140,post-verification retained Store,derived from authenticated measured inventory,roles-inventory.sqlite; exact product canonical/reference/pack decoders
67,inode_table_leaf,64,363904,post-verification retained Store,derived from authenticated measured inventory,roles-inventory.sqlite; exact product canonical/reference/pack decoders
67,namespace_root,1,121,post-verification retained Store,derived from authenticated measured inventory,roles-inventory.sqlite; exact product canonical/reference/pack decoders
67,payload_chunk,626,4909508,post-verification retained Store,derived from authenticated measured inventory,roles-inventory.sqlite; exact product canonical/reference/pack decoders
68,FileState,825,87450,post-verification retained Store,derived from authenticated measured inventory,roles-inventory.sqlite; exact product canonical/reference/pack decoders
68,directory_map_branch,3,911,post-verification retained Store,derived from authenticated measured inventory,roles-inventory.sqlite; exact product canonical/reference/pack decoders
68,directory_map_leaf,45,53691,post-verification retained Store,derived from authenticated measured inventory,roles-inventory.sqlite; exact product canonical/reference/pack decoders
68,directory_state,45,4410,post-verification retained Store,derived from authenticated measured inventory,roles-inventory.sqlite; exact product canonical/reference/pack decoders
68,extent_leaf,825,76220,post-verification retained Store,derived from authenticated measured inventory,roles-inventory.sqlite; exact product canonical/reference/pack decoders
68,inode_record,870,85260,post-verification retained Store,derived from authenticated measured inventory,roles-inventory.sqlite; exact product canonical/reference/pack decoders
68,inode_table_branch,1,4204,post-verification retained Store,derived from authenticated measured inventory,roles-inventory.sqlite; exact product canonical/reference/pack decoders
68,inode_table_leaf,65,371180,post-verification retained Store,derived from authenticated measured inventory,roles-inventory.sqlite; exact product canonical/reference/pack decoders
68,namespace_root,1,121,post-verification retained Store,derived from authenticated measured inventory,roles-inventory.sqlite; exact product canonical/reference/pack decoders
68,payload_chunk,912,5953877,post-verification retained Store,derived from authenticated measured inventory,roles-inventory.sqlite; exact product canonical/reference/pack decoders
69,FileState,46,4876,post-verification retained Store,derived from authenticated measured inventory,roles-inventory.sqlite; exact product canonical/reference/pack decoders
69,directory_map_branch,2,709,post-verification retained Store,derived from authenticated measured inventory,roles-inventory.sqlite; exact product canonical/reference/pack decoders
69,directory_map_leaf,21,35422,post-verification retained Store,derived from authenticated measured inventory,roles-inventory.sqlite; exact product canonical/reference/pack decoders
69,directory_state,20,1960,post-verification retained Store,derived from authenticated measured inventory,roles-inventory.sqlite; exact product canonical/reference/pack decoders
69,extent_leaf,46,5904,post-verification retained Store,derived from authenticated measured inventory,roles-inventory.sqlite; exact product canonical/reference/pack decoders
69,inode_record,66,6468,post-verification retained Store,derived from authenticated measured inventory,roles-inventory.sqlite; exact product canonical/reference/pack decoders
69,inode_table_branch,1,4204,post-verification retained Store,derived from authenticated measured inventory,roles-inventory.sqlite; exact product canonical/reference/pack decoders
69,inode_table_leaf,65,353260,post-verification retained Store,derived from authenticated measured inventory,roles-inventory.sqlite; exact product canonical/reference/pack decoders
69,namespace_root,1,121,post-verification retained Store,derived from authenticated measured inventory,roles-inventory.sqlite; exact product canonical/reference/pack decoders
69,payload_chunk,59,725045,post-verification retained Store,derived from authenticated measured inventory,roles-inventory.sqlite; exact product canonical/reference/pack decoders
70,FileState,363,38478,post-verification retained Store,derived from authenticated measured inventory,roles-inventory.sqlite; exact product canonical/reference/pack decoders
70,directory_map_branch,3,917,post-verification retained Store,derived from authenticated measured inventory,roles-inventory.sqlite; exact product canonical/reference/pack decoders
70,directory_map_leaf,134,95355,post-verification retained Store,derived from authenticated measured inventory,roles-inventory.sqlite; exact product canonical/reference/pack decoders
70,directory_state,133,13034,post-verification retained Store,derived from authenticated measured inventory,roles-inventory.sqlite; exact product canonical/reference/pack decoders
70,extent_leaf,363,37252,post-verification retained Store,derived from authenticated measured inventory,roles-inventory.sqlite; exact product canonical/reference/pack decoders
70,inode_record,496,48608,post-verification retained Store,derived from authenticated measured inventory,roles-inventory.sqlite; exact product canonical/reference/pack decoders
70,inode_table_branch,1,4268,post-verification retained Store,derived from authenticated measured inventory,roles-inventory.sqlite; exact product canonical/reference/pack decoders
70,inode_table_leaf,66,379288,post-verification retained Store,derived from authenticated measured inventory,roles-inventory.sqlite; exact product canonical/reference/pack decoders
70,namespace_root,1,121,post-verification retained Store,derived from authenticated measured inventory,roles-inventory.sqlite; exact product canonical/reference/pack decoders
70,payload_chunk,442,4323977,post-verification retained Store,derived from authenticated measured inventory,roles-inventory.sqlite; exact product canonical/reference/pack decoders
71,FileState,265,28090,post-verification retained Store,derived from authenticated measured inventory,roles-inventory.sqlite; exact product canonical/reference/pack decoders
71,directory_map_branch,2,708,post-verification retained Store,derived from authenticated measured inventory,roles-inventory.sqlite; exact product canonical/reference/pack decoders
71,directory_map_leaf,34,42768,post-verification retained Store,derived from authenticated measured inventory,roles-inventory.sqlite; exact product canonical/reference/pack decoders
71,directory_state,34,3332,post-verification retained Store,derived from authenticated measured inventory,roles-inventory.sqlite; exact product canonical/reference/pack decoders
71,extent_leaf,265,25620,post-verification retained Store,derived from authenticated measured inventory,roles-inventory.sqlite; exact product canonical/reference/pack decoders
71,inode_record,299,29302,post-verification retained Store,derived from authenticated measured inventory,roles-inventory.sqlite; exact product canonical/reference/pack decoders
71,inode_table_branch,1,4268,post-verification retained Store,derived from authenticated measured inventory,roles-inventory.sqlite; exact product canonical/reference/pack decoders
71,inode_table_leaf,66,366360,post-verification retained Store,derived from authenticated measured inventory,roles-inventory.sqlite; exact product canonical/reference/pack decoders
71,namespace_root,1,121,post-verification retained Store,derived from authenticated measured inventory,roles-inventory.sqlite; exact product canonical/reference/pack decoders
71,payload_chunk,288,2007159,post-verification retained Store,derived from authenticated measured inventory,roles-inventory.sqlite; exact product canonical/reference/pack decoders
72,FileState,52,5512,post-verification retained Store,derived from authenticated measured inventory,roles-inventory.sqlite; exact product canonical/reference/pack decoders
72,directory_map_branch,2,698,post-verification retained Store,derived from authenticated measured inventory,roles-inventory.sqlite; exact product canonical/reference/pack decoders
72,directory_map_leaf,52,42772,post-verification retained Store,derived from authenticated measured inventory,roles-inventory.sqlite; exact product canonical/reference/pack decoders
72,directory_state,52,5096,post-verification retained Store,derived from authenticated measured inventory,roles-inventory.sqlite; exact product canonical/reference/pack decoders
72,extent_leaf,52,6648,post-verification retained Store,derived from authenticated measured inventory,roles-inventory.sqlite; exact product canonical/reference/pack decoders
72,inode_record,104,10192,post-verification retained Store,derived from authenticated measured inventory,roles-inventory.sqlite; exact product canonical/reference/pack decoders
72,inode_table_branch,1,4140,post-verification retained Store,derived from authenticated measured inventory,roles-inventory.sqlite; exact product canonical/reference/pack decoders
72,inode_table_leaf,64,348608,post-verification retained Store,derived from authenticated measured inventory,roles-inventory.sqlite; exact product canonical/reference/pack decoders
72,namespace_root,1,121,post-verification retained Store,derived from authenticated measured inventory,roles-inventory.sqlite; exact product canonical/reference/pack decoders
72,payload_chunk,62,610448,post-verification retained Store,derived from authenticated measured inventory,roles-inventory.sqlite; exact product canonical/reference/pack decoders
73,FileState,435,46110,post-verification retained Store,derived from authenticated measured inventory,roles-inventory.sqlite; exact product canonical/reference/pack decoders
73,directory_map_branch,3,913,post-verification retained Store,derived from authenticated measured inventory,roles-inventory.sqlite; exact product canonical/reference/pack decoders
73,directory_map_leaf,200,116838,post-verification retained Store,derived from authenticated measured inventory,roles-inventory.sqlite; exact product canonical/reference/pack decoders
73,directory_state,199,19502,post-verification retained Store,derived from authenticated measured inventory,roles-inventory.sqlite; exact product canonical/reference/pack decoders
73,extent_leaf,435,42820,post-verification retained Store,derived from authenticated measured inventory,roles-inventory.sqlite; exact product canonical/reference/pack decoders
73,inode_record,634,62132,post-verification retained Store,derived from authenticated measured inventory,roles-inventory.sqlite; exact product canonical/reference/pack decoders
73,inode_table_branch,1,4332,post-verification retained Store,derived from authenticated measured inventory,roles-inventory.sqlite; exact product canonical/reference/pack decoders
73,inode_table_leaf,67,383876,post-verification retained Store,derived from authenticated measured inventory,roles-inventory.sqlite; exact product canonical/reference/pack decoders
73,namespace_root,1,121,post-verification retained Store,derived from authenticated measured inventory,roles-inventory.sqlite; exact product canonical/reference/pack decoders
73,payload_chunk,497,4247235,post-verification retained Store,derived from authenticated measured inventory,roles-inventory.sqlite; exact product canonical/reference/pack decoders
74,FileState,146,15476,post-verification retained Store,derived from authenticated measured inventory,roles-inventory.sqlite; exact product canonical/reference/pack decoders
74,directory_map_branch,2,710,post-verification retained Store,derived from authenticated measured inventory,roles-inventory.sqlite; exact product canonical/reference/pack decoders
74,directory_map_leaf,75,61614,post-verification retained Store,derived from authenticated measured inventory,roles-inventory.sqlite; exact product canonical/reference/pack decoders
74,directory_state,74,7252,post-verification retained Store,derived from authenticated measured inventory,roles-inventory.sqlite; exact product canonical/reference/pack decoders
74,extent_leaf,146,15624,post-verification retained Store,derived from authenticated measured inventory,roles-inventory.sqlite; exact product canonical/reference/pack decoders
74,inode_record,220,21560,post-verification retained Store,derived from authenticated measured inventory,roles-inventory.sqlite; exact product canonical/reference/pack decoders
74,inode_table_branch,1,4268,post-verification retained Store,derived from authenticated measured inventory,roles-inventory.sqlite; exact product canonical/reference/pack decoders
74,inode_table_leaf,66,363352,post-verification retained Store,derived from authenticated measured inventory,roles-inventory.sqlite; exact product canonical/reference/pack decoders
74,namespace_root,1,121,post-verification retained Store,derived from authenticated measured inventory,roles-inventory.sqlite; exact product canonical/reference/pack decoders
74,payload_chunk,186,1787336,post-verification retained Store,derived from authenticated measured inventory,roles-inventory.sqlite; exact product canonical/reference/pack decoders
75,FileState,599,63494,post-verification retained Store,derived from authenticated measured inventory,roles-inventory.sqlite; exact product canonical/reference/pack decoders
75,directory_map_branch,3,1010,post-verification retained Store,derived from authenticated measured inventory,roles-inventory.sqlite; exact product canonical/reference/pack decoders
75,directory_map_leaf,173,112780,post-verification retained Store,derived from authenticated measured inventory,roles-inventory.sqlite; exact product canonical/reference/pack decoders
75,directory_state,171,16758,post-verification retained Store,derived from authenticated measured inventory,roles-inventory.sqlite; exact product canonical/reference/pack decoders
75,extent_leaf,599,56676,post-verification retained Store,derived from authenticated measured inventory,roles-inventory.sqlite; exact product canonical/reference/pack decoders
75,inode_record,770,75460,post-verification retained Store,derived from authenticated measured inventory,roles-inventory.sqlite; exact product canonical/reference/pack decoders
75,inode_table_branch,1,4332,post-verification retained Store,derived from authenticated measured inventory,roles-inventory.sqlite; exact product canonical/reference/pack decoders
75,inode_table_leaf,67,396676,post-verification retained Store,derived from authenticated measured inventory,roles-inventory.sqlite; exact product canonical/reference/pack decoders
75,namespace_root,1,121,post-verification retained Store,derived from authenticated measured inventory,roles-inventory.sqlite; exact product canonical/reference/pack decoders
75,payload_chunk,687,5808245,post-verification retained Store,derived from authenticated measured inventory,roles-inventory.sqlite; exact product canonical/reference/pack decoders
76,FileState,45,4770,post-verification retained Store,derived from authenticated measured inventory,roles-inventory.sqlite; exact product canonical/reference/pack decoders
76,directory_map_branch,2,632,post-verification retained Store,derived from authenticated measured inventory,roles-inventory.sqlite; exact product canonical/reference/pack decoders
76,directory_map_leaf,51,57301,post-verification retained Store,derived from authenticated measured inventory,roles-inventory.sqlite; exact product canonical/reference/pack decoders
76,directory_state,50,4900,post-verification retained Store,derived from authenticated measured inventory,roles-inventory.sqlite; exact product canonical/reference/pack decoders
76,extent_leaf,45,4820,post-verification retained Store,derived from authenticated measured inventory,roles-inventory.sqlite; exact product canonical/reference/pack decoders
76,inode_record,95,9310,post-verification retained Store,derived from authenticated measured inventory,roles-inventory.sqlite; exact product canonical/reference/pack decoders
76,inode_table_branch,1,4268,post-verification retained Store,derived from authenticated measured inventory,roles-inventory.sqlite; exact product canonical/reference/pack decoders
76,inode_table_leaf,66,345880,post-verification retained Store,derived from authenticated measured inventory,roles-inventory.sqlite; exact product canonical/reference/pack decoders
76,namespace_root,1,121,post-verification retained Store,derived from authenticated measured inventory,roles-inventory.sqlite; exact product canonical/reference/pack decoders
76,payload_chunk,53,485589,post-verification retained Store,derived from authenticated measured inventory,roles-inventory.sqlite; exact product canonical/reference/pack decoders
77,FileState,76,8056,post-verification retained Store,derived from authenticated measured inventory,roles-inventory.sqlite; exact product canonical/reference/pack decoders
77,directory_map_branch,3,913,post-verification retained Store,derived from authenticated measured inventory,roles-inventory.sqlite; exact product canonical/reference/pack decoders
77,directory_map_leaf,197,119240,post-verification retained Store,derived from authenticated measured inventory,roles-inventory.sqlite; exact product canonical/reference/pack decoders
77,directory_state,196,19208,post-verification retained Store,derived from authenticated measured inventory,roles-inventory.sqlite; exact product canonical/reference/pack decoders
77,extent_leaf,76,10064,post-verification retained Store,derived from authenticated measured inventory,roles-inventory.sqlite; exact product canonical/reference/pack decoders
77,inode_record,272,26656,post-verification retained Store,derived from authenticated measured inventory,roles-inventory.sqlite; exact product canonical/reference/pack decoders
77,inode_table_branch,1,4396,post-verification retained Store,derived from authenticated measured inventory,roles-inventory.sqlite; exact product canonical/reference/pack decoders
77,inode_table_leaf,68,382832,post-verification retained Store,derived from authenticated measured inventory,roles-inventory.sqlite; exact product canonical/reference/pack decoders
77,namespace_root,1,121,post-verification retained Store,derived from authenticated measured inventory,roles-inventory.sqlite; exact product canonical/reference/pack decoders
77,payload_chunk,98,1299185,post-verification retained Store,derived from authenticated measured inventory,roles-inventory.sqlite; exact product canonical/reference/pack decoders
78,FileState,82,8692,post-verification retained Store,derived from authenticated measured inventory,roles-inventory.sqlite; exact product canonical/reference/pack decoders
78,directory_map_branch,3,1004,post-verification retained Store,derived from authenticated measured inventory,roles-inventory.sqlite; exact product canonical/reference/pack decoders
78,directory_map_leaf,33,56402,post-verification retained Store,derived from authenticated measured inventory,roles-inventory.sqlite; exact product canonical/reference/pack decoders
78,directory_state,32,3136,post-verification retained Store,derived from authenticated measured inventory,roles-inventory.sqlite; exact product canonical/reference/pack decoders
78,extent_leaf,82,10488,post-verification retained Store,derived from authenticated measured inventory,roles-inventory.sqlite; exact product canonical/reference/pack decoders
78,inode_record,114,11172,post-verification retained Store,derived from authenticated measured inventory,roles-inventory.sqlite; exact product canonical/reference/pack decoders
78,inode_table_branch,1,4396,post-verification retained Store,derived from authenticated measured inventory,roles-inventory.sqlite; exact product canonical/reference/pack decoders
78,inode_table_leaf,66,378712,post-verification retained Store,derived from authenticated measured inventory,roles-inventory.sqlite; exact product canonical/reference/pack decoders
78,namespace_root,1,121,post-verification retained Store,derived from authenticated measured inventory,roles-inventory.sqlite; exact product canonical/reference/pack decoders
78,payload_chunk,101,1291891,post-verification retained Store,derived from authenticated measured inventory,roles-inventory.sqlite; exact product canonical/reference/pack decoders
79,FileState,34,3604,post-verification retained Store,derived from authenticated measured inventory,roles-inventory.sqlite; exact product canonical/reference/pack decoders
79,directory_map_branch,2,662,post-verification retained Store,derived from authenticated measured inventory,roles-inventory.sqlite; exact product canonical/reference/pack decoders
79,directory_map_leaf,5,17234,post-verification retained Store,derived from authenticated measured inventory,roles-inventory.sqlite; exact product canonical/reference/pack decoders
79,directory_state,5,490,post-verification retained Store,derived from authenticated measured inventory,roles-inventory.sqlite; exact product canonical/reference/pack decoders
79,extent_leaf,34,5416,post-verification retained Store,derived from authenticated measured inventory,roles-inventory.sqlite; exact product canonical/reference/pack decoders
79,inode_record,39,3822,post-verification retained Store,derived from authenticated measured inventory,roles-inventory.sqlite; exact product canonical/reference/pack decoders
79,inode_table_branch,1,4396,post-verification retained Store,derived from authenticated measured inventory,roles-inventory.sqlite; exact product canonical/reference/pack decoders
79,inode_table_leaf,61,347900,post-verification retained Store,derived from authenticated measured inventory,roles-inventory.sqlite; exact product canonical/reference/pack decoders
79,namespace_root,1,121,post-verification retained Store,derived from authenticated measured inventory,roles-inventory.sqlite; exact product canonical/reference/pack decoders
79,payload_chunk,37,579202,post-verification retained Store,derived from authenticated measured inventory,roles-inventory.sqlite; exact product canonical/reference/pack decoders
80,FileState,814,86284,post-verification retained Store,derived from authenticated measured inventory,roles-inventory.sqlite; exact product canonical/reference/pack decoders
80,directory_map_branch,3,1088,post-verification retained Store,derived from authenticated measured inventory,roles-inventory.sqlite; exact product canonical/reference/pack decoders
80,directory_map_leaf,97,92950,post-verification retained Store,derived from authenticated measured inventory,roles-inventory.sqlite; exact product canonical/reference/pack decoders
80,directory_state,96,9408,post-verification retained Store,derived from authenticated measured inventory,roles-inventory.sqlite; exact product canonical/reference/pack decoders
80,extent_leaf,814,77176,post-verification retained Store,derived from authenticated measured inventory,roles-inventory.sqlite; exact product canonical/reference/pack decoders
80,inode_record,910,89180,post-verification retained Store,derived from authenticated measured inventory,roles-inventory.sqlite; exact product canonical/reference/pack decoders
80,inode_table_branch,1,4396,post-verification retained Store,derived from authenticated measured inventory,roles-inventory.sqlite; exact product canonical/reference/pack decoders
80,inode_table_leaf,68,406512,post-verification retained Store,derived from authenticated measured inventory,roles-inventory.sqlite; exact product canonical/reference/pack decoders
80,namespace_root,1,121,post-verification retained Store,derived from authenticated measured inventory,roles-inventory.sqlite; exact product canonical/reference/pack decoders
80,payload_chunk,940,8001580,post-verification retained Store,derived from authenticated measured inventory,roles-inventory.sqlite; exact product canonical/reference/pack decoders
81,FileState,402,42612,post-verification retained Store,derived from authenticated measured inventory,roles-inventory.sqlite; exact product canonical/reference/pack decoders
81,directory_map_branch,2,948,post-verification retained Store,derived from authenticated measured inventory,roles-inventory.sqlite; exact product canonical/reference/pack decoders
81,directory_map_leaf,25,44916,post-verification retained Store,derived from authenticated measured inventory,roles-inventory.sqlite; exact product canonical/reference/pack decoders
81,directory_state,24,2352,post-verification retained Store,derived from authenticated measured inventory,roles-inventory.sqlite; exact product canonical/reference/pack decoders
81,extent_leaf,402,41568,post-verification retained Store,derived from authenticated measured inventory,roles-inventory.sqlite; exact product canonical/reference/pack decoders
81,inode_record,426,41748,post-verification retained Store,derived from authenticated measured inventory,roles-inventory.sqlite; exact product canonical/reference/pack decoders
81,inode_table_branch,1,4460,post-verification retained Store,derived from authenticated measured inventory,roles-inventory.sqlite; exact product canonical/reference/pack decoders
81,inode_table_leaf,69,410716,post-verification retained Store,derived from authenticated measured inventory,roles-inventory.sqlite; exact product canonical/reference/pack decoders
81,namespace_root,1,121,post-verification retained Store,derived from authenticated measured inventory,roles-inventory.sqlite; exact product canonical/reference/pack decoders
81,payload_chunk,512,5166299,post-verification retained Store,derived from authenticated measured inventory,roles-inventory.sqlite; exact product canonical/reference/pack decoders
82,FileState,160,16960,post-verification retained Store,derived from authenticated measured inventory,roles-inventory.sqlite; exact product canonical/reference/pack decoders
82,directory_map_branch,1,443,post-verification retained Store,derived from authenticated measured inventory,roles-inventory.sqlite; exact product canonical/reference/pack decoders
82,directory_map_leaf,12,15380,post-verification retained Store,derived from authenticated measured inventory,roles-inventory.sqlite; exact product canonical/reference/pack decoders
82,directory_state,12,1176,post-verification retained Store,derived from authenticated measured inventory,roles-inventory.sqlite; exact product canonical/reference/pack decoders
82,extent_leaf,160,18200,post-verification retained Store,derived from authenticated measured inventory,roles-inventory.sqlite; exact product canonical/reference/pack decoders
82,inode_record,172,16856,post-verification retained Store,derived from authenticated measured inventory,roles-inventory.sqlite; exact product canonical/reference/pack decoders
82,inode_table_branch,1,4396,post-verification retained Store,derived from authenticated measured inventory,roles-inventory.sqlite; exact product canonical/reference/pack decoders
82,inode_table_leaf,67,384644,post-verification retained Store,derived from authenticated measured inventory,roles-inventory.sqlite; exact product canonical/reference/pack decoders
82,namespace_root,1,121,post-verification retained Store,derived from authenticated measured inventory,roles-inventory.sqlite; exact product canonical/reference/pack decoders
82,payload_chunk,183,2088984,post-verification retained Store,derived from authenticated measured inventory,roles-inventory.sqlite; exact product canonical/reference/pack decoders
83,FileState,142,15052,post-verification retained Store,derived from authenticated measured inventory,roles-inventory.sqlite; exact product canonical/reference/pack decoders
83,directory_map_branch,3,1088,post-verification retained Store,derived from authenticated measured inventory,roles-inventory.sqlite; exact product canonical/reference/pack decoders
83,directory_map_leaf,85,85729,post-verification retained Store,derived from authenticated measured inventory,roles-inventory.sqlite; exact product canonical/reference/pack decoders
83,directory_state,85,8330,post-verification retained Store,derived from authenticated measured inventory,roles-inventory.sqlite; exact product canonical/reference/pack decoders
83,extent_leaf,142,16488,post-verification retained Store,derived from authenticated measured inventory,roles-inventory.sqlite; exact product canonical/reference/pack decoders
83,inode_record,227,22246,post-verification retained Store,derived from authenticated measured inventory,roles-inventory.sqlite; exact product canonical/reference/pack decoders
83,inode_table_branch,1,4396,post-verification retained Store,derived from authenticated measured inventory,roles-inventory.sqlite; exact product canonical/reference/pack decoders
83,inode_table_leaf,68,403632,post-verification retained Store,derived from authenticated measured inventory,roles-inventory.sqlite; exact product canonical/reference/pack decoders
83,namespace_root,1,121,post-verification retained Store,derived from authenticated measured inventory,roles-inventory.sqlite; exact product canonical/reference/pack decoders
83,payload_chunk,166,1816349,post-verification retained Store,derived from authenticated measured inventory,roles-inventory.sqlite; exact product canonical/reference/pack decoders
84,FileState,534,56604,post-verification retained Store,derived from authenticated measured inventory,roles-inventory.sqlite; exact product canonical/reference/pack decoders
84,directory_map_branch,4,1383,post-verification retained Store,derived from authenticated measured inventory,roles-inventory.sqlite; exact product canonical/reference/pack decoders
84,directory_map_leaf,76,81206,post-verification retained Store,derived from authenticated measured inventory,roles-inventory.sqlite; exact product canonical/reference/pack decoders
84,directory_state,74,7252,post-verification retained Store,derived from authenticated measured inventory,roles-inventory.sqlite; exact product canonical/reference/pack decoders
84,extent_leaf,534,51536,post-verification retained Store,derived from authenticated measured inventory,roles-inventory.sqlite; exact product canonical/reference/pack decoders
84,inode_record,608,59584,post-verification retained Store,derived from authenticated measured inventory,roles-inventory.sqlite; exact product canonical/reference/pack decoders
84,inode_table_branch,1,4652,post-verification retained Store,derived from authenticated measured inventory,roles-inventory.sqlite; exact product canonical/reference/pack decoders
84,inode_table_leaf,72,421408,post-verification retained Store,derived from authenticated measured inventory,roles-inventory.sqlite; exact product canonical/reference/pack decoders
84,namespace_root,1,121,post-verification retained Store,derived from authenticated measured inventory,roles-inventory.sqlite; exact product canonical/reference/pack decoders
84,payload_chunk,608,5254383,post-verification retained Store,derived from authenticated measured inventory,roles-inventory.sqlite; exact product canonical/reference/pack decoders
85,FileState,502,53212,post-verification retained Store,derived from authenticated measured inventory,roles-inventory.sqlite; exact product canonical/reference/pack decoders
85,directory_map_branch,2,754,post-verification retained Store,derived from authenticated measured inventory,roles-inventory.sqlite; exact product canonical/reference/pack decoders
85,directory_map_leaf,31,56455,post-verification retained Store,derived from authenticated measured inventory,roles-inventory.sqlite; exact product canonical/reference/pack decoders
85,directory_state,28,2744,post-verification retained Store,derived from authenticated measured inventory,roles-inventory.sqlite; exact product canonical/reference/pack decoders
85,extent_leaf,502,51848,post-verification retained Store,derived from authenticated measured inventory,roles-inventory.sqlite; exact product canonical/reference/pack decoders
85,inode_record,530,51940,post-verification retained Store,derived from authenticated measured inventory,roles-inventory.sqlite; exact product canonical/reference/pack decoders
85,inode_table_branch,1,4716,post-verification retained Store,derived from authenticated measured inventory,roles-inventory.sqlite; exact product canonical/reference/pack decoders
85,inode_table_leaf,73,428684,post-verification retained Store,derived from authenticated measured inventory,roles-inventory.sqlite; exact product canonical/reference/pack decoders
85,namespace_root,1,121,post-verification retained Store,derived from authenticated measured inventory,roles-inventory.sqlite; exact product canonical/reference/pack decoders
85,payload_chunk,608,6189216,post-verification retained Store,derived from authenticated measured inventory,roles-inventory.sqlite; exact product canonical/reference/pack decoders
86,FileState,225,23850,post-verification retained Store,derived from authenticated measured inventory,roles-inventory.sqlite; exact product canonical/reference/pack decoders
86,directory_map_branch,2,799,post-verification retained Store,derived from authenticated measured inventory,roles-inventory.sqlite; exact product canonical/reference/pack decoders
86,directory_map_leaf,14,19396,post-verification retained Store,derived from authenticated measured inventory,roles-inventory.sqlite; exact product canonical/reference/pack decoders
86,directory_state,13,1274,post-verification retained Store,derived from authenticated measured inventory,roles-inventory.sqlite; exact product canonical/reference/pack decoders
86,extent_leaf,225,24060,post-verification retained Store,derived from authenticated measured inventory,roles-inventory.sqlite; exact product canonical/reference/pack decoders
86,inode_record,238,23324,post-verification retained Store,derived from authenticated measured inventory,roles-inventory.sqlite; exact product canonical/reference/pack decoders
86,inode_table_branch,1,4716,post-verification retained Store,derived from authenticated measured inventory,roles-inventory.sqlite; exact product canonical/reference/pack decoders
86,inode_table_leaf,68,405232,post-verification retained Store,derived from authenticated measured inventory,roles-inventory.sqlite; exact product canonical/reference/pack decoders
86,namespace_root,1,121,post-verification retained Store,derived from authenticated measured inventory,roles-inventory.sqlite; exact product canonical/reference/pack decoders
86,payload_chunk,268,2847113,post-verification retained Store,derived from authenticated measured inventory,roles-inventory.sqlite; exact product canonical/reference/pack decoders
87,FileState,45,4770,post-verification retained Store,derived from authenticated measured inventory,roles-inventory.sqlite; exact product canonical/reference/pack decoders
87,directory_map_branch,2,713,post-verification retained Store,derived from authenticated measured inventory,roles-inventory.sqlite; exact product canonical/reference/pack decoders
87,directory_map_leaf,30,33233,post-verification retained Store,derived from authenticated measured inventory,roles-inventory.sqlite; exact product canonical/reference/pack decoders
87,directory_state,30,2940,post-verification retained Store,derived from authenticated measured inventory,roles-inventory.sqlite; exact product canonical/reference/pack decoders
87,extent_leaf,45,5740,post-verification retained Store,derived from authenticated measured inventory,roles-inventory.sqlite; exact product canonical/reference/pack decoders
87,inode_record,75,7350,post-verification retained Store,derived from authenticated measured inventory,roles-inventory.sqlite; exact product canonical/reference/pack decoders
87,inode_table_branch,1,4652,post-verification retained Store,derived from authenticated measured inventory,roles-inventory.sqlite; exact product canonical/reference/pack decoders
87,inode_table_leaf,71,377716,post-verification retained Store,derived from authenticated measured inventory,roles-inventory.sqlite; exact product canonical/reference/pack decoders
87,namespace_root,1,121,post-verification retained Store,derived from authenticated measured inventory,roles-inventory.sqlite; exact product canonical/reference/pack decoders
87,payload_chunk,52,556061,post-verification retained Store,derived from authenticated measured inventory,roles-inventory.sqlite; exact product canonical/reference/pack decoders
88,FileState,354,37524,post-verification retained Store,derived from authenticated measured inventory,roles-inventory.sqlite; exact product canonical/reference/pack decoders
88,directory_map_branch,4,1459,post-verification retained Store,derived from authenticated measured inventory,roles-inventory.sqlite; exact product canonical/reference/pack decoders
88,directory_map_leaf,201,158823,post-verification retained Store,derived from authenticated measured inventory,roles-inventory.sqlite; exact product canonical/reference/pack decoders
88,directory_state,195,19110,post-verification retained Store,derived from authenticated measured inventory,roles-inventory.sqlite; exact product canonical/reference/pack decoders
88,extent_leaf,354,35336,post-verification retained Store,derived from authenticated measured inventory,roles-inventory.sqlite; exact product canonical/reference/pack decoders
88,inode_record,549,53802,post-verification retained Store,derived from authenticated measured inventory,roles-inventory.sqlite; exact product canonical/reference/pack decoders
88,inode_table_branch,1,4780,post-verification retained Store,derived from authenticated measured inventory,roles-inventory.sqlite; exact product canonical/reference/pack decoders
88,inode_table_leaf,74,435448,post-verification retained Store,derived from authenticated measured inventory,roles-inventory.sqlite; exact product canonical/reference/pack decoders
88,namespace_root,1,121,post-verification retained Store,derived from authenticated measured inventory,roles-inventory.sqlite; exact product canonical/reference/pack decoders
88,payload_chunk,422,3621223,post-verification retained Store,derived from authenticated measured inventory,roles-inventory.sqlite; exact product canonical/reference/pack decoders
89,FileState,81,8586,post-verification retained Store,derived from authenticated measured inventory,roles-inventory.sqlite; exact product canonical/reference/pack decoders
89,directory_map_branch,2,794,post-verification retained Store,derived from authenticated measured inventory,roles-inventory.sqlite; exact product canonical/reference/pack decoders
89,directory_map_leaf,33,52966,post-verification retained Store,derived from authenticated measured inventory,roles-inventory.sqlite; exact product canonical/reference/pack decoders
89,directory_state,29,2842,post-verification retained Store,derived from authenticated measured inventory,roles-inventory.sqlite; exact product canonical/reference/pack decoders
89,extent_leaf,81,9364,post-verification retained Store,derived from authenticated measured inventory,roles-inventory.sqlite; exact product canonical/reference/pack decoders
89,inode_record,110,10780,post-verification retained Store,derived from authenticated measured inventory,roles-inventory.sqlite; exact product canonical/reference/pack decoders
89,inode_table_branch,1,4780,post-verification retained Store,derived from authenticated measured inventory,roles-inventory.sqlite; exact product canonical/reference/pack decoders
89,inode_table_leaf,74,425464,post-verification retained Store,derived from authenticated measured inventory,roles-inventory.sqlite; exact product canonical/reference/pack decoders
89,namespace_root,1,121,post-verification retained Store,derived from authenticated measured inventory,roles-inventory.sqlite; exact product canonical/reference/pack decoders
89,payload_chunk,99,930893,post-verification retained Store,derived from authenticated measured inventory,roles-inventory.sqlite; exact product canonical/reference/pack decoders
90,FileState,346,36676,post-verification retained Store,derived from authenticated measured inventory,roles-inventory.sqlite; exact product canonical/reference/pack decoders
90,directory_map_branch,4,1257,post-verification retained Store,derived from authenticated measured inventory,roles-inventory.sqlite; exact product canonical/reference/pack decoders
90,directory_map_leaf,73,113578,post-verification retained Store,derived from authenticated measured inventory,roles-inventory.sqlite; exact product canonical/reference/pack decoders
90,directory_state,66,6468,post-verification retained Store,derived from authenticated measured inventory,roles-inventory.sqlite; exact product canonical/reference/pack decoders
90,extent_leaf,346,33144,post-verification retained Store,derived from authenticated measured inventory,roles-inventory.sqlite; exact product canonical/reference/pack decoders
90,inode_record,412,40376,post-verification retained Store,derived from authenticated measured inventory,roles-inventory.sqlite; exact product canonical/reference/pack decoders
90,inode_table_branch,1,4780,post-verification retained Store,derived from authenticated measured inventory,roles-inventory.sqlite; exact product canonical/reference/pack decoders
90,inode_table_leaf,74,424952,post-verification retained Store,derived from authenticated measured inventory,roles-inventory.sqlite; exact product canonical/reference/pack decoders
90,namespace_root,1,121,post-verification retained Store,derived from authenticated measured inventory,roles-inventory.sqlite; exact product canonical/reference/pack decoders
90,payload_chunk,398,3075292,post-verification retained Store,derived from authenticated measured inventory,roles-inventory.sqlite; exact product canonical/reference/pack decoders
91,FileState,923,97838,post-verification retained Store,derived from authenticated measured inventory,roles-inventory.sqlite; exact product canonical/reference/pack decoders
91,directory_map_branch,3,1222,post-verification retained Store,derived from authenticated measured inventory,roles-inventory.sqlite; exact product canonical/reference/pack decoders
91,directory_map_leaf,73,94263,post-verification retained Store,derived from authenticated measured inventory,roles-inventory.sqlite; exact product canonical/reference/pack decoders
91,directory_state,66,6468,post-verification retained Store,derived from authenticated measured inventory,roles-inventory.sqlite; exact product canonical/reference/pack decoders
91,extent_leaf,923,88972,post-verification retained Store,derived from authenticated measured inventory,roles-inventory.sqlite; exact product canonical/reference/pack decoders
91,inode_record,989,96922,post-verification retained Store,derived from authenticated measured inventory,roles-inventory.sqlite; exact product canonical/reference/pack decoders
91,inode_table_branch,1,4780,post-verification retained Store,derived from authenticated measured inventory,roles-inventory.sqlite; exact product canonical/reference/pack decoders
91,inode_table_leaf,74,435320,post-verification retained Store,derived from authenticated measured inventory,roles-inventory.sqlite; exact product canonical/reference/pack decoders
91,namespace_root,1,121,post-verification retained Store,derived from authenticated measured inventory,roles-inventory.sqlite; exact product canonical/reference/pack decoders
91,payload_chunk,1079,9292160,post-verification retained Store,derived from authenticated measured inventory,roles-inventory.sqlite; exact product canonical/reference/pack decoders
92,FileState,1902,201612,post-verification retained Store,derived from authenticated measured inventory,roles-inventory.sqlite; exact product canonical/reference/pack decoders
92,directory_map_branch,4,1334,post-verification retained Store,derived from authenticated measured inventory,roles-inventory.sqlite; exact product canonical/reference/pack decoders
92,directory_map_leaf,77,115630,post-verification retained Store,derived from authenticated measured inventory,roles-inventory.sqlite; exact product canonical/reference/pack decoders
92,directory_state,72,7056,post-verification retained Store,derived from authenticated measured inventory,roles-inventory.sqlite; exact product canonical/reference/pack decoders
92,extent_leaf,1902,169808,post-verification retained Store,derived from authenticated measured inventory,roles-inventory.sqlite; exact product canonical/reference/pack decoders
92,inode_record,1974,193452,post-verification retained Store,derived from authenticated measured inventory,roles-inventory.sqlite; exact product canonical/reference/pack decoders
92,inode_table_branch,1,4844,post-verification retained Store,derived from authenticated measured inventory,roles-inventory.sqlite; exact product canonical/reference/pack decoders
92,inode_table_leaf,75,433700,post-verification retained Store,derived from authenticated measured inventory,roles-inventory.sqlite; exact product canonical/reference/pack decoders
92,namespace_root,1,121,post-verification retained Store,derived from authenticated measured inventory,roles-inventory.sqlite; exact product canonical/reference/pack decoders
92,payload_chunk,2024,10917319,post-verification retained Store,derived from authenticated measured inventory,roles-inventory.sqlite; exact product canonical/reference/pack decoders
93,FileState,63,6678,post-verification retained Store,derived from authenticated measured inventory,roles-inventory.sqlite; exact product canonical/reference/pack decoders
93,directory_map_branch,3,1163,post-verification retained Store,derived from authenticated measured inventory,roles-inventory.sqlite; exact product canonical/reference/pack decoders
93,directory_map_leaf,8,24584,post-verification retained Store,derived from authenticated measured inventory,roles-inventory.sqlite; exact product canonical/reference/pack decoders
93,directory_state,8,784,post-verification retained Store,derived from authenticated measured inventory,roles-inventory.sqlite; exact product canonical/reference/pack decoders
93,extent_leaf,63,7652,post-verification retained Store,derived from authenticated measured inventory,roles-inventory.sqlite; exact product canonical/reference/pack decoders
93,inode_record,71,6958,post-verification retained Store,derived from authenticated measured inventory,roles-inventory.sqlite; exact product canonical/reference/pack decoders
93,inode_table_branch,1,4844,post-verification retained Store,derived from authenticated measured inventory,roles-inventory.sqlite; exact product canonical/reference/pack decoders
93,inode_table_leaf,53,311644,post-verification retained Store,derived from authenticated measured inventory,roles-inventory.sqlite; exact product canonical/reference/pack decoders
93,namespace_root,1,121,post-verification retained Store,derived from authenticated measured inventory,roles-inventory.sqlite; exact product canonical/reference/pack decoders
93,payload_chunk,67,729073,post-verification retained Store,derived from authenticated measured inventory,roles-inventory.sqlite; exact product canonical/reference/pack decoders
94,FileState,98,10388,post-verification retained Store,derived from authenticated measured inventory,roles-inventory.sqlite; exact product canonical/reference/pack decoders
94,directory_map_branch,2,949,post-verification retained Store,derived from authenticated measured inventory,roles-inventory.sqlite; exact product canonical/reference/pack decoders
94,directory_map_leaf,20,30076,post-verification retained Store,derived from authenticated measured inventory,roles-inventory.sqlite; exact product canonical/reference/pack decoders
94,directory_state,20,1960,post-verification retained Store,derived from authenticated measured inventory,roles-inventory.sqlite; exact product canonical/reference/pack decoders
94,extent_leaf,98,11112,post-verification retained Store,derived from authenticated measured inventory,roles-inventory.sqlite; exact product canonical/reference/pack decoders
94,inode_record,118,11564,post-verification retained Store,derived from authenticated measured inventory,roles-inventory.sqlite; exact product canonical/reference/pack decoders
94,inode_table_branch,1,4844,post-verification retained Store,derived from authenticated measured inventory,roles-inventory.sqlite; exact product canonical/reference/pack decoders
94,inode_table_leaf,75,427172,post-verification retained Store,derived from authenticated measured inventory,roles-inventory.sqlite; exact product canonical/reference/pack decoders
94,namespace_root,1,121,post-verification retained Store,derived from authenticated measured inventory,roles-inventory.sqlite; exact product canonical/reference/pack decoders
94,payload_chunk,108,1025516,post-verification retained Store,derived from authenticated measured inventory,roles-inventory.sqlite; exact product canonical/reference/pack decoders
95,FileState,38,4028,post-verification retained Store,derived from authenticated measured inventory,roles-inventory.sqlite; exact product canonical/reference/pack decoders
95,directory_map_branch,3,764,post-verification retained Store,derived from authenticated measured inventory,roles-inventory.sqlite; exact product canonical/reference/pack decoders
95,directory_map_leaf,85,100234,post-verification retained Store,derived from authenticated measured inventory,roles-inventory.sqlite; exact product canonical/reference/pack decoders
95,directory_state,80,7840,post-verification retained Store,derived from authenticated measured inventory,roles-inventory.sqlite; exact product canonical/reference/pack decoders
95,extent_leaf,38,4072,post-verification retained Store,derived from authenticated measured inventory,roles-inventory.sqlite; exact product canonical/reference/pack decoders
95,inode_record,118,11564,post-verification retained Store,derived from authenticated measured inventory,roles-inventory.sqlite; exact product canonical/reference/pack decoders
95,inode_table_branch,1,4140,post-verification retained Store,derived from authenticated measured inventory,roles-inventory.sqlite; exact product canonical/reference/pack decoders
95,inode_table_leaf,64,307712,post-verification retained Store,derived from authenticated measured inventory,roles-inventory.sqlite; exact product canonical/reference/pack decoders
95,namespace_root,1,121,post-verification retained Store,derived from authenticated measured inventory,roles-inventory.sqlite; exact product canonical/reference/pack decoders
95,payload_chunk,40,392821,post-verification retained Store,derived from authenticated measured inventory,roles-inventory.sqlite; exact product canonical/reference/pack decoders
96,FileState,86,9116,post-verification retained Store,derived from authenticated measured inventory,roles-inventory.sqlite; exact product canonical/reference/pack decoders
96,directory_map_branch,4,1398,post-verification retained Store,derived from authenticated measured inventory,roles-inventory.sqlite; exact product canonical/reference/pack decoders
96,directory_map_leaf,370,219719,post-verification retained Store,derived from authenticated measured inventory,roles-inventory.sqlite; exact product canonical/reference/pack decoders
96,directory_state,362,35476,post-verification retained Store,derived from authenticated measured inventory,roles-inventory.sqlite; exact product canonical/reference/pack decoders
96,extent_leaf,86,10384,post-verification retained Store,derived from authenticated measured inventory,roles-inventory.sqlite; exact product canonical/reference/pack decoders
96,inode_record,448,43904,post-verification retained Store,derived from authenticated measured inventory,roles-inventory.sqlite; exact product canonical/reference/pack decoders
96,inode_table_branch,1,4652,post-verification retained Store,derived from authenticated measured inventory,roles-inventory.sqlite; exact product canonical/reference/pack decoders
96,inode_table_leaf,72,413088,post-verification retained Store,derived from authenticated measured inventory,roles-inventory.sqlite; exact product canonical/reference/pack decoders
96,namespace_root,1,121,post-verification retained Store,derived from authenticated measured inventory,roles-inventory.sqlite; exact product canonical/reference/pack decoders
96,payload_chunk,99,1042020,post-verification retained Store,derived from authenticated measured inventory,roles-inventory.sqlite; exact product canonical/reference/pack decoders
97,FileState,1383,146598,post-verification retained Store,derived from authenticated measured inventory,roles-inventory.sqlite; exact product canonical/reference/pack decoders
97,directory_map_branch,6,1860,post-verification retained Store,derived from authenticated measured inventory,roles-inventory.sqlite; exact product canonical/reference/pack decoders
97,directory_map_leaf,209,196139,post-verification retained Store,derived from authenticated measured inventory,roles-inventory.sqlite; exact product canonical/reference/pack decoders
97,directory_state,199,19502,post-verification retained Store,derived from authenticated measured inventory,roles-inventory.sqlite; exact product canonical/reference/pack decoders
97,extent_leaf,1383,130972,post-verification retained Store,derived from authenticated measured inventory,roles-inventory.sqlite; exact product canonical/reference/pack decoders
97,inode_record,1582,155036,post-verification retained Store,derived from authenticated measured inventory,roles-inventory.sqlite; exact product canonical/reference/pack decoders
97,inode_table_branch,1,4972,post-verification retained Store,derived from authenticated measured inventory,roles-inventory.sqlite; exact product canonical/reference/pack decoders
97,inode_table_leaf,77,455100,post-verification retained Store,derived from authenticated measured inventory,roles-inventory.sqlite; exact product canonical/reference/pack decoders
97,namespace_root,1,121,post-verification retained Store,derived from authenticated measured inventory,roles-inventory.sqlite; exact product canonical/reference/pack decoders
97,payload_chunk,1625,14340367,post-verification retained Store,derived from authenticated measured inventory,roles-inventory.sqlite; exact product canonical/reference/pack decoders
98,FileState,96,10176,post-verification retained Store,derived from authenticated measured inventory,roles-inventory.sqlite; exact product canonical/reference/pack decoders
98,directory_map_branch,3,936,post-verification retained Store,derived from authenticated measured inventory,roles-inventory.sqlite; exact product canonical/reference/pack decoders
98,directory_map_leaf,10,22095,post-verification retained Store,derived from authenticated measured inventory,roles-inventory.sqlite; exact product canonical/reference/pack decoders
98,directory_state,10,980,post-verification retained Store,derived from authenticated measured inventory,roles-inventory.sqlite; exact product canonical/reference/pack decoders
98,extent_leaf,96,10464,post-verification retained Store,derived from authenticated measured inventory,roles-inventory.sqlite; exact product canonical/reference/pack decoders
98,inode_record,106,10388,post-verification retained Store,derived from authenticated measured inventory,roles-inventory.sqlite; exact product canonical/reference/pack decoders
98,inode_table_branch,1,4972,post-verification retained Store,derived from authenticated measured inventory,roles-inventory.sqlite; exact product canonical/reference/pack decoders
98,inode_table_leaf,62,365288,post-verification retained Store,derived from authenticated measured inventory,roles-inventory.sqlite; exact product canonical/reference/pack decoders
98,namespace_root,1,121,post-verification retained Store,derived from authenticated measured inventory,roles-inventory.sqlite; exact product canonical/reference/pack decoders
98,payload_chunk,112,839231,post-verification retained Store,derived from authenticated measured inventory,roles-inventory.sqlite; exact product canonical/reference/pack decoders
99,FileState,165,17490,post-verification retained Store,derived from authenticated measured inventory,roles-inventory.sqlite; exact product canonical/reference/pack decoders
99,directory_map_branch,3,1169,post-verification retained Store,derived from authenticated measured inventory,roles-inventory.sqlite; exact product canonical/reference/pack decoders
99,directory_map_leaf,21,41141,post-verification retained Store,derived from authenticated measured inventory,roles-inventory.sqlite; exact product canonical/reference/pack decoders
99,directory_state,20,1960,post-verification retained Store,derived from authenticated measured inventory,roles-inventory.sqlite; exact product canonical/reference/pack decoders
99,extent_leaf,165,20500,post-verification retained Store,derived from authenticated measured inventory,roles-inventory.sqlite; exact product canonical/reference/pack decoders
99,inode_record,185,18130,post-verification retained Store,derived from authenticated measured inventory,roles-inventory.sqlite; exact product canonical/reference/pack decoders
99,inode_table_branch,1,4908,post-verification retained Store,derived from authenticated measured inventory,roles-inventory.sqlite; exact product canonical/reference/pack decoders
99,inode_table_leaf,76,443600,post-verification retained Store,derived from authenticated measured inventory,roles-inventory.sqlite; exact product canonical/reference/pack decoders
99,namespace_root,1,121,post-verification retained Store,derived from authenticated measured inventory,roles-inventory.sqlite; exact product canonical/reference/pack decoders
99,payload_chunk,201,2840672,post-verification retained Store,derived from authenticated measured inventory,roles-inventory.sqlite; exact product canonical/reference/pack decoders
100,FileState,1057,112042,post-verification retained Store,derived from authenticated measured inventory,roles-inventory.sqlite; exact product canonical/reference/pack decoders
100,directory_map_branch,6,1931,post-verification retained Store,derived from authenticated measured inventory,roles-inventory.sqlite; exact product canonical/reference/pack decoders
100,directory_map_leaf,149,168858,post-verification retained Store,derived from authenticated measured inventory,roles-inventory.sqlite; exact product canonical/reference/pack decoders
100,directory_state,140,13720,post-verification retained Store,derived from authenticated measured inventory,roles-inventory.sqlite; exact product canonical/reference/pack decoders
100,extent_leaf,1057,100108,post-verification retained Store,derived from authenticated measured inventory,roles-inventory.sqlite; exact product canonical/reference/pack decoders
100,inode_record,1197,117306,post-verification retained Store,derived from authenticated measured inventory,roles-inventory.sqlite; exact product canonical/reference/pack decoders
100,inode_table_branch,1,5164,post-verification retained Store,derived from authenticated measured inventory,roles-inventory.sqlite; exact product canonical/reference/pack decoders
100,inode_table_leaf,80,471680,post-verification retained Store,derived from authenticated measured inventory,roles-inventory.sqlite; exact product canonical/reference/pack decoders
100,namespace_root,1,121,post-verification retained Store,derived from authenticated measured inventory,roles-inventory.sqlite; exact product canonical/reference/pack decoders
100,payload_chunk,1221,9568445,post-verification retained Store,derived from authenticated measured inventory,roles-inventory.sqlite; exact product canonical/reference/pack decoders
101,FileState,655,69430,post-verification retained Store,derived from authenticated measured inventory,roles-inventory.sqlite; exact product canonical/reference/pack decoders
101,directory_map_branch,4,1631,post-verification retained Store,derived from authenticated measured inventory,roles-inventory.sqlite; exact product canonical/reference/pack decoders
101,directory_map_leaf,56,68260,post-verification retained Store,derived from authenticated measured inventory,roles-inventory.sqlite; exact product canonical/reference/pack decoders
101,directory_state,54,5292,post-verification retained Store,derived from authenticated measured inventory,roles-inventory.sqlite; exact product canonical/reference/pack decoders
101,extent_leaf,655,64300,post-verification retained Store,derived from authenticated measured inventory,roles-inventory.sqlite; exact product canonical/reference/pack decoders
101,inode_record,709,69482,post-verification retained Store,derived from authenticated measured inventory,roles-inventory.sqlite; exact product canonical/reference/pack decoders
101,inode_table_branch,1,5164,post-verification retained Store,derived from authenticated measured inventory,roles-inventory.sqlite; exact product canonical/reference/pack decoders
101,inode_table_leaf,80,479424,post-verification retained Store,derived from authenticated measured inventory,roles-inventory.sqlite; exact product canonical/reference/pack decoders
101,namespace_root,1,121,post-verification retained Store,derived from authenticated measured inventory,roles-inventory.sqlite; exact product canonical/reference/pack decoders
101,payload_chunk,767,6663004,post-verification retained Store,derived from authenticated measured inventory,roles-inventory.sqlite; exact product canonical/reference/pack decoders
102,FileState,165,17490,post-verification retained Store,derived from authenticated measured inventory,roles-inventory.sqlite; exact product canonical/reference/pack decoders
102,directory_map_branch,1,520,post-verification retained Store,derived from authenticated measured inventory,roles-inventory.sqlite; exact product canonical/reference/pack decoders
102,directory_map_leaf,16,11077,post-verification retained Store,derived from authenticated measured inventory,roles-inventory.sqlite; exact product canonical/reference/pack decoders
102,directory_state,16,1568,post-verification retained Store,derived from authenticated measured inventory,roles-inventory.sqlite; exact product canonical/reference/pack decoders
102,extent_leaf,165,18220,post-verification retained Store,derived from authenticated measured inventory,roles-inventory.sqlite; exact product canonical/reference/pack decoders
102,inode_record,181,17738,post-verification retained Store,derived from authenticated measured inventory,roles-inventory.sqlite; exact product canonical/reference/pack decoders
102,inode_table_branch,1,5228,post-verification retained Store,derived from authenticated measured inventory,roles-inventory.sqlite; exact product canonical/reference/pack decoders
102,inode_table_leaf,76,454416,post-verification retained Store,derived from authenticated measured inventory,roles-inventory.sqlite; exact product canonical/reference/pack decoders
102,namespace_root,1,121,post-verification retained Store,derived from authenticated measured inventory,roles-inventory.sqlite; exact product canonical/reference/pack decoders
102,payload_chunk,216,2202793,post-verification retained Store,derived from authenticated measured inventory,roles-inventory.sqlite; exact product canonical/reference/pack decoders
103,FileState,1802,191012,post-verification retained Store,derived from authenticated measured inventory,roles-inventory.sqlite; exact product canonical/reference/pack decoders
103,directory_map_branch,3,1039,post-verification retained Store,derived from authenticated measured inventory,roles-inventory.sqlite; exact product canonical/reference/pack decoders
103,directory_map_leaf,132,81917,post-verification retained Store,derived from authenticated measured inventory,roles-inventory.sqlite; exact product canonical/reference/pack decoders
103,directory_state,130,12740,post-verification retained Store,derived from authenticated measured inventory,roles-inventory.sqlite; exact product canonical/reference/pack decoders
103,extent_leaf,1802,160928,post-verification retained Store,derived from authenticated measured inventory,roles-inventory.sqlite; exact product canonical/reference/pack decoders
103,inode_record,1932,189336,post-verification retained Store,derived from authenticated measured inventory,roles-inventory.sqlite; exact product canonical/reference/pack decoders
103,inode_table_branch,1,5292,post-verification retained Store,derived from authenticated measured inventory,roles-inventory.sqlite; exact product canonical/reference/pack decoders
103,inode_table_leaf,82,489304,post-verification retained Store,derived from authenticated measured inventory,roles-inventory.sqlite; exact product canonical/reference/pack decoders
103,namespace_root,1,121,post-verification retained Store,derived from authenticated measured inventory,roles-inventory.sqlite; exact product canonical/reference/pack decoders
103,payload_chunk,1929,10911673,post-verification retained Store,derived from authenticated measured inventory,roles-inventory.sqlite; exact product canonical/reference/pack decoders
104,FileState,1873,198538,post-verification retained Store,derived from authenticated measured inventory,roles-inventory.sqlite; exact product canonical/reference/pack decoders
104,directory_map_branch,4,1615,post-verification retained Store,derived from authenticated measured inventory,roles-inventory.sqlite; exact product canonical/reference/pack decoders
104,directory_map_leaf,27,54358,post-verification retained Store,derived from authenticated measured inventory,roles-inventory.sqlite; exact product canonical/reference/pack decoders
104,directory_state,26,2548,post-verification retained Store,derived from authenticated measured inventory,roles-inventory.sqlite; exact product canonical/reference/pack decoders
104,extent_leaf,1873,174532,post-verification retained Store,derived from authenticated measured inventory,roles-inventory.sqlite; exact product canonical/reference/pack decoders
104,inode_record,1899,186102,post-verification retained Store,derived from authenticated measured inventory,roles-inventory.sqlite; exact product canonical/reference/pack decoders
104,inode_table_branch,1,5292,post-verification retained Store,derived from authenticated measured inventory,roles-inventory.sqlite; exact product canonical/reference/pack decoders
104,inode_table_leaf,82,493336,post-verification retained Store,derived from authenticated measured inventory,roles-inventory.sqlite; exact product canonical/reference/pack decoders
104,namespace_root,1,121,post-verification retained Store,derived from authenticated measured inventory,roles-inventory.sqlite; exact product canonical/reference/pack decoders
104,payload_chunk,2069,16395885,post-verification retained Store,derived from authenticated measured inventory,roles-inventory.sqlite; exact product canonical/reference/pack decoders
105,FileState,93,9858,post-verification retained Store,derived from authenticated measured inventory,roles-inventory.sqlite; exact product canonical/reference/pack decoders
105,directory_map_leaf,3,902,post-verification retained Store,derived from authenticated measured inventory,roles-inventory.sqlite; exact product canonical/reference/pack decoders
105,directory_state,3,294,post-verification retained Store,derived from authenticated measured inventory,roles-inventory.sqlite; exact product canonical/reference/pack decoders
105,extent_leaf,93,11292,post-verification retained Store,derived from authenticated measured inventory,roles-inventory.sqlite; exact product canonical/reference/pack decoders
105,inode_record,96,9408,post-verification retained Store,derived from authenticated measured inventory,roles-inventory.sqlite; exact product canonical/reference/pack decoders
105,inode_table_branch,1,5292,post-verification retained Store,derived from authenticated measured inventory,roles-inventory.sqlite; exact product canonical/reference/pack decoders
105,inode_table_leaf,51,316548,post-verification retained Store,derived from authenticated measured inventory,roles-inventory.sqlite; exact product canonical/reference/pack decoders
105,namespace_root,1,121,post-verification retained Store,derived from authenticated measured inventory,roles-inventory.sqlite; exact product canonical/reference/pack decoders
105,payload_chunk,102,1243952,post-verification retained Store,derived from authenticated measured inventory,roles-inventory.sqlite; exact product canonical/reference/pack decoders
106,FileState,154,16324,post-verification retained Store,derived from authenticated measured inventory,roles-inventory.sqlite; exact product canonical/reference/pack decoders
106,directory_map_branch,5,1756,post-verification retained Store,derived from authenticated measured inventory,roles-inventory.sqlite; exact product canonical/reference/pack decoders
106,directory_map_leaf,195,158213,post-verification retained Store,derived from authenticated measured inventory,roles-inventory.sqlite; exact product canonical/reference/pack decoders
106,directory_state,185,18130,post-verification retained Store,derived from authenticated measured inventory,roles-inventory.sqlite; exact product canonical/reference/pack decoders
106,extent_leaf,154,17016,post-verification retained Store,derived from authenticated measured inventory,roles-inventory.sqlite; exact product canonical/reference/pack decoders
106,inode_record,339,33222,post-verification retained Store,derived from authenticated measured inventory,roles-inventory.sqlite; exact product canonical/reference/pack decoders
106,inode_table_branch,1,5228,post-verification retained Store,derived from authenticated measured inventory,roles-inventory.sqlite; exact product canonical/reference/pack decoders
106,inode_table_leaf,81,463212,post-verification retained Store,derived from authenticated measured inventory,roles-inventory.sqlite; exact product canonical/reference/pack decoders
106,namespace_root,1,121,post-verification retained Store,derived from authenticated measured inventory,roles-inventory.sqlite; exact product canonical/reference/pack decoders
106,payload_chunk,190,1886615,post-verification retained Store,derived from authenticated measured inventory,roles-inventory.sqlite; exact product canonical/reference/pack decoders
107,FileState,241,25546,post-verification retained Store,derived from authenticated measured inventory,roles-inventory.sqlite; exact product canonical/reference/pack decoders
107,directory_map_branch,6,2000,post-verification retained Store,derived from authenticated measured inventory,roles-inventory.sqlite; exact product canonical/reference/pack decoders
107,directory_map_leaf,142,142797,post-verification retained Store,derived from authenticated measured inventory,roles-inventory.sqlite; exact product canonical/reference/pack decoders
107,directory_state,140,13720,post-verification retained Store,derived from authenticated measured inventory,roles-inventory.sqlite; exact product canonical/reference/pack decoders
107,extent_leaf,241,25404,post-verification retained Store,derived from authenticated measured inventory,roles-inventory.sqlite; exact product canonical/reference/pack decoders
107,inode_record,381,37338,post-verification retained Store,derived from authenticated measured inventory,roles-inventory.sqlite; exact product canonical/reference/pack decoders
107,inode_table_branch,1,5292,post-verification retained Store,derived from authenticated measured inventory,roles-inventory.sqlite; exact product canonical/reference/pack decoders
107,inode_table_leaf,82,489048,post-verification retained Store,derived from authenticated measured inventory,roles-inventory.sqlite; exact product canonical/reference/pack decoders
107,namespace_root,1,121,post-verification retained Store,derived from authenticated measured inventory,roles-inventory.sqlite; exact product canonical/reference/pack decoders
107,payload_chunk,300,3043754,post-verification retained Store,derived from authenticated measured inventory,roles-inventory.sqlite; exact product canonical/reference/pack decoders
108,FileState,181,19186,post-verification retained Store,derived from authenticated measured inventory,roles-inventory.sqlite; exact product canonical/reference/pack decoders
108,directory_map_branch,5,1765,post-verification retained Store,derived from authenticated measured inventory,roles-inventory.sqlite; exact product canonical/reference/pack decoders
108,directory_map_leaf,38,66660,post-verification retained Store,derived from authenticated measured inventory,roles-inventory.sqlite; exact product canonical/reference/pack decoders
108,directory_state,38,3724,post-verification retained Store,derived from authenticated measured inventory,roles-inventory.sqlite; exact product canonical/reference/pack decoders
108,extent_leaf,181,19364,post-verification retained Store,derived from authenticated measured inventory,roles-inventory.sqlite; exact product canonical/reference/pack decoders
108,inode_record,219,21462,post-verification retained Store,derived from authenticated measured inventory,roles-inventory.sqlite; exact product canonical/reference/pack decoders
108,inode_table_branch,1,5292,post-verification retained Store,derived from authenticated measured inventory,roles-inventory.sqlite; exact product canonical/reference/pack decoders
108,inode_table_leaf,82,472536,post-verification retained Store,derived from authenticated measured inventory,roles-inventory.sqlite; exact product canonical/reference/pack decoders
108,namespace_root,1,121,post-verification retained Store,derived from authenticated measured inventory,roles-inventory.sqlite; exact product canonical/reference/pack decoders
108,payload_chunk,211,2068138,post-verification retained Store,derived from authenticated measured inventory,roles-inventory.sqlite; exact product canonical/reference/pack decoders
109,FileState,199,21094,post-verification retained Store,derived from authenticated measured inventory,roles-inventory.sqlite; exact product canonical/reference/pack decoders
109,directory_map_branch,3,873,post-verification retained Store,derived from authenticated measured inventory,roles-inventory.sqlite; exact product canonical/reference/pack decoders
109,directory_map_leaf,121,116246,post-verification retained Store,derived from authenticated measured inventory,roles-inventory.sqlite; exact product canonical/reference/pack decoders
109,directory_state,117,11466,post-verification retained Store,derived from authenticated measured inventory,roles-inventory.sqlite; exact product canonical/reference/pack decoders
109,extent_leaf,199,21276,post-verification retained Store,derived from authenticated measured inventory,roles-inventory.sqlite; exact product canonical/reference/pack decoders
109,inode_record,316,30968,post-verification retained Store,derived from authenticated measured inventory,roles-inventory.sqlite; exact product canonical/reference/pack decoders
109,inode_table_branch,1,4716,post-verification retained Store,derived from authenticated measured inventory,roles-inventory.sqlite; exact product canonical/reference/pack decoders
109,inode_table_leaf,73,367820,post-verification retained Store,derived from authenticated measured inventory,roles-inventory.sqlite; exact product canonical/reference/pack decoders
109,namespace_root,1,121,post-verification retained Store,derived from authenticated measured inventory,roles-inventory.sqlite; exact product canonical/reference/pack decoders
109,payload_chunk,235,2336853,post-verification retained Store,derived from authenticated measured inventory,roles-inventory.sqlite; exact product canonical/reference/pack decoders
110,FileState,607,64342,post-verification retained Store,derived from authenticated measured inventory,roles-inventory.sqlite; exact product canonical/reference/pack decoders
110,directory_map_branch,6,2134,post-verification retained Store,derived from authenticated measured inventory,roles-inventory.sqlite; exact product canonical/reference/pack decoders
110,directory_map_leaf,579,329900,post-verification retained Store,derived from authenticated measured inventory,roles-inventory.sqlite; exact product canonical/reference/pack decoders
110,directory_state,565,55370,post-verification retained Store,derived from authenticated measured inventory,roles-inventory.sqlite; exact product canonical/reference/pack decoders
110,extent_leaf,607,60948,post-verification retained Store,derived from authenticated measured inventory,roles-inventory.sqlite; exact product canonical/reference/pack decoders
110,inode_record,1172,114856,post-verification retained Store,derived from authenticated measured inventory,roles-inventory.sqlite; exact product canonical/reference/pack decoders
110,inode_table_branch,1,5356,post-verification retained Store,derived from authenticated measured inventory,roles-inventory.sqlite; exact product canonical/reference/pack decoders
110,inode_table_leaf,83,511492,post-verification retained Store,derived from authenticated measured inventory,roles-inventory.sqlite; exact product canonical/reference/pack decoders
110,namespace_root,1,121,post-verification retained Store,derived from authenticated measured inventory,roles-inventory.sqlite; exact product canonical/reference/pack decoders
110,payload_chunk,730,7192448,post-verification retained Store,derived from authenticated measured inventory,roles-inventory.sqlite; exact product canonical/reference/pack decoders
111,FileState,758,80348,post-verification retained Store,derived from authenticated measured inventory,roles-inventory.sqlite; exact product canonical/reference/pack decoders
111,directory_map_branch,3,1115,post-verification retained Store,derived from authenticated measured inventory,roles-inventory.sqlite; exact product canonical/reference/pack decoders
111,directory_map_leaf,35,50890,post-verification retained Store,derived from authenticated measured inventory,roles-inventory.sqlite; exact product canonical/reference/pack decoders
111,directory_state,34,3332,post-verification retained Store,derived from authenticated measured inventory,roles-inventory.sqlite; exact product canonical/reference/pack decoders
111,extent_leaf,758,73432,post-verification retained Store,derived from authenticated measured inventory,roles-inventory.sqlite; exact product canonical/reference/pack decoders
111,inode_record,792,77616,post-verification retained Store,derived from authenticated measured inventory,roles-inventory.sqlite; exact product canonical/reference/pack decoders
111,inode_table_branch,1,5356,post-verification retained Store,derived from authenticated measured inventory,roles-inventory.sqlite; exact product canonical/reference/pack decoders
111,inode_table_leaf,83,515204,post-verification retained Store,derived from authenticated measured inventory,roles-inventory.sqlite; exact product canonical/reference/pack decoders
111,namespace_root,1,121,post-verification retained Store,derived from authenticated measured inventory,roles-inventory.sqlite; exact product canonical/reference/pack decoders
111,payload_chunk,856,7253881,post-verification retained Store,derived from authenticated measured inventory,roles-inventory.sqlite; exact product canonical/reference/pack decoders
112,FileState,1809,191754,post-verification retained Store,derived from authenticated measured inventory,roles-inventory.sqlite; exact product canonical/reference/pack decoders
112,directory_map_branch,5,1956,post-verification retained Store,derived from authenticated measured inventory,roles-inventory.sqlite; exact product canonical/reference/pack decoders
112,directory_map_leaf,41,77387,post-verification retained Store,derived from authenticated measured inventory,roles-inventory.sqlite; exact product canonical/reference/pack decoders
112,directory_state,39,3822,post-verification retained Store,derived from authenticated measured inventory,roles-inventory.sqlite; exact product canonical/reference/pack decoders
112,extent_leaf,1809,169756,post-verification retained Store,derived from authenticated measured inventory,roles-inventory.sqlite; exact product canonical/reference/pack decoders
112,inode_record,1848,181104,post-verification retained Store,derived from authenticated measured inventory,roles-inventory.sqlite; exact product canonical/reference/pack decoders
112,inode_table_branch,1,5356,post-verification retained Store,derived from authenticated measured inventory,roles-inventory.sqlite; exact product canonical/reference/pack decoders
112,inode_table_leaf,83,516740,post-verification retained Store,derived from authenticated measured inventory,roles-inventory.sqlite; exact product canonical/reference/pack decoders
112,namespace_root,1,121,post-verification retained Store,derived from authenticated measured inventory,roles-inventory.sqlite; exact product canonical/reference/pack decoders
112,payload_chunk,1894,13257085,post-verification retained Store,derived from authenticated measured inventory,roles-inventory.sqlite; exact product canonical/reference/pack decoders
113,FileState,88,9328,post-verification retained Store,derived from authenticated measured inventory,roles-inventory.sqlite; exact product canonical/reference/pack decoders
113,directory_map_branch,2,1139,post-verification retained Store,derived from authenticated measured inventory,roles-inventory.sqlite; exact product canonical/reference/pack decoders
113,directory_map_leaf,11,25068,post-verification retained Store,derived from authenticated measured inventory,roles-inventory.sqlite; exact product canonical/reference/pack decoders
113,directory_state,11,1078,post-verification retained Store,derived from authenticated measured inventory,roles-inventory.sqlite; exact product canonical/reference/pack decoders
113,extent_leaf,88,10192,post-verification retained Store,derived from authenticated measured inventory,roles-inventory.sqlite; exact product canonical/reference/pack decoders
113,inode_record,99,9702,post-verification retained Store,derived from authenticated measured inventory,roles-inventory.sqlite; exact product canonical/reference/pack decoders
113,inode_table_branch,1,5356,post-verification retained Store,derived from authenticated measured inventory,roles-inventory.sqlite; exact product canonical/reference/pack decoders
113,inode_table_leaf,79,492308,post-verification retained Store,derived from authenticated measured inventory,roles-inventory.sqlite; exact product canonical/reference/pack decoders
113,namespace_root,1,121,post-verification retained Store,derived from authenticated measured inventory,roles-inventory.sqlite; exact product canonical/reference/pack decoders
113,payload_chunk,98,1042097,post-verification retained Store,derived from authenticated measured inventory,roles-inventory.sqlite; exact product canonical/reference/pack decoders
114,FileState,702,74412,post-verification retained Store,derived from authenticated measured inventory,roles-inventory.sqlite; exact product canonical/reference/pack decoders
114,directory_map_branch,6,2207,post-verification retained Store,derived from authenticated measured inventory,roles-inventory.sqlite; exact product canonical/reference/pack decoders
114,directory_map_leaf,54,103710,post-verification retained Store,derived from authenticated measured inventory,roles-inventory.sqlite; exact product canonical/reference/pack decoders
114,directory_state,51,4998,post-verification retained Store,derived from authenticated measured inventory,roles-inventory.sqlite; exact product canonical/reference/pack decoders
114,extent_leaf,702,68808,post-verification retained Store,derived from authenticated measured inventory,roles-inventory.sqlite; exact product canonical/reference/pack decoders
114,inode_record,753,73794,post-verification retained Store,derived from authenticated measured inventory,roles-inventory.sqlite; exact product canonical/reference/pack decoders
114,inode_table_branch,1,5484,post-verification retained Store,derived from authenticated measured inventory,roles-inventory.sqlite; exact product canonical/reference/pack decoders
114,inode_table_leaf,85,521628,post-verification retained Store,derived from authenticated measured inventory,roles-inventory.sqlite; exact product canonical/reference/pack decoders
114,namespace_root,1,121,post-verification retained Store,derived from authenticated measured inventory,roles-inventory.sqlite; exact product canonical/reference/pack decoders
114,payload_chunk,800,5970789,post-verification retained Store,derived from authenticated measured inventory,roles-inventory.sqlite; exact product canonical/reference/pack decoders
115,FileState,410,43460,post-verification retained Store,derived from authenticated measured inventory,roles-inventory.sqlite; exact product canonical/reference/pack decoders
115,directory_map_branch,3,1585,post-verification retained Store,derived from authenticated measured inventory,roles-inventory.sqlite; exact product canonical/reference/pack decoders
115,directory_map_leaf,37,57660,post-verification retained Store,derived from authenticated measured inventory,roles-inventory.sqlite; exact product canonical/reference/pack decoders
115,directory_state,36,3528,post-verification retained Store,derived from authenticated measured inventory,roles-inventory.sqlite; exact product canonical/reference/pack decoders
115,extent_leaf,410,43520,post-verification retained Store,derived from authenticated measured inventory,roles-inventory.sqlite; exact product canonical/reference/pack decoders
115,inode_record,446,43708,post-verification retained Store,derived from authenticated measured inventory,roles-inventory.sqlite; exact product canonical/reference/pack decoders
115,inode_table_branch,1,5740,post-verification retained Store,derived from authenticated measured inventory,roles-inventory.sqlite; exact product canonical/reference/pack decoders
115,inode_table_leaf,89,528524,post-verification retained Store,derived from authenticated measured inventory,roles-inventory.sqlite; exact product canonical/reference/pack decoders
115,namespace_root,1,121,post-verification retained Store,derived from authenticated measured inventory,roles-inventory.sqlite; exact product canonical/reference/pack decoders
115,payload_chunk,495,4875884,post-verification retained Store,derived from authenticated measured inventory,roles-inventory.sqlite; exact product canonical/reference/pack decoders
116,FileState,1164,123384,post-verification retained Store,derived from authenticated measured inventory,roles-inventory.sqlite; exact product canonical/reference/pack decoders
116,directory_map_branch,5,2077,post-verification retained Store,derived from authenticated measured inventory,roles-inventory.sqlite; exact product canonical/reference/pack decoders
116,directory_map_leaf,62,80737,post-verification retained Store,derived from authenticated measured inventory,roles-inventory.sqlite; exact product canonical/reference/pack decoders
116,directory_state,59,5782,post-verification retained Store,derived from authenticated measured inventory,roles-inventory.sqlite; exact product canonical/reference/pack decoders
116,extent_leaf,1164,110016,post-verification retained Store,derived from authenticated measured inventory,roles-inventory.sqlite; exact product canonical/reference/pack decoders
116,inode_record,1223,119854,post-verification retained Store,derived from authenticated measured inventory,roles-inventory.sqlite; exact product canonical/reference/pack decoders
116,inode_table_branch,1,5804,post-verification retained Store,derived from authenticated measured inventory,roles-inventory.sqlite; exact product canonical/reference/pack decoders
116,inode_table_leaf,90,523128,post-verification retained Store,derived from authenticated measured inventory,roles-inventory.sqlite; exact product canonical/reference/pack decoders
116,namespace_root,1,121,post-verification retained Store,derived from authenticated measured inventory,roles-inventory.sqlite; exact product canonical/reference/pack decoders
116,payload_chunk,1277,9942411,post-verification retained Store,derived from authenticated measured inventory,roles-inventory.sqlite; exact product canonical/reference/pack decoders
117,FileState,489,51834,post-verification retained Store,derived from authenticated measured inventory,roles-inventory.sqlite; exact product canonical/reference/pack decoders
117,directory_map_branch,5,1896,post-verification retained Store,derived from authenticated measured inventory,roles-inventory.sqlite; exact product canonical/reference/pack decoders
117,directory_map_leaf,139,143691,post-verification retained Store,derived from authenticated measured inventory,roles-inventory.sqlite; exact product canonical/reference/pack decoders
117,directory_state,130,12740,post-verification retained Store,derived from authenticated measured inventory,roles-inventory.sqlite; exact product canonical/reference/pack decoders
117,extent_leaf,489,49756,post-verification retained Store,derived from authenticated measured inventory,roles-inventory.sqlite; exact product canonical/reference/pack decoders
117,inode_record,619,60662,post-verification retained Store,derived from authenticated measured inventory,roles-inventory.sqlite; exact product canonical/reference/pack decoders
117,inode_table_branch,1,5804,post-verification retained Store,derived from authenticated measured inventory,roles-inventory.sqlite; exact product canonical/reference/pack decoders
117,inode_table_leaf,90,493880,post-verification retained Store,derived from authenticated measured inventory,roles-inventory.sqlite; exact product canonical/reference/pack decoders
117,namespace_root,1,121,post-verification retained Store,derived from authenticated measured inventory,roles-inventory.sqlite; exact product canonical/reference/pack decoders
117,payload_chunk,533,4954017,post-verification retained Store,derived from authenticated measured inventory,roles-inventory.sqlite; exact product canonical/reference/pack decoders
118,FileState,473,50138,post-verification retained Store,derived from authenticated measured inventory,roles-inventory.sqlite; exact product canonical/reference/pack decoders
118,directory_map_branch,6,2246,post-verification retained Store,derived from authenticated measured inventory,roles-inventory.sqlite; exact product canonical/reference/pack decoders
118,directory_map_leaf,243,217309,post-verification retained Store,derived from authenticated measured inventory,roles-inventory.sqlite; exact product canonical/reference/pack decoders
118,directory_state,234,22932,post-verification retained Store,derived from authenticated measured inventory,roles-inventory.sqlite; exact product canonical/reference/pack decoders
118,extent_leaf,473,48932,post-verification retained Store,derived from authenticated measured inventory,roles-inventory.sqlite; exact product canonical/reference/pack decoders
118,inode_record,707,69286,post-verification retained Store,derived from authenticated measured inventory,roles-inventory.sqlite; exact product canonical/reference/pack decoders
118,inode_table_branch,1,5804,post-verification retained Store,derived from authenticated measured inventory,roles-inventory.sqlite; exact product canonical/reference/pack decoders
118,inode_table_leaf,90,532792,post-verification retained Store,derived from authenticated measured inventory,roles-inventory.sqlite; exact product canonical/reference/pack decoders
118,namespace_root,1,121,post-verification retained Store,derived from authenticated measured inventory,roles-inventory.sqlite; exact product canonical/reference/pack decoders
118,payload_chunk,561,5145698,post-verification retained Store,derived from authenticated measured inventory,roles-inventory.sqlite; exact product canonical/reference/pack decoders
119,FileState,166,17596,post-verification retained Store,derived from authenticated measured inventory,roles-inventory.sqlite; exact product canonical/reference/pack decoders
119,directory_map_branch,4,1784,post-verification retained Store,derived from authenticated measured inventory,roles-inventory.sqlite; exact product canonical/reference/pack decoders
119,directory_map_leaf,70,76602,post-verification retained Store,derived from authenticated measured inventory,roles-inventory.sqlite; exact product canonical/reference/pack decoders
119,directory_state,68,6664,post-verification retained Store,derived from authenticated measured inventory,roles-inventory.sqlite; exact product canonical/reference/pack decoders
119,extent_leaf,166,17624,post-verification retained Store,derived from authenticated measured inventory,roles-inventory.sqlite; exact product canonical/reference/pack decoders
119,inode_record,234,22932,post-verification retained Store,derived from authenticated measured inventory,roles-inventory.sqlite; exact product canonical/reference/pack decoders
119,inode_table_branch,1,5804,post-verification retained Store,derived from authenticated measured inventory,roles-inventory.sqlite; exact product canonical/reference/pack decoders
119,inode_table_leaf,90,529144,post-verification retained Store,derived from authenticated measured inventory,roles-inventory.sqlite; exact product canonical/reference/pack decoders
119,namespace_root,1,121,post-verification retained Store,derived from authenticated measured inventory,roles-inventory.sqlite; exact product canonical/reference/pack decoders
119,payload_chunk,182,1883483,post-verification retained Store,derived from authenticated measured inventory,roles-inventory.sqlite; exact product canonical/reference/pack decoders
120,FileState,708,75048,post-verification retained Store,derived from authenticated measured inventory,roles-inventory.sqlite; exact product canonical/reference/pack decoders
120,directory_map_branch,5,2067,post-verification retained Store,derived from authenticated measured inventory,roles-inventory.sqlite; exact product canonical/reference/pack decoders
120,directory_map_leaf,131,124523,post-verification retained Store,derived from authenticated measured inventory,roles-inventory.sqlite; exact product canonical/reference/pack decoders
120,directory_state,129,12642,post-verification retained Store,derived from authenticated measured inventory,roles-inventory.sqlite; exact product canonical/reference/pack decoders
120,extent_leaf,708,67872,post-verification retained Store,derived from authenticated measured inventory,roles-inventory.sqlite; exact product canonical/reference/pack decoders
120,inode_record,837,82026,post-verification retained Store,derived from authenticated measured inventory,roles-inventory.sqlite; exact product canonical/reference/pack decoders
120,inode_table_branch,1,5804,post-verification retained Store,derived from authenticated measured inventory,roles-inventory.sqlite; exact product canonical/reference/pack decoders
120,inode_table_leaf,90,535544,post-verification retained Store,derived from authenticated measured inventory,roles-inventory.sqlite; exact product canonical/reference/pack decoders
120,namespace_root,1,121,post-verification retained Store,derived from authenticated measured inventory,roles-inventory.sqlite; exact product canonical/reference/pack decoders
120,payload_chunk,781,5855554,post-verification retained Store,derived from authenticated measured inventory,roles-inventory.sqlite; exact product canonical/reference/pack decoders
121,FileState,13,1378,post-verification retained Store,derived from authenticated measured inventory,roles-inventory.sqlite; exact product canonical/reference/pack decoders
121,directory_map_branch,1,294,post-verification retained Store,derived from authenticated measured inventory,roles-inventory.sqlite; exact product canonical/reference/pack decoders
121,directory_map_leaf,2,15696,post-verification retained Store,derived from authenticated measured inventory,roles-inventory.sqlite; exact product canonical/reference/pack decoders
121,directory_state,2,196,post-verification retained Store,derived from authenticated measured inventory,roles-inventory.sqlite; exact product canonical/reference/pack decoders
121,extent_leaf,13,1412,post-verification retained Store,derived from authenticated measured inventory,roles-inventory.sqlite; exact product canonical/reference/pack decoders
121,inode_record,15,1470,post-verification retained Store,derived from authenticated measured inventory,roles-inventory.sqlite; exact product canonical/reference/pack decoders
121,inode_table_branch,1,5804,post-verification retained Store,derived from authenticated measured inventory,roles-inventory.sqlite; exact product canonical/reference/pack decoders
121,inode_table_leaf,45,282940,post-verification retained Store,derived from authenticated measured inventory,roles-inventory.sqlite; exact product canonical/reference/pack decoders
121,namespace_root,1,121,post-verification retained Store,derived from authenticated measured inventory,roles-inventory.sqlite; exact product canonical/reference/pack decoders
121,payload_chunk,12,97905,post-verification retained Store,derived from authenticated measured inventory,roles-inventory.sqlite; exact product canonical/reference/pack decoders
122,FileState,3801,402906,post-verification retained Store,derived from authenticated measured inventory,roles-inventory.sqlite; exact product canonical/reference/pack decoders
122,directory_map_branch,6,2457,post-verification retained Store,derived from authenticated measured inventory,roles-inventory.sqlite; exact product canonical/reference/pack decoders
122,directory_map_leaf,334,180309,post-verification retained Store,derived from authenticated measured inventory,roles-inventory.sqlite; exact product canonical/reference/pack decoders
122,directory_state,329,32242,post-verification retained Store,derived from authenticated measured inventory,roles-inventory.sqlite; exact product canonical/reference/pack decoders
122,extent_leaf,3801,346164,post-verification retained Store,derived from authenticated measured inventory,roles-inventory.sqlite; exact product canonical/reference/pack decoders
122,inode_record,4130,404740,post-verification retained Store,derived from authenticated measured inventory,roles-inventory.sqlite; exact product canonical/reference/pack decoders
122,inode_table_branch,1,6124,post-verification retained Store,derived from authenticated measured inventory,roles-inventory.sqlite; exact product canonical/reference/pack decoders
122,inode_table_leaf,95,552532,post-verification retained Store,derived from authenticated measured inventory,roles-inventory.sqlite; exact product canonical/reference/pack decoders
122,namespace_root,1,121,post-verification retained Store,derived from authenticated measured inventory,roles-inventory.sqlite; exact product canonical/reference/pack decoders
122,payload_chunk,4216,28657207,post-verification retained Store,derived from authenticated measured inventory,roles-inventory.sqlite; exact product canonical/reference/pack decoders
123,FileState,542,57452,post-verification retained Store,derived from authenticated measured inventory,roles-inventory.sqlite; exact product canonical/reference/pack decoders
123,directory_map_branch,6,2451,post-verification retained Store,derived from authenticated measured inventory,roles-inventory.sqlite; exact product canonical/reference/pack decoders
123,directory_map_leaf,19,57644,post-verification retained Store,derived from authenticated measured inventory,roles-inventory.sqlite; exact product canonical/reference/pack decoders
123,directory_state,19,1862,post-verification retained Store,derived from authenticated measured inventory,roles-inventory.sqlite; exact product canonical/reference/pack decoders
123,extent_leaf,542,52248,post-verification retained Store,derived from authenticated measured inventory,roles-inventory.sqlite; exact product canonical/reference/pack decoders
123,inode_record,561,54978,post-verification retained Store,derived from authenticated measured inventory,roles-inventory.sqlite; exact product canonical/reference/pack decoders
123,inode_table_branch,1,6124,post-verification retained Store,derived from authenticated measured inventory,roles-inventory.sqlite; exact product canonical/reference/pack decoders
123,inode_table_leaf,94,549864,post-verification retained Store,derived from authenticated measured inventory,roles-inventory.sqlite; exact product canonical/reference/pack decoders
123,namespace_root,1,121,post-verification retained Store,derived from authenticated measured inventory,roles-inventory.sqlite; exact product canonical/reference/pack decoders
123,payload_chunk,599,3805235,post-verification retained Store,derived from authenticated measured inventory,roles-inventory.sqlite; exact product canonical/reference/pack decoders
124,FileState,254,26924,post-verification retained Store,derived from authenticated measured inventory,roles-inventory.sqlite; exact product canonical/reference/pack decoders
124,directory_map_branch,4,1886,post-verification retained Store,derived from authenticated measured inventory,roles-inventory.sqlite; exact product canonical/reference/pack decoders
124,directory_map_leaf,15,47045,post-verification retained Store,derived from authenticated measured inventory,roles-inventory.sqlite; exact product canonical/reference/pack decoders
124,directory_state,14,1372,post-verification retained Store,derived from authenticated measured inventory,roles-inventory.sqlite; exact product canonical/reference/pack decoders
124,extent_leaf,254,25696,post-verification retained Store,derived from authenticated measured inventory,roles-inventory.sqlite; exact product canonical/reference/pack decoders
124,inode_record,268,26264,post-verification retained Store,derived from authenticated measured inventory,roles-inventory.sqlite; exact product canonical/reference/pack decoders
124,inode_table_branch,1,6124,post-verification retained Store,derived from authenticated measured inventory,roles-inventory.sqlite; exact product canonical/reference/pack decoders
124,inode_table_leaf,89,529804,post-verification retained Store,derived from authenticated measured inventory,roles-inventory.sqlite; exact product canonical/reference/pack decoders
124,namespace_root,1,121,post-verification retained Store,derived from authenticated measured inventory,roles-inventory.sqlite; exact product canonical/reference/pack decoders
124,payload_chunk,279,2546085,post-verification retained Store,derived from authenticated measured inventory,roles-inventory.sqlite; exact product canonical/reference/pack decoders
125,FileState,604,64024,post-verification retained Store,derived from authenticated measured inventory,roles-inventory.sqlite; exact product canonical/reference/pack decoders
125,directory_map_branch,3,1527,post-verification retained Store,derived from authenticated measured inventory,roles-inventory.sqlite; exact product canonical/reference/pack decoders
125,directory_map_leaf,37,44743,post-verification retained Store,derived from authenticated measured inventory,roles-inventory.sqlite; exact product canonical/reference/pack decoders
125,directory_state,36,3528,post-verification retained Store,derived from authenticated measured inventory,roles-inventory.sqlite; exact product canonical/reference/pack decoders
125,extent_leaf,604,58616,post-verification retained Store,derived from authenticated measured inventory,roles-inventory.sqlite; exact product canonical/reference/pack decoders
125,inode_record,640,62720,post-verification retained Store,derived from authenticated measured inventory,roles-inventory.sqlite; exact product canonical/reference/pack decoders
125,inode_table_branch,1,6188,post-verification retained Store,derived from authenticated measured inventory,roles-inventory.sqlite; exact product canonical/reference/pack decoders
125,inode_table_leaf,96,560896,post-verification retained Store,derived from authenticated measured inventory,roles-inventory.sqlite; exact product canonical/reference/pack decoders
125,namespace_root,1,121,post-verification retained Store,derived from authenticated measured inventory,roles-inventory.sqlite; exact product canonical/reference/pack decoders
125,payload_chunk,669,4575745,post-verification retained Store,derived from authenticated measured inventory,roles-inventory.sqlite; exact product canonical/reference/pack decoders
126,FileState,237,25122,post-verification retained Store,derived from authenticated measured inventory,roles-inventory.sqlite; exact product canonical/reference/pack decoders
126,directory_map_branch,3,1225,post-verification retained Store,derived from authenticated measured inventory,roles-inventory.sqlite; exact product canonical/reference/pack decoders
126,directory_map_leaf,12,34262,post-verification retained Store,derived from authenticated measured inventory,roles-inventory.sqlite; exact product canonical/reference/pack decoders
126,directory_state,10,980,post-verification retained Store,derived from authenticated measured inventory,roles-inventory.sqlite; exact product canonical/reference/pack decoders
126,extent_leaf,237,25468,post-verification retained Store,derived from authenticated measured inventory,roles-inventory.sqlite; exact product canonical/reference/pack decoders
126,inode_record,247,24206,post-verification retained Store,derived from authenticated measured inventory,roles-inventory.sqlite; exact product canonical/reference/pack decoders
126,inode_table_branch,1,6252,post-verification retained Store,derived from authenticated measured inventory,roles-inventory.sqlite; exact product canonical/reference/pack decoders
126,inode_table_leaf,86,501960,post-verification retained Store,derived from authenticated measured inventory,roles-inventory.sqlite; exact product canonical/reference/pack decoders
126,namespace_root,1,121,post-verification retained Store,derived from authenticated measured inventory,roles-inventory.sqlite; exact product canonical/reference/pack decoders
126,payload_chunk,276,2391366,post-verification retained Store,derived from authenticated measured inventory,roles-inventory.sqlite; exact product canonical/reference/pack decoders
127,FileState,402,42612,post-verification retained Store,derived from authenticated measured inventory,roles-inventory.sqlite; exact product canonical/reference/pack decoders
127,directory_map_branch,6,2612,post-verification retained Store,derived from authenticated measured inventory,roles-inventory.sqlite; exact product canonical/reference/pack decoders
127,directory_map_leaf,34,79511,post-verification retained Store,derived from authenticated measured inventory,roles-inventory.sqlite; exact product canonical/reference/pack decoders
127,directory_state,31,3038,post-verification retained Store,derived from authenticated measured inventory,roles-inventory.sqlite; exact product canonical/reference/pack decoders
127,extent_leaf,402,42088,post-verification retained Store,derived from authenticated measured inventory,roles-inventory.sqlite; exact product canonical/reference/pack decoders
127,inode_record,433,42434,post-verification retained Store,derived from authenticated measured inventory,roles-inventory.sqlite; exact product canonical/reference/pack decoders
127,inode_table_branch,1,6316,post-verification retained Store,derived from authenticated measured inventory,roles-inventory.sqlite; exact product canonical/reference/pack decoders
127,inode_table_leaf,97,564268,post-verification retained Store,derived from authenticated measured inventory,roles-inventory.sqlite; exact product canonical/reference/pack decoders
127,namespace_root,1,121,post-verification retained Store,derived from authenticated measured inventory,roles-inventory.sqlite; exact product canonical/reference/pack decoders
127,payload_chunk,475,4511583,post-verification retained Store,derived from authenticated measured inventory,roles-inventory.sqlite; exact product canonical/reference/pack decoders
128,FileState,194,20564,post-verification retained Store,derived from authenticated measured inventory,roles-inventory.sqlite; exact product canonical/reference/pack decoders
128,directory_map_branch,3,1351,post-verification retained Store,derived from authenticated measured inventory,roles-inventory.sqlite; exact product canonical/reference/pack decoders
128,directory_map_leaf,10,30809,post-verification retained Store,derived from authenticated measured inventory,roles-inventory.sqlite; exact product canonical/reference/pack decoders
128,directory_state,9,882,post-verification retained Store,derived from authenticated measured inventory,roles-inventory.sqlite; exact product canonical/reference/pack decoders
128,extent_leaf,194,22336,post-verification retained Store,derived from authenticated measured inventory,roles-inventory.sqlite; exact product canonical/reference/pack decoders
128,inode_record,203,19894,post-verification retained Store,derived from authenticated measured inventory,roles-inventory.sqlite; exact product canonical/reference/pack decoders
128,inode_table_branch,1,6316,post-verification retained Store,derived from authenticated measured inventory,roles-inventory.sqlite; exact product canonical/reference/pack decoders
128,inode_table_leaf,86,504200,post-verification retained Store,derived from authenticated measured inventory,roles-inventory.sqlite; exact product canonical/reference/pack decoders
128,namespace_root,1,121,post-verification retained Store,derived from authenticated measured inventory,roles-inventory.sqlite; exact product canonical/reference/pack decoders
128,payload_chunk,240,2544488,post-verification retained Store,derived from authenticated measured inventory,roles-inventory.sqlite; exact product canonical/reference/pack decoders
129,FileState,549,58194,post-verification retained Store,derived from authenticated measured inventory,roles-inventory.sqlite; exact product canonical/reference/pack decoders
129,directory_map_branch,4,1347,post-verification retained Store,derived from authenticated measured inventory,roles-inventory.sqlite; exact product canonical/reference/pack decoders
129,directory_map_leaf,39,63726,post-verification retained Store,derived from authenticated measured inventory,roles-inventory.sqlite; exact product canonical/reference/pack decoders
129,directory_state,38,3724,post-verification retained Store,derived from authenticated measured inventory,roles-inventory.sqlite; exact product canonical/reference/pack decoders
129,extent_leaf,549,54756,post-verification retained Store,derived from authenticated measured inventory,roles-inventory.sqlite; exact product canonical/reference/pack decoders
129,inode_record,587,57526,post-verification retained Store,derived from authenticated measured inventory,roles-inventory.sqlite; exact product canonical/reference/pack decoders
129,inode_table_branch,1,6252,post-verification retained Store,derived from authenticated measured inventory,roles-inventory.sqlite; exact product canonical/reference/pack decoders
129,inode_table_leaf,97,548844,post-verification retained Store,derived from authenticated measured inventory,roles-inventory.sqlite; exact product canonical/reference/pack decoders
129,namespace_root,1,121,post-verification retained Store,derived from authenticated measured inventory,roles-inventory.sqlite; exact product canonical/reference/pack decoders
129,payload_chunk,628,5261754,post-verification retained Store,derived from authenticated measured inventory,roles-inventory.sqlite; exact product canonical/reference/pack decoders
130,FileState,858,90948,post-verification retained Store,derived from authenticated measured inventory,roles-inventory.sqlite; exact product canonical/reference/pack decoders
130,directory_map_branch,6,2611,post-verification retained Store,derived from authenticated measured inventory,roles-inventory.sqlite; exact product canonical/reference/pack decoders
130,directory_map_leaf,149,169320,post-verification retained Store,derived from authenticated measured inventory,roles-inventory.sqlite; exact product canonical/reference/pack decoders
130,directory_state,142,13916,post-verification retained Store,derived from authenticated measured inventory,roles-inventory.sqlite; exact product canonical/reference/pack decoders
130,extent_leaf,858,82832,post-verification retained Store,derived from authenticated measured inventory,roles-inventory.sqlite; exact product canonical/reference/pack decoders
130,inode_record,1000,98000,post-verification retained Store,derived from authenticated measured inventory,roles-inventory.sqlite; exact product canonical/reference/pack decoders
130,inode_table_branch,1,6316,post-verification retained Store,derived from authenticated measured inventory,roles-inventory.sqlite; exact product canonical/reference/pack decoders
130,inode_table_leaf,98,584216,post-verification retained Store,derived from authenticated measured inventory,roles-inventory.sqlite; exact product canonical/reference/pack decoders
130,namespace_root,1,121,post-verification retained Store,derived from authenticated measured inventory,roles-inventory.sqlite; exact product canonical/reference/pack decoders
130,payload_chunk,980,7056408,post-verification retained Store,derived from authenticated measured inventory,roles-inventory.sqlite; exact product canonical/reference/pack decoders
131,FileState,1923,203838,post-verification retained Store,derived from authenticated measured inventory,roles-inventory.sqlite; exact product canonical/reference/pack decoders
131,directory_map_branch,6,2681,post-verification retained Store,derived from authenticated measured inventory,roles-inventory.sqlite; exact product canonical/reference/pack decoders
131,directory_map_leaf,25,62347,post-verification retained Store,derived from authenticated measured inventory,roles-inventory.sqlite; exact product canonical/reference/pack decoders
131,directory_state,23,2254,post-verification retained Store,derived from authenticated measured inventory,roles-inventory.sqlite; exact product canonical/reference/pack decoders
131,extent_leaf,1923,172732,post-verification retained Store,derived from authenticated measured inventory,roles-inventory.sqlite; exact product canonical/reference/pack decoders
131,inode_record,1946,190708,post-verification retained Store,derived from authenticated measured inventory,roles-inventory.sqlite; exact product canonical/reference/pack decoders
131,inode_table_branch,1,6316,post-verification retained Store,derived from authenticated measured inventory,roles-inventory.sqlite; exact product canonical/reference/pack decoders
131,inode_table_leaf,98,589144,post-verification retained Store,derived from authenticated measured inventory,roles-inventory.sqlite; exact product canonical/reference/pack decoders
131,namespace_root,1,121,post-verification retained Store,derived from authenticated measured inventory,roles-inventory.sqlite; exact product canonical/reference/pack decoders
131,payload_chunk,2058,11680428,post-verification retained Store,derived from authenticated measured inventory,roles-inventory.sqlite; exact product canonical/reference/pack decoders
132,FileState,836,88616,post-verification retained Store,derived from authenticated measured inventory,roles-inventory.sqlite; exact product canonical/reference/pack decoders
132,directory_map_branch,5,2487,post-verification retained Store,derived from authenticated measured inventory,roles-inventory.sqlite; exact product canonical/reference/pack decoders
132,directory_map_leaf,58,53905,post-verification retained Store,derived from authenticated measured inventory,roles-inventory.sqlite; exact product canonical/reference/pack decoders
132,directory_state,58,5684,post-verification retained Store,derived from authenticated measured inventory,roles-inventory.sqlite; exact product canonical/reference/pack decoders
132,extent_leaf,836,79304,post-verification retained Store,derived from authenticated measured inventory,roles-inventory.sqlite; exact product canonical/reference/pack decoders
132,inode_record,894,87612,post-verification retained Store,derived from authenticated measured inventory,roles-inventory.sqlite; exact product canonical/reference/pack decoders
132,inode_table_branch,1,6572,post-verification retained Store,derived from authenticated measured inventory,roles-inventory.sqlite; exact product canonical/reference/pack decoders
132,inode_table_leaf,102,603464,post-verification retained Store,derived from authenticated measured inventory,roles-inventory.sqlite; exact product canonical/reference/pack decoders
132,namespace_root,1,121,post-verification retained Store,derived from authenticated measured inventory,roles-inventory.sqlite; exact product canonical/reference/pack decoders
132,payload_chunk,951,6962379,post-verification retained Store,derived from authenticated measured inventory,roles-inventory.sqlite; exact product canonical/reference/pack decoders
133,FileState,1447,153382,post-verification retained Store,derived from authenticated measured inventory,roles-inventory.sqlite; exact product canonical/reference/pack decoders
133,directory_map_branch,7,3014,post-verification retained Store,derived from authenticated measured inventory,roles-inventory.sqlite; exact product canonical/reference/pack decoders
133,directory_map_leaf,87,139653,post-verification retained Store,derived from authenticated measured inventory,roles-inventory.sqlite; exact product canonical/reference/pack decoders
133,directory_state,79,7742,post-verification retained Store,derived from authenticated measured inventory,roles-inventory.sqlite; exact product canonical/reference/pack decoders
133,extent_leaf,1447,136148,post-verification retained Store,derived from authenticated measured inventory,roles-inventory.sqlite; exact product canonical/reference/pack decoders
133,inode_record,1526,149548,post-verification retained Store,derived from authenticated measured inventory,roles-inventory.sqlite; exact product canonical/reference/pack decoders
133,inode_table_branch,1,6956,post-verification retained Store,derived from authenticated measured inventory,roles-inventory.sqlite; exact product canonical/reference/pack decoders
133,inode_table_leaf,108,612752,post-verification retained Store,derived from authenticated measured inventory,roles-inventory.sqlite; exact product canonical/reference/pack decoders
133,namespace_root,1,121,post-verification retained Store,derived from authenticated measured inventory,roles-inventory.sqlite; exact product canonical/reference/pack decoders
133,payload_chunk,1583,12100149,post-verification retained Store,derived from authenticated measured inventory,roles-inventory.sqlite; exact product canonical/reference/pack decoders
134,FileState,1100,116600,post-verification retained Store,derived from authenticated measured inventory,roles-inventory.sqlite; exact product canonical/reference/pack decoders
134,directory_map_branch,3,1216,post-verification retained Store,derived from authenticated measured inventory,roles-inventory.sqlite; exact product canonical/reference/pack decoders
134,directory_map_leaf,83,70873,post-verification retained Store,derived from authenticated measured inventory,roles-inventory.sqlite; exact product canonical/reference/pack decoders
134,directory_state,82,8036,post-verification retained Store,derived from authenticated measured inventory,roles-inventory.sqlite; exact product canonical/reference/pack decoders
134,extent_leaf,1100,105400,post-verification retained Store,derived from authenticated measured inventory,roles-inventory.sqlite; exact product canonical/reference/pack decoders
134,inode_record,1182,115836,post-verification retained Store,derived from authenticated measured inventory,roles-inventory.sqlite; exact product canonical/reference/pack decoders
134,inode_table_branch,1,6956,post-verification retained Store,derived from authenticated measured inventory,roles-inventory.sqlite; exact product canonical/reference/pack decoders
134,inode_table_leaf,108,623952,post-verification retained Store,derived from authenticated measured inventory,roles-inventory.sqlite; exact product canonical/reference/pack decoders
134,namespace_root,1,121,post-verification retained Store,derived from authenticated measured inventory,roles-inventory.sqlite; exact product canonical/reference/pack decoders
134,payload_chunk,1289,10663007,post-verification retained Store,derived from authenticated measured inventory,roles-inventory.sqlite; exact product canonical/reference/pack decoders
135,FileState,771,81726,post-verification retained Store,derived from authenticated measured inventory,roles-inventory.sqlite; exact product canonical/reference/pack decoders
135,directory_map_branch,5,2621,post-verification retained Store,derived from authenticated measured inventory,roles-inventory.sqlite; exact product canonical/reference/pack decoders
135,directory_map_leaf,69,72956,post-verification retained Store,derived from authenticated measured inventory,roles-inventory.sqlite; exact product canonical/reference/pack decoders
135,directory_state,68,6664,post-verification retained Store,derived from authenticated measured inventory,roles-inventory.sqlite; exact product canonical/reference/pack decoders
135,extent_leaf,771,79484,post-verification retained Store,derived from authenticated measured inventory,roles-inventory.sqlite; exact product canonical/reference/pack decoders
135,inode_record,839,82222,post-verification retained Store,derived from authenticated measured inventory,roles-inventory.sqlite; exact product canonical/reference/pack decoders
135,inode_table_branch,1,7020,post-verification retained Store,derived from authenticated measured inventory,roles-inventory.sqlite; exact product canonical/reference/pack decoders
135,inode_table_leaf,109,630524,post-verification retained Store,derived from authenticated measured inventory,roles-inventory.sqlite; exact product canonical/reference/pack decoders
135,namespace_root,1,121,post-verification retained Store,derived from authenticated measured inventory,roles-inventory.sqlite; exact product canonical/reference/pack decoders
135,payload_chunk,955,9513172,post-verification retained Store,derived from authenticated measured inventory,roles-inventory.sqlite; exact product canonical/reference/pack decoders
136,FileState,71,7526,post-verification retained Store,derived from authenticated measured inventory,roles-inventory.sqlite; exact product canonical/reference/pack decoders
136,directory_map_branch,6,2815,post-verification retained Store,derived from authenticated measured inventory,roles-inventory.sqlite; exact product canonical/reference/pack decoders
136,directory_map_leaf,88,91618,post-verification retained Store,derived from authenticated measured inventory,roles-inventory.sqlite; exact product canonical/reference/pack decoders
136,directory_state,83,8134,post-verification retained Store,derived from authenticated measured inventory,roles-inventory.sqlite; exact product canonical/reference/pack decoders
136,extent_leaf,71,10124,post-verification retained Store,derived from authenticated measured inventory,roles-inventory.sqlite; exact product canonical/reference/pack decoders
136,inode_record,154,15092,post-verification retained Store,derived from authenticated measured inventory,roles-inventory.sqlite; exact product canonical/reference/pack decoders
136,inode_table_branch,1,6764,post-verification retained Store,derived from authenticated measured inventory,roles-inventory.sqlite; exact product canonical/reference/pack decoders
136,inode_table_leaf,105,589708,post-verification retained Store,derived from authenticated measured inventory,roles-inventory.sqlite; exact product canonical/reference/pack decoders
136,namespace_root,1,121,post-verification retained Store,derived from authenticated measured inventory,roles-inventory.sqlite; exact product canonical/reference/pack decoders
136,payload_chunk,85,854471,post-verification retained Store,derived from authenticated measured inventory,roles-inventory.sqlite; exact product canonical/reference/pack decoders
137,FileState,28,2968,post-verification retained Store,derived from authenticated measured inventory,roles-inventory.sqlite; exact product canonical/reference/pack decoders
137,directory_map_branch,2,1516,post-verification retained Store,derived from authenticated measured inventory,roles-inventory.sqlite; exact product canonical/reference/pack decoders
137,directory_map_leaf,6,19922,post-verification retained Store,derived from authenticated measured inventory,roles-inventory.sqlite; exact product canonical/reference/pack decoders
137,directory_state,6,588,post-verification retained Store,derived from authenticated measured inventory,roles-inventory.sqlite; exact product canonical/reference/pack decoders
137,extent_leaf,28,3192,post-verification retained Store,derived from authenticated measured inventory,roles-inventory.sqlite; exact product canonical/reference/pack decoders
137,inode_record,34,3332,post-verification retained Store,derived from authenticated measured inventory,roles-inventory.sqlite; exact product canonical/reference/pack decoders
137,inode_table_branch,1,6764,post-verification retained Store,derived from authenticated measured inventory,roles-inventory.sqlite; exact product canonical/reference/pack decoders
137,inode_table_leaf,57,321676,post-verification retained Store,derived from authenticated measured inventory,roles-inventory.sqlite; exact product canonical/reference/pack decoders
137,namespace_root,1,121,post-verification retained Store,derived from authenticated measured inventory,roles-inventory.sqlite; exact product canonical/reference/pack decoders
137,payload_chunk,32,268830,post-verification retained Store,derived from authenticated measured inventory,roles-inventory.sqlite; exact product canonical/reference/pack decoders
138,FileState,1611,170766,post-verification retained Store,derived from authenticated measured inventory,roles-inventory.sqlite; exact product canonical/reference/pack decoders
138,directory_map_branch,7,3114,post-verification retained Store,derived from authenticated measured inventory,roles-inventory.sqlite; exact product canonical/reference/pack decoders
138,directory_map_leaf,536,259262,post-verification retained Store,derived from authenticated measured inventory,roles-inventory.sqlite; exact product canonical/reference/pack decoders
138,directory_state,534,52332,post-verification retained Store,derived from authenticated measured inventory,roles-inventory.sqlite; exact product canonical/reference/pack decoders
138,extent_leaf,1611,153644,post-verification retained Store,derived from authenticated measured inventory,roles-inventory.sqlite; exact product canonical/reference/pack decoders
138,inode_record,2149,210602,post-verification retained Store,derived from authenticated measured inventory,roles-inventory.sqlite; exact product canonical/reference/pack decoders
138,inode_table_branch,1,6956,post-verification retained Store,derived from authenticated measured inventory,roles-inventory.sqlite; exact product canonical/reference/pack decoders
138,inode_table_leaf,108,637968,post-verification retained Store,derived from authenticated measured inventory,roles-inventory.sqlite; exact product canonical/reference/pack decoders
138,namespace_root,1,121,post-verification retained Store,derived from authenticated measured inventory,roles-inventory.sqlite; exact product canonical/reference/pack decoders
138,payload_chunk,1828,14487939,post-verification retained Store,derived from authenticated measured inventory,roles-inventory.sqlite; exact product canonical/reference/pack decoders
138,symlink_state,4,316,post-verification retained Store,derived from authenticated measured inventory,roles-inventory.sqlite; exact product canonical/reference/pack decoders
139,FileState,1554,164724,post-verification retained Store,derived from authenticated measured inventory,roles-inventory.sqlite; exact product canonical/reference/pack decoders
139,directory_map_branch,5,2252,post-verification retained Store,derived from authenticated measured inventory,roles-inventory.sqlite; exact product canonical/reference/pack decoders
139,directory_map_leaf,42,59261,post-verification retained Store,derived from authenticated measured inventory,roles-inventory.sqlite; exact product canonical/reference/pack decoders
139,directory_state,41,4018,post-verification retained Store,derived from authenticated measured inventory,roles-inventory.sqlite; exact product canonical/reference/pack decoders
139,extent_leaf,1554,143976,post-verification retained Store,derived from authenticated measured inventory,roles-inventory.sqlite; exact product canonical/reference/pack decoders
139,inode_record,1595,156310,post-verification retained Store,derived from authenticated measured inventory,roles-inventory.sqlite; exact product canonical/reference/pack decoders
139,inode_table_branch,1,6956,post-verification retained Store,derived from authenticated measured inventory,roles-inventory.sqlite; exact product canonical/reference/pack decoders
139,inode_table_leaf,108,643984,post-verification retained Store,derived from authenticated measured inventory,roles-inventory.sqlite; exact product canonical/reference/pack decoders
139,namespace_root,1,121,post-verification retained Store,derived from authenticated measured inventory,roles-inventory.sqlite; exact product canonical/reference/pack decoders
139,payload_chunk,1694,12602126,post-verification retained Store,derived from authenticated measured inventory,roles-inventory.sqlite; exact product canonical/reference/pack decoders
140,FileState,588,62328,post-verification retained Store,derived from authenticated measured inventory,roles-inventory.sqlite; exact product canonical/reference/pack decoders
140,directory_map_branch,4,2299,post-verification retained Store,derived from authenticated measured inventory,roles-inventory.sqlite; exact product canonical/reference/pack decoders
140,directory_map_leaf,33,73168,post-verification retained Store,derived from authenticated measured inventory,roles-inventory.sqlite; exact product canonical/reference/pack decoders
140,directory_state,30,2940,post-verification retained Store,derived from authenticated measured inventory,roles-inventory.sqlite; exact product canonical/reference/pack decoders
140,extent_leaf,588,63192,post-verification retained Store,derived from authenticated measured inventory,roles-inventory.sqlite; exact product canonical/reference/pack decoders
140,inode_record,618,60564,post-verification retained Store,derived from authenticated measured inventory,roles-inventory.sqlite; exact product canonical/reference/pack decoders
140,inode_table_branch,1,6956,post-verification retained Store,derived from authenticated measured inventory,roles-inventory.sqlite; exact product canonical/reference/pack decoders
140,inode_table_leaf,107,644324,post-verification retained Store,derived from authenticated measured inventory,roles-inventory.sqlite; exact product canonical/reference/pack decoders
140,namespace_root,1,121,post-verification retained Store,derived from authenticated measured inventory,roles-inventory.sqlite; exact product canonical/reference/pack decoders
140,payload_chunk,722,7926057,post-verification retained Store,derived from authenticated measured inventory,roles-inventory.sqlite; exact product canonical/reference/pack decoders
141,FileState,647,68582,post-verification retained Store,derived from authenticated measured inventory,roles-inventory.sqlite; exact product canonical/reference/pack decoders
141,directory_map_branch,3,2085,post-verification retained Store,derived from authenticated measured inventory,roles-inventory.sqlite; exact product canonical/reference/pack decoders
141,directory_map_leaf,34,47095,post-verification retained Store,derived from authenticated measured inventory,roles-inventory.sqlite; exact product canonical/reference/pack decoders
141,directory_state,34,3332,post-verification retained Store,derived from authenticated measured inventory,roles-inventory.sqlite; exact product canonical/reference/pack decoders
141,extent_leaf,647,65908,post-verification retained Store,derived from authenticated measured inventory,roles-inventory.sqlite; exact product canonical/reference/pack decoders
141,inode_record,681,66738,post-verification retained Store,derived from authenticated measured inventory,roles-inventory.sqlite; exact product canonical/reference/pack decoders
141,inode_table_branch,1,6956,post-verification retained Store,derived from authenticated measured inventory,roles-inventory.sqlite; exact product canonical/reference/pack decoders
141,inode_table_leaf,108,652688,post-verification retained Store,derived from authenticated measured inventory,roles-inventory.sqlite; exact product canonical/reference/pack decoders
141,namespace_root,1,121,post-verification retained Store,derived from authenticated measured inventory,roles-inventory.sqlite; exact product canonical/reference/pack decoders
141,payload_chunk,751,6787754,post-verification retained Store,derived from authenticated measured inventory,roles-inventory.sqlite; exact product canonical/reference/pack decoders
142,FileState,643,68158,post-verification retained Store,derived from authenticated measured inventory,roles-inventory.sqlite; exact product canonical/reference/pack decoders
142,directory_map_branch,5,2773,post-verification retained Store,derived from authenticated measured inventory,roles-inventory.sqlite; exact product canonical/reference/pack decoders
142,directory_map_leaf,75,81755,post-verification retained Store,derived from authenticated measured inventory,roles-inventory.sqlite; exact product canonical/reference/pack decoders
142,directory_state,73,7154,post-verification retained Store,derived from authenticated measured inventory,roles-inventory.sqlite; exact product canonical/reference/pack decoders
142,extent_leaf,643,64332,post-verification retained Store,derived from authenticated measured inventory,roles-inventory.sqlite; exact product canonical/reference/pack decoders
142,inode_record,716,70168,post-verification retained Store,derived from authenticated measured inventory,roles-inventory.sqlite; exact product canonical/reference/pack decoders
142,inode_table_branch,1,7532,post-verification retained Store,derived from authenticated measured inventory,roles-inventory.sqlite; exact product canonical/reference/pack decoders
142,inode_table_leaf,117,672220,post-verification retained Store,derived from authenticated measured inventory,roles-inventory.sqlite; exact product canonical/reference/pack decoders
142,namespace_root,1,121,post-verification retained Store,derived from authenticated measured inventory,roles-inventory.sqlite; exact product canonical/reference/pack decoders
142,payload_chunk,739,6175411,post-verification retained Store,derived from authenticated measured inventory,roles-inventory.sqlite; exact product canonical/reference/pack decoders
143,FileState,407,43142,post-verification retained Store,derived from authenticated measured inventory,roles-inventory.sqlite; exact product canonical/reference/pack decoders
143,directory_map_branch,2,1770,post-verification retained Store,derived from authenticated measured inventory,roles-inventory.sqlite; exact product canonical/reference/pack decoders
143,directory_map_leaf,9,17753,post-verification retained Store,derived from authenticated measured inventory,roles-inventory.sqlite; exact product canonical/reference/pack decoders
143,directory_state,9,882,post-verification retained Store,derived from authenticated measured inventory,roles-inventory.sqlite; exact product canonical/reference/pack decoders
143,extent_leaf,407,44788,post-verification retained Store,derived from authenticated measured inventory,roles-inventory.sqlite; exact product canonical/reference/pack decoders
143,inode_record,416,40768,post-verification retained Store,derived from authenticated measured inventory,roles-inventory.sqlite; exact product canonical/reference/pack decoders
143,inode_table_branch,1,7532,post-verification retained Store,derived from authenticated measured inventory,roles-inventory.sqlite; exact product canonical/reference/pack decoders
143,inode_table_leaf,116,664432,post-verification retained Store,derived from authenticated measured inventory,roles-inventory.sqlite; exact product canonical/reference/pack decoders
143,namespace_root,1,121,post-verification retained Store,derived from authenticated measured inventory,roles-inventory.sqlite; exact product canonical/reference/pack decoders
143,payload_chunk,518,5729765,post-verification retained Store,derived from authenticated measured inventory,roles-inventory.sqlite; exact product canonical/reference/pack decoders
144,FileState,1190,126140,post-verification retained Store,derived from authenticated measured inventory,roles-inventory.sqlite; exact product canonical/reference/pack decoders
144,directory_map_branch,6,3032,post-verification retained Store,derived from authenticated measured inventory,roles-inventory.sqlite; exact product canonical/reference/pack decoders
144,directory_map_leaf,83,139269,post-verification retained Store,derived from authenticated measured inventory,roles-inventory.sqlite; exact product canonical/reference/pack decoders
144,directory_state,72,7056,post-verification retained Store,derived from authenticated measured inventory,roles-inventory.sqlite; exact product canonical/reference/pack decoders
144,extent_leaf,1190,112520,post-verification retained Store,derived from authenticated measured inventory,roles-inventory.sqlite; exact product canonical/reference/pack decoders
144,inode_record,1262,123676,post-verification retained Store,derived from authenticated measured inventory,roles-inventory.sqlite; exact product canonical/reference/pack decoders
144,inode_table_branch,1,7596,post-verification retained Store,derived from authenticated measured inventory,roles-inventory.sqlite; exact product canonical/reference/pack decoders
144,inode_table_leaf,118,673544,post-verification retained Store,derived from authenticated measured inventory,roles-inventory.sqlite; exact product canonical/reference/pack decoders
144,namespace_root,1,121,post-verification retained Store,derived from authenticated measured inventory,roles-inventory.sqlite; exact product canonical/reference/pack decoders
144,payload_chunk,1338,10037567,post-verification retained Store,derived from authenticated measured inventory,roles-inventory.sqlite; exact product canonical/reference/pack decoders
145,FileState,1216,128896,post-verification retained Store,derived from authenticated measured inventory,roles-inventory.sqlite; exact product canonical/reference/pack decoders
145,directory_map_branch,6,3130,post-verification retained Store,derived from authenticated measured inventory,roles-inventory.sqlite; exact product canonical/reference/pack decoders
145,directory_map_leaf,55,86502,post-verification retained Store,derived from authenticated measured inventory,roles-inventory.sqlite; exact product canonical/reference/pack decoders
145,directory_state,52,5096,post-verification retained Store,derived from authenticated measured inventory,roles-inventory.sqlite; exact product canonical/reference/pack decoders
145,extent_leaf,1216,120504,post-verification retained Store,derived from authenticated measured inventory,roles-inventory.sqlite; exact product canonical/reference/pack decoders
145,inode_record,1268,124264,post-verification retained Store,derived from authenticated measured inventory,roles-inventory.sqlite; exact product canonical/reference/pack decoders
145,inode_table_branch,1,7788,post-verification retained Store,derived from authenticated measured inventory,roles-inventory.sqlite; exact product canonical/reference/pack decoders
145,inode_table_leaf,121,684684,post-verification retained Store,derived from authenticated measured inventory,roles-inventory.sqlite; exact product canonical/reference/pack decoders
145,namespace_root,1,121,post-verification retained Store,derived from authenticated measured inventory,roles-inventory.sqlite; exact product canonical/reference/pack decoders
145,payload_chunk,1408,12281512,post-verification retained Store,derived from authenticated measured inventory,roles-inventory.sqlite; exact product canonical/reference/pack decoders
146,FileState,304,32224,post-verification retained Store,derived from authenticated measured inventory,roles-inventory.sqlite; exact product canonical/reference/pack decoders
146,directory_map_branch,2,1410,post-verification retained Store,derived from authenticated measured inventory,roles-inventory.sqlite; exact product canonical/reference/pack decoders
146,directory_map_leaf,4,18951,post-verification retained Store,derived from authenticated measured inventory,roles-inventory.sqlite; exact product canonical/reference/pack decoders
146,directory_state,3,294,post-verification retained Store,derived from authenticated measured inventory,roles-inventory.sqlite; exact product canonical/reference/pack decoders
146,extent_leaf,304,35536,post-verification retained Store,derived from authenticated measured inventory,roles-inventory.sqlite; exact product canonical/reference/pack decoders
146,inode_record,307,30086,post-verification retained Store,derived from authenticated measured inventory,roles-inventory.sqlite; exact product canonical/reference/pack decoders
146,inode_table_branch,1,7788,post-verification retained Store,derived from authenticated measured inventory,roles-inventory.sqlite; exact product canonical/reference/pack decoders
146,inode_table_leaf,118,663048,post-verification retained Store,derived from authenticated measured inventory,roles-inventory.sqlite; exact product canonical/reference/pack decoders
146,namespace_root,1,121,post-verification retained Store,derived from authenticated measured inventory,roles-inventory.sqlite; exact product canonical/reference/pack decoders
146,payload_chunk,383,4699236,post-verification retained Store,derived from authenticated measured inventory,roles-inventory.sqlite; exact product canonical/reference/pack decoders
147,FileState,383,40598,post-verification retained Store,derived from authenticated measured inventory,roles-inventory.sqlite; exact product canonical/reference/pack decoders
147,directory_map_branch,3,1682,post-verification retained Store,derived from authenticated measured inventory,roles-inventory.sqlite; exact product canonical/reference/pack decoders
147,directory_map_leaf,28,42783,post-verification retained Store,derived from authenticated measured inventory,roles-inventory.sqlite; exact product canonical/reference/pack decoders
147,directory_state,27,2646,post-verification retained Store,derived from authenticated measured inventory,roles-inventory.sqlite; exact product canonical/reference/pack decoders
147,extent_leaf,383,38812,post-verification retained Store,derived from authenticated measured inventory,roles-inventory.sqlite; exact product canonical/reference/pack decoders
147,inode_record,410,40180,post-verification retained Store,derived from authenticated measured inventory,roles-inventory.sqlite; exact product canonical/reference/pack decoders
147,inode_table_branch,1,7660,post-verification retained Store,derived from authenticated measured inventory,roles-inventory.sqlite; exact product canonical/reference/pack decoders
147,inode_table_leaf,118,670536,post-verification retained Store,derived from authenticated measured inventory,roles-inventory.sqlite; exact product canonical/reference/pack decoders
147,namespace_root,1,121,post-verification retained Store,derived from authenticated measured inventory,roles-inventory.sqlite; exact product canonical/reference/pack decoders
147,payload_chunk,449,3878703,post-verification retained Store,derived from authenticated measured inventory,roles-inventory.sqlite; exact product canonical/reference/pack decoders
148,FileState,188,19928,post-verification retained Store,derived from authenticated measured inventory,roles-inventory.sqlite; exact product canonical/reference/pack decoders
148,directory_map_branch,2,927,post-verification retained Store,derived from authenticated measured inventory,roles-inventory.sqlite; exact product canonical/reference/pack decoders
148,directory_map_leaf,11,22972,post-verification retained Store,derived from authenticated measured inventory,roles-inventory.sqlite; exact product canonical/reference/pack decoders
148,directory_state,11,1078,post-verification retained Store,derived from authenticated measured inventory,roles-inventory.sqlite; exact product canonical/reference/pack decoders
148,extent_leaf,188,22712,post-verification retained Store,derived from authenticated measured inventory,roles-inventory.sqlite; exact product canonical/reference/pack decoders
148,inode_record,199,19502,post-verification retained Store,derived from authenticated measured inventory,roles-inventory.sqlite; exact product canonical/reference/pack decoders
148,inode_table_branch,1,7660,post-verification retained Store,derived from authenticated measured inventory,roles-inventory.sqlite; exact product canonical/reference/pack decoders
148,inode_table_leaf,106,607352,post-verification retained Store,derived from authenticated measured inventory,roles-inventory.sqlite; exact product canonical/reference/pack decoders
148,namespace_root,1,121,post-verification retained Store,derived from authenticated measured inventory,roles-inventory.sqlite; exact product canonical/reference/pack decoders
148,payload_chunk,262,2986686,post-verification retained Store,derived from authenticated measured inventory,roles-inventory.sqlite; exact product canonical/reference/pack decoders
149,FileState,70,7420,post-verification retained Store,derived from authenticated measured inventory,roles-inventory.sqlite; exact product canonical/reference/pack decoders
149,directory_map_branch,2,1452,post-verification retained Store,derived from authenticated measured inventory,roles-inventory.sqlite; exact product canonical/reference/pack decoders
149,directory_map_leaf,13,15371,post-verification retained Store,derived from authenticated measured inventory,roles-inventory.sqlite; exact product canonical/reference/pack decoders
149,directory_state,14,1372,post-verification retained Store,derived from authenticated measured inventory,roles-inventory.sqlite; exact product canonical/reference/pack decoders
149,extent_leaf,70,9960,post-verification retained Store,derived from authenticated measured inventory,roles-inventory.sqlite; exact product canonical/reference/pack decoders
149,inode_record,84,8232,post-verification retained Store,derived from authenticated measured inventory,roles-inventory.sqlite; exact product canonical/reference/pack decoders
149,inode_table_branch,1,7660,post-verification retained Store,derived from authenticated measured inventory,roles-inventory.sqlite; exact product canonical/reference/pack decoders
149,inode_table_leaf,85,497244,post-verification retained Store,derived from authenticated measured inventory,roles-inventory.sqlite; exact product canonical/reference/pack decoders
149,namespace_root,1,121,post-verification retained Store,derived from authenticated measured inventory,roles-inventory.sqlite; exact product canonical/reference/pack decoders
149,payload_chunk,78,700643,post-verification retained Store,derived from authenticated measured inventory,roles-inventory.sqlite; exact product canonical/reference/pack decoders
150,FileState,2159,228854,post-verification retained Store,derived from authenticated measured inventory,roles-inventory.sqlite; exact product canonical/reference/pack decoders
150,directory_map_branch,5,2722,post-verification retained Store,derived from authenticated measured inventory,roles-inventory.sqlite; exact product canonical/reference/pack decoders
150,directory_map_leaf,282,158290,post-verification retained Store,derived from authenticated measured inventory,roles-inventory.sqlite; exact product canonical/reference/pack decoders
150,directory_state,273,26754,post-verification retained Store,derived from authenticated measured inventory,roles-inventory.sqlite; exact product canonical/reference/pack decoders
150,extent_leaf,2159,202836,post-verification retained Store,derived from authenticated measured inventory,roles-inventory.sqlite; exact product canonical/reference/pack decoders
150,inode_record,2432,238336,post-verification retained Store,derived from authenticated measured inventory,roles-inventory.sqlite; exact product canonical/reference/pack decoders
150,inode_table_branch,1,7660,post-verification retained Store,derived from authenticated measured inventory,roles-inventory.sqlite; exact product canonical/reference/pack decoders
150,inode_table_leaf,119,667700,post-verification retained Store,derived from authenticated measured inventory,roles-inventory.sqlite; exact product canonical/reference/pack decoders
150,namespace_root,1,121,post-verification retained Store,derived from authenticated measured inventory,roles-inventory.sqlite; exact product canonical/reference/pack decoders
150,payload_chunk,2440,18437744,post-verification retained Store,derived from authenticated measured inventory,roles-inventory.sqlite; exact product canonical/reference/pack decoders
151,FileState,715,75790,post-verification retained Store,derived from authenticated measured inventory,roles-inventory.sqlite; exact product canonical/reference/pack decoders
151,directory_map_branch,3,1282,post-verification retained Store,derived from authenticated measured inventory,roles-inventory.sqlite; exact product canonical/reference/pack decoders
151,directory_map_leaf,24,31310,post-verification retained Store,derived from authenticated measured inventory,roles-inventory.sqlite; exact product canonical/reference/pack decoders
151,directory_state,24,2352,post-verification retained Store,derived from authenticated measured inventory,roles-inventory.sqlite; exact product canonical/reference/pack decoders
151,extent_leaf,715,68860,post-verification retained Store,derived from authenticated measured inventory,roles-inventory.sqlite; exact product canonical/reference/pack decoders
151,inode_record,739,72422,post-verification retained Store,derived from authenticated measured inventory,roles-inventory.sqlite; exact product canonical/reference/pack decoders
151,inode_table_branch,1,7660,post-verification retained Store,derived from authenticated measured inventory,roles-inventory.sqlite; exact product canonical/reference/pack decoders
151,inode_table_leaf,119,670452,post-verification retained Store,derived from authenticated measured inventory,roles-inventory.sqlite; exact product canonical/reference/pack decoders
151,namespace_root,1,121,post-verification retained Store,derived from authenticated measured inventory,roles-inventory.sqlite; exact product canonical/reference/pack decoders
151,payload_chunk,805,5789697,post-verification retained Store,derived from authenticated measured inventory,roles-inventory.sqlite; exact product canonical/reference/pack decoders
152,FileState,681,72186,post-verification retained Store,derived from authenticated measured inventory,roles-inventory.sqlite; exact product canonical/reference/pack decoders
152,directory_map_branch,4,2303,post-verification retained Store,derived from authenticated measured inventory,roles-inventory.sqlite; exact product canonical/reference/pack decoders
152,directory_map_leaf,45,68107,post-verification retained Store,derived from authenticated measured inventory,roles-inventory.sqlite; exact product canonical/reference/pack decoders
152,directory_state,44,4312,post-verification retained Store,derived from authenticated measured inventory,roles-inventory.sqlite; exact product canonical/reference/pack decoders
152,extent_leaf,681,65124,post-verification retained Store,derived from authenticated measured inventory,roles-inventory.sqlite; exact product canonical/reference/pack decoders
152,inode_record,725,71050,post-verification retained Store,derived from authenticated measured inventory,roles-inventory.sqlite; exact product canonical/reference/pack decoders
152,inode_table_branch,1,7660,post-verification retained Store,derived from authenticated measured inventory,roles-inventory.sqlite; exact product canonical/reference/pack decoders
152,inode_table_leaf,119,671668,post-verification retained Store,derived from authenticated measured inventory,roles-inventory.sqlite; exact product canonical/reference/pack decoders
152,namespace_root,1,121,post-verification retained Store,derived from authenticated measured inventory,roles-inventory.sqlite; exact product canonical/reference/pack decoders
152,payload_chunk,764,5164027,post-verification retained Store,derived from authenticated measured inventory,roles-inventory.sqlite; exact product canonical/reference/pack decoders
153,FileState,3356,355736,post-verification retained Store,derived from authenticated measured inventory,roles-inventory.sqlite; exact product canonical/reference/pack decoders
153,directory_map_branch,8,3806,post-verification retained Store,derived from authenticated measured inventory,roles-inventory.sqlite; exact product canonical/reference/pack decoders
153,directory_map_leaf,239,305238,post-verification retained Store,derived from authenticated measured inventory,roles-inventory.sqlite; exact product canonical/reference/pack decoders
153,directory_state,204,19992,post-verification retained Store,derived from authenticated measured inventory,roles-inventory.sqlite; exact product canonical/reference/pack decoders
153,extent_leaf,3356,304384,post-verification retained Store,derived from authenticated measured inventory,roles-inventory.sqlite; exact product canonical/reference/pack decoders
153,inode_record,3560,348880,post-verification retained Store,derived from authenticated measured inventory,roles-inventory.sqlite; exact product canonical/reference/pack decoders
153,inode_table_branch,1,7852,post-verification retained Store,derived from authenticated measured inventory,roles-inventory.sqlite; exact product canonical/reference/pack decoders
153,inode_table_leaf,122,684472,post-verification retained Store,derived from authenticated measured inventory,roles-inventory.sqlite; exact product canonical/reference/pack decoders
153,namespace_root,1,121,post-verification retained Store,derived from authenticated measured inventory,roles-inventory.sqlite; exact product canonical/reference/pack decoders
153,payload_chunk,3635,24381642,post-verification retained Store,derived from authenticated measured inventory,roles-inventory.sqlite; exact product canonical/reference/pack decoders
154,FileState,381,40386,post-verification retained Store,derived from authenticated measured inventory,roles-inventory.sqlite; exact product canonical/reference/pack decoders
154,directory_map_branch,3,819,post-verification retained Store,derived from authenticated measured inventory,roles-inventory.sqlite; exact product canonical/reference/pack decoders
154,directory_map_leaf,35,53266,post-verification retained Store,derived from authenticated measured inventory,roles-inventory.sqlite; exact product canonical/reference/pack decoders
154,directory_state,33,3234,post-verification retained Store,derived from authenticated measured inventory,roles-inventory.sqlite; exact product canonical/reference/pack decoders
154,extent_leaf,381,42444,post-verification retained Store,derived from authenticated measured inventory,roles-inventory.sqlite; exact product canonical/reference/pack decoders
154,inode_record,414,40572,post-verification retained Store,derived from authenticated measured inventory,roles-inventory.sqlite; exact product canonical/reference/pack decoders
154,inode_table_branch,1,7916,post-verification retained Store,derived from authenticated measured inventory,roles-inventory.sqlite; exact product canonical/reference/pack decoders
154,inode_table_leaf,119,671668,post-verification retained Store,derived from authenticated measured inventory,roles-inventory.sqlite; exact product canonical/reference/pack decoders
154,namespace_root,1,121,post-verification retained Store,derived from authenticated measured inventory,roles-inventory.sqlite; exact product canonical/reference/pack decoders
154,payload_chunk,452,4681692,post-verification retained Store,derived from authenticated measured inventory,roles-inventory.sqlite; exact product canonical/reference/pack decoders
155,FileState,105,11130,post-verification retained Store,derived from authenticated measured inventory,roles-inventory.sqlite; exact product canonical/reference/pack decoders
155,directory_map_branch,6,2427,post-verification retained Store,derived from authenticated measured inventory,roles-inventory.sqlite; exact product canonical/reference/pack decoders
155,directory_map_leaf,622,339820,post-verification retained Store,derived from authenticated measured inventory,roles-inventory.sqlite; exact product canonical/reference/pack decoders
155,directory_state,601,58898,post-verification retained Store,derived from authenticated measured inventory,roles-inventory.sqlite; exact product canonical/reference/pack decoders
155,extent_leaf,105,13580,post-verification retained Store,derived from authenticated measured inventory,roles-inventory.sqlite; exact product canonical/reference/pack decoders
155,inode_record,706,69188,post-verification retained Store,derived from authenticated measured inventory,roles-inventory.sqlite; exact product canonical/reference/pack decoders
155,inode_table_branch,1,7148,post-verification retained Store,derived from authenticated measured inventory,roles-inventory.sqlite; exact product canonical/reference/pack decoders
155,inode_table_leaf,111,605204,post-verification retained Store,derived from authenticated measured inventory,roles-inventory.sqlite; exact product canonical/reference/pack decoders
155,namespace_root,1,121,post-verification retained Store,derived from authenticated measured inventory,roles-inventory.sqlite; exact product canonical/reference/pack decoders
155,payload_chunk,107,1019562,post-verification retained Store,derived from authenticated measured inventory,roles-inventory.sqlite; exact product canonical/reference/pack decoders
156,FileState,132,13992,post-verification retained Store,derived from authenticated measured inventory,roles-inventory.sqlite; exact product canonical/reference/pack decoders
156,directory_map_branch,7,2983,post-verification retained Store,derived from authenticated measured inventory,roles-inventory.sqlite; exact product canonical/reference/pack decoders
156,directory_map_leaf,559,315385,post-verification retained Store,derived from authenticated measured inventory,roles-inventory.sqlite; exact product canonical/reference/pack decoders
156,directory_state,548,53704,post-verification retained Store,derived from authenticated measured inventory,roles-inventory.sqlite; exact product canonical/reference/pack decoders
156,extent_leaf,132,17968,post-verification retained Store,derived from authenticated measured inventory,roles-inventory.sqlite; exact product canonical/reference/pack decoders
156,inode_record,680,66640,post-verification retained Store,derived from authenticated measured inventory,roles-inventory.sqlite; exact product canonical/reference/pack decoders
156,inode_table_branch,1,7660,post-verification retained Store,derived from authenticated measured inventory,roles-inventory.sqlite; exact product canonical/reference/pack decoders
156,inode_table_leaf,119,652788,post-verification retained Store,derived from authenticated measured inventory,roles-inventory.sqlite; exact product canonical/reference/pack decoders
156,namespace_root,1,121,post-verification retained Store,derived from authenticated measured inventory,roles-inventory.sqlite; exact product canonical/reference/pack decoders
156,payload_chunk,150,1937453,post-verification retained Store,derived from authenticated measured inventory,roles-inventory.sqlite; exact product canonical/reference/pack decoders
157,FileState,1014,107484,post-verification retained Store,derived from authenticated measured inventory,roles-inventory.sqlite; exact product canonical/reference/pack decoders
157,directory_map_branch,9,4023,post-verification retained Store,derived from authenticated measured inventory,roles-inventory.sqlite; exact product canonical/reference/pack decoders
157,directory_map_leaf,466,390245,post-verification retained Store,derived from authenticated measured inventory,roles-inventory.sqlite; exact product canonical/reference/pack decoders
157,directory_state,434,42532,post-verification retained Store,derived from authenticated measured inventory,roles-inventory.sqlite; exact product canonical/reference/pack decoders
157,extent_leaf,1014,99216,post-verification retained Store,derived from authenticated measured inventory,roles-inventory.sqlite; exact product canonical/reference/pack decoders
157,inode_record,1448,141904,post-verification retained Store,derived from authenticated measured inventory,roles-inventory.sqlite; exact product canonical/reference/pack decoders
157,inode_table_branch,3,8516,post-verification retained Store,derived from authenticated measured inventory,roles-inventory.sqlite; exact product canonical/reference/pack decoders
157,inode_table_leaf,129,704876,post-verification retained Store,derived from authenticated measured inventory,roles-inventory.sqlite; exact product canonical/reference/pack decoders
157,namespace_root,1,121,post-verification retained Store,derived from authenticated measured inventory,roles-inventory.sqlite; exact product canonical/reference/pack decoders
157,payload_chunk,1176,9833601,post-verification retained Store,derived from authenticated measured inventory,roles-inventory.sqlite; exact product canonical/reference/pack decoders
