checkpoint,snapshot,provenance,source_sha,source_tree,source_oracle_sha256,source_manifest_sha256,previous_layerfs_mapping,resulting_layerfs_mapping,created,source_identity_null_reason,diag_invalid,diag_cursor_attached,diag_cursor_queries,diag_cursor_inherited,diag_cursor_memory_limit,diag_cursor_file_limit,diag_cursor_operation_limit,diag_cursor_descriptor_limit,diag_cursor_grants,diag_cursor_query_bytes,diag_selected_pack_count,diag_selected_pack_last_id,diag_selected_pack_bytes,diag_selected_pack_groups,diag_selected_pack_records,diag_selected_unlocated_records,diag_occurrence_preexisting_grants,diag_occurrence_missing_grants,diag_occurrence_duplicate_grants,diag_file_source_without_chunk,diag_eligible_count,diag_eligible_bytes,diag_new_full_count,diag_new_full_bytes,diag_new_delta_count,diag_new_delta_bytes,diag_race_count,diag_race_bytes,diag_nonfile_chunk_count,diag_nonfile_chunk_bytes,diag_no_predecessor_count,diag_no_predecessor_bytes,diag_missing_span_count,diag_missing_span_bytes,diag_complete_empty_count,diag_complete_empty_bytes,diag_limited_empty_count,diag_limited_empty_bytes,diag_complete_hints_count,diag_complete_hints_bytes,diag_limited_hints_count,diag_limited_hints_bytes,diag_occurrence_preexisting_count,diag_occurrence_preexisting_bytes,diag_occurrence_missing_count,diag_occurrence_missing_bytes,diag_occurrence_duplicate_count,diag_occurrence_duplicate_bytes,diag_terminal_no_predecessor_count,diag_terminal_no_predecessor_bytes,diag_terminal_missing_span_count,diag_terminal_missing_span_bytes,diag_terminal_no_overlap_count,diag_terminal_no_overlap_bytes,diag_terminal_correspondence_limit_count,diag_terminal_correspondence_limit_bytes,diag_terminal_base_count,diag_terminal_base_bytes,diag_terminal_budget_count,diag_terminal_budget_bytes,diag_terminal_no_delta_count,diag_terminal_no_delta_bytes,diag_terminal_mixed_rejection_count,diag_terminal_mixed_rejection_bytes,diag_terminal_delta_count,diag_terminal_delta_bytes,diag_terminal_unknown_count,diag_terminal_unknown_bytes,diag_size_lt64_count,diag_size_lt64_bytes,diag_size_lt256_count,diag_size_lt256_bytes,diag_size_lt1024_count,diag_size_lt1024_bytes,diag_size_lt4096_count,diag_size_lt4096_bytes,diag_size_lt16384_count,diag_size_lt16384_bytes,diag_size_lt65536_count,diag_size_lt65536_bytes,diag_size_ge65536_count,diag_size_ge65536_bytes,diag_hints_0_count,diag_hints_0_bytes,diag_hints_1_count,diag_hints_1_bytes,diag_hints_2_count,diag_hints_2_bytes,diag_hints_3_count,diag_hints_3_bytes,diag_hints_4_count,diag_hints_4_bytes,diag_limit_memory_first_count,diag_limit_memory_first_bytes,diag_limit_memory_first_empty_count,diag_limit_memory_first_empty_bytes,diag_limit_memory_inherited_count,diag_limit_memory_inherited_bytes,diag_limit_memory_inherited_empty_count,diag_limit_memory_inherited_empty_bytes,diag_limit_file_first_count,diag_limit_file_first_bytes,diag_limit_file_first_empty_count,diag_limit_file_first_empty_bytes,diag_limit_file_inherited_count,diag_limit_file_inherited_bytes,diag_limit_file_inherited_empty_count,diag_limit_file_inherited_empty_bytes,diag_limit_operation_first_count,diag_limit_operation_first_bytes,diag_limit_operation_first_empty_count,diag_limit_operation_first_empty_bytes,diag_limit_operation_inherited_count,diag_limit_operation_inherited_bytes,diag_limit_operation_inherited_empty_count,diag_limit_operation_inherited_empty_bytes,diag_limit_descriptor_first_count,diag_limit_descriptor_first_bytes,diag_limit_descriptor_first_empty_count,diag_limit_descriptor_first_empty_bytes,diag_limit_descriptor_inherited_count,diag_limit_descriptor_inherited_bytes,diag_limit_descriptor_inherited_empty_count,diag_limit_descriptor_inherited_empty_bytes,diag_event_fetch_budget_count,diag_event_fetch_budget_bytes,diag_event_match_budget_count,diag_event_match_budget_bytes,diag_event_instruction_budget_count,diag_event_instruction_budget_bytes,diag_event_memory_budget_count,diag_event_memory_budget_bytes,diag_event_base,diag_event_base_bytes,diag_event_budget,diag_event_budget_bytes,diag_event_candidate,diag_event_candidate_bytes,diag_event_mixed_rejection,diag_event_mixed_rejection_bytes,native_record_fetches,native_request_bytes,native_parser_bytes,native_raw_decoded_bytes,native_decode_calls,native_decode_ns,native_dependency_edges,native_depth_0,native_depth_1,native_depth_2,native_depth_3,native_depth_4,native_full_encode_calls,native_full_encode_ns,native_full_frame_count,native_full_frame_bytes,native_prefix_encode_calls,native_prefix_encode_ns,native_prefix_frame_count,native_prefix_frame_bytes,native_fallback_no_hint_count,native_fallback_no_hint_bytes,native_fallback_unavailable_count,native_fallback_unavailable_bytes,native_fallback_legacy_delta_count,native_fallback_legacy_delta_bytes,native_fallback_role_count,native_fallback_role_bytes,native_fallback_depth_count,native_fallback_depth_bytes,native_fallback_budget_count,native_fallback_budget_bytes,native_fallback_full_wins_count,native_fallback_full_wins_bytes,native_admitted_full_count,native_admitted_full_bytes,native_admitted_prefix_count,native_admitted_prefix_bytes,canonical_bytes,canonical_objects,database_allocated_bytes,database_logical_bytes,freelist_page_count,page_count,page_size_bytes,sidecar_allocated_bytes,sidecar_logical_bytes,store_allocated_bytes,store_apparent_bytes,init_elapsed_ns,fork_elapsed_ns,mount_elapsed_ns,ack_objects,ack_canonical_bytes,retained_objects,retained_canonical_bytes,new_ack_objects,new_ack_canonical_bytes,pack_first_id,pack_last_id,derived_selected_file_count,derived_selected_file_bytes,derived_selected_file_delta_count,derived_selected_file_delta_bytes,status,unique_eligible_count,unique_eligible_bytes,errors,exec_elapsed_ns,commit_elapsed_ns
0,acknowledgement before verifier,performance-result.json#ready,null,null,null,null,null,320e22578c1c65b0b7de871ad5ce4390cdf5dcc6afa0c234d379e968a061bd42fc,null,Init has no source checkpoint or prior mapping,0,0,0,0,0,0,0,0,0,0,1,1,867,2,12,0,0,0,0,0,0,0,0,0,0,0,0,0,2,58,0,0,0,0,0,0,0,0,0,0,0,0,0,0,0,0,0,0,0,0,0,0,0,0,0,0,0,0,0,0,0,0,0,0,0,0,0,0,0,0,0,0,0,0,0,0,0,0,0,0,0,0,0,0,0,0,0,0,0,0,0,0,0,0,0,0,0,0,0,0,0,0,0,0,0,0,0,0,0,0,0,0,0,0,0,0,0,0,0,0,0,0,0,0,0,0,0,0,0,0,0,0,0,0,0,0,0,0,0,0,0,0,0,0,0,0,0,0,0,0,0,0,0,0,0,0,0,0,0,0,0,0,0,0,0,0,0,0,0,0,0,0,0,0,0,0,0,0,1050,12,69632,69632,0,17,4096,0,0,69632,69632,1775792,82875,14072834,12,1050,12,1050,12,1050,1,1,0,0,0,0,PASS,0,0,[],,
1,acknowledgement before verifier,performance-result.json#records/0,ca4e1c3a1c61129bd95ee57dd744bc53c2e635bb,a1b6dc6ff544ac011c47e5dc4c1f4bb2b399c108,9ff51404fe3ea33de4b70d33c2f3241780ab866768d59b15c183b5211c327f02,cf2213377cb9f62a7244f55ec80133935d1fcefed4e5e86bd1c7341a33309a47,320e22578c1c65b0b7de871ad5ce4390cdf5dcc6afa0c234d379e968a061bd42fc,12ef1680ba4c484382998617ba5362bf28b1644b191cd50caec4c4c05bf3d63d23,True,null,0,0,0,0,0,0,0,0,0,0,21,22,613033,26,1338,0,0,0,0,0,283,1495276,283,1495276,0,0,0,0,3,83,283,1495276,0,0,0,0,0,0,0,0,0,0,0,0,283,1495276,12,9984,283,1495276,0,0,0,0,0,0,0,0,0,0,0,0,0,0,0,0,0,0,1,46,5,777,64,38522,102,249640,84,662631,27,543660,0,0,283,1495276,0,0,0,0,0,0,0,0,0,0,0,0,0,0,0,0,0,0,0,0,0,0,0,0,0,0,0,0,0,0,0,0,0,0,0,0,0,0,0,0,0,0,0,0,0,0,0,0,0,0,0,0,0,0,0,0,1,852,820,1071,1,56375,0,1,0,0,0,0,283,12141717,283,529059,0,0,0,0,283,1495276,0,0,0,0,0,0,0,0,0,0,0,0,283,1495276,0,0,1633857,1350,770048,770048,0,188,4096,0,0,770048,770048,,,,1350,1633857,1350,1633857,1338,1632807,2,22,283,1495276,0,0,PASS,283,1495276,[],149727833,39726583
2,acknowledgement before verifier,performance-result.json#records/1,a009b1e995d38a2149d84067bbf461f8be0e3456,011e99a519bfdf201221b0a5db8ffe926dca6afe,c53eabfbcfe2323a5f4f6a6b9490a48aeb52975c8a427ed83d8a4e7ae415347c,1f9a566d82b0a2e4865a06c7d705a422b89ed9476de1a67240f88e197d7ded58,12ef1680ba4c484382998617ba5362bf28b1644b191cd50caec4c4c05bf3d63d23,12b9f2656f1ec39023afad1bc2d5b269460bf741b998b6df777531a93b50c3eed1,True,null,0,97,115,0,0,0,0,0,194,832680,18,40,338450,23,733,0,2,192,0,0,189,1356519,82,580649,107,775870,0,0,0,0,79,565972,0,0,3,14677,0,0,107,775870,0,0,5,42133,189,1356519,0,0,79,565972,0,0,3,14677,0,0,0,0,0,0,0,0,0,0,107,775870,0,0,0,0,2,433,20,15554,67,166681,69,560275,31,613576,0,0,82,580649,95,557587,12,218283,0,0,0,0,0,0,0,0,0,0,0,0,0,0,0,0,0,0,0,0,0,0,0,0,0,0,0,0,0,0,0,0,0,0,0,0,0,0,0,0,0,0,0,0,107,775870,0,0,107,775870,0,0,254,421547,413419,1000141,254,2363244,0,254,0,0,0,0,189,8576169,189,494792,107,2983039,107,63138,82,580649,0,0,0,0,0,0,0,0,0,0,0,0,82,580649,107,775870,3075624,2083,2146304,1150976,0,281,4096,0,0,2146304,1150976,,,,2083,3075624,2083,3075624,733,1441767,23,40,189,1356519,107,775870,PASS,189,1356519,[],146667042,37022291
3,acknowledgement before verifier,performance-result.json#records/2,bcf255fc57cb3b6cfca3cd4b1df79ee33815f1bd,92f8aac2050f81f57ca202bcd5ec92f4b197a31e,a442f7d91c82bf6ab0196133399248c1322aaac6fff73628f9221bd6ddfb9256,94b14d1e4a4d029eecce598e3efdfbb27e74a338737ce68ea7a8a0e6becda845,12b9f2656f1ec39023afad1bc2d5b269460bf741b998b6df777531a93b50c3eed1,12054974955f4ec82833c1abc8fb1d3fce2572faa7a8c329c8af9898b8b0419c16,True,null,0,102,131,0,0,0,0,0,204,1246599,19,59,259547,24,791,0,0,204,0,0,186,1513393,69,435612,117,1077781,0,0,0,0,68,435390,0,0,1,222,0,0,117,1077781,0,0,14,168911,186,1513393,3,330,68,435390,0,0,1,222,0,0,0,0,0,0,0,0,0,0,117,1077781,0,0,2,73,11,1999,14,9409,38,98983,90,819221,31,583708,0,0,69,435612,97,771038,20,306743,0,0,0,0,0,0,0,0,0,0,0,0,0,0,0,0,0,0,0,0,0,0,0,0,0,0,0,0,0,0,0,0,0,0,0,0,0,0,0,0,0,0,0,0,117,1077781,0,0,117,1077781,0,0,385,704129,691809,2522518,385,4118745,130,125,130,0,0,0,186,8739871,186,488198,117,3622786,117,74426,69,435612,0,0,0,0,0,0,0,0,0,0,0,0,69,435612,117,1077781,4688665,2874,2146304,1474560,0,360,4096,0,0,2146304,1474560,,,,2874,4688665,2874,4688665,791,1613041,41,59,186,1513393,117,1077781,PASS,186,1513393,[],164854000,40009000
4,acknowledgement before verifier,performance-result.json#records/3,25eccdaedcfc918a32a30592219871a807f1e8a6,1e1d7a07440c152e3c867e7463a0dbde951563ee,fccba069b085a5a14278cc289634d96725f9198be8e708fcba6da670ebb4d51a,fc29561d3d967da8a34b32b92986ca9f2f076af49c41aa844078378729e42147,12054974955f4ec82833c1abc8fb1d3fce2572faa7a8c329c8af9898b8b0419c16,12abf1f2464247ae3fa75f0288c8a666c7b941f76e36d6f645a06a99d930c79e90,True,null,0,65,77,0,0,0,0,0,130,549268,29,88,766735,37,1512,0,0,128,2,0,309,2139260,240,1664095,69,475165,0,0,0,0,237,1658842,0,0,1,3714,0,0,71,476704,0,0,67,339049,309,2139260,5,2270,237,1658842,0,0,1,3714,0,0,0,0,0,0,2,1539,0,0,69,475165,0,0,0,0,3,540,42,26409,87,235943,142,1192584,35,683784,0,0,238,1662556,65,347545,5,100385,1,28774,0,0,0,0,0,0,0,0,0,0,0,0,0,0,0,0,0,0,0,0,0,0,0,0,0,0,0,0,0,0,0,0,0,0,0,0,0,0,0,0,0,0,71,476704,0,0,71,476704,0,0,443,572544,558368,2044156,443,4225121,186,123,82,52,0,0,309,15546785,309,778190,71,2629542,71,44449,238,1662556,0,0,0,0,0,0,0,0,0,0,2,1539,240,1664095,69,475165,6999916,4386,3194880,2338816,0,571,4096,0,0,3194880,2338816,,,,4386,6999916,4386,6999916,1512,2311251,60,88,309,2139260,69,475165,PASS,309,2139260,[],298558417,70131833
5,acknowledgement before verifier,performance-result.json#records/4,93a6dc6716aad759cdb036700d79451b058d2d70,6a607577773a253fcfe582996b0544cb22436522,1dfcff946118c5c3ca33c6e0fc3cd77a3dc218d04b5e3c2c669296f8a037b239,5da19a48d04107e521e0b41e3cb3e02cc7f2836ed06f646716bdd6aec20bf998,12abf1f2464247ae3fa75f0288c8a666c7b941f76e36d6f645a06a99d930c79e90,1236d9f11dcce80291060815769596ece9c12bbd6b99f91483b2c2b60cd14f1af0,True,null,0,181,214,0,0,0,0,0,362,1458590,23,111,295244,29,1172,0,2,354,6,0,283,1838740,91,634847,192,1203893,0,0,0,0,86,614731,0,0,4,17928,0,0,193,1206081,0,0,14,233349,283,1838740,4,1625,86,614731,0,0,4,17928,0,0,0,0,0,0,1,2188,0,0,192,1203893,0,0,1,54,2,423,79,49471,59,134916,110,971213,32,682663,0,0,90,632659,175,888576,18,317505,0,0,0,0,0,0,0,0,0,0,0,0,0,0,0,0,0,0,0,0,0,0,0,0,0,0,0,0,0,0,0,0,0,0,0,0,0,0,0,0,0,0,0,0,193,1206081,0,0,193,1206081,0,0,530,781081,764121,2653371,530,5740078,179,249,50,27,25,0,283,11784125,283,549251,193,4871872,193,62595,90,632659,0,0,0,0,0,0,0,0,0,0,1,2188,91,634847,192,1203893,8980175,5558,3194880,2699264,0,659,4096,0,0,3194880,2699264,,,,5558,8980175,5558,8980175,1172,1980259,89,111,283,1838740,192,1203893,PASS,283,1838740,[],273427125,68384250
6,acknowledgement before verifier,performance-result.json#records/5,b44066d54425c96a0dc110e0297787768817c878,8ea90b15a0e618cebcf87eaa8f8aaf4ebed09a8c,d4eaac147b42b619b81accadfed456b689d3512ccf837f8d3b16bcb39c56bd52,568221ae5ed0123f2beb0042b297703d66b73fa784c3e86dd61cb25c8b918e68,1236d9f11dcce80291060815769596ece9c12bbd6b99f91483b2c2b60cd14f1af0,12972f109c6896a49c8c3a5945568ca9c78d35c0842a979d03f2a23c9a97d920db,True,null,0,29,40,0,0,0,0,0,58,459477,6,117,88890,10,143,0,4,54,0,0,37,406015,8,91143,29,314872,0,0,0,0,2,12067,0,0,1,2516,0,0,34,391432,0,0,5,65529,37,406015,0,0,2,12067,0,0,1,2516,0,0,5,76560,0,0,0,0,0,0,29,314872,0,0,0,0,0,0,0,0,6,18628,24,233098,7,154289,0,0,3,14583,28,262874,6,128558,0,0,0,0,0,0,0,0,0,0,0,0,0,0,0,0,0,0,0,0,0,0,0,0,0,0,0,0,0,0,0,0,0,0,0,0,0,0,0,0,0,0,0,0,29,314872,0,0,29,314872,0,0,361,360662,349110,1386713,361,2648159,195,48,76,19,11,12,37,2309208,37,145250,29,801213,29,12287,3,14583,0,0,0,0,0,0,5,76560,0,0,0,0,8,91143,29,314872,9443576,5701,3194880,2809856,0,686,4096,0,0,3194880,2809856,,,,5701,9443576,5701,9443576,143,463401,112,117,37,406015,29,314872,PASS,37,406015,[],92564083,23855500
7,acknowledgement before verifier,performance-result.json#records/6,5702f6244c11c2e0f64f4139655980a15a8510bd,54029f76cae85fd84daec42b7c5a1406eadcbe1e,e6875509b6e14fc4597f443b1b0e8ea00477d9e459857f43dd98c254ca269daf,e08a4cfe11888b791b16eb9fb71d242abbf7e7b3c3a9457d54b10a232003e17b,12972f109c6896a49c8c3a5945568ca9c78d35c0842a979d03f2a23c9a97d920db,122f3b844eb2af03aa41d0fbcc477a441583af9156975956720649621509fddf53,True,null,0,87,121,0,0,0,0,0,174,1267236,25,142,496988,36,1084,0,24,150,0,0,249,2111149,163,1169779,86,941370,0,0,0,0,151,1120709,0,0,4,8299,0,0,94,982141,0,0,25,277225,249,2111149,3,1185,151,1120709,0,0,4,8299,0,0,8,40771,0,0,0,0,0,0,86,941370,0,0,3,115,3,497,24,13241,58,144067,112,968989,49,984240,0,0,155,1129008,75,613403,18,354998,1,13740,0,0,0,0,0,0,0,0,0,0,0,0,0,0,0,0,0,0,0,0,0,0,0,0,0,0,0,0,0,0,0,0,0,0,0,0,0,0,0,0,0,0,86,941370,0,0,86,941370,0,0,321,617260,606988,2605013,321,3702514,158,75,49,18,11,10,249,13938296,249,668689,86,2736832,86,58488,155,1129008,0,0,0,0,0,0,8,40771,0,0,0,0,163,1169779,86,941370,11706116,6785,4243456,3387392,0,827,4096,0,0,4243456,3387392,,,,6785,11706116,6785,11706116,1084,2262540,118,142,249,2111149,86,941370,PASS,249,2111149,[],229925709,55163417
8,acknowledgement before verifier,performance-result.json#records/7,0c5eadf9de9a830cd98daf52af47f4d696f77e5c,8e6f0c07c6e56ad52f26e587dbe870875a4cf01b,2ecd0d9031aede1313dbd6a9eb4ffc40df3145425bcd47ec47884d247350edd3,5bc962a190cae566ebeaf700a9273a67f64f76ccae90048eefa94bcc39bb81c2,122f3b844eb2af03aa41d0fbcc477a441583af9156975956720649621509fddf53,123f684f951c37d283544e0a851882b2d9ad96ec7a1254621abd79a89b1c917836,True,null,0,175,226,0,0,0,0,0,350,2248597,37,179,506591,52,1442,0,2,348,0,0,351,3113992,159,1198581,192,1915411,0,0,0,0,148,1135152,0,0,5,8823,0,0,198,1970017,0,0,23,269757,351,3113992,12,2992,148,1135152,0,0,5,8823,0,0,6,54606,0,0,0,0,0,0,192,1915411,0,0,1,55,13,2740,24,12785,67,182444,171,1399242,75,1516726,0,0,153,1143975,170,1478680,26,453882,2,37455,0,0,0,0,0,0,0,0,0,0,0,0,0,0,0,0,0,0,0,0,0,0,0,0,0,0,0,0,0,0,0,0,0,0,0,0,0,0,0,0,0,0,192,1915411,0,0,192,1915411,0,0,577,1120791,1102327,4729220,577,7358871,242,196,76,34,18,11,351,17704037,351,964974,192,6141142,192,116466,153,1143975,0,0,0,0,0,0,6,54606,0,0,0,0,159,1198581,192,1915411,15013140,8227,4243456,4014080,0,980,4096,0,0,4243456,4014080,,,,8227,15013140,8227,15013140,1442,3307024,143,179,351,3113992,192,1915411,PASS,351,3113992,[],316463834,88679000
9,acknowledgement before verifier,performance-result.json#records/8,96055d1763d6ef954d1d6f61a76c7790ae6702e5,6b5c6e68029d91b22662fc494123e5994727c066,f68df3bf3bf4cd8cdcc65781d50942bc19498b6dbd671b7c7ef17b1bd132ed01,86ccd37ea295fe63c1dad5a603def60f561eecd153bfb593d797b03a695123a1,123f684f951c37d283544e0a851882b2d9ad96ec7a1254621abd79a89b1c917836,125ed04f7d5e24efe1948f3681b0655f98718fbe5f137161e0717885c4c2fa707c,True,null,0,141,186,0,0,0,0,0,282,1904208,23,202,332635,34,832,0,4,278,0,0,206,1959681,51,406224,155,1553457,0,0,0,0,42,283008,0,0,2,21248,0,0,162,1655425,0,0,22,227535,206,1959681,0,0,42,283008,0,0,2,21248,0,0,7,101968,0,0,0,0,0,0,155,1553457,0,0,0,0,1,253,11,7222,40,105057,110,921152,44,925997,0,0,44,304256,135,1174253,26,454241,1,26931,0,0,0,0,0,0,0,0,0,0,0,0,0,0,0,0,0,0,0,0,0,0,0,0,0,0,0,0,0,0,0,0,0,0,0,0,0,0,0,0,0,0,155,1553457,0,0,155,1553457,0,0,665,1177991,1156711,5341722,665,7877837,304,177,108,45,18,13,206,11446677,206,665231,155,4715794,155,92318,44,304256,0,0,0,0,0,0,7,101968,0,0,0,0,51,406224,155,1553457,17114401,9059,5292032,4378624,0,1069,4096,0,0,5292032,4378624,,,,9059,17114401,9059,17114401,832,2101261,180,202,206,1959681,155,1553457,PASS,206,1959681,[],297466000,63545583
10,acknowledgement before verifier,performance-result.json#records/9,616c2ffba30d0279b351cd39dd89174c642166fe,96cd42d9730f115926b6e4da01fa1bc301da0ccc,c19291398083d4c1a3260b6a4fa16dd60725139c670128288ddd4e357a9e8a53,f7bc182d89f141fa7fef48cb4733763750fb0db00c88104a45b81df7cd5266c1,125ed04f7d5e24efe1948f3681b0655f98718fbe5f137161e0717885c4c2fa707c,126429cc92a6fadb6c57c14032dcce8fb06cf59eaab38662df328c855f4bc79a38,True,null,0,218,254,0,0,0,0,0,436,1985479,25,227,230997,34,957,0,14,422,0,0,238,1674407,18,185737,220,1488670,0,0,0,0,10,78839,0,0,0,0,0,0,228,1595568,0,0,27,391169,238,1674407,0,0,10,78839,0,0,0,0,0,0,8,106898,0,0,0,0,0,0,220,1488670,0,0,0,0,0,0,8,4280,80,218107,122,908184,28,543836,0,0,10,78839,213,1368791,15,226777,0,0,0,0,0,0,0,0,0,0,0,0,0,0,0,0,0,0,0,0,0,0,0,0,0,0,0,0,0,0,0,0,0,0,0,0,0,0,0,0,0,0,0,0,220,1488670,0,0,220,1488670,0,0,707,1204918,1182294,5439892,707,8019084,351,156,97,66,26,11,238,12214253,238,660694,220,5464036,220,78096,10,78839,0,0,0,0,0,0,8,106898,0,0,0,0,18,185737,220,1488670,18936513,10016,5292032,4685824,0,1144,4096,0,0,5292032,4685824,,,,10016,18936513,10016,18936513,957,1822112,203,227,238,1674407,220,1488670,PASS,238,1674407,[],306110084,79478542
11,acknowledgement before verifier,performance-result.json#records/10,d10761a5774cde7b05d09c393a798d42b90dc5ea,a7f22885d37c590afeb0e8088573c2dd99546881,9c1682c781a51b6a74fb7c336a67ac16cd707954f9aded8ad38a1bd263f0666e,6300e32aafffda48760484edaee153cd37fd381605df0495da94500f7acfd202,126429cc92a6fadb6c57c14032dcce8fb06cf59eaab38662df328c855f4bc79a38,1258b42c7fc411025bfcf18f1401edca6698bdbfc7705f70c4fb2534de8f6003bc,True,null,0,252,329,0,0,0,0,0,504,3469676,42,269,535650,54,1356,0,6,498,0,0,361,3719838,75,732812,286,2987026,0,0,0,0,53,466639,0,0,7,45092,0,0,301,3208107,0,0,21,216477,361,3719838,0,0,53,466639,0,0,7,45092,0,0,14,207248,0,0,1,13833,0,0,286,2987026,0,0,0,0,1,232,10,5644,60,165344,198,1687223,92,1861395,0,0,60,511731,253,2303112,47,884948,1,20047,0,0,0,0,0,0,0,0,0,0,0,0,0,0,0,0,0,0,0,0,0,0,0,0,0,0,0,0,0,0,0,0,0,0,0,0,0,0,0,0,0,0,287,3000859,0,0,287,3000859,0,0,1009,1609877,1577589,8722777,1009,10159157,530,187,138,88,48,18,361,17971241,361,1038064,287,8138203,287,160699,60,511731,0,0,0,0,0,0,14,207248,0,0,1,13833,75,732812,286,2987026,22841881,11372,6340608,5320704,0,1299,4096,0,0,6340608,5320704,,,,11372,22841881,11372,22841881,1356,3905368,228,269,361,3719838,286,2987026,PASS,361,3719838,[],275513667,99848625
12,acknowledgement before verifier,performance-result.json#records/11,fc6db791f18a008db44345101e47d095e8e4270b,71377f0ff631e834aa4ec771c4eb383e1f050261,af7029a05f3326b5b11c65186aa9f4f2b4d02f50a1325e57dcefb24388016880,48ab0bf34534392659804de9b464eb4173899574f3e225960cff4b6ff72c3cd8,1258b42c7fc411025bfcf18f1401edca6698bdbfc7705f70c4fb2534de8f6003bc,12ed091690c8c87bd0319a9db97b5bf70d9b2c0264982e6d82a775a93d3dd88e2e,True,null,0,35,54,0,0,0,0,0,70,671402,11,280,190839,20,522,0,2,68,0,0,109,750692,70,333939,39,416753,0,0,0,0,67,292316,0,0,0,0,0,0,42,458376,0,0,13,213220,109,750692,7,1593,67,292316,0,0,0,0,0,0,3,41623,0,0,0,0,0,0,39,416753,0,0,4,153,12,1703,19,9648,19,46650,39,366515,16,326023,0,0,67,292316,34,304739,8,153637,0,0,0,0,0,0,0,0,0,0,0,0,0,0,0,0,0,0,0,0,0,0,0,0,0,0,0,0,0,0,0,0,0,0,0,0,0,0,0,0,0,0,0,0,39,416753,0,0,39,416753,0,0,315,482315,472235,2762311,315,3046912,204,16,33,24,29,9,109,4463587,109,244982,39,925956,39,11548,67,292316,0,0,0,0,0,0,3,41623,0,0,0,0,70,333939,39,416753,23720073,11894,6340608,5541888,0,1353,4096,0,0,6340608,5541888,,,,11894,23720073,11894,23720073,522,878192,270,280,109,750692,39,416753,PASS,109,750692,[],154932875,38728708
13,acknowledgement before verifier,performance-result.json#records/12,d12cb45838b394c1af75f2fbc3e379f4e2fb6c99,c24ec31346fa3a1263727fd79a36c51c2a9a1dd0,66a87cf031a872ca3fd5df9f538e4b4ee61c4c59a21663c0b6d9e42d3b5af579,1384a5956a7872eba9aa0e8e59a6df744e509ef393785748baa671571162cd02,12ed091690c8c87bd0319a9db97b5bf70d9b2c0264982e6d82a775a93d3dd88e2e,12acf02491ea3f031fd8200dd7e44e4497d1f2f28b8e0a14d1b10710400a9367c8,True,null,0,186,253,0,0,0,0,0,372,3056550,40,320,682483,54,1415,0,8,364,0,0,367,3686012,163,1248137,204,2437875,0,0,0,0,133,906488,0,0,9,71551,0,0,225,2707973,0,0,20,277220,367,3686012,0,0,133,906488,0,0,9,71551,0,0,21,270098,0,0,0,0,0,0,204,2437875,0,0,0,0,1,246,29,18623,73,191701,171,1535775,93,1939667,0,0,142,978039,185,1938443,38,704227,2,65303,0,0,0,0,0,0,0,0,0,0,0,0,0,0,0,0,0,0,0,0,0,0,0,0,0,0,0,0,0,0,0,0,0,0,0,0,0,0,0,0,0,0,204,2437875,0,0,204,2437875,0,0,819,1214543,1188335,8261515,819,8454822,481,86,126,54,41,31,367,16931113,367,937495,204,6230127,204,132091,142,978039,0,0,0,0,0,0,21,270098,0,0,0,0,163,1248137,204,2437875,27613189,13309,6340608,6340608,0,1548,4096,0,0,6340608,6340608,,,,13309,27613189,13309,27613189,1415,3893116,281,320,367,3686012,204,2437875,PASS,367,3686012,[],323967250,86300333
14,acknowledgement before verifier,performance-result.json#records/13,f91eb39538d33ebfdae933d6230aa6702365d539,ddcbb900026b5cd2bae33993bc014ffe927dfb79,bc553607e6b9a19998e4598e232bb2b961d61865cfd3871d2263594569261b8e,c1a9f6c67bc0f15b99cbd8c24994ae0c2df3b73ae53c76788aa6a08c049b8ec5,12acf02491ea3f031fd8200dd7e44e4497d1f2f28b8e0a14d1b10710400a9367c8,12f9dc73c4aefded114e8edbeeb461ed1fa0824b8b92cff17e0e02ad333b99ebae,True,null,0,222,292,0,0,0,0,0,444,3170204,11,331,167448,18,333,0,332,112,0,0,84,854475,19,181386,65,673089,0,0,0,0,10,70040,0,0,1,1947,0,0,73,782488,0,0,222,2423185,84,854475,0,0,10,70040,0,0,1,1947,0,0,7,108712,0,0,1,687,0,0,65,673089,0,0,0,0,0,0,10,6486,13,28635,37,321201,24,498153,0,0,11,71987,60,556672,13,225816,0,0,0,0,0,0,0,0,0,0,0,0,0,0,0,0,0,0,0,0,0,0,0,0,0,0,0,0,0,0,0,0,0,0,0,0,0,0,0,0,0,0,0,0,66,673776,0,0,66,673776,0,0,1017,1510178,1477634,9515327,1017,10548969,567,161,131,65,66,27,84,4685624,84,275621,66,2074997,66,48218,11,71987,0,0,0,0,0,0,7,108712,0,0,1,687,19,181386,65,673089,28573415,13642,7389184,6541312,0,1597,4096,0,0,7389184,6541312,,,,13642,28573415,13642,28573415,333,960226,321,331,84,854475,65,673089,PASS,84,854475,[],402642708,68264750
15,acknowledgement before verifier,performance-result.json#records/14,bd831db80b770a5c99e9a0f73429a50f3bbfd875,0f1e9af86471bbc99cbf86f72950b3504da5e94c,fc797e17ae4e030c09f8d03ecfbb3bb51dae6ddb8bbb4d041abfee36834fa097,a158ded4cf01bbf8450bcedf5548950dc808f790c8d0313005195d5a28025ae7,12f9dc73c4aefded114e8edbeeb461ed1fa0824b8b92cff17e0e02ad333b99ebae,12bb2ccafe4e6cff070f24c798286134f00a04ecc801f5a03752d9a3ba6ccc2de2,True,null,0,355,475,0,0,0,0,0,710,5074131,54,385,1200741,74,2205,0,222,488,0,0,527,4683668,275,2269613,252,2414055,0,0,0,0,214,1577847,0,0,19,156272,0,0,294,2949549,0,0,274,2577217,527,4683668,4,13568,214,1577847,0,0,19,156272,0,0,42,535494,0,0,0,0,0,0,252,2414055,0,0,2,88,5,685,53,31576,98,230846,258,2245829,111,2174644,0,0,233,1734119,251,2173306,39,687049,4,89194,0,0,0,0,0,0,0,0,0,0,0,0,0,0,0,0,0,0,0,0,0,0,0,0,0,0,0,0,0,0,0,0,0,0,0,0,0,0,0,0,0,0,252,2414055,0,0,252,2414055,0,0,1588,2366886,2316070,15052528,1588,16698608,914,237,154,147,78,58,527,26678492,527,1565314,252,8603954,252,231660,233,1734119,0,0,0,0,0,0,42,535494,0,0,0,0,275,2269613,252,2414055,33552939,15847,8437760,7892992,0,1927,4096,0,0,8437760,7892992,,,,15847,33552939,15847,33552939,2205,4979524,332,385,527,4683668,252,2414055,PASS,527,4683668,[],740786292,146406083
16,acknowledgement before verifier,performance-result.json#records/15,95065330d7c743f657a8c96cc8f7bbbea7967e41,37ed0180370da7cc9d7331533a1d879bbdf6caf8,719133e541ab8fc3e42a6d23dbf75367211d351a1416f07e9d9d92c6e0fb4638,8619d1a983e449cd3bda827e4273b06db30df249c9840efae7791b4812d7ed15,12bb2ccafe4e6cff070f24c798286134f00a04ecc801f5a03752d9a3ba6ccc2de2,1263dc8406c3e4273bf6350ba9ff1cae8d5db4c8bc492a2cb33d8cc4b0ad0404b1,True,null,0,162,208,0,0,0,0,0,324,1929894,25,410,337661,37,875,0,6,318,0,0,226,1931281,64,467202,162,1464079,0,0,0,0,41,296694,0,0,2,4232,0,0,183,1630355,0,0,24,297477,226,1931281,0,0,41,296694,0,0,2,4232,0,0,21,166276,0,0,0,0,0,0,162,1464079,0,0,0,0,0,0,10,6303,51,137331,125,995125,40,792522,0,0,43,300926,159,1225789,24,404566,0,0,0,0,0,0,0,0,0,0,0,0,0,0,0,0,0,0,0,0,0,0,0,0,0,0,0,0,0,0,0,0,0,0,0,0,0,0,0,0,0,0,0,0,162,1464079,0,0,162,1464079,0,0,900,1345783,1316983,5843602,900,9197045,491,204,60,54,41,50,226,12297577,226,705538,162,5105666,162,101262,43,300926,0,0,0,0,0,0,21,166276,0,0,0,0,64,467202,162,1464079,35663974,16722,8437760,8286208,0,2023,4096,0,0,8437760,8286208,,,,16722,35663974,16722,35663974,875,2111035,386,410,226,1931281,162,1464079,PASS,226,1931281,[],353934792,85831292
17,acknowledgement before verifier,performance-result.json#records/16,e8c31e054d3e50ab4ecdcc811e8fd81df4afea51,8c17d8fca6f60846b08176b4c898d943ca8fc177,770471a1419e78e124b0e0000eb283a06980bdcb66cb32713209ce27e4202bea,cf21b7c76c9abc039fe28c9cf4533d852f299ccb9ef688a35884594d8961baec,1263dc8406c3e4273bf6350ba9ff1cae8d5db4c8bc492a2cb33d8cc4b0ad0404b1,12bf1648a02983078249fa57a4113bba575df3aa6f8ed77f6524eb52a0ee794af8,True,null,0,676,793,0,0,0,0,0,1352,6375928,82,492,989355,100,3274,0,14,1332,6,0,842,6556991,143,1027157,699,5529834,0,0,0,0,92,605391,0,0,0,0,0,0,750,5951600,0,0,40,408923,842,6556991,12,50035,92,605391,0,0,0,0,0,0,51,421766,0,0,0,0,0,0,699,5529834,0,0,0,0,2,414,105,76419,197,484963,413,3518948,125,2476247,0,0,92,605391,666,4582487,80,1288590,4,80523,0,0,0,0,0,0,0,0,0,0,0,0,0,0,0,0,0,0,0,0,0,0,0,0,0,0,0,0,0,0,0,0,0,0,0,0,0,0,0,0,0,0,699,5529834,0,0,699,5529834,0,0,2387,3662176,3585792,18924905,2387,23551060,1328,353,337,187,111,71,842,38385714,842,2140192,699,19471772,699,395061,92,605391,0,0,0,0,0,0,51,421766,0,0,0,0,143,1027157,699,5529834,42587891,19996,10534912,9498624,0,2319,4096,0,0,10534912,9498624,,,,19996,42587891,19996,42587891,3274,6923917,411,492,842,6556991,699,5529834,PASS,842,6556991,[],787141875,198706125
18,acknowledgement before verifier,performance-result.json#records/17,2a48b31306ce7dac8d0ae598a78fa7605a193f3d,b8469cb9bf633d754f42fc3fc78bd96eb4dfa0ce,c825cd43318dadcb4cb209bdee3a315320bf4257b4a559c625b904c9b7b584fc,17e9e2ba00615cc147f1bff2d14f80caeec152d1402504dfa847239670699f4f,12bf1648a02983078249fa57a4113bba575df3aa6f8ed77f6524eb52a0ee794af8,1233080b332eca4ada4cd5da21ce269598c4c128540339328926bfa825d0386039,True,null,0,192,249,0,0,0,0,0,384,2483832,29,521,364565,43,1111,0,12,372,0,0,275,2363378,78,513161,197,1850217,0,0,0,0,52,207801,0,0,2,31006,0,0,221,2124571,0,0,32,346519,275,2363378,0,0,52,207801,0,0,2,31006,0,0,24,274354,0,0,0,0,0,0,197,1850217,0,0,0,0,4,733,19,12403,69,166860,127,1091428,56,1091954,0,0,54,238807,186,1482846,31,546007,4,95718,0,0,0,0,0,0,0,0,0,0,0,0,0,0,0,0,0,0,0,0,0,0,0,0,0,0,0,0,0,0,0,0,0,0,0,0,0,0,0,0,0,0,197,1850217,0,0,197,1850217,0,0,1714,2150215,2095367,10746074,1714,16316975,1058,125,206,188,72,65,275,14423499,275,789766,197,5436041,197,97562,54,238807,0,0,0,0,0,0,24,274354,0,0,0,0,78,513161,197,1850217,45154788,21107,10534912,9977856,0,2436,4096,0,0,10534912,9977856,,,,21107,45154788,21107,45154788,1111,2566897,493,521,275,2363378,197,1850217,PASS,275,2363378,[],448527875,94879458
19,acknowledgement before verifier,performance-result.json#records/18,674216eb865e6483f53890fa48f6fc7ae12c4468,c970367fccde5481d77dafe5d079f40cb528bbe7,1b7336cbc04751acd02dd32ec808a07c3d3a02459cc2670de3e00d154bd9c732,9200daab207202f0f4dc9e4c481f9e227f17a945ee30438e00f6acf7c6a4073e,1233080b332eca4ada4cd5da21ce269598c4c128540339328926bfa825d0386039,12f6c17f7a0f455fc61693ce2a9f7495160e388f38ece6c6595aad7609cc24c306,True,null,0,153,199,0,0,0,0,0,306,1903468,21,542,317125,32,780,0,6,292,8,0,193,1662732,37,282629,156,1380103,0,0,0,0,25,158129,0,0,0,0,0,0,168,1504603,0,0,21,344742,193,1662732,10,54123,25,158129,0,0,0,0,0,0,12,124500,0,0,0,0,0,0,156,1380103,0,0,0,0,0,0,22,12195,40,100965,97,892076,34,657496,0,0,25,158129,141,1080152,26,402824,1,21627,0,0,0,0,0,0,0,0,0,0,0,0,0,0,0,0,0,0,0,0,0,0,0,0,0,0,0,0,0,0,0,0,0,0,0,0,0,0,0,0,0,0,156,1380103,0,0,156,1380103,0,0,777,1210544,1185680,6218969,777,8999863,456,110,62,76,50,23,193,10840582,193,557631,156,4601665,156,70470,25,158129,0,0,0,0,0,0,12,124500,0,0,0,0,37,282629,156,1380103,47000827,21887,10534912,10358784,0,2529,4096,0,0,10534912,10358784,,,,21887,47000827,21887,47000827,780,1846039,522,542,193,1662732,156,1380103,PASS,193,1662732,[],344191833,80718458
20,acknowledgement before verifier,performance-result.json#records/19,a2c53a885b0c5ad6e93ea0d53baa9acf44cb68bf,744c3a4477661fe679e931c5b57e42ffb6b93417,d9fd084300458d65e7048585518884352b6f04b456c9f89108ca541dfd859284,d6feaaf4de459bd0307cc03802fac92f83ebaeccb7edeb46f24a9be5adb12fd0,12f6c17f7a0f455fc61693ce2a9f7495160e388f38ece6c6595aad7609cc24c306,12ccd323cf1fa8107a57282672d0ef3dc378ae2656075232b39954726ad3f1f9df,True,null,0,569,670,0,0,0,0,0,1138,5503023,3,545,126228,8,149,0,1104,32,2,0,18,208419,6,88687,12,119732,0,0,0,0,1,13188,0,0,0,0,0,0,17,195231,0,0,692,5589974,18,208419,1,397,1,13188,0,0,0,0,0,0,5,75499,0,0,0,0,0,0,12,119732,0,0,0,0,0,0,0,0,5,11615,9,101217,4,95587,0,0,1,13188,16,166623,1,28608,0,0,0,0,0,0,0,0,0,0,0,0,0,0,0,0,0,0,0,0,0,0,0,0,0,0,0,0,0,0,0,0,0,0,0,0,0,0,0,0,0,0,0,0,12,119732,0,0,12,119732,0,0,2189,2925655,2855607,15350941,2189,20023583,1210,342,287,180,117,53,18,992538,18,61193,12,396543,12,9198,1,13188,0,0,0,0,0,0,5,75499,0,0,0,0,6,88687,12,119732,47301725,22036,10534912,10489856,0,2561,4096,0,0,10534912,10489856,,,,22036,47301725,22036,47301725,149,300898,543,545,18,208419,12,119732,PASS,18,208419,[],738306917,89841416
21,acknowledgement before verifier,performance-result.json#records/20,cc546c4580721a78c0276ffa8723523a74679e6a,6c4991cde965e971e2a4cb2fda542c5128ae8741,0c55c136f2627032221577c77df341da1377aaf20f7aa96436a812fc4e3ee153,baf9764d87e6385d8b8ee21ae0cac14b13a0aeddd119dc389d6d729521304f61,12ccd323cf1fa8107a57282672d0ef3dc378ae2656075232b39954726ad3f1f9df,12848b4db2f2f2bb1bda398709e143252db98c58543409b4e3848c6c3f78d6a37c,True,null,0,531,638,0,0,0,0,0,1062,5530401,8,553,241459,22,745,0,992,68,2,0,50,543020,13,107594,37,435426,0,0,0,0,9,49711,0,0,2,25694,0,0,39,467615,0,0,1108,8368513,50,543020,21,52124,9,49711,0,0,2,25694,0,0,2,32189,0,0,0,0,0,0,37,435426,0,0,0,0,0,0,2,1892,11,26074,22,179774,15,335280,0,0,11,75405,36,406560,3,61055,0,0,0,0,0,0,0,0,0,0,0,0,0,0,0,0,0,0,0,0,0,0,0,0,0,0,0,0,0,0,0,0,0,0,0,0,0,0,0,0,0,0,0,0,37,435426,0,0,37,435426,0,0,2868,4332882,4241106,24786420,2868,30564857,1703,338,285,299,152,91,50,2812585,50,157613,37,1619912,37,50255,11,75405,0,0,0,0,0,0,2,32189,0,0,0,0,13,107594,37,435426,48063324,22781,11583488,10760192,0,2627,4096,0,0,11583488,10760192,,,,22781,48063324,22781,48063324,745,761599,546,553,50,543020,37,435426,PASS,50,543020,[],859603958,174396792
22,acknowledgement before verifier,performance-result.json#records/21,7a29676c010e64ae177e1033536b8eb6ec11b4a7,488da4110cc9e03200dadd225f30e5163664a73c,4b3859ef8d18a18779a2a0ea380db5527f268ddee269875c73716d4e16cc8ff7,c9ca03c8248cc94859d4fe949599bd663962ee37f6071147de2c6194b41ef68a,12848b4db2f2f2bb1bda398709e143252db98c58543409b4e3848c6c3f78d6a37c,126ab61127eddbf91989d463ed49adbb80f50dbe6edb5415bbeb3c7f766dfa82d1,True,null,0,681,842,0,0,0,0,0,1362,7626778,91,644,1450634,113,3808,0,408,942,12,0,936,7931906,415,2586618,521,5345288,0,0,0,0,352,1849042,0,0,15,130385,0,0,569,5952479,0,0,315,1819545,936,7931906,19,106375,352,1849042,0,0,15,130385,0,0,48,607191,0,0,0,0,0,0,521,5345288,0,0,6,288,29,4365,83,51742,234,563804,397,3488459,187,3823248,0,0,367,1979427,448,3695681,116,2138214,5,118584,0,0,0,0,0,0,0,0,0,0,0,0,0,0,0,0,0,0,0,0,0,0,0,0,0,0,0,0,0,0,0,0,0,0,0,0,0,0,0,0,0,0,521,5345288,0,0,521,5345288,0,0,2395,3602670,3526030,22212286,2395,25019391,1462,243,225,230,163,72,936,41199007,936,2248533,521,14284961,521,302722,367,1979427,0,0,0,0,0,0,48,607191,0,0,0,0,415,2586618,521,5345288,56455534,26589,12632064,12492800,0,3050,4096,0,0,12632064,12492800,,,,26589,56455534,26589,56455534,3808,8392210,554,644,936,7931906,521,5345288,PASS,936,7931906,[],1037594417,256108500
23,acknowledgement before verifier,performance-result.json#records/22,f14c576fb771062a4b7a3245a9ec2811a8e4b73f,740e5fd49bd0c48953c382d1a373c5188f2efa1a,5d62bae8006d55d0a06f572436573184898bc6814c573f58e2d6860dd3e9bc2b,9c548f0ed616d89a8b0635fb84118516f14beabfb47fd5c4dc37b96669de8c16,126ab61127eddbf91989d463ed49adbb80f50dbe6edb5415bbeb3c7f766dfa82d1,1236fdc88278d977aeb059d5b4614de25102e143e56224edb2a95e32b5678abea1,True,null,0,590,741,0,0,0,0,0,1180,6900863,5,649,147050,13,199,0,1126,40,14,0,25,235782,3,63027,22,172755,0,0,0,0,0,0,0,0,0,0,0,0,25,235782,0,0,744,6840067,25,235782,13,50981,0,0,0,0,0,0,0,0,3,63027,0,0,0,0,0,0,22,172755,0,0,0,0,1,127,0,0,8,18533,9,65824,7,151298,0,0,0,0,18,87792,7,147990,0,0,0,0,0,0,0,0,0,0,0,0,0,0,0,0,0,0,0,0,0,0,0,0,0,0,0,0,0,0,0,0,0,0,0,0,0,0,0,0,0,0,0,0,22,172755,0,0,22,172755,0,0,2993,4202273,4106497,24546606,2993,33606191,1721,456,255,302,174,85,25,1317041,25,61756,22,702461,22,22432,0,0,0,0,0,0,0,0,3,63027,0,0,0,0,3,63027,22,172755,56828429,26788,13680640,12652544,0,3089,4096,0,0,13680640,12652544,,,,26788,56828429,26788,56828429,199,372895,645,649,25,235782,22,172755,PASS,25,235782,[],925989000,132353917
24,acknowledgement before verifier,performance-result.json#records/23,f2664e91de74b2e8a8fbc6580ddd07ed299d9ce0,286a99e60657a5171ac26c001dcef3e1e4292351,1aefe3d0f4249e3f89aa87159b221586fc4b4fb5a50d40410339515cbb929dff,b8d9c3868c8e4e103878c68399773ccaa0f00d55d0518423183f87cd488a5ac7,1236fdc88278d977aeb059d5b4614de25102e143e56224edb2a95e32b5678abea1,12e43df8f2fc6944a29a97c740ee277e4ee90101ccf921146e0b083fc2d49d3897,True,null,0,734,887,0,0,0,0,0,1468,7426809,17,666,346296,27,562,0,1274,188,6,0,126,1441403,23,262228,103,1179175,0,0,0,0,7,52408,0,0,3,41161,0,0,116,1347834,0,0,793,6309282,126,1441403,5,15941,7,52408,0,0,3,41161,0,0,13,168659,0,0,0,0,0,0,103,1179175,0,0,0,0,2,377,5,2947,17,49919,62,586263,40,801897,0,0,10,93569,90,895820,25,433310,1,18704,0,0,0,0,0,0,0,0,0,0,0,0,0,0,0,0,0,0,0,0,0,0,0,0,0,0,0,0,0,0,0,0,0,0,0,0,0,0,0,0,0,0,103,1179175,0,0,103,1179175,0,0,2212,3549592,3478808,19177494,2212,23723678,1254,335,251,187,111,74,126,7797329,126,459597,103,4410043,103,128557,10,93569,0,0,0,0,0,0,13,168659,0,0,0,0,23,262228,103,1179175,58434178,27350,13680640,13037568,0,3183,4096,0,0,13680640,13037568,,,,27350,58434178,27350,58434178,562,1605749,650,666,126,1441403,103,1179175,PASS,126,1441403,[],845379375,148214209
25,acknowledgement before verifier,performance-result.json#records/24,ba4b802d17192231bf66e8b564d2d3c33f9ed576,0a91d584ee6f157ae94de69231f27f5e5ba1a3f6,1e2a96e4c29773fc581901ee17c41c2b0f351734857e806bb28b4d0f90e3c2df,1be1ad902eb84b60890396d38d80442d2d4a9545adf4143dee8f9a703f5591fe,12e43df8f2fc6944a29a97c740ee277e4ee90101ccf921146e0b083fc2d49d3897,12673093599a2960807ffaff8ea2f7e35953689338e386a45f20bab8a633073de5,True,null,0,713,835,0,0,0,0,0,1426,6684551,13,679,289727,26,575,0,1308,112,6,0,92,1009526,38,346649,54,662877,0,0,0,0,22,151738,0,0,0,0,0,0,70,857788,0,0,899,6545854,92,1009526,10,46694,22,151738,0,0,0,0,0,0,16,194911,0,0,0,0,0,0,54,662877,0,0,0,0,0,0,2,1322,16,38451,47,439243,27,530510,0,0,22,151738,51,519439,17,290585,2,47764,0,0,0,0,0,0,0,0,0,0,0,0,0,0,0,0,0,0,0,0,0,0,0,0,0,0,0,0,0,0,0,0,0,0,0,0,0,0,0,0,0,0,54,662877,0,0,54,662877,0,0,2811,4045454,3955502,22866227,2811,29681831,1774,226,257,244,211,99,92,5407672,92,315249,54,2112456,54,57435,22,151738,0,0,0,0,0,0,16,194911,0,0,0,0,38,346649,54,662877,59627722,27925,13680640,13357056,0,3261,4096,0,0,13680640,13357056,,,,27925,59627722,27925,59627722,575,1193544,667,679,92,1009526,54,662877,PASS,92,1009526,[],928342875,159164333
26,acknowledgement before verifier,performance-result.json#records/25,d4b4a1537de32a6423eaf7f99be60d684d37cbea,e4c352436f6ec32e71880e26eb936772241cf740,c4fc5b88dd5452fe654983c5f4a7093af7a649b08b45e441e33a9f59b6283c01,e0ca8111965d94e0196a2d924b8ecbeafe3b0e323980c149c24e7cc33924bbf3,12673093599a2960807ffaff8ea2f7e35953689338e386a45f20bab8a633073de5,126021b3a476d89267df06d2766fb09aee8acf0d6a3aae3bbf3fdbc3b3cd359203,True,null,0,579,735,0,0,0,0,0,1158,7136074,36,715,556642,49,1371,0,734,412,12,0,283,3254513,62,727294,221,2527219,0,0,0,0,34,394683,0,0,4,17597,0,0,245,2842233,0,0,793,5711039,283,3254513,17,105515,34,394683,0,0,4,17597,0,0,24,315014,0,0,0,0,0,0,221,2527219,0,0,0,0,1,244,5,2215,43,95607,143,1314828,91,1841619,0,0,38,412280,191,1848191,53,972130,1,21912,0,0,0,0,0,0,0,0,0,0,0,0,0,0,0,0,0,0,0,0,0,0,0,0,0,0,0,0,0,0,0,0,0,0,0,0,0,0,0,0,0,0,221,2527219,0,0,221,2527219,0,0,2469,3984852,3905844,23239801,2469,27241454,1393,464,178,166,189,79,283,15431500,283,862291,221,6968990,221,148570,38,412280,0,0,0,0,0,0,24,315014,0,0,0,0,62,727294,221,2527219,63162705,29296,14729216,14008320,0,3420,4096,0,0,14729216,14008320,,,,29296,63162705,29296,63162705,1371,3534983,680,715,283,3254513,221,2527219,PASS,283,3254513,[],906618417,189904875
27,acknowledgement before verifier,performance-result.json#records/26,5767a8d467ea569884a90ee664cbe04008f574cc,5086f6d30defc7162e5c5f4175eb862027188ae0,4c4708a0703216705bdd44ffe86afceb7bbacd998555828bf44a369891fa6c0f,dbf1de9779156ce232cb6c105a8bae9660523d0ce17fc0dba6e712aa24a7c634,126021b3a476d89267df06d2766fb09aee8acf0d6a3aae3bbf3fdbc3b3cd359203,12398665a49aa5206eb2f5c17a056db991e4c78ad9fc0714154fe00eeff89161cd,True,null,0,182,251,0,0,0,0,0,364,3005385,17,732,222303,32,515,0,180,182,2,0,126,1536397,30,293225,96,1243172,0,0,0,0,11,56004,0,0,1,1100,0,0,114,1479293,0,0,141,1536958,126,1536397,1,1223,11,56004,0,0,1,1100,0,0,18,236121,0,0,0,0,0,0,96,1243172,0,0,2,53,2,449,1,884,12,26615,63,586302,46,922094,0,0,12,57104,83,871049,31,608244,0,0,0,0,0,0,0,0,0,0,0,0,0,0,0,0,0,0,0,0,0,0,0,0,0,0,0,0,0,0,0,0,0,0,0,0,0,0,0,0,0,0,0,0,96,1243172,0,0,96,1243172,0,0,948,1534001,1503665,10326718,948,11725337,605,98,69,58,52,66,126,8098370,126,451086,96,2695539,96,34162,12,57104,0,0,0,0,0,0,18,236121,0,0,0,0,30,293225,96,1243172,64887619,29811,14729216,14254080,0,3480,4096,0,0,14729216,14254080,,,,29811,64887619,29811,64887619,515,1724914,716,732,126,1536397,96,1243172,PASS,126,1536397,[],424336000,90508416
28,acknowledgement before verifier,performance-result.json#records/27,18abf871076d66b48014935d27850095ed573eeb,5f3b55bd8a8d4449fb230548ce6646b842391366,0c19852472d9285ec4b60a0d9dc97a9223a20a3ad2f5c539074ae409deabe548,9cb2ffce67a5e19de73f7af39df3799154528d94174e72d18513d01eae83778e,12398665a49aa5206eb2f5c17a056db991e4c78ad9fc0714154fe00eeff89161cd,124c87a8775c9d31a7d42c7406825fef30347ae730af7b07fbec4756f8f2eafaa5,True,null,0,686,851,0,0,0,0,0,1372,7511905,30,762,536930,41,897,0,1030,334,8,0,241,2694332,73,797450,168,1896882,0,0,0,0,19,186210,0,0,8,53635,0,0,214,2454487,0,0,652,5102626,241,2694332,6,16517,19,186210,0,0,8,53635,0,0,46,557605,0,0,0,0,0,0,168,1896882,0,0,0,0,0,0,2,1109,38,97429,131,1219131,70,1376663,0,0,27,239845,171,1811937,43,642550,0,0,0,0,0,0,0,0,0,0,0,0,0,0,0,0,0,0,0,0,0,0,0,0,0,0,0,0,0,0,0,0,0,0,0,0,0,0,0,0,0,0,0,0,168,1896882,0,0,168,1896882,0,0,2573,3853872,3771536,24259542,2573,28519624,1626,205,242,230,156,114,241,14527664,241,794719,168,6690164,168,187791,27,239845,0,0,0,0,0,0,46,557605,0,0,0,0,73,797450,168,1896882,67767344,30708,15777792,14872576,0,3631,4096,0,0,15777792,14872576,,,,30708,67767344,30708,67767344,897,2879725,733,762,241,2694332,168,1896882,PASS,241,2694332,[],937954125,173112959
29,acknowledgement before verifier,performance-result.json#records/28,6c5b276b95e82e5e073459e61a2e38187ffb1447,4baeeb53c7968e31de1ab5ffaf6fd6eeb01db85a,14a587fca490e536ed7fab35ce92c4d7e2e4fc54fbd287559f42cfbbd2091266,e32b5c88abdad3acec237d98fb96c65e8710fb036cddfede0cf9675882229984,124c87a8775c9d31a7d42c7406825fef30347ae730af7b07fbec4756f8f2eafaa5,12e20f70ac888bf2179dc72144f5a2543d3f0a3296176e616cc4c6b30997ecf99e,True,null,0,685,841,0,0,0,0,0,1370,7550953,14,776,327880,30,821,0,1242,120,8,0,94,1207215,23,273153,71,934062,0,0,0,0,11,119496,0,0,0,0,0,0,83,1087719,0,0,1216,8829997,94,1207215,19,106414,11,119496,0,0,0,0,0,0,12,153657,0,0,0,0,0,0,71,934062,0,0,0,0,0,0,0,0,11,26338,48,464681,35,716196,0,0,11,119496,50,477709,31,564536,2,45474,0,0,0,0,0,0,0,0,0,0,0,0,0,0,0,0,0,0,0,0,0,0,0,0,0,0,0,0,0,0,0,0,0,0,0,0,0,0,0,0,0,0,71,934062,0,0,71,934062,0,0,3365,4777593,4669913,28034770,3365,35031599,1969,540,254,231,231,140,94,5986914,94,340940,71,2816332,71,68649,11,119496,0,0,0,0,0,0,12,153657,0,0,0,0,23,273153,71,934062,69229545,31529,15777792,15269888,0,3728,4096,0,0,15777792,15269888,,,,31529,69229545,31529,69229545,821,1462201,763,776,94,1207215,71,934062,PASS,94,1207215,[],1064637042,200520375
30,acknowledgement before verifier,performance-result.json#records/29,e5721393969d581e3d7596544e99f94f4ee11798,24ca28a8bb679d9823b6da8ed2282decbfbb1368,a0bb6ba1c477573b0a6d8cb08c69c42cf0e4f9a8879c8f165c0ef1d2672b9330,49feed1f55104ba3f66441e5ce4379cc4d60564a58efb2b9e61dfdd3801ef37d,12e20f70ac888bf2179dc72144f5a2543d3f0a3296176e616cc4c6b30997ecf99e,1249adfeeda31971d5615ba8eeee85ed387ac17a86966d499a014caf7d31c7ebbd,True,null,0,128,174,0,0,0,0,0,256,1886319,24,800,411589,38,885,0,20,236,0,0,216,1928578,93,641013,123,1287565,0,0,0,0,71,346330,0,0,6,61968,0,0,139,1520280,0,0,51,467235,216,1928578,0,0,71,346330,0,0,6,61968,0,0,16,232715,0,0,0,0,0,0,123,1287565,0,0,0,0,2,407,16,10020,54,134735,102,855682,42,927734,0,0,77,408298,116,1026405,22,473655,1,20220,0,0,0,0,0,0,0,0,0,0,0,0,0,0,0,0,0,0,0,0,0,0,0,0,0,0,0,0,0,0,0,0,0,0,0,0,0,0,0,0,0,0,123,1287565,0,0,123,1287565,0,0,574,1044325,1025957,5813971,574,7556596,362,58,39,50,37,28,216,12245412,216,647598,123,3722708,123,58545,77,408298,0,0,0,0,0,0,16,232715,0,0,0,0,93,641013,123,1287565,71380565,32414,15777792,15765504,0,3849,4096,0,0,15777792,15765504,,,,32414,71380565,32414,71380565,885,2151020,777,800,216,1928578,123,1287565,PASS,216,1928578,[],415593459,96811167
31,acknowledgement before verifier,performance-result.json#records/30,b50e02a2b33eae201e83b016b49aae4e50ab68ea,aa81ce65b1b9e8e91760bfa0c6c3f0f7cb310f71,ba6b9a8b0c593e0afc154d6de708469440924853d1e824c880cf96358382fbb6,2c8e0b898583bec3298d45a3c2a943cb214f80fcb72946746ff9b9d6261a8ead,1249adfeeda31971d5615ba8eeee85ed387ac17a86966d499a014caf7d31c7ebbd,12c864c7f21dfd3c5432b0a10ec538d32f7ea35291fe0b5ac908f6b8f6b30c34a5,True,null,0,381,496,0,0,0,0,0,762,5204114,6,806,136118,16,180,0,718,40,4,0,27,418957,5,84253,22,334704,0,0,0,0,2,7357,0,0,0,0,0,0,25,411600,0,0,490,4857663,27,418957,2,1458,2,7357,0,0,0,0,0,0,3,76896,0,0,0,0,0,0,22,334704,0,0,0,0,0,0,0,0,2,4602,11,112440,14,301915,0,0,2,7357,20,281695,4,107027,1,22878,0,0,0,0,0,0,0,0,0,0,0,0,0,0,0,0,0,0,0,0,0,0,0,0,0,0,0,0,0,0,0,0,0,0,0,0,0,0,0,0,0,0,22,334704,0,0,22,334704,0,0,1700,2631367,2576967,16682602,1700,18703830,1045,219,117,119,110,90,27,1870417,27,111220,22,836293,22,20651,2,7357,0,0,0,0,0,0,3,76896,0,0,0,0,5,84253,22,334704,71964035,32594,16826368,15917056,0,3886,4096,0,0,16826368,15917056,,,,32594,71964035,32594,71964035,180,583470,801,806,27,418957,22,334704,PASS,27,418957,[],578726750,114844250
32,acknowledgement before verifier,performance-result.json#records/31,a9c5d4ee3265499d70791349c07df5ad088a9229,26164f255e276611a279ba64d7cb86908089a3a4,d4464ea9d990e9948fb1c5f8533bd0518f09df35f1ef5eeabb70fd2efac8f9dd,2e0a41d8c94554579992d47203a157ef27c55c500fdc80af2498a6d5938a23cc,12c864c7f21dfd3c5432b0a10ec538d32f7ea35291fe0b5ac908f6b8f6b30c34a5,120111f20021b6e695796cf801f6f791c9029d0466ca286b4b1038f3799366d87c,True,null,0,565,707,0,0,0,0,0,1130,6458119,89,895,1780224,121,3887,0,278,852,0,0,915,7071389,488,3324020,427,3747369,0,0,0,0,418,2695154,0,0,17,167863,0,0,480,4208372,0,0,352,3049004,915,7071389,26,147735,418,2695154,0,0,17,167863,0,0,53,461003,0,0,0,0,0,0,427,3747369,0,0,0,0,8,1567,80,45000,257,670320,439,3648002,131,2706500,0,0,435,2863017,422,3042550,57,1150230,1,15592,0,0,0,0,0,0,0,0,0,0,0,0,0,0,0,0,0,0,0,0,0,0,0,0,0,0,0,0,0,0,0,0,0,0,0,0,0,0,0,0,0,0,427,3747369,0,0,427,3747369,0,0,2044,3188616,3123208,18846560,2044,21753263,1194,332,165,128,127,98,915,42981171,915,2403191,427,12125701,427,258861,435,2863017,0,0,0,0,0,0,53,461003,0,0,0,0,488,3324020,427,3747369,79534038,36481,18923520,17952768,0,4383,4096,0,0,18923520,17952768,,,,36481,79534038,36481,79534038,3887,7570003,807,895,915,7071389,427,3747369,PASS,915,7071389,[],1036543000,257537083
33,acknowledgement before verifier,performance-result.json#records/32,7c55ec9038902fd7a3a2c531927ee93317ea5444,86088968a4cc4d8458b2c93ff294356988f54ca5,14241a8eba9ad03f75a720c6872a2382e2ae7ca7a62e5869b11a6c4dfde93d95,2ef9f6830362c2733054d8cc44dca9dada71e845f1655e79f7abcb518237b7a8,120111f20021b6e695796cf801f6f791c9029d0466ca286b4b1038f3799366d87c,124ea9df5ced41fd3cc83e666221f11afdf6f835f9535dd829df810e2b701b1259,True,null,0,393,542,0,0,0,0,0,786,5754033,57,952,746345,77,2199,0,22,736,28,0,562,5126190,174,1204645,388,3921545,0,0,0,0,112,426197,0,0,3,7514,0,0,447,4692479,0,0,80,928171,562,5126190,18,148479,112,426197,0,0,3,7514,0,0,58,770872,0,0,1,62,0,0,388,3921545,0,0,1,62,5,941,68,39126,113,268845,239,2015449,136,2801767,0,0,115,433711,351,2826969,96,1865510,0,0,0,0,0,0,0,0,0,0,0,0,0,0,0,0,0,0,0,0,0,0,0,0,0,0,0,0,0,0,0,0,0,0,0,0,0,0,0,0,0,0,0,0,389,3921607,0,0,389,3921607,0,0,2225,3370894,3299694,18316459,2225,23443329,1225,455,207,104,126,108,562,27448832,562,1522181,389,10232086,389,157322,115,433711,0,0,0,0,0,0,58,770872,0,0,1,62,174,1204645,388,3921545,85007143,38680,18923520,18890752,0,4612,4096,0,0,18923520,18890752,,,,38680,85007143,38680,85007143,2199,5473105,896,952,562,5126190,388,3921545,PASS,562,5126190,[],715941792,180557000
34,acknowledgement before verifier,performance-result.json#records/33,8044e63e69fc8133f773a99f83024f49dcb2ca4e,535fad773d2e2263bd8f5a36b7bec40097b71034,68e51409e3264f6b707dec7f1cca95292e70e09e8738b54610b9f4254e3067e0,96b0b156d5e52eb0d7d7c2e6c9a33d8be47eb4251a8b32223d8d25d307ffb65d,124ea9df5ced41fd3cc83e666221f11afdf6f835f9535dd829df810e2b701b1259,128d352ab507fef47a3b332b72de5325f21ac10e0b267d64ce1b7573e48c7bb268,True,null,0,479,642,0,0,0,0,0,958,6374639,18,970,432679,37,757,0,784,136,38,0,155,1635656,84,658744,71,976912,0,0,0,0,68,449120,0,0,0,0,0,0,87,1186536,0,0,613,5401439,155,1635656,32,250980,68,449120,0,0,0,0,0,0,16,209624,0,0,0,0,0,0,71,976912,0,0,0,0,4,692,18,9350,25,60914,59,553494,49,1011206,0,0,68,449120,58,635770,28,531795,1,18971,0,0,0,0,0,0,0,0,0,0,0,0,0,0,0,0,0,0,0,0,0,0,0,0,0,0,0,0,0,0,0,0,0,0,0,0,0,0,0,0,0,0,71,976912,0,0,71,976912,0,0,2402,3590510,3513646,19959404,2402,28247034,1361,395,276,122,151,97,155,9362370,155,516161,71,2426959,71,41636,68,449120,0,0,0,0,0,0,16,209624,0,0,0,0,84,658744,71,976912,86884634,39437,19972096,19369984,0,4729,4096,0,0,19972096,19369984,,,,39437,86884634,39437,86884634,757,1877491,953,970,155,1635656,71,976912,PASS,155,1635656,[],875112750,156689917
35,acknowledgement before verifier,performance-result.json#records/34,b6f6c58435fb7fac4f4b69af6767db4b3e2a903e,2d7b5070f8409ad2cbb8f509d128281bef5f7a1c,7c91a381334f2f8fe7b16623459cfc1f6c69b32af96960d9d2986cb1320c0408,030d12d957cbd10cb3b087ff55d2e8e2b35ecff353e7f001c04e7c5e58c997c6,128d352ab507fef47a3b332b72de5325f21ac10e0b267d64ce1b7573e48c7bb268,12468023295a25f7745f7b828e3ed98abc952c6b25340fc6103a7d207a33d711f4,True,null,0,580,767,0,0,0,0,0,1160,7798766,37,1007,594321,58,1454,0,686,430,44,0,327,3295914,117,1011371,210,2284543,0,0,0,0,65,334316,0,0,8,23754,0,0,254,2937844,0,0,626,5462606,327,3295914,34,317942,65,334316,0,0,8,23754,0,0,44,653301,0,0,0,0,0,0,210,2284543,0,0,0,0,3,462,28,17109,64,163135,147,1362928,85,1752280,0,0,73,358070,202,1902192,49,976878,3,58774,0,0,0,0,0,0,0,0,0,0,0,0,0,0,0,0,0,0,0,0,0,0,0,0,0,0,0,0,0,0,0,0,0,0,0,0,0,0,0,0,0,0,210,2284543,0,0,210,2284543,0,0,2283,3525740,3452684,22816641,2283,24764882,1314,379,221,137,109,123,327,16507584,327,929858,210,6289793,210,130647,73,358070,0,0,0,0,0,0,44,653301,0,0,0,0,117,1011371,210,2284543,90494953,40891,21020672,20049920,0,4895,4096,0,0,21020672,20049920,,,,40891,90494953,40891,90494953,1454,3610319,971,1007,327,3295914,210,2284543,PASS,327,3295914,[],939885000,194405958
36,acknowledgement before verifier,performance-result.json#records/35,e29db14566644cc651c02b802a2ad22d06479c9f,e27b8b726950495254acb5fcbd068204609e0b72,7a2e6b4bf1dad1d0fef8b0a256c92ba5a7db21b2b31a3e09cad7006edb6cbbde,3d48666c9b9b4cf388e2a027e7df449ef459ee2aab42aff14fedc75d17c08141,12468023295a25f7745f7b828e3ed98abc952c6b25340fc6103a7d207a33d711f4,127b9787f9bf344538845ae4405f714763123d359b7d7770e643d2542968c2e1ef,True,null,0,123,190,0,0,0,0,0,246,2216931,20,1027,387287,37,723,0,76,170,0,0,177,1652165,77,537674,100,1114491,0,0,0,0,61,330469,0,0,4,5786,0,0,112,1315910,0,0,76,902498,177,1652165,0,0,61,330469,0,0,4,5786,0,0,12,201419,0,0,0,0,0,0,100,1114491,0,0,1,54,2,315,13,9416,49,130490,70,585930,42,925960,0,0,65,336255,88,826130,23,470060,1,19720,0,0,0,0,0,0,0,0,0,0,0,0,0,0,0,0,0,0,0,0,0,0,0,0,0,0,0,0,0,0,0,0,0,0,0,0,0,0,0,0,0,0,100,1114491,0,0,100,1114491,0,0,687,1195242,1173258,7056968,687,8854502,379,100,113,42,30,23,177,8943076,177,486387,100,2936917,100,56780,65,336255,0,0,0,0,0,0,12,201419,0,0,0,0,77,537674,100,1114491,92386024,41614,21020672,20480000,0,5000,4096,0,0,21020672,20480000,,,,41614,92386024,41614,92386024,723,1891071,1008,1027,177,1652165,100,1114491,PASS,177,1652165,[],446917041,100082334
37,acknowledgement before verifier,performance-result.json#records/36,81cdebc5315dc7764d11992c363f88a27a4bdcd9,70ef038141ef9c18e1b0b7aa0bcad63adf7c67fa,5b0526f328e4c2aa9e3e3f1fee41159a0279406f2188ef564010bbce443d9642,1f6129d1bc278c0e238d21dc5f1ebe8beac954a6b2f2a5cf0068b3ebd1d4c50a,127b9787f9bf344538845ae4405f714763123d359b7d7770e643d2542968c2e1ef,1227bdf0ed4f5311482b5b4ec1b511f77e7460c370dab7d5505c09c9092127be6e,True,null,0,316,450,0,0,0,0,0,632,5038305,26,1053,339033,43,685,0,374,242,16,0,193,2523023,32,272384,161,2250639,0,0,0,0,12,57312,0,0,4,28271,0,0,177,2437440,0,0,253,2434732,193,2523023,16,137862,12,57312,0,0,4,28271,0,0,16,186801,0,0,0,0,0,0,161,2250639,0,0,0,0,0,0,4,1936,21,57401,91,904408,77,1559278,0,0,16,85583,114,1281211,62,1136507,1,19722,0,0,0,0,0,0,0,0,0,0,0,0,0,0,0,0,0,0,0,0,0,0,0,0,0,0,0,0,0,0,0,0,0,0,0,0,0,0,0,0,0,0,161,2250639,0,0,161,2250639,0,0,1448,2324179,2277843,15675119,1448,16606228,850,198,155,103,79,63,193,13025294,193,716816,161,5311458,161,104338,16,85583,0,0,0,0,0,0,16,186801,0,0,0,0,32,272384,161,2250639,95131640,42299,21020672,20881408,0,5098,4096,0,0,21020672,20881408,,,,42299,95131640,42299,95131640,685,2745616,1028,1053,193,2523023,161,2250639,PASS,193,2523023,[],610244083,122953708
38,acknowledgement before verifier,performance-result.json#records/37,0289e69ee99f63cbb2149137c78d08fbd314e0fb,6f6a861a7d16a93a2acfa5f7371ffd3865ff9038,38ab79437894ae9c367db69169a24136b7b4a2a3129814b6ff1da83f45105998,d95439b82bded80cb4c2dba66ba94e6e00884d9406eb7c237104ebbef117f85b,1227bdf0ed4f5311482b5b4ec1b511f77e7460c370dab7d5505c09c9092127be6e,12a4d8402dd3577939f03a92110472e5da69969cb1224d38501bd858f032e8b785,True,null,0,676,821,0,0,0,0,0,1352,6751671,10,1063,369263,22,551,0,1266,76,10,0,65,865760,30,395622,35,470138,0,0,0,0,13,161962,0,0,2,17661,0,0,50,686137,0,0,1056,8208893,65,865760,14,17084,13,161962,0,0,2,17661,0,0,15,215999,0,0,0,0,0,0,35,470138,0,0,0,0,0,0,1,468,9,27058,27,295777,28,542457,0,0,15,179623,33,373511,17,312626,0,0,0,0,0,0,0,0,0,0,0,0,0,0,0,0,0,0,0,0,0,0,0,0,0,0,0,0,0,0,0,0,0,0,0,0,0,0,0,0,0,0,0,0,35,470138,0,0,35,470138,0,0,2685,4053581,3967661,22551847,2685,27328565,1445,516,289,241,102,92,65,4738128,65,294727,35,2049250,35,71945,15,179623,0,0,0,0,0,0,15,215999,0,0,0,0,30,395622,35,470138,96172615,42850,22069248,21262336,0,5191,4096,0,0,22069248,21262336,,,,42850,96172615,42850,96172615,551,1040975,1054,1063,65,865760,35,470138,PASS,65,865760,[],1131840500,166423084
39,acknowledgement before verifier,performance-result.json#records/38,0bd5713f805e6abb5633d646ce6539f48c6b27c9,4f9f9cc95e0423fa9791e334d34743277118364f,c89e6de2e6af9842013fa624496a5440f429ca4aa25f0e0a90d3e49d214ad6c0,98da70fc83b6a557ede4d70172f8603a81373b07b7653ace519c75a4bd8d5a74,12a4d8402dd3577939f03a92110472e5da69969cb1224d38501bd858f032e8b785,12275ef5db91457fbbb6488ec84b976383b768e6658c84c342e1fab04c3ddd41a7,True,null,0,705,832,0,0,0,0,0,1410,6716169,30,1093,725278,51,1403,0,1202,202,6,0,253,2827593,125,1280182,128,1547411,0,0,0,0,111,1096359,0,0,5,70288,0,0,137,1660946,0,0,1108,7139446,253,2827593,19,74650,111,1096359,0,0,5,70288,0,0,9,113535,0,0,0,0,0,0,128,1547411,0,0,0,0,2,336,14,9017,44,93031,106,935316,87,1789893,0,0,116,1166647,98,967670,35,610115,4,83161,0,0,0,0,0,0,0,0,0,0,0,0,0,0,0,0,0,0,0,0,0,0,0,0,0,0,0,0,0,0,0,0,0,0,0,0,0,0,0,0,0,0,128,1547411,0,0,128,1547411,0,0,3072,4428158,4329854,23534662,3072,29158751,1754,478,303,244,209,84,253,13952008,253,813200,128,6183787,128,214007,116,1166647,0,0,0,0,0,0,9,113535,0,0,0,0,125,1280182,128,1547411,99292397,44253,23117824,22097920,0,5395,4096,0,0,23117824,22097920,,,,44253,99292397,44253,99292397,1403,3119782,1064,1093,253,2827593,128,1547411,PASS,253,2827593,[],1185257583,233306667
40,acknowledgement before verifier,performance-result.json#records/39,89add445fe7571728f7b19450963a9502c4480c5,0e9f1057ad637677a5734caf72361602fbca4c55,72ae3cb887f5b14b2dde3fbc25c2f2a78ebc4840064f109392ad6a60ed0c7216,f2ad2090c5aa8c9ed0ab714b9d78db2a9ef7046898ab0b53de32c99b870b3fcf,12275ef5db91457fbbb6488ec84b976383b768e6658c84c342e1fab04c3ddd41a7,12dbd1795ccd2667ad85f15c9f410396bdd3a5cb3c3a5d93eaa5a8e6f1cb6c9659,True,null,0,843,1027,0,0,0,0,0,1686,8399451,43,1136,1092901,71,3221,0,1122,534,30,0,583,3438183,303,1496229,280,1941954,0,0,0,0,266,1036397,0,0,12,161174,0,0,305,2240612,0,0,1452,10534468,583,3438183,59,337100,266,1036397,0,0,12,161174,0,0,25,298658,0,0,0,0,0,0,280,1941954,0,0,0,0,2,492,127,78514,239,394257,122,1042647,93,1922273,0,0,278,1197571,259,1280257,43,886111,3,74244,0,0,0,0,0,0,0,0,0,0,0,0,0,0,0,0,0,0,0,0,0,0,0,0,0,0,0,0,0,0,0,0,0,0,0,0,0,0,0,0,0,0,280,1941954,0,0,280,1941954,0,0,4090,5842735,5711855,32472210,4090,39308202,2203,844,418,249,217,159,583,21345881,583,1042732,280,8393042,280,208718,278,1197571,0,0,0,0,0,0,25,298658,0,0,0,0,303,1496229,280,1941954,103253382,47474,24166400,23400448,0,5713,4096,0,0,24166400,23400448,,,,47474,103253382,47474,103253382,3221,3960985,1094,1136,583,3438183,280,1941954,PASS,583,3438183,[],1624454750,323255667
41,acknowledgement before verifier,performance-result.json#records/40,fa433356243c61f71eb20fc2ddc882f70401287b,48007eda3e078cb389a2126c3b2bdf9843a71ee2,3023a6414027ab7f030bd871ad30de5c2bffd75d2d34610981640f431fab1eff,52ecb553874705e007aa59985c76d89b6e64092a83b62577810ba8fed8d2f1a5,12dbd1795ccd2667ad85f15c9f410396bdd3a5cb3c3a5d93eaa5a8e6f1cb6c9659,12dc085f5d796d19b54ed4e0ff7a2890182ad12b2c753c10979c20e59590a0c10e,True,null,0,515,698,0,0,0,0,0,1030,7322223,109,1245,1952036,141,4752,0,6,1010,14,0,1187,9268200,661,3766636,526,5501564,0,0,0,0,551,2505371,0,0,15,144173,0,0,621,6618656,0,0,49,338302,1187,9268200,33,285475,551,2505371,0,0,15,144173,0,0,95,1117092,0,0,0,0,0,0,526,5501564,0,0,0,0,15,2810,142,82055,350,830295,462,3893390,218,4459650,0,0,566,2649544,495,4267383,120,2209891,6,141382,0,0,0,0,0,0,0,0,0,0,0,0,0,0,0,0,0,0,0,0,0,0,0,0,0,0,0,0,0,0,0,0,0,0,0,0,0,0,0,0,0,0,526,5501564,0,0,526,5501564,0,0,2399,3354334,3277566,20422177,2399,25829493,1372,418,198,177,116,118,1187,50539695,1187,2746345,526,15965131,526,348158,566,2649544,0,0,0,0,0,0,95,1117092,0,0,0,0,661,3766636,526,5501564,113157695,52226,26263552,25657344,0,6264,4096,0,0,26263552,25657344,,,,52226,113157695,52226,113157695,4752,9904313,1137,1245,1187,9268200,526,5501564,PASS,1187,9268200,[],1183113083,304901750
42,acknowledgement before verifier,performance-result.json#records/41,1f9633a8cef43cf548e5300e08e99fd3bcc7f9a3,1879717ef0fd40313f945ef09b7573f43979da19,8d8901a57bab17aed830459e64312441c07a31e662386edb26d34ecb26b9d4b0,b7b05b0cb1e835a7fa4ba69384d75dfd44eeca0f6c92c0086965cd3ac90e50ab,12dc085f5d796d19b54ed4e0ff7a2890182ad12b2c753c10979c20e59590a0c10e,126b984b7b11dda9c04a4533a9c9be5879f06caa4607af48539762b385f92b0d52,True,null,0,360,466,0,0,0,0,0,720,4595745,24,1269,437577,43,728,0,426,280,14,0,184,2255011,31,249013,153,2005998,0,0,0,0,11,41190,0,0,0,0,0,0,173,2213821,0,0,281,2213039,184,2255011,17,180327,11,41190,0,0,0,0,0,0,20,207823,0,0,0,0,0,0,153,2005998,0,0,0,0,0,0,7,4173,28,80349,83,773418,66,1397071,0,0,11,41190,141,1551787,27,531290,5,130744,0,0,0,0,0,0,0,0,0,0,0,0,0,0,0,0,0,0,0,0,0,0,0,0,0,0,0,0,0,0,0,0,0,0,0,0,0,0,0,0,0,0,153,2005998,0,0,153,2005998,0,0,2276,3101177,3028345,15553847,2276,21280154,1140,594,216,136,108,82,184,9590089,184,533944,153,5536491,153,148130,11,41190,0,0,0,0,0,0,20,207823,0,0,0,0,31,249013,153,2005998,115676051,52954,26263552,26169344,0,6389,4096,0,0,26263552,26169344,,,,52954,115676051,52954,115676051,728,2518356,1246,1269,184,2255011,153,2005998,PASS,184,2255011,[],768523458,127335083
43,acknowledgement before verifier,performance-result.json#records/42,3bc9eaf629fe9761902beb4bf4f10cfba26ba1e0,128a6f23fb604f1ab6ec551194ca4737732484a9,ffbb5b1bdd5fee129c8f5de73618bfcdb1a34d24b15196b71490bbc4147bfb30,c43bd050fb2971352cb5a6d75b4ec1f2944765d9b629a56e52f36dee24b279a3,126b984b7b11dda9c04a4533a9c9be5879f06caa4607af48539762b385f92b0d52,127781827a559de5dc8c50b627c01fccde80dc3cc426db37b745d33fab7d827a8c,True,null,0,795,1001,0,0,0,0,0,1590,8930692,39,1308,638145,56,1213,0,1150,406,34,0,309,3762462,76,896652,233,2865810,0,0,0,0,20,75817,0,0,13,158678,0,0,276,3527967,0,0,698,5136789,309,3762462,25,177405,20,75817,0,0,13,158678,0,0,42,636818,0,0,1,25339,0,0,233,2865810,0,0,0,0,1,243,13,6957,34,91661,147,1374032,114,2289569,0,0,33,234495,194,2072706,81,1422472,1,32789,0,0,0,0,0,0,0,0,0,0,0,0,0,0,0,0,0,0,0,0,0,0,0,0,0,0,0,0,0,0,0,0,0,0,0,0,0,0,0,0,0,0,234,2891149,0,0,234,2891149,0,0,2656,3903398,3818406,24869264,2656,27852389,1482,469,289,170,131,115,309,18453715,309,1044089,234,8110292,234,174313,33,234495,0,0,0,0,0,0,42,636818,0,0,1,25339,76,896652,233,2865810,119727994,54167,27312128,26894336,0,6566,4096,0,0,27312128,26894336,,,,54167,119727994,54167,119727994,1213,4051943,1270,1308,309,3762462,233,2865810,PASS,309,3762462,[],1092375750,211150667
44,acknowledgement before verifier,performance-result.json#records/43,5fd5c49d361eff279b5b8d4d2ccc33941cf6cb67,13156e72ebd6d37f09b49a409cf825024f6dcfc4,ee76beb014ba17ea8623044095cc1c6fb9a4826896c9439807e30c4f49610d83,9f4e458d15aa7d8fab9b472412a9d0ae2b5d32fb43d22c81ddc3697f4d9706c2,127781827a559de5dc8c50b627c01fccde80dc3cc426db37b745d33fab7d827a8c,12260b348379515d6bec7b471910b1f716ac21800e82eb0e09f3aa6240e17252da,True,null,0,760,969,0,0,0,0,0,1520,8747902,34,1342,690132,62,1608,0,1222,272,26,0,251,3222528,84,835843,167,2386685,0,0,0,0,44,255868,0,0,11,104805,0,0,196,2861855,0,0,1346,7994272,251,3222528,32,98322,44,255868,0,0,11,104805,0,0,29,475170,0,0,0,0,0,0,167,2386685,0,0,0,0,0,0,8,4219,32,96107,116,1179292,95,1942910,0,0,55,360673,117,1353930,78,1475621,1,32304,0,0,0,0,0,0,0,0,0,0,0,0,0,0,0,0,0,0,0,0,0,0,0,0,0,0,0,0,0,0,0,0,0,0,0,0,0,0,0,0,0,0,167,2386685,0,0,167,2386685,0,0,3334,4903450,4796762,27912298,3334,33595088,1698,831,290,249,154,112,251,15822738,251,920272,167,5983239,167,143463,55,360673,0,0,0,0,0,0,29,475170,0,0,0,0,84,835843,167,2386685,123369950,55775,28360704,27701248,0,6763,4096,0,0,28360704,27701248,,,,55775,123369950,55775,123369950,1608,3641956,1309,1342,251,3222528,167,2386685,PASS,251,3222528,[],1403435833,279199416
45,acknowledgement before verifier,performance-result.json#records/44,05aeb243baec91e1e53b9af1ca17a022a269a0dd,98c4595012eb9e0733842033291175d510a712f4,7e1a41601183662f5c42321c4dd05ba7fc75b92f6fbab5716542c4012c504c9c,6fea9854eeca6a676b604e92175506a581919cd2c2c4923f6b7c037b4b807453,12260b348379515d6bec7b471910b1f716ac21800e82eb0e09f3aa6240e17252da,12e18ebd5e235112a3ae875c5799e6a01ef7ae8f04586cba92aa832bbfef445e86,True,null,0,717,923,0,0,0,0,0,1434,8723614,60,1402,999207,93,2482,0,676,744,14,0,593,5042192,203,1345763,390,3696429,0,0,0,0,156,828228,0,0,8,69734,0,0,429,4144230,0,0,601,4943171,593,5042192,28,298582,156,828228,0,0,8,69734,0,0,39,447801,0,0,0,0,0,0,390,3696429,0,0,0,0,4,839,64,33507,157,369954,245,2137785,123,2500107,0,0,164,897962,359,2808856,66,1248976,4,86398,0,0,0,0,0,0,0,0,0,0,0,0,0,0,0,0,0,0,0,0,0,0,0,0,0,0,0,0,0,0,0,0,0,0,0,0,0,0,0,0,0,0,390,3696429,0,0,390,3696429,0,0,2422,4211608,4134104,23544103,2422,27157322,1307,527,189,171,136,92,593,27797341,593,1524579,390,11780921,390,263213,164,897962,0,0,0,0,0,0,39,447801,0,0,0,0,203,1345763,390,3696429,128889739,58257,29409280,28848128,0,7043,4096,0,0,29409280,28848128,,,,58257,128889739,58257,128889739,2482,5519789,1343,1402,593,5042192,390,3696429,PASS,593,5042192,[],1120135000,257633208
46,acknowledgement before verifier,performance-result.json#records/45,454f3ffb2190e9d6c429636b5edc2a8824d6d6bf,e606a7436ba1b9d42061cfa4380c0bcd8e8f8777,c61d7ed1d536e39fa443fafde4f1b7da2d0cfd72c625c8337593ab7bf4dcd198,b117232579342812aa59266a0b82f958a8f733525bdea912b6016e8f306c19bd,12e18ebd5e235112a3ae875c5799e6a01ef7ae8f04586cba92aa832bbfef445e86,124dd9c666d552fa18d285b848621e7b3ce736edc273f5c0ee4eefb62efa14faf3,True,null,0,383,596,0,0,0,0,0,766,7044039,49,1451,716604,76,1433,0,256,496,14,0,413,4760199,114,1183407,299,3576792,0,0,0,0,50,225840,0,0,21,207528,0,0,342,4326831,0,0,212,2215471,413,4760199,23,297325,50,225840,0,0,21,207528,0,0,42,724691,0,0,1,25348,0,0,299,3576792,0,0,0,0,2,320,29,16287,70,188968,171,1673579,141,2881045,0,0,71,433368,238,2301151,100,1948450,4,77230,0,0,0,0,0,0,0,0,0,0,0,0,0,0,0,0,0,0,0,0,0,0,0,0,0,0,0,0,0,0,0,0,0,0,0,0,0,0,0,0,0,0,300,3602140,0,0,300,3602140,0,0,1904,3354681,3293753,19761053,1904,23757994,1081,296,245,96,100,86,413,24887425,413,1411425,300,9875176,300,205382,71,433368,0,0,0,0,0,0,42,724691,0,0,1,25348,114,1183407,299,3576792,134012189,59690,30457856,29687808,0,7248,4096,0,0,30457856,29687808,,,,59690,134012189,59690,134012189,1433,5122450,1403,1451,413,4760199,299,3576792,PASS,413,4760199,[],773482084,186884334
47,acknowledgement before verifier,performance-result.json#records/46,3510ef6b440d1436e9ddc5e5236260df108dcd32,d3cbe76c5259cd3b4332b129b7edb345ed77ddf3,b95c76aebf2be4d4bf0a8f5ff62cf206af7d5ab6f6996141822cec9accbc4be6,1385a688b80470619cde520df73a006850d6146cbddf3d600933740859ca182b,124dd9c666d552fa18d285b848621e7b3ce736edc273f5c0ee4eefb62efa14faf3,12ba0d3203f76113f8a2bf752e1924ff74bae224cd1c8ee64032e85b3cc162b85f,True,null,0,300,397,0,0,0,0,0,600,4199859,43,1494,603183,67,1654,0,12,584,4,0,410,3694332,107,787775,303,2906557,0,0,0,0,75,455886,0,0,1,1470,0,0,334,3236976,0,0,60,938262,410,3694332,3,23540,75,455886,0,0,1,1470,0,0,31,330419,0,0,0,0,0,0,303,2906557,0,0,1,34,4,635,43,26731,102,253425,172,1582810,88,1830697,0,0,76,457356,286,2261588,46,937421,2,37967,0,0,0,0,0,0,0,0,0,0,0,0,0,0,0,0,0,0,0,0,0,0,0,0,0,0,0,0,0,0,0,0,0,0,0,0,0,0,0,0,0,0,303,2906557,0,0,303,2906557,0,0,1326,2030873,1988441,12216216,1326,14500451,767,169,185,83,72,50,410,19306555,410,1061509,303,7048294,303,91790,76,457356,0,0,0,0,0,0,31,330419,0,0,0,0,107,787775,303,2906557,138099938,61344,30457856,30429184,0,7429,4096,0,0,30457856,30429184,,,,61344,138099938,61344,138099938,1654,4087749,1452,1494,410,3694332,303,2906557,PASS,410,3694332,[],705341458,160355083
48,acknowledgement before verifier,performance-result.json#records/47,6c24624a0e624fd54819c40ee76cff976a7fce5b,61d8dbae007e86b29c835042f69ab3f450e66442,797243863391840dd61c08726ffc54f1f68d77e6961bc402d389926a0ba1d4f4,740981255430ee4824c0b1216289cb960b4ed111789ad03380f69e8ca207a10c,12ba0d3203f76113f8a2bf752e1924ff74bae224cd1c8ee64032e85b3cc162b85f,1257d7f80294cbe201642e44b09808cda84f8a9bf8956a5517cb279a8eea8c2b29,True,null,0,186,209,0,0,0,0,0,372,1591692,46,1540,1089969,79,2287,0,0,372,0,0,559,2876147,376,1505833,183,1370314,0,0,0,0,367,1396506,0,0,1,17632,0,0,191,1462009,0,0,17,112051,559,2876147,0,0,367,1396506,0,0,1,17632,0,0,8,91695,0,0,0,0,0,0,183,1370314,0,0,0,0,1,231,179,84518,117,341521,232,1854551,30,595326,0,0,368,1414138,172,1133720,19,328289,0,0,0,0,0,0,0,0,0,0,0,0,0,0,0,0,0,0,0,0,0,0,0,0,0,0,0,0,0,0,0,0,0,0,0,0,0,0,0,0,0,0,0,0,183,1370314,0,0,183,1370314,0,0,619,947730,927922,3642808,619,5852462,305,144,87,45,24,14,559,22102912,559,1365833,183,3234676,183,14697,368,1414138,0,0,0,0,0,0,8,91695,0,0,0,0,376,1505833,183,1370314,141461981,63631,32555008,31682560,0,7735,4096,0,0,32555008,31682560,,,,63631,141461981,63631,141461981,2287,3362043,1495,1540,559,2876147,183,1370314,PASS,559,2876147,[],728404750,147645583
49,acknowledgement before verifier,performance-result.json#records/48,d2b2539f3e3b210a6afa2047603f33910dddcbfc,f967537ae727d9541a0ba48e3762ebec5e68256a,29634b24faf0cd66605dac0e26e45f7eac37cfbc0b0dfed26f04f8cebfc20dc4,ce068e05a7bdaac7e43a89c4f6bb85efec9888a6a82056af04437de5000c7754,1257d7f80294cbe201642e44b09808cda84f8a9bf8956a5517cb279a8eea8c2b29,12e206294ab97e7aaf33ecd7dd5e1d5d05def8f68d79027c260572f36920914bfe,True,null,0,388,571,0,0,0,0,0,776,6360933,36,1576,513346,58,976,0,390,386,0,0,280,3568130,55,755674,225,2812456,0,0,0,0,7,36334,0,0,5,25226,0,0,268,3506570,0,0,298,2829137,280,3568130,0,0,7,36334,0,0,5,25226,0,0,43,694114,0,0,0,0,0,0,225,2812456,0,0,0,0,0,0,9,5245,37,94256,120,1100539,114,2368090,0,0,12,61560,188,1924505,79,1549276,1,32789,0,0,0,0,0,0,0,0,0,0,0,0,0,0,0,0,0,0,0,0,0,0,0,0,0,0,0,0,0,0,0,0,0,0,0,0,0,0,0,0,0,0,225,2812456,0,0,225,2812456,0,0,2034,3579014,3513926,19053936,2034,21232887,989,544,228,123,85,65,280,16430502,280,984817,225,5814832,225,91650,12,61560,0,0,0,0,0,0,43,694114,0,0,0,0,55,755674,225,2812456,145349535,64607,32555008,32264192,0,7877,4096,0,0,32555008,32264192,,,,64607,145349535,64607,145349535,976,3887554,1541,1576,280,3568130,225,2812456,PASS,280,3568130,[],786608583,150343584
50,acknowledgement before verifier,performance-result.json#records/49,d3b59880616e1f054d961216001bb5800422acdc,8cfe12736f92e7d96809bf824604cc81aa19b7f2,9b96ff55df14571c43f0fd3ba569761c4deffc7045fe3fb0b64764b54f5d4ba2,2578564053df6437b9dbfbb1a9292062e06b5afea44b0cc66be8c17b5969659c,12e206294ab97e7aaf33ecd7dd5e1d5d05def8f68d79027c260572f36920914bfe,1215143a947de31c2f3c66232cee711cfa4d01abd4615f7c667db98298711b29b5,True,null,0,665,837,0,0,0,0,0,1330,7231234,80,1656,1368517,125,3561,0,290,988,52,0,886,6438947,357,1900194,529,4538753,0,0,0,0,302,1365671,0,0,4,29165,0,0,580,5044111,0,0,425,2650037,886,6438947,39,154274,302,1365671,0,0,4,29165,0,0,50,505269,0,0,1,89,0,0,529,4538753,0,0,0,0,16,3036,207,112543,157,396556,375,3265386,131,2661426,0,0,306,1394836,496,3544596,83,1478620,1,20895,0,0,0,0,0,0,0,0,0,0,0,0,0,0,0,0,0,0,0,0,0,0,0,0,0,0,0,0,0,0,0,0,0,0,0,0,0,0,0,0,0,0,530,4538842,0,0,530,4538842,0,0,2469,4034163,3955155,21792256,2469,26459686,1309,491,306,170,109,84,886,39477334,886,2329093,530,12613587,530,184922,306,1394836,0,0,0,0,0,0,50,505269,0,0,1,89,357,1900194,529,4538753,152407298,68168,34652160,33878016,0,8271,4096,0,0,34652160,33878016,,,,68168,152407298,68168,152407298,3561,7057763,1577,1656,886,6438947,529,4538753,PASS,886,6438947,[],1366112792,287299167
51,acknowledgement before verifier,performance-result.json#records/50,5e4026d76835adf83d53fe151dfd3ef1695caf8c,324215059ed98149ede7d3ac0c9ec234a2600895,6fec687e0a8a482423d8243e7441c2b9c9e08d38813440e45694a27e6ba6fcb7,561138047563d737669236235595827ce11215c91c732d4ba83e10dc502a3ab7,1215143a947de31c2f3c66232cee711cfa4d01abd4615f7c667db98298711b29b5,122bef693467a7cb729170f0fe97c9b96ebac1b9e767fe9d84e102653b06205ddf,True,null,0,318,416,0,0,0,0,0,636,4068227,48,1704,741863,77,1845,0,14,622,0,0,455,3852812,120,902859,335,2949953,0,0,0,0,91,604874,0,0,6,29052,0,0,358,3218886,0,0,56,828236,455,3852812,0,0,91,604874,0,0,6,29052,0,0,23,268933,0,0,0,0,0,0,335,2949953,0,0,0,0,2,426,57,32817,97,244728,214,1856672,85,1718169,0,0,97,633926,309,2232378,48,958660,1,27848,0,0,0,0,0,0,0,0,0,0,0,0,0,0,0,0,0,0,0,0,0,0,0,0,0,0,0,0,0,0,0,0,0,0,0,0,0,0,0,0,0,0,335,2949953,0,0,335,2949953,0,0,1862,2630792,2571208,13572025,1862,18256505,987,371,210,157,85,52,455,22590832,455,1238782,335,8997969,335,158280,97,633926,0,0,0,0,0,0,23,268933,0,0,0,0,120,902859,335,2949953,156730619,70013,35700736,34770944,0,8489,4096,0,0,35700736,34770944,,,,70013,156730619,70013,156730619,1845,4323321,1657,1704,455,3852812,335,2949953,PASS,455,3852812,[],744468291,165338458
52,acknowledgement before verifier,performance-result.json#records/51,047e48bd8dd89ef3afadd39467ae0726e4fbe3b7,165276d3c02028e9d651e5add28ac2afdfaafa20,8b2393dff0fd3c4520b592657b8da0c9dc2294024607c7f3f20f076ab08c6a09,0f694ccf7f020547c4818d711f5105cc73e145d8f30f57403c160a3aefbcd628,122bef693467a7cb729170f0fe97c9b96ebac1b9e767fe9d84e102653b06205ddf,12ae921e602fc99c4a3fedb1b4cd4fd6810cca027720270b3fc67f4a826e8ccade,True,null,0,397,509,0,0,0,0,0,794,4630046,76,1780,1590491,120,4576,0,20,768,6,0,989,5095881,607,2160912,382,2934969,0,0,0,0,558,1634205,0,0,4,41172,0,0,427,3420504,0,0,75,1111899,989,5095881,10,57529,558,1634205,0,0,4,41172,0,0,44,472443,0,0,1,13092,0,0,382,2934969,0,0,0,0,10,2063,290,139534,251,602769,357,2733613,81,1617902,0,0,562,1675377,374,2464044,52,938774,1,17686,0,0,0,0,0,0,0,0,0,0,0,0,0,0,0,0,0,0,0,0,0,0,0,0,0,0,0,0,0,0,0,0,0,0,0,0,0,0,0,0,0,0,383,2948061,0,0,383,2948061,0,0,3212,3621367,3518583,18054624,3212,33867213,1850,460,369,239,173,121,989,36122895,989,2064726,383,8449201,383,127802,562,1675377,0,0,0,0,0,0,44,472443,0,0,1,13092,607,2160912,382,2934969,162591144,74589,36749312,36655104,0,8949,4096,0,0,36749312,36655104,,,,74589,162591144,74589,162591144,4576,5860525,1705,1780,989,5095881,382,2934969,PASS,989,5095881,[],1167544458,256513208
53,acknowledgement before verifier,performance-result.json#records/52,89d4643c26e964f5363c0bce38ae82300b86756a,ab2e8b000dfeac17ebc96a0f178e723295f45872,b8d074047df5c3cec6a420d25bc9ff9b1287e4f7b3015db7bc77758d08a5add5,d8c72515aad4a01c6d8aceffbfd29b460303c94a743e2c923faa225e7c6e68a4,12ae921e602fc99c4a3fedb1b4cd4fd6810cca027720270b3fc67f4a826e8ccade,12868cd8f3de6a732fcd7735ba8a7d641d28dff2c2410c5ee581e8c2e5c2c58597,True,null,0,410,494,0,0,0,0,0,820,3969126,13,1793,376644,37,397,0,748,72,0,0,86,979758,32,215739,54,764019,0,0,0,0,22,95815,0,0,3,30467,0,0,61,853476,0,0,479,3284734,86,979758,0,0,22,95815,0,0,3,30467,0,0,7,89457,0,0,0,0,0,0,54,764019,0,0,0,0,0,0,9,5764,18,50677,26,217858,33,705459,0,0,25,126282,40,423597,21,429879,0,0,0,0,0,0,0,0,0,0,0,0,0,0,0,0,0,0,0,0,0,0,0,0,0,0,0,0,0,0,0,0,0,0,0,0,0,0,0,0,0,0,0,0,54,764019,0,0,54,764019,0,0,3220,4432759,4329719,17181147,3220,26509240,1491,958,344,220,121,86,86,4664456,86,284627,54,2052875,54,59825,25,126282,0,0,0,0,0,0,7,89457,0,0,0,0,32,215739,54,764019,163922928,74986,37797888,37060608,0,9048,4096,0,0,37797888,37060608,,,,74986,163922928,74986,163922928,397,1331784,1781,1793,86,979758,54,764019,PASS,86,979758,[],958775916,130342292
54,acknowledgement before verifier,performance-result.json#records/53,ac792bfd78a62621c7624270e412edb05203d5f7,b588afd298f6c2909a36631e47b06a48e6e39223,ff5c4872358ff2f213924935e90927def53d5ca9378d0c04020b1103d3c7eeff,73078a3a49db229ac720f860d9e2d7908c8a69510e1911b2fbfc20c78a81ba8a,12868cd8f3de6a732fcd7735ba8a7d641d28dff2c2410c5ee581e8c2e5c2c58597,1228e9aca2d99cf5c77e1f72e844de51a633c504b21094965bdde08c24efb7c05e,True,null,0,283,423,0,0,0,0,0,566,4743929,19,1812,392617,46,545,0,374,186,6,0,138,1699611,32,386175,106,1313436,0,0,0,0,6,21732,0,0,2,5038,0,0,130,1672841,0,0,304,3149418,138,1699611,6,56353,6,21732,0,0,2,5038,0,0,24,359405,0,0,0,0,0,0,106,1313436,0,0,0,0,0,0,12,6015,17,48510,54,486928,55,1158158,0,0,8,26770,85,745266,42,858286,3,69289,0,0,0,0,0,0,0,0,0,0,0,0,0,0,0,0,0,0,0,0,0,0,0,0,0,0,0,0,0,0,0,0,0,0,0,0,0,0,0,0,0,0,106,1313436,0,0,106,1313436,0,0,1587,2677622,2626838,15473874,1587,18292127,915,245,162,113,81,71,138,8657166,138,523251,106,3267915,106,60642,8,26770,0,0,0,0,0,0,24,359405,0,0,0,0,32,386175,106,1313436,165970684,75531,37797888,37486592,0,9152,4096,0,0,37797888,37486592,,,,75531,165970684,75531,165970684,545,2047756,1794,1812,138,1699611,106,1313436,PASS,138,1699611,[],743702000,135159750
55,acknowledgement before verifier,performance-result.json#records/54,d8ce036295b590968f98e1a21df161d4d69b7826,7ae95006932cf43173b0e002d6ad4e902ad9b722,6a05f544a854dfe5b10eb119b9defe161f02f686fc2fd6be30a60f1f18c1ffa7,536af3eac75af7c1e0c4e000829255a364a852f9797888d0e3d856f972064563,1228e9aca2d99cf5c77e1f72e844de51a633c504b21094965bdde08c24efb7c05e,12224b1d7856249658ff27e267a988a9bcf44b762248dd2eaac91ed1587df4927c,True,null,0,731,901,0,0,0,0,0,1462,7807170,93,1905,2019742,148,4825,0,552,898,12,0,1026,6948561,572,2997958,454,3950603,0,0,0,0,496,2121414,0,0,7,17080,0,0,523,4810067,0,0,822,3995569,1026,6948561,26,190908,496,2121414,0,0,7,17080,0,0,69,859464,0,0,0,0,0,0,454,3950603,0,0,0,0,6,1031,206,104091,250,668579,429,3471037,135,2703823,0,0,503,2138494,437,3153671,84,1610728,2,45668,0,0,0,0,0,0,0,0,0,0,0,0,0,0,0,0,0,0,0,0,0,0,0,0,0,0,0,0,0,0,0,0,0,0,0,0,0,0,0,0,0,0,454,3950603,0,0,454,3950603,0,0,3170,4800076,4698636,24296810,3170,30302577,1629,787,254,249,127,124,1026,43601881,1026,2566589,454,12060667,454,239456,503,2138494,0,0,0,0,0,0,69,859464,0,0,0,0,572,2997958,454,3950603,173777601,80356,39895040,39825408,0,9723,4096,0,0,39895040,39825408,,,,80356,173777601,80356,173777601,4825,7806917,1813,1905,1026,6948561,454,3950603,PASS,1026,6948561,[],1574965292,365703875
56,acknowledgement before verifier,performance-result.json#records/55,2d2bf871920a2981dd77d16897136ec23844fc6b,34c224f8013e791283251f860432a588f5fb0ca1,c967b4b67774981cb976302273ad82a2b6d1dfb58684e8904da4ab7da04f082e,a8ea3c47c2338055dfe171ce19444753b5db05bef2d0e256894ba0f1de282e2c,12224b1d7856249658ff27e267a988a9bcf44b762248dd2eaac91ed1587df4927c,12054619c8dee5790a436ca3d4dc4852f2055e80def27568d4132eeb58e2e73e9d,True,null,0,826,1040,0,0,0,0,0,1652,9226963,17,1922,422180,42,668,0,1452,188,12,0,138,1321250,42,309871,96,1011379,0,0,0,0,20,82185,0,0,1,19244,0,0,117,1219821,0,0,1078,8296539,138,1321250,19,197633,20,82185,0,0,1,19244,0,0,21,208442,0,0,0,0,0,0,96,1011379,0,0,0,0,0,0,12,6389,39,90331,52,466133,35,758397,0,0,21,101429,92,687174,25,532647,0,0,0,0,0,0,0,0,0,0,0,0,0,0,0,0,0,0,0,0,0,0,0,0,0,0,0,0,0,0,0,0,0,0,0,0,0,0,0,0,0,0,0,0,96,1011379,0,0,96,1011379,0,0,4035,5705717,5576597,28871744,4035,38773422,2103,926,396,269,195,146,138,6900173,138,368953,96,2445875,96,36873,21,101429,0,0,0,0,0,0,21,208442,0,0,0,0,42,309871,96,1011379,175499310,81024,40943616,40308736,0,9841,4096,0,0,40943616,40308736,,,,81024,175499310,81024,175499310,668,1721709,1906,1922,138,1321250,96,1011379,PASS,138,1321250,[],1552219042,249388916
57,acknowledgement before verifier,performance-result.json#records/56,6b4c26a1b9e480bf21add84d043848a029b13672,6e8e1984ea0a33f9c9dbb56b43b04c2cb049b5e5,f0b0c4d1e8a00351489fcce2e883bd758fbe716e382ef7584501f2023ea1a449,45c6a3a3a5af4da681765e4161ae936e30dd0ff7cdb4118a922ef2b613d030e6,12054619c8dee5790a436ca3d4dc4852f2055e80def27568d4132eeb58e2e73e9d,12b5c6e7991d7e9793763c242e74582b78a564b2a6137a1904ced1e8d8ecb1db85,True,null,0,999,1246,0,0,0,0,0,1998,11073100,51,1973,916908,84,1669,0,1368,616,14,0,430,4851933,101,1397788,329,3454145,0,0,0,0,29,419132,0,0,0,0,0,0,401,4432801,0,0,983,7829030,430,4851933,25,271399,29,419132,0,0,0,0,0,0,72,978656,0,0,0,0,0,0,329,3454145,0,0,0,0,1,123,38,18633,59,164686,197,1874186,135,2794305,0,0,29,419132,312,2851391,81,1411753,8,169657,0,0,0,0,0,0,0,0,0,0,0,0,0,0,0,0,0,0,0,0,0,0,0,0,0,0,0,0,0,0,0,0,0,0,0,0,0,0,0,0,0,0,329,3454145,0,0,329,3454145,0,0,3988,5937447,5809831,35801486,3988,40504322,2216,732,412,263,182,183,430,24660081,430,1457315,329,10381177,329,226241,29,419132,0,0,0,0,0,0,72,978656,0,0,0,0,101,1397788,329,3454145,180806177,82693,41992192,41349120,0,10095,4096,0,0,41992192,41349120,,,,82693,180806177,82693,180806177,1669,5306867,1923,1973,430,4851933,329,3454145,PASS,430,4851933,[],1504029084,300677833
58,acknowledgement before verifier,performance-result.json#records/57,355975fbd5a95839826e934719d679da7af61205,d4ae25fb79b04cb2876f77cc96ba3061f0b3907b,abe60c876f1ff62a29758896c535c24ed9b970ee3d75b73b683ff8373edc2626,02fa13ee22eb1ff79c422bf185fc8c67361644d7e8f8bea295e213e0c174c9c0,12b5c6e7991d7e9793763c242e74582b78a564b2a6137a1904ced1e8d8ecb1db85,1281631356242df6762893c60ae331d314715d83ba2750042f6e47b257ee7684e8,True,null,0,1308,1592,0,0,0,0,0,2616,12795240,81,2054,1750335,141,3831,0,1746,816,54,0,767,7059961,314,2278859,453,4781102,0,0,0,0,236,1286736,0,0,15,92054,0,0,516,5681171,0,0,2060,10528680,767,7059961,56,206636,236,1286736,0,0,15,92054,0,0,62,898698,0,0,1,1371,0,0,453,4781102,0,0,0,0,0,0,115,60683,139,330340,338,3079576,175,3589362,0,0,251,1378790,389,3208210,121,2317791,6,155170,0,0,0,0,0,0,0,0,0,0,0,0,0,0,0,0,0,0,0,0,0,0,0,0,0,0,0,0,0,0,0,0,0,0,0,0,0,0,0,0,0,0,454,4782473,0,0,454,4782473,0,0,6509,9371176,9162888,45337199,6509,58539263,3318,1548,675,459,311,198,767,40908599,767,2365654,454,14496453,454,347105,251,1378790,0,0,0,0,0,0,62,898698,0,0,1,1371,314,2278859,453,4781102,188665197,86524,44089344,43388928,0,10593,4096,0,0,44089344,43388928,,,,86524,188665197,86524,188665197,3831,7859020,1974,2054,767,7059961,453,4781102,PASS,767,7059961,[],2265063625,590582209
59,acknowledgement before verifier,performance-result.json#records/58,63623a87e349ba16f16ff4d1108c6e8dfd1279c8,16202e2cebce32601e228b1c982b9bc1c5490cb4,b254e89bcadefaafd53ee26e9fa8de193a773e7294fc38a6530ba71f2fde5992,15a76debaef31fbaccd7dd6de2b813ef20e55d7a9e007a6c451c98add4d05f4c,1281631356242df6762893c60ae331d314715d83ba2750042f6e47b257ee7684e8,128e363df3ff0c3b82a0d50fa243bc4533fa8830c4fa05336735993cfc14c78691,True,null,0,483,676,0,0,0,0,0,966,7128228,11,2065,323918,37,291,0,896,70,0,0,57,810926,10,168152,47,642774,0,0,0,0,0,0,0,0,0,0,0,0,57,810926,0,0,637,6445828,57,810926,0,0,0,0,0,0,0,0,0,0,10,168152,0,0,0,0,0,0,47,642774,0,0,0,0,0,0,7,3299,5,11967,14,142790,31,652870,0,0,0,0,35,386572,22,424354,0,0,0,0,0,0,0,0,0,0,0,0,0,0,0,0,0,0,0,0,0,0,0,0,0,0,0,0,0,0,0,0,0,0,0,0,0,0,0,0,0,0,0,0,47,642774,0,0,47,642774,0,0,2497,4011744,3931840,23231171,2497,25354603,1438,418,206,178,152,105,57,3461883,57,218858,47,1617040,47,40063,0,0,0,0,0,0,0,0,10,168152,0,0,0,0,10,168152,47,642774,189860099,86815,44089344,43745280,0,10680,4096,0,0,44089344,43745280,,,,86815,189860099,86815,189860099,291,1194902,2055,2065,57,810926,47,642774,PASS,57,810926,[],703844334,151598958
60,acknowledgement before verifier,performance-result.json#records/59,6c6dd37d4f93d0c829642d0c2ba1a649f56b9bec,e2ae66e0c6986962fef520ba97e2b0bc9c4bd7f3,dffeed80e6ce432f37a7091267a0cab1e63d70f781460e9ef146ca351e382709,9a3a61f0e2e4264dded15678b6dfbe0ad4fef13c24ffa2cf9b74170620a27c77,128e363df3ff0c3b82a0d50fa243bc4533fa8830c4fa05336735993cfc14c78691,12fec4462ec78d09850fcd90f002d2e8fcefdb23377f27f279ea63534b071d9be2,True,null,0,778,1017,0,0,0,0,0,1556,9759856,71,2136,1339561,115,3110,0,750,802,4,0,756,5725470,330,1886137,426,3839333,0,0,0,0,275,1196837,0,0,4,35308,0,0,477,4493325,0,0,588,5404993,756,5725470,4,49140,275,1196837,0,0,4,35308,0,0,51,653992,0,0,0,0,0,0,426,3839333,0,0,1,43,6,866,137,71518,184,451037,289,2373387,139,2828619,0,0,279,1232145,384,2621754,88,1765233,5,106338,0,0,0,0,0,0,0,0,0,0,0,0,0,0,0,0,0,0,0,0,0,0,0,0,0,0,0,0,0,0,0,0,0,0,0,0,0,0,0,0,0,0,426,3839333,0,0,426,3839333,0,0,2698,4764523,4678187,27177429,2698,29035790,1587,412,211,207,162,119,756,33281270,756,1973646,426,11808160,426,256841,279,1232145,0,0,0,0,0,0,51,653992,0,0,0,0,330,1886137,426,3839333,196264869,89925,46186496,45314048,0,11063,4096,0,0,46186496,45314048,,,,89925,196264869,89925,196264869,3110,6404770,2066,2136,756,5725470,426,3839333,PASS,756,5725470,[],1061448292,294133959
61,acknowledgement before verifier,performance-result.json#records/60,cd88a339fa885be82194e1881f49bf8be46190fe,a0cd906bf39a1e23f97b6ff8c8af50ab223589d8,7c9299bf3b5f309c23c980595e03425ddc5aa9fbef6c5ecf1d0c70aa90e309df,d0ea56f62486a4092b944c6dc675e9679736baa1219636694f1f1fb71fb6c374,12fec4462ec78d09850fcd90f002d2e8fcefdb23377f27f279ea63534b071d9be2,122c389abf8dd48884815f3c880f382dbc9e686d30de33fafd6b8f143d9ff6a169,True,null,0,283,359,0,0,0,0,0,566,3295869,36,2172,525806,71,1401,0,18,548,0,0,342,2692711,60,410020,282,2282691,0,0,0,0,32,92880,0,0,1,1314,0,0,309,2598517,0,0,49,696038,342,2692711,0,0,32,92880,0,0,1,1314,0,0,27,315826,0,0,0,0,0,0,282,2282691,0,0,0,0,1,223,53,29086,60,150872,170,1387488,58,1125042,0,0,33,94194,269,1925840,40,672677,0,0,0,0,0,0,0,0,0,0,0,0,0,0,0,0,0,0,0,0,0,0,0,0,0,0,0,0,0,0,0,0,0,0,0,0,0,0,0,0,0,0,0,0,282,2282691,0,0,282,2282691,0,0,1521,2363186,2314514,10968132,1521,14612339,805,335,154,82,93,52,342,16155129,342,998552,282,6595536,282,100281,33,94194,0,0,0,0,0,0,27,315826,0,0,0,0,60,410020,282,2282691,199444046,91326,46186496,45957120,0,11220,4096,0,0,46186496,45957120,,,,91326,199444046,91326,199444046,1401,3179177,2137,2172,342,2692711,282,2282691,PASS,342,2692711,[],659289083,131216542
62,acknowledgement before verifier,performance-result.json#records/61,384535f0ae946c6b8650cf6b2f5d6c9baaa34b53,98d28363b6fdadd0d15abf8ec721a874c26837ab,d955e3b7a48ad6105c3982d6aab7cd8c9de0e4304ee150e5c179d9a7c81a5882,8a3d659c0f5997fbf937303ae908359b054e97cb76700fed8bb38760f442417f,122c389abf8dd48884815f3c880f382dbc9e686d30de33fafd6b8f143d9ff6a169,123af30a376d5fd59875b2e517cc838934f987231c19173878bc3064ec09b54489,True,null,0,551,756,0,0,0,0,0,1102,7860042,59,2231,676021,93,1618,0,412,688,2,0,473,5644234,79,927028,394,4717206,0,0,0,0,6,23343,0,0,3,2746,0,0,464,5618145,0,0,290,2208998,473,5644234,3,49035,6,23343,0,0,3,2746,0,0,70,900939,0,0,0,0,0,0,394,4717206,0,0,0,0,0,0,21,12013,53,143178,240,2227843,159,3261200,0,0,9,26089,329,3118635,132,2426045,3,73465,0,0,0,0,0,0,0,0,0,0,0,0,0,0,0,0,0,0,0,0,0,0,0,0,0,0,0,0,0,0,0,0,0,0,0,0,0,0,0,0,0,0,394,4717206,0,0,394,4717206,0,0,2462,4027716,3948932,23949176,2462,26327804,1433,348,285,157,122,117,473,27224375,473,1618199,394,9868574,394,131402,9,26089,0,0,0,0,0,0,70,900939,0,0,0,0,79,927028,394,4717206,205559847,92944,47235072,46764032,0,11417,4096,0,0,47235072,46764032,,,,92944,205559847,92944,205559847,1618,6115801,2173,2231,473,5644234,394,4717206,PASS,473,5644234,[],880808958,219646750
63,acknowledgement before verifier,performance-result.json#records/62,e5218217c35cc254c3efc15354e544ef5a85dc88,8d53db4900f932dfe671095021e86c48e81d5d42,e6ea3c55e1ca999b6b3e413a2b8a715fadb5a9b94a39a370d82a7706249f179b,724c60ff7bcc3ef4097dea8eb8d87f8b61f0f2b874bad9aaa471fa7cf50e6440,123af30a376d5fd59875b2e517cc838934f987231c19173878bc3064ec09b54489,120a68f6f5db32f18684a05ac7b61b1f7d1812173d6ed11761834bca57417ead3d,True,null,0,476,639,0,0,0,0,0,952,6440562,52,2283,822150,91,1879,0,296,656,0,0,472,4452293,133,1081488,339,3370805,0,0,0,0,74,368225,0,0,4,7463,0,0,394,4076605,0,0,260,2402164,472,4452293,0,0,74,368225,0,0,4,7463,0,0,55,705800,0,0,0,0,0,0,339,3370805,0,0,0,0,0,0,71,38905,77,184147,208,1872583,116,2356658,0,0,78,375688,311,2467245,78,1520332,5,89028,0,0,0,0,0,0,0,0,0,0,0,0,0,0,0,0,0,0,0,0,0,0,0,0,0,0,0,0,0,0,0,0,0,0,0,0,0,0,0,0,0,0,339,3370805,0,0,339,3370805,0,0,1973,3348293,3285157,19760671,1973,20723112,1207,196,231,136,108,95,472,24291791,472,1465653,339,8609262,339,137506,78,375688,0,0,0,0,0,0,55,705800,0,0,0,0,133,1081488,339,3370805,210552557,94823,48283648,47718400,0,11650,4096,0,0,48283648,47718400,,,,94823,210552557,94823,210552557,1879,4992710,2232,2283,472,4452293,339,3370805,PASS,472,4452293,[],758688958,251692250
64,acknowledgement before verifier,performance-result.json#records/63,987ecc2ec2ab51737a57b8f49d9f233dc0d1b69b,4a9696881eb369ac6280ddeaa91d95c2c0d67157,03ac88906ee8d8ea4f44e42dacd36b2a9bd35495deab07a273c74b68d5d4da75,22d5ecea1eb45f8b31fd6aa326912c231475e9c01e3de67d401cd16ee1140035,120a68f6f5db32f18684a05ac7b61b1f7d1812173d6ed11761834bca57417ead3d,1203d8a9c03f8c876e7a13b45ec254dd7ea7cc6cd68910ab4a6b5c2dcc2be58b55,True,null,0,754,1001,0,0,0,0,0,1508,10004286,15,2298,384498,40,604,0,1358,146,4,0,129,1065027,52,262805,77,802222,0,0,0,0,39,102573,0,0,1,730,0,0,89,961724,0,0,919,9057122,129,1065027,11,128267,39,102573,0,0,1,730,0,0,12,159502,0,0,0,0,0,0,77,802222,0,0,0,0,0,0,18,9432,39,90995,46,394085,26,570515,0,0,40,103303,69,579205,17,328443,3,54076,0,0,0,0,0,0,0,0,0,0,0,0,0,0,0,0,0,0,0,0,0,0,0,0,0,0,0,0,0,0,0,0,0,0,0,0,0,0,0,0,0,0,77,802222,0,0,77,802222,0,0,3145,5157276,5056636,30076925,3145,33312499,1840,436,338,226,170,135,129,5806667,129,319527,77,2253252,77,48162,40,103303,0,0,0,0,0,0,12,159502,0,0,0,0,52,262805,77,802222,212016611,95427,48283648,48152576,0,11756,4096,0,0,48283648,48152576,,,,95427,212016611,95427,212016611,604,1464054,2284,2298,129,1065027,77,802222,PASS,129,1065027,[],1247337042,236137833
65,acknowledgement before verifier,performance-result.json#records/64,c5d4f1b7e6d0c70ecbe1055c71cd38615b5ee69a,6bd32ffa2b569b555a5990fedfb34f263731a713,176ab5785a6ee271e3c3dc62dd96de0ef141726bdb5d92f7079797ca067341e1,183ad2cf38121915fa9f82b20206ea7e7e89a9c9cbff565787b1387f4747bd50,1203d8a9c03f8c876e7a13b45ec254dd7ea7cc6cd68910ab4a6b5c2dcc2be58b55,121a9b91b08ef5736c9a16eddba3d9ebedc24d8155fa5013089134c8bf85f08a2c,True,null,0,716,971,0,0,0,0,0,1432,10015890,6,2304,255646,33,231,0,1412,18,2,0,9,69366,0,0,9,69366,0,0,0,0,0,0,0,0,0,0,0,0,9,69366,0,0,1056,10328476,9,69366,3,49035,0,0,0,0,0,0,0,0,0,0,0,0,0,0,0,0,9,69366,0,0,0,0,0,0,1,439,0,0,7,48515,1,20412,0,0,0,0,8,48954,1,20412,0,0,0,0,0,0,0,0,0,0,0,0,0,0,0,0,0,0,0,0,0,0,0,0,0,0,0,0,0,0,0,0,0,0,0,0,0,0,0,0,0,0,0,0,9,69366,0,0,9,69366,0,0,2936,4781784,4687832,29934407,2936,31078042,1785,317,300,248,155,131,9,416959,9,21081,9,181835,9,1637,0,0,0,0,0,0,0,0,0,0,0,0,0,0,0,0,9,69366,212507421,95658,49332224,48422912,0,11822,4096,0,0,49332224,48422912,,,,95658,212507421,95658,212507421,231,490810,2299,2304,9,69366,9,69366,PASS,9,69366,[],1054943875,222541417
66,acknowledgement before verifier,performance-result.json#records/65,714090bb4d7ba380502f01bc61984fb997a2802b,277823b6d7a3fe302e383b40e07b633f92fd3016,102d28f9a9330cc3e726ad946748829be87cb9b496822a07128fbdb341203c04,0ec420b31411296f61c54b6a83ef0eb7fb030bdea8dc00c635032e1add17a08f,121a9b91b08ef5736c9a16eddba3d9ebedc24d8155fa5013089134c8bf85f08a2c,12b52a98e0bfbafd2c56cd979a878dd3a268952b905207a86dcd50414dec5cb294,True,null,0,1311,1602,0,0,0,0,0,2622,13342393,22,2326,553288,54,815,0,2394,224,4,0,162,1622694,45,361711,117,1260983,0,0,0,0,27,154014,0,0,0,0,0,0,135,1468680,0,0,1587,12429025,162,1622694,19,196320,27,154014,0,0,0,0,0,0,18,207697,0,0,0,0,0,0,117,1260983,0,0,0,0,0,0,13,6195,35,95829,71,643920,43,876750,0,0,27,154014,110,980425,24,478270,1,9985,0,0,0,0,0,0,0,0,0,0,0,0,0,0,0,0,0,0,0,0,0,0,0,0,0,0,0,0,0,0,0,0,0,0,0,0,0,0,0,0,0,0,117,1260983,0,0,117,1260983,0,0,4226,6816827,6681595,38728968,4226,43433712,2358,764,401,320,215,168,162,8597742,162,502216,117,3830622,117,99368,27,154014,0,0,0,0,0,0,18,207697,0,0,0,0,45,361711,117,1260983,214604498,96473,49332224,49037312,0,11972,4096,0,0,49332224,49037312,,,,96473,214604498,96473,214604498,815,2097077,2305,2326,162,1622694,117,1260983,PASS,162,1622694,[],1840184625,333235250
67,acknowledgement before verifier,performance-result.json#records/66,e8c265a337f3527a8fa78b70d37c3006e475a528,5fa1a4e20ed4db9aef7fad1c30dfb553f706ff56,bf4ede88d24ca00e98422d64b17842534899e75e22092dbaf2f186221965dcaa,f053e6496151c60b407b66c45dccfa1ad010a8397d3a5661c704a8686ca3112f,12b52a98e0bfbafd2c56cd979a878dd3a268952b905207a86dcd50414dec5cb294,12698b42f5a1b5d6353335097daebc0dc47ae62f1199a54e121818ef343e6d659f,True,null,0,1442,1771,0,0,0,0,0,2884,15053932,60,2386,1198714,104,2879,0,2154,724,6,0,626,4909508,251,1541985,375,3367523,0,0,0,0,192,830122,0,0,16,133508,0,0,418,3945878,0,0,1818,12903994,626,4909508,13,95458,192,830122,0,0,16,133508,0,0,43,578355,0,0,0,0,0,0,375,3367523,0,0,0,0,9,1508,78,44471,195,455699,229,2022069,115,2385761,0,0,208,963630,363,2825101,52,1035415,3,85362,0,0,0,0,0,0,0,0,0,0,0,0,0,0,0,0,0,0,0,0,0,0,0,0,0,0,0,0,0,0,0,0,0,0,0,0,0,0,0,0,0,0,375,3367523,0,0,375,3367523,0,0,5509,8244531,8068243,46266102,5509,51868650,3152,868,557,419,295,218,626,27974884,626,1569337,375,11184767,375,263336,208,963630,0,0,0,0,0,0,43,578355,0,0,0,0,251,1541985,375,3367523,220204315,99352,50380800,50372608,0,12298,4096,0,0,50380800,50372608,,,,99352,220204315,99352,220204315,2879,5599817,2327,2386,626,4909508,375,3367523,PASS,626,4909508,[],2149178209,458143459
68,acknowledgement before verifier,performance-result.json#records/67,0440c4cc0c0605b3c6580f09c5fb88d7b15dbc3b,54519956c57814fa203806c7a4266d89c3b6ae05,3b46446893db395e084b432fa8415441b006b7a52be9f4a619e063e59c59209a,317d4d192bac886b549573688864740eb46acbee1506aecf26a1f6a4876c7ca6,12698b42f5a1b5d6353335097daebc0dc47ae62f1199a54e121818ef343e6d659f,12f2a3d89a80d98573c8acbeab146d60ba0860e8282bf7ed51bab2f94b12778550,True,null,0,718,879,0,0,0,0,0,1436,6361262,74,2460,1150944,122,3591,0,28,1408,0,0,912,5953877,182,1370888,730,4582989,0,0,0,0,119,699017,0,0,9,45005,0,0,784,5209855,0,0,86,1106402,912,5953877,0,0,119,699017,0,0,9,45005,0,0,54,626866,0,0,0,0,0,0,730,4582989,0,0,0,0,8,1347,251,125299,209,494468,311,2636749,133,2696014,0,0,128,744022,697,3564019,83,1544770,4,101066,0,0,0,0,0,0,0,0,0,0,0,0,0,0,0,0,0,0,0,0,0,0,0,0,0,0,0,0,0,0,0,0,0,0,0,0,0,0,0,0,0,0,730,4582989,0,0,730,4582989,0,0,2323,3689026,3614690,17642458,2323,25254231,1186,559,239,149,111,79,912,37349479,912,2220446,730,15548214,730,236060,128,744022,0,0,0,0,0,0,54,626866,0,0,0,0,182,1370888,730,4582989,226841531,102943,52477952,51785728,0,12643,4096,0,0,52477952,51785728,,,,102943,226841531,102943,226841531,3591,6637216,2387,2460,912,5953877,730,4582989,PASS,912,5953877,[],1253335667,279601125
69,acknowledgement before verifier,performance-result.json#records/68,ad93803431068b85cdd57d2cfce0be8cfef012db,12047ad1e14bceb9b32965f1724d5015c8eb7707,58565e4970c5eb8c6cf3cbe0f2579c5da1e2873a4b380345a5d1f31295e4aace,70374c321b3413bce65e9192f21756b2da509e1bbe5e83a848e222d927f85208,12f2a3d89a80d98573c8acbeab146d60ba0860e8282bf7ed51bab2f94b12778550,12aaca0a16a3064d2488873db74ee3631d819a34b729f7f1f6f693525073974e51,True,null,0,953,1144,0,0,0,0,0,1906,8152717,11,2471,252938,39,325,0,1816,88,2,0,59,725045,6,72816,53,652229,0,0,0,0,0,0,0,0,0,0,0,0,59,725045,0,0,1101,7480996,59,725045,1,1207,0,0,0,0,0,0,0,0,5,69755,0,0,1,3061,0,0,53,652229,0,0,0,0,1,234,5,2180,7,18215,25,259996,21,444420,0,0,0,0,42,412296,17,312749,0,0,0,0,0,0,0,0,0,0,0,0,0,0,0,0,0,0,0,0,0,0,0,0,0,0,0,0,0,0,0,0,0,0,0,0,0,0,0,0,0,0,0,0,54,655290,0,0,54,655290,0,0,4050,5459060,5329460,25038427,4050,39627975,2167,711,588,280,197,107,59,3563457,59,199460,54,1409378,54,18709,0,0,0,0,0,0,0,0,5,69755,0,0,1,3061,6,72816,53,652229,227979284,103268,52477952,52068352,0,12712,4096,0,0,52477952,52068352,,,,103268,227979284,103268,227979284,325,1137753,2461,2471,59,725045,53,652229,PASS,59,725045,[],1568125917,227807208
70,acknowledgement before verifier,performance-result.json#records/69,9e6f251a4c0e9a978a11e192e7b9421e82ded984,8776e505f4bea3b31716b81ce1e6d40afcd39703,d64bfa5646ba2d2716546849cc39d773762b7b400b92ce1c58e6b863bf0356d3,49a169f1c499355f776804fa69f9166918f8c036bc46e8071b94ac3d1866e08b,12aaca0a16a3064d2488873db74ee3631d819a34b729f7f1f6f693525073974e51,123ccecb9b37f6517e3d27210f2275c36223ac3cf2500ce93a4aae17a380d5c27c,True,null,0,1060,1299,0,0,0,0,0,2120,9994442,48,2519,997772,90,2002,0,1642,476,2,0,442,4323977,176,1351029,266,2972948,0,0,0,0,133,839115,0,0,6,49804,0,0,303,3435058,0,0,1243,7607648,442,4323977,8,3250,133,839115,0,0,6,49804,0,0,37,462110,0,0,0,0,0,0,266,2972948,0,0,0,0,11,1806,70,38320,73,182328,161,1488972,127,2612551,0,0,139,888919,223,1914998,80,1520060,0,0,0,0,0,0,0,0,0,0,0,0,0,0,0,0,0,0,0,0,0,0,0,0,0,0,0,0,0,0,0,0,0,0,0,0,0,0,0,0,0,0,0,0,266,2972948,0,0,266,2972948,0,0,3727,5536858,5417594,29035875,3727,34353670,2116,481,570,264,166,130,442,22741994,442,1314261,266,7775613,266,161246,139,888919,0,0,0,0,0,0,37,462110,0,0,0,0,176,1351029,266,2972948,232920582,105270,53526528,53219328,0,12993,4096,0,0,53526528,53219328,,,,105270,232920582,105270,232920582,2002,4941298,2472,2519,442,4323977,266,2972948,PASS,442,4323977,[],1664214167,318024666
71,acknowledgement before verifier,performance-result.json#records/70,7135703a5ee6eb11d4cae49287d80c0252565ad1,ddd12b1cbcf79ff48b62a0bb64d4ee893cf924ce,c01612eca1208c6a121a90912bb4f5b294c47ddd92feba19fccd93cc2524e52a,0fdecc392410e08ec1983e070cef54dace41635eaeee75659dddf17dc586804f,123ccecb9b37f6517e3d27210f2275c36223ac3cf2500ce93a4aae17a380d5c27c,12e8c27937b484995b3c9a5a9f91d0c15d1e2138915e579db601e987d8461ca43e,True,null,0,680,900,0,0,0,0,0,1360,8297209,29,2548,494119,65,1255,0,898,462,0,0,288,2007159,46,355303,242,1651856,0,0,0,0,31,162141,0,0,0,0,0,0,257,1845018,0,0,680,6681864,288,2007159,0,0,31,162141,0,0,0,0,0,0,15,193162,0,0,0,0,0,0,242,1651856,0,0,0,0,1,247,66,35826,63,137461,113,940895,45,892730,0,0,31,162141,230,1351336,27,493682,0,0,0,0,0,0,0,0,0,0,0,0,0,0,0,0,0,0,0,0,0,0,0,0,0,0,0,0,0,0,0,0,0,0,0,0,0,0,0,0,0,0,0,0,242,1651856,0,0,242,1651856,0,0,2732,4434102,4346678,24148312,2732,29941150,1567,426,268,220,145,106,288,13220381,288,750404,242,5665507,242,95033,31,162141,0,0,0,0,0,0,15,193162,0,0,0,0,46,355303,242,1651856,235428310,106525,54575104,53841920,0,13145,4096,0,0,54575104,53841920,,,,106525,235428310,106525,235428310,1255,2507728,2520,2548,288,2007159,242,1651856,PASS,288,2007159,[],1281978833,242652333
72,acknowledgement before verifier,performance-result.json#records/71,1010291fe6cd764deff8e5e3056bb57f94c3fa4f,8e139d4b786101f284a5b41e843c276d381b1416,49c432707cbbd9d80d8372f51df010fd4eea24a1e73c21c4874e73ed675cf2e3,3e89c392ac1a208e763ecc73fd67be8371fd973ff58fe212757b370ff5d24b6e,12e8c27937b484995b3c9a5a9f91d0c15d1e2138915e579db601e987d8461ca43e,1297c46f57f423269eaf761655a087d64044e7d7c319645f85bfd6663307ebd658,True,null,0,1214,1472,0,0,0,0,0,2428,11371966,10,2558,445337,38,443,0,2388,34,6,0,62,610448,37,221606,25,388842,0,0,0,0,31,123136,0,0,0,0,0,0,31,487312,0,0,1503,11178891,62,610448,11,129069,31,123136,0,0,0,0,0,0,6,98470,0,0,0,0,0,0,25,388842,0,0,0,0,0,0,11,5416,13,27416,17,140221,21,437395,0,0,31,123136,16,197263,13,247764,2,42285,0,0,0,0,0,0,0,0,0,0,0,0,0,0,0,0,0,0,0,0,0,0,0,0,0,0,0,0,0,0,0,0,0,0,0,0,0,0,0,0,0,0,25,388842,0,0,25,388842,0,0,3955,6043658,5917098,32755163,3955,39989860,2195,723,415,249,210,163,62,3093749,62,175262,25,1337666,25,46557,31,123136,0,0,0,0,0,0,6,98470,0,0,0,0,37,221606,25,388842,236462653,106968,54575104,54300672,0,13257,4096,0,0,54575104,54300672,,,,106968,236462653,106968,236462653,443,1034343,2549,2558,62,610448,25,388842,PASS,62,610448,[],1769446583,279475791
73,acknowledgement before verifier,performance-result.json#records/72,99db7e8fc3f8ef566137a3f28cbbe0433d7c19f7,dc61e1fbdc0685555c48177e1e37197b23913ca1,028cc3bdae4971ef662e0a45519b2ce1554454409e069ef93d1c7ce34ae237c5,cae07737bb0840458b4bf0709ceb3a6a81a80568a057e4af2e4e30665511f438,1297c46f57f423269eaf761655a087d64044e7d7c319645f85bfd6663307ebd658,12d854403f1706fc308af6de757dd891cf7c1057e25910cd3b680292e605546075,True,null,0,1490,1823,0,0,0,0,0,2980,14558783,52,2610,1128134,97,2471,0,2422,554,4,0,497,4247235,211,1467463,286,2779772,0,0,0,0,159,897290,0,0,5,7491,0,0,333,3342454,0,0,1926,13316142,497,4247235,16,63596,159,897290,0,0,5,7491,0,0,47,562682,0,0,0,0,0,0,286,2779772,0,0,0,0,5,813,87,49988,100,243742,192,1640308,113,2312384,0,0,164,904781,275,2180279,54,1064190,4,97985,0,0,0,0,0,0,0,0,0,0,0,0,0,0,0,0,0,0,0,0,0,0,0,0,0,0,0,0,0,0,0,0,0,0,0,0,0,0,0,0,0,0,286,2779772,0,0,286,2779772,0,0,5503,7931148,7755052,44288770,5503,49595268,3145,773,729,355,298,203,497,23913664,497,1439129,286,8829168,286,204865,164,904781,0,0,0,0,0,0,47,562682,0,0,0,0,211,1467463,286,2779772,241386424,109439,55623680,55595008,0,13573,4096,0,0,55623680,55595008,,,,109439,241386424,109439,241386424,2471,4923771,2559,2610,497,4247235,286,2779772,PASS,497,4247235,[],2308984833,426005542
74,acknowledgement before verifier,performance-result.json#records/73,4e9916b3e54e6727b8ecb08c12de6667a45abf08,9d5eda900751fde493dbd9080bae1d958d42b011,3b96a12dee10f2dd7fc5d005942d6226661e8e4fbd290975b8b2989313bee7eb,15f796498058129701457949d470a799df374e226a23dd104fb12af55277e56a,12d854403f1706fc308af6de757dd891cf7c1057e25910cd3b680292e605546075,12aa61aba9cddea6cf9420e48787410ed0e3bb412127bb1cd6a341a0b5fd050e03,True,null,0,1205,1444,0,0,0,0,0,2410,10562796,22,2632,677704,56,917,0,2230,176,4,0,186,1787336,79,552493,107,1234843,0,0,0,0,54,195720,0,0,0,0,0,0,132,1591616,0,0,1410,9423361,186,1787336,2,1823,54,195720,0,0,0,0,0,0,24,356623,0,0,1,150,0,0,107,1234843,0,0,0,0,1,150,21,11714,48,111089,64,578030,52,1086353,0,0,54,195720,91,794361,39,750336,2,46919,0,0,0,0,0,0,0,0,0,0,0,0,0,0,0,0,0,0,0,0,0,0,0,0,0,0,0,0,0,0,0,0,0,0,0,0,0,0,0,0,0,0,108,1234993,0,0,108,1234993,0,0,3911,5981248,5856096,30580054,3911,39446652,2086,821,401,275,177,151,186,9460284,186,526156,108,4423034,108,133278,54,195720,0,0,0,0,0,0,24,356623,0,0,1,150,79,552493,107,1234843,243663737,110356,56672256,56336384,0,13754,4096,0,0,56672256,56336384,,,,110356,243663737,110356,243663737,917,2277313,2611,2632,186,1787336,107,1234843,PASS,186,1787336,[],1841204458,301160333
75,acknowledgement before verifier,performance-result.json#records/74,52c997d01d491c6ce6067678b2e8a0a92ed62290,ba9aaf4500ef23149c3868af1c282dd3f8672e53,93c7ce3613e3b462dd1b93518136cfb4599a55e74a57d54a3ec725ad01efc24d,359d0ea8d2d79547965b16723a56552f98ab5dc74feb193badee0cb12c7bcecc,12aa61aba9cddea6cf9420e48787410ed0e3bb412127bb1cd6a341a0b5fd050e03,12055b74bd91e2c4a784402f14a2e33f3b4061c4156add5aeae2967703acc914ef,True,null,0,1430,1730,0,0,0,0,0,2860,13313319,72,2704,1220597,114,3073,0,1968,890,2,0,687,5808245,210,1556297,477,4251948,0,0,0,0,152,821163,0,0,10,53639,0,0,525,4933443,0,0,1586,10362218,687,5808245,14,62227,152,821163,0,0,10,53639,0,0,47,670265,0,0,1,11230,0,0,477,4251948,0,0,0,0,2,390,83,44275,159,420801,314,2660785,129,2681994,0,0,162,874802,432,3101896,90,1761782,3,69765,0,0,0,0,0,0,0,0,0,0,0,0,0,0,0,0,0,0,0,0,0,0,0,0,0,0,0,0,0,0,0,0,0,0,0,0,0,0,0,0,0,0,478,4263178,0,0,478,4263178,0,0,5018,7365235,7204659,38228208,5018,46335328,2770,812,660,372,250,154,687,31580703,687,1813156,478,12865740,478,264393,162,874802,0,0,0,0,0,0,47,670265,0,0,1,11230,210,1556297,477,4251948,250199505,113429,58769408,57790464,0,14109,4096,0,0,58769408,57790464,,,,113429,250199505,113429,250199505,3073,6535768,2633,2704,687,5808245,477,4251948,PASS,687,5808245,[],2161744500,428434875
76,acknowledgement before verifier,performance-result.json#records/75,8de47601415517df190187c420ae2b528d470e77,cedf2fa35fb6d85bdcf358c756423761c4ce00a9,4a1e1cadb10c4cbdc1bd8afbd17c303711f1dcab4752602b722928a8a94e4d45,46e41e6d7dbb4e9c4703fd222365ee7c6e8335c87fd5fc0a7b3cdd5f31527c1e,12055b74bd91e2c4a784402f14a2e33f3b4061c4156add5aeae2967703acc914ef,12ca5c45fea5d9c03aa287f79ce63d28c33207629d4e0e42d4b7f3622f66c96742,True,null,0,1642,1941,0,0,0,0,0,3284,14356850,10,2714,419341,38,410,0,3200,76,8,0,53,485589,15,114221,38,371368,0,0,0,0,5,31009,0,0,2,16398,0,0,46,438182,0,0,1973,14300071,53,485589,12,129573,5,31009,0,0,2,16398,0,0,8,66814,0,0,0,0,0,0,38,371368,0,0,0,0,0,0,5,2775,7,20088,32,294995,9,167731,0,0,7,47407,36,275601,10,162581,0,0,0,0,0,0,0,0,0,0,0,0,0,0,0,0,0,0,0,0,0,0,0,0,0,0,0,0,0,0,0,0,0,0,0,0,0,0,0,0,0,0,0,0,38,371368,0,0,38,371368,0,0,9744,11632395,11320587,54605534,9744,83495169,5113,2059,1134,644,485,309,53,2800578,53,160370,38,1434459,38,40273,7,47407,0,0,0,0,0,0,8,66814,0,0,0,0,15,114221,38,371368,251117204,113839,58769408,58236928,0,14218,4096,0,0,58769408,58236928,,,,113839,251117204,113839,251117204,410,917699,2705,2714,53,485589,38,371368,PASS,53,485589,[],2322923666,399799416
77,acknowledgement before verifier,performance-result.json#records/76,5b9c088fb7e423bb241a35a39c9f527324d233ca,876b027429cd08f9c0281fd363094130a270a619,923cd71741434efa37dce13535329acd4c79b24d082c14b1df29531c852c2843,a2bdfb26050740a471c4ceaa44a2229c3de4a103e354588aab256435ad43bc9e,12ca5c45fea5d9c03aa287f79ce63d28c33207629d4e0e42d4b7f3622f66c96742,12a0b4dac6cd6efbedfd229f5e4d2d865044aeeedfd9d5377d064336091d03de62,True,null,0,1546,1881,0,0,0,0,0,3092,14988644,17,2731,515002,58,987,0,2972,116,4,0,98,1299185,26,307646,72,991539,0,0,0,0,13,132608,0,0,1,18777,0,0,84,1147800,0,0,2384,16671591,98,1299185,15,61145,13,132608,0,0,1,18777,0,0,12,156261,0,0,0,0,0,0,72,991539,0,0,0,0,0,0,14,7187,6,13008,36,359415,42,919575,0,0,14,151385,56,565302,26,536976,2,45522,0,0,0,0,0,0,0,0,0,0,0,0,0,0,0,0,0,0,0,0,0,0,0,0,0,0,0,0,0,0,0,0,0,0,0,0,0,0,0,0,0,0,72,991539,0,0,72,991539,0,0,8359,11118897,10851409,54877716,8359,70650607,4396,1709,1060,512,416,266,98,6453881,98,417576,72,2989042,72,86029,14,151385,0,0,0,0,0,0,12,156261,0,0,0,0,26,307646,72,991539,252987767,114826,59817984,58802176,0,14356,4096,0,0,59817984,58802176,,,,114826,252987767,114826,252987767,987,1870563,2715,2731,98,1299185,72,991539,PASS,98,1299185,[],1820885375,391821250
78,acknowledgement before verifier,performance-result.json#records/77,c14948c531dac2ddc19fb4aa6f7a55771bc4c0e4,e636ce7fb741f3bddeedffed42011ee572bc0c53,e4c199e9c142248f7130463dd7f6cb29d97912d11ef0f291a05c26363dd1142e,4fd8aedc7758838020ef9c7a88358cfbc1722387d2dcd9afab666a43553992fe,12a0b4dac6cd6efbedfd229f5e4d2d865044aeeedfd9d5377d064336091d03de62,124443037a72b7c0f24265c0b73dea95d2e9aaeb8444a78763fd525ec7a7a278f5,True,null,0,217,360,0,0,0,0,0,434,4285725,16,2747,521395,52,516,0,322,112,0,0,101,1291891,34,363388,67,928503,0,0,0,0,21,155982,0,0,0,0,0,0,80,1135909,0,0,346,3362481,101,1291891,1,2451,21,155982,0,0,0,0,0,0,13,207406,0,0,0,0,0,0,67,928503,0,0,0,0,0,0,11,4992,8,20837,40,359756,42,906306,0,0,21,155982,53,557672,27,578237,0,0,0,0,0,0,0,0,0,0,0,0,0,0,0,0,0,0,0,0,0,0,0,0,0,0,0,0,0,0,0,0,0,0,0,0,0,0,0,0,0,0,0,0,67,928503,0,0,67,928503,0,0,1617,2841238,2789494,14682926,1617,18242378,893,290,175,112,94,53,101,6017374,101,373862,67,2070169,67,40283,21,155982,0,0,0,0,0,0,13,207406,0,0,0,0,34,363388,67,928503,254764001,115342,59817984,59351040,0,14490,4096,0,0,59817984,59351040,,,,115342,254764001,115342,254764001,516,1776234,2732,2747,101,1291891,67,928503,PASS,101,1291891,[],688042208,129468958
79,acknowledgement before verifier,performance-result.json#records/78,8752e1f9e966ee48f981db1228a7d86b31d1f85e,b4415bf96cacdc4ac7d4a4700b3fef11b63d855e,dbb21dae08cdf5e95f6cc33ef73057e6c1b7048a82946cd4e4970818d5aafd3c,569f74436a5c79e912812ea3db330464c2f303e7ca53c0da1d6906708e2f0428,124443037a72b7c0f24265c0b73dea95d2e9aaeb8444a78763fd525ec7a7a278f5,12c54994d8f301cd6fae6869c7a6024ac61cf09a54176d724998bbd2d28938d05b,True,null,0,139,242,0,0,0,0,0,278,3102659,9,2756,188626,38,220,0,232,46,0,0,37,579202,8,104693,29,474509,0,0,0,0,5,40977,0,0,0,0,0,0,32,538225,0,0,210,2564434,37,579202,0,0,5,40977,0,0,0,0,0,0,3,63716,0,0,0,0,0,0,29,474509,0,0,0,0,0,0,4,1901,0,0,16,188237,17,389064,0,0,5,40977,22,324721,10,213504,0,0,0,0,0,0,0,0,0,0,0,0,0,0,0,0,0,0,0,0,0,0,0,0,0,0,0,0,0,0,0,0,0,0,0,0,0,0,0,0,0,0,0,0,29,474509,0,0,29,474509,0,0,739,1705941,1682293,9422660,739,9966668,422,111,79,60,45,22,37,2737251,37,176857,29,876542,29,14750,5,40977,0,0,0,0,0,0,3,63716,0,0,0,0,8,104693,29,474509,255737324,115562,59817984,59564032,0,14542,4096,0,0,59817984,59564032,,,,115562,255737324,115562,255737324,220,973323,2748,2756,37,579202,29,474509,PASS,37,579202,[],547635833,93815042
80,acknowledgement before verifier,performance-result.json#records/79,a285e292c8dadc02124b02149ab2564d4f3a7872,4e39466d774933903f29781fe89065ca664b2a9b,1f04706b6ea8e2ba0f0bae75c5a55eef5bcf189b5c558cd4240e61c28e90b9f0,42db6d15d6371cd8da92ad16b1c6915d2c0090bf98044ec1e0d3771cf878cf45,12c54994d8f301cd6fae6869c7a6024ac61cf09a54176d724998bbd2d28938d05b,12598ca8391ebd172dda14245ff2225e55ad888cf48b74e672d2b460c75f99f23c,True,null,0,919,1179,0,0,0,0,0,1838,10762323,94,2850,1577672,148,3746,0,548,1286,4,0,940,8001580,242,1601073,698,6400507,0,0,0,0,170,815432,0,0,19,49149,0,0,751,7136999,0,0,533,4014852,940,8001580,4,56877,170,815432,0,0,19,49149,0,0,53,736492,0,0,0,0,0,0,698,6400507,0,0,0,0,12,1583,140,79780,194,525989,403,3510104,191,3884124,0,0,189,864581,619,4570739,130,2515453,2,50807,0,0,0,0,0,0,0,0,0,0,0,0,0,0,0,0,0,0,0,0,0,0,0,0,0,0,0,0,0,0,0,0,0,0,0,0,0,0,0,0,0,0,698,6400507,0,0,698,6400507,0,0,3474,5330916,5219748,29725863,3474,32730540,2015,511,338,264,235,111,940,44436146,940,2680922,698,19612595,698,426410,189,864581,0,0,0,0,0,0,53,736492,0,0,0,0,242,1601073,698,6400507,264506235,119308,61915136,61399040,0,14990,4096,0,0,61915136,61399040,,,,119308,264506235,119308,264506235,3746,8768911,2757,2850,940,8001580,698,6400507,PASS,940,8001580,[],1232613916,332995083
81,acknowledgement before verifier,performance-result.json#records/80,c77f889a2a0ee25241bec763f9f3a7d8b88adcdc,413581e7bb9f2cf8d37786dde79ca9b1823921c6,1a7afd722b70aa344208689f6d22d665b8ad648242c78e82cf1bcdb31e027c7d,00dd68cb67753661b88176dfd91d200d0dd5dc94fc89639a1befe718eb13d775,12598ca8391ebd172dda14245ff2225e55ad888cf48b74e672d2b460c75f99f23c,1232f1b2bc0b131fb78123c910fcaa3445dfd8f8cb20943b7147d852fe29258ebb,True,null,0,338,472,0,0,0,0,0,676,4921532,55,2905,1229716,100,1867,0,18,656,2,0,512,5166299,189,2229956,323,2936343,0,0,0,0,126,1591119,0,0,3,9011,0,0,383,3566169,0,0,83,1289968,512,5166299,3,56384,126,1591119,0,0,3,9011,0,0,60,629826,0,0,0,0,0,0,323,2936343,0,0,0,0,1,185,51,28618,93,217656,228,2086527,139,2833313,0,0,129,1600130,329,2563521,52,958053,2,44595,0,0,0,0,0,0,0,0,0,0,0,0,0,0,0,0,0,0,0,0,0,0,0,0,0,0,0,0,0,0,0,0,0,0,0,0,0,0,0,0,0,0,323,2936343,0,0,323,2936343,0,0,2436,3229436,3151484,18077424,2436,21552440,1523,234,236,164,157,122,512,24745208,512,1798782,323,7946873,323,127723,129,1600130,0,0,0,0,0,0,60,629826,0,0,0,0,189,2229956,323,2936343,270262299,121175,62963712,62763008,0,15323,4096,0,0,62963712,62763008,,,,121175,270262299,121175,270262299,1867,5756064,2851,2905,512,5166299,323,2936343,PASS,512,5166299,[],803863667,180924958
82,acknowledgement before verifier,performance-result.json#records/81,25ad9015e3aa1db1a83ca47418ca75e156dbb10a,9c5f13df47c86e39f32474510e6a349cfbba3745,2bde7b006ff1bc02d9fc6d49d74f4c83216ab628b6eb872d4915931d48fae020,0ef4d8c14d9f8ba8fd4985d114e7f97b3940257b338bbcb66b4297cae9f0f9e9,1232f1b2bc0b131fb78123c910fcaa3445dfd8f8cb20943b7147d852fe29258ebb,12ce7cefb45986566f36774340be8014982b0a11d0767264136c048ad2fe838dab,True,null,0,1015,1268,0,0,0,0,0,2030,10881243,24,2929,600604,55,772,0,1756,272,2,0,183,2088984,43,418098,140,1670886,0,0,0,0,17,107562,0,0,0,0,0,0,166,1981422,0,0,1100,8854664,183,2088984,3,48314,17,107562,0,0,0,0,0,0,26,310536,0,0,0,0,0,0,140,1670886,0,0,0,0,0,0,22,11316,22,53741,80,807436,59,1216491,0,0,17,107562,123,1151630,41,788691,2,41101,0,0,0,0,0,0,0,0,0,0,0,0,0,0,0,0,0,0,0,0,0,0,0,0,0,0,0,0,0,0,0,0,0,0,0,0,0,0,0,0,0,0,140,1670886,0,0,140,1670886,0,0,3990,5813103,5685423,33249254,3990,37331082,2390,496,393,303,241,167,183,10542834,183,643983,140,4559296,140,104137,17,107562,0,0,0,0,0,0,26,310536,0,0,0,0,43,418098,140,1670886,272809271,121947,64012288,63434752,0,15487,4096,0,0,64012288,63434752,,,,121947,272809271,121947,272809271,772,2546972,2906,2929,183,2088984,140,1670886,PASS,183,2088984,[],1325044000,244384958
83,acknowledgement before verifier,performance-result.json#records/82,094f1976c4d02e8fd9e4301cafde589155131656,465d69590a8c26e9264a9860b65ee7564f428e2b,3e624b13080c5c663652b14f6b46b9fac81310e62585cfc3c72b4e6fe86bc489,ce48c4f4a6c80454fa403b0590d0acbc5b5b5307007c8fdc19c2b9e68ab29b11,12ce7cefb45986566f36774340be8014982b0a11d0767264136c048ad2fe838dab,128262cfd0361168c5c9572c1f0802db5d2b7ab3cf3206f8560e7f17cbd6fea2f3,True,null,0,867,1112,0,0,0,0,0,1734,10197917,22,2951,517255,63,924,0,1500,232,2,0,166,1816349,40,491309,126,1325040,0,0,0,0,16,88279,0,0,3,24446,0,0,147,1703624,0,0,1183,9344593,166,1816349,3,48426,16,88279,0,0,3,24446,0,0,21,378584,0,0,0,0,0,0,126,1325040,0,0,0,0,1,89,27,16967,25,56747,53,498795,60,1243751,0,0,19,112725,106,872132,39,787569,2,43923,0,0,0,0,0,0,0,0,0,0,0,0,0,0,0,0,0,0,0,0,0,0,0,0,0,0,0,0,0,0,0,0,0,0,0,0,0,0,0,0,0,0,126,1325040,0,0,126,1325040,0,0,3540,5248477,5135197,30271527,3540,32921308,2127,428,363,257,210,155,166,9046216,166,567711,126,3899877,126,97465,19,112725,0,0,0,0,0,0,21,378584,0,0,0,0,40,491309,126,1325040,275183134,122871,64012288,64012288,0,15628,4096,0,0,64012288,64012288,,,,122871,275183134,122871,275183134,924,2373863,2930,2951,166,1816349,126,1325040,PASS,166,1816349,[],1181775542,246514416
84,acknowledgement before verifier,performance-result.json#records/83,0664b25cd955aa8b4f5a80bc29ca4c872ba4802e,b173340ca4b59bc685b5f57a0787cd7016b997ea,60f5764beb54f76c698ab18db451294ba2f36ab0339475499cc8dcb4cb7a52c4,61e6deebfa8656c9d571c8e1f02f4d96e9cbd46fca09e655f99ac3c6448e06ff,128262cfd0361168c5c9572c1f0802db5d2b7ab3cf3206f8560e7f17cbd6fea2f3,1270041f957c318f5064e647853513c87b39bad39a3716fbbad39c9ca0638573e3,True,null,0,795,1041,0,0,0,0,0,1590,10128345,63,3014,1224987,113,2512,0,838,750,2,0,608,5254383,202,1228170,406,4026213,0,0,0,0,148,634867,0,0,8,25264,0,0,452,4594252,0,0,757,7352558,608,5254383,3,56384,148,634867,0,0,8,25264,0,0,46,568039,0,0,0,0,0,0,406,4026213,0,0,0,0,2,314,118,65476,97,253685,263,2274925,128,2659983,0,0,156,660131,364,2813770,82,1628807,6,151675,0,0,0,0,0,0,0,0,0,0,0,0,0,0,0,0,0,0,0,0,0,0,0,0,0,0,0,0,0,0,0,0,0,0,0,0,0,0,0,0,0,0,406,4026213,0,0,406,4026213,0,0,3342,5826134,5719190,30911268,3342,34025898,1986,471,292,252,174,167,608,29490794,608,1862464,406,11531756,406,251708,156,660131,0,0,0,0,0,0,46,568039,0,0,0,0,202,1228170,406,4026213,281121263,125383,66109440,65466368,0,15983,4096,0,0,66109440,65466368,,,,125383,281121263,125383,281121263,2512,5938129,2952,3014,608,5254383,406,4026213,PASS,608,5254383,[],1225285167,293118416
85,acknowledgement before verifier,performance-result.json#records/84,b94d2f9c1d80f35d051d05c831278ffb50974c14,d2fe7dad4b0834f05c0b55f7566b78fe327321ae,4badcceec003d18bcd3b09446a3dcb0203d1f8f71a2ef9a662d9d3e3851bcb70,af95eae2d4a0bc15a93a348444c1ddb0d32f9e5de2a92919421bb12f38d04650,1270041f957c318f5064e647853513c87b39bad39a3716fbbad39c9ca0638573e3,12745225ca3b01ba2122052d6654a49f2f6d7ace6e3831ef79819af3dc7b8331d4,True,null,0,406,635,0,0,0,0,0,812,7259522,67,3081,1008196,117,2277,0,34,776,2,0,608,6189216,199,1573611,409,4615605,0,0,0,0,111,725719,0,0,9,45650,0,0,488,5417847,0,0,130,1695205,608,6189216,14,160851,111,725719,0,0,9,45650,0,0,79,802242,0,0,0,0,0,0,409,4615605,0,0,0,0,4,841,82,44478,94,242145,255,2395396,173,3506356,0,0,120,771369,354,2914995,131,2423530,3,79322,0,0,0,0,0,0,0,0,0,0,0,0,0,0,0,0,0,0,0,0,0,0,0,0,0,0,0,0,0,0,0,0,0,0,0,0,0,0,0,0,0,0,409,4615605,0,0,409,4615605,0,0,2351,3797420,3722188,22858128,2351,23198358,1427,288,232,138,145,121,608,32232754,608,2000786,409,10559041,409,173955,120,771369,0,0,0,0,0,0,79,802242,0,0,0,0,199,1573611,409,4615605,287960845,127660,67158016,66633728,0,16268,4096,0,0,67158016,66633728,,,,127660,287960845,127660,287960845,2277,6839582,3015,3081,608,6189216,409,4615605,PASS,608,6189216,[],836140083,238823541
86,acknowledgement before verifier,performance-result.json#records/85,233ea50104a52d7c212322828cefdc873f8ef9f2,115fa0d2715d3036d1177c356a47d1183738c883,be2eedf2eb3a12e3f5c448864db0ecb5f58fd67eddf925e2df6769822f6c986f,2b01beb3dc1623ee05dbc3eb97635426b2e6725733079671c397c3bed15159a5,12745225ca3b01ba2122052d6654a49f2f6d7ace6e3831ef79819af3dc7b8331d4,12066e6b002797adac9fec569d42eeffe4ba9653226df5652f8e00591ed336a043,True,null,0,199,328,0,0,0,0,0,398,4118486,32,3113,653960,74,1056,0,26,372,0,0,268,2847113,68,530036,200,2317077,0,0,0,0,27,80979,0,0,3,10382,0,0,238,2755752,0,0,87,1352352,268,2847113,0,0,27,80979,0,0,3,10382,0,0,38,438675,0,0,0,0,0,0,200,2317077,0,0,0,0,3,555,39,21102,42,107943,101,1009765,83,1707748,0,0,30,91361,188,1845831,49,892999,1,16922,0,0,0,0,0,0,0,0,0,0,0,0,0,0,0,0,0,0,0,0,0,0,0,0,0,0,0,0,0,0,0,0,0,0,0,0,0,0,0,0,0,0,200,2317077,0,0,200,2317077,0,0,1357,2286751,2243327,13867924,1357,14035465,822,180,99,119,63,74,268,14906044,268,941312,200,5416787,200,88507,30,91361,0,0,0,0,0,0,38,438675,0,0,0,0,68,530036,200,2317077,291321462,128716,83935232,67358720,0,16445,4096,0,0,83935232,67358720,,,,128716,291321462,128716,291321462,1056,3360617,3082,3113,268,2847113,200,2317077,PASS,268,2847113,[],668689458,136567917
87,acknowledgement before verifier,performance-result.json#records/86,9eee7cb4620ace2c6ca0b513ea7f07b87142f9ed,4be68ba6e01c814f2e55bfda6766ef87946833b4,9198a72466a87412a94e43a07bab9856b855e679663f85dadb6f6a3d96a51fb1,347140f41719eafd14c130ce3f0d008a8ca3f7bb99deb9c6c0878504cbf33f0b,12066e6b002797adac9fec569d42eeffe4ba9653226df5652f8e00591ed336a043,12011b1d9f6a04fba54cfab2f1b54eb6d7004f01fb9e98a6968cdaf1cbc4d18af0,True,null,0,1398,1713,0,0,0,0,0,2796,14054816,10,3123,325291,40,352,0,2706,86,4,0,52,556061,11,139290,41,416771,0,0,0,0,0,0,0,0,0,0,0,0,52,556061,0,0,1708,13720757,52,556061,8,92823,0,0,0,0,0,0,0,0,11,139290,0,0,0,0,0,0,41,416771,0,0,0,0,0,0,8,3778,6,17812,24,233441,14,301030,0,0,0,0,41,340333,10,191444,1,24284,0,0,0,0,0,0,0,0,0,0,0,0,0,0,0,0,0,0,0,0,0,0,0,0,0,0,0,0,0,0,0,0,0,0,0,0,0,0,0,0,0,0,41,416771,0,0,41,416771,0,0,5010,7389156,7228836,41514378,5010,47045205,2931,686,543,353,306,191,52,2803206,52,167844,41,1382668,41,34469,0,0,0,0,0,0,0,0,11,139290,0,0,0,0,11,139290,41,416771,292319238,129068,83935232,67698688,0,16528,4096,0,0,83935232,67698688,,,,129068,292319238,129068,292319238,352,997776,3114,3123,52,556061,41,416771,PASS,52,556061,[],1694355542,326063167
88,acknowledgement before verifier,performance-result.json#records/87,7248b5ec8f8769f882f12fd521504fa48e97bcf3,c4dca1754382f6a4d86c1762effb8bf18db30bc7,dbc90eff83c1a1b50ac73266157de46ee91b509dee921b989c1643178de66c55,fff2490af920dda49227f47988ff1ae666ee74ab1a77a6136f3222f25e198cb4,12011b1d9f6a04fba54cfab2f1b54eb6d7004f01fb9e98a6968cdaf1cbc4d18af0,12a3fcd9b7fc7dddfd4b677adb3d43489529b9ba60f82de499f245ec501d53ad82,True,null,0,1443,1840,0,0,0,0,0,2886,16427871,45,3168,1267490,97,2153,0,2450,430,6,0,422,3621223,186,1288085,236,2333138,0,0,0,0,137,623983,0,0,15,168990,0,0,270,2828250,0,0,2312,17937410,422,3621223,17,172492,137,623983,0,0,15,168990,0,0,34,495112,0,0,0,0,0,0,236,2333138,0,0,0,0,4,702,73,42774,93,246131,154,1359069,98,1972547,0,0,152,792973,217,1790775,48,909080,5,128395,0,0,0,0,0,0,0,0,0,0,0,0,0,0,0,0,0,0,0,0,0,0,0,0,0,0,0,0,0,0,0,0,0,0,0,0,0,0,0,0,0,0,236,2333138,0,0,236,2333138,0,0,6480,9948755,9741395,52800677,6480,60612276,3700,1055,629,492,329,275,422,20369952,422,1201771,236,9221507,236,292419,152,792973,0,0,0,0,0,0,34,495112,0,0,0,0,186,1288085,236,2333138,296686648,131221,83935232,69136384,0,16879,4096,0,0,83935232,69136384,,,,131221,296686648,131221,296686648,2153,4367410,3124,3168,422,3621223,236,2333138,PASS,422,3621223,[],2629128625,473517583
89,acknowledgement before verifier,performance-result.json#records/88,22c872097db5ebd334f2439e1a29c4b086004459,3df3c5484a23c582737628f43541ec487f44fec6,7ccff33e67123f5e14b9c168343656b4a68e6f5946cbdd1194c5a976ab129dff,13d53a3ad5cdd1f7add6a9f65595146426f347d09fd3f79646e378e33b3963dd,12a3fcd9b7fc7dddfd4b677adb3d43489529b9ba60f82de499f245ec501d53ad82,12a1c7842bea9cabe4bf5241bbf91c10a7407fcd5afecce1d7d69dc49dea147828,True,null,0,599,861,0,0,0,0,0,1198,9176769,15,3183,373881,49,510,0,1114,82,2,0,99,930893,54,393122,45,537771,0,0,0,0,43,189059,0,0,0,0,0,0,56,741834,0,0,802,8348983,99,930893,7,92319,43,189059,0,0,0,0,0,0,11,204063,0,0,0,0,0,0,45,537771,0,0,0,0,0,0,14,8261,23,53186,35,305813,27,563633,0,0,43,189059,38,356038,16,346801,2,38995,0,0,0,0,0,0,0,0,0,0,0,0,0,0,0,0,0,0,0,0,0,0,0,0,0,0,0,0,0,0,0,0,0,0,0,0,0,0,0,0,0,0,45,537771,0,0,45,537771,0,0,2815,4633470,4543390,27932825,2815,39888644,1718,341,253,193,161,149,99,6131914,99,255791,45,1344496,45,12289,43,189059,0,0,0,0,0,0,11,204063,0,0,0,0,54,393122,45,537771,298133130,131731,83935232,69545984,0,16979,4096,0,0,83935232,69545984,,,,131731,298133130,131731,298133130,510,1446482,3169,3183,99,930893,45,537771,PASS,99,930893,[],1309885375,398694250
90,acknowledgement before verifier,performance-result.json#records/89,293fac94214c52c9c7aefeb3f592fcf3de7bc0ed,9d46c455e991d7bc9d636c3e41130fb4fa87e334,cd704e34afcc6060ac56802e6ca5e8fd82b99d057f80f3f0398c1a64d9c8d086,d29f765d714ec3dbcd68e49f1049fc99d261658416ecb163d5bc6abe7dae7451,12a1c7842bea9cabe4bf5241bbf91c10a7407fcd5afecce1d7d69dc49dea147828,12783c2b0b453d0784ee2539a6dbbd14f25303d71a73173d99cd285370ed6faa47,True,null,0,726,1011,0,0,0,0,0,1452,10303223,40,3223,995947,85,1719,0,1018,432,2,0,398,3075292,167,840099,231,2235193,0,0,0,0,130,493751,0,0,5,25091,0,0,263,2556450,0,0,918,8562586,398,3075292,14,160851,130,493751,0,0,5,25091,0,0,32,321257,0,0,0,0,0,0,231,2235193,0,0,0,0,2,421,88,46429,75,202288,166,1369332,67,1456822,0,0,135,518842,214,1584648,47,932313,2,39489,0,0,0,0,0,0,0,0,0,0,0,0,0,0,0,0,0,0,0,0,0,0,0,0,0,0,0,0,0,0,0,0,0,0,0,0,0,0,0,0,0,0,231,2235193,0,0,231,2235193,0,0,3281,5539077,5434085,30656697,3281,41437766,1822,621,285,247,181,125,398,20381840,398,1123994,231,8409751,231,175054,135,518842,0,0,0,0,0,0,32,321257,0,0,0,0,167,840099,231,2235193,301869558,133450,83935232,70672384,0,17254,4096,0,0,83935232,70672384,,,,133450,301869558,133450,301869558,1719,3736428,3184,3223,398,3075292,231,2235193,PASS,398,3075292,[],2822348084,390714125
91,acknowledgement before verifier,performance-result.json#records/90,81ac6db785e653c757b91a0c36c9bcc50f5c85f2,be99d3bed06f70a9a1a74d0d27a7aefab78e0733,bdddeeca702b7acffe95b1930943230621ad642fa9cdd232dbe07e1035caf8c0,dc84179d7f8102462ebd9eb38348b9bfb8b6007f9237adc5b8f1d10ca67d060b,12783c2b0b453d0784ee2539a6dbbd14f25303d71a73173d99cd285370ed6faa47,12c0c594a74228cd84cc7de528eb6c48cdf5eddb5fc96aa3df218ab0e1f244ff40,True,null,0,1082,1366,0,0,0,0,0,2164,11930226,104,3327,1486273,162,4130,0,482,1682,0,0,1079,9292160,201,2170650,878,7121510,0,0,0,0,85,680551,0,0,1,3294,0,0,993,8608315,0,0,577,4189702,1079,9292160,10,67392,85,680551,0,0,1,3294,0,0,115,1486805,0,0,0,0,0,0,878,7121510,0,0,0,0,5,502,291,158531,111,317888,417,3728202,255,5087037,0,0,86,683845,821,5563841,167,2944083,5,100391,0,0,0,0,0,0,0,0,0,0,0,0,0,0,0,0,0,0,0,0,0,0,0,0,0,0,0,0,0,0,0,0,0,0,0,0,0,0,0,0,0,0,878,7121510,0,0,878,7121510,0,0,4467,6682696,6539752,38385299,4467,48330067,2542,737,447,310,249,182,1079,55167119,1079,2975408,878,24267743,878,402453,86,683845,0,0,0,0,0,0,115,1486805,0,0,0,0,201,2170650,878,7121510,311987408,137580,83935232,72470528,0,17693,4096,0,0,83935232,72470528,,,,137580,311987408,137580,311987408,4130,10117850,3224,3327,1079,9292160,878,7121510,PASS,1079,9292160,[],2056308625,501696125
92,acknowledgement before verifier,performance-result.json#records/91,85a52dbe7828aceb727124ae0d5547020076d33d,18c69aa1ca01065a9a168e5a69dfe12a33d2f965,e1eae5cb4e85dad22242475bae4272a84d20ef8fc93059dd99e0ffe511819c40,2b639f2626511ae1fc8cdd13e58b399be4919223a8668bb058f9fc9972a280ef,12c0c594a74228cd84cc7de528eb6c48cdf5eddb5fc96aa3df218ab0e1f244ff40,12072d62a4cbee38462de5e8a3031f8f1b712f7972c9ad33dbb78a564076cc8f1f,True,null,0,2337,2709,0,0,0,0,0,4674,18374445,148,3475,1957190,224,8031,0,1134,3538,2,0,2024,10917319,288,2018628,1736,8898691,0,0,0,0,124,599812,0,0,9,21197,0,0,1891,10296310,0,0,968,8547372,2024,10917319,6,63901,124,599812,0,0,9,21197,0,0,155,1397619,0,0,0,0,0,0,1736,8898691,0,0,0,0,5,881,668,365693,472,1062122,691,5672410,188,3816213,0,0,133,621009,1755,7728695,131,2467158,5,100457,0,0,0,0,0,0,0,0,0,0,0,0,0,0,0,0,0,0,0,0,0,0,0,0,0,0,0,0,0,0,0,0,0,0,0,0,0,0,0,0,0,0,1736,8898691,0,0,1736,8898691,0,0,9042,11078659,10789315,55170444,9042,68859001,5340,1036,1133,737,451,345,2024,74003659,2024,4474003,1736,32364405,1736,431271,133,621009,0,0,0,0,0,0,155,1397619,0,0,0,0,288,2018628,1736,8898691,324032176,145611,83935232,74993664,0,18309,4096,0,0,83935232,74993664,,,,145611,324032176,145611,324032176,8031,12044768,3328,3475,2024,10917319,1736,8898691,PASS,2024,10917319,[],2181103084,644550834
93,acknowledgement before verifier,performance-result.json#records/92,4c80cab108166d47f2729c22dcb9298179194361,a279e83b6d1f42f287704d1919f98d23e5f6a1c9,16f42bf07b28e7b70f3541ab41e275480d29a73ce445b620b584d87381d1fce1,21e4d42ac4c08816781e85797148962b6a02cd96cfee658949753856ffb67700,12072d62a4cbee38462de5e8a3031f8f1b712f7972c9ad33dbb78a564076cc8f1f,1262d2ea1a7fdeec0d23847fccd1a3df71cd4f40b002e5a61dc2ed9f304e635f8c,True,null,0,57,115,0,0,0,0,0,114,1695281,11,3486,263497,38,339,0,22,92,0,0,67,729073,23,240232,44,488841,0,0,0,0,15,108534,0,0,0,0,0,0,52,620539,0,0,63,1074742,67,729073,0,0,15,108534,0,0,0,0,0,0,8,131698,0,0,0,0,0,0,44,488841,0,0,0,0,0,0,12,6075,7,18309,25,247954,23,456735,0,0,15,108534,39,384802,13,235737,0,0,0,0,0,0,0,0,0,0,0,0,0,0,0,0,0,0,0,0,0,0,0,0,0,0,0,0,0,0,0,0,0,0,0,0,0,0,0,0,0,0,0,0,44,488841,0,0,44,488841,0,0,4673,3733005,3583469,14987151,4673,25577945,2829,518,437,435,294,160,67,4030835,67,262159,44,1094253,44,16391,15,108534,0,0,0,0,0,0,8,131698,0,0,0,0,23,240232,44,488841,325133081,145950,83935232,75272192,0,18377,4096,0,0,83935232,75272192,,,,145950,325133081,145950,325133081,339,1100905,3476,3486,67,729073,44,488841,PASS,67,729073,[],707441042,94042000
94,acknowledgement before verifier,performance-result.json#records/93,8a24a6833307c2803ad31ccfe556ce2a76981e3c,41274bddd9ebbad6e82f69f2a7bf5f6340f41752,8d35eb13807fb8d32d001a51e6ffede1545f23a32584956ceb69a5175bb676fb,1f3921077691d9f62dcd736f86779b36016c45cc03c7c5aaebada2f49b7665e1,1262d2ea1a7fdeec0d23847fccd1a3df71cd4f40b002e5a61dc2ed9f304e635f8c,1204442e2b83f4f5514e519683481b1652d9eee4c45b5fd7694fc3c44e3275a061,True,null,0,1682,1906,0,0,0,0,0,3364,10932572,16,3502,502097,50,540,0,3224,140,0,0,108,1025516,38,279186,70,746330,0,0,0,0,21,132429,0,0,1,1265,0,0,86,891822,0,0,1824,10069855,108,1025516,0,0,21,132429,0,0,1,1265,0,0,16,145492,0,0,0,0,0,0,70,746330,0,0,0,0,0,0,20,10519,23,59145,39,364149,26,591703,0,0,22,133694,68,491157,18,400665,0,0,0,0,0,0,0,0,0,0,0,0,0,0,0,0,0,0,0,0,0,0,0,0,0,0,0,0,0,0,0,0,0,0,0,0,0,0,0,0,0,0,0,0,70,746330,0,0,70,746330,0,0,7560,9088837,8846917,38940118,7560,53433233,4258,1091,949,682,375,205,108,5122720,108,321517,70,2300587,70,67661,22,133694,0,0,0,0,0,0,16,145492,0,0,0,0,38,279186,70,746330,326656675,146490,83935232,75796480,0,18505,4096,0,0,83935232,75796480,,,,146490,326656675,146490,326656675,540,1523594,3487,3502,108,1025516,70,746330,PASS,108,1025516,[],1716130375,276262250
95,acknowledgement before verifier,performance-result.json#records/94,3d30c5eae2705a5ed9b3b1ec41b246c4a4d8db4a,1b391736486923529015b9921088041a422b770d,d264713f496ddf69263849cc6feb6bbf00671fd7c1ae8f7a3967db305545289f,911462b86d2f38e044bd4145fb85fb9ba91abca8d19631db04004a93d1c1dccf,1204442e2b83f4f5514e519683481b1652d9eee4c45b5fd7694fc3c44e3275a061,127ec7734b775eb43815dc67fb2b4284232cce6b50baa9427507ce1618d85f3624,True,null,0,2008,2331,0,0,0,0,0,4016,16341917,8,3510,421967,37,468,0,3948,64,4,0,40,392821,7,45645,33,347176,0,0,0,0,3,7121,0,0,1,7410,0,0,36,378290,0,0,2712,17989476,40,392821,20,193585,3,7121,0,0,1,7410,0,0,3,31114,0,0,0,0,0,0,33,347176,0,0,0,0,0,0,6,2704,7,22069,13,98596,14,269452,0,0,4,14531,29,266508,6,93885,1,17897,0,0,0,0,0,0,0,0,0,0,0,0,0,0,0,0,0,0,0,0,0,0,0,0,0,0,0,0,0,0,0,0,0,0,0,0,0,0,0,0,0,0,33,347176,0,0,33,347176,0,0,9835,12564518,12249798,58365778,9835,77353894,4971,2387,1003,759,410,305,40,2145042,40,135893,33,1089707,33,26378,4,14531,0,0,0,0,0,0,3,31114,0,0,0,0,7,45645,33,347176,327489971,146958,83935232,76259328,0,18618,4096,0,0,83935232,76259328,,,,146958,327489971,146958,327489971,468,833296,3503,3510,40,392821,33,347176,PASS,40,392821,[],2142032958,370326666
96,acknowledgement before verifier,performance-result.json#records/95,98f8e53c4826b10a213655fc156be20cfd38d165,dbd42dab87776ffd6a4cda19c7bf46dce924af7e,598812d1b3155ffe1f8604732a92512c3201e6d9f41e4b04c615d66fa0e68b51,04e4e8887010ebb1c1bcb8083be09c3e60cd79b253643fba3cb125854cbfc903,127ec7734b775eb43815dc67fb2b4284232cce6b50baa9427507ce1618d85f3624,125886264759a66e91ac03bd34be01c3a567469ea2a75fcabf2edc1d7175dc68ff,True,null,0,1962,2357,0,0,0,0,0,3924,18278736,19,3529,752229,69,1528,0,3816,100,8,0,99,1042020,45,409941,54,632079,0,0,0,0,32,234279,0,0,6,89532,0,0,61,718209,0,0,4144,27223088,99,1042020,31,117639,32,234279,0,0,6,89532,0,0,7,86130,0,0,0,0,0,0,54,632079,0,0,0,0,0,0,13,7496,10,22997,47,439742,29,571785,0,0,38,323811,50,496921,11,221288,0,0,0,0,0,0,0,0,0,0,0,0,0,0,0,0,0,0,0,0,0,0,0,0,0,0,0,0,0,0,0,0,0,0,0,0,0,0,0,0,0,0,0,0,54,632079,0,0,54,632079,0,0,12476,16574588,16175356,77157450,12476,100500219,6475,2773,1417,822,542,447,99,5801956,99,376797,54,2760914,54,103915,38,323811,0,0,0,0,0,0,7,86130,0,0,0,0,45,409941,54,632079,329269741,148486,83935232,77119488,0,18828,4096,0,0,83935232,77119488,,,,148486,329269741,148486,329269741,1528,1779770,3511,3529,99,1042020,54,632079,PASS,99,1042020,[],2298446833,572959959
97,acknowledgement before verifier,performance-result.json#records/96,abd2e2973bcd569176d886be05425c631e5aa256,c5610a1dbf78bad04806e195b620c3c1d793c817,27c01b216f50b33f2d2efbfc8ba739a4785adcc875019508915179cd1ce40262,4a1b592ebc6230eb7b50375977ef5251abaeea3cd27d8032953ed754e20636ee,125886264759a66e91ac03bd34be01c3a567469ea2a75fcabf2edc1d7175dc68ff,12487d3634522375fddc9a7a75600f2be1a276dfa5bce260d3851d313e673778f7,True,null,0,2666,3121,0,0,0,0,0,5332,22146961,164,3693,3058621,252,6462,0,3316,2012,4,0,1625,14340367,563,4043205,1062,10297162,0,0,0,0,376,2069176,0,0,30,206117,0,0,1219,12065074,0,0,2346,11630966,1625,14340367,36,184600,376,2069176,0,0,30,206117,0,0,157,1767912,0,0,0,0,0,0,1062,10297162,0,0,1,52,13,2294,260,142692,277,709570,719,6405631,355,7080128,0,0,406,2275293,991,7734172,221,4168507,7,162395,0,0,0,0,0,0,0,0,0,0,0,0,0,0,0,0,0,0,0,0,0,0,0,0,0,0,0,0,0,0,0,0,0,0,0,0,0,0,0,0,0,0,1062,10297162,0,0,1062,10297162,0,0,11189,13598591,13240543,66504618,11189,84642759,6658,1284,1245,993,609,400,1625,78322793,1625,4811746,1062,33406954,1062,829777,406,2275293,0,0,0,0,0,0,157,1767912,0,0,0,0,563,4043205,1062,10297162,344719976,154948,83935232,80629760,0,19685,4096,0,0,83935232,80629760,,,,154948,344719976,154948,344719976,6462,15450235,3530,3693,1625,14340367,1062,10297162,PASS,1625,14340367,[],2722872000,672788583
98,acknowledgement before verifier,performance-result.json#records/97,768e2e866fa7681107aff90e055e023c44116957,449e9b417a2c7d37bd0245faf34040c236619d79,347bde7537224be35e531caef752a217f3e7777419586c830f162aa629320aa7,61cbe1dc84e80d4f3dc28d72900f2172cb5231af2d553ffc8efdf7070db3a8b1,12487d3634522375fddc9a7a75600f2be1a276dfa5bce260d3851d313e673778f7,1222d85ea53e8fe305850498cb222fc84c953da5a2f5633ff6f69a0c216204a848,True,null,0,85,144,0,0,0,0,0,170,1566639,14,3707,224292,41,491,0,36,134,0,0,112,839231,32,256257,80,582974,0,0,0,0,27,181526,0,0,0,0,0,0,85,657705,0,0,59,908934,112,839231,0,0,27,181526,0,0,0,0,0,0,5,74731,0,0,0,0,0,0,80,582974,0,0,0,0,0,0,17,11154,41,96764,32,287528,22,443785,0,0,27,181526,72,437695,11,177168,2,42842,0,0,0,0,0,0,0,0,0,0,0,0,0,0,0,0,0,0,0,0,0,0,0,0,0,0,0,0,0,0,0,0,0,0,0,0,0,0,0,0,0,0,80,582974,0,0,80,582974,0,0,4622,3678781,3530877,13901972,4622,25146688,2692,648,427,445,265,145,112,4615915,112,257700,80,1642581,80,23163,27,181526,0,0,0,0,0,0,5,74731,0,0,0,0,32,256257,80,582974,345979435,155439,83935232,80887808,0,19748,4096,0,0,83935232,80887808,,,,155439,345979435,155439,345979435,491,1259459,3694,3707,112,839231,80,582974,PASS,112,839231,[],738486166,86419709
99,acknowledgement before verifier,performance-result.json#records/98,2e943a16432e4572c87783efc43d0d7272daa64d,ca79ac2771db6110d1585a061b09242c2f46af8f,cc0cb42c8c7cf7de5b91328342e3c9a4e62eea284b21ba38dce87de03f99b04e,ef8fa70c7db8311430d56c5dcea5a896b880fb441116f1835792b194a93879e2,1222d85ea53e8fe305850498cb222fc84c953da5a2f5633ff6f69a0c216204a848,1238cf39a5d557bb468edee15661c89bc628d41086be9d2cf8756d0c4d6f164ca9,True,null,0,575,819,0,0,0,0,0,1150,8455285,29,3736,701533,74,835,0,858,286,6,0,201,2840672,29,450266,172,2390406,0,0,0,0,1,5674,0,0,0,0,0,0,200,2834998,0,0,618,5547894,201,2840672,14,161007,1,5674,0,0,0,0,0,0,28,444592,0,0,0,0,0,0,172,2390406,0,0,0,0,0,0,21,11972,12,36127,67,723165,101,2069408,0,0,1,5674,138,1607415,57,1108190,5,119393,0,0,0,0,0,0,0,0,0,0,0,0,0,0,0,0,0,0,0,0,0,0,0,0,0,0,0,0,0,0,0,0,0,0,0,0,0,0,0,0,0,0,172,2390406,0,0,172,2390406,0,0,4972,6774270,6615166,32782258,4972,42452683,2814,779,532,425,256,166,201,13265583,201,862131,172,6106337,172,157292,1,5674,0,0,0,0,0,0,28,444592,0,0,0,0,29,450266,172,2390406,349368802,156274,83935232,81657856,0,19936,4096,0,0,83935232,81657856,,,,156274,349368802,156274,349368802,835,3389367,3708,3736,201,2840672,172,2390406,PASS,201,2840672,[],1089255458,208018625
100,acknowledgement before verifier,performance-result.json#records/99,49dff10abd50452666f994714eec298974738aa6,d0043d4a2e0d1e765b2d12e93c107686ea8c79cd,d5139a24ac46f59c306deb486b2f45dc39b196c02911eb6498e54a2a55dec3c5,91f49cf2797ef93a4018fd825a52be39652f893e49949d989d22830c4e556847,1238cf39a5d557bb468edee15661c89bc628d41086be9d2cf8756d0c4d6f164ca9,12ec3a7e312e4aa8c858e7caa35a3813391a4b8ce31cbe6a30afb36cf1c4345cac,True,null,0,1104,1461,0,0,0,0,0,2208,13525022,113,3849,2223109,194,4903,0,742,1458,8,0,1221,9568445,463,3062920,758,6505525,0,0,0,0,357,1916930,0,0,15,95191,0,0,849,7556324,0,0,730,6414529,1221,9568445,15,162188,357,1916930,0,0,15,95191,0,0,91,1050799,0,0,0,0,0,0,758,6505525,0,0,0,0,17,3128,255,143493,242,592674,476,4075119,231,4754031,0,0,372,2012121,699,4600207,148,2909824,2,46293,0,0,0,0,0,0,0,0,0,0,0,0,0,0,0,0,0,0,0,0,0,0,0,0,0,0,0,0,0,0,0,0,0,0,0,0,0,0,0,0,0,0,758,6505525,0,0,758,6505525,0,0,6078,8787763,8593267,43357934,6078,53788148,3466,1012,530,490,364,216,1221,55739518,1221,3575822,758,19318340,758,384563,372,2012121,0,0,0,0,0,0,91,1050799,0,0,0,0,463,3062920,758,6505525,359927529,161177,100712448,84217856,0,20561,4096,0,0,100712448,84217856,,,,161177,359927529,161177,359927529,4903,10558727,3737,3849,1221,9568445,758,6505525,PASS,1221,9568445,[],1472980375,421190916
101,acknowledgement before verifier,performance-result.json#records/100,32bce339da84917b696f1387d8e7e8417c73c27d,55cecfd17f446e6f04c74ec4d094d57e5c9fa801,1da3847eb66d3d7beeda844e6fcb62e25cf1bc352a8b82251930695780ec6c3d,69eb752365b43a16088f037635234588d43147e9f723dd6f1644a37b1eb0e674,12ec3a7e312e4aa8c858e7caa35a3813391a4b8ce31cbe6a30afb36cf1c4345cac,12541e031fd5f8bcfb8742a821b3d04eb20eb0fcff9e40f245146c17543ef2b450,True,null,0,526,754,0,0,0,0,0,1052,7624837,78,3927,1385113,135,2980,0,34,1012,6,0,767,6663004,224,1821043,543,4841961,0,0,0,0,137,715642,0,0,6,23621,0,0,624,5923741,0,0,122,1596569,767,6663004,11,117895,137,715642,0,0,6,23621,0,0,81,1081780,0,0,0,0,0,0,543,4841961,0,0,1,24,9,1445,129,71376,140,354985,317,2810990,171,3424184,0,0,143,739263,494,3519097,126,2333753,4,70891,0,0,0,0,0,0,0,0,0,0,0,0,0,0,0,0,0,0,0,0,0,0,0,0,0,0,0,0,0,0,0,0,0,0,0,0,0,0,0,0,0,0,543,4841961,0,0,543,4841961,0,0,3387,4953733,4845349,25651456,3387,30604676,2008,492,288,253,170,176,767,37583138,767,2329261,543,13314374,543,226010,143,739263,0,0,0,0,0,0,81,1081780,0,0,0,0,224,1821043,543,4841961,367353421,164157,100712448,85819392,0,20952,4096,0,0,100712448,85819392,,,,164157,367353421,164157,367353421,2980,7425892,3850,3927,767,6663004,543,4841961,PASS,767,6663004,[],819431333,262122458
102,acknowledgement before verifier,performance-result.json#records/101,33312c6a89e2c4c7efd7b067d88506df2a9d982f,559e6eee4defa4bcafc5b78215beaf9e9a1c2d9e,8498a8e45b5e094b45439764755782c6593ea48fb819e47dc0857eab5f88fda2,104208fefdbf21d03162af21b8c7135e8142fab2421acaa9f6ee87679a4ebe0b,12541e031fd5f8bcfb8742a821b3d04eb20eb0fcff9e40f245146c17543ef2b450,1212eb0b13e24268572d57da782907501313b6ced503cc7b0572eace32bf1ba718,True,null,0,137,241,0,0,0,0,0,274,2929936,27,3954,434145,61,834,0,26,248,0,0,216,2202793,70,555751,146,1647042,0,0,0,0,47,319386,0,0,5,31471,0,0,164,1851936,0,0,72,1046529,216,2202793,0,0,47,319386,0,0,5,31471,0,0,18,204894,0,0,0,0,0,0,146,1647042,0,0,0,0,1,179,30,14770,32,73370,82,722837,71,1391637,0,0,52,350857,117,923990,45,882635,2,45311,0,0,0,0,0,0,0,0,0,0,0,0,0,0,0,0,0,0,0,0,0,0,0,0,0,0,0,0,0,0,0,0,0,0,0,0,0,0,0,0,0,0,146,1647042,0,0,146,1647042,0,0,1342,1804195,1761251,10256047,1342,11597254,884,102,78,89,128,61,216,11097698,216,702085,146,4070211,146,77003,52,350857,0,0,0,0,0,0,18,204894,0,0,0,0,70,555751,146,1647042,370079664,164991,100712448,86298624,0,21069,4096,0,0,100712448,86298624,,,,164991,370079664,164991,370079664,834,2726243,3928,3954,216,2202793,146,1647042,PASS,216,2202793,[],525002625,156738541
103,acknowledgement before verifier,performance-result.json#records/102,a0d48c9c874e5de8fb4c4e78e44ec98d75e8699a,0b487d67ca096f0c237e62e14cf3be67108334f3,92d767e0a6e2291ac842d5fc9ad31f1bec5f60bee79158bbc317af9ef924ab54,4908dce2941a567ad09712c5242f9f1f2cbde3a03f6400ed995f25ac401efe5c,1212eb0b13e24268572d57da782907501313b6ced503cc7b0572eace32bf1ba718,123790619831d22f577c7d32f7fc774a11051fe341182f87afebcbd96f6c274ed2,True,null,0,1483,1658,0,0,0,0,0,2966,9469492,146,4100,2480397,240,7812,0,18,2948,0,0,1929,10911673,525,3539383,1404,7372290,0,0,0,0,361,2476088,0,0,1,16925,0,0,1567,8418660,0,0,451,3289312,1929,10911673,19,153738,361,2476088,0,0,1,16925,0,0,163,1046370,0,0,0,0,0,0,1404,7372290,0,0,1,59,4,796,769,415078,257,677281,698,5795183,200,4023276,0,0,362,2493013,1468,6619922,96,1730634,3,68104,0,0,0,0,0,0,0,0,0,0,0,0,0,0,0,0,0,0,0,0,0,0,0,0,0,0,0,0,0,0,0,0,0,0,0,0,0,0,0,0,0,0,1404,7372290,0,0,1404,7372290,0,0,6773,8736462,8519726,39345002,6773,49886990,4075,833,596,607,383,279,1929,73797406,1929,4755695,1404,23530302,1404,255057,362,2493013,0,0,0,0,0,0,163,1046370,0,0,0,0,525,3539383,1404,7372290,382122810,172803,100712448,89399296,0,21826,4096,0,0,100712448,89399296,,,,172803,382122810,172803,382122810,7812,12043146,3955,4100,1929,10911673,1404,7372290,PASS,1929,10911673,[],1828779542,495147416
104,acknowledgement before verifier,performance-result.json#records/103,bf385263548f0da09ab1c18361aedc9f4ed61936,7653c999f171a62978612c3103bad2e5d51c5f37,d20a3ecbff47e3287ba3694568a2124580b200a9f2491bc0bca81c93acf54412,d62531cb97c0e100c90446184b7b8d01bfc16ed942415a5897225588596276bc,123790619831d22f577c7d32f7fc774a11051fe341182f87afebcbd96f6c274ed2,12f8cb1a3568e1dfae6daf8b8b034dc16b793da6e69b4335e5020e5367f85f57c2,True,null,0,1801,2221,0,0,0,0,0,3602,18495092,197,4297,1943227,298,7853,0,56,3546,0,0,2069,16395885,349,2512681,1720,13883204,0,0,0,0,82,503128,0,0,3,6018,0,0,1984,15886739,0,0,221,2503304,2069,16395885,14,99580,82,503128,0,0,3,6018,0,0,264,2003535,0,0,0,0,0,0,1720,13883204,0,0,1,30,1,122,456,242014,285,738693,977,8520267,349,6894759,0,0,85,509146,1723,11338176,250,4324521,11,224042,0,0,0,0,0,0,0,0,0,0,0,0,0,0,0,0,0,0,0,0,0,0,0,0,0,0,0,0,0,0,0,0,0,0,0,0,0,0,0,0,0,0,1720,13883204,0,0,1720,13883204,0,0,10418,13144198,12810822,61446368,10418,77789828,6465,1144,868,718,731,492,2069,100034583,2069,6435061,1720,34655675,1720,386254,85,509146,0,0,0,0,0,0,264,2003535,0,0,0,0,349,2512681,1720,13883204,399634921,180656,100712448,91914240,0,22440,4096,0,0,100712448,91914240,,,,180656,399634921,180656,399634921,7853,17512111,4101,4297,2069,16395885,1720,13883204,PASS,2069,16395885,[],2109151333,572199541
105,acknowledgement before verifier,performance-result.json#records/104,5ba7455091ba046c9b89cf550e0ea4fb63e4e227,f9a2b7ac0069fdd54ccca2744c96f0dd8fc4090b,555dfd5c4e7f87aadabe5ba75f70474f5020dbd898cb3e23bcff5ff0def02342,007f1b813680635ef675897063fe6647aa35ba5cd596a340836da630552cb119,12f8cb1a3568e1dfae6daf8b8b034dc16b793da6e69b4335e5020e5367f85f57c2,124421e02d51aa818f2951ce126d8cef60eced297ca88f867d8a897703832f4dad,True,null,0,90,177,0,0,0,0,0,180,2442575,16,4313,372125,40,448,0,18,162,0,0,102,1243952,16,195987,86,1047965,0,0,0,0,3,21214,0,0,0,0,0,0,99,1222738,0,0,78,1219837,102,1243952,0,0,3,21214,0,0,0,0,0,0,13,174773,0,0,0,0,0,0,86,1047965,0,0,0,0,0,0,7,3804,6,15578,56,548418,33,676152,0,0,3,21214,72,722578,27,500160,0,0,0,0,0,0,0,0,0,0,0,0,0,0,0,0,0,0,0,0,0,0,0,0,0,0,0,0,0,0,0,0,0,0,0,0,0,0,0,0,0,0,0,0,86,1047965,0,0,86,1047965,0,0,1956,2207900,2145308,13100022,1956,14252730,1249,163,172,146,119,107,102,5984248,102,373600,86,2077915,86,23890,3,21214,0,0,0,0,0,0,13,174773,0,0,0,0,16,195987,86,1047965,401260712,181104,100712448,92327936,0,22541,4096,0,0,100712448,92327936,,,,181104,401260712,181104,401260712,448,1625791,4298,4313,102,1243952,86,1047965,PASS,102,1243952,[],677134500,97818458
106,acknowledgement before verifier,performance-result.json#records/105,f1f7a0cbaf7a0c9f313ba7226643ed4cf85d6b71,3e707696155a6d7854df07f0a7f5ee7066f093fa,d5ab3ef25bff2f339ad3c1e8f639c4be0267cb71d4763f637784b27df2875a37,a9963be9d73deae46d3e681d93ad2bbc938e3298e1f6c1b915d002385408a0cc,124421e02d51aa818f2951ce126d8cef60eced297ca88f867d8a897703832f4dad,1228981c948eebf82572cb2b2f008eb0965fae97eb112c3f88ba3197c2e1c67d0a,True,null,0,2611,3040,0,0,0,0,0,5222,21507002,24,4337,911112,73,1303,0,5078,132,12,0,190,1886615,112,924621,78,961994,0,0,0,0,94,610895,0,0,1,10281,0,0,95,1265439,0,0,3633,24131988,190,1886615,19,164199,94,610895,0,0,1,10281,0,0,17,303445,0,0,0,0,0,0,78,961994,0,0,1,47,6,884,28,13238,43,103515,52,535109,60,1233822,0,0,95,621176,62,602006,29,548507,4,114926,0,0,0,0,0,0,0,0,0,0,0,0,0,0,0,0,0,0,0,0,0,0,0,0,0,0,0,0,0,0,0,0,0,0,0,0,0,0,0,0,0,0,78,961994,0,0,78,961994,0,0,14560,17424356,16958436,82562047,14560,107348191,8694,1817,1382,1260,836,571,190,9767298,190,567804,78,2785669,78,73041,95,621176,0,0,0,0,0,0,17,303445,0,0,0,0,112,924621,78,961994,403860333,182407,100712448,93347840,0,22790,4096,0,0,100712448,93347840,,,,182407,403860333,182407,403860333,1303,2599621,4314,4337,190,1886615,78,961994,PASS,190,1886615,[],3308127500,564944125
107,acknowledgement before verifier,performance-result.json#records/106,deb7344383837c310879135af2f6fbe2fd7929b3,a5dbcc418771bdf05126df30910ef8332b75a091,25687436629376239aed7063d80d92e26db590af07b3229e112d75799c5f7728,a96acfcd96803783863a1484ba5860e17ed99600c59a28be29d1796830b9ca72,1228981c948eebf82572cb2b2f008eb0965fae97eb112c3f88ba3197c2e1c67d0a,129793aa5c9741c49d797121ca024f9e2ce5074845f0db23a02406298c5cd01a15,True,null,0,1163,1519,0,0,0,0,0,2326,13786841,36,4373,784107,89,1534,0,1954,364,8,0,300,3043754,85,675842,215,2367912,0,0,0,0,54,233476,0,0,3,20765,0,0,243,2789513,0,0,1694,12933064,300,3043754,12,118396,54,233476,0,0,3,20765,0,0,28,421601,0,0,0,0,0,0,215,2367912,0,0,0,0,6,924,38,22102,57,128605,110,1062910,89,1829213,0,0,57,254241,174,1404424,67,1342644,2,42445,0,0,0,0,0,0,0,0,0,0,0,0,0,0,0,0,0,0,0,0,0,0,0,0,0,0,0,0,0,0,0,0,0,0,0,0,0,0,0,0,0,0,215,2367912,0,0,215,2367912,0,0,11206,13427058,13068466,56661562,11206,80689390,6298,1920,1064,928,606,390,300,16096956,300,976126,215,6529499,215,148110,57,254241,0,0,0,0,0,0,28,421601,0,0,0,0,85,675842,215,2367912,407645245,183941,100712448,94257152,0,23012,4096,0,0,100712448,94257152,,,,183941,407645245,183941,407645245,1534,3784912,4338,4373,300,3043754,215,2367912,PASS,300,3043754,[],2056828750,351340916
108,acknowledgement before verifier,performance-result.json#records/107,fa591b5ebd73e32878e924c717fcb238746c54c6,5a18c2f9f85b01f4119a045a4f0edc91790b9d87,adb0a04aa709de1654c15e73a5140a77cdf2ada2b95ff196e66357ff51e04252,a54dfbe03aae5abef64b22f4d0f8a92415c7bbfbd75233445ce62f7dc4b38834,129793aa5c9741c49d797121ca024f9e2ce5074845f0db23a02406298c5cd01a15,12d7827a93b60b7943871adc2e843ec5b2e473ff71428889b5ad0d3287de5e1834,True,null,0,883,1168,0,0,0,0,0,1766,10599171,26,4399,686057,68,955,0,1500,260,6,0,211,2068138,56,374449,155,1693689,0,0,0,0,41,205710,0,0,1,609,0,0,169,1861819,0,0,1039,9007135,211,2068138,11,106886,41,205710,0,0,1,609,0,0,13,167394,0,0,1,736,0,0,155,1693689,0,0,0,0,1,193,38,20545,31,66974,80,696913,61,1283513,0,0,42,206319,132,1151945,35,657062,2,52812,0,0,0,0,0,0,0,0,0,0,0,0,0,0,0,0,0,0,0,0,0,0,0,0,0,0,0,0,0,0,0,0,0,0,0,0,0,0,0,0,0,0,156,1694425,0,0,156,1694425,0,0,5216,7323995,7157083,35346703,5216,44839904,3084,757,455,365,321,234,211,10944464,211,682847,156,4785954,156,108796,42,206319,0,0,0,0,0,0,13,167394,0,0,1,736,56,374449,155,1693689,410323277,184896,100712448,95023104,0,23199,4096,0,0,100712448,95023104,,,,184896,410323277,184896,410323277,955,2678032,4374,4399,211,2068138,155,1693689,PASS,211,2068138,[],1408535125,260585708
109,acknowledgement before verifier,performance-result.json#records/108,22e48c19534e5ad529abdd6d5f57ce255b62aac9,596bcf77783560aabc5eca9bdd4159bdcd8a65d7,befb19df606b6bfc422a0848b981dd5cd44ff082845da4fe2464f78414f92c0a,b7c72038faa63ef9291e6a623b63f5ff0a10bb24247c07f31a0e24a01330b112,12d7827a93b60b7943871adc2e843ec5b2e473ff71428889b5ad0d3287de5e1834,12eb207d8148ea7f3a88b682ce21f4010d4f4a458e7112bc3880eb0fd3015207cb,True,null,0,2711,3071,0,0,0,0,0,5422,19665209,29,4428,882059,69,1266,0,5112,302,8,0,235,2336853,94,793290,141,1543563,0,0,0,0,47,263629,0,0,0,0,0,0,188,2073224,0,0,3153,18903491,235,2336853,11,94742,47,263629,0,0,0,0,0,0,47,529661,0,0,0,0,0,0,141,1543563,0,0,0,0,0,0,33,19424,50,123541,83,813116,69,1380772,0,0,47,263629,144,1224749,43,815686,1,32789,0,0,0,0,0,0,0,0,0,0,0,0,0,0,0,0,0,0,0,0,0,0,0,0,0,0,0,0,0,0,0,0,0,0,0,0,0,0,0,0,0,0,141,1543563,0,0,141,1543563,0,0,9072,12161893,11871589,60694620,9072,75180774,4837,1934,878,637,459,327,235,12146580,235,734411,141,5836994,141,179334,47,263629,0,0,0,0,0,0,47,529661,0,0,0,0,94,793290,141,1543563,413234818,186162,100712448,96002048,0,23438,4096,0,0,100712448,96002048,,,,186162,413234818,186162,413234818,1266,2911541,4400,4428,235,2336853,141,1543563,PASS,235,2336853,[],3023524041,471063875
110,acknowledgement before verifier,performance-result.json#records/109,ef35c7f3b227b0640097e8d8c6ffd37bd5c3e323,349e26110ec458b4a64fa0120f0b76b94d617252,eb7e73d458dda8bf30dce29f43959497eb96a2b4167a9ee57590abb43378102c,f755562b863b642e8967922503e17acc715e39cce635e3d30329619f634ce102,12eb207d8148ea7f3a88b682ce21f4010d4f4a458e7112bc3880eb0fd3015207cb,129d2c6b663cbc5c99b010306ec5c6669354b3b67b79923a2d302a085c65ef9b47,True,null,0,2736,3183,0,0,0,0,0,5472,22473281,82,4510,2585732,167,4349,0,4840,626,6,0,730,7192448,396,3624009,334,3568439,0,0,0,0,315,2619945,0,0,29,297371,0,0,386,4275132,0,0,5518,33301808,730,7192448,63,317895,315,2619945,0,0,29,297371,0,0,51,673904,0,0,1,32789,0,0,334,3568439,0,0,0,0,0,0,117,63672,110,283457,295,2667713,208,4177606,0,0,344,2917316,300,2593464,81,1564505,5,117163,0,0,0,0,0,0,0,0,0,0,0,0,0,0,0,0,0,0,0,0,0,0,0,0,0,0,0,0,0,0,0,0,0,0,0,0,0,0,0,0,0,0,335,3601228,0,0,335,3601228,0,0,19489,23382297,22758649,111126976,19489,143405268,10962,3362,1961,1375,1065,764,730,38845710,730,2415498,335,14346746,335,501059,344,2917316,0,0,0,0,0,0,51,673904,0,0,1,32789,396,3624009,334,3568439,421571569,190511,100712448,98828288,0,24128,4096,0,0,100712448,98828288,,,,190511,421571569,190511,421571569,4349,8336751,4429,4510,730,7192448,334,3568439,PASS,730,7192448,[],4429353000,939202833
111,acknowledgement before verifier,performance-result.json#records/110,4bee3f73ef887f35825fc8b155a0d6e36646d1f1,f5814e5d96b09c77cf2edbe8aebc10f74cbd15d7,0fd9775afc6decbba7ebf9d2ecd5335dd0b6f41958b2103259301c9648d3bcaa,17c1af03cca6ff8f36d17caaf82f435274de160dfee2b51d25cfa7692ab2fcd0,129d2c6b663cbc5c99b010306ec5c6669354b3b67b79923a2d302a085c65ef9b47,129e878ead15dc83ecf310d5a36470c2e7a3a4a94630d5e0bcf31b751220cf294b,True,null,0,710,954,0,0,0,0,0,1420,8986896,86,4596,1085766,152,3319,0,36,1384,0,0,856,7253881,147,1013298,709,6240583,0,0,0,0,48,141984,0,0,2,1174,0,0,806,7110723,0,0,135,1780113,856,7253881,12,95435,48,141984,0,0,2,1174,0,0,94,867650,0,0,3,2490,0,0,709,6240583,0,0,1,38,10,1851,166,88014,136,326268,358,3174643,185,3663067,0,0,50,143158,664,4449640,134,2499861,8,161222,0,0,0,0,0,0,0,0,0,0,0,0,0,0,0,0,0,0,0,0,0,0,0,0,0,0,0,0,0,0,0,0,0,0,0,0,0,0,0,0,0,0,712,6243073,0,0,712,6243073,0,0,9529,10073193,9768265,41837351,9529,61939600,5588,1344,969,669,555,404,856,42397612,856,2727312,712,15359834,712,194482,50,143158,0,0,0,0,0,0,94,867650,0,0,3,2490,147,1013298,709,6240583,429632648,193830,100712448,100126720,0,24445,4096,0,0,100712448,100126720,,,,193830,429632648,193830,429632648,3319,8061079,4511,4596,856,7253881,709,6240583,PASS,856,7253881,[],1450680375,294947875
112,acknowledgement before verifier,performance-result.json#records/111,18328ce615fb7a2e1defd1bce911f50f68ec1c61,b94187e4f0b3f8aef396a29ad49e8b3f287a8cdb,10fa06e23409a82fa2351e7b14d728bc5beed25dddb319e7771d6a3823b4d6ad,11ad8e82cb9e1fbedd4f196eb43c16e87686c74e4fc789c549eaa13baf36851c,129e878ead15dc83ecf310d5a36470c2e7a3a4a94630d5e0bcf31b751220cf294b,12489beb51ad835919305649c5094bc23f95f5c382150c2520dcd6d3064c9189f1,True,null,0,1751,2198,0,0,0,0,0,3502,17632134,161,4757,1576231,226,7528,0,68,3434,0,0,1894,13257085,265,2156612,1629,11100473,0,0,0,0,76,386821,0,0,5,6579,0,0,1813,12863685,0,0,376,4646616,1894,13257085,15,159375,76,386821,0,0,5,6579,0,0,184,1763212,0,0,0,0,0,0,1629,11100473,0,0,0,0,4,559,247,149388,693,1351719,641,5642654,309,6112765,0,0,81,393400,1559,8121430,253,4710290,1,31965,0,0,0,0,0,0,0,0,0,0,0,0,0,0,0,0,0,0,0,0,0,0,0,0,0,0,0,0,0,0,0,0,0,0,0,0,0,0,0,0,0,0,1629,11100473,0,0,1629,11100473,0,0,8366,10382894,10115182,57180562,8366,66978002,4816,1307,845,571,479,348,1894,76130478,1894,4298873,1629,27435263,1629,195569,81,393400,0,0,0,0,0,0,184,1763212,0,0,0,0,265,2156612,1629,11100473,444037513,201358,117489664,102277120,0,24970,4096,0,0,117489664,102277120,,,,201358,444037513,201358,444037513,7528,14404865,4597,4757,1894,13257085,1629,11100473,PASS,1894,13257085,[],2133115375,515009458
113,acknowledgement before verifier,performance-result.json#records/112,6147f0238609e0b9106ac508564c6c6ac1889b57,84b97087625f3afd8e054723c0cf77dac0d916f6,060aa8d95f1f05e8de74bafec9899890b1dc08ebfec530a9a243d79293fdcc03,2b3d736254dff05b25a99da79dabf3e618de894a8c6ee9c8f4203d850589d6ff,12489beb51ad835919305649c5094bc23f95f5c382150c2520dcd6d3064c9189f1,120c4b4cb215105c14dcab2c4c151f9b355c57ade87a0c5dc2e22787ef62bc24ec,True,null,0,168,248,0,0,0,0,0,336,2562990,15,4772,440457,50,472,0,178,158,0,0,98,1042097,16,214477,82,827620,0,0,0,0,6,60433,0,0,0,0,0,0,92,981664,0,0,155,1510609,98,1042097,5,79948,6,60433,0,0,0,0,0,0,10,154044,0,0,0,0,0,0,82,827620,0,0,0,0,0,0,14,6707,15,42935,40,399209,29,593246,0,0,6,60433,79,715169,11,225932,2,40563,0,0,0,0,0,0,0,0,0,0,0,0,0,0,0,0,0,0,0,0,0,0,0,0,0,0,0,0,0,0,0,0,0,0,0,0,0,0,0,0,0,0,82,827620,0,0,82,827620,0,0,2429,2293426,2215698,11320157,2429,14823122,1541,170,259,209,136,114,98,5447630,98,337602,82,2209459,82,44733,6,60433,0,0,0,0,0,0,10,154044,0,0,0,0,16,214477,82,827620,445611430,201830,117489664,102735872,0,25082,4096,0,0,117489664,102735872,,,,201830,445611430,201830,445611430,472,1573917,4758,4772,98,1042097,82,827620,PASS,98,1042097,[],720724834,107819250
114,acknowledgement before verifier,performance-result.json#records/113,96646ce4812c33a782656d6251e27b245beeb8e6,87d0639d5802318df4810e6d648859cf21d24a2e,e65a57e4b610f06f72b57884fb2c1245065d8ae923072be6f2f75c5a7b8e0522,a1d371d90c093450d1ea7d21d387603303ce7152f069f475af2e2f157ae61a6a,120c4b4cb215105c14dcab2c4c151f9b355c57ade87a0c5dc2e22787ef62bc24ec,129712b3b80c291508cef08eea5963930fa5d9288dedcde6ae601aedb1402f0f13,True,null,0,675,928,0,0,0,0,0,1350,8490218,73,4845,1142254,129,3151,0,220,1130,0,0,800,5970789,233,1373725,567,4597064,0,0,0,0,121,537283,0,0,5,10472,0,0,674,5423034,0,0,261,3046182,800,5970789,15,116490,121,537283,0,0,5,10472,0,0,107,825970,0,0,0,0,0,0,567,4597064,0,0,0,0,1,90,102,55782,307,644085,234,2167766,156,3103066,0,0,126,547755,539,2888597,132,2471873,3,62564,0,0,0,0,0,0,0,0,0,0,0,0,0,0,0,0,0,0,0,0,0,0,0,0,0,0,0,0,0,0,0,0,0,0,0,0,0,0,0,0,0,0,567,4597064,0,0,567,4597064,0,0,3381,4848357,4740165,26911219,3381,29395481,2090,362,307,255,195,172,800,33879988,800,2003995,567,12267238,567,176715,126,547755,0,0,0,0,0,0,107,825970,0,0,0,0,233,1373725,567,4597064,452436949,204981,117489664,104116224,0,25419,4096,0,0,117489664,104116224,,,,204981,452436949,204981,452436949,3151,6825519,4773,4845,800,5970789,567,4597064,PASS,800,5970789,[],1081060417,280471000
115,acknowledgement before verifier,performance-result.json#records/114,6a604aaa858c7e910b9b46401d5f3d0e813aa5e5,020b67bb5660f0751260f5ea3408b4456f5d3949,e26bfa1cb55caa56c1c5f9b798d231d19e8ca178a7f6bd89370a6f58a137ef02,d1e426e95013380cf34b15f6f90bb9632f0732cf455a4687da3fecd6e3b98c20,129712b3b80c291508cef08eea5963930fa5d9288dedcde6ae601aedb1402f0f13,12f6eee8178818f2ffa7a43a28b1e40282b906c19140cbdc033eb06513265253e1,True,null,0,325,553,0,0,0,0,0,650,6648118,54,4899,961415,107,1920,0,30,610,10,0,495,4875884,150,1047485,345,3828399,0,0,0,0,91,398897,0,0,5,10978,0,0,399,4466009,0,0,121,1849808,495,4875884,33,332634,91,398897,0,0,5,10978,0,0,54,637610,0,0,0,0,0,0,345,3828399,0,0,1,48,4,510,87,49569,63,169215,187,1614719,153,3041823,0,0,96,409875,294,2557359,103,1869064,2,39586,0,0,0,0,0,0,0,0,0,0,0,0,0,0,0,0,0,0,0,0,0,0,0,0,0,0,0,0,0,0,0,0,0,0,0,0,0,0,0,0,0,0,345,3828399,0,0,345,3828399,0,0,3040,4026076,3928796,23196755,3040,25696622,1966,237,237,233,205,162,495,26502406,495,1638984,345,8706111,345,122918,96,409875,0,0,0,0,0,0,54,637610,0,0,0,0,150,1047485,345,3828399,458035783,206901,117489664,105181184,0,25679,4096,0,0,117489664,105181184,,,,206901,458035783,206901,458035783,1920,5598834,4846,4899,495,4875884,345,3828399,PASS,495,4875884,[],878093708,217546250
116,acknowledgement before verifier,performance-result.json#records/115,e0bbe42242f4f46111f802e20b7d82f5da99831f,c797fa26be1b5458a70deec0ee88184b141c4c5b,02cc5ee0e388da5d69b01064da4538bf5baf92a70bd290adf86000db5163a7bc,40194640f8d805fc5e2dff521918097192c8984a09c23a798deaf86ad774a386,12f6eee8178818f2ffa7a43a28b1e40282b906c19140cbdc033eb06513265253e1,120717161ec9d354d7bc6c0d2a710e8a9f5c572e6b05fc201a26c562de50758698,True,null,0,1055,1359,0,0,0,0,0,2110,12063771,119,5018,1540374,195,5038,0,66,2044,0,0,1277,9942411,288,1783846,989,8158565,0,0,0,0,111,403412,0,0,4,12737,0,0,1162,9526262,0,0,205,2529781,1277,9942411,19,182061,111,403412,0,0,4,12737,0,0,173,1367697,0,0,0,0,0,0,989,8158565,0,0,0,0,5,943,315,165918,186,471334,531,4603753,240,4700463,0,0,115,416149,1039,7443278,115,1917970,8,165014,0,0,0,0,0,0,0,0,0,0,0,0,0,0,0,0,0,0,0,0,0,0,0,0,0,0,0,0,0,0,0,0,0,0,0,0,0,0,0,0,0,0,989,8158565,0,0,989,8158565,0,0,5384,7282984,7110696,39907618,5384,42831804,3327,594,459,420,308,276,1277,59072822,1277,3718853,989,21881060,989,340111,115,416149,0,0,0,0,0,0,173,1367697,0,0,0,0,288,1783846,989,8158565,468948233,211939,117489664,107147264,0,26159,4096,0,0,117489664,107147264,,,,211939,468948233,211939,468948233,5038,10912450,4900,5018,1277,9942411,989,8158565,PASS,1277,9942411,[],1475334375,392061458
117,acknowledgement before verifier,performance-result.json#records/116,1e6e92fb0a44f39ebc77cfc1bf7eed763c8c6fbc,bff141701718eb81d54bb649144829c2b52f469c,d513a6175826e47ded0daa6f9cbbced30490596b7450517cd6c611f953ce6194,793a75451c68d524ea621daeac7487d06c80769ba97b6575ba444bbd0b502fe4,120717161ec9d354d7bc6c0d2a710e8a9f5c572e6b05fc201a26c562de50758698,12d8cf017e72f9fec18b1a1ccb24f940a15d7313be1dbed3c0e93830ff72578ef4,True,null,0,3190,3814,0,0,0,0,0,6380,28786909,59,5077,1341913,124,2487,0,5566,808,6,0,533,4954017,151,1152532,382,3801485,0,0,0,0,58,294792,0,0,2,2197,0,0,473,4657028,0,0,3618,25280125,533,4954017,27,263329,58,294792,0,0,2,2197,0,0,91,855543,0,0,0,0,0,0,382,3801485,0,0,0,0,2,375,129,67168,33,83314,242,2306654,127,2496506,0,0,60,296989,384,3165850,85,1410010,4,81168,0,0,0,0,0,0,0,0,0,0,0,0,0,0,0,0,0,0,0,0,0,0,0,0,0,0,0,0,0,0,0,0,0,0,0,0,0,0,0,0,0,0,382,3801485,0,0,382,3801485,0,0,15378,17905926,17413830,94496512,15378,111301652,9357,1787,1466,1110,961,697,533,29022012,533,1957888,382,11639845,382,281617,60,296989,0,0,0,0,0,0,91,855543,0,0,0,0,151,1152532,382,3801485,474721662,214426,117489664,108654592,0,26527,4096,0,0,117489664,108654592,,,,214426,474721662,214426,474721662,2487,5773429,5019,5077,533,4954017,382,3801485,PASS,533,4954017,[],3266307375,637493292
118,acknowledgement before verifier,performance-result.json#records/117,24dd48b1331457e046ef35a669116ada9e91073c,34d0149b3294c5de943539b3448e6c1f86514d16,d1e936b8488e8fce5421c7cc804daa8e2533e5496751759a5b6b4c5524fef4bf,ee5a483921b9c621eec3bc80bd1067a0e297d074aa87676b89d4f06448b4c6f8,12d8cf017e72f9fec18b1a1ccb24f940a15d7313be1dbed3c0e93830ff72578ef4,12b91326f7cf984bd28e0e6be0c99ce995fe101b89c47b8b28fd8de15193766224,True,null,0,3243,3911,0,0,0,0,0,6486,30339979,62,5139,1474339,128,2783,0,5868,610,8,0,561,5145698,226,1585714,335,3559984,0,0,0,0,164,896395,0,0,11,64287,0,0,386,4185016,0,0,4204,29099943,561,5145698,48,367090,164,896395,0,0,11,64287,0,0,50,604740,0,0,1,20292,0,0,335,3559984,0,0,1,50,4,435,96,52854,102,257584,205,1792368,153,3042407,0,0,175,960682,279,2185795,105,1956575,2,42646,0,0,0,0,0,0,0,0,0,0,0,0,0,0,0,0,0,0,0,0,0,0,0,0,0,0,0,0,0,0,0,0,0,0,0,0,0,0,0,0,0,0,336,3580276,0,0,336,3580276,0,0,21682,23924570,23230746,122816196,21682,151380619,13003,2722,2122,1554,1351,930,561,27608289,561,1680245,336,10713998,336,263201,175,960682,0,0,0,0,0,0,50,604740,0,0,1,20292,226,1585714,335,3559984,480816272,217209,117489664,110338048,0,26938,4096,0,0,117489664,110338048,,,,217209,480816272,217209,480816272,2783,6094610,5078,5139,561,5145698,335,3559984,PASS,561,5145698,[],3768860916,718392334
119,acknowledgement before verifier,performance-result.json#records/118,6898b0616036e33d78c281a9c54ecc9ae20a121d,e95fe837d282d17df174131de2cf8c808d1b6484,a32a34dcade0d23e94642b9465bfb6855a5647e8e7c5c3fe253ad97610398751,032558d08f52255aa0d2100f512e99d2b5af76d914d2b8c8ab6461296cb57a20,12b91326f7cf984bd28e0e6be0c99ce995fe101b89c47b8b28fd8de15193766224,124ed43315f8f4eb67a3beac942ab621471dbdee226a22c65782f7bc908947b451,True,null,0,806,1081,0,0,0,0,0,1612,10191927,26,5165,657180,73,977,0,1308,288,16,0,182,1883483,40,346089,142,1537394,0,0,0,0,13,76719,0,0,1,7039,0,0,168,1799725,0,0,1065,8932685,182,1883483,33,332041,13,76719,0,0,1,7039,0,0,26,262331,0,0,0,0,0,0,142,1537394,0,0,0,0,0,0,36,17799,16,49147,75,726649,55,1089888,0,0,14,83758,140,1262618,28,537107,0,0,0,0,0,0,0,0,0,0,0,0,0,0,0,0,0,0,0,0,0,0,0,0,0,0,0,0,0,0,0,0,0,0,0,0,0,0,0,0,0,0,0,0,142,1537394,0,0,142,1537394,0,0,7409,8682886,8445798,45049861,7409,54343592,4510,872,699,533,435,360,182,10277662,182,659266,142,3717828,142,65595,14,83758,0,0,0,0,0,0,26,262331,0,0,0,0,40,346089,142,1537394,483377486,218186,117489664,111054848,0,27113,4096,0,0,117489664,111054848,,,,218186,483377486,218186,483377486,977,2561214,5140,5165,182,1883483,142,1537394,PASS,182,1883483,[],1504436917,280889750
120,acknowledgement before verifier,performance-result.json#records/119,8d51ee9b970b4ddb3eec53bc373c8b7c5867c45f,0ea0214188d192481ba3f5a9f9ebf77ba67d96b9,1d576144ba2abd95bd96d318e20fadec4d29fc44cffe76b7682f23d64aa7d9d9,23cc2944a309d01005e5399d3b476b5ebd2ebce9f247e14ef2e1ebe02ed4acfb,124ed43315f8f4eb67a3beac942ab621471dbdee226a22c65782f7bc908947b451,126cd39235a8e11ac2a9de8b7898ebb92784e872b5afdefbd2b6ae98f253cd6572,True,null,0,1124,1430,0,0,0,0,0,2248,11795344,71,5236,1318920,132,3387,0,1098,1132,18,0,781,5855554,244,1948275,537,3907279,0,0,0,0,137,1167785,0,0,1,4107,0,0,643,4683662,0,0,1221,9802490,781,5855554,37,344198,137,1167785,0,0,1,4107,0,0,106,776383,0,0,0,0,0,0,537,3907279,0,0,1,26,6,1242,101,55412,285,601799,233,2118352,155,3078723,0,0,138,1171892,556,2999214,84,1625811,3,58637,0,0,0,0,0,0,0,0,0,0,0,0,0,0,0,0,0,0,0,0,0,0,0,0,0,0,0,0,0,0,0,0,0,0,0,0,0,0,0,0,0,0,537,3907279,0,0,537,3907279,0,0,6844,8528412,8309404,46250928,6844,53826665,4244,779,542,503,408,368,781,33761621,781,1930152,537,11144542,537,168484,138,1171892,0,0,0,0,0,0,106,776383,0,0,0,0,244,1948275,537,3907279,490138255,221573,117489664,112652288,0,27503,4096,0,0,117489664,112652288,,,,221573,490138255,221573,490138255,3387,6760769,5166,5236,781,5855554,537,3907279,PASS,781,5855554,[],1778526750,444543500
121,acknowledgement before verifier,performance-result.json#records/120,ba1b0e15fc75c2a6dffa047817a6c0c2c328e1e0,9ccea1752287689387f25c3cf8491f1399996ae8,52342c50e5af66663ebef55dec7db1ca0cce0acbd52bdbaf0570bb1236afd81c,f81f7d3d47b867cf4102d479177e116a668aafd549aca9cf70dcc1e65dcd5a1f,126cd39235a8e11ac2a9de8b7898ebb92784e872b5afdefbd2b6ae98f253cd6572,12f9fc3df9a00554ee51ef1ec53b42513696a5e48fd987346d959e67dc5bd77c65,True,null,0,46,65,0,0,0,0,0,92,696524,5,5241,181270,24,101,0,68,24,0,0,12,97905,2,39452,10,58453,0,0,0,0,0,0,0,0,0,0,0,0,12,97905,0,0,53,598619,12,97905,0,0,0,0,0,0,0,0,0,0,2,39452,0,0,0,0,0,0,10,58453,0,0,0,0,0,0,3,1435,0,0,7,51859,2,44611,0,0,0,0,10,53294,2,44611,0,0,0,0,0,0,0,0,0,0,0,0,0,0,0,0,0,0,0,0,0,0,0,0,0,0,0,0,0,0,0,0,0,0,0,0,0,0,0,0,0,0,0,0,10,58453,0,0,10,58453,0,0,1153,817059,780163,3963508,1153,9887010,751,103,75,73,74,77,12,606583,12,37045,10,207415,10,2873,0,0,0,0,0,0,0,0,2,39452,0,0,0,0,2,39452,10,58453,490521935,221674,117489664,112840704,0,27549,4096,0,0,117489664,112840704,,,,221674,490521935,221674,490521935,101,383680,5237,5241,12,97905,10,58453,PASS,12,97905,[],766285958,83539667
122,acknowledgement before verifier,performance-result.json#records/121,37247ea70544de047143bf6d274c4dd48511e79c,ed0ae32693447c79aa0f110a61a4cef8c45065af,21ca12cd7077b791b75a67e94e8f2ffd1266750288f078f720b398bd823931b9,f2397a2c0ddf5d3204603bace77bd4deaa623be200dea93fee9b2a3e88ec7512,12f9fc3df9a00554ee51ef1ec53b42513696a5e48fd987346d959e67dc5bd77c65,12a0c234b89ee0cefb4104c562e1a62d8cb5dcc0ebfe1469bc9876f7ab06a702c9,True,null,0,2895,3458,0,0,0,0,0,5790,25189992,348,5589,5502555,481,16707,0,72,5680,38,0,4216,28657207,1527,10054755,2689,18602452,0,0,0,0,1043,6416545,0,0,17,41827,0,0,3156,22198835,0,0,499,3984246,4216,28657207,76,381150,1043,6416545,0,0,17,41827,0,0,467,3596383,0,0,0,0,0,0,2689,18602452,0,0,0,0,27,4939,1048,584640,944,2188169,1566,13275380,631,12604079,0,0,1060,6458372,2803,15919966,335,5852337,18,426532,0,0,0,0,0,0,0,0,0,0,0,0,0,0,0,0,0,0,0,0,0,0,0,0,0,0,0,0,0,0,0,0,0,0,0,0,0,0,0,0,0,0,2689,18602452,0,0,2689,18602452,0,0,14481,16736759,16273367,89240622,14481,125367455,8978,1590,1252,1019,880,762,4216,177025635,4216,10564921,2689,53010842,2689,692058,1060,6458372,0,0,0,0,0,0,467,3596383,0,0,0,0,1527,10054755,2689,18602452,521105981,238381,134266880,119476224,0,29169,4096,0,0,134266880,119476224,,,,238381,521105981,238381,521105981,16707,30584046,5242,5589,4216,28657207,2689,18602452,PASS,4216,28657207,[],4599681750,1032282666
123,acknowledgement before verifier,performance-result.json#records/122,c6f3414e9d0f06cb1fc5a1920eb0d50bf68f12ce,48c5c7e2c730726bcc4228911c738803c6193f7c,9768f7fdfb6a33abf633e4a423d5afde99aa7f4a03b95b3295fb09f5b896e468,5cfc7f40d106e890002142416d5185556ec32a186534c1b17b07085ffe0246ad,12a0c234b89ee0cefb4104c562e1a62d8cb5dcc0ebfe1469bc9876f7ab06a702c9,126522c145cd4a14ae609f1830b174025546297f3ab6af9d3d2a86e1e6d7bdb14f,True,null,0,491,651,0,0,0,0,0,982,5152676,50,5639,945973,104,2377,0,20,962,0,0,599,3805235,135,941345,464,2863890,0,0,0,0,60,324077,0,0,1,2919,0,0,538,3478239,0,0,109,1638102,599,3805235,3,33416,60,324077,0,0,1,2919,0,0,73,586749,0,0,1,27600,0,0,464,2863890,0,0,1,56,4,803,80,43024,286,590339,127,1127335,101,2043678,0,0,61,326996,459,1937268,79,1540971,0,0,0,0,0,0,0,0,0,0,0,0,0,0,0,0,0,0,0,0,0,0,0,0,0,0,0,0,0,0,0,0,0,0,0,0,0,0,0,0,0,0,0,0,465,2891490,0,0,465,2891490,0,0,7579,7013039,6770511,29192840,7579,48068880,4329,1271,705,531,410,333,599,23068772,599,1425273,465,8699617,465,126315,61,326996,0,0,0,0,0,0,73,586749,0,0,1,27600,135,941345,464,2863890,525693588,240758,134266880,120606720,0,29445,4096,0,0,134266880,120606720,,,,240758,525693588,240758,525693588,2377,4587607,5590,5639,599,3805235,464,2863890,PASS,599,3805235,[],1364999500,262643875
124,acknowledgement before verifier,performance-result.json#records/123,7dd6436d52aa59f9b58c927f38a1076a12cde85c,47947f5db7df2d19f857779bcd17828b4bb272c6,cfcf0e3f638931518a8ed675c452f3d9f2f525140aaf7746d31b2aa82c286056,a17d9ac9fc83f4eadde2dc1e15cbba7ac611222b3d260a3813b432290566a6c2,126522c145cd4a14ae609f1830b174025546297f3ab6af9d3d2a86e1e6d7bdb14f,12ff4c04dd605aba8525fce8d90b795f2adac49af0095cf226743adf799b3fd683,True,null,0,205,314,0,0,0,0,0,410,3534388,33,5672,721912,80,1174,0,24,386,0,0,279,2546085,83,603003,196,1943082,0,0,0,0,49,191717,0,0,4,27164,0,0,226,2327204,0,0,82,1174418,279,2546085,2,5602,49,191717,0,0,4,27164,0,0,30,384122,0,0,0,0,0,0,196,1943082,0,0,0,0,0,0,53,29782,36,73926,124,1126709,66,1315668,0,0,53,218881,177,1415704,48,893290,1,18210,0,0,0,0,0,0,0,0,0,0,0,0,0,0,0,0,0,0,0,0,0,0,0,0,0,0,0,0,0,0,0,0,0,0,0,0,0,0,0,0,0,0,196,1943082,0,0,196,1943082,0,0,2285,2569580,2496460,12805980,2285,21150955,1337,290,284,167,109,98,279,15042535,279,897919,196,5379205,196,93652,53,218881,0,0,0,0,0,0,30,384122,0,0,0,0,83,603003,196,1943082,528909937,241932,134266880,121405440,0,29640,4096,0,0,134266880,121405440,,,,241932,528909937,241932,528909937,1174,3216349,5640,5672,279,2546085,196,1943082,PASS,279,2546085,[],1041526500,175370708
125,acknowledgement before verifier,performance-result.json#records/124,07484b947459a209bbf8de91c37a1288286ae2dc,9923f24e0e9d0a5046be546d1f2cb6145b10f89a,91963d9b49558e43a63864757cae7231bc6037fa46853c0ee516506590765f89,95a68c8eecdafee9ffdfd7412f3a5583019f0cc1dd0e37a673eb7adfe3849716,12ff4c04dd605aba8525fce8d90b795f2adac49af0095cf226743adf799b3fd683,12b4219f1833fd098bcab062c463f1adabfee3b7ef450138d4da4ffdfbac863dea,True,null,0,567,771,0,0,0,0,0,1134,6624277,56,5728,864638,108,2683,0,84,1050,0,0,669,4575745,139,884805,530,3690940,0,0,0,0,74,319870,0,0,5,5703,0,0,590,4250172,0,0,173,2319723,669,4575745,12,122340,74,319870,0,0,5,5703,0,0,59,559028,0,0,1,204,0,0,530,3690940,0,0,0,0,9,1511,81,45791,292,566724,156,1324523,131,2637196,0,0,79,325573,511,2828583,75,1343712,4,77877,0,0,0,0,0,0,0,0,0,0,0,0,0,0,0,0,0,0,0,0,0,0,0,0,0,0,0,0,0,0,0,0,0,0,0,0,0,0,0,0,0,0,531,3691144,0,0,531,3691144,0,0,3919,4502990,4377582,23816077,3919,31443246,2389,357,534,232,237,170,669,26993948,669,1508952,531,10481140,531,137328,79,325573,0,0,0,0,0,0,59,559028,0,0,1,204,139,884805,530,3690940,534287181,244615,134266880,122482688,0,29903,4096,0,0,134266880,122482688,,,,244615,534287181,244615,534287181,2683,5377244,5673,5728,669,4575745,530,3690940,PASS,669,4575745,[],1345967708,292380042
126,acknowledgement before verifier,performance-result.json#records/125,8e2785d9eb4f8ca3181a781fbdfb25437b23cf0f,adeb67bbedc1b97130513efa4ba2d3e94d160465,f699597fff690445206311e600f4c9a9ea36e61abf98511013820e3908f8a5d0,e62270fbacf37a150b42f9f08abcbbe6c71c9ff8af3ce99edb7c80b0be7b21d7,12b4219f1833fd098bcab062c463f1adabfee3b7ef450138d4da4ffdfbac863dea,128404ad788feabac9fc720e48cd76c7c780abc214a948bb637e212f2166956542,True,null,0,215,352,0,0,0,0,0,430,3864475,31,5759,669718,78,1107,0,10,420,0,0,276,2391366,69,603369,207,1787997,0,0,0,0,24,121157,0,0,4,11642,0,0,248,2258567,0,0,93,1489765,276,2391366,7,104501,24,121157,0,0,4,11642,0,0,41,470570,0,0,0,0,0,0,207,1787997,0,0,0,0,5,929,40,21209,65,159921,100,894535,66,1314772,0,0,28,132799,196,1269292,50,949712,2,39563,0,0,0,0,0,0,0,0,0,0,0,0,0,0,0,0,0,0,0,0,0,0,0,0,0,0,0,0,0,0,0,0,0,0,0,0,0,0,0,0,0,0,207,1787997,0,0,207,1787997,0,0,2225,2626511,2555311,14004423,2225,23430653,1407,189,170,245,109,105,276,13589788,276,795779,207,4721535,207,66674,28,132799,0,0,0,0,0,0,41,470570,0,0,0,0,69,603369,207,1787997,537321499,245722,134266880,123269120,0,30095,4096,0,0,134266880,123269120,,,,245722,537321499,245722,537321499,1107,3034318,5729,5759,276,2391366,207,1787997,PASS,276,2391366,[],1110185500,170252958
127,acknowledgement before verifier,performance-result.json#records/126,d57c2d19db1aa45656653e217ea6cff1840b9077,3e5709741d506554cbb53d4d18b10418979efa9a,f0ff7bc92a8bb5e41235cffbcc81f774cf21de519bd9a9b475e88003ac9824fe,44f624ed32bbd8609d01d869e84029b1e4132c666de3eea9400f99648c559be8,128404ad788feabac9fc720e48cd76c7c780abc214a948bb637e212f2166956542,128d628ae7de819aef88c373e694784d22c4f8b121632213ea5d7e7d2bf4a3d7c9,True,null,0,344,550,0,0,0,0,0,688,6435594,54,5813,921641,110,1876,0,72,616,0,0,475,4511583,143,1007782,332,3503801,0,0,0,0,87,456830,0,0,6,47462,0,0,382,4007291,0,0,168,2369655,475,4511583,8,110212,87,456830,0,0,6,47462,0,0,50,503490,0,0,0,0,0,0,332,3503801,0,0,0,0,3,653,78,41498,81,218437,196,1857391,117,2393604,0,0,93,504292,298,2391929,82,1585674,2,29688,0,0,0,0,0,0,0,0,0,0,0,0,0,0,0,0,0,0,0,0,0,0,0,0,0,0,0,0,0,0,0,0,0,0,0,0,0,0,0,0,0,0,332,3503801,0,0,332,3503801,0,0,2034,3321356,3256268,19067778,2034,21175101,1266,213,177,148,127,103,475,24995795,475,1508899,332,8874049,332,153718,93,504292,0,0,0,0,0,0,50,503490,0,0,0,0,143,1007782,332,3503801,542619530,247598,134266880,124329984,0,30354,4096,0,0,134266880,124329984,,,,247598,542619530,247598,542619530,1876,5298031,5760,5813,475,4511583,332,3503801,PASS,475,4511583,[],1044351250,253492084
128,acknowledgement before verifier,performance-result.json#records/127,9b5fad14e01cd1408818c8a0fcb8bc43e481ac61,8c28e253b45abb458979526817c049c444d85dfd,737ac5350f378f98ef6d46bfd462d91bdad9662e80172236966d1741f6022e30,2ef29ff60d6633d4d2b0a57cf30dad53e7d6809551b74b0c7a545ef47fa33513,128d628ae7de819aef88c373e694784d22c4f8b121632213ea5d7e7d2bf4a3d7c9,12d3750142ae77bca3a35f25a2157cd9003f8eb402859babf60c86ffb8fd07881a,True,null,0,173,324,0,0,0,0,0,346,4110937,30,5843,645013,75,935,0,22,324,0,0,240,2544488,58,428281,182,2116207,0,0,0,0,21,92974,0,0,6,17941,0,0,213,2433573,0,0,99,1554610,240,2544488,6,104813,21,92974,0,0,6,17941,0,0,31,317366,0,0,0,0,0,0,182,2116207,0,0,0,0,2,307,37,18701,26,63439,88,747849,87,1714192,0,0,27,110915,158,1385771,52,983046,3,64756,0,0,0,0,0,0,0,0,0,0,0,0,0,0,0,0,0,0,0,0,0,0,0,0,0,0,0,0,0,0,0,0,0,0,0,0,0,0,0,0,0,0,182,2116207,0,0,182,2116207,0,0,1319,2230509,2188301,13250415,1319,15908831,814,166,86,98,88,67,240,13876833,240,853481,182,5573378,182,107174,27,110915,0,0,0,0,0,0,31,317366,0,0,0,0,58,428281,182,2116207,545776691,248533,134266880,125071360,0,30535,4096,0,0,134266880,125071360,,,,248533,545776691,248533,545776691,935,3157161,5814,5843,240,2544488,182,2116207,PASS,240,2544488,[],904855000,172289667
129,acknowledgement before verifier,performance-result.json#records/128,d6010c2d88c26fc60788e0cee0f2c2c9d518f4fb,b3524d5b0a06cd08b625da4896b55bfe9b41730d,da773f4a12fe371127730831bb07aa37afe3cb56e0aeac623779413690159441,db59b718282136c0bd50ec4fc0a368222fd2bc995a186fdc89a3c230dd87024a,12d3750142ae77bca3a35f25a2157cd9003f8eb402859babf60c86ffb8fd07881a,12cb06a6cb18e26971ec146f82490e9991be4a0e845274c80b30061097c18665fc,True,null,0,1507,1911,0,0,0,0,0,3014,15914937,61,5904,1269449,119,2487,0,2012,1002,0,0,628,5261754,147,1258795,481,4002959,0,0,0,0,36,234933,0,0,2,16574,0,0,590,5010247,0,0,1439,12304945,628,5261754,22,211483,36,234933,0,0,2,16574,0,0,109,1007288,0,0,0,0,0,0,481,4002959,0,0,0,0,1,202,103,53758,181,399087,197,1824485,146,2984222,0,0,38,251507,512,3497995,74,1411154,4,101098,0,0,0,0,0,0,0,0,0,0,0,0,0,0,0,0,0,0,0,0,0,0,0,0,0,0,0,0,0,0,0,0,0,0,0,0,0,0,0,0,0,0,481,4002959,0,0,481,4002959,0,0,6986,10116912,9893360,53518620,6986,63825938,4293,880,556,446,399,412,628,29834541,628,1819228,481,13173453,481,306063,38,251507,0,0,0,0,0,0,109,1007288,0,0,0,0,147,1258795,481,4002959,551832287,251020,134266880,126504960,0,30885,4096,0,0,134266880,126504960,,,,251020,551832287,251020,551832287,2487,6055596,5844,5904,628,5261754,481,4002959,PASS,628,5261754,[],2507716166,449902375
130,acknowledgement before verifier,performance-result.json#records/129,b3b6407a2cc70d11fbc1cf8d38b4cf2f582a0b68,22a7557fd8697d3c14c47d61ea4e6c9c300f571e,d58b616f7f540f8837fa618e9a337682584b7e94c70184f07d82470f680c7eb8,4c819d9cf79ee00303a4ba6ad0cdbfbf9088f91451464d329fbbbc868a31e387,12cb06a6cb18e26971ec146f82490e9991be4a0e845274c80b30061097c18665fc,124ce0fcccc49173286031cf99219cb445f39ce4cd0ab057a3992c5abf905ebabc,True,null,0,1689,2179,0,0,0,0,0,3378,18906941,84,5988,1638043,154,4091,0,2158,1220,0,0,980,7056408,379,1866290,601,5190118,0,0,0,0,245,886103,0,0,10,71851,0,0,725,6098454,0,0,1806,14609386,980,7056408,24,215189,245,886103,0,0,10,71851,0,0,124,908336,0,0,0,0,0,0,601,5190118,0,0,26,1209,30,4016,119,64243,363,785935,244,2210515,198,3990490,0,0,255,957954,584,3332170,132,2569901,9,196383,0,0,0,0,0,0,0,0,0,0,0,0,0,0,0,0,0,0,0,0,0,0,0,0,0,0,0,0,0,0,0,0,0,0,0,0,0,0,0,0,0,0,601,5190118,0,0,601,5190118,0,0,8901,11859695,11574863,64042353,8901,79252463,5474,1114,729,498,595,491,980,40598533,980,2326522,601,15848703,601,334788,255,957954,0,0,0,0,0,0,124,908336,0,0,0,0,379,1866290,601,5190118,559936759,255111,134266880,128389120,0,31345,4096,0,0,134266880,128389120,,,,255111,559936759,255111,559936759,4091,8104472,5905,5988,980,7056408,601,5190118,PASS,980,7056408,[],3134012208,571605333
131,acknowledgement before verifier,performance-result.json#records/130,708a25a8a9362079185abb4f0c747cff4df74398,b68d42e268af0a0ffb028f0bcaa44c9483dcc314,8f4ac3d9e0f2becfa329c0c4660e4b1127cafdfb694f4f0cedb96feab4585828,0bb86cd9db462363c81b3ebb1bae47730cd6e09a25c24a0a4568a6d4bf772c3f,124ce0fcccc49173286031cf99219cb445f39ce4cd0ab057a3992c5abf905ebabc,12ed3366dea9a141f20e928f6d189b8def7ddfcf0213422fd6d6c3065e172b9371,True,null,0,1854,2133,0,0,0,0,0,3708,13205503,155,6143,1987958,259,8004,0,40,3664,4,0,2058,11680428,356,2243299,1702,9437129,0,0,0,0,75,371007,0,0,5,14090,0,0,1978,11295331,0,0,137,1772224,2058,11680428,14,124818,75,371007,0,0,5,14090,0,0,276,1858202,0,0,0,0,0,0,1702,9437129,0,0,0,0,3,612,814,431696,293,812254,722,5946556,226,4489310,0,0,80,385097,1812,8328061,164,2929519,2,37751,0,0,0,0,0,0,0,0,0,0,0,0,0,0,0,0,0,0,0,0,0,0,0,0,0,0,0,0,0,0,0,0,0,0,0,0,0,0,0,0,0,0,1702,9437129,0,0,1702,9437129,0,0,8780,9352599,9071639,42517255,8780,59309317,5480,967,700,621,510,502,2058,79134065,2058,5159815,1702,27822410,1702,249726,80,385097,0,0,0,0,0,0,276,1858202,0,0,0,0,356,2243299,1702,9437129,572847328,263115,134266880,130867200,0,31950,4096,0,0,134266880,130867200,,,,263115,572847328,263115,572847328,8004,12910569,5989,6143,2058,11680428,1702,9437129,PASS,2058,11680428,[],2487020667,564867333
132,acknowledgement before verifier,performance-result.json#records/131,d04adbc73c662dde8d1cd90d398c4df5e4e01bac,0810dac5ac030315e25731dbda82c6853dd21406,4ad0615706b29d92d8f76737fe5b41fa244e3935393f67667a731cc90e18412e,fc55fc95f306a579fcd9c5bf939a51f79a8962b29487c32fa7b1bf0201110b62,12ed3366dea9a141f20e928f6d189b8def7ddfcf0213422fd6d6c3065e172b9371,1229df264928f11cea75a2005a8a789bcc5379bbd2239ebdfab2041d834f8a6972,True,null,0,677,908,0,0,0,0,0,1354,7994166,86,6229,1468771,144,3744,0,98,1254,2,0,951,6962379,360,1983587,591,4978792,0,0,0,0,205,1043853,0,0,5,35949,0,0,741,5882577,0,0,152,1905027,951,6962379,11,170875,205,1043853,0,0,5,35949,0,0,150,903785,0,0,0,0,0,0,591,4978792,0,0,1,59,2,410,96,54819,361,769092,324,2732174,167,3405825,0,0,210,1079802,616,3531706,122,2274165,3,76706,0,0,0,0,0,0,0,0,0,0,0,0,0,0,0,0,0,0,0,0,0,0,0,0,0,0,0,0,0,0,0,0,0,0,0,0,0,0,0,0,0,0,591,4978792,0,0,591,4978792,0,0,7887,7077243,6824859,34240038,7887,58330285,4855,940,724,473,395,500,951,38492306,951,2197875,591,14075486,591,253097,210,1079802,0,0,0,0,0,0,150,903785,0,0,0,0,360,1983587,591,4978792,580737688,266859,134266880,132628480,0,32380,4096,0,0,134266880,132628480,,,,266859,580737688,266859,580737688,3744,7890360,6144,6229,951,6962379,591,4978792,PASS,951,6962379,[],1776736375,342677125
133,acknowledgement before verifier,performance-result.json#records/132,947205fb80d546b0be5d044ef886777b455af3e5,e5e6b931df7b9a5bd6368451013448b9ddf11fcd,baa2cc7917cedd96780fa7aee5f6b4527cb36de7133ccd71dd443dda23666795,db376b8e36bf161acb8016b0553f2d6ec49c46a416ccbc5aa5ecd18e0a58645b,1229df264928f11cea75a2005a8a789bcc5379bbd2239ebdfab2041d834f8a6972,123ff47250aee6161e6f85b22aa6f61641bde461861fa3f6899264a6aceaa43bd8,True,null,0,1235,1602,0,0,0,0,0,2470,14295907,149,6378,2086252,237,6285,0,58,2380,32,0,1583,12100149,406,2426135,1177,9674014,0,0,0,0,226,820234,0,0,3,33881,0,0,1354,11246034,0,0,208,2539448,1583,12100149,51,487872,226,820234,0,0,3,33881,0,0,177,1572020,0,0,0,0,0,0,1177,9674014,0,0,0,0,5,1077,292,161050,363,898128,653,5666913,270,5372981,0,0,229,854115,1209,8606596,140,2536189,5,103249,0,0,0,0,0,0,0,0,0,0,0,0,0,0,0,0,0,0,0,0,0,0,0,0,0,0,0,0,0,0,0,0,0,0,0,0,0,0,0,0,0,0,1177,9674014,0,0,1177,9674014,0,0,11663,13349677,12976461,64506448,11663,92572099,6819,1664,1183,862,628,507,1583,70874057,1583,4301124,1177,27054494,1177,429280,229,854115,0,0,0,0,0,0,177,1572020,0,0,0,0,406,2426135,1177,9674014,594047045,273144,151044096,135176192,0,33002,4096,0,0,151044096,135176192,,,,273144,594047045,273144,594047045,6285,13309357,6230,6378,1583,12100149,1177,9674014,PASS,1583,12100149,[],2532993583,518573584
134,acknowledgement before verifier,performance-result.json#records/133,78b8cc731e05bb7102b7730aaacc18505cd79c99,38072da7ea3f8ac06fa72e9de99837d6e13642ca,ca0e6809a9a08f9d8e6bfe8ad5331ce105bd6076ecd4bfcd19675575d2b07ca2,da14cab80dc5d86069b2df9b34ab0e6502cedc157cca60638127cdbf7afe406e,123ff47250aee6161e6f85b22aa6f61641bde461861fa3f6899264a6aceaa43bd8,129d52ab97400ea3387dad1630eab6036650c815fe77e5a15065b0d9b7c3d3ab7c,True,null,0,799,1084,0,0,0,0,0,1598,10210580,124,6502,2084447,193,4952,0,18,1580,0,0,1289,10663007,484,3565743,805,7097264,0,0,0,0,336,2145794,0,0,15,104464,0,0,938,8412749,0,0,159,1691764,1289,10663007,7,126838,336,2145794,0,0,15,104464,0,0,133,1315485,0,0,0,0,0,0,805,7097264,0,0,0,0,12,2350,197,123499,325,821974,483,4302324,272,5412860,0,0,351,2250258,771,5331313,159,2910253,8,171183,0,0,0,0,0,0,0,0,0,0,0,0,0,0,0,0,0,0,0,0,0,0,0,0,0,0,0,0,0,0,0,0,0,0,0,0,0,0,0,0,0,0,805,7097264,0,0,805,7097264,0,0,5049,6317401,6155833,36620552,5049,46625163,3064,621,438,390,298,238,1289,59138627,1289,3297088,805,19819087,805,354873,351,2250258,0,0,0,0,0,0,133,1315485,0,0,0,0,484,3565743,805,7097264,605759366,278096,151044096,137613312,0,33597,4096,0,0,151044096,137613312,,,,278096,605759366,278096,605759366,4952,11712321,6379,6502,1289,10663007,805,7097264,PASS,1289,10663007,[],1865906708,471982542
135,acknowledgement before verifier,performance-result.json#records/134,76a03e104e12dde154eefbd9e725c9b736f9aeaa,4884269f518284fd716fd21f0f14a4470f98737f,525c6c1f0d93fa38309a6284d6d516a89cbd9c5c457d9a5a54057e11e2d9c7bd,3969c629b9b26cfd912c46fb0edf9110d2a2c89993fcea1bf75b27702c2f2360,129d52ab97400ea3387dad1630eab6036650c815fe77e5a15065b0d9b7c3d3ab7c,12f651f9983ae0f91b01a3f33eb0870919860e38ba40f71c536260068998829848,True,null,0,677,1042,0,0,0,0,0,1354,11376177,104,6606,1635370,178,3594,0,64,1274,16,0,955,9513172,255,2271396,700,7241776,0,0,0,0,116,702325,0,0,7,43115,0,0,832,8767732,0,0,166,2067024,955,9513172,45,538418,116,702325,0,0,7,43115,0,0,132,1525956,0,0,0,0,0,0,700,7241776,0,0,0,0,2,236,139,73366,142,366961,397,3595450,275,5477159,0,0,123,745440,621,4848389,205,3799376,6,119967,0,0,0,0,0,0,0,0,0,0,0,0,0,0,0,0,0,0,0,0,0,0,0,0,0,0,0,0,0,0,0,0,0,0,0,0,0,0,0,0,0,0,700,7241776,0,0,700,7241776,0,0,4737,6720629,6569045,39066054,4737,48875266,2870,634,394,303,274,262,955,50637338,955,3122085,700,18293290,700,303912,123,745440,0,0,0,0,0,0,132,1525956,0,0,0,0,255,2271396,700,7241776,616236416,281690,151044096,139497472,0,34057,4096,0,0,151044096,139497472,,,,281690,616236416,281690,616236416,3594,10477050,6503,6606,955,9513172,700,7241776,PASS,955,9513172,[],1717174875,392808042
136,acknowledgement before verifier,performance-result.json#records/135,4760c40e847ec6e6f06e8a8303e9ac25ae4c84c4,8544564d6e05613bc147c67b12c85c77572c0994,0dd97e64025186a1af8f31532675862c6e7667188486abf4aaf3b2dc4c584541,24543f9f00521698fb71fb2e2f24bcdf9264f32d02e63abdb4da2f7516abc837,12f651f9983ae0f91b01a3f33eb0870919860e38ba40f71c536260068998829848,12a7dc4ed9b879089e646c58f3a36fa582d6d4da69817e83111fffa87bffa988a8,True,null,0,2396,2959,0,0,0,0,0,4792,23732576,16,6622,661002,65,667,0,4598,108,86,0,85,854471,26,306846,59,547625,0,0,0,0,9,67888,0,0,2,38087,0,0,74,748496,0,0,3178,24780329,85,854471,65,352842,9,67888,0,0,2,38087,0,0,15,200871,0,0,0,0,0,0,59,547625,0,0,0,0,0,0,16,8403,10,29938,28,243089,31,573041,0,0,11,105975,51,330516,20,351478,3,66502,0,0,0,0,0,0,0,0,0,0,0,0,0,0,0,0,0,0,0,0,0,0,0,0,0,0,0,0,0,0,0,0,0,0,0,0,0,0,0,0,0,0,59,547625,0,0,59,547625,0,0,11455,14591196,14224636,81264164,11455,104849553,6925,1401,1140,779,613,597,85,4458538,85,253191,59,2106244,59,59783,11,105975,0,0,0,0,0,0,15,200871,0,0,0,0,26,306846,59,547625,617823005,282357,151044096,140214272,0,34232,4096,0,0,151044096,140214272,,,,282357,617823005,282357,617823005,667,1586589,6607,6622,85,854471,59,547625,PASS,85,854471,[],3809247459,589339208
137,acknowledgement before verifier,performance-result.json#records/136,8dc78528818b403659c95b8c4dbb9c90af241825,e36d84cf3e7b085e8c2197735e8779cd755aa63a,7156b9536f79fea93ecf067f109d956bc93ff29c4ff72c1a1801876d65378f9c,bb89fd7d2defb9cf075815fc8d40f73f283aae39fedd07ca7ef8646d7a95ca19,12a7dc4ed9b879089e646c58f3a36fa582d6d4da69817e83111fffa87bffa988a8,12d42a9883f0e3c21b0e1af4234fcb9822670ee9c4fee07bbbabc2c6b0958e6dc8,True,null,0,71,178,0,0,0,0,0,142,2442295,7,6629,225127,34,201,0,110,32,0,0,32,268830,14,94840,18,173990,0,0,0,0,11,49950,0,0,1,7642,0,0,20,211238,0,0,152,2130409,32,268830,7,109139,11,49950,0,0,1,7642,0,0,2,37248,0,0,0,0,0,0,18,173990,0,0,0,0,0,0,7,3662,5,9692,12,105417,8,150059,0,0,12,57592,16,131315,4,79923,0,0,0,0,0,0,0,0,0,0,0,0,0,0,0,0,0,0,0,0,0,0,0,0,0,0,0,0,0,0,0,0,0,0,0,0,0,0,0,0,0,0,0,0,18,173990,0,0,18,173990,0,0,1128,1588034,1551938,9292543,1128,13405776,723,111,87,66,60,81,32,1604502,32,91423,18,542623,18,12175,12,57592,0,0,0,0,0,0,2,37248,0,0,0,0,14,94840,18,173990,618484050,282558,151044096,140451840,0,34290,4096,0,0,151044096,140451840,,,,282558,618484050,282558,618484050,201,661045,6623,6629,32,268830,18,173990,PASS,32,268830,[],1053109750,132467417
138,acknowledgement before verifier,performance-result.json#records/137,1ca08183a68efcb1e204ab0ed520414204f5a19e,69313a4c514ebd7264cc392e0820eb909fb47271,2f658ad07f6b4f804e0f5e20a370a4b5aeaccf1792dfcd9387a545f1a7ac64ac,66164127895e641550309bb13b58e8986393b76d50597d93e6eb2bdb49366660,12d42a9883f0e3c21b0e1af4234fcb9822670ee9c4fee07bbbabc2c6b0958e6dc8,1223e97069dfbeb31d5395126aa6913587999a851fc0063c57da81c4df9d9684f4,True,null,0,2399,2990,0,0,0,0,0,4798,25079357,172,6801,3512019,283,8398,0,3064,1734,0,0,1828,14487939,963,6059332,865,8428607,0,0,0,0,756,4169438,0,0,22,136544,0,0,1050,10181957,0,0,2972,18899157,1828,14487939,99,753453,756,4169438,0,0,22,136544,0,0,185,1753350,0,0,0,0,0,0,865,8428607,0,0,12,414,123,20405,287,158810,308,737419,737,6405372,361,7165519,0,0,778,4305982,852,6540456,186,3389925,12,251576,0,0,0,0,0,0,0,0,0,0,0,0,0,0,0,0,0,0,0,0,0,0,0,0,0,0,0,0,0,0,0,0,0,0,0,0,0,0,0,0,0,0,865,8428607,0,0,865,8428607,0,0,12308,15307756,14913900,84519012,12308,99096756,7356,1703,1099,842,659,649,1828,82668599,1828,4878167,865,24233216,865,511288,778,4305982,0,0,0,0,0,0,185,1753350,0,0,0,0,963,6059332,865,8428607,634467934,290956,151044096,144568320,0,35295,4096,0,0,151044096,144568320,,,,290956,634467934,290956,634467934,8398,15983884,6630,6801,1828,14487939,865,8428607,PASS,1828,14487939,[],4723108750,919817500
139,acknowledgement before verifier,performance-result.json#records/138,a6c274e250e0f5a07d33fc3226bcd7b3bfef392b,afb6ad06949661b741b50ae2ce65c93155982134,7af60c68f1116135c53fad8dadbacd2867f08582a8b94b16c538f938082bb3ab,58bc8ecddbbc26d3292b960cb5ffffc9afb03574cdeb0ae5a4ce4627eab28a5a,1223e97069dfbeb31d5395126aa6913587999a851fc0063c57da81c4df9d9684f4,121a4b29a5aa70716efff2cfdb8bceb207c466f37aa176d1440f713eda179d93c4,True,null,0,1484,1827,0,0,0,0,0,2968,15214771,159,6960,2933848,243,6604,0,84,2844,40,0,1694,12602126,339,2373669,1355,10228457,0,0,0,0,94,454666,0,0,12,21226,0,0,1588,12126234,0,0,162,2301082,1694,12602126,72,842098,94,454666,0,0,12,21226,0,0,233,1897777,0,0,0,0,0,0,1355,10228457,0,0,2,104,8,1217,407,193985,255,649457,784,7048909,238,4708454,0,0,106,475892,1408,8777227,176,3262060,4,86947,0,0,0,0,0,0,0,0,0,0,0,0,0,0,0,0,0,0,0,0,0,0,0,0,0,0,0,0,0,0,0,0,0,0,0,0,0,0,0,0,0,0,1355,10228457,0,0,1355,10228457,0,0,13318,13269193,12843017,57653504,13318,97695320,7743,2094,1198,938,711,634,1694,77093081,1694,4742175,1355,45383625,1355,1386106,106,475892,0,0,0,0,0,0,233,1897777,0,0,0,0,339,2373669,1355,10228457,648252634,297560,151044096,147931136,0,36116,4096,0,0,151044096,147931136,,,,297560,648252634,297560,648252634,6604,13784700,6802,6960,1694,12602126,1355,10228457,PASS,1694,12602126,[],2667886042,573597416
140,acknowledgement before verifier,performance-result.json#records/139,6770f76fdaf93c5745e5f5581546eab49a11667d,9bb5aeb47bda71a02f5b5342ce8c7d07abe7440d,618f8bffa0507459fe9f5e66d0ef6c7ca2eb4254271c789fc696b891aa3bf0b2,85d0933949007595e4a71dc8667a0748b459e8e4b67dc28d211e4f6ac670d52e,121a4b29a5aa70716efff2cfdb8bceb207c466f37aa176d1440f713eda179d93c4,12fa3d68cc7551a69d3b3eae05ae1e5ec0433401ad2ef600ac6fd553696e46d600,True,null,0,504,844,0,0,0,0,0,1008,10330130,83,7043,1148991,150,2702,0,26,982,0,0,722,7926057,154,1226184,568,6699873,0,0,0,0,88,382551,0,0,4,18532,0,0,630,7524974,0,0,205,2665590,722,7926057,8,122169,88,382551,0,0,4,18532,0,0,62,825101,0,0,0,0,0,0,568,6699873,0,0,1,47,13,2160,86,50453,85,227368,294,2722407,243,4923622,0,0,92,401083,426,3578774,202,3901270,2,44930,0,0,0,0,0,0,0,0,0,0,0,0,0,0,0,0,0,0,0,0,0,0,0,0,0,0,0,0,0,0,0,0,0,0,0,0,0,0,0,0,0,0,568,6699873,0,0,568,6699873,0,0,5418,7028614,6855238,36333221,5418,49788438,3213,739,506,415,303,242,722,39628204,722,2421305,568,13670346,568,168237,92,401083,0,0,0,0,0,0,62,825101,0,0,0,0,154,1226184,568,6699873,657099951,300262,151044096,149327872,0,36457,4096,0,0,151044096,149327872,,,,300262,657099951,300262,657099951,2702,8847317,6961,7043,722,7926057,568,6699873,PASS,722,7926057,[],1577641708,338486333
141,acknowledgement before verifier,performance-result.json#records/140,5a5e1b73733546a5880e1564bce60a43ac0e06b6,f9f675c61e05fb7b4b9e0741a443c4a852b6c56b,ac36de82ab04ad941a3641ce10c4b2c5e8a6cd292b34cae7d441d9d9960fc49e,b0efe339181db8a1f2a74b89390ab2eb777dc63545038e2b9a0121c64edb4c0d,12fa3d68cc7551a69d3b3eae05ae1e5ec0433401ad2ef600ac6fd553696e46d600,120b0368e8cccc51a1c00750d21068d57d123d52e498f2fdfb590328deb3fad55c,True,null,0,588,880,0,0,0,0,0,1176,9173146,78,7121,1125138,144,2916,0,66,1094,16,0,751,6787754,177,1308088,574,5479666,0,0,0,0,71,301264,0,0,10,19171,0,0,670,6467319,0,0,158,2216424,751,6787754,43,470279,71,301264,0,0,10,19171,0,0,96,987653,0,0,0,0,0,0,574,5479666,0,0,5,208,12,1874,105,60621,145,330238,305,2793268,179,3601545,0,0,81,320435,548,4180572,118,2207171,4,79576,0,0,0,0,0,0,0,0,0,0,0,0,0,0,0,0,0,0,0,0,0,0,0,0,0,0,0,0,0,0,0,0,0,0,0,0,0,0,0,0,0,0,574,5479666,0,0,574,5479666,0,0,3528,5112852,4999956,30244923,3528,37014561,2110,435,367,282,157,177,751,36462243,751,2127913,574,14042151,574,224374,81,320435,0,0,0,0,0,0,96,987653,0,0,0,0,177,1308088,574,5479666,664792646,303178,151044096,150679552,0,36787,4096,0,0,151044096,150679552,,,,303178,664792646,303178,664792646,2916,7692695,7044,7121,751,6787754,574,5479666,PASS,751,6787754,[],1613786833,335556000
142,acknowledgement before verifier,performance-result.json#records/141,266440c5a782a094087385278ec759d4cf834035,5fcbf5d645826b63ca829b90abb4abf858c6806d,4a14e7837b1726c5d4c6e61eb4160641ddd88ac54a71718cf23623a59025c19d,7cfe8957426d5a1e0c9724e4efd9b24fb603d88aa7a15acf7577b7dc53e29a59,120b0368e8cccc51a1c00750d21068d57d123d52e498f2fdfb590328deb3fad55c,12f7927e328015f5d3944da59875752025820768fb844a24fec4b7039285804c50,True,null,0,382,637,0,0,0,0,0,764,7486146,74,7195,1464797,139,3017,0,32,720,12,0,739,6175411,343,2049546,396,4125865,0,0,0,0,273,1222544,0,0,10,60329,0,0,456,4892538,0,0,148,2190396,739,6175411,25,345159,273,1222544,0,0,10,60329,0,0,59,765926,0,0,1,747,0,0,396,4125865,0,0,0,0,18,3112,98,57494,182,399599,287,2638196,154,3077010,0,0,283,1282873,340,2698727,110,2069062,6,124749,0,0,0,0,0,0,0,0,0,0,0,0,0,0,0,0,0,0,0,0,0,0,0,0,0,0,0,0,0,0,0,0,0,0,0,0,0,0,0,0,0,0,397,4126612,0,0,397,4126612,0,0,2502,3755604,3675540,23017999,2502,28125355,1522,271,255,200,149,105,739,33807419,739,1904329,397,10336289,397,178291,283,1282873,0,0,0,0,0,0,59,765926,0,0,1,747,343,2049546,396,4125865,671933614,306195,167821312,152399872,0,37207,4096,0,0,167821312,152399872,,,,306195,671933614,306195,671933614,3017,7140968,7122,7195,739,6175411,396,4125865,PASS,739,6175411,[],1467369959,309343667
143,acknowledgement before verifier,performance-result.json#records/142,4b48b2b43995578bf86289aedd2ef54ae75288e6,b9ff8adb60c9752982900c4a4891dd32fb9f4cfc,49b54272fd850f5e90f7961d7c1b044479e42feb8bcc3e3296173c9f73e6628d,bbb26f1424e691fc65be9b34318aa4039b86bb8f90601bbe22208f3a5059ad97,12f7927e328015f5d3944da59875752025820768fb844a24fec4b7039285804c50,129e05c6240862b258ae8a57d740c156f90654d954a06e00c9d6e149894aaeefb1,True,null,0,536,835,0,0,0,0,0,1072,9181113,61,7256,842943,118,1890,0,286,786,0,0,518,5729765,77,923389,441,4806376,0,0,0,0,6,32176,0,0,2,2333,0,0,510,5695256,0,0,317,3372461,518,5729765,6,111063,6,32176,0,0,2,2333,0,0,69,888880,0,0,0,0,0,0,441,4806376,0,0,0,0,0,0,50,28238,103,252133,182,1719314,183,3730080,0,0,8,34509,352,2604579,154,2993317,4,97360,0,0,0,0,0,0,0,0,0,0,0,0,0,0,0,0,0,0,0,0,0,0,0,0,0,0,0,0,0,0,0,0,0,0,0,0,0,0,0,0,0,0,441,4806376,0,0,441,4806376,0,0,3252,4580287,4476223,30184694,3252,31135021,1953,431,290,220,209,149,518,27671620,518,1622937,441,9924297,441,118610,8,34509,0,0,0,0,0,0,69,888880,0,0,0,0,77,923389,441,4806376,678476551,308085,167821312,153378816,0,37446,4096,0,0,167821312,153378816,,,,308085,678476551,308085,678476551,1890,6542937,7196,7256,518,5729765,441,4806376,PASS,518,5729765,[],1446446833,308752291
144,acknowledgement before verifier,performance-result.json#records/143,837cc95245e8626afb1feeae02a8d2135ca2e883,f57053f4cf53c39a47ab39ed08b4b34ccbd6c9fc,ab365019c58904eec358c25648d502c7e645ac0ad962ca898de3f166bcaddea5,77bfcff74e3ae8e6937d42dd9bbe173203c41afccc4df38b917e38ae36459b04,129e05c6240862b258ae8a57d740c156f90654d954a06e00c9d6e149894aaeefb1,12d7f6d9b17c0154fdc7464ec2e46a766c978d87e5b1df71c092f920ae217aeea4,True,null,0,1131,1453,0,0,0,0,0,2262,12268233,120,7376,1933834,205,5268,0,222,2040,0,0,1338,10037567,313,2395142,1025,7642425,0,0,0,0,151,753734,0,0,4,31782,0,0,1183,9252051,0,0,306,3106132,1338,10037567,12,167886,151,753734,0,0,4,31782,0,0,158,1609626,0,0,0,0,0,0,1025,7642425,0,0,0,0,8,1411,205,110558,427,924750,443,3936891,255,5063957,0,0,155,785516,1035,6632860,140,2468516,8,150675,0,0,0,0,0,0,0,0,0,0,0,0,0,0,0,0,0,0,0,0,0,0,0,0,0,0,0,0,0,0,0,0,0,0,0,0,0,0,0,0,0,0,1025,7642425,0,0,1025,7642425,0,0,5554,6978417,6800689,40010170,5554,47422672,3421,600,520,402,347,264,1338,58487434,1338,3503027,1025,22125815,1025,349465,155,785516,0,0,0,0,0,0,158,1609626,0,0,0,0,313,2395142,1025,7642425,689707828,313353,167821312,155701248,0,38013,4096,0,0,167821312,155701248,,,,313353,689707828,313353,689707828,5268,11231277,7257,7376,1338,10037567,1025,7642425,PASS,1338,10037567,[],2201700875,480420625
145,acknowledgement before verifier,performance-result.json#records/144,5f135ea9778ee617290fc567eae415e4a0bbee00,9cc89dd4f5de4719fbeb53a611d849f3d0c04236,04257c2ad236b9b6be0cde87635e4a92490ca058d69c502c5c5fff9ebe863002,4576268e2ad45a4b69fbc195a41c61fab964349a1cc825b2adc87a1de1098f8b,12d7f6d9b17c0154fdc7464ec2e46a766c978d87e5b1df71c092f920ae217aeea4,12769a72904c084dd8a93ae3c5ce83ece49a4604f688772738c9e9b5e71635627b,True,null,0,1113,1586,0,0,0,0,0,2226,15478279,137,7513,1922009,215,5348,0,148,2044,34,0,1408,12281512,339,2584148,1069,9697364,0,0,0,0,159,788671,0,0,9,66949,0,0,1240,11425892,0,0,276,3239136,1408,12281512,71,756876,159,788671,0,0,9,66949,0,0,171,1728528,0,0,0,0,0,0,1069,9697364,0,0,1,47,8,1445,143,82356,425,918722,502,4642774,329,6636168,0,0,168,855620,998,6987054,234,4271013,8,167825,0,0,0,0,0,0,0,0,0,0,0,0,0,0,0,0,0,0,0,0,0,0,0,0,0,0,0,0,0,0,0,0,0,0,0,0,0,0,0,0,0,0,1069,9697364,0,0,1069,9697364,0,0,6997,8406092,8182188,48442635,6997,55776708,4364,660,649,587,407,330,1408,66767487,1408,3915230,1069,25404890,1069,423210,168,855620,0,0,0,0,0,0,171,1728528,0,0,0,0,339,2584148,1069,9697364,703150757,318701,167821312,157999104,0,38574,4096,0,0,167821312,157999104,,,,318701,703150757,318701,703150757,5348,13442929,7377,7513,1408,12281512,1069,9697364,PASS,1408,12281512,[],2002241042,503350416
146,acknowledgement before verifier,performance-result.json#records/145,6c63e708b855eef1cc5a3c274876b055f961a475,c4083b7687120da31e3a7c907dcc5f18721269a3,3f21c9477000519e8bfa3f147922c7d54121db9bcd2f5ee198f5ee2a8f9c045d,a6970d606d1c5274eef6b6eacc17917354a88f15ec49a1fb2abb66b88ad56dbf,12769a72904c084dd8a93ae3c5ce83ece49a4604f688772738c9e9b5e71635627b,12950ac24b5c5e09973668a16e77675ac04fae8e3a6e7435c116885906d4ca9e77,True,null,0,410,751,0,0,0,0,0,820,9528420,52,7565,773251,104,1431,0,234,552,34,0,383,4699236,62,732665,321,3966571,0,0,0,0,3,7089,0,0,1,500,0,0,379,4691647,0,0,310,4166569,383,4699236,61,669704,3,7089,0,0,1,500,0,0,58,725076,0,0,0,0,0,0,321,3966571,0,0,0,0,0,0,24,12833,35,100674,176,1627680,148,2958049,0,0,4,7589,265,2484765,112,2166083,2,40799,0,0,0,0,0,0,0,0,0,0,0,0,0,0,0,0,0,0,0,0,0,0,0,0,0,0,0,0,0,0,0,0,0,0,0,0,0,0,0,0,0,0,321,3966571,0,0,321,3966571,0,0,8737,8526136,8246552,42953188,8737,68421481,5174,1220,804,642,502,395,383,22677413,383,1346379,321,7361836,321,67462,4,7589,0,0,0,0,0,0,58,725076,0,0,0,0,62,732665,321,3966571,708643915,320132,167821312,158875648,0,38788,4096,0,0,167821312,158875648,,,,320132,708643915,320132,708643915,1431,5493158,7514,7565,383,4699236,321,3966571,PASS,383,4699236,[],1552195333,286456250
147,acknowledgement before verifier,performance-result.json#records/146,ac640398436c204df1cf4ad33f0ead1ff6d542ad,c410b5b1c52492de845b7619f1ba85d18067f6b3,0ecfcb02c029d041ab3eed3821b791baf7c1130e7ef2a885c3b57008a92513b2,1b3739990e2fdc5993595dacc1d80f30353fe05a3fc5d6d6bb43041ca1baf084,12950ac24b5c5e09973668a16e77675ac04fae8e3a6e7435c116885906d4ca9e77,124f33015838ba4009bddf104778f91a7cc382a3747286ee65b1f0295c2f146cb6,True,null,0,695,1085,0,0,0,0,0,1390,12162489,49,7614,1034878,112,1810,0,680,676,34,0,449,3878703,128,1210003,321,2668700,0,0,0,0,59,558556,0,0,4,87946,0,0,386,3232201,0,0,649,8159440,449,3878703,66,741764,59,558556,0,0,4,87946,0,0,65,563501,0,0,0,0,0,0,321,2668700,0,0,0,0,1,236,106,60271,67,188600,174,1505506,101,2124090,0,0,63,646502,340,2398619,45,808071,1,25511,0,0,0,0,0,0,0,0,0,0,0,0,0,0,0,0,0,0,0,0,0,0,0,0,0,0,0,0,0,0,0,0,0,0,0,0,0,0,0,0,0,0,321,2668700,0,0,321,2668700,0,0,6056,7987497,7793705,44045975,6056,51148649,3696,698,557,461,359,285,449,22430838,449,1411282,321,7666873,321,135496,63,646502,0,0,0,0,0,0,65,563501,0,0,0,0,128,1210003,321,2668700,713372552,321942,167821312,160038912,0,39072,4096,0,0,167821312,160038912,,,,321942,713372552,321942,713372552,1810,4728637,7566,7614,449,3878703,321,2668700,PASS,449,3878703,[],1713879833,348403625
148,acknowledgement before verifier,performance-result.json#records/147,01141e619a1d44b1c9a39bc1107b4a7fd9333e3d,3e72dcfbd76844ca09151af5529b0d5c3ae4e8b2,035c78a2be1ab4b4b47ffd11f16b077b1071a485432e8cf33a943b4587b4e895,4bc228380264c537e7a3edf316a637c2a72945ceb8d87b5e9ece7eb14ca622fa,124f33015838ba4009bddf104778f91a7cc382a3747286ee65b1f0295c2f146cb6,12ef45b476066a4caf7d1e3edb0b6ddc6222c3f17b1c417c02c5d6db59fff5b827,True,null,0,147,292,0,0,0,0,0,294,3831051,33,7647,908445,86,966,0,14,280,0,0,262,2986686,105,1147069,157,1839617,0,0,0,0,70,818206,0,0,4,8637,0,0,188,2159843,0,0,100,1628118,262,2986686,4,68203,70,818206,0,0,4,8637,0,0,31,320226,0,0,0,0,0,0,157,1839617,0,0,0,0,1,176,42,23778,31,77357,91,855270,97,2030105,0,0,74,826843,132,1065731,51,980500,5,113612,0,0,0,0,0,0,0,0,0,0,0,0,0,0,0,0,0,0,0,0,0,0,0,0,0,0,0,0,0,0,0,0,0,0,0,0,0,0,0,0,0,0,157,1839617,0,0,157,1839617,0,0,1436,2287978,2242026,13462262,1436,16739339,892,167,110,103,80,84,262,15851916,262,1001019,157,4967620,157,103972,74,826843,0,0,0,0,0,0,31,320226,0,0,0,0,105,1147069,157,1839617,717026414,322908,167821312,161009664,0,39309,4096,0,0,167821312,161009664,,,,322908,717026414,322908,717026414,966,3653862,7615,7647,262,2986686,157,1839617,PASS,262,2986686,[],1089504959,211222208
149,acknowledgement before verifier,performance-result.json#records/148,6e5ed52aedd57cb18f5e2851f3cc8d0e8d7143d2,a24f5ce2eefeba4b77e7359173d38a4670858497,9fa5338b528fd06501bf5e9a500af61913a7179ef040a9626b3ad3a0ce9257b3,70a147d99b575345cf8ed32636665815bbce38efc4e88c27ede6a037490f18f3,12ef45b476066a4caf7d1e3edb0b6ddc6222c3f17b1c417c02c5d6db59fff5b827,123d02ce3d99b9fcd3247dfe984ffa54d748f75bd2df3da555a3bd02275b96dddb,True,null,0,90,202,0,0,0,0,0,180,2791721,12,7659,344415,46,417,0,82,98,0,0,78,700643,25,167013,53,533630,0,0,0,0,14,64785,0,0,1,1433,0,0,63,634425,0,0,147,2168850,78,700643,4,68203,14,64785,0,0,1,1433,0,0,10,100795,0,0,0,0,0,0,53,533630,0,0,1,63,1,137,12,6973,15,36729,30,261867,19,394874,0,0,15,66218,50,361912,12,240315,1,32198,0,0,0,0,0,0,0,0,0,0,0,0,0,0,0,0,0,0,0,0,0,0,0,0,0,0,0,0,0,0,0,0,0,0,0,0,0,0,0,0,0,0,53,533630,0,0,53,533630,0,0,816,1482600,1456488,9197235,816,10386859,508,93,60,58,56,41,78,3628163,78,194154,53,1240831,53,15768,15,66218,0,0,0,0,0,0,10,100795,0,0,0,0,25,167013,53,533630,718239749,323325,167821312,161386496,0,39401,4096,0,0,167821312,161386496,,,,323325,718239749,323325,718239749,417,1213335,7648,7659,78,700643,53,533630,PASS,78,700643,[],943079709,147629833
150,acknowledgement before verifier,performance-result.json#records/149,51c65c790df97afdc8597d8e76dbe89609f16320,e76f3b4b6635d56971693b11452d36802364437a,7b0a8f3af7763321942ad61c5e962b37c3b0464b6d2f8b6345456b48331c0cda,0434e66aed758f729884d6d598bb12b4b6628a620dfbde45a097670d71f78492,123d02ce3d99b9fcd3247dfe984ffa54d748f75bd2df3da555a3bd02275b96dddb,12628e30c4c9ff8a401430286e831e51a3555957e40c24ae31daf95be60bd27a9b,True,null,0,2189,2734,0,0,0,0,0,4378,21905504,216,7875,2798968,315,9875,0,290,4000,88,0,2440,18437744,483,3542242,1957,14895502,0,0,0,0,137,749549,0,0,12,41927,0,0,2291,17646268,0,0,398,4232303,2440,18437744,97,801214,137,749549,0,0,12,41927,0,0,334,2750766,0,0,0,0,0,0,1957,14895502,0,0,0,0,60,10673,541,294543,474,1067084,931,8460372,434,8605072,0,0,149,791476,1948,11246905,334,6181179,9,218184,0,0,0,0,0,0,0,0,0,0,0,0,0,0,0,0,0,0,0,0,0,0,0,0,0,0,0,0,0,0,0,0,0,0,0,0,0,0,0,0,0,0,1957,14895502,0,0,1957,14895502,0,0,10296,12918872,12589400,69431655,10296,85774482,6338,1107,978,754,624,495,2440,107231053,2440,6340593,1957,41308380,1957,581919,149,791476,0,0,0,0,0,0,334,2750766,0,0,0,0,483,3542242,1957,14895502,738211198,333200,167821312,164868096,0,40251,4096,0,0,167821312,164868096,,,,333200,738211198,333200,738211198,9875,19971449,7660,7875,2440,18437744,1957,14895502,PASS,2440,18437744,[],3262150791,778370875
151,acknowledgement before verifier,performance-result.json#records/150,731f1268d13ed89fccb1e8841a42f3808858134d,9ab3f52902b3b60e1f229f753087d632a2f29ca3,c4c11b0cc3f5164cfee32423f7cb904f61bae256e2f8564a595514f6201c2bed,6af877c30d4e6225bcc7c66c77087f508ea890b2d2e9ef4c59291b2456fc7360,12628e30c4c9ff8a401430286e831e51a3555957e40c24ae31daf95be60bd27a9b,12aa0472b1edf9d922fc0acf6ab6dd44ab33b3ba0deebaa152d6949bead94b8d57,True,null,0,669,884,0,0,0,0,0,1338,7449550,71,7946,1174264,130,3150,0,70,1266,2,0,805,5789697,233,1480708,572,4308989,0,0,0,0,79,556004,0,0,4,7880,0,0,722,5225813,0,0,154,2174332,805,5789697,7,64072,79,556004,0,0,4,7880,0,0,150,916824,0,0,0,0,0,0,572,4308989,0,0,0,0,2,461,136,79477,282,562665,240,2221139,145,2925955,0,0,83,563884,618,3292466,99,1834338,5,99009,0,0,0,0,0,0,0,0,0,0,0,0,0,0,0,0,0,0,0,0,0,0,0,0,0,0,0,0,0,0,0,0,0,0,0,0,0,0,0,0,0,0,572,4308989,0,0,572,4308989,0,0,7065,6170424,5944344,32747156,7065,48494802,4632,549,513,442,481,448,805,33876507,805,1903305,572,12508865,572,193333,83,563884,0,0,0,0,0,0,150,916824,0,0,0,0,233,1480708,572,4308989,744931576,336350,167821312,166281216,0,40596,4096,0,0,167821312,166281216,,,,336350,744931576,336350,744931576,3150,6720378,7876,7946,805,5789697,572,4308989,PASS,805,5789697,[],1688054250,349181167
152,acknowledgement before verifier,performance-result.json#records/151,97fe39920ad466b41b8112fa548fba4afca39ec5,03e1783b79c68ca78889ad7fe4f94f6d20d16d75,3c7e2c8d0b1985eae0d7fa1b9d574a2a2378d31d56ee6fcfa6aa867e113ece46,8d90deb8a44ce0ecf2fc68fe096109bce1cdb61bc813edd7fd6120344c372b25,12aa0472b1edf9d922fc0acf6ab6dd44ab33b3ba0deebaa152d6949bead94b8d57,12dd51ce68e2772b4bbefaeacf6857a07dffdefe654f868e92db92d60600c809e5,True,null,0,947,1228,0,0,0,0,0,1894,10406872,66,8012,1103521,127,3070,0,650,1242,2,0,764,5164027,188,1212976,576,3951051,0,0,0,0,50,212077,0,0,9,40878,0,0,705,4911072,0,0,548,5657890,764,5164027,6,64214,50,212077,0,0,9,40878,0,0,128,958943,0,0,1,1078,0,0,576,3951051,0,0,0,0,4,591,90,57515,333,633366,205,1851934,132,2620621,0,0,59,252955,610,3088141,93,1786894,2,36037,0,0,0,0,0,0,0,0,0,0,0,0,0,0,0,0,0,0,0,0,0,0,0,0,0,0,0,0,0,0,0,0,0,0,0,0,0,0,0,0,0,0,577,3952129,0,0,577,3952129,0,0,5276,6118712,5949880,35490265,5276,45118804,3247,663,397,372,282,315,764,30190671,764,1671769,577,10970173,577,127628,59,252955,0,0,0,0,0,0,128,958943,0,0,1,1078,188,1212976,576,3951051,751058674,339420,167821312,167575552,0,40912,4096,0,0,167821312,167575552,,,,339420,751058674,339420,751058674,3070,6127098,7947,8012,764,5164027,576,3951051,PASS,764,5164027,[],1993963250,389060459
153,acknowledgement before verifier,performance-result.json#records/152,b25d4faaaa5457a7e2bf5163c6f3a6c2e7c6b5aa,35889c0ff2ed624a2c16cec0e85d9e90fd20fa65,2f3f4429ed15c13e2bbc5ff18aa26e5da5d29f0a8ddd4721cd14126d3043ae65,56857f1bfbfa9b465bce486f1def9eba658434f6a04f9f30c77928dd677c098a,12dd51ce68e2772b4bbefaeacf6857a07dffdefe654f868e92db92d60600c809e5,129e0789cd606e290611d64351b22e003578810b836230ad8b135fd7dc3b76de95,True,null,0,1753,2269,0,0,0,0,0,3506,19903657,316,8328,6396254,456,14492,0,206,3284,16,0,3635,24381642,2028,10971554,1607,13410088,0,0,0,0,1719,8178842,0,0,23,288271,0,0,1893,15914529,0,0,395,4019208,3635,24381642,17,119870,1719,8178842,0,0,23,288271,0,0,286,2504441,0,0,0,0,0,0,1607,13410088,0,0,0,0,25,4769,847,470285,730,1847590,1565,12817437,468,9241561,0,0,1742,8467113,1585,10255681,298,5421786,10,237062,0,0,0,0,0,0,0,0,0,0,0,0,0,0,0,0,0,0,0,0,0,0,0,0,0,0,0,0,0,0,0,0,0,0,0,0,0,0,0,0,0,0,1607,13410088,0,0,1607,13410088,0,0,12851,15193121,14781889,76528183,12851,117724914,7516,1996,1104,877,774,584,3635,153453077,3635,9358712,1607,34849081,1607,480398,1742,8467113,0,0,0,0,0,0,286,2504441,0,0,0,0,2028,10971554,1607,13410088,777471877,353912,184598528,175067136,0,42741,4096,0,0,184598528,175067136,,,,353912,777471877,353912,777471877,14492,26413203,8013,8328,3635,24381642,1607,13410088,PASS,3635,24381642,[],4626465709,942088042
154,acknowledgement before verifier,performance-result.json#records/153,5c8e1b53de2b203d953330d7c379ed22f0c7484c,4c86596dce8a58de1d120b862c47159f02558b9b,72ba2fc08b56754c92a40767ba8be8a25956b515c00ab7178de0a1510fb9e25d,3bf8bf945489065a7e3be91029d6ed00376d38d869dd91266f79f80fb1ad9d5e,129e0789cd606e290611d64351b22e003578810b836230ad8b135fd7dc3b76de95,121ba1be514b4d8f37c7d0684e888a0fb3e228bf0242a2e9f62b6088474bfcd21f,True,null,0,305,575,0,0,0,0,0,610,7478454,53,8381,1001854,116,1829,0,46,546,18,0,452,4681692,135,997566,317,3684126,0,0,0,0,85,342868,0,0,5,43581,0,0,362,4295243,0,0,169,2647278,452,4681692,39,492352,85,342868,0,0,5,43581,0,0,44,611068,0,0,1,49,0,0,317,3684126,0,0,1,49,1,249,73,38828,61,161253,185,1824827,131,2656486,0,0,90,386449,245,2091975,116,2172632,1,30636,0,0,0,0,0,0,0,0,0,0,0,0,0,0,0,0,0,0,0,0,0,0,0,0,0,0,0,0,0,0,0,0,0,0,0,0,0,0,0,0,0,0,318,3684175,0,0,318,3684175,0,0,4973,5466776,5307640,29202597,4973,41242890,2975,693,407,365,294,239,452,24546242,452,1483046,318,9601545,318,205072,90,386449,0,0,0,0,0,0,44,611068,0,0,1,49,135,997566,317,3684126,783004279,355741,184598528,176238592,0,43027,4096,0,0,184598528,176238592,,,,355741,783004279,355741,783004279,1829,5532402,8329,8381,452,4681692,317,3684126,PASS,452,4681692,[],1481752375,291636875
155,acknowledgement before verifier,performance-result.json#records/154,eb17028720b98ddd4212a2c7b57600903200e0ff,b8d0518d78bfc40438bf070b4ae1d28f04c3c0ab,9380dea5834112be66356a9915928d1b8b389aac780e729f17df3d63cfaeb67e,9fc141f948c6ae5737c60d4ae8bf15dfeeb0e68665fc2ff35596137352933d0f,121ba1be514b4d8f37c7d0684e888a0fb3e228bf0242a2e9f62b6088474bfcd21f,12ef1efad4c246ca45b7dc5cc31263536ce39b50add24e4feef559ba9281c42607,True,null,0,3593,4255,0,0,0,0,0,7186,31281233,22,8403,1136666,94,2371,0,7040,100,46,0,107,1019562,53,404268,54,615294,0,0,0,0,42,259348,0,0,0,0,0,0,65,760214,0,0,6920,42952154,107,1019562,125,385395,42,259348,0,0,0,0,0,0,11,144920,0,0,0,0,0,0,54,615294,0,0,0,0,0,0,19,9933,16,39661,39,325819,33,644149,0,0,42,259348,49,451685,15,282957,1,25572,0,0,0,0,0,0,0,0,0,0,0,0,0,0,0,0,0,0,0,0,0,0,0,0,0,0,0,0,0,0,0,0,0,0,0,0,0,0,0,0,0,0,54,615294,0,0,54,615294,0,0,23260,27520566,26776246,134384503,23260,175980326,12901,4419,2185,1515,1274,966,107,5481252,107,334736,54,2433252,54,82579,42,259348,0,0,0,0,0,0,11,144920,0,0,0,0,53,404268,54,615294,785132005,358112,184598528,177524736,0,43341,4096,0,0,184598528,177524736,,,,358112,785132005,358112,785132005,2371,2127726,8382,8403,107,1019562,54,615294,PASS,107,1019562,[],7284399250,1263525000
156,acknowledgement before verifier,performance-result.json#records/155,ea222a1f729f15efb1cbd210b40c535a9111b7d7,655fb08266de8486cbaffcf5edc6a21dd3b4abfe,42fddb5bde3bd6e5879586519cc364443623dc0072173550f68f105947e77d0c,4b0fde24f95265999aa5ecc990e0dddf3e4529f340cd7c952025c7e04148cd1f,12ef1efad4c246ca45b7dc5cc31263536ce39b50add24e4feef559ba9281c42607,12f16f0464eb1b2dff0a16929640ecb1dcf5c9a5a3ddac7a7d2fc0dee9fa84c2bb,True,null,0,3111,3795,0,0,0,0,0,6222,31824741,29,8432,952149,100,2336,0,5996,226,0,0,150,1937453,41,469407,109,1468046,0,0,0,0,13,100913,0,0,0,0,0,0,137,1836540,0,0,5496,38298122,150,1937453,106,846496,13,100913,0,0,0,0,0,0,28,368494,0,0,0,0,0,0,109,1468046,0,0,0,0,0,0,13,6314,10,22119,61,559057,66,1349963,0,0,13,100913,83,785401,50,960918,4,90221,0,0,0,0,0,0,0,0,0,0,0,0,0,0,0,0,0,0,0,0,0,0,0,0,0,0,0,0,0,0,0,0,0,0,0,0,0,0,0,0,0,0,109,1468046,0,0,109,1468046,0,0,26608,29600092,28748636,142151276,26608,200762759,15269,4258,2616,1890,1427,1148,150,9207378,150,532425,109,3399252,109,69339,13,100913,0,0,0,0,0,0,28,368494,0,0,0,0,41,469407,109,1468046,788201455,360448,184598528,178597888,0,43603,4096,0,0,184598528,178597888,,,,360448,788201455,360448,788201455,2336,3069450,8404,8432,150,1937453,109,1468046,PASS,150,1937453,[],5634708542,965959166
157,acknowledgement before verifier,performance-result.json#records/156,b0a7d2ce3b4c19d7452e364b2d7acbfa87e707ed,0175125b5dc4dd08965eb576b7c8aee28a73e0c3,10e705a338baa86a1656c4b462aa27e9a3f6381d74b4f0fd31bd82c80d295e3c,96360fa03b999e2726908f6e162bbba3a9e3bd3f52422e4402798447e9dd9626,12f16f0464eb1b2dff0a16929640ecb1dcf5c9a5a3ddac7a7d2fc0dee9fa84c2bb,12cd51d198b01bf6283a9d89b7c4bb810efedf0f5b2ac6de93b31e4260883b91c4,True,null,0,3763,4627,0,0,0,0,0,7526,37957345,112,8544,2680399,212,5699,0,5944,1504,78,0,1176,9833601,384,3034137,792,6799464,0,0,0,0,259,1559361,0,0,17,189954,0,0,900,8084286,0,0,6123,41644537,1176,9833601,92,615776,259,1559361,0,0,17,189954,0,0,108,1284822,0,0,0,0,0,0,792,6799464,0,0,0,0,3,654,153,93109,381,756950,364,3465712,275,5517176,0,0,276,1749315,727,4701593,163,3146616,10,236077,0,0,0,0,0,0,0,0,0,0,0,0,0,0,0,0,0,0,0,0,0,0,0,0,0,0,0,0,0,0,0,0,0,0,0,0,0,0,0,0,0,0,792,6799464,0,0,792,6799464,0,0,24961,31016773,30218021,151376822,24961,209638778,13904,4732,2245,1644,1373,1063,1176,54471210,1176,3184445,792,21771519,792,512211,276,1749315,0,0,0,0,0,0,108,1284822,0,0,0,0,384,3034137,792,6799464,799534513,366147,184598528,181710848,0,44363,4096,0,0,184598528,181710848,,,,366147,799534513,366147,799534513,5699,11333058,8433,8544,1176,9833601,792,6799464,PASS,1176,9833601,[],7109915334,1265879167
